2026-02-16 13:45:21,357 [      6]   INFO - #c.i.p.i.b.AppStarter - ------------------------------------------------------ IDE STARTED ------------------------------------------------------
2026-02-16 13:45:21,358 [      7]   INFO - #c.i.p.i.b.AppStarter - loading shell environment is turned off
2026-02-16 13:45:21,360 [      9]   INFO - #c.i.p.i.b.AppStarter - Will skip the config import to directory "/root/.config/idea" (exists = true). Current entries: "options", "ide.vmoptions".
2026-02-16 13:45:21,365 [     14]   INFO - #c.i.p.i.b.AppStarter - JNA library (64-bit) loaded in 7 ms
2026-02-16 13:45:21,369 [     18]   INFO - #c.i.p.i.b.AppStarter - IDE: Qodana for JVM (build #QDJVM-253.29648, Mon, 16 Feb 2026 13:45:21 GMT)
2026-02-16 13:45:21,369 [     18]   INFO - #c.i.p.i.b.AppStarter - OS: Linux (6.10.14-linuxkit)
2026-02-16 13:45:21,369 [     18]   INFO - #c.i.p.i.b.AppStarter - JRE: 21.0.9+10-b1163.88, aarch64 (JetBrains s.r.o.)
2026-02-16 13:45:21,369 [     18]   INFO - #c.i.p.i.b.AppStarter - JVM: 21.0.9+10-b1163.88 (OpenJDK 64-Bit Server VM)
2026-02-16 13:45:21,369 [     18]   INFO - #c.i.p.i.b.AppStarter - PID: 60
2026-02-16 13:45:21,369 [     18]   INFO - #c.i.p.i.b.AppStarter - desktop: null
2026-02-16 13:45:21,370 [     19]   INFO - #c.i.p.i.b.AppStarter - toolkit: sun.awt.HeadlessToolkit
2026-02-16 13:45:21,375 [     24]   INFO - #c.i.p.i.b.AppStarter - JVM options: [abort, vfprintf, -XX:ErrorFile=/root/java_error_in_idea_%p.log, -XX:HeapDumpPath=/root/java_error_in_idea.hprof, -Xms128m, -XX:JbrShrinkingGcMaxHeapFreeRatio=40, -XX:ReservedCodeCacheSize=512m, -XX:+HeapDumpOnOutOfMemoryError, -XX:-OmitStackTraceInFastThrow, -XX:CICompilerCount=2, -XX:+IgnoreUnrecognizedVMOptions, -XX:+UnlockDiagnosticVMOptions, -XX:TieredOldPercentage=100000, -ea, -Dsun.io.useCanonCaches=false, -Dsun.java2d.metal=true, -Djbr.catch.SIGABRT=true, -Djdk.http.auth.tunneling.disabledSchemes="", -Djdk.attach.allowAttachSelf=true, -Djdk.module.illegalAccess.silent=true, -Djdk.nio.maxCachedBufferSize=2097152, -Djava.util.zip.use.nio.for.zip.file.access=true, -Dkotlinx.coroutines.debug=off, -Djava.nio.file.spi.DefaultFileSystemProvider=com.intellij.platform.core.nio.fs.MultiRoutingFileSystemProvider, -Dintellij.plugins.custom.built.in.repository.url=https://buildserver.labs.intellij.net/guestAuth/repository/download/ijplatform_IjPlatform253_IdeaInstallersBuild/842819899:id/IU-plugins/plugins.xml,https://buildserver.labs.intellij.net/guestAuth/repository/download/ijplatform_IjPlatform253_IdeaInstallersBuild/842819899:id/IU-plugins/auto-uploading/plugins.xml, -Dsun.tools.attach.tmp.only=true, -Dawt.lock.fair=true, -Ddisabled.plugins.file.path=/opt/idea/disabled_plugins.txt, -Didea.config.path=/root/.config/idea, -Didea.headless.enable.statistics=true, -Didea.headless.statistics.device.id=200820300000000-5bdb-7ee4-9f5d-6bfcda02bf94, -Didea.headless.statistics.salt=36f620b84288008fdf0f2c8107a65bd8, -Didea.log.path=/data/results/log, -Didea.plugins.path=/data/cache/plugins/253, -Didea.system.path=/data/cache/idea/253, -Dplugin.path=/opt/idea/custom-plugins/dependencyAnalysis,/opt/idea/custom-plugins/devkit,/opt/idea/custom-plugins/hardcodedPasswords,/opt/idea/custom-plugins/jvm-dfa-analysis,/opt/idea/custom-plugins/uiDesigner, -Dqodana.automation.guid=12dc3efa-d9e7-430a-a99e-5c44603ae6f0, -Dqodana.coverage.input=/data/coverage, -XX:MaxRAMPercentage=70, -Xlog:gc*:/data/results/log/gc.log, -Djb.vmOptionsFile=/root/.config/idea/ide.vmoptions, -Djava.system.class.loader=com.intellij.util.lang.PathClassLoader, -Didea.vendor.name=JetBrains, -Didea.paths.selector=IntelliJIdea2025.3, -Djna.boot.library.path=/opt/idea/lib/jna/aarch64, -Djna.nosys=true, -Djna.noclasspath=true, -Dpty4j.preferred.native.folder=/opt/idea/lib/pty4j, -Dio.netty.allocator.type=pooled, -Dskiko.library.path=/opt/idea/lib/skiko-awt-runtime-all, -Dintellij.platform.runtime.repository.path=/opt/idea/modules/module-descriptors.dat, -Dsplash=true, -Daether.connector.resumeDownloads=false, -Dcompose.swing.render.on.graphics=true, --add-opens=java.base/java.io=ALL-UNNAMED, --add-opens=java.base/java.lang=ALL-UNNAMED, --add-opens=java.base/java.lang.ref=ALL-UNNAMED, --add-opens=java.base/java.lang.reflect=ALL-UNNAMED, --add-opens=java.base/java.net=ALL-UNNAMED, --add-opens=java.base/java.nio=ALL-UNNAMED, --add-opens=java.base/java.nio.charset=ALL-UNNAMED, --add-opens=java.base/java.text=ALL-UNNAMED, --add-opens=java.base/java.time=ALL-UNNAMED, --add-opens=java.base/java.util=ALL-UNNAMED, --add-opens=java.base/java.util.concurrent=ALL-UNNAMED, --add-opens=java.base/java.util.concurrent.atomic=ALL-UNNAMED, --add-opens=java.base/java.util.concurrent.locks=ALL-UNNAMED, --add-opens=java.base/jdk.internal.ref=ALL-UNNAMED, --add-opens=java.base/jdk.internal.vm=ALL-UNNAMED, --add-opens=java.base/sun.net.dns=ALL-UNNAMED, --add-opens=java.base/sun.nio=ALL-UNNAMED, --add-opens=java.base/sun.nio.ch=ALL-UNNAMED, --add-opens=java.base/sun.nio.fs=ALL-UNNAMED, --add-opens=java.base/sun.security.ssl=ALL-UNNAMED, --add-opens=java.base/sun.security.util=ALL-UNNAMED, --add-opens=java.desktop/com.sun.java.swing=ALL-UNNAMED, --add-opens=java.desktop/com.sun.java.swing.plaf.gtk=ALL-UNNAMED, --add-opens=java.desktop/java.awt=ALL-UNNAMED, --add-opens=java.desktop/java.awt.dnd.peer=ALL-UNNAMED, --add-opens=java.desktop/java.awt.event=ALL-UNNAMED, --add-opens=java.desktop/java.awt.font=ALL-UNNAMED, --add-opens=java.desktop/java.awt.image=ALL-UNNAMED, --add-opens=java.desktop/java.awt.peer=ALL-UNNAMED, --add-opens=java.desktop/javax.swing=ALL-UNNAMED, --add-opens=java.desktop/javax.swing.plaf.basic=ALL-UNNAMED, --add-opens=java.desktop/javax.swing.text=ALL-UNNAMED, --add-opens=java.desktop/javax.swing.text.html=ALL-UNNAMED, --add-opens=java.desktop/javax.swing.text.html.parser=ALL-UNNAMED, --add-opens=java.desktop/sun.awt=ALL-UNNAMED, --add-opens=java.desktop/sun.awt.X11=ALL-UNNAMED, --add-opens=java.desktop/sun.awt.datatransfer=ALL-UNNAMED, --add-opens=java.desktop/sun.awt.image=ALL-UNNAMED, --add-opens=java.desktop/sun.font=ALL-UNNAMED, --add-opens=java.desktop/sun.java2d=ALL-UNNAMED, --add-opens=java.desktop/sun.swing=ALL-UNNAMED, --add-opens=java.management/sun.management=ALL-UNNAMED, --add-opens=jdk.attach/sun.tools.attach=ALL-UNNAMED, --add-opens=jdk.compiler/com.sun.tools.javac.api=ALL-UNNAMED, --add-opens=jdk.internal.jvmstat/sun.jvmstat.monitor=ALL-UNNAMED, --add-opens=jdk.jdi/com.sun.tools.jdi=ALL-UNNAMED, -Dqodana.application=true, -Dintellij.platform.load.app.info.from.resources=true, -Dfus.internal.reduce.initial.delay=true, -Didea.headless.statistics.max.files.to.send=5000, -Djava.awt.headless=true, -Didea.qodana.thirdpartyplugins.accept=true, -Dide.warmup.use.predicates=false, -Dvcs.log.index.enable=false, -Didea.job.launcher.without.timeout=true, -Dscanning.in.smart.mode=false, -Deap.login.enabled=false, -Dsdk.download.consent=true, -Dide.activity.tracking.enable.debug=true, -Deslint.service.expiration.timeout.ms=5000, -Dphp.additional.library.manager.new.updater=true, -Dide.region.url.mapping.expiration.timeout=7200, -Dexternal.system.auto.import.headless.async=true, -Dmaven.default.headless.import=true, -Dide.do.not.check.ls.on.startup=true, -Dintellij.console.use.severe.log.level=true, -Dqodana.product.name=Qodana for JVM, -Dqodana.build.number=QDJVM-253.29648, -Dqodana.eap=false, -Dide.native.launcher=true]
2026-02-16 13:45:21,375 [     24]   INFO - #c.i.p.i.b.AppStarter - args: qodana --config-dir /tmp/qd-effective-config-1297146433 . /data/results
2026-02-16 13:45:21,375 [     24]   INFO - #c.i.p.i.b.AppStarter - library path: /usr/java/packages/lib:/usr/lib64:/lib64:/lib:/usr/lib
2026-02-16 13:45:21,375 [     24]   INFO - #c.i.p.i.b.AppStarter - boot library path: /opt/idea/jbr/lib
2026-02-16 13:45:21,377 [     26]   INFO - #c.i.p.i.b.AppStarter - locale=en_US JNU=UTF-8 file.encoding=UTF-8
    idea.home.path=/opt/idea
    idea.config.path=/root/.config/idea
    idea.system.path=/data/cache/idea/253
    idea.plugins.path=/data/cache/plugins/253 -> java.nio.file.NoSuchFileException: /data/cache/plugins/253
    idea.log.path=/data/results/log
2026-02-16 13:45:21,378 [     27]   INFO - #c.i.p.i.b.AppStarter - CPU cores: 8; ForkJoinPool.commonPool: java.util.concurrent.ForkJoinPool@316762ee[Running, parallelism = 8, size = 0, active = 0, running = 0, steals = 0, tasks = 0, submissions = 0]; factory: com.intellij.concurrency.IdeaForkJoinWorkerThreadFactory@2112f8a2
2026-02-16 13:45:21,732 [    381]   WARN - #c.i.i.p.PluginManager - Dist index is missing or corrupted; an OLD, DEPRECATED, SOON-TO-BE-UNSUPPORTED implementation will be used
2026-02-16 13:45:21,927 [    576]   INFO - #c.i.i.p.PluginManager - Ignoring cached broken plugins file from an earlier IDE build (IU-253.29648)
2026-02-16 13:45:21,951 [    600]   INFO - #c.i.i.p.PluginManager - Plugin set resolution:
Module intellij.textmate.frontend.split is not enabled because dependency intellij.platform.frontend.split is not available
Module intellij.json.frontend.split is not enabled because dependency intellij.platform.frontend.split is not available
Module intellij.yaml.frontend.split is not enabled because dependency intellij.platform.frontend.split is not available
Module intellij.sh.frontend.split is not enabled because dependency intellij.platform.frontend.split is not available
Module intellij.properties/copyright is not enabled because dependency com.intellij.copyright is not available
Module intellij.sh.python is not enabled because dependency com.intellij.modules.python is not available
Module intellij.sh.markdown is not enabled because dependency org.intellij.plugins.markdown is not available
Module intellij.sh.copyright is not enabled because dependency com.intellij.copyright is not available
Module intellij.sh.terminal is not enabled because dependency org.jetbrains.plugins.terminal is not available
Module intellij.yaml.helm is not enabled because dependency org.jetbrains.plugins.go-template is not available
Module intellij.editorconfig.frontend.split is not enabled because dependency intellij.platform.frontend.split is not available
Module intellij.platform.identifiers.highlighting.backend is not enabled because dependency com.jetbrains.codeWithMe is not available
Module intellij.css.watcher is not enabled because dependency com.intellij.plugins.watcher is not available
Module intellij.css.frontend.split is not enabled because dependency intellij.platform.frontend.split is not available
Module intellij.css.copyright is not enabled because dependency com.intellij.copyright is not available
Module intellij.less/copyright is not enabled because dependency intellij.css.copyright is not available
Module intellij.less/watcher is not enabled because dependency com.intellij.plugins.watcher is not available
Module intellij.sass.watcher is not enabled because dependency com.intellij.plugins.watcher is not available
Module intellij.sass.frontend.split is not enabled because dependency intellij.css.frontend.split is not available
Module intellij.sass.copyright is not enabled because dependency intellij.css.copyright is not available
Module intellij.platform.images.copyright is not enabled because dependency com.intellij.copyright is not available
Module intellij.javascript.debugger.webDeployment is not enabled because dependency com.jetbrains.plugins.webDeployment is not available
Module intellij.database.frontend.split is not enabled because dependency intellij.platform.frontend.split is not available
Module intellij.database.sql.copyright is not enabled because dependency com.intellij.copyright is not available
Module intellij.database.completionMlRanking is not enabled because dependency com.intellij.completion.ml.ranking is not available
Module intellij.database.docker is not enabled because dependency intellij.clouds.docker is not available
Module intellij.database.diagrams is not enabled because dependency com.intellij.diagram is not available
Module intellij.microservices.jvm.cron is not enabled because dependency com.intellij.cron is not available
Module intellij.microservices.jvm.yaml is not enabled because dependency intellij.microservices.jvm.cron is not available
Module intellij.java.terminal is not enabled because dependency org.jetbrains.plugins.terminal is not available
Module intellij.java.performancePlugin is not enabled because dependency intellij.performanceTesting.vcs is not available
Module intellij.java.featuresTrainer is not enabled because dependency training is not available
Module intellij.groovy/byte-code-viewer is not enabled because dependency ByteCodeViewer is not available
Module intellij.groovy/ant is not enabled because dependency AntSupport is not available
Module intellij.spring.boot.initializr/auto-testing is not enabled because dependency com.jetbrains.performancePlugin is not available
Module intellij.kotlin.devkit.k1 is not enabled because dependency com.intellij.modules.kotlin.k1 is not available
Module intellij.devkit.workspaceModel.k1 is not enabled because dependency com.intellij.modules.kotlin.k1 is not available
Module intellij.kotlin.performanceExtendedPlugin is not enabled because dependency intellij.performanceTesting.vcs is not available
Module intellij.kotlin.jvm.decompiler is not enabled because dependency org.jetbrains.java.decompiler is not available
Module intellij.kotlin.featuresTrainer is not enabled because dependency intellij.java.featuresTrainer is not available
Module intellij.kotlin.completion.ml is not enabled because dependency com.intellij.completion.ml.ranking is not available
Module intellij.kotlin.copyright is not enabled because dependency com.intellij.copyright is not available
Module kotlin-ultimate.profiler is not enabled because dependency com.intellij.LineProfiler is not available
Module intellij.ktor/swagger is not enabled because dependency com.intellij.swagger is not available
Module intellij.ktor/markdown is not enabled because dependency org.intellij.plugins.markdown is not available
Module intellij.android.gradle.dsl.declarative is not enabled because dependency com.android.tools.gradle.dcl is not available
Module intellij.toml.frontend.split is not enabled because dependency intellij.platform.frontend.split is not available
Module intellij.spring.graph is not enabled because dependency com.intellij.diagram is not available
Module intellij.javaee.cdi/diagram is not enabled because dependency com.intellij.diagram is not available
Module intellij.javaee.jax.rs/swagger is not enabled because dependency com.intellij.swagger is not available
Module intellij.webDeployment.transport is not enabled because dependency com.jetbrains.plugins.webDeployment is not available
Module intellij.spring.integration.core/diagram is not enabled because dependency intellij.spring.graph is not available
Module intellij.spring.boot.cron is not enabled because dependency intellij.microservices.jvm.cron is not available
Module intellij.spring.boot.cron.yaml is not enabled because dependency intellij.spring.boot.cron is not available
Module intellij.spring.boot.cron.properties is not enabled because dependency intellij.spring.boot.cron is not available
Module intellij.spring.boot.rewrite is not enabled because dependency com.intellij.openRewrite is not available
Module intellij.spring.boot.run.diagram is not enabled because dependency intellij.spring.graph is not available
Module intellij.httpClient.grpc is not enabled because dependency idea.plugin.protoeditor is not available
Module intellij.httpClient.injection.graphql is not enabled because dependency com.intellij.lang.jsgraphql is not available
Module intellij.spring.jsf is not enabled because dependency com.intellij.jsf is not available
Module intellij.javaee.jsp.base.impl/copyright is not enabled because dependency com.intellij.copyright is not available
Module intellij.javaee.jsp.base.impl/servers is not enabled because dependency com.intellij.javaee.app.servers.integration is not available
Module intellij.postcss/copyright is not enabled because dependency intellij.css.copyright is not available
Module intellij.spring.data.liquibase is not enabled because dependency com.intellij.liquibase is not available
Module intellij.javaee.persistence.diagram is not enabled because dependency com.intellij.diagram is not available
Module intellij.javaee.jpa.diagram is not enabled because dependency intellij.javaee.persistence.diagram is not available
Module intellij.grazie.markdown is not enabled because dependency org.intellij.plugins.markdown is not available
Module intellij.java.ide.customization/training is not enabled because dependency intellij.java.featuresTrainer is not available
Module kotlin-ultimate.native-debugger is not enabled because dependency intellij.cidr.runner is not available
Module kotlin-ultimate.ultimate-native is not enabled because dependency kotlin-ultimate.native-debugger is not available
Module intellij.vcs.git/terminal is not enabled because dependency org.jetbrains.plugins.terminal is not available
Module intellij.javascript.debugger.webstorm.specific is not enabled because dependency com.intellij.modules.webstorm is not available
Module intellij.aqua.runners.cypress is not enabled because dependency intellij.sh.terminal is not available
Module intellij.javascript.backend/diagrams is not enabled because dependency com.intellij.diagram is not available
Module intellij.qodana.jvm.swagger is not enabled because dependency com.intellij.swagger is not available
Module intellij.qodana.python.community is not enabled because dependency com.intellij.modules.python is not available
Module intellij.qodana.cpp is not enabled because dependency intellij.clion.radler.core is not available
Module intellij.qodana.python.coverage is not enabled because dependency intellij.python is not available
Module intellij.qodana.php is not enabled because dependency com.jetbrains.php is not available
Module intellij.qodana.go is not enabled because dependency intellij.go.coverage is not available
Module intellij.hardcodedPasswords.go is not enabled because dependency org.jetbrains.plugins.go is not available
Module intellij.hardcodedPasswords.python is not enabled because dependency com.intellij.modules.python is not available
Module intellij.hardcodedPasswords.php is not enabled because dependency com.jetbrains.php is not available
Module intellij.dependencyAnalysis.dotnet is not enabled because dependency intellij.rider is not available
Module intellij.dependencyAnalysis.go is not enabled because dependency org.jetbrains.plugins.go is not available
Module intellij.dependencyAnalysis.python is not enabled because dependency Pythonid is not available
Module intellij.dependencyAnalysis.php is not enabled because dependency com.jetbrains.php is not available
Module intellij.vuejs.markdown is not enabled because dependency intellij.markdown is not available
Module intellij.vuejs.copyright is not enabled because dependency com.intellij.copyright is not available
Module intellij.packageChecker.php is not enabled because dependency com.jetbrains.php is not available
Module intellij.packageChecker.python is not enabled because dependency com.intellij.modules.python is not available
Module intellij.packageChecker.go is not enabled because dependency org.jetbrains.plugins.go is not available
Module intellij.packageChecker.amper is not enabled because dependency org.jetbrains.amper is not available
Module intellij.spring.mvc.impl/swagger is not enabled because dependency com.intellij.swagger is not available
Module intellij.spring.mvc.impl/thymeleaf is not enabled because dependency intellij.thymeleaf.paid is not available
Module intellij.microservices.diagrams is not enabled because dependency com.intellij.diagram is not available
2026-02-16 13:45:21,961 [    610]   INFO - #c.i.i.p.PluginManager - Loaded bundled plugins: IDEA CORE (253.29648), TextMate Bundles (253.29648.0), JSON (253.29648.0), YAML (253.29648.0), Database Tools and SQL (253.29648.0), JavaScript and TypeScript (253.29648.0), Properties (253.29648.0), DevKit Runtime (253.29648.0), Java (253.29648.0), Shell Script (253.29648.0), Data Editor Support (253.29648.0), Qodana (253.29648.0), Mercurial (253.29648.0), Gradle (253.29648.0), EditorConfig (253.29648.0), JetBrains Ultimate (253.29648.0), Spring (253.29648.0), CSS (253.29648.0), Artifacts Repository Search (253.29648.0), Less (253.29648.0), Sass (253.29648.0), Images (253.29648.0), JavaScript Debugger (253.29648.0), JVM Microservices Frameworks (253.29648.0), Jakarta EE: JPA Model (253.29648.0), FreeMarker (253.29648.0), AOP Pointcut Language (253.29648.0), Lombok (253.29648.0), JUnit (253.29648.0), Groovy (253.29648.0), Eclipse Interoperability (253.29648.0), Spring Initializr (253.29648.0), Kotlin (253.29648.0-IJ), Ktor (253.29648.0), Gradle DSL API (253.29648.0), Jakarta EE Platform (253.29648.0), HTML Tools (253.29648.0), Toml (253.29648.0), Java Internationalization (253.29648.0), Spring Messaging (253.29648.0), Jakarta EE: Contexts and Dependency Injection (CDI) (253.29648.0), Spring Security (253.29648.0), Jakarta EE: RESTful Web Services (JAX-RS) (253.29648.0), Spring Integration Patterns (253.29648.0), Spring Cloud (253.29648.0), Spring Boot (253.29648.0), JSONPath (253.29648.0), HTTP Client (253.29648.0), Jakarta EE: Expression Language (EL) (253.29648.0), Jakarta EE: Server Pages (JSP) (253.29648.0), PostCSS (253.29648.0), XPathView + XSLT (253.29648.0), Hibernate (253.29648.0), Spring Data (253.29648.0), Jakarta EE: Persistence (JPA) (253.29648.0), JVM Persistence Frameworks (253.29648.0), TestNG (253.29648.0), Code Coverage for Java (253.29648.0), Jakarta EE: Web/Servlets (253.29648.0), Natural Languages (253.29648.0), Java IDE Customization (253.29648.0), Apache Velocity (253.29648.0), Configuration Script (253.29648.0), Shared Indexes (253.29648.0), Shared Project Indexes (253.29648.0), Git (253.29648.0), Maven (253.29648.0), Gradle for Java (253.29648.0), Webpack (253.29648.0), Styled Components & Styled JSX (253.29648.0), Polymer & Web Components (253.29648.0), React (253.29648.0), Vite (253.29648.0), Prettier (253.29648.0), Next.js (253.29648.0), Karma (253.29648.0), Node.js (253.29648.0), JavaScript Intention Power Pack (253.29648.0), Vue.js (253.29648.0), Package Checker (253.29648.0), Jakarta EE: Bean Validation (253.29648.0), Spring Web (253.29648.0), Endpoints (253.29648.0)
2026-02-16 13:45:21,962 [    611]   INFO - #c.i.i.p.PluginManager - Loaded custom plugins: Plugin DevKit (253.29648.0), Security Analysis by Qodana (253.29648.0), Swing UI Designer (253.29648.0), Hardcoded Passwords (253.29648.0), Dependency Analysis (253.29648.0)
2026-02-16 13:45:21,980 [    629]   INFO - #c.i.i.p.DisabledPluginsState - Plugins to enable: [com.intellij.modules.ultimate],  was already enabled, nothing changed
2026-02-16 13:45:21,981 [    630]   INFO - #c.i.i.p.DisabledPluginsState - Plugins to enable: [com.intellij.modules.ultimate],  was already enabled, nothing changed
2026-02-16 13:45:21,984 [    633]   INFO - #c.i.o.u.LowMemoryWatcherManager - Use ExponentiallySmoothingTracker(90000 ms)
2026-02-16 13:45:21,987 [    636]   INFO - #c.i.o.u.LowMemoryWatcherManager - Subscribing to MemoryPool[G1 Old Gen]{max: 28840034304, threshold: 27398031360 (0.95 * max)}
2026-02-16 13:45:21,987 [    636]   INFO - #c.i.o.u.LowMemoryWatcherManager - Schedule GC-time updating: each 15000ms
2026-02-16 13:45:22,023 [    672]   INFO - #o.j.q.s.i.s.QodanaApplicationStarter - Command line arguments: [qodana, --config-dir, /tmp/qd-effective-config-1297146433, ., /data/results]
2026-02-16 13:45:22,041 [    690]   INFO - #c.i.u.i.PageCacheUtils - File page caching params:
	DEFAULT_PAGE_SIZE: 10485760
	Direct memory to use, max: 28819062784
	FilePageCache: regular
	Regular FilePageCache: 629145600 bytes
	DirectByteBuffers pool: 104857600 bytes
2026-02-16 13:45:22,066 [    715]   INFO - #c.i.u.s.JBUIScale - System scale factor: 1.0 (IDE-managed HiDPI)
2026-02-16 13:45:22,069 [    718]   INFO - #c.i.p.e.i.f.EelMultiRoutingFileSystemBackendInitializationService - Eel MultiRoutingFileSystem backend is initialized
2026-02-16 13:45:22,070 [    719]   INFO - #c.i.l.LocalizationStateServiceImpl - [i18n] Localization property from registry is null
2026-02-16 13:45:22,088 [    737]   INFO - #c.i.o.v.n.i.VfsData - Use SoftReference in VFS cache: true
2026-02-16 13:45:22,155 [    804]   INFO - #c.i.a.o.PathMacrosImpl - Loaded path macros: {MAVEN_REPOSITORY=/data/cache/.m2}
2026-02-16 13:45:22,157 [    806]   INFO - #c.i.o.v.n.p.PersistentFSLoader - VFS uses names enumerator over mmapped file
2026-02-16 13:45:22,157 [    806]   INFO - #c.i.o.v.n.p.PersistentFSLoader - VFS uses OverMMappedFile(pageSize=67108864, acquireStorageOwnership=true) storage for main file records table
2026-02-16 13:45:22,158 [    807]   INFO - #c.i.o.v.n.p.PersistentFSLoader - VFS uses streamlined attributes storage (over mmapped file)
2026-02-16 13:45:22,160 [    809]   INFO - #c.i.o.v.n.p.PersistentFSLoader - VFS uses content storage over memory-mapped file, with compression algo: LZ4[ > 8000b ]
2026-02-16 13:45:22,289 [    938]   INFO - #c.i.p.k.b.BackendKernelServiceKt - Backend started Kernel
2026-02-16 13:45:22,322 [    971]   INFO - #c.i.o.v.n.p.FSRecords - VFS health-check enabled: first after 600000 ms, and each following 43200000 ms, wrap in RA: true
2026-02-16 13:45:22,328 [    977]   INFO - c.i.p.i.IdeFingerprint - Calculated dependencies fingerprint in 307 ms (hash=qmy31yx6jkxe, buildTime=1771249521, appVersion=QDJVM-253.29648)
2026-02-16 13:45:22,333 [    982]   INFO - #c.i.i.p.ExpiredPluginsState - Plugins to skip: []
2026-02-16 13:45:22,333 [    982]   INFO - #c.i.s.c.m.SettingsRepositoryToSettingsSyncMigration - No data from settingsRepository in 'settingsRepository' folder => no migration needed
2026-02-16 13:45:22,335 [    984]   INFO - #c.i.i.s.StatisticsRegionSettingsServiceImpl - Statistics. Region code is not_set
2026-02-16 13:45:22,342 [    991]   INFO - #c.i.i.s.e.StatisticsEventLoggerProvider - Initialize event logger provider for 'FUS'
2026-02-16 13:45:22,347 [    996]   INFO - #c.i.i.s.e.StatisticsEventLoggerProvider - Initialize event logger provider for 'MP'
2026-02-16 13:45:22,350 [    999]   INFO - #c.i.i.s.e.StatisticsEventLoggerProvider - Initialize event logger provider for 'TRACE'
2026-02-16 13:45:22,351 [   1000]   INFO - #c.i.i.s.e.StatisticsEventLoggerProvider - Initialize event logger provider for 'ML'
2026-02-16 13:45:22,382 [   1031]   INFO - #fleet.kernel.Transactor - Duration: 75.730166ms, change from: fleet.tracing.runtime.Span$Noop@63852ab1
2026-02-16 13:45:22,384 [   1033]   INFO - #c.i.p.trialPromotion - IDE is not managed
2026-02-16 13:45:22,392 [   1041]   INFO - #c.i.u.n.s.CertificateManager - Default SSL context initialized
2026-02-16 13:45:22,426 [   1075]   INFO - #c.i.i.s.DeviceIdManager - Generating new Device ID for 'MP'
2026-02-16 13:45:22,429 [   1078]   INFO - #c.i.i.s.e.EventLogConfiguration - Generating new salt for MP
2026-02-16 13:45:22,448 [   1097]   INFO - #o.j.i.BuiltInServerManager - built-in server started, port 63342
2026-02-16 13:45:22,477 [   1126]   INFO - #c.i.o.v.n.p.PersistentFSLoader - VFS: impl (expected) version=846400, 0 file records, 0 content blobs
2026-02-16 13:45:22,493 [   1142]   INFO - #c.i.o.v.n.p.FSRecordsImpl - VFS initialized: 359 ms, 0 failed attempts, 0 error(s) were recovered
2026-02-16 13:45:22,493 [   1142]   INFO - #c.i.o.v.n.p.FSRecordsImpl - VFS scanned: file-by-name index was populated
2026-02-16 13:45:22,502 [   1151]   INFO - #c.i.o.v.n.p.PersistentFSImpl - VFS.MAX_FILE_LENGTH_TO_CACHE: 1048576
2026-02-16 13:45:22,516 [   1165]   INFO - #c.i.u.i.c.d.IndexWriter - Use com.intellij.util.indexing.contentQueue.dev.MultiThreadedWithSuspendIndexWriter@1577eb62 as (parallel) index writer implementation
2026-02-16 13:45:22,527 [   1176]   INFO - #c.i.u.i.i.SlruIndexStorageCacheProvider - SLRU cache will be used for indexes
2026-02-16 13:45:22,527 [   1176]   INFO - #c.i.u.i.i.MapIndexStorageCacheProvider$Companion - Default index storage cache provider [com.intellij.util.indexing.impl.SlruIndexStorageCacheProvider@4f14fe25] is used
2026-02-16 13:45:22,535 [   1184]   INFO - #c.i.o.v.i.l.NativeFileWatcherImpl - Native file watcher is disabled
2026-02-16 13:45:22,537 [   1186]   INFO - #c.i.u.i.FileBasedIndexImpl - Loading indexes
2026-02-16 13:45:22,560 [   1209]   INFO - #c.i.i.s.p.i.SharedIndexMainZipStorage - Shared Indexes Storage is opened and empty
2026-02-16 13:45:22,617 [   1266]   INFO - #c.i.f.n.TrigramIndexFilter - Filter exclude extensions is enabled: CustomizableExcludeExtensions([com.intellij.java.JavaLibrarySourcesExcludingIndexFilterExtension@2c3d12ca])
2026-02-16 13:45:22,619 [   1268]   INFO - #c.i.u.i.i.s.IndexStorageLayoutLocator - Layout 'default' will be used to for 'filetypes' index (applicable providers: [default, fake-storage])
2026-02-16 13:45:22,619 [   1268]   INFO - #c.i.u.i.i.s.IndexStorageLayoutLocator - Layout 'default' will be used to for 'Trigram.Index' index (applicable providers: [default, fake-storage]), shards = 1
2026-02-16 13:45:22,619 [   1268]   INFO - #c.i.u.i.i.s.IndexStorageLayoutLocator - Layout 'default' will be used to for 'Stubs' index (applicable providers: [default, fake-storage])
2026-02-16 13:45:22,619 [   1268]   INFO - #c.i.u.i.i.s.IndexStorageLayoutLocator - Layout 'default' will be used to for 'TodoIndex' index (applicable providers: [default, fake-storage])
2026-02-16 13:45:22,620 [   1269]   INFO - #c.i.u.i.i.s.IndexStorageLayoutLocator - Layout 'default' will be used to for 'fileIncludes' index (applicable providers: [default, fake-storage])
2026-02-16 13:45:22,620 [   1269]   INFO - #c.i.u.i.i.s.IndexStorageLayoutLocator - Layout 'default' will be used to for 'FilenameIndex' index (applicable providers: [default, fake-storage])
2026-02-16 13:45:22,620 [   1269]   INFO - #c.i.u.i.i.s.IndexStorageLayoutLocator - Layout 'default' will be used to for 'IdIndex' index (applicable providers: [default, fake-storage]), shards = 1
2026-02-16 13:45:22,626 [   1275]   INFO - #c.i.u.i.i.s.IndexStorageLayoutLocator - Layout 'default' will be used to for 'HashFragmentIndex' index (applicable providers: [default, fake-storage])
2026-02-16 13:45:22,631 [   1280]   INFO - #c.i.u.i.i.s.IndexStorageLayoutLocator - Layout 'default' will be used to for 'FrameworkDetectionIndex' index (applicable providers: [default, fake-storage])
2026-02-16 13:45:22,656 [   1305]   INFO - #c.i.u.i.i.s.IndexStorageLayoutLocator - Layout 'default' will be used to for 'sql.types.count.index' index (applicable providers: [default, fake-storage])
2026-02-16 13:45:22,670 [   1319]   INFO - #c.i.u.i.i.s.IndexStorageLayoutLocator - Layout 'default' will be used to for 'sql.routine.index' index (applicable providers: [default, fake-storage])
2026-02-16 13:45:22,671 [   1320]   INFO - #c.i.u.i.i.s.IndexStorageLayoutLocator - Layout 'default' will be used to for 'XmlTagNames' index (applicable providers: [default, fake-storage])
2026-02-16 13:45:22,679 [   1328]   INFO - #c.i.u.i.i.s.IndexStorageLayoutLocator - Layout 'default' will be used to for 'XmlNamespaces' index (applicable providers: [default, fake-storage])
2026-02-16 13:45:22,680 [   1329]   INFO - #c.i.u.i.i.s.IndexStorageLayoutLocator - Layout 'default' will be used to for 'SchemaTypeInheritance' index (applicable providers: [default, fake-storage])
2026-02-16 13:45:22,685 [   1334]   INFO - #c.i.u.i.i.s.IndexStorageLayoutLocator - Layout 'default' will be used to for 'html5.custom.attributes.index' index (applicable providers: [default, fake-storage])
2026-02-16 13:45:22,687 [   1336]   INFO - #c.i.u.i.i.s.IndexStorageLayoutLocator - Layout 'default' will be used to for 'RelaxSymbolIndex' index (applicable providers: [default, fake-storage])
2026-02-16 13:45:22,694 [   1343]   INFO - #c.i.u.i.i.s.IndexStorageLayoutLocator - Layout 'default' will be used to for 'DomFileIndex' index (applicable providers: [default, fake-storage])
2026-02-16 13:45:22,695 [   1344]   INFO - #c.i.u.i.i.s.IndexStorageLayoutLocator - Layout 'default' will be used to for 'json.file.root.values' index (applicable providers: [default, fake-storage])
2026-02-16 13:45:22,696 [   1345]   INFO - #c.i.u.i.i.s.IndexStorageLayoutLocator - Layout 'default' will be used to for 'xmlProperties' index (applicable providers: [default, fake-storage])
2026-02-16 13:45:22,698 [   1347]   INFO - #c.i.u.i.i.s.IndexStorageLayoutLocator - Layout 'default' will be used to for 'editorconfig.index.name' index (applicable providers: [default, fake-storage])
2026-02-16 13:45:22,699 [   1348]   INFO - #c.i.u.i.i.s.IndexStorageLayoutLocator - Layout 'default' will be used to for 'CssIndex' index (applicable providers: [default, fake-storage])
2026-02-16 13:45:22,703 [   1352]   INFO - #c.i.u.i.i.s.IndexStorageLayoutLocator - Layout 'default' will be used to for 'css.template.selectors' index (applicable providers: [default, fake-storage])
2026-02-16 13:45:22,707 [   1356]   INFO - #c.i.u.i.i.s.IndexStorageLayoutLocator - Layout 'default' will be used to for 'java.auto.module.name' index (applicable providers: [default, fake-storage])
2026-02-16 13:45:22,709 [   1358]   INFO - #c.i.u.i.i.s.IndexStorageLayoutLocator - Layout 'default' will be used to for 'CompassFunctionsIndex' index (applicable providers: [default, fake-storage])
2026-02-16 13:45:22,711 [   1360]   INFO - #c.i.u.i.i.s.IndexStorageLayoutLocator - Layout 'default' will be used to for 'java.null.method.argument' index (applicable providers: [default, fake-storage])
2026-02-16 13:45:22,711 [   1360]   INFO - #c.i.u.i.i.s.IndexStorageLayoutLocator - Layout 'default' will be used to for 'java.source.module.name' index (applicable providers: [default, fake-storage])
2026-02-16 13:45:22,717 [   1366]   INFO - #c.i.u.i.i.s.IndexStorageLayoutLocator - Layout 'default' will be used to for 'java.fun.expression' index (applicable providers: [default, fake-storage])
2026-02-16 13:45:22,718 [   1367]   INFO - #c.i.u.i.i.s.IndexStorageLayoutLocator - Layout 'default' will be used to for 'java.binary.plus.expression' index (applicable providers: [default, fake-storage])
2026-02-16 13:45:22,746 [   1395]   INFO - #c.i.u.i.i.s.IndexStorageLayoutLocator - Layout 'default' will be used to for 'bytecodeAnalysis' index (applicable providers: [default, fake-storage])
2026-02-16 13:45:22,746 [   1395]   INFO - #c.i.u.i.i.s.IndexStorageLayoutLocator - Layout 'default' will be used to for 'PropertyCodeReferenceIndex' index (applicable providers: [default, fake-storage])
2026-02-16 13:45:22,748 [   1397]   INFO - #c.i.u.i.i.s.IndexStorageLayoutLocator - Layout 'default' will be used to for 'devkit.ExtensionPointIndex' index (applicable providers: [default, fake-storage])
2026-02-16 13:45:22,748 [   1397]   INFO - #c.i.u.i.i.s.IndexStorageLayoutLocator - Layout 'default' will be used to for 'PluginIdDependenciesIndex' index (applicable providers: [default, fake-storage])
2026-02-16 13:45:22,748 [   1397]   INFO - #c.i.u.i.i.s.IndexStorageLayoutLocator - Layout 'default' will be used to for 'IdeaPluginRegistrationIndex' index (applicable providers: [default, fake-storage])
2026-02-16 13:45:22,749 [   1398]   INFO - #c.i.u.i.i.s.IndexStorageLayoutLocator - Layout 'default' will be used to for 'com.intellij.jpa.jpb.model.EntityRegisterFileIndex' index (applicable providers: [default, fake-storage])
2026-02-16 13:45:22,753 [   1402]   INFO - #c.i.u.i.i.s.IndexStorageLayoutLocator - Layout 'default' will be used to for 'PluginIdModuleIndex' index (applicable providers: [default, fake-storage])
2026-02-16 13:45:22,753 [   1402]   INFO - #c.i.u.i.i.s.IndexStorageLayoutLocator - Layout 'default' will be used to for 'devkit.ExtensionPointClassIndex' index (applicable providers: [default, fake-storage])
2026-02-16 13:45:22,768 [   1417]   INFO - #c.i.u.i.i.s.IndexStorageLayoutLocator - Layout 'default' will be used to for 'FtlFileIndex' index (applicable providers: [default, fake-storage])
2026-02-16 13:45:22,776 [   1425]   INFO - #c.i.u.i.i.s.IndexStorageLayoutLocator - Layout 'default' will be used to for 'LombokConfigIndex' index (applicable providers: [default, fake-storage])
2026-02-16 13:45:22,781 [   1430]   INFO - #c.i.u.i.i.s.IndexStorageLayoutLocator - Layout 'default' will be used to for 'org.jetbrains.kotlin.idea.vfilefinder.KotlinPartialPackageNamesIndex' index (applicable providers: [default, fake-storage])
2026-02-16 13:45:22,782 [   1431]   INFO - #c.i.u.i.i.s.IndexStorageLayoutLocator - Layout 'default' will be used to for 'org.jetbrains.kotlin.idea.vfilefinder.KotlinClassFileIndex' index (applicable providers: [default, fake-storage])
2026-02-16 13:45:22,783 [   1432]   INFO - #c.i.u.i.i.s.IndexStorageLayoutLocator - Layout 'default' will be used to for 'org.jetbrains.kotlin.idea.versions.KotlinJvmMetadataVersionIndex' index (applicable providers: [default, fake-storage])
2026-02-16 13:45:22,783 [   1432]   INFO - #c.i.u.i.i.s.IndexStorageLayoutLocator - Layout 'default' will be used to for 'org.jetbrains.kotlin.idea.vfilefinder.KotlinJavaScriptMetaFileIndex' index (applicable providers: [default, fake-storage])
2026-02-16 13:45:22,783 [   1432]   INFO - #c.i.u.i.i.s.IndexStorageLayoutLocator - Layout 'default' will be used to for 'org.jetbrains.kotlin.idea.versions.KotlinJsMetadataVersionIndex' index (applicable providers: [default, fake-storage])
2026-02-16 13:45:22,787 [   1436]   INFO - #c.i.u.i.i.s.IndexStorageLayoutLocator - Layout 'default' will be used to for 'org.jetbrains.kotlin.idea.vfilefinder.KotlinMetadataFileIndex' index (applicable providers: [default, fake-storage])
2026-02-16 13:45:22,829 [   1478]   INFO - #c.i.u.i.i.s.IndexStorageLayoutLocator - Layout 'default' will be used to for 'org.jetbrains.kotlin.idea.vfilefinder.KotlinMetadataFilePackageIndex' index (applicable providers: [default, fake-storage])
2026-02-16 13:45:22,829 [   1478]   INFO - #c.i.u.i.i.s.IndexStorageLayoutLocator - Layout 'default' will be used to for 'KotlinPackageSourcesMemberNamesIndex' index (applicable providers: [default, fake-storage])
2026-02-16 13:45:22,829 [   1478]   INFO - #c.i.u.i.i.s.IndexStorageLayoutLocator - Layout 'default' will be used to for 'org.jetbrains.kotlin.idea.vfilefinder.KotlinModuleMappingIndex' index (applicable providers: [default, fake-storage])
2026-02-16 13:45:22,831 [   1480]   INFO - #c.i.u.i.i.s.IndexStorageLayoutLocator - Layout 'default' will be used to for 'org.jetbrains.kotlin.idea.vfilefinder.KotlinJvmModuleAnnotationsIndex' index (applicable providers: [default, fake-storage])
2026-02-16 13:45:22,842 [   1491]   INFO - #c.i.u.i.i.s.IndexStorageLayoutLocator - Layout 'default' will be used to for 'org.jetbrains.kotlin.idea.vfilefinder.KotlinBuiltInsMetadataIndex' index (applicable providers: [default, fake-storage])
2026-02-16 13:45:22,844 [   1493]   INFO - #c.i.u.i.i.s.IndexStorageLayoutLocator - Layout 'default' will be used to for 'org.jetbrains.kotlin.idea.vfilefinder.KotlinStdlibIndex' index (applicable providers: [default, fake-storage])
2026-02-16 13:45:22,845 [   1494]   INFO - #c.i.u.i.i.s.IndexStorageLayoutLocator - Layout 'default' will be used to for 'org.jetbrains.kotlin.idea.vfilefinder.KlibMetaFileIndex' index (applicable providers: [default, fake-storage])
2026-02-16 13:45:22,846 [   1495]   INFO - #c.i.u.i.i.s.IndexStorageLayoutLocator - Layout 'default' will be used to for 'KotlinTopLevelCallableByPackageShortNameIndex' index (applicable providers: [default, fake-storage])
2026-02-16 13:45:22,850 [   1499]   INFO - #c.i.u.i.i.s.IndexStorageLayoutLocator - Layout 'default' will be used to for 'KotlinTopLevelClassLikeDeclarationByPackageShortNameIndex' index (applicable providers: [default, fake-storage])
2026-02-16 13:45:22,850 [   1499]   INFO - #c.i.u.i.i.s.IndexStorageLayoutLocator - Layout 'default' will be used to for 'KotlinBinaryRootToPackageIndex' index (applicable providers: [default, fake-storage])
2026-02-16 13:45:22,854 [   1503]   INFO - #c.i.u.i.i.s.IndexStorageLayoutLocator - Layout 'default' will be used to for 'HtmlTagIdIndex' index (applicable providers: [default, fake-storage])
2026-02-16 13:45:22,855 [   1504]   INFO - #c.i.u.i.i.s.IndexStorageLayoutLocator - Layout 'default' will be used to for 'com.intellij.uiDesigner.FormClassIndex' index (applicable providers: [default, fake-storage])
2026-02-16 13:45:22,859 [   1508]   INFO - #c.i.u.i.i.s.IndexStorageLayoutLocator - Layout 'default' will be used to for 'SpringXmlBeansIndex' index (applicable providers: [default, fake-storage])
2026-02-16 13:45:22,862 [   1511]   INFO - #c.i.u.i.i.s.IndexStorageLayoutLocator - Layout 'default' will be used to for 'spring.spiFileIndex' index (applicable providers: [default, fake-storage])
2026-02-16 13:45:22,862 [   1511]   INFO - #c.i.u.i.i.s.IndexStorageLayoutLocator - Layout 'default' will be used to for 'SpringBootPropertiesImports' index (applicable providers: [default, fake-storage])
2026-02-16 13:45:22,864 [   1513]   INFO - #c.i.u.i.i.s.IndexStorageLayoutLocator - Layout 'default' will be used to for 'spring.autoConfigureMetadataIndex' index (applicable providers: [default, fake-storage])
2026-02-16 13:45:22,866 [   1515]   INFO - #c.i.u.i.i.s.IndexStorageLayoutLocator - Layout 'default' will be used to for 'spring.boot.importsFileIndex' index (applicable providers: [default, fake-storage])
2026-02-16 13:45:22,867 [   1516]   INFO - #c.i.u.i.i.s.IndexStorageLayoutLocator - Layout 'default' will be used to for 'SpringBootYamlImports' index (applicable providers: [default, fake-storage])
2026-02-16 13:45:22,871 [   1520]   INFO - #c.i.u.i.i.s.IndexStorageLayoutLocator - Layout 'default' will be used to for 'http.request.execution.environment' index (applicable providers: [default, fake-storage])
2026-02-16 13:45:22,871 [   1520]   INFO - #c.i.u.i.i.s.IndexStorageLayoutLocator - Layout 'default' will be used to for 'http.request.completion.host' index (applicable providers: [default, fake-storage])
2026-02-16 13:45:22,874 [   1523]   INFO - #c.i.u.i.i.s.IndexStorageLayoutLocator - Layout 'default' will be used to for 'http.request.headers.values.index' index (applicable providers: [default, fake-storage])
2026-02-16 13:45:22,880 [   1529]   INFO - #c.i.u.i.i.s.IndexStorageLayoutLocator - Layout 'default' will be used to for 'http.request.name.index' index (applicable providers: [default, fake-storage])
2026-02-16 13:45:22,881 [   1530]   INFO - #c.i.u.i.i.s.IndexStorageLayoutLocator - Layout 'default' will be used to for 'taglibUris' index (applicable providers: [default, fake-storage])
2026-02-16 13:45:22,881 [   1530]   INFO - #c.i.u.i.i.s.IndexStorageLayoutLocator - Layout 'default' will be used to for 'XsltSymbolIndex' index (applicable providers: [default, fake-storage])
2026-02-16 13:45:22,883 [   1532]   INFO - #c.i.u.i.i.s.IndexStorageLayoutLocator - Layout 'default' will be used to for 'VtlFileIndex' index (applicable providers: [default, fake-storage])
2026-02-16 13:45:22,885 [   1534]   INFO - #c.i.u.i.i.s.IndexStorageLayoutLocator - Layout 'default' will be used to for 'js.test.names' index (applicable providers: [default, fake-storage])
2026-02-16 13:45:22,894 [   1543]   INFO - #c.i.u.i.i.s.IndexStorageLayoutLocator - Layout 'default' will be used to for 'js.custom.single.entry.index' index (applicable providers: [default, fake-storage])
2026-02-16 13:45:22,895 [   1544]   INFO - #c.i.u.i.i.s.IndexStorageLayoutLocator - Layout 'default' will be used to for 'js.package.index' index (applicable providers: [default, fake-storage])
2026-02-16 13:45:22,896 [   1545]   INFO - #c.i.u.i.i.s.IndexStorageLayoutLocator - Layout 'default' will be used to for 'js.implicit.elements.index' index (applicable providers: [default, fake-storage])
2026-02-16 13:45:22,900 [   1549]   INFO - #c.i.u.i.i.s.IndexStorageLayoutLocator - Layout 'default' will be used to for 'js.string.literal.words.index' index (applicable providers: [default, fake-storage])
2026-02-16 13:45:22,902 [   1551]   INFO - #c.i.u.i.i.s.IndexStorageLayoutLocator - Layout 'default' will be used to for 'HtmlScriptSrcIndex' index (applicable providers: [default, fake-storage])
2026-02-16 13:45:22,904 [   1553]   INFO - #c.i.u.i.i.s.IndexStorageLayoutLocator - Layout 'default' will be used to for 'TypeScriptExternalPathCandidates' index (applicable providers: [default, fake-storage])
2026-02-16 13:45:22,904 [   1553]   INFO - #c.i.u.i.i.s.IndexStorageLayoutLocator - Layout 'default' will be used to for 'js.test.names.extensible' index (applicable providers: [default, fake-storage])
2026-02-16 13:45:22,907 [   1556]   INFO - #c.i.u.i.i.s.IndexStorageLayoutLocator - Layout 'default' will be used to for 'WebComponentsIndex' index (applicable providers: [default, fake-storage])
2026-02-16 13:45:22,910 [   1559]   INFO - #c.i.u.i.i.s.IndexStorageLayoutLocator - Layout 'default' will be used to for 'VueNoScriptFilesIndex' index (applicable providers: [default, fake-storage])
2026-02-16 13:45:22,912 [   1561]   INFO - #c.i.u.i.i.s.IndexStorageLayoutLocator - Layout 'default' will be used to for 'VueComponentStylesIndex' index (applicable providers: [default, fake-storage])
2026-02-16 13:45:22,928 [   1577]   INFO - #c.i.u.i.FileBasedIndexImpl - Indices to be built:RelaxSymbolIndex(v = 0),js.test.names.extensible(v = 257237),css.template.selectors(v = 38),org.jetbrains.kotlin.idea.vfilefinder.KotlinBuiltInsMetadataIndex(v = 4),WebComponentsIndex(v = 5),spring.spiFileIndex(v = 3),bytecodeAnalysis(v = 11),org.jetbrains.kotlin.idea.vfilefinder.KlibMetaFileIndex(v = 4),html5.custom.attributes.index(v = 1),VueNoScriptFilesIndex(v = 12),spring.autoConfigureMetadataIndex(v = 2),js.custom.single.entry.index(v = 1123642),org.jetbrains.kotlin.idea.vfilefinder.KotlinPartialPackageNamesIndex(v = 5),java.binary.plus.expression(v = 4),fileIncludes(v = 6),SchemaTypeInheritance(v = 2),js.string.literal.words.index(v = 4),FtlFileIndex(v = 5),org.jetbrains.kotlin.idea.vfilefinder.KotlinJvmModuleAnnotationsIndex(v = 1),devkit.ExtensionPointClassIndex(v = 12),java.source.module.name(v = 4),DomFileIndex(v = 0),KotlinBinaryRootToPackageIndex(v = 7),VtlFileIndex(v = 1),CompassFunctionsIndex(v = 41),KotlinTopLevelCallableByPackageShortNameIndex(v = 3),org.jetbrains.kotlin.idea.vfilefinder.KotlinStdlibIndex(v = 2),http.request.execution.environment(v = 3),XmlTagNames(v = 1),HtmlScriptSrcIndex(v = 1),org.jetbrains.kotlin.idea.vfilefinder.KotlinClassFileIndex(v = 3),http.request.completion.host(v = 5),java.auto.module.name(v = 6),SpringBootPropertiesImports(v = 0),HashFragmentIndex(v = 19111503),IdIndex(v = 22),org.jetbrains.kotlin.idea.vfilefinder.KotlinModuleMappingIndex(v = 5),FilenameIndex(v = 258),HtmlTagIdIndex(v = 3),filetypes(v = 4096),org.jetbrains.kotlin.idea.vfilefinder.KotlinMetadataFilePackageIndex(v = 2),FrameworkDetectionIndex(v = 65536),org.jetbrains.kotlin.idea.versions.KotlinJvmMetadataVersionIndex(v = 5),org.jetbrains.kotlin.idea.vfilefinder.KotlinMetadataFileIndex(v = 2),KotlinTopLevelClassLikeDeclarationByPackageShortNameIndex(v = 3),XmlNamespaces(v = 8),js.test.names(v = 25),LombokConfigIndex(v = 15),org.jetbrains.kotlin.idea.vfilefinder.KotlinJavaScriptMetaFileIndex(v = 4),TypeScriptExternalPathCandidates(v = 0),PluginIdDependenciesIndex(v = 17),org.jetbrains.kotlin.idea.versions.KotlinJsMetadataVersionIndex(v = 3),CssIndex(v = 43),SpringBootYamlImports(v = 0),http.request.headers.values.index(v = 4),SpringXmlBeansIndex(v = 661),VueComponentStylesIndex(v = 2),PropertyCodeReferenceIndex(v = 0),IdeaPluginRegistrationIndex(v = 20),xmlProperties(v = 2),spring.boot.importsFileIndex(v = 1),sql.routine.index(v = 1),http.request.name.index(v = 2),js.implicit.elements.index(v = 1123652),java.fun.expression(v = 6),Trigram.Index(v = 4),Stubs(v = 46),java.null.method.argument(v = 1),com.intellij.uiDesigner.FormClassIndex(v = 0),editorconfig.index.name(v = 5),PluginIdModuleIndex(v = 13),XsltSymbolIndex(v = 0),KotlinPackageSourcesMemberNamesIndex(v = 2),json.file.root.values(v = 5),sql.types.count.index(v = 0),js.package.index(v = 12),taglibUris(v = 7),devkit.ExtensionPointIndex(v = 12),com.intellij.jpa.jpb.model.EntityRegisterFileIndex(v = 0),TodoIndex(v = 13)
2026-02-16 13:45:22,928 [   1577]   INFO - #c.i.u.i.FileBasedIndexImpl - Using simple flusher for indexes
2026-02-16 13:45:22,931 [   1580]   INFO - #c.i.u.i.IndexDataInitializer - Index data initialization done: 389 ms. Initialized indexes: [FilenameIndex, filetypes, Trigram.Index, sql.types.count.index, FrameworkDetectionIndex, TodoIndex, IdIndex, HashFragmentIndex, fileIncludes, XmlTagNames, sql.routine.index, SchemaTypeInheritance, XmlNamespaces, html5.custom.attributes.index, RelaxSymbolIndex, Stubs, DomFileIndex, java.auto.module.name, xmlProperties, json.file.root.values, CssIndex, java.fun.expression, java.binary.plus.expression, java.source.module.name, java.null.method.argument, CompassFunctionsIndex, css.template.selectors, editorconfig.index.name, bytecodeAnalysis, IdeaPluginRegistrationIndex, PropertyCodeReferenceIndex, devkit.ExtensionPointClassIndex, PluginIdModuleIndex, PluginIdDependenciesIndex, com.intellij.jpa.jpb.model.EntityRegisterFileIndex, devkit.ExtensionPointIndex, FtlFileIndex, org.jetbrains.kotlin.idea.vfilefinder.KotlinClassFileIndex, org.jetbrains.kotlin.idea.vfilefinder.KotlinJavaScriptMetaFileIndex, LombokConfigIndex, org.jetbrains.kotlin.idea.versions.KotlinJvmMetadataVersionIndex, org.jetbrains.kotlin.idea.versions.KotlinJsMetadataVersionIndex, org.jetbrains.kotlin.idea.vfilefinder.KotlinPartialPackageNamesIndex, org.jetbrains.kotlin.idea.vfilefinder.KotlinMetadataFileIndex, KotlinPackageSourcesMemberNamesIndex, org.jetbrains.kotlin.idea.vfilefinder.KotlinMetadataFilePackageIndex, org.jetbrains.kotlin.idea.vfilefinder.KotlinModuleMappingIndex, org.jetbrains.kotlin.idea.vfilefinder.KotlinJvmModuleAnnotationsIndex, org.jetbrains.kotlin.idea.vfilefinder.KotlinBuiltInsMetadataIndex, org.jetbrains.kotlin.idea.vfilefinder.KotlinStdlibIndex, org.jetbrains.kotlin.idea.vfilefinder.KlibMetaFileIndex, KotlinTopLevelCallableByPackageShortNameIndex, KotlinTopLevelClassLikeDeclarationByPackageShortNameIndex, KotlinBinaryRootToPackageIndex, HtmlTagIdIndex, com.intellij.uiDesigner.FormClassIndex, SpringXmlBeansIndex, spring.spiFileIndex, SpringBootPropertiesImports, spring.autoConfigureMetadataIndex, spring.boot.importsFileIndex, SpringBootYamlImports, http.request.completion.host, http.request.execution.environment, http.request.headers.values.index, XsltSymbolIndex, VtlFileIndex, taglibUris, http.request.name.index, js.test.names, js.custom.single.entry.index, js.package.index, js.implicit.elements.index, js.string.literal.words.index, HtmlScriptSrcIndex, TypeScriptExternalPathCandidates, js.test.names.extensible, WebComponentsIndex, VueComponentStylesIndex, VueNoScriptFilesIndex].
2026-02-16 13:45:23,101 [   1750]   INFO - #c.i.p.s.StubIndexImpl - Following stub indices will be built:org.jetbrains.kotlin.idea.stubindex.KotlinTopLevelFunctionFqnNameIndex(v = 3),gr.script.fqn.s(v = 5),Less.variables(v = 2),JS.class.implements(v = 3),js.imported.bindings.index(v = 2),redis.dml.shortName(v = 3),Css.custom.mixin(v = 2),gr.script.class(v = 5),java.anonymous.baseref(v = 2),ts.global.exported.index(v = 2),dom.namespaceKey(v = 1),JS.global.qualified.elements(v = 3),KotlinProbablyInjectedFunctionShortNameIndex(v = 2),ts.external.module.name.index(v = 3),js.qualified.shortName(v = 4),vue.options.index(v = 25),org.jetbrains.kotlin.idea.stubindex.KotlinTopLevelClassByPackageIndex(v = 2),amd.requirePaths.index(v = 2),js.gcl.modules(v = 2),KotlinTopLevelPropertyByPackageIndex(v = 2),JS.class.super(v = 5),js.namespace.index(v = 2),vue.global.directives.index(v = 25),Css.id(v = 2),Scss.placeholder.selector(v = 2),org.jetbrains.kotlin.idea.stubindex.KotlinFullClassNameIndex(v = 3),org.jetbrains.kotlin.idea.stubindex.KotlinFunctionShortNameIndex(v = 3),KotlinTopLevelExpectFunctionFqNameIndex(v = 2),java.class.shortname(v = 4),js.exported.index(v = 2),gr.class.fqn.s(v = 5),java.module.name(v = 4),org.jetbrains.kotlin.idea.stubindex.KotlinScriptFqnIndex(v = 2),vue.url.index(v = 25),org.jetbrains.kotlin.idea.stubindex.KotlinTypeAliasShortNameIndex(v = 2),Scss.mixin(v = 3),org.jetbrains.kotlin.idea.stubindex.KotlinFilePartClassIndex(v = 2),js.generics.index(v = 2),gr.annot.method.name(v = 5),Css.custom.property(v = 2),java.annotations(v = 2),ts.embedded.content.index(v = 2),kotlin.primeIndexKey(v = 2),org.jetbrains.kotlin.idea.stubindex.KotlinPropertyShortNameIndex(v = 2),java.class.fqn(v = 1),JS.base.types.index(v = 3),org.jetbrains.kotlin.idea.stubindex.KotlinSubclassObjectNameIndex(v = 3),sql.table.shortName(v = 3),org.jetbrains.kotlin.idea.stubindex.KotlinFileFacadeShortNameIndex(v = 3),js.lazy.packages(v = 3),KotlinProbablyContractedFunctionShortNameIndex(v = 2),KotlinFileFacadeClassByPackageIndex(v = 2),vue.global.filters.index(v = 25),Less.mixins(v = 2),js.typedef.index2(v = 2),gr.class.super(v = 5),org.jetbrains.kotlin.idea.stubindex.KotlinJvmNameAnnotationIndex(v = 2),gr.anonymous.class(v = 6),org.jetbrains.kotlin.idea.stubindex.KotlinClassShortNameIndex(v = 3),KotlinProbablyNothingPropertyShortNameIndex(v = 2),KotlinOverridableInternalMembersShortNameIndex(v = 2),js.symbol.qualified.names.index(v = 1),sql.names(v = 21),jvm.static.member.type(v = 2),Css.class(v = 3),postcss.custom.selector(v = 2),org.jetbrains.kotlin.idea.stubindex.KotlinMultifileClassPartIndex(v = 2),jvm.static.member.name(v = 2),vuex.store.index(v = 25),org.jetbrains.kotlin.idea.stubindex.KotlinAnnotationsIndex(v = 3),KotlinTopLevelExtensionsByReceiverTypeIndex(v = 4),org.jetbrains.kotlin.idea.stubindex.KotlinSuperClassIndex(v = 2),gr.annot.members(v = 5),JS.subclass.stub.index(v = 2),js.global.symbol.index(v = 2),js.amd.modules(v = 2),Scss.function(v = 3),ts.external.module.index(v = 3),KotlinExtensionsInObjectsByReceiverTypeIndex(v = 2),es6.side.effect.import.index(v = 3),sql.column.name(v = 3),js.symbol.index2(v = 6),js.local.namespace.members.index(v = 2),java.record.component.name(v = 2),js.used.remote.modules(v = 2),java.unnamed.class(v = 2),KotlinTopLevelFunctionByPackageIndex(v = 2),org.jetbrains.kotlin.idea.stubindex.KotlinExactPackagesIndex(v = 2),js.element.qualifiedName(v = 3),js.doc.modules(v = 2),Css.custom.variable(v = 3),vue.composition.app.index(v = 25),properties.index(v = 2),Css.attr(v = 2),vue.components.index(v = 25),amd.baseUrl.index(v = 2),Css.ampersand.selector(v = 2),org.jetbrains.kotlin.idea.stubindex.KotlinInnerTypeAliasClassIdIndex(v = 2),vue.id.index(v = 25),KotlinTypeAliasByExpansionShortNameIndex(v = 2),dom.elementClass(v = 0),js.export.default.react.component.index(v = 2),java.class.extlist(v = 3),ts.local.classes(v = 2),gr.field.name(v = 5),vue.mixin.binding.index(v = 25),java.method.parameter.types(v = 3),org.jetbrains.kotlin.idea.stubindex.KotlinFileFacadeFqNameIndex(v = 2),Scss.variable(v = 2),js.nonglobal.symbol.index(v = 2),gr.method.name(v = 5),java.field.name(v = 2),vue.extends.binding.index(v = 25),org.jetbrains.kotlin.idea.stubindex.KotlinTopLevelTypeAliasFqNameIndex(v = 2),postcss.custom.media(v = 2),KotlinProbablyNothingFunctionShortNameIndex(v = 2),es6.exported.index(v = 3),es6.assignment.index(v = 2),JS.framework.markers.index(v = 2),js.class.index2(v = 3),java.method.name(v = 2),KotlinTopLevelTypeAliasByPackageIndex(v = 2),org.jetbrains.kotlin.idea.stubindex.KotlinTopLevelPropertyFqnNameIndex(v = 3),KotlinTopLevelExpectPropertyFqNameIndex(v = 2)
2026-02-16 13:45:23,101 [   1750]   INFO - #c.i.u.i.IndexDataInitializer - Index data initialization done: 170 ms. Initialized stub indexes: {js.lazy.packages, java.class.shortname, org.jetbrains.kotlin.idea.stubindex.KotlinJvmNameAnnotationIndex, vue.url.index, Css.custom.variable, properties.index, org.jetbrains.kotlin.idea.stubindex.KotlinTopLevelTypeAliasFqNameIndex, gr.annot.members, postcss.custom.selector, amd.baseUrl.index, Css.ampersand.selector, js.symbol.index2, js.doc.modules, JS.global.qualified.elements, JS.base.types.index, js.qualified.shortName, js.gcl.modules, vue.options.index, vue.composition.app.index, org.jetbrains.kotlin.idea.stubindex.KotlinTopLevelPropertyFqnNameIndex, js.symbol.qualified.names.index, java.module.name, Scss.placeholder.selector, Css.custom.property, java.method.name, KotlinTopLevelExtensionsByReceiverTypeIndex, Scss.variable, java.method.parameter.types, JS.class.super, java.class.extlist, js.used.remote.modules, KotlinTopLevelFunctionByPackageIndex, Css.class, sql.table.shortName, org.jetbrains.kotlin.idea.stubindex.KotlinFilePartClassIndex, KotlinTypeAliasByExpansionShortNameIndex, org.jetbrains.kotlin.idea.stubindex.KotlinTopLevelClassByPackageIndex, gr.method.name, org.jetbrains.kotlin.idea.stubindex.KotlinAnnotationsIndex, org.jetbrains.kotlin.idea.stubindex.KotlinMultifileClassPartIndex, org.jetbrains.kotlin.idea.stubindex.KotlinFileFacadeShortNameIndex, org.jetbrains.kotlin.idea.stubindex.KotlinInnerTypeAliasClassIdIndex, Scss.function, vue.global.directives.index, js.imported.bindings.index, js.local.namespace.members.index, ts.embedded.content.index, ts.local.classes, org.jetbrains.kotlin.idea.stubindex.KotlinClassShortNameIndex, KotlinOverridableInternalMembersShortNameIndex, gr.field.name, java.annotations, org.jetbrains.kotlin.idea.stubindex.KotlinPropertyShortNameIndex, js.generics.index, JS.class.implements, gr.script.class, org.jetbrains.kotlin.idea.stubindex.KotlinFullClassNameIndex, js.element.qualifiedName, es6.exported.index, redis.dml.shortName, Scss.mixin, org.jetbrains.kotlin.idea.stubindex.KotlinSuperClassIndex, es6.assignment.index, KotlinTopLevelExpectPropertyFqNameIndex, java.anonymous.baseref, js.export.default.react.component.index, vuex.store.index, Css.attr, org.jetbrains.kotlin.idea.stubindex.KotlinExactPackagesIndex, ts.external.module.index, jvm.static.member.type, KotlinProbablyInjectedFunctionShortNameIndex, postcss.custom.media, sql.column.name, jvm.static.member.name, ts.external.module.name.index, org.jetbrains.kotlin.idea.stubindex.KotlinFileFacadeFqNameIndex, java.class.fqn, gr.anonymous.class, gr.class.fqn.s, vue.components.index, KotlinProbablyNothingPropertyShortNameIndex, java.record.component.name, ts.global.exported.index, KotlinTopLevelPropertyByPackageIndex, org.jetbrains.kotlin.idea.stubindex.KotlinScriptFqnIndex, KotlinTopLevelTypeAliasByPackageIndex, JS.subclass.stub.index, js.nonglobal.symbol.index, js.exported.index, sql.names, vue.id.index, vue.global.filters.index, Css.id, KotlinProbablyNothingFunctionShortNameIndex, js.amd.modules, js.class.index2, kotlin.primeIndexKey, java.field.name, js.typedef.index2, vue.mixin.binding.index, es6.side.effect.import.index, js.global.symbol.index, js.namespace.index, Css.custom.mixin, Less.variables, gr.script.fqn.s, amd.requirePaths.index, gr.class.super, org.jetbrains.kotlin.idea.stubindex.KotlinFunctionShortNameIndex, gr.annot.method.name, KotlinTopLevelExpectFunctionFqNameIndex, JS.framework.markers.index, KotlinFileFacadeClassByPackageIndex, vue.extends.binding.index, KotlinExtensionsInObjectsByReceiverTypeIndex, Less.mixins, java.unnamed.class, dom.elementClass, org.jetbrains.kotlin.idea.stubindex.KotlinTypeAliasShortNameIndex, org.jetbrains.kotlin.idea.stubindex.KotlinSubclassObjectNameIndex, org.jetbrains.kotlin.idea.stubindex.KotlinTopLevelFunctionFqnNameIndex, KotlinProbablyContractedFunctionShortNameIndex, dom.namespaceKey}.
2026-02-16 13:45:23,338 [   1987]   INFO - STDOUT - By using this linter, you agree to
2026-02-16 13:45:23,338 [   1987]   INFO - STDOUT - - JetBrains Privacy Policy (https://jb.gg/jetbrains-privacy-policy)
2026-02-16 13:45:23,338 [   1987]   INFO - STDOUT - - Qodana Linters Agreement (https://www.jetbrains.com/legal/docs/agreements/qodana/license/)
2026-02-16 13:45:23,338 [   1987]   INFO - STDOUT - Licensed to JetBrains Team
2026-02-16 13:45:23,338 [   1987]   INFO - STDOUT - Subscription is active until June 30, 2026.
2026-02-16 13:45:23,338 [   1987]   INFO - STDOUT - Qodana license plan: Ultimate Plus
2026-02-16 13:45:23,343 [   1992]   WARN - org.jline - Unable to create a system terminal, creating a dumb terminal (enable debug logging for more information)
2026-02-16 13:45:23,362 [   2011]   WARN - org.jline - Unable to create a system terminal, creating a dumb terminal (enable debug logging for more information)
2026-02-16 13:45:23,367 [   2016]   INFO - STDOUT -                                         
2026-02-16 13:45:23,368 [   2017]   INFO - STDOUT -           _              _       
2026-02-16 13:45:23,368 [   2017]   INFO - STDOUT -          /\ \           /\ \        Qodana for JVM 2025.3.1 RC
2026-02-16 13:45:23,368 [   2017]   INFO - STDOUT -         /  \ \         /  \ \       Documentation
2026-02-16 13:45:23,368 [   2017]   INFO - STDOUT -        / /\ \ \       / /\ \ \      https://jb.gg/qodana-docs
2026-02-16 13:45:23,368 [   2017]   INFO - STDOUT -       / / /\ \ \     / / /\ \ \     Contact us at
2026-02-16 13:45:23,368 [   2017]   INFO - STDOUT -      / / /  \ \_\   / / /  \ \_\    qodana-support@jetbrains.com
2026-02-16 13:45:23,368 [   2017]   INFO - STDOUT -     / / / _ / / /  / / /   / / /    Or via our issue tracker
2026-02-16 13:45:23,369 [   2018]   INFO - STDOUT -    / / / /\ \/ /  / / /   / / /     https://jb.gg/qodana-issue
2026-02-16 13:45:23,369 [   2018]   INFO - STDOUT -   / / /__\ \ \/  / / /___/ / /      Or share your feedback at our forum
2026-02-16 13:45:23,369 [   2018]   INFO - STDOUT -  / / /____\ \ \ / / /____\/ /       https://jb.gg/qodana-forum
2026-02-16 13:45:23,369 [   2018]   INFO - STDOUT -  \/________\_\/ \/_________/     
2026-02-16 13:45:23,369 [   2018]   INFO - STDOUT -                                                    
2026-02-16 13:45:23,369 [   2018]   INFO - STDOUT -                                         
2026-02-16 13:45:23,369 [   2018]   INFO - STDOUT - Starting up Qodana for JVM 2025.3.1 RC (build QDJVM-253.29648)…done.
2026-02-16 13:45:30,538 [   9187]   INFO - #o.j.q.j.j.QodanaConfigJdkService - Setting up JDK '21' from Qodana config
2026-02-16 13:45:30,561 [   9210]   INFO - #c.i.o.p.i.j.JdkAuto - Looking for a local SDK for JDK with name 21
2026-02-16 13:45:30,582 [   9231]   INFO - #c.i.o.p.i.j.JdkAuto - The following local JDKs were found: [/opt/idea/jbr, 21.0.9, 21]
2026-02-16 13:45:30,629 [   9278]   INFO - #c.i.w.i.i.j.s.JpsGlobalModelSynchronizerImpl - Loading global entities com.intellij.platform.workspace.jps.entities.SdkEntity from files
2026-02-16 13:45:30,630 [   9279]   INFO - #c.i.w.i.i.j.s.JpsGlobalModelSynchronizerImpl - Loading global entities com.intellij.platform.workspace.jps.entities.LibraryEntity from files
2026-02-16 13:45:30,663 [   9312]   INFO - #c.i.u.s.JBUIScale - Computed user scale factor: 1.0 (IDE-managed HiDPI)
2026-02-16 13:45:31,020 [   9669]   INFO - #c.i.w.i.i.GlobalWorkspaceModel - Global model updated to version 2 in 11 ms: Adding SDK: 21 JavaSDK
2026-02-16 13:45:31,020 [   9669]   INFO - #c.i.o.p.i.UnknownMissingSdkFixLocal - Automatically set Sdk SdkLookup{JDK, name=21} to /opt/idea/jbr
2026-02-16 13:45:31,020 [   9669]   INFO - #o.j.q.j.j.QodanaConfigJdkService - Setting up JDK '21' from Qodana config completed
2026-02-16 13:45:31,025 [   9674]   INFO - #o.j.q.s.i.r.ConsoleLog - Preparing for the Project opening stage ...
2026-02-16 13:45:31,025 [   9674]   INFO - STDOUT - Opening project…Preparing for the Project opening stage ...
2026-02-16 13:45:31,038 [   9687]   INFO - #c.i.i.i.ProjectUtil - Opening existing project with .idea at /data/project
2026-02-16 13:45:31,049 [   9698]   INFO - #c.i.p.p.ProjectEntitiesStorage - Creating entity for project ProjectId(id=ir2bh689u80khdsg40l6)
2026-02-16 13:45:31,057 [   9706]   INFO - #c.i.p.p.ProjectEntitiesStorage - Entity for project ProjectId(id=ir2bh689u80khdsg40l6) created successfully
2026-02-16 13:45:31,068 [   9717]   INFO - #c.i.c.ComponentStoreImpl - Project store initialization started for path: /data/project and template: null
2026-02-16 13:45:31,100 [   9749]   INFO - #c.i.c.ComponentStoreImpl - Project store initialized with paths: [Macro(key=$PROJECT_CONFIG_DIR$, value=/data/project/.idea), Macro(key=$WORKSPACE_FILE$, value=/data/project/.idea/workspace.xml), Macro(key=$PROJECT_FILE$, value=/data/project/.idea/misc.xml), Macro(key=$CACHE_FILE$, value=/data/cache/idea/253/projects/project.15375f63/cache-state.xml), Macro(key=$PRODUCT_WORKSPACE_FILE$, value=/root/.config/idea/workspace/34jFNVRP1mvQHeF1ZhaD1SREEFz.xml)]
2026-02-16 13:45:31,110 [   9759]   INFO - #c.i.w.i.i.GlobalWorkspaceModel - Project java-basics is added to the list of initializing and open projects
2026-02-16 13:45:31,110 [   9759]   INFO - #c.i.w.i.i.l.m.ModuleBridgeLoaderService - Workspace model loaded without cache. Loading real project state into workspace model. Thread[#48,DefaultDispatcher-worker-16,5,main]
2026-02-16 13:45:31,149 [   9798]   INFO - #c.i.w.i.i.EntitiesOrphanageImpl - Update orphanage. 0 modules added
2026-02-16 13:45:31,150 [   9799]   INFO - #c.i.w.i.i.WorkspaceModelImpl - Project model updated to version 1 in 32 ms: Change entity sources to externally imported
2026-02-16 13:45:31,205 [   9854]   INFO - #c.i.w.i.i.GlobalWorkspaceModel - Sync global entities with mutable entity storage
2026-02-16 13:45:31,217 [   9866]   INFO - #c.i.w.i.i.j.s.JpsProjectModelSynchronizer - Attempt 1: Apply JPS storage (iml files)
2026-02-16 13:45:31,231 [   9880]   INFO - #c.i.c.m.CodeInsightContextEnabling - multiverse is enabled
2026-02-16 13:45:31,262 [   9911]   INFO - #c.i.w.i.i.GlobalWorkspaceModel - During global workspace model update the changes were also applied to project: java-basics
2026-02-16 13:45:31,263 [   9912]   INFO - #c.i.w.i.i.GlobalWorkspaceModel - Global model updated to version 3 in 1 ms: Sync entities from project java-basics with global storage
2026-02-16 13:45:31,263 [   9912]   INFO - #c.i.w.i.i.EntitiesOrphanageImpl - Update orphanage. 0 modules added
2026-02-16 13:45:31,272 [   9921]   INFO - #c.i.w.i.i.WorkspaceModelImpl - Project model updated to version 2
2026-02-16 13:45:31,272 [   9921]   INFO - #c.i.w.i.i.EntitiesOrphanageImpl - Update orphanage. 1 modules added
2026-02-16 13:45:31,276 [   9925]   INFO - #c.i.w.i.i.j.s.JpsProjectModelSynchronizer - Attempt 1: Changes were successfully applied
2026-02-16 13:45:31,330 [   9979]   INFO - #c.i.w.i.i.EntitiesOrphanageImpl - Update orphanage. 0 modules added
2026-02-16 13:45:31,331 [   9980]   INFO - #c.i.w.i.i.WorkspaceModelImpl - Project model updated to version 3 in 8 ms: Module model commit
2026-02-16 13:45:31,359 [  10008]   INFO - #c.i.w.i.i.EntitiesOrphanageImpl - Update orphanage. 0 modules added
2026-02-16 13:45:31,360 [  10009]   INFO - #c.i.w.i.i.WorkspaceModelImpl - Project model updated to version 4 in 16 ms: Root model commit
2026-02-16 13:45:31,393 [  10042]   INFO - #c.i.p.c.ProjectCodeStyleSettingsManager - Initialized from default code style settings.
2026-02-16 13:45:31,404 [  10053]   INFO - #c.i.w.i.i.EntitiesOrphanageImpl - Update orphanage. 0 modules added
2026-02-16 13:45:31,405 [  10054]   INFO - #c.i.w.i.i.WorkspaceModelImpl - Project model updated to version 5 in 3 ms: Add project root /data/project to project java-basics
2026-02-16 13:45:31,406 [  10055]   INFO - #c.i.o.p.i.ProjectManagerImpl - Project java-basics was added to the list of open projects
2026-02-16 13:45:31,425 [  10074]   INFO - #c.i.o.p.MergingQueueGuiExecutor - Running task: (dumb mode task) com.intellij.openapi.project.InitialDumbTaskRequiredForSmartMode@2de7339f
2026-02-16 13:45:31,427 [  10076]   INFO - #c.i.o.p.DumbServiceMergingTaskQueue - Initializing DumbServiceMergingTaskQueue...
2026-02-16 13:45:31,428 [  10077]   INFO - #c.i.o.p.DumbServiceMergingTaskQueue - Running initialization condition: com.intellij.indexing.shared.download.SharedIndexDownloadedCondition@3a2220dd
2026-02-16 13:45:31,429 [  10078]   INFO - #c.i.o.p.DumbServiceMergingTaskQueue - Finished: com.intellij.indexing.shared.download.SharedIndexDownloadedCondition@3a2220dd
2026-02-16 13:45:31,431 [  10080]   INFO - STDOUT - 'external-system' is in progress...
2026-02-16 13:45:31,432 [  10081]   INFO - #c.i.o.p.InitialDumbTaskRequiredForSmartMode - Running task required for smart mode: com.intellij.indexing.shared.platform.impl.OnDiskSharedIndexChunkLocator@5ac6e580
2026-02-16 13:45:31,433 [  10082]   INFO - #c.i.o.p.InitialDumbTaskRequiredForSmartMode - Finished task required for smart mode: com.intellij.indexing.shared.platform.impl.OnDiskSharedIndexChunkLocator@5ac6e580
2026-02-16 13:45:31,433 [  10082]   INFO - #c.i.o.p.InitialDumbTaskRequiredForSmartMode - Running task required for smart mode: com.intellij.util.indexing.ProjectFileBasedIndexStartupActivity@1ca227fc
2026-02-16 13:45:31,435 [  10084]   INFO - #c.i.u.i.FileBasedIndexImpl - Indexes are already loaded
2026-02-16 13:45:31,438 [  10087]   INFO - #c.i.u.i.p.IncrementalProjectIndexableFilesFilterHolder - PersistentProjectIndexableFilesFilterFactory is chosen as indexable files filter factory for project: java-basics
2026-02-16 13:45:31,442 [  10091]   INFO - #c.i.u.i.FileBasedIndexImpl - Indexes are already loaded
2026-02-16 13:45:31,449 [  10098]   INFO - #c.i.u.i.d.AppIndexingDependenciesService - Invalidating all indexing flags. Reason: App fingerprint changed: FingerprintImpl(fingerprint=0) to FingerprintImpl(fingerprint=3506061441817918130)
2026-02-16 13:45:31,456 [  10105]   INFO - #c.i.u.i.UnindexedFilesScanner - Full scanning on startup will NOT be skipped for project java-basics because of following unsatisfied conditions:
FILTER_IS_NOT_UP_TO_DATE: Persistent indexable files filter is NOT up-to-date because of following unsatisfied conditions: [IS_FILTER_LOADED_FROM_DISK, FILTER_IS_NOT_INVALIDATED, INDEXING_REQUEST_ID_DID_NOT_CHANGE_AFTER_LAST_SCANNING]
2026-02-16 13:45:31,461 [  10110]   INFO - #c.i.o.p.InitialDumbTaskRequiredForSmartMode - Finished task required for smart mode: com.intellij.util.indexing.ProjectFileBasedIndexStartupActivity@1ca227fc
2026-02-16 13:45:31,462 [  10111]   INFO - #c.i.o.p.InitialDumbTaskRequiredForSmartMode - Running task required for smart mode: com.intellij.util.indexing.FileBasedIndexInfrastructureExtensionStartup@63b0b5b8
2026-02-16 13:45:31,463 [  10112]   INFO - #c.i.o.p.UnindexedFilesScannerExecutor - [15375f63] Running task: com.intellij.util.indexing.UnindexedFilesScannerExecutorImpl$ScheduledScanningTask@5dcc36c9
2026-02-16 13:45:31,465 [  10114]   INFO - #c.i.i.s.p.i.SharedIndexChunkConfigurationImpl - Chunk bundled-jdk-30f59d01ecdd-2fc7cc6b9a17-intellij.indexing.shared.core-QDJVM-253.31399 is not found and is not registered for project 'java-basics'
2026-02-16 13:45:31,475 [  10124]   INFO - #c.i.u.i.UnindexedFilesScanner - [15375f63] scanning stage (scanning id=0): DelayedPushProperties
2026-02-16 13:45:31,493 [  10142]   INFO - #c.i.w.i.i.EntitiesOrphanageImpl - Update orphanage. 0 modules added
2026-02-16 13:45:31,494 [  10143]   INFO - #c.i.w.i.i.WorkspaceModelImpl - Project model updated to version 6 in 15 ms: ConstantEntitiesCheckActivity
2026-02-16 13:45:31,497 [  10146]   INFO - #c.i.o.a.i.NonBlockingReadActionImpl - OTel monitoring for NonBlockingReadAction is enabled
2026-02-16 13:45:31,498 [  10147]   INFO - #c.i.u.i.FileBasedIndexImpl - Indexes are already loaded
2026-02-16 13:45:31,509 [  10158]   INFO - #c.i.i.s.p.i.SharedIndexChunkConfigurationImpl - Chunk bundled-js-predefined-d6986cc7102b-9b0f141eb926-JavaScript-QDJVM-253.31399 is not found and is not registered for project 'java-basics'
2026-02-16 13:45:31,510 [  10159]   WARN - #c.i.i.s.p.i.SharedIndexInfrastructure - Skipped 2 shared indexes: bundled-jdk-30f59d01ecdd-2fc7cc6b9a17-intellij.indexing.shared.core-QDJVM-253.31399, bundled-js-predefined-d6986cc7102b-9b0f141eb926-JavaScript-QDJVM-253.31399
2026-02-16 13:45:31,511 [  10160]   INFO - #c.i.u.i.d.ProjectIndexingDependenciesService - Requesting heavy scanning on project open. Reason: Shared indexes could not load 2 chunks. Invalidate indexing flag in project [java-basics] and continue.
2026-02-16 13:45:31,511 [  10160]   INFO - #c.i.o.p.InitialDumbTaskRequiredForSmartMode - Finished task required for smart mode: com.intellij.util.indexing.FileBasedIndexInfrastructureExtensionStartup@63b0b5b8
2026-02-16 13:45:31,511 [  10160]   INFO - #c.i.o.p.InitialDumbTaskRequiredForSmartMode - Running task required for smart mode: com.intellij.util.indexing.DumbModeWhileScanningSubscriber@4de72cb5
2026-02-16 13:45:31,511 [  10160]   INFO - #c.i.u.i.UnindexedFilesScanner - [15375f63] Started scanning for indexing of java-basics. Reason: On project open
2026-02-16 13:45:31,511 [  10160]   INFO - #c.i.u.i.UnindexedFilesScanner - [15375f63] scanning stage (scanning id=0): CreatingIterators
2026-02-16 13:45:31,511 [  10160]   INFO - #c.i.o.p.InitialDumbTaskRequiredForSmartMode - Finished task required for smart mode: com.intellij.util.indexing.DumbModeWhileScanningSubscriber@4de72cb5
2026-02-16 13:45:31,512 [  10161]   INFO - #c.i.o.p.InitialDumbTaskRequiredForSmartMode - Running task required for smart mode: com.intellij.ide.projectWizard.generators.SdkPreIndexingRequiredForSmartModeActivity@258b188c
2026-02-16 13:45:31,513 [  10162]   INFO - #c.i.o.p.InitialDumbTaskRequiredForSmartMode - Finished task required for smart mode: com.intellij.ide.projectWizard.generators.SdkPreIndexingRequiredForSmartModeActivity@258b188c
2026-02-16 13:45:31,514 [  10163]   INFO - #c.i.o.p.MergingQueueGuiExecutor - Task finished: (dumb mode task) com.intellij.openapi.project.InitialDumbTaskRequiredForSmartMode@2de7339f
2026-02-16 13:45:31,522 [  10171]   INFO - #c.i.o.e.s.p.m.ExternalProjectsDataStorage - Load external projects data in 1 millis (read time: 0)
2026-02-16 13:45:31,524 [  10173]   INFO - #c.i.o.p.DumbServiceImpl - exit dumb mode [java-basics]
2026-02-16 13:45:31,539 [  10188]   INFO - #c.i.o.v.i.p.NewMappings - VCS Root: [Git] - [<Project>]
2026-02-16 13:45:31,539 [  10188]   INFO - #c.i.o.v.i.p.NewMappings - VCS Root: [Git] - [/data/project/subproject]
2026-02-16 13:45:31,610 [  10259]   INFO - #git4idea.commands.GitHandler - [/data/project] git -c core.quotepath=false -c log.showSignature=false version
2026-02-16 13:45:31,614 [  10263]   INFO - #git4idea.commands.GitHandler - git version 2.39.5
2026-02-16 13:45:31,618 [  10267]   INFO - #git4idea.config.GitExecutableFileTester - Git version for /usr/bin/git: 2.39.5.0 (UNIX)
2026-02-16 13:45:31,642 [  10291]   INFO - #c.i.o.v.i.p.NewMappings - Mapped Roots: 1
2026-02-16 13:45:31,644 [  10293]   INFO - #c.i.o.v.i.p.NewMappings - Mapped Roots: 2
2026-02-16 13:45:31,644 [  10293]   INFO - #c.i.o.v.i.p.NewMappings - Detected mapped Root: [Git] - [/data/project]
2026-02-16 13:45:31,658 [  10307]   INFO - #o.j.k.i.PluginStartupActivity - Kotlin plugin mode: K2
2026-02-16 13:45:31,665 [  10314]   INFO - STDOUT - [IDE]: Task 'Analyzing project to enable smart features' ended
2026-02-16 13:45:31,669 [  10318]   INFO - #c.i.p.d.i.f.FrontendXBreakpointManager - Breakpoint created for XBreakpointId(uid=1)
2026-02-16 13:45:31,670 [  10319]   INFO - #c.i.p.d.i.f.FrontendXBreakpointManager - Breakpoint created for XBreakpointId(uid=2)
2026-02-16 13:45:31,678 [  10327]   INFO - #c.i.c.CompilerWorkspaceConfiguration - Available processors: 8
2026-02-16 13:45:31,687 [  10336]   INFO - #o.j.k.g.s.s.r.GradleBuildRootIndex - /data/project: null -> org.jetbrains.kotlin.gradle.scripting.shared.roots.New@75cbddb8
2026-02-16 13:45:31,769 [  10418]   INFO - #o.j.i.maven - Updating index list for project Project(name=java-basics, containerState=COMPONENT_CREATED, componentStore=/data/project)
2026-02-16 13:45:31,770 [  10419]   WARN - #o.j.i.maven - MavenProjectsTree is inconsistent
2026-02-16 13:45:31,770 [  10419]   INFO - #o.j.i.maven - updating index list for Project(name=java-basics, containerState=COMPONENT_CREATED, componentStore=/data/project) - will add repository local:local:/data/cache/.m2, before was null
2026-02-16 13:45:31,775 [  10424]   WARN - #o.j.i.maven - updateAllMavenProjects started: incremental=false, MavenProjectsManager.onProjectStartup java-basics
2026-02-16 13:45:31,779 [  10428]   INFO - #o.j.i.maven - Starting update maven index for local:local:/data/cache/.m2
2026-02-16 13:45:31,797 [  10446]   INFO - #o.j.i.maven - GAV index updated for repo /data/cache/.m2, 0 files processed in 0 groups in 1 millis, succeed = true
2026-02-16 13:45:32,307 [  10956]   INFO - #c.i.l.t.l.TypeScriptLibraryProviderImpl - Start refreshing typescript libraries
2026-02-16 13:45:32,317 [  10966]   INFO - #c.i.u.i.UnindexedFilesScanner - [15375f63] scanning stage (scanning id=0): CollectingIndexableFiles
2026-02-16 13:45:32,317 [  10966]   INFO - #c.i.u.i.d.ProjectIndexingDependenciesService - Heavy scanning on startup because of incomplete scanning from previous IDE session
2026-02-16 13:45:32,338 [  10987]   INFO - #c.i.u.i.UnindexedFilesScanner - Scanning of java-basics uses 8 scanning threads
2026-02-16 13:45:32,444 [  11093]   INFO - STDOUT - [IDE]: Task 'Importing 'project' Gradle Project' started
2026-02-16 13:45:32,503 [  11152]   INFO - #c.i.l.t.l.TypeScriptLibraryProviderImpl - End refreshing typescript libraries
2026-02-16 13:45:32,718 [  11367]   INFO - #c.i.o.e.u.ExternalSystemUtil - External project [/data/project] resolution task started
2026-02-16 13:45:32,738 [  11387]   INFO - STDOUT - [IDE]: Task 'Resolving SDKs' started
2026-02-16 13:45:32,740 [  11389]   INFO - STDOUT - [IDE]: Validating existing SDKs
2026-02-16 13:45:32,742 [  11391]   INFO - STDOUT - [IDE]: Task 'Resolving SDKs' ended in 6 ms
2026-02-16 13:45:32,744 [  11393]   INFO - STDOUT - [Gradle]: Gradle resolve stage started java-basics:15375f63, working dir: /data/project
2026-02-16 13:45:32,772 [  11421]   INFO - #o.j.i.maven - preimport statistics: linked: 1 of 1 with total 1 modules interpolated 15 of 15, 0 modules added. This statistics calculated for 0 millis
2026-02-16 13:45:32,792 [  11441]   INFO - #o.j.i.maven - Importing Maven project using Workspace API
2026-02-16 13:45:32,817 [  11466]   INFO - #o.j.p.g.GradleManager - Instructing gradle to use java from /opt/idea/jbr
2026-02-16 13:45:32,834 [  11483]   INFO - #o.j.p.g.GradleManager - Instructing gradle to use java from /opt/idea/jbr
2026-02-16 13:45:32,849 [  11498]   INFO - #c.i.j.d.b.r.HostToClientMessagingService - New subscription for ClientId(value=Host)
2026-02-16 13:45:32,853 [  11502]   INFO - #c.i.j.d.f.r.HostRequestListenerActivity - Connected to host
2026-02-16 13:45:32,855 [  11504]   INFO - #o.j.q.s.i.r.ConsoleLog - Setting project JDK 21
2026-02-16 13:45:32,855 [  11504]   INFO - STDOUT - Setting project JDK 21
2026-02-16 13:45:32,857 [  11506]   INFO - #o.j.q.j.j.SdkRootsFixActivity - Set resolve roots for SDK 21 Version:java version "21.0.9" Path:(/opt/idea/jbr)
2026-02-16 13:45:32,878 [  11527]   WARN - #c.i.o.e.c.i.EditorColorsManagerImpl - resource not found: colorSchemes/SqlDefault.xml
2026-02-16 13:45:32,878 [  11527]   WARN - #c.i.o.e.c.i.EditorColorsManagerImpl - resource not found: colorSchemes/sassDefault.xml
2026-02-16 13:45:32,879 [  11528]   WARN - #c.i.o.e.c.i.EditorColorsManagerImpl - resource not found: colorSchemes/SqlDarcula.xml
2026-02-16 13:45:32,915 [  11564]   INFO - #c.i.i.s.IdeStartupScripts - 0 startup script(s) found
2026-02-16 13:45:32,920 [  11569]   INFO - #c.i.p.t.TemplateLanguageStubBaseVersion - Template stub version: 12361792
  StubVersion(Language: HTML, value: 1123678)
  StubVersion(Language: Properties, value: 0)
  StubVersion(Language: CSS, value: 38)
  StubVersion(Language: Groovy, value: 52)
  StubVersion(Language: SCSS, value: 39)
  StubVersion(Language: SASS, value: 39)
  StubVersion(Language: SQL, value: 35)
  StubVersion(Language: MongoDB, value: 35)
  StubVersion(Language: Redis, value: 35)
  StubVersion(Language: MySQL, value: 35)
  StubVersion(Language: SQLite, value: 35)
  StubVersion(Language: PostgreSQL, value: 35)
  StubVersion(Language: SQL92, value: 35)
  StubVersion(Language: GenericSQL, value: 35)
  StubVersion(Language: Oracle, value: 35)
  StubVersion(Language: NetSuite, value: 35)
  StubVersion(Language: OracleSqlPlus, value: 35)
  StubVersion(Language: TSQL, value: 35)
  StubVersion(Language: Sybase, value: 35)
  StubVersion(Language: MariaDB, value: 35)
  StubVersion(Language: CassandraQL, value: 35)
  StubVersion(Language: ClickHouse, value: 35)
  StubVersion(Language: DB2_IS, value: 35)
  StubVersion(Language: DB2, value: 35)
  StubVersion(Language: DB2_ZOS, value: 35)
  StubVersion(Language: Derby, value: 35)
  StubVersion(Language: Exasol, value: 35)
  StubVersion(Language: Greenplum, value: 35)
  StubVersion(Language: H2, value: 35)
  StubVersion(Language: HiveQL, value: 35)
  StubVersion(Language: HSQLDB, value: 35)
  StubVersion(Language: Redshift, value: 35)
  StubVersion(Language: Snowflake, value: 35)
  StubVersion(Language: SparkSQL, value: 35)
  StubVersion(Language: Vertica, value: 35)
  StubVersion(Language: BigQuery, value: 35)
  StubVersion(Language: CouchbaseQuery, value: 35)
  StubVersion(Language: Cockroach, value: 35)
  StubVersion(Language: Dynamo, value: 35)
  StubVersion(Language: JAVA, value: 66)
  StubVersion(Language: JavaScript, value: 1123637)
  StubVersion(Language: TypeScript, value: 1123637)
  StubVersion(Language: ECMAScript 6, value: 1123637)
  StubVersion(Language: TypeScript JSX, value: 1123637)
  StubVersion(Language: Flow JS, value: 1123637)
  StubVersion(Language: MongoJSExt, value: 1123637)
  StubVersion(Language: HttpClientHandlerJavaScriptDialect, value: 1123637)
  StubVersion(Language: Vue, value: 1123688)
  StubVersion(Language: VueJS, value: 1123637)
  StubVersion(Language: VueTS, value: 1123637)
  StubVersion(Language: LESS, value: 38)
  StubVersion(Language: kotlin, value: 225)
  StubVersion(Language: PostCSS, value: 41)
2026-02-16 13:45:32,933 [  11582]   INFO - #c.i.d.PerformanceWatcherImpl - Post-startup activities under progress took 1504ms; general responsiveness: ok; EDT responsiveness: ok
2026-02-16 13:45:33,084 [  11733]   INFO - #c.i.i.s.p.i.SharedIndexChunkConfigurationImpl - Chunk bundled-jdk-30f59d01ecdd-26cb7f24e5b0-intellij.indexing.shared.core-QDJVM-253.29648 is registered for project 'java-basics: matching: (fb=96, stub=126), incompatible: (fb=1, stub=0), unknown: (fb=10, stub=13), 
2026-02-16 13:45:33,170 [  11819]   WARN - #c.i.s.SpellCheckerManager - Couldn't load dictionary vue.dic with loader 'class org.jetbrains.vuejs.spellchecker.VueSpellcheckingDictionaryProvider'
2026-02-16 13:45:33,171 [  11820]   INFO - #c.i.w.i.i.EntitiesOrphanageImpl - Update orphanage. 0 modules added
2026-02-16 13:45:33,173 [  11822]   INFO - #c.i.i.s.p.i.SharedIndexChunkConfigurationImpl - Chunk bundled-js-predefined-d6986cc7102b-9b0f141eb926-JavaScript-QDJVM-253.29648 is registered for project 'java-basics: matching: (fb=64, stub=117), incompatible: (fb=4, stub=0), unknown: (fb=30, stub=43), 
2026-02-16 13:45:33,173 [  11822]   INFO - #c.i.w.i.i.WorkspaceModelImpl - Project model updated to version 7 in 3 ms: setOrClearProjectSdkName: SdkId(name=21, type=JavaSDK)
2026-02-16 13:45:33,174 [  11823]   INFO - #c.i.i.s.p.i.BundledSharedIndexPostStartupActivity - Attached 2 pre-built shared indexes: bundled-jdk-30f59d01ecdd-26cb7f24e5b0-intellij.indexing.shared.core-QDJVM-253.29648, bundled-js-predefined-d6986cc7102b-9b0f141eb926-JavaScript-QDJVM-253.29648
2026-02-16 13:45:33,181 [  11830]   INFO - #c.i.w.i.i.EntitiesOrphanageImpl - Update orphanage. 0 modules added
2026-02-16 13:45:33,182 [  11831]   INFO - #c.i.w.i.i.WorkspaceModelImpl - Project model updated to version 8 in 4 ms: Sync global entities with project: java-basics
2026-02-16 13:45:33,182 [  11831]   INFO - #c.i.w.i.i.GlobalWorkspaceModel - During global workspace model update the changes were also applied to project: java-basics
2026-02-16 13:45:33,182 [  11831]   INFO - #c.i.w.i.i.GlobalWorkspaceModel - Global model updated to version 4 in 7 ms: Modifying SDK SdkId(name=21, type=JavaSDK)
2026-02-16 13:45:33,225 [  11874]   INFO - #c.i.w.i.i.EntitiesOrphanageImpl - Update orphanage. 0 modules added
2026-02-16 13:45:33,227 [  11876]   INFO - #c.i.w.i.i.WorkspaceModelImpl - Project model updated to version 9 in 38 ms: The Gradle project sync
  phase = INITIAL_PHASE
  taskId = RESOLVE_PROJECT:2
  projectPath = /data/project
2026-02-16 13:45:33,254 [  11903]   INFO - #o.j.i.maven - Retrying to fast-apply to Workspace Model...
2026-02-16 13:45:33,268 [  11917]   INFO - #c.i.u.i.IndexingReasonExplanationLogger - Scheduling indexing of sass_string.scss (id=103) by request of indexes: [filetypes->NOT_INDEXED(not indexed),Trigram.Index->NOT_INDEXED(not indexed),IdIndex->NOT_INDEXED(not indexed),Stubs->NOT_INDEXED(not indexed),]. Scanner has updated file sass_string.scss (id=103) with appliers: [SingleIndexValueApplier{indexId=filetypes, inputId=103, fileInfo='sass_string.scss(id=103)'}] and removers: []; 
2026-02-16 13:45:33,269 [  11918]   INFO - #c.i.u.i.IndexingReasonExplanationLogger - Scheduling indexing of sass_meta.scss (id=101) by request of indexes: [filetypes->NOT_INDEXED(not indexed),Trigram.Index->NOT_INDEXED(not indexed),IdIndex->NOT_INDEXED(not indexed),Stubs->NOT_INDEXED(not indexed),]. Scanner has updated file sass_meta.scss (id=101) with appliers: [SingleIndexValueApplier{indexId=filetypes, inputId=101, fileInfo='sass_meta.scss(id=101)'}] and removers: []; 
2026-02-16 13:45:33,270 [  11919]   INFO - #c.i.u.i.IndexingReasonExplanationLogger - Scheduling indexing of sass_list.scss (id=98) by request of indexes: [filetypes->NOT_INDEXED(not indexed),Trigram.Index->NOT_INDEXED(not indexed),IdIndex->NOT_INDEXED(not indexed),Stubs->NOT_INDEXED(not indexed),]. Scanner has updated file sass_list.scss (id=98) with appliers: [SingleIndexValueApplier{indexId=filetypes, inputId=98, fileInfo='sass_list.scss(id=98)'}] and removers: []; 
2026-02-16 13:45:33,270 [  11919]   INFO - #c.i.u.i.IndexingReasonExplanationLogger - Scheduling indexing of sass_math.scss (id=100) by request of indexes: [filetypes->NOT_INDEXED(not indexed),Trigram.Index->NOT_INDEXED(not indexed),IdIndex->NOT_INDEXED(not indexed),Stubs->NOT_INDEXED(not indexed),]. Scanner has updated file sass_math.scss (id=100) with appliers: [SingleIndexValueApplier{indexId=filetypes, inputId=100, fileInfo='sass_math.scss(id=100)'}] and removers: []; 
2026-02-16 13:45:33,271 [  11920]   INFO - #c.i.u.i.IndexingReasonExplanationLogger - Scheduling indexing of sass_selector.scss (id=102) by request of indexes: [filetypes->NOT_INDEXED(not indexed),Trigram.Index->NOT_INDEXED(not indexed),IdIndex->NOT_INDEXED(not indexed),Stubs->NOT_INDEXED(not indexed),]. Scanner has updated file sass_selector.scss (id=102) with appliers: [SingleIndexValueApplier{indexId=filetypes, inputId=102, fileInfo='sass_selector.scss(id=102)'}] and removers: []; 
2026-02-16 13:45:33,271 [  11920]   INFO - #c.i.u.i.IndexingReasonExplanationLogger - Scheduling indexing of sass_functions.scss (id=96) by request of indexes: [filetypes->NOT_INDEXED(not indexed),Trigram.Index->NOT_INDEXED(not indexed),IdIndex->NOT_INDEXED(not indexed),Stubs->NOT_INDEXED(not indexed),]. Scanner has updated file sass_functions.scss (id=96) with appliers: [SingleIndexValueApplier{indexId=filetypes, inputId=96, fileInfo='sass_functions.scss(id=96)'}] and removers: []; 
2026-02-16 13:45:33,271 [  11920]   INFO - #c.i.u.i.IndexingReasonExplanationLogger - Scheduling indexing of sass_color.scss (id=97) by request of indexes: [filetypes->NOT_INDEXED(not indexed),Trigram.Index->NOT_INDEXED(not indexed),IdIndex->NOT_INDEXED(not indexed),Stubs->NOT_INDEXED(not indexed),]. Scanner has updated file sass_color.scss (id=97) with appliers: [SingleIndexValueApplier{indexId=filetypes, inputId=97, fileInfo='sass_color.scss(id=97)'}] and removers: []; 
2026-02-16 13:45:33,277 [  11926]   INFO - #c.i.u.i.IndexingReasonExplanationLogger - Scheduling indexing of sass_map.scss (id=99) by request of indexes: [filetypes->NOT_INDEXED(not indexed),Trigram.Index->NOT_INDEXED(not indexed),IdIndex->NOT_INDEXED(not indexed),Stubs->NOT_INDEXED(not indexed),]. Scanner has updated file sass_map.scss (id=99) with appliers: [SingleIndexValueApplier{indexId=filetypes, inputId=99, fileInfo='sass_map.scss(id=99)'}] and removers: []; 
2026-02-16 13:45:33,315 [  11964]   INFO - #c.i.w.i.i.EntitiesOrphanageImpl - Update orphanage. 0 modules added
2026-02-16 13:45:33,334 [  11983]   INFO - #c.i.w.i.i.WorkspaceModelImpl - Project model updated to version 10: Maven update project model
2026-02-16 13:45:33,339 [  11988]   INFO - #o.j.i.m.i.w.WorkspaceProjectImporter - Project model updated to version 10 (attempts: 2, previous version: 6)
2026-02-16 13:45:33,346 [  11995]   INFO - #c.i.u.i.IndexingReasonExplanationLogger - Scheduling indexing of annotation.kotlin_builtins (id=3472) by request of indexes: [org.jetbrains.kotlin.idea.vfilefinder.KotlinPartialPackageNamesIndex->NOT_INDEXED(not indexed),org.jetbrains.kotlin.idea.vfilefinder.KotlinMetadataFileIndex->NOT_INDEXED(not indexed),org.jetbrains.kotlin.idea.vfilefinder.KotlinMetadataFilePackageIndex->NOT_INDEXED(not indexed),org.jetbrains.kotlin.idea.vfilefinder.KotlinBuiltInsMetadataIndex->NOT_INDEXED(not indexed),KotlinTopLevelCallableByPackageShortNameIndex->NOT_INDEXED(not indexed),KotlinTopLevelClassLikeDeclarationByPackageShortNameIndex->NOT_INDEXED(not indexed),KotlinBinaryRootToPackageIndex->NOT_INDEXED(not indexed),filetypes->NOT_INDEXED(not indexed),Stubs->NOT_INDEXED(not indexed),]. Scanner has updated file annotation.kotlin_builtins (id=3472) with appliers: [SingleIndexValueApplier{indexId=filetypes, inputId=3472, fileInfo='annotation.kotlin_builtins(id=3472)'}] and removers: []; 
2026-02-16 13:45:33,347 [  11996]   INFO - #c.i.u.i.IndexingReasonExplanationLogger - Scheduling indexing of ranges.kotlin_builtins (id=3470) by request of indexes: [org.jetbrains.kotlin.idea.vfilefinder.KotlinPartialPackageNamesIndex->NOT_INDEXED(not indexed),org.jetbrains.kotlin.idea.vfilefinder.KotlinMetadataFileIndex->NOT_INDEXED(not indexed),org.jetbrains.kotlin.idea.vfilefinder.KotlinMetadataFilePackageIndex->NOT_INDEXED(not indexed),org.jetbrains.kotlin.idea.vfilefinder.KotlinBuiltInsMetadataIndex->NOT_INDEXED(not indexed),KotlinTopLevelCallableByPackageShortNameIndex->NOT_INDEXED(not indexed),KotlinTopLevelClassLikeDeclarationByPackageShortNameIndex->NOT_INDEXED(not indexed),KotlinBinaryRootToPackageIndex->NOT_INDEXED(not indexed),filetypes->NOT_INDEXED(not indexed),Stubs->NOT_INDEXED(not indexed),]. Scanner has updated file ranges.kotlin_builtins (id=3470) with appliers: [SingleIndexValueApplier{indexId=filetypes, inputId=3470, fileInfo='ranges.kotlin_builtins(id=3470)'}] and removers: []; 
2026-02-16 13:45:33,349 [  11998]   INFO - STDOUT - Downloading https://services.gradle.org/distributions/gradle-8.2.1-bin.zip
2026-02-16 13:45:33,355 [  12004]   INFO - #o.j.i.maven - [maven import] applying models to workspace model took 564ms
2026-02-16 13:45:33,373 [  12022]   INFO - #c.i.p.i.c.i.i.JavaIdIndexer - skipSourceFilesInLibraries: false (registry: 'ide.index.id.skip.java.sources.in.libs')
2026-02-16 13:45:33,658 [  12307]   INFO - #c.i.e.r.RemoteProcessSupport - Starring remote process. Existing info not found, creating PendingInfo:<DeferredCoroutine{Active}@cb5a02e,>
2026-02-16 13:45:33,701 [  12350]   INFO - #o.j.i.maven - Using extension org.jetbrains.idea.maven.maven3.Maven3Support@f86868d to start MavenServer
2026-02-16 13:45:33,814 [  12463]   INFO - #c.i.e.r.RemoteProcessSupport - Remote process system:/opt/idea/jbr/bin/java -Djava.awt.headless=true -Dmaven.defaultProjectBuilder.disableGlobalModelCache=true -Ddelegate.ssl.to.ide=true -Didea.version=2025.3.1 -Didea.maven.embedder.version=3.9.11 -Xmx768m -Dsun.rmi.server.exceptionTrace=true -Dmaven.ext.class.path=/opt/idea/plugins/maven/lib/maven-event-listener.jar -Dfile.encoding=UTF-8 -Dsun.stdout.encoding=UTF-8 -Dsun.stderr.encoding=UTF-8 -classpath /opt/idea/plugins/repository-search/lib/maven-model.jar:/opt/idea/plugins/maven/lib/maven-server.jar:/opt/idea/plugins/maven/lib/maven-server-telemetry.jar:/opt/idea/lib/opentelemetry.jar:/opt/idea/plugins/maven/lib/maven-telemetry-lib/jackson-core-2.16.0.jar:/opt/idea/plugins/maven/lib/maven3-server-common.jar:/opt/idea/plugins/maven/lib/maven3-server-lib/archetype-descriptor-2.2.jar:/opt/idea/plugins/maven/lib/maven3-server-lib/maven-dependency-tree-1.2.jar:/opt/idea/plugins/maven/lib/maven3-server-lib/lucene-core-2.4.1.jar:/opt/idea/plugins/maven/lib/maven3-server-lib/archetype-common-2.2.jar:/opt/idea/plugins/maven/lib/maven3-server-lib/archetype-catalog-2.2.jar:/opt/idea/plugins/maven/lib/maven3-server-lib/nexus-indexer-3.0.4.jar:/opt/idea/plugins/maven/lib/maven3-server-lib/nexus-indexer-artifact-1.0.1.jar:/opt/idea/plugins/maven/lib/maven3-server.jar:/opt/idea/plugins/maven/lib/maven36-server.jar:/opt/idea/plugins/maven/lib/maven3/lib/maven-embedder-3.9.11.jar:/opt/idea/plugins/maven/lib/maven3/lib/httpclient-4.5.14.jar:/opt/idea/plugins/maven/lib/maven3/lib/httpcore-4.4.16.jar:/opt/idea/plugins/maven/lib/maven3/lib/plexus-component-annotations-2.2.0.jar:/opt/idea/plugins/maven/lib/maven3/lib/wagon-http-shared-3.5.3.jar:/opt/idea/plugins/maven/lib/maven3/lib/maven-resolver-impl-1.9.24.jar:/opt/idea/plugins/maven/lib/maven3/lib/maven-compat-3.9.11.jar:/opt/idea/plugins/maven/lib/maven3/lib/wagon-file-3.5.3.jar:/opt/idea/plugins/maven/lib/maven3/lib/org.eclipse.sisu.inject-0.9.0.M4.jar:/opt/idea/plugins/maven/lib/maven3/lib/wagon-http-3.5.3.jar:/opt/idea/plugins/maven/lib/maven3/lib/plexus-sec-dispatcher-2.0.jar:/opt/idea/plugins/maven/lib/maven3/lib/maven-plugin-api-3.9.11.jar:/opt/idea/plugins/maven/lib/maven3/lib/maven-repository-metadata-3.9.11.jar:/opt/idea/plugins/maven/lib/maven3/lib/plexus-cipher-2.0.jar:/opt/idea/plugins/maven/lib/maven3/lib/failureaccess-1.0.3.jar:/opt/idea/plugins/maven/lib/maven3/lib/jansi-2.4.2.jar:/opt/idea/plugins/maven/lib/maven3/lib/maven-settings-builder-3.9.11.jar:/opt/idea/plugins/maven/lib/maven3/lib/javax.annotation-api-1.3.2.jar:/opt/idea/plugins/maven/lib/maven3/lib/plexus-interpolation-1.28.jar:/opt/idea/plugins/maven/lib/maven3/lib/maven-shared-utils-3.4.2.jar:/opt/idea/plugins/maven/lib/maven3/lib/maven-resolver-provider-3.9.11.jar:/opt/idea/plugins/maven/lib/maven3/lib/maven-model-builder-3.9.11.jar:/opt/idea/plugins/maven/lib/maven3/lib/gson-2.13.1.jar:/opt/idea/plugins/maven/lib/maven3/lib/slf4j-api-1.7.36.jar:/opt/idea/plugins/maven/lib/maven3/lib/commons-cli-1.9.0.jar:/opt/idea/plugins/maven/lib/maven3/lib/jcl-over-slf4j-1.7.36.jar:/opt/idea/plugins/maven/lib/maven3/lib/plexus-utils-3.6.0.jar:/opt/idea/plugins/maven/lib/maven3/lib/guava-33.4.8-jre.jar:/opt/idea/plugins/maven/lib/maven3/lib/maven-resolver-spi-1.9.24.jar:/opt/idea/plugins/maven/lib/maven3/lib/aopalliance-1.0.jar:/opt/idea/plugins/maven/lib/maven3/lib/guice-5.1.0-classes.jar:/opt/idea/plugins/maven/lib/maven3/lib/maven-resolver-named-locks-1.9.24.jar:/opt/idea/plugins/maven/lib/maven3/lib/maven-resolver-connector-basic-1.9.24.jar:/opt/idea/plugins/maven/lib/maven3/lib/maven-resolver-util-1.9.24.jar:/opt/idea/plugins/maven/lib/maven3/lib/jspecify-1.0.0.jar:/opt/idea/plugins/maven/lib/maven3/lib/maven-core-3.9.11.jar:/opt/idea/plugins/maven/lib/maven3/lib/maven-model-3.9.11.jar:/opt/idea/plugins/maven/lib/maven3/lib/org.eclipse.sisu.plexus-0.9.0.M4.jar:/opt/idea/plugins/maven/lib/maven3/lib/javax.inject-1.jar:/opt/idea/plugins/maven/lib/maven3/lib/maven-resolver-transport-http-1.9.24.jar:/opt/idea/plugins/maven/lib/maven3/lib/maven-settings-3.9.11.jar:/opt/idea/plugins/maven/lib/maven3/lib/maven-resolver-transport-file-1.9.24.jar:/opt/idea/plugins/maven/lib/maven3/lib/error_prone_annotations-2.38.0.jar:/opt/idea/plugins/maven/lib/maven3/lib/wagon-provider-api-3.5.3.jar:/opt/idea/plugins/maven/lib/maven3/lib/maven-resolver-api-1.9.24.jar:/opt/idea/plugins/maven/lib/maven3/lib/maven-artifact-3.9.11.jar:/opt/idea/plugins/maven/lib/maven3/lib/asm-9.8.jar:/opt/idea/plugins/maven/lib/maven3/lib/commons-codec-1.18.0.jar:/opt/idea/plugins/maven/lib/maven3/lib/maven-builder-support-3.9.11.jar:/opt/idea/plugins/maven/lib/maven3/lib/maven-resolver-transport-wagon-1.9.24.jar:/opt/idea/plugins/maven/lib/maven3/boot/plexus-classworlds-2.9.0.jar:/opt/idea/plugins/maven/lib/maven3/boot/plexus-classworlds.license:/opt/idea/lib/util_rt.jar:/opt/idea/lib/annotations.jar:/opt/idea/lib/util-8.jar org.jetbrains.idea.maven.server.RemoteMavenServer36

2026-02-16 13:45:33,815 [  12464]   INFO - #c.i.e.r.RemoteProcessSupport - Staring remote process, startNotified received, creating PendingInfo: <DeferredCoroutine{Active}@cb5a02e,>
2026-02-16 13:45:33,820 [  12469]   INFO - #o.j.i.maven - Sent token to maven server
2026-02-16 13:45:33,878 [  12527]   INFO - #c.i.u.i.IndexingReasonExplanationLogger - Scanner has updated file thai_dict (id=28394) with appliers: [SingleIndexValueApplier{indexId=filetypes, inputId=28394, fileInfo='thai_dict(id=28394)'}] and removers: []; 
2026-02-16 13:45:33,888 [  12537]   INFO - #c.i.u.i.IndexingReasonExplanationLogger - Scanner has updated file metadata.bin (id=16740) with appliers: [SingleIndexValueApplier{indexId=filetypes, inputId=16740, fileInfo='metadata.bin(id=16740)'}] and removers: []; 
2026-02-16 13:45:33,954 [  12603]   INFO - #c.i.u.i.IndexingReasonExplanationLogger - Scanner has updated file LineBreakIteratorData_th (id=28372) with appliers: [SingleIndexValueApplier{indexId=filetypes, inputId=28372, fileInfo='LineBreakIteratorData_th(id=28372)'}] and removers: []; 
2026-02-16 13:45:33,957 [  12606]   INFO - #c.i.u.i.IndexingReasonExplanationLogger - Scanner has updated file WordBreakIteratorData_th (id=28488) with appliers: [SingleIndexValueApplier{indexId=filetypes, inputId=28488, fileInfo='WordBreakIteratorData_th(id=28488)'}] and removers: []; 
2026-02-16 13:45:34,095 [  12744]   INFO - #c.i.u.i.IndexingReasonExplanationLogger - Scanner has updated file sjis0213.dat (id=50070) with appliers: [SingleIndexValueApplier{indexId=filetypes, inputId=50070, fileInfo='sjis0213.dat(id=50070)'}] and removers: []; 
2026-02-16 13:45:34,200 [  12849]   INFO - #c.i.u.i.IndexingReasonExplanationLogger - Scanner has updated file qodana (id=6484) with appliers: [SingleIndexValueApplier{indexId=filetypes, inputId=6484, fileInfo='qodana(id=6484)'}] and removers: []; 
2026-02-16 13:45:34,204 [  12853]   INFO - #c.i.p.i.c.i.i.JavaIdIndexer - skipSourceFilesInLibraries: false (registry: 'ide.index.id.skip.java.sources.in.libs')
2026-02-16 13:45:34,219 [  12868]   INFO - #c.i.u.i.IndexingReasonExplanationLogger - Scanner has updated file gradle-wrapper.jar (id=7763) with appliers: [SingleIndexValueApplier{indexId=filetypes, inputId=7763, fileInfo='gradle-wrapper.jar(id=7763)'}] and removers: []; 
2026-02-16 13:45:34,249 [  12898]   INFO - #c.i.u.i.IndexingReasonExplanationLogger - Scanner has updated file arrow.png (id=50562) with appliers: [SingleIndexValueApplier{indexId=filetypes, inputId=50562, fileInfo='arrow.png(id=50562)'}] and removers: []; 
2026-02-16 13:45:34,250 [  12899]   INFO - #c.i.u.i.IndexingReasonExplanationLogger - Scanner has updated file triangle.png (id=50570) with appliers: [SingleIndexValueApplier{indexId=filetypes, inputId=50570, fileInfo='triangle.png(id=50570)'}] and removers: []; 
2026-02-16 13:45:34,251 [  12900]   INFO - #c.i.u.i.IndexingReasonExplanationLogger - Scanner has updated file breakpoint.png (id=50568) with appliers: [SingleIndexValueApplier{indexId=filetypes, inputId=50568, fileInfo='breakpoint.png(id=50568)'}] and removers: []; 
2026-02-16 13:45:34,266 [  12915]   INFO - #c.i.e.r.RemoteProcessSupport - Started remote process on: 127.0.0.1:35735with service port 44691 and id = Maven36ServerImpl2dbd97c0
2026-02-16 13:45:35,116 [  13765]   INFO - #c.i.u.i.UnindexedFilesScanner - [15375f63] Scanning completed for java-basics. Number of scanned files: 32719; number of files for indexing: 32388
2026-02-16 13:45:35,116 [  13765]   INFO - #c.i.o.p.InitialVfsRefreshService - 15375f63: marking roots for initial VFS refresh
2026-02-16 13:45:35,117 [  13766]   INFO - #c.i.o.p.InitialVfsRefreshService - 15375f63: starting initial VFS refresh of 3 roots
2026-02-16 13:45:35,268 [  13917]   INFO - #c.i.o.p.InitialVfsRefreshService - 15375f63: initial VFS refresh finished in 149 ms
2026-02-16 13:45:35,278 [  13927]   INFO - #c.i.o.p.UnindexedFilesScannerExecutor - [15375f63] Task finished (scanning id=0): com.intellij.util.indexing.UnindexedFilesScannerExecutorImpl$ScheduledScanningTask@5dcc36c9
2026-02-16 13:45:35,279 [  13928]   INFO - #c.i.o.p.DumbServiceImpl - enter dumb mode [java-basics]
2026-02-16 13:45:35,283 [  13932]   INFO - #c.i.o.p.MergingQueueGuiExecutor - Running task: (dumb mode task) UnindexedFilesIndexer[java-basics, reasons: [On project open]]
2026-02-16 13:45:35,284 [  13933]   INFO - #c.i.o.p.UnindexedFilesScannerExecutor - [15375f63] Running task: com.intellij.util.indexing.UnindexedFilesScannerExecutorImpl$ScheduledScanningTask@7f4e1985
2026-02-16 13:45:35,285 [  13934]   INFO - #c.i.u.i.UnindexedFilesScanner - [15375f63] scanning stage (scanning id=1): DelayedPushProperties
2026-02-16 13:45:35,285 [  13934]   INFO - #c.i.u.i.FileBasedIndexImpl - Indexes are already loaded
2026-02-16 13:45:35,296 [  13945]   INFO - #c.i.u.i.UnindexedFilesScanner - [15375f63] Started scanning for indexing of java-basics. Reason: Merged changes in: "Custom kind roots from entity (sass_functions.scss, sass_color.scss, sass_list.scss, ..., empty)" with Changes from WorkspaceFileIndex with changes in: "Module 'project' (all roots)" with changes in: "Module 'java-basics' (all roots)"
2026-02-16 13:45:35,296 [  13945]   INFO - #c.i.u.i.UnindexedFilesScanner - [15375f63] scanning stage (scanning id=1): CreatingIterators
2026-02-16 13:45:35,296 [  13945]   INFO - #c.i.u.i.UnindexedFilesScanner - [15375f63] scanning stage (scanning id=1): CollectingIndexableFiles
2026-02-16 13:45:35,297 [  13946]   INFO - #c.i.u.i.UnindexedFilesScanner - Scanning of java-basics uses 8 scanning threads
2026-02-16 13:45:35,298 [  13947]   INFO - #c.i.u.i.IndexingReasonExplanationLogger - Scheduling indexing of sass_functions.scss (id=96) by request of indexes: [Trigram.Index->NOT_INDEXED(not indexed),IdIndex->NOT_INDEXED(not indexed),Stubs->NOT_INDEXED(not indexed),]. 
2026-02-16 13:45:35,301 [  13950]   INFO - #c.i.u.i.IndexingReasonExplanationLogger - Scheduling indexing of sass_color.scss (id=97) by request of indexes: [Trigram.Index->NOT_INDEXED(not indexed),IdIndex->NOT_INDEXED(not indexed),Stubs->NOT_INDEXED(not indexed),]. 
2026-02-16 13:45:35,302 [  13951]   INFO - #c.i.u.i.IndexingReasonExplanationLogger - Scheduling indexing of sass_list.scss (id=98) by request of indexes: [Trigram.Index->NOT_INDEXED(not indexed),IdIndex->NOT_INDEXED(not indexed),Stubs->NOT_INDEXED(not indexed),]. 
2026-02-16 13:45:35,303 [  13952]   INFO - #c.i.u.i.IndexingReasonExplanationLogger - Scheduling indexing of sass_map.scss (id=99) by request of indexes: [Trigram.Index->NOT_INDEXED(not indexed),IdIndex->NOT_INDEXED(not indexed),Stubs->NOT_INDEXED(not indexed),]. 
2026-02-16 13:45:35,303 [  13952]   INFO - #c.i.u.i.IndexingReasonExplanationLogger - Scheduling indexing of sass_math.scss (id=100) by request of indexes: [Trigram.Index->NOT_INDEXED(not indexed),IdIndex->NOT_INDEXED(not indexed),Stubs->NOT_INDEXED(not indexed),]. 
2026-02-16 13:45:35,303 [  13952]   INFO - #c.i.u.i.IndexingReasonExplanationLogger - Scheduling indexing of sass_meta.scss (id=101) by request of indexes: [Trigram.Index->NOT_INDEXED(not indexed),IdIndex->NOT_INDEXED(not indexed),Stubs->NOT_INDEXED(not indexed),]. 
2026-02-16 13:45:35,303 [  13952]   INFO - #c.i.u.i.IndexingReasonExplanationLogger - Scheduling indexing of sass_selector.scss (id=102) by request of indexes: [Trigram.Index->NOT_INDEXED(not indexed),IdIndex->NOT_INDEXED(not indexed),Stubs->NOT_INDEXED(not indexed),]. 
2026-02-16 13:45:35,303 [  13952]   INFO - #c.i.u.i.IndexingReasonExplanationLogger - Scheduling indexing of sass_string.scss (id=103) by request of indexes: [Trigram.Index->NOT_INDEXED(not indexed),IdIndex->NOT_INDEXED(not indexed),Stubs->NOT_INDEXED(not indexed),]. 
2026-02-16 13:45:35,305 [  13954]   INFO - #c.i.u.i.IndexingReasonExplanationLogger - Scheduling indexing of Association.class (id=76881) by request of indexes: [bytecodeAnalysis->NOT_INDEXED(not indexed),org.jetbrains.kotlin.idea.vfilefinder.KotlinClassFileIndex->NOT_INDEXED(not indexed),org.jetbrains.kotlin.idea.versions.KotlinJvmMetadataVersionIndex->NOT_INDEXED(not indexed),org.jetbrains.kotlin.idea.vfilefinder.KotlinPartialPackageNamesIndex->NOT_INDEXED(not indexed),KotlinTopLevelCallableByPackageShortNameIndex->NOT_INDEXED(not indexed),KotlinTopLevelClassLikeDeclarationByPackageShortNameIndex->NOT_INDEXED(not indexed),KotlinBinaryRootToPackageIndex->NOT_INDEXED(not indexed),Stubs->NOT_INDEXED(not indexed),]. 
2026-02-16 13:45:35,306 [  13955]   INFO - #c.i.u.i.IndexingReasonExplanationLogger - Scheduling indexing of MessageInfo.class (id=76880) by request of indexes: [bytecodeAnalysis->NOT_INDEXED(not indexed),org.jetbrains.kotlin.idea.vfilefinder.KotlinClassFileIndex->NOT_INDEXED(not indexed),org.jetbrains.kotlin.idea.versions.KotlinJvmMetadataVersionIndex->NOT_INDEXED(not indexed),org.jetbrains.kotlin.idea.vfilefinder.KotlinPartialPackageNamesIndex->NOT_INDEXED(not indexed),KotlinTopLevelCallableByPackageShortNameIndex->NOT_INDEXED(not indexed),KotlinTopLevelClassLikeDeclarationByPackageShortNameIndex->NOT_INDEXED(not indexed),KotlinBinaryRootToPackageIndex->NOT_INDEXED(not indexed),Stubs->NOT_INDEXED(not indexed),]. 
2026-02-16 13:45:35,630 [  14279]   INFO - #c.i.d.u.SqlDialects - SQL dialects initialized in 10 ms
2026-02-16 13:45:35,826 [  14475]   INFO - #c.i.u.i.IndexingReasonExplanationLogger - Scanner has updated file chromedriver (id=14561) with appliers: [SingleIndexValueApplier{indexId=filetypes, inputId=14561, fileInfo='chromedriver(id=14561)'}] and removers: []; 
2026-02-16 13:45:35,881 [  14530]   INFO - #c.i.u.i.IndexingReasonExplanationLogger - Scanner has updated file chromedriver.exe (id=14563) with appliers: [SingleIndexValueApplier{indexId=filetypes, inputId=14563, fileInfo='chromedriver.exe(id=14563)'}] and removers: []; 
2026-02-16 13:45:35,958 [  14607]   INFO - #c.i.u.i.IndexingReasonExplanationLogger - Scanner has updated file chromedriver_linux (id=14564) with appliers: [SingleIndexValueApplier{indexId=filetypes, inputId=14564, fileInfo='chromedriver_linux(id=14564)'}] and removers: []; 
2026-02-16 13:45:35,961 [  14610]   INFO - #c.i.u.i.IndexingReasonExplanationLogger - Scanner has updated file .name (id=16156) with appliers: [SingleIndexValueApplier{indexId=filetypes, inputId=16156, fileInfo='.name(id=16156)'}] and removers: []; 
2026-02-16 13:45:35,962 [  14611]   INFO - #c.i.u.i.IndexingReasonExplanationLogger - Scanner has updated file shelved.patch (id=16545) with appliers: [SingleIndexValueApplier{indexId=filetypes, inputId=16545, fileInfo='shelved.patch(id=16545)'}] and removers: []; 
2026-02-16 13:45:35,964 [  14613]   INFO - #c.i.u.i.IndexingReasonExplanationLogger - Scanner has updated file Uncommitted_changes_before_Checkout_at_10_09_2025__16_20__Changes_.xml (id=111) with appliers: [SingleIndexValueApplier{indexId=filetypes, inputId=111, fileInfo='Uncommitted_changes_before_Checkout_at_10_09_2025__16_20__Changes_.xml(id=111)'}] and removers: []; 
2026-02-16 13:45:35,964 [  14613]   INFO - #c.i.u.i.IndexingReasonExplanationLogger - Scanner has updated file java-basics.main.iml (id=16738) with appliers: [SingleIndexValueApplier{indexId=filetypes, inputId=16738, fileInfo='java-basics.main.iml(id=16738)'}] and removers: []; 
2026-02-16 13:45:35,965 [  14614]   INFO - #c.i.u.i.IndexingReasonExplanationLogger - Scanner has updated file java-basics.test.iml (id=16736) with appliers: [SingleIndexValueApplier{indexId=filetypes, inputId=16736, fileInfo='java-basics.test.iml(id=16736)'}] and removers: []; 
2026-02-16 13:45:35,966 [  14615]   INFO - #c.i.u.i.IndexingReasonExplanationLogger - Scanner has updated file vcs.xml (id=16166) with appliers: [SingleIndexValueApplier{indexId=filetypes, inputId=16166, fileInfo='vcs.xml(id=16166)'}] and removers: []; 
2026-02-16 13:45:35,966 [  14615]   INFO - #c.i.u.i.IndexingReasonExplanationLogger - Scanner has updated file misc.xml (id=16154) with appliers: [SingleIndexValueApplier{indexId=filetypes, inputId=16154, fileInfo='misc.xml(id=16154)'}] and removers: []; 
2026-02-16 13:45:36,118 [  14767]   INFO - #c.i.u.i.UnindexedFilesScanner - [15375f63] Scanning completed for java-basics. Number of scanned files: 32490; number of files for indexing: 32039
2026-02-16 13:45:36,121 [  14770]   INFO - #c.i.o.p.UnindexedFilesScannerExecutor - [15375f63] Task finished (scanning id=1): com.intellij.util.indexing.UnindexedFilesScannerExecutorImpl$ScheduledScanningTask@7f4e1985
2026-02-16 13:45:36,122 [  14771]   INFO - #c.i.u.i.FileBasedIndexImpl - Indexes are already loaded
2026-02-16 13:45:36,138 [  14787]   INFO - #c.i.u.i.c.IndexUpdateRunner - Using 8 workers for indexing and 4 for writing indexes
2026-02-16 13:45:36,227 [  14876]   INFO - #c.i.c.m.CodeInsightContextEnabling - multiverse is enabled
2026-02-16 13:45:37,951 [  16600]   INFO - #c.i.w.i.i.EntitiesOrphanageImpl - Update orphanage. 0 modules added
2026-02-16 13:45:37,951 [  16600]   INFO - #c.i.w.i.i.WorkspaceModelImpl - Project model updated to version 11 in 1 ms: Add project root /data/project to project java-basics
2026-02-16 13:45:37,992 [  16641]   INFO - #o.j.p.g.j.IdeVersionedDataUpdater - Updating version compatibility for org.jetbrains.plugins.gradle.jvmcompat.GradleCompatibilitySupportUpdater. Last update was: 0. Update interval: 1d Url to update https://download.jetbrains.com/resources/intellij/plugins/gradle/v1/compatibility.json
2026-02-16 13:45:38,001 [  16650]   INFO - #o.j.q.s.QodanaLinterBackgroundStartupActivity - Executed Qodana backgroundPostStartupActivity
2026-02-16 13:45:38,033 [  16682]   INFO - #o.j.j.b.i.CompilerReferenceIndex - backward reference index version doesn't exist
2026-02-16 13:45:38,043 [  16692]   INFO - #c.i.c.b.IsUpToDateCheckStartupActivity - suitable consumer is not found
2026-02-16 13:45:38,908 [  17557]   INFO - #c.i.l.t.t.TypeScriptCompilerEvaluationFacadeImpl - 'Use types from server' option for VueClassicTypeScriptService state: false
2026-02-16 13:45:38,908 [  17557]   INFO - #c.i.l.t.t.TypeScriptCompilerEvaluationFacadeImpl - 'Use types from server' option for VuePluginTypeScriptService state: false
2026-02-16 13:45:38,908 [  17557]   INFO - #c.i.l.t.t.TypeScriptCompilerEvaluationFacadeImpl - 'Use types from server' option for TypeScriptServerServiceImpl state: false
2026-02-16 13:45:39,814 [  18463]   INFO - #o.j.p.g.j.IdeVersionedDataUpdater - IDE versioned data for org.jetbrains.plugins.gradle.jvmcompat.GradleCompatibilitySupportUpdater was updated
2026-02-16 13:45:40,806 [  19455]   INFO - #c.i.u.i.c.IndexUpdateRunner - Coroutine 5 finished gracefully
2026-02-16 13:45:40,806 [  19455]   INFO - #c.i.u.i.c.IndexUpdateRunner - Coroutine 3 finished gracefully
2026-02-16 13:45:40,809 [  19458]   INFO - #c.i.u.i.c.IndexUpdateRunner - Coroutine 6 finished gracefully
2026-02-16 13:45:40,812 [  19461]   INFO - #c.i.u.i.c.IndexUpdateRunner - Coroutine 2 finished gracefully
2026-02-16 13:45:40,822 [  19471]   INFO - #c.i.u.i.c.IndexUpdateRunner - Coroutine 4 finished gracefully
2026-02-16 13:45:40,833 [  19482]   INFO - #c.i.u.i.c.IndexUpdateRunner - Coroutine 7 finished gracefully
2026-02-16 13:45:40,878 [  19527]   INFO - #c.i.u.i.c.IndexUpdateRunner - Coroutine 1 finished gracefully
2026-02-16 13:45:40,944 [  19593]   INFO - #c.i.u.i.c.IndexUpdateRunner - Coroutine 0 finished gracefully
2026-02-16 13:45:40,980 [  19629]   INFO - #c.i.u.i.ProjectChangedFilesScanner - Retrieving changed during indexing files of java-basics : 95 to update, calculated in 11ms
2026-02-16 13:45:41,042 [  19691]   INFO - #c.i.u.i.c.IndexUpdateRunner - Coroutine 0 finished gracefully
2026-02-16 13:45:41,044 [  19693]   INFO - #c.i.u.i.c.IndexUpdateRunner - Coroutine 6 finished gracefully
2026-02-16 13:45:41,044 [  19693]   INFO - #c.i.u.i.c.IndexUpdateRunner - Coroutine 3 finished gracefully
2026-02-16 13:45:41,044 [  19693]   INFO - #c.i.u.i.c.IndexUpdateRunner - Coroutine 1 finished gracefully
2026-02-16 13:45:41,046 [  19695]   INFO - #c.i.u.i.c.IndexUpdateRunner - Coroutine 5 finished gracefully
2026-02-16 13:45:41,046 [  19695]   INFO - #c.i.u.i.c.IndexUpdateRunner - Coroutine 4 finished gracefully
2026-02-16 13:45:41,046 [  19695]   INFO - #c.i.u.i.c.IndexUpdateRunner - Coroutine 7 finished gracefully
2026-02-16 13:45:41,047 [  19696]   INFO - #c.i.u.i.c.IndexUpdateRunner - Coroutine 2 finished gracefully
2026-02-16 13:45:41,068 [  19717]   INFO - #c.i.u.i.UnindexedFilesIndexer - Finished for java-basics. Unindexed files update took 4940ms; general responsiveness: ok; EDT responsiveness: ok
2026-02-16 13:45:41,070 [  19719]   INFO - #c.i.o.p.MergingQueueGuiExecutor - Task finished: (dumb mode task) UnindexedFilesIndexer[java-basics, reasons: [On project open]]
2026-02-16 13:45:41,071 [  19720]   INFO - #c.i.o.p.MergingQueueGuiExecutor - Running task: (dumb mode task) UnindexedFilesIndexer[java-basics, reasons: [Merged changes in: "Custom kind roots from entity (sass_functions.scss, sass_color.scss, sass_list.scss, ..., empty)" with Changes from WorkspaceFileIndex with changes in: "Module 'project' (all roots)" with changes in: "Module 'java-basics' (all roots)"]]
2026-02-16 13:45:41,071 [  19720]   INFO - #c.i.u.i.FileBasedIndexImpl - Indexes are already loaded
2026-02-16 13:45:41,071 [  19720]   INFO - #c.i.u.i.c.IndexUpdateRunner - Using 8 workers for indexing and 4 for writing indexes
2026-02-16 13:45:41,071 [  19720]   INFO - #c.i.u.i.ProjectChangedFilesScanner - Retrieving changed during indexing files of java-basics : 0 to update, calculated in 0ms
2026-02-16 13:45:41,071 [  19720]   INFO - #c.i.u.i.UnindexedFilesIndexer - Finished for java-basics. Unindexed files update took 0ms; general responsiveness: ok; EDT responsiveness: ok
2026-02-16 13:45:41,071 [  19720]   INFO - #c.i.o.p.MergingQueueGuiExecutor - Task finished: (dumb mode task) UnindexedFilesIndexer[java-basics, reasons: [Merged changes in: "Custom kind roots from entity (sass_functions.scss, sass_color.scss, sass_list.scss, ..., empty)" with Changes from WorkspaceFileIndex with changes in: "Module 'project' (all roots)" with changes in: "Module 'java-basics' (all roots)"]]
2026-02-16 13:45:41,072 [  19721]   INFO - #c.i.o.p.DumbServiceImpl - exit dumb mode [java-basics]
2026-02-16 13:45:41,073 [  19722]   INFO - STDOUT - ..........................................................................[IDE]: Task 'Analyzing project to enable smart features' ended
2026-02-16 13:45:41,190 [  19839]   INFO - #c.i.i.b.BookmarksManager - no state loaded for new bookmarks
2026-02-16 13:45:41,192 [  19841]   INFO - #c.i.i.b.BookmarkManager - no state loaded for old bookmarks
2026-02-16 13:45:41,200 [  19849]   INFO - #c.i.i.f.FavoritesManager - no state loaded for old favorites
2026-02-16 13:45:41,254 [  19903]   INFO - #o.j.k.i.script - [KOTLIN_SCRIPTING] Loading script definitions: classes=[], classpath=[]
2026-02-16 13:45:41,388 [  20037]   INFO - #c.i.j.n.n.WorkingDirectoryDependentNpmPackageVersionManager - Version fetched successfully: 10.9.4; command: /usr/local/bin/npm --version, duration: 61ms
2026-02-16 13:45:45,063 [  23712]   INFO - STDOUT - ................................................
2026-02-16 13:45:45,064 [  23713]   INFO - STDOUT - [Gradle]: Download https://services.gradle.org/distributions/gradle-8.2.1-bin.zip, took 11 s 715 ms
2026-02-16 13:45:45,989 [  24638]   INFO - #o.j.p.g.s.e.GradleExecutionHelper - Passing command-line to Gradle Tooling API: --init-script /tmp/ijMapper1.gradle --init-script /tmp/ijIdeaPluginConfigurator1.gradle -Didea.gradle.download.sources=false -Didea.sync.active=true -Didea.resolveSourceSetDependencies=true -Porg.gradle.kotlin.dsl.provider.cid=220865527975 -Didea.gradle.download.sources.force=false -Pkotlin.mpp.enableIntransitiveMetadataConfiguration=true --init-script /tmp/ijInit1.gradle -Didea.active=true -Didea.version=2025.3.1 -Didea.vendor.name=JetBrains
2026-02-16 13:45:46,614 [  25263]   INFO - STDOUT - [Gradle]: Starting Gradle Daemon...
2026-02-16 13:45:47,241 [  25890]   INFO - STDOUT - [Gradle]: Gradle Daemon started in 620 ms
2026-02-16 13:45:53,001 [  31650]   INFO - STDOUT - [Gradle]: Download https://plugins.gradle.org/m2/org/jetbrains/kotlinx/kover/org.jetbrains.kotlinx.kover.gradle.plugin/0.7.3/org.jetbrains.kotlinx.kover.gradle.plugin-0.7.3.pom, took 212 ms
2026-02-16 13:45:53,742 [  32391]   INFO - STDOUT - [Gradle]: Download https://plugins.gradle.org/m2/io/freefair/gradle/lombok-plugin/8.1.0/lombok-plugin-8.1.0.pom, took 709 ms
2026-02-16 13:45:53,957 [  32606]   INFO - STDOUT - [Gradle]: Download https://plugins.gradle.org/m2/io/freefair/gradle/lombok-plugin/8.1.0/lombok-plugin-8.1.0.module, took 211 ms
2026-02-16 13:45:54,399 [  33048]   INFO - STDOUT - [Gradle]: Download https://plugins.gradle.org/m2/io/freefair/gradle/aspectj-plugin/5.1.1/aspectj-plugin-5.1.1.pom, took 208 ms
2026-02-16 13:45:55,071 [  33720]   INFO - STDOUT - [Gradle]: Download https://plugins.gradle.org/m2/org/jetbrains/kotlinx/kover-gradle-plugin/0.7.3/kover-gradle-plugin-0.7.3.pom, took 57 ms
2026-02-16 13:45:55,138 [  33787]   INFO - STDOUT - [Gradle]: Download https://plugins.gradle.org/m2/org/jetbrains/kotlinx/kover-gradle-plugin/0.7.3/kover-gradle-plugin-0.7.3.module, took 59 ms
2026-02-16 13:45:55,197 [  33846]   INFO - STDOUT - [Gradle]: Download https://plugins.gradle.org/m2/com/squareup/okio/okio/2.7.0/okio-2.7.0.pom, took 55 ms
2026-02-16 13:45:55,405 [  34054]   INFO - STDOUT - [Gradle]: Download https://plugins.gradle.org/m2/com/squareup/okio/okio/2.7.0/okio-2.7.0.module, took 201 ms
2026-02-16 13:45:55,471 [  34120]   INFO - STDOUT - [Gradle]: Download https://plugins.gradle.org/m2/org/jetbrains/kotlin/kotlin-stdlib/1.3.70/kotlin-stdlib-1.3.70.pom, took 60 ms
2026-02-16 13:45:55,496 [  34145]   INFO - STDOUT - [Gradle]: Download https://plugins.gradle.org/m2/org/jetbrains/kotlin/kotlin-stdlib-common/1.3.70/kotlin-stdlib-common-1.3.70.pom, took 86 ms
2026-02-16 13:45:55,700 [  34349]   INFO - STDOUT - [Gradle]: Download https://plugins.gradle.org/m2/org/jetbrains/annotations/13.0/annotations-13.0.pom, took 159 ms
2026-02-16 13:45:56,924 [  35573]   INFO - STDOUT - [Gradle]: Download https://plugins.gradle.org/m2/org/jetbrains/annotations/13.0/annotations-13.0.jar, took 53 ms
2026-02-16 13:45:57,051 [  35700]   INFO - STDOUT - [Gradle]: Download https://plugins.gradle.org/m2/io/qameta/allure/allure-gradle/2.8.0/allure-gradle-2.8.0.jar, took 165 ms
2026-02-16 13:45:57,081 [  35730]   INFO - STDOUT - [Gradle]: Download https://plugins.gradle.org/m2/org/jetbrains/kotlin/kotlin-stdlib/1.3.70/kotlin-stdlib-1.3.70.jar, took 184 ms
2026-02-16 13:45:57,141 [  35790]   INFO - STDOUT - [Gradle]: Download https://plugins.gradle.org/m2/com/squareup/okio/okio/2.7.0/okio-2.7.0.jar, took 202 ms
2026-02-16 13:45:57,147 [  35796]   INFO - STDOUT - [Gradle]: Download https://plugins.gradle.org/m2/org/jetbrains/kotlin/kotlin-stdlib-common/1.3.70/kotlin-stdlib-common-1.3.70.jar, took 204 ms
2026-02-16 13:45:57,165 [  35814]   INFO - STDOUT - [Gradle]: Download https://plugins.gradle.org/m2/io/freefair/gradle/lombok-plugin/8.1.0/lombok-plugin-8.1.0.jar, took 214 ms
2026-02-16 13:45:57,182 [  35831]   INFO - STDOUT - [Gradle]: Download https://plugins.gradle.org/m2/io/freefair/gradle/aspectj-plugin/5.1.1/aspectj-plugin-5.1.1.jar, took 232 ms
2026-02-16 13:45:57,189 [  35838]   INFO - STDOUT - [Gradle]: Download https://plugins.gradle.org/m2/org/jetbrains/kotlinx/kover-gradle-plugin/0.7.3/kover-gradle-plugin-0.7.3.jar, took 240 ms
2026-02-16 13:45:57,608 [  36257]   INFO - STDOUT - [Gradle]: 
2026-02-16 13:45:57,609 [  36258]   INFO - STDOUT - [Gradle]: > Configure project :
2026-02-16 13:45:57,609 [  36258]   INFO - STDOUT - [Gradle]: 
2026-02-16 13:45:57,610 [  36259]   INFO - STDOUT - [Gradle]: from build root
2026-02-16 13:45:57,610 [  36259]   INFO - STDOUT - [Gradle]: 
2026-02-16 13:45:57,678 [  36327]   INFO - STDOUT - [Gradle]: Download https://repo.maven.apache.org/maven2/org/aspectj/aspectjweaver/1.8.10/aspectjweaver-1.8.10.pom, took 45 ms
2026-02-16 13:45:57,914 [  36563]   INFO - STDOUT - [Gradle]: Download https://repo.maven.apache.org/maven2/org/aspectj/aspectjweaver/1.8.10/aspectjweaver-1.8.10.jar, took 226 ms
2026-02-16 13:45:58,109 [  36758]   INFO - STDOUT - [Gradle]: 
2026-02-16 13:45:58,110 [  36759]   INFO - STDOUT - [Gradle]: > Task :prepareKotlinBuildScriptModel
2026-02-16 13:45:58,110 [  36759]   INFO - STDOUT - [Gradle]:  UP-TO-DATE
2026-02-16 13:45:58,111 [  36760]   INFO - STDOUT - [Gradle]: 
2026-02-16 13:45:58,209 [  36858]   INFO - STDOUT - [Gradle]: from task root
2026-02-16 13:45:58,210 [  36859]   INFO - STDOUT - [Gradle]: 
2026-02-16 13:45:58,210 [  36859]   INFO - STDOUT - [Gradle]: from 2
2026-02-16 13:45:58,211 [  36860]   INFO - STDOUT - [Gradle]: 
2026-02-16 13:45:58,249 [  36898]   INFO - STDOUT - [Gradle]: Download https://repo.maven.apache.org/maven2/com/typesafe/config/1.4.1/config-1.4.1.pom, took 64 ms
2026-02-16 13:45:58,252 [  36901]   INFO - STDOUT - [Gradle]: Download https://repo.maven.apache.org/maven2/org/assertj/assertj-core/3.19.0/assertj-core-3.19.0.pom, took 63 ms
2026-02-16 13:45:58,253 [  36902]   INFO - STDOUT - [Gradle]: Download https://repo.maven.apache.org/maven2/org/projectlombok/lombok/1.18.28/lombok-1.18.28.pom, took 69 ms
2026-02-16 13:45:58,279 [  36928]   INFO - STDOUT - [Gradle]: Download https://repo.maven.apache.org/maven2/org/assertj/assertj-parent-pom/2.2.10/assertj-parent-pom-2.2.10.pom, took 32 ms
2026-02-16 13:45:58,320 [  36969]   INFO - STDOUT - [Gradle]: Download https://repo.maven.apache.org/maven2/org/junit/junit-bom/5.7.0/junit-bom-5.7.0.module, took 28 ms
2026-02-16 13:45:58,374 [  37023]   INFO - STDOUT - [Gradle]: Download https://repo.maven.apache.org/maven2/org/junit/jupiter/junit-jupiter-params/5.7.0/junit-jupiter-params-5.7.0.module, took 20 ms
2026-02-16 13:45:58,375 [  37024]   INFO - STDOUT - [Gradle]: Download https://repo.maven.apache.org/maven2/org/junit/platform/junit-platform-launcher/1.7.0/junit-platform-launcher-1.7.0.module, took 29 ms
2026-02-16 13:45:58,377 [  37026]   INFO - STDOUT - [Gradle]: Download https://repo.maven.apache.org/maven2/org/junit/junit-bom/5.6.3/junit-bom-5.6.3.pom, took 30 ms
2026-02-16 13:45:58,379 [  37028]   INFO - STDOUT - [Gradle]: Download https://repo.maven.apache.org/maven2/org/junit/jupiter/junit-jupiter-engine/5.7.0/junit-jupiter-engine-5.7.0.module, took 38 ms
2026-02-16 13:45:58,388 [  37037]   INFO - STDOUT - [Gradle]: Download https://repo.maven.apache.org/maven2/org/junit/junit-bom/5.6.3/junit-bom-5.6.3.module, took 19 ms
2026-02-16 13:45:58,445 [  37094]   INFO - STDOUT - [Gradle]: Download https://repo.maven.apache.org/maven2/org/junit/platform/junit-platform-engine/1.7.0/junit-platform-engine-1.7.0.module, took 20 ms
2026-02-16 13:45:58,499 [  37148]   INFO - STDOUT - [Gradle]: Download https://repo.maven.apache.org/maven2/org/junit/jupiter/junit-jupiter-api/5.7.0/junit-jupiter-api-5.7.0.module, took 22 ms
2026-02-16 13:45:58,586 [  37235]   INFO - STDOUT - [Gradle]: Download https://repo.maven.apache.org/maven2/org/junit/platform/junit-platform-commons/1.7.0/junit-platform-commons-1.7.0.module, took 23 ms
2026-02-16 13:45:58,770 [  37419]   INFO - STDOUT - [Gradle]: Download https://repo.maven.apache.org/maven2/org/junit/platform/junit-platform-launcher/1.7.0/junit-platform-launcher-1.7.0.jar, took 103 ms
2026-02-16 13:45:58,784 [  37433]   INFO - STDOUT - [Gradle]: Download https://repo.maven.apache.org/maven2/org/junit/platform/junit-platform-engine/1.7.0/junit-platform-engine-1.7.0.jar, took 115 ms
2026-02-16 13:45:58,792 [  37441]   INFO - STDOUT - [Gradle]: Download https://repo.maven.apache.org/maven2/org/junit/jupiter/junit-jupiter-api/5.7.0/junit-jupiter-api-5.7.0.jar, took 119 ms
2026-02-16 13:45:58,803 [  37452]   INFO - STDOUT - [Gradle]: Download https://repo.maven.apache.org/maven2/org/junit/jupiter/junit-jupiter-engine/5.7.0/junit-jupiter-engine-5.7.0.jar, took 133 ms
2026-02-16 13:45:58,837 [  37486]   INFO - STDOUT - [Gradle]: Download https://repo.maven.apache.org/maven2/org/junit/jupiter/junit-jupiter-params/5.7.0/junit-jupiter-params-5.7.0.jar, took 167 ms
2026-02-16 13:45:58,844 [  37493]   INFO - STDOUT - [Gradle]: Download https://repo.maven.apache.org/maven2/org/aspectj/aspectjrt/1.9.6/aspectjrt-1.9.6.jar, took 70 ms
2026-02-16 13:45:58,849 [  37498]   INFO - STDOUT - [Gradle]: Download https://repo.maven.apache.org/maven2/com/typesafe/config/1.4.1/config-1.4.1.jar, took 182 ms
2026-02-16 13:45:58,864 [  37513]   INFO - STDOUT - [Gradle]: Download https://repo.maven.apache.org/maven2/org/junit/platform/junit-platform-commons/1.7.0/junit-platform-commons-1.7.0.jar, took 190 ms
2026-02-16 13:45:58,875 [  37524]   INFO - STDOUT - [Gradle]: Download https://repo.maven.apache.org/maven2/org/apiguardian/apiguardian-api/1.1.0/apiguardian-api-1.1.0.jar, took 87 ms
2026-02-16 13:45:58,889 [  37538]   INFO - STDOUT - [Gradle]: Download https://repo.maven.apache.org/maven2/org/opentest4j/opentest4j/1.2.0/opentest4j-1.2.0.jar, took 104 ms
2026-02-16 13:45:59,086 [  37735]   INFO - STDOUT - [Gradle]: Download https://repo.maven.apache.org/maven2/org/projectlombok/lombok/1.18.28/lombok-1.18.28.jar, took 362 ms
2026-02-16 13:45:59,397 [  38046]   INFO - STDOUT - [Gradle]: Download https://repo.maven.apache.org/maven2/org/assertj/assertj-core/3.19.0/assertj-core-3.19.0.jar, took 773 ms
2026-02-16 13:45:59,443 [  38092]   INFO - STDOUT - [Gradle]: Download https://repo.maven.apache.org/maven2/com/fasterxml/jackson/core/jackson-core/2.10.4/jackson-core-2.10.4.pom, took 53 ms
2026-02-16 13:45:59,448 [  38097]   INFO - STDOUT - [Gradle]: Download https://repo.maven.apache.org/maven2/com/fasterxml/jackson/core/jackson-annotations/2.10.4/jackson-annotations-2.10.4.pom, took 58 ms
2026-02-16 13:45:59,468 [  38117]   INFO - STDOUT - [Gradle]: Download https://repo.maven.apache.org/maven2/com/fasterxml/jackson/jackson-base/2.10.4/jackson-base-2.10.4.pom, took 21 ms
2026-02-16 13:45:59,472 [  38121]   INFO - STDOUT - [Gradle]: Download https://repo.maven.apache.org/maven2/com/fasterxml/jackson/jackson-parent/2.10/jackson-parent-2.10.pom, took 23 ms
2026-02-16 13:45:59,518 [  38167]   INFO - STDOUT - [Gradle]: Download https://repo.maven.apache.org/maven2/com/fasterxml/jackson/jackson-bom/2.10.4/jackson-bom-2.10.4.pom, took 30 ms
2026-02-16 13:45:59,533 [  38182]   INFO - STDOUT - [Gradle]: Download https://repo.maven.apache.org/maven2/com/fasterxml/oss-parent/38/oss-parent-38.pom, took 24 ms
2026-02-16 13:45:59,610 [  38259]   INFO - STDOUT - [Gradle]: Download https://repo.maven.apache.org/maven2/com/fasterxml/jackson/core/jackson-annotations/2.10.4/jackson-annotations-2.10.4.jar, took 41 ms
2026-02-16 13:45:59,663 [  38312]   INFO - STDOUT - [Gradle]: Download https://repo.maven.apache.org/maven2/com/fasterxml/jackson/core/jackson-core/2.10.4/jackson-core-2.10.4.jar, took 69 ms
2026-02-16 13:45:59,672 [  38321]   INFO - STDOUT - [Gradle]: Download https://repo.maven.apache.org/maven2/org/projectlombok/lombok/1.18.16/lombok-1.18.16.pom, took 44 ms
2026-02-16 13:45:59,892 [  38541]   INFO - STDOUT - [Gradle]: Download https://repo.maven.apache.org/maven2/org/projectlombok/lombok/1.18.16/lombok-1.18.16.jar, took 180 ms
2026-02-16 13:46:00,007 [  38656]   INFO - STDOUT - [Gradle]: 
2026-02-16 13:46:00,008 [  38657]   INFO - STDOUT - [Gradle]: Deprecated Gradle features were used in this build, making it incompatible with Gradle 9.0.
2026-02-16 13:46:00,008 [  38657]   INFO - STDOUT - [Gradle]: 
2026-02-16 13:46:00,009 [  38658]   INFO - STDOUT - [Gradle]: 
2026-02-16 13:46:00,010 [  38659]   INFO - STDOUT - [Gradle]: You can use '--warning-mode all' to show the individual deprecation warnings and determine if they come from your own scripts or plugins.
2026-02-16 13:46:00,010 [  38659]   INFO - STDOUT - [Gradle]: 
2026-02-16 13:46:00,011 [  38660]   INFO - STDOUT - [Gradle]: 
2026-02-16 13:46:00,011 [  38660]   INFO - STDOUT - [Gradle]: For more on this, please refer to https://docs.gradle.org/8.2.1/userguide/command_line_interface.html#sec:command_line_warnings in the Gradle documentation.
2026-02-16 13:46:00,012 [  38661]   INFO - STDOUT - [Gradle]: 
2026-02-16 13:46:00,012 [  38661]   INFO - STDOUT - [Gradle]: 
2026-02-16 13:46:00,012 [  38661]   INFO - STDOUT - [Gradle]: BUILD SUCCESSFUL
2026-02-16 13:46:00,013 [  38662]   INFO - STDOUT - [Gradle]:  in 13s
2026-02-16 13:46:00,013 [  38662]   INFO - STDOUT - [Gradle]: 
2026-02-16 13:46:00,021 [  38670]   INFO - #c.i.p.c.i.PolyContextDiscoveryInfo$1 - Notifying that PolyContext may have changed due to roots changes.
2026-02-16 13:46:00,021 [  38670]   INFO - #c.i.o.p.UnindexedFilesScannerExecutor - [15375f63] Running task: com.intellij.util.indexing.UnindexedFilesScannerExecutorImpl$ScheduledScanningTask@aaa85c3
2026-02-16 13:46:00,023 [  38672]   INFO - #c.i.w.i.i.EntitiesOrphanageImpl - Update orphanage. 0 modules added
2026-02-16 13:46:00,024 [  38673]   INFO - #c.i.w.i.i.WorkspaceModelImpl - Project model updated to version 12 in 9 ms: The Gradle project sync
  phase = PROJECT_MODEL_PHASE
  taskId = RESOLVE_PROJECT:2
  projectPath = /data/project
2026-02-16 13:46:00,026 [  38675]   INFO - #c.i.o.p.UnindexedFilesScannerExecutor - [15375f63] Skipping task: com.intellij.util.indexing.UnindexedFilesScannerExecutorImpl$ScheduledScanningTask@aaa85c3
2026-02-16 13:46:00,026 [  38675]   INFO - #c.i.o.p.UnindexedFilesScannerExecutor - [15375f63] Running task: com.intellij.util.indexing.UnindexedFilesScannerExecutorImpl$ScheduledScanningTask@55e3b78b
2026-02-16 13:46:00,027 [  38676]   INFO - #c.i.u.i.UnindexedFilesScanner - [15375f63] scanning stage (scanning id=2): DelayedPushProperties
2026-02-16 13:46:00,027 [  38676]   INFO - #c.i.u.i.FileBasedIndexImpl - Indexes are already loaded
2026-02-16 13:46:00,027 [  38676]   INFO - #c.i.u.i.UnindexedFilesScanner - [15375f63] Started scanning for indexing of java-basics. Reason: changes in: "Module 'project.java-basics' (all roots)"
2026-02-16 13:46:00,028 [  38677]   INFO - #c.i.u.i.UnindexedFilesScanner - [15375f63] scanning stage (scanning id=2): CreatingIterators
2026-02-16 13:46:00,028 [  38677]   INFO - #c.i.u.i.UnindexedFilesScanner - [15375f63] scanning stage (scanning id=2): CollectingIndexableFiles
2026-02-16 13:46:00,028 [  38677]   INFO - #c.i.u.i.UnindexedFilesScanner - Scanning of java-basics uses 8 scanning threads
2026-02-16 13:46:00,046 [  38695]   INFO - #c.i.p.c.i.PolyContextDiscoveryInfo$1 - Notifying that PolyContext may have changed due to roots changes.
2026-02-16 13:46:00,049 [  38698]   INFO - #c.i.w.i.i.EntitiesOrphanageImpl - Update orphanage. 1 modules added
2026-02-16 13:46:00,052 [  38701]   INFO - #c.i.w.i.i.ContentRootAdder - Move content roots for 1 modules from orphanage to storage
2026-02-16 13:46:00,052 [  38701]   INFO - #c.i.w.i.i.SourceRootAdder - Move source roots for 0 modules from orphanage to storage
2026-02-16 13:46:00,052 [  38701]   INFO - #c.i.w.i.i.ExcludeRootAdder - Move exclude roots for 0 modules from orphanage to storage
2026-02-16 13:46:00,053 [  38702]   INFO - #c.i.p.c.i.PolyContextDiscoveryInfo$1 - Notifying that PolyContext may have changed due to roots changes.
2026-02-16 13:46:00,053 [  38702]   INFO - #c.i.w.i.i.EntitiesOrphanageImpl - Update orphanage. 0 modules added
2026-02-16 13:46:00,053 [  38702]   INFO - #c.i.w.i.i.WorkspaceModelImpl - Project model updated to version 14 in 4 ms: Move orphan elements
2026-02-16 13:46:00,053 [  38702]   INFO - #c.i.w.i.i.WorkspaceModelImpl - Project model updated to version 14 in 14 ms: The Gradle project sync
  phase = SOURCE_SET_MODEL_PHASE
  taskId = RESOLVE_PROJECT:2
  projectPath = /data/project
2026-02-16 13:46:00,061 [  38710]   INFO - #c.i.u.i.IndexingReasonExplanationLogger - Scheduling indexing of RestTestApplication1.java (id=7713) by request of indexes: [java.fun.expression->NOT_INDEXED(not indexed),java.binary.plus.expression->NOT_INDEXED(not indexed),java.null.method.argument->NOT_INDEXED(not indexed),PropertyCodeReferenceIndex->NOT_INDEXED(not indexed),HashFragmentIndex->NOT_INDEXED(not indexed),Stubs->NOT_INDEXED(not indexed),]. 
2026-02-16 13:46:00,061 [  38710]   INFO - #c.i.u.i.IndexingReasonExplanationLogger - Scheduling indexing of RestTestApplicationTests1.java (id=7760) by request of indexes: [java.fun.expression->NOT_INDEXED(not indexed),java.binary.plus.expression->NOT_INDEXED(not indexed),java.null.method.argument->NOT_INDEXED(not indexed),PropertyCodeReferenceIndex->NOT_INDEXED(not indexed),HashFragmentIndex->NOT_INDEXED(not indexed),Stubs->NOT_INDEXED(not indexed),]. 
2026-02-16 13:46:00,061 [  38710]   INFO - #c.i.u.i.IndexingReasonExplanationLogger - Scheduling indexing of build.gradle (id=7704) by request of indexes: [HashFragmentIndex->NOT_INDEXED(not indexed),]. 
2026-02-16 13:46:00,062 [  38711]   INFO - #c.i.u.i.IndexingReasonExplanationLogger - Scheduling indexing of settings.gradle (id=7701) by request of indexes: [HashFragmentIndex->NOT_INDEXED(not indexed),]. 
2026-02-16 13:46:00,065 [  38714]   INFO - #c.i.w.i.i.EntitiesOrphanageImpl - Update orphanage. 0 modules added
2026-02-16 13:46:00,065 [  38714]   INFO - #c.i.w.i.i.WorkspaceModelImpl - Project model updated to version 15 in 3 ms: The Gradle project sync
  phase = ADDITIONAL_MODEL_PHASE
  taskId = RESOLVE_PROJECT:2
  projectPath = /data/project
2026-02-16 13:46:00,086 [  38735]   INFO - #c.i.u.i.UnindexedFilesScanner - [15375f63] Scanning completed for java-basics. Number of scanned files: 212; number of files for indexing: 4
2026-02-16 13:46:00,088 [  38737]   INFO - #c.i.o.p.UnindexedFilesScannerExecutor - [15375f63] Task finished (scanning id=2): com.intellij.util.indexing.UnindexedFilesScannerExecutorImpl$ScheduledScanningTask@55e3b78b
2026-02-16 13:46:00,088 [  38737]   INFO - #c.i.o.p.DumbServiceImpl - enter dumb mode [java-basics]
2026-02-16 13:46:00,088 [  38737]   INFO - #c.i.o.p.MergingQueueGuiExecutor - Running task: (dumb mode task) UnindexedFilesIndexer[java-basics, reasons: [changes in: "Module 'project.java-basics' (all roots)"]]
2026-02-16 13:46:00,089 [  38738]   INFO - #c.i.o.p.UnindexedFilesScannerExecutor - [15375f63] Running task: com.intellij.util.indexing.UnindexedFilesScannerExecutorImpl$ScheduledScanningTask@530a406a
2026-02-16 13:46:00,089 [  38738]   INFO - #c.i.u.i.UnindexedFilesScanner - [15375f63] scanning stage (scanning id=3): DelayedPushProperties
2026-02-16 13:46:00,089 [  38738]   INFO - #c.i.u.i.FileBasedIndexImpl - Indexes are already loaded
2026-02-16 13:46:00,090 [  38739]   INFO - #c.i.u.i.UnindexedFilesScanner - [15375f63] Started scanning for indexing of java-basics. Reason: Merged changes in: "Module 'java-basics.test' (all roots)", "Module 'java-basics.main' (all roots)" with changes in: "Module 'java-basics.main' (main)"
2026-02-16 13:46:00,090 [  38739]   INFO - #c.i.u.i.UnindexedFilesScanner - [15375f63] scanning stage (scanning id=3): CreatingIterators
2026-02-16 13:46:00,091 [  38740]   INFO - #c.i.u.i.UnindexedFilesScanner - [15375f63] scanning stage (scanning id=3): CollectingIndexableFiles
2026-02-16 13:46:00,091 [  38740]   INFO - #c.i.u.i.UnindexedFilesScanner - Scanning of java-basics uses 8 scanning threads
2026-02-16 13:46:00,100 [  38749]   INFO - #c.i.u.i.IndexingReasonExplanationLogger - Scheduling indexing of RestTestApplication1.java (id=7713) by request of indexes: [IdIndex->OUT_DATED(stamp(-2) != indexCreationStamp(1771249528613)),java.fun.expression->NOT_INDEXED(not indexed),java.binary.plus.expression->NOT_INDEXED(not indexed),java.null.method.argument->NOT_INDEXED(not indexed),PropertyCodeReferenceIndex->NOT_INDEXED(not indexed),Trigram.Index->OUT_DATED(stamp(-2) != indexCreationStamp(1771249524613)),HashFragmentIndex->NOT_INDEXED(not indexed),Stubs->NOT_INDEXED(not indexed),]. 
2026-02-16 13:46:00,100 [  38749]   INFO - #c.i.u.i.IndexingReasonExplanationLogger - Scheduling indexing of RestTestApplicationTests1.java (id=7760) by request of indexes: [IdIndex->OUT_DATED(stamp(-2) != indexCreationStamp(1771249528613)),java.fun.expression->NOT_INDEXED(not indexed),java.binary.plus.expression->NOT_INDEXED(not indexed),java.null.method.argument->NOT_INDEXED(not indexed),PropertyCodeReferenceIndex->NOT_INDEXED(not indexed),Trigram.Index->OUT_DATED(stamp(-2) != indexCreationStamp(1771249524613)),HashFragmentIndex->NOT_INDEXED(not indexed),Stubs->NOT_INDEXED(not indexed),]. 
2026-02-16 13:46:00,100 [  38749]   INFO - #c.i.u.i.IndexingReasonExplanationLogger - Scheduling indexing of build.gradle (id=7704) by request of indexes: [HashFragmentIndex->NOT_INDEXED(not indexed),]. 
2026-02-16 13:46:00,100 [  38749]   INFO - #c.i.u.i.IndexingReasonExplanationLogger - Scheduling indexing of settings.gradle (id=7701) by request of indexes: [HashFragmentIndex->NOT_INDEXED(not indexed),]. 
2026-02-16 13:46:00,105 [  38754]   INFO - #c.i.u.i.UnindexedFilesScanner - [15375f63] Scanning completed for java-basics. Number of scanned files: 136; number of files for indexing: 4
2026-02-16 13:46:00,106 [  38755]   INFO - #c.i.o.p.UnindexedFilesScannerExecutor - [15375f63] Task finished (scanning id=3): com.intellij.util.indexing.UnindexedFilesScannerExecutorImpl$ScheduledScanningTask@530a406a
2026-02-16 13:46:00,106 [  38755]   INFO - #c.i.u.i.FileBasedIndexImpl - Indexes are already loaded
2026-02-16 13:46:00,107 [  38756]   INFO - #c.i.u.i.c.IndexUpdateRunner - Using 8 workers for indexing and 4 for writing indexes
2026-02-16 13:46:00,107 [  38756]   INFO - #c.i.u.i.c.IndexUpdateRunner - Coroutine 4 finished gracefully
2026-02-16 13:46:00,107 [  38756]   INFO - #c.i.u.i.c.IndexUpdateRunner - Coroutine 5 finished gracefully
2026-02-16 13:46:00,108 [  38757]   INFO - #c.i.u.i.c.IndexUpdateRunner - Coroutine 6 finished gracefully
2026-02-16 13:46:00,108 [  38757]   INFO - #c.i.u.i.c.IndexUpdateRunner - Coroutine 3 finished gracefully
2026-02-16 13:46:00,113 [  38762]   INFO - #c.i.u.i.c.IndexUpdateRunner - Coroutine 0 finished gracefully
2026-02-16 13:46:00,113 [  38762]   INFO - #c.i.u.i.c.IndexUpdateRunner - Coroutine 7 finished gracefully
2026-02-16 13:46:00,114 [  38763]   INFO - #c.i.u.i.c.IndexUpdateRunner - Coroutine 2 finished gracefully
2026-02-16 13:46:00,115 [  38764]   INFO - STDOUT - [Gradle]: Gradle resolve stage finished with success: java-basics:15375f63
2026-02-16 13:46:00,115 [  38764]   INFO - #c.i.u.i.c.IndexUpdateRunner - Coroutine 1 finished gracefully
2026-02-16 13:46:00,128 [  38777]   INFO - #o.j.k.g.s.s.r.GradleBuildRootIndex - /data/project: org.jetbrains.kotlin.gradle.scripting.shared.roots.New@75cbddb8 -> org.jetbrains.kotlin.gradle.scripting.shared.roots.Imported@3479300c
2026-02-16 13:46:00,129 [  38778]   INFO - #c.i.o.e.u.ExternalSystemUtil - External project [/data/project] resolution task executed in 27410 ms.
2026-02-16 13:46:00,131 [  38780]   INFO - STDOUT - [Gradle]: Gradle data import stage started: java-basics:15375f63
2026-02-16 13:46:00,146 [  38795]   INFO - #c.i.u.i.ProjectChangedFilesScanner - Retrieving changed during indexing files of java-basics : 113 to update, calculated in 9ms
2026-02-16 13:46:00,154 [  38803]   INFO - STDOUT - [IDE]: Gradle: Importing gradle bridge data                                                                                        0%
2026-02-16 13:46:00,156 [  38805]   INFO - #c.i.o.e.s.p.IdeModifiableModelsProviderImpl - Ide modifiable models provider, create builder from version 15
2026-02-16 13:46:00,157 [  38806]   INFO - STDOUT - [IDE]: Gradle: Importing module data                                                                                               0%
2026-02-16 13:46:00,162 [  38811]   INFO - STDOUT - [IDE]: Gradle: Importing native target data                                                                                        2%
2026-02-16 13:46:00,162 [  38811]   INFO - STDOUT - [IDE]: Gradle: Importing kotlin target data                                                                     .                  5%
2026-02-16 13:46:00,163 [  38812]   INFO - STDOUT - [IDE]: Gradle: Importing kotlin fragment data                                                                   .                  8%
2026-02-16 13:46:00,165 [  38814]   INFO - STDOUT - [IDE]: Gradle: Importing gradle project build script data                                                       ..                 11%
2026-02-16 13:46:00,166 [  38815]   INFO - STDOUT - [IDE]: Gradle: Importing gradle source set data                                                                 ..                 13%
2026-02-16 13:46:00,169 [  38818]   INFO - STDOUT - [IDE]: Gradle: Importing gradle bridge module data                                                              ...                16%
2026-02-16 13:46:00,170 [  38819]   INFO - STDOUT - [IDE]: Gradle: Importing project data                                                                           ...                19%
2026-02-16 13:46:00,170 [  38819]   INFO - STDOUT - [IDE]: Gradle: Importing project data                                                                           ....               22%
2026-02-16 13:46:00,171 [  38820]   INFO - STDOUT - [IDE]: Gradle: Importing java project data                                                                      ....               22%
2026-02-16 13:46:00,174 [  38823]   INFO - STDOUT - [IDE]: Gradle: Importing project sdk data                                                                       ....               25%
2026-02-16 13:46:00,177 [  38826]   INFO - STDOUT - [IDE]: Gradle: Importing composite build data                                                                   .....              27%
2026-02-16 13:46:00,178 [  38827]   INFO - STDOUT - [IDE]: Gradle: Importing java module data                                                                       .....              30%
2026-02-16 13:46:00,179 [  38828]   INFO - STDOUT - [IDE]: Gradle: Importing module sdk data                                                                        ......             33%
2026-02-16 13:46:00,180 [  38829]   INFO - STDOUT - [IDE]: Gradle: Importing library data                                                                           ......             36%
2026-02-16 13:46:00,224 [  38873]   INFO - #c.i.u.i.c.IndexUpdateRunner - Coroutine 4 finished gracefully
2026-02-16 13:46:00,226 [  38875]   INFO - #c.i.u.i.c.IndexUpdateRunner - Coroutine 0 finished gracefully
2026-02-16 13:46:00,228 [  38877]   INFO - #c.i.u.i.c.IndexUpdateRunner - Coroutine 5 finished gracefully
2026-02-16 13:46:00,228 [  38877]   INFO - #c.i.u.i.c.IndexUpdateRunner - Coroutine 7 finished gracefully
2026-02-16 13:46:00,228 [  38877]   INFO - #c.i.u.i.c.IndexUpdateRunner - Coroutine 2 finished gracefully
2026-02-16 13:46:00,229 [  38878]   INFO - #c.i.u.i.c.IndexUpdateRunner - Coroutine 6 finished gracefully
2026-02-16 13:46:00,229 [  38878]   INFO - #c.i.u.i.c.IndexUpdateRunner - Coroutine 3 finished gracefully
2026-02-16 13:46:00,230 [  38879]   INFO - #c.i.u.i.c.IndexUpdateRunner - Coroutine 1 finished gracefully
2026-02-16 13:46:00,238 [  38887]   INFO - STDOUT - [IDE]: Gradle: Importing content root data                                                                      .......            38%
2026-02-16 13:46:00,249 [  38898]   INFO - STDOUT - [IDE]: Gradle: Importing kotlin output paths data                                                               .......            41%
2026-02-16 13:46:00,250 [  38899]   INFO - STDOUT - [IDE]: Gradle: Importing kotlin output paths data                                                               ........           44%
2026-02-16 13:46:00,250 [  38899]   INFO - STDOUT - [IDE]: Gradle: Importing module dependency data                                                                 ........           44%
2026-02-16 13:46:00,251 [  38900]   INFO - STDOUT - [IDE]: Gradle: Importing library dependency data                                                                ........           47%
2026-02-16 13:46:00,252 [  38901]   INFO - #c.i.u.i.UnindexedFilesIndexer - Finished for java-basics. Unindexed files update took 144ms; general responsiveness: ok; EDT responsiveness: ok
2026-02-16 13:46:00,252 [  38901]   INFO - #c.i.o.p.MergingQueueGuiExecutor - Task finished: (dumb mode task) UnindexedFilesIndexer[java-basics, reasons: [changes in: "Module 'project.java-basics' (all roots)"]]
2026-02-16 13:46:00,252 [  38901]   INFO - #c.i.o.p.MergingQueueGuiExecutor - Running task: (dumb mode task) UnindexedFilesIndexer[java-basics, reasons: [Merged changes in: "Module 'java-basics.test' (all roots)", "Module 'java-basics.main' (all roots)" with changes in: "Module 'java-basics.main' (main)"]]
2026-02-16 13:46:00,252 [  38901]   INFO - #c.i.u.i.FileBasedIndexImpl - Indexes are already loaded
2026-02-16 13:46:00,252 [  38901]   INFO - #c.i.u.i.c.IndexUpdateRunner - Using 8 workers for indexing and 4 for writing indexes
2026-02-16 13:46:00,252 [  38901]   INFO - #c.i.u.i.ProjectChangedFilesScanner - Retrieving changed during indexing files of java-basics : 0 to update, calculated in 0ms
2026-02-16 13:46:00,252 [  38901]   INFO - #c.i.u.i.UnindexedFilesIndexer - Finished for java-basics. Unindexed files update took 0ms; general responsiveness: ok; EDT responsiveness: ok
2026-02-16 13:46:00,252 [  38901]   INFO - #c.i.o.p.MergingQueueGuiExecutor - Task finished: (dumb mode task) UnindexedFilesIndexer[java-basics, reasons: [Merged changes in: "Module 'java-basics.test' (all roots)", "Module 'java-basics.main' (all roots)" with changes in: "Module 'java-basics.main' (main)"]]
2026-02-16 13:46:00,252 [  38901]   INFO - #c.i.o.p.MergingQueueGuiExecutor - Running task: (dumb mode task) com.intellij.openapi.roots.impl.PushedFilePropertiesUpdaterImpl$MyDumbModeTask@7fc24809 (reason: Push on VFS changes)
2026-02-16 13:46:00,254 [  38903]   INFO - STDOUT - [IDE]: Gradle: Importing dependency accessors model                                                             .........          50%
2026-02-16 13:46:00,254 [  38903]   INFO - STDOUT - [IDE]: Gradle: Importing version catalogs model                                                                 .........          52%
2026-02-16 13:46:00,254 [  38903]   INFO - STDOUT - [IDE]: Gradle: Importing build script classpath data                                                            ..........         55%
2026-02-16 13:46:00,259 [  38908]   INFO - #c.i.o.p.MergingQueueGuiExecutor - Task finished: (dumb mode task) com.intellij.openapi.roots.impl.PushedFilePropertiesUpdaterImpl$MyDumbModeTask@7fc24809 (reason: Push on VFS changes)
2026-02-16 13:46:00,259 [  38908]   INFO - #c.i.o.p.DumbServiceImpl - exit dumb mode [java-basics]
2026-02-16 13:46:00,263 [  38912]   INFO - #c.i.w.i.i.EntitiesOrphanageImpl - Update orphanage. 0 modules added
2026-02-16 13:46:00,264 [  38913]   INFO - #c.i.w.i.i.WorkspaceModelImpl - Project model updated to version 16 in 3 ms: AbstractExternalSystemLocalSettings async update
2026-02-16 13:46:00,264 [  38913]   INFO - STDOUT - [IDE]: Task 'Analyzing project to enable smart features' ended
2026-02-16 13:46:00,264 [  38913]   INFO - STDOUT - [IDE]: Gradle: Importing gradle extensions                                                                      ..........         58%
2026-02-16 13:46:00,267 [  38916]   INFO - STDOUT - [IDE]: Gradle: Importing task data                                                                              ...........        61%
2026-02-16 13:46:00,268 [  38917]   INFO - STDOUT - [IDE]: Gradle: Importing java manifest data                                                                     ...........        63%
2026-02-16 13:46:00,268 [  38917]   INFO - STDOUT - [IDE]: Gradle: Importing java manifest data                                                                     ............       66%
2026-02-16 13:46:00,268 [  38917]   INFO - STDOUT - [IDE]: Gradle: Importing external project                                                                       ............       66%
2026-02-16 13:46:00,268 [  38917]   INFO - STDOUT - [IDE]: Gradle: Importing configuration data                                                                     ............       69%
2026-02-16 13:46:00,268 [  38917]   INFO - STDOUT - [IDE]: Gradle: Importing test data                                                                              .............      72%
2026-02-16 13:46:00,269 [  38918]   INFO - STDOUT - [IDE]: Gradle: Importing project dependencies                                                                   .............      75%
2026-02-16 13:46:00,269 [  38918]   INFO - STDOUT - [IDE]: Gradle: Importing annotation processing data                                                             ..............     77%
2026-02-16 13:46:00,275 [  38924]   INFO - STDOUT - [IDE]: Gradle: Importing annotation processing data$ annotation processor output                                ..............     80%
2026-02-16 13:46:00,275 [  38924]   INFO - STDOUT - [IDE]: Gradle: Importing web configuration model data                                                           ...............    83%
2026-02-16 13:46:00,282 [  38931]   INFO - STDOUT - [IDE]: Gradle: Importing external system operation descriptor                                                   ...............    86%
2026-02-16 13:46:00,282 [  38931]   INFO - STDOUT - [IDE]: Gradle: Importing external system operation descriptor                                                   ................   88%
2026-02-16 13:46:00,282 [  38931]   INFO - STDOUT - [IDE]: Gradle: Importing ear configuration model data                                                           ................   88%
2026-02-16 13:46:00,282 [  38931]   INFO - STDOUT - [IDE]: Gradle: Importing maven repository data                                                                  ................   91%
2026-02-16 13:46:00,282 [  38931]   INFO - STDOUT - [IDE]: Gradle: Importing project repository data                                                                .................  94%
2026-02-16 13:46:00,299 [  38948]   INFO - #o.j.i.maven - Updating index list for project Project(name=java-basics, containerState=COMPONENT_CREATED, componentStore=/data/project)
2026-02-16 13:46:00,299 [  38948]   INFO - #o.j.i.maven - updating index list for Project(name=java-basics, containerState=COMPONENT_CREATED, componentStore=/data/project) - local:local:/data/cache/.m2 remains the same, nothing to update
2026-02-16 13:46:00,316 [  38965]   INFO - #c.i.w.i.i.EntitiesOrphanageImpl - Update orphanage. 0 modules added
2026-02-16 13:46:00,316 [  38965]   INFO - #c.i.w.i.i.WorkspaceModelImpl - Project model updated to version 17 in 0 ms: Commit artifact manager
2026-02-16 13:46:00,327 [  38976]   INFO - #c.i.o.p.UnindexedFilesScannerExecutor - [15375f63] Running task: com.intellij.util.indexing.UnindexedFilesScannerExecutorImpl$ScheduledScanningTask@399e8d6
2026-02-16 13:46:00,327 [  38976]   INFO - #c.i.w.i.i.EntitiesOrphanageImpl - Update orphanage. 0 modules added
2026-02-16 13:46:00,328 [  38977]   INFO - #c.i.o.p.DumbServiceImpl - enter dumb mode [java-basics]
2026-02-16 13:46:00,330 [  38979]   INFO - #c.i.w.i.i.WorkspaceModelImpl - Project model updated to version 18 in 13 ms: External system: commit model
2026-02-16 13:46:00,330 [  38979]   INFO - #c.i.p.c.i.PolyContextDiscoveryInfo$1 - Notifying that PolyContext may have changed due to roots changes.
2026-02-16 13:46:00,333 [  38982]   INFO - STDOUT - [Gradle]: Gradle data import stage finished with success: java-basics:15375f63
2026-02-16 13:46:00,335 [  38984]   INFO - #c.i.u.i.UnindexedFilesScanner - [15375f63] scanning stage (scanning id=4): DelayedPushProperties
2026-02-16 13:46:00,336 [  38985]   INFO - #c.i.o.p.MergingQueueGuiExecutor - Running task: (dumb mode task) com.intellij.openapi.roots.impl.PushedFilePropertiesUpdaterImpl$MyDumbModeTask@5eccb441 (reason: Push all on [com.intellij.openapi.roots.impl.JavaLanguageLevelPusher@708ecae1])
2026-02-16 13:46:00,336 [  38985]   INFO - STDOUT - [Gradle]: Gradle data import(final tasks) stage started: java-basics:15375f63
2026-02-16 13:46:00,337 [  38986]   INFO - #c.i.o.p.MergingQueueGuiExecutor - Task finished: (dumb mode task) com.intellij.openapi.roots.impl.PushedFilePropertiesUpdaterImpl$MyDumbModeTask@5eccb441 (reason: Push all on [com.intellij.openapi.roots.impl.JavaLanguageLevelPusher@708ecae1])
2026-02-16 13:46:00,340 [  38989]   INFO - #c.i.o.p.DumbServiceImpl - exit dumb mode [java-basics]
2026-02-16 13:46:00,348 [  38997]   INFO - STDOUT - [IDE]: Task 'Analyzing project to enable smart features' ended
2026-02-16 13:46:00,353 [  39002]   INFO - #c.i.w.i.i.EntitiesOrphanageImpl - Update orphanage. 0 modules added
2026-02-16 13:46:00,353 [  39002]   INFO - #c.i.w.i.i.WorkspaceModelImpl - Project model updated to version 19 in 1 ms: AbstractExternalSystemLocalSettings async update
2026-02-16 13:46:00,391 [  39040]   INFO - #c.i.u.i.FileBasedIndexImpl - Indexes are already loaded
2026-02-16 13:46:00,391 [  39040]   INFO - #c.i.u.i.UnindexedFilesScanner - [15375f63] Started scanning for indexing of java-basics. Reason: Changes from WorkspaceFileIndex
2026-02-16 13:46:00,391 [  39040]   INFO - #c.i.u.i.UnindexedFilesScanner - [15375f63] scanning stage (scanning id=4): CreatingIterators
2026-02-16 13:46:00,392 [  39041]   INFO - #c.i.u.i.UnindexedFilesScanner - [15375f63] scanning stage (scanning id=4): CollectingIndexableFiles
2026-02-16 13:46:00,392 [  39041]   INFO - #c.i.u.i.UnindexedFilesScanner - Scanning of java-basics uses 8 scanning threads
2026-02-16 13:46:00,400 [  39049]   INFO - #c.i.u.i.IndexingReasonExplanationLogger - Scanner has updated file opentest4j-1.2.0.jar (id=77798) with appliers: [SingleIndexValueApplier{indexId=java.auto.module.name, inputId=77798, fileInfo='opentest4j-1.2.0.jar(id=77798)'}] and removers: []; 
2026-02-16 13:46:00,401 [  39050]   INFO - #c.i.u.i.IndexingReasonExplanationLogger - Scanner has updated file junit-platform-launcher-1.7.0.jar (id=77747) with appliers: [SingleIndexValueApplier{indexId=java.auto.module.name, inputId=77747, fileInfo='junit-platform-launcher-1.7.0.jar(id=77747)'}] and removers: []; 
2026-02-16 13:46:00,401 [  39050]   INFO - #c.i.u.i.IndexingReasonExplanationLogger - Scheduling indexing of LauncherConfig.class (id=77960) by request of indexes: [bytecodeAnalysis->NOT_INDEXED(not indexed),org.jetbrains.kotlin.idea.vfilefinder.KotlinClassFileIndex->NOT_INDEXED(not indexed),org.jetbrains.kotlin.idea.versions.KotlinJvmMetadataVersionIndex->NOT_INDEXED(not indexed),org.jetbrains.kotlin.idea.vfilefinder.KotlinPartialPackageNamesIndex->NOT_INDEXED(not indexed),KotlinTopLevelCallableByPackageShortNameIndex->NOT_INDEXED(not indexed),KotlinTopLevelClassLikeDeclarationByPackageShortNameIndex->NOT_INDEXED(not indexed),KotlinBinaryRootToPackageIndex->NOT_INDEXED(not indexed),filetypes->NOT_INDEXED(not indexed),Stubs->NOT_INDEXED(not indexed),]. Scanner has updated file LauncherConfig.class (id=77960) with appliers: [SingleIndexValueApplier{indexId=filetypes, inputId=77960, fileInfo='LauncherConfig.class(id=77960)'}] and removers: []; 
2026-02-16 13:46:00,401 [  39050]   INFO - #c.i.u.i.IndexingReasonExplanationLogger - Scheduling indexing of ValueWrapper.class (id=79126) by request of indexes: [bytecodeAnalysis->NOT_INDEXED(not indexed),org.jetbrains.kotlin.idea.vfilefinder.KotlinClassFileIndex->NOT_INDEXED(not indexed),org.jetbrains.kotlin.idea.versions.KotlinJvmMetadataVersionIndex->NOT_INDEXED(not indexed),org.jetbrains.kotlin.idea.vfilefinder.KotlinPartialPackageNamesIndex->NOT_INDEXED(not indexed),KotlinTopLevelCallableByPackageShortNameIndex->NOT_INDEXED(not indexed),KotlinTopLevelClassLikeDeclarationByPackageShortNameIndex->NOT_INDEXED(not indexed),KotlinBinaryRootToPackageIndex->NOT_INDEXED(not indexed),filetypes->NOT_INDEXED(not indexed),Stubs->NOT_INDEXED(not indexed),]. Scanner has updated file ValueWrapper.class (id=79126) with appliers: [SingleIndexValueApplier{indexId=filetypes, inputId=79126, fileInfo='ValueWrapper.class(id=79126)'}] and removers: []; 
2026-02-16 13:46:00,402 [  39051]   INFO - #c.i.u.i.IndexingReasonExplanationLogger - Scanner has updated file aspectjrt-1.9.6.jar (id=77765) with appliers: [SingleIndexValueApplier{indexId=java.auto.module.name, inputId=77765, fileInfo='aspectjrt-1.9.6.jar(id=77765)'}] and removers: []; 
2026-02-16 13:46:00,402 [  39051]   INFO - #c.i.u.i.IndexingReasonExplanationLogger - Scanner has updated file junit-jupiter-api-5.7.0.jar (id=77781) with appliers: [SingleIndexValueApplier{indexId=java.auto.module.name, inputId=77781, fileInfo='junit-jupiter-api-5.7.0.jar(id=77781)'}] and removers: []; 
2026-02-16 13:46:00,402 [  39051]   INFO - #c.i.u.i.IndexingReasonExplanationLogger - Scheduling indexing of AssertionFailedError.class (id=79130) by request of indexes: [bytecodeAnalysis->NOT_INDEXED(not indexed),org.jetbrains.kotlin.idea.vfilefinder.KotlinClassFileIndex->NOT_INDEXED(not indexed),org.jetbrains.kotlin.idea.versions.KotlinJvmMetadataVersionIndex->NOT_INDEXED(not indexed),org.jetbrains.kotlin.idea.vfilefinder.KotlinPartialPackageNamesIndex->NOT_INDEXED(not indexed),KotlinTopLevelCallableByPackageShortNameIndex->NOT_INDEXED(not indexed),KotlinTopLevelClassLikeDeclarationByPackageShortNameIndex->NOT_INDEXED(not indexed),KotlinBinaryRootToPackageIndex->NOT_INDEXED(not indexed),filetypes->NOT_INDEXED(not indexed),Stubs->NOT_INDEXED(not indexed),]. Scanner has updated file AssertionFailedError.class (id=79130) with appliers: [SingleIndexValueApplier{indexId=filetypes, inputId=79130, fileInfo='AssertionFailedError.class(id=79130)'}] and removers: []; 
2026-02-16 13:46:00,402 [  39051]   INFO - #c.i.u.i.IndexingReasonExplanationLogger - Scheduling indexing of TestAbortedException.class (id=79127) by request of indexes: [bytecodeAnalysis->NOT_INDEXED(not indexed),org.jetbrains.kotlin.idea.vfilefinder.KotlinClassFileIndex->NOT_INDEXED(not indexed),org.jetbrains.kotlin.idea.versions.KotlinJvmMetadataVersionIndex->NOT_INDEXED(not indexed),org.jetbrains.kotlin.idea.vfilefinder.KotlinPartialPackageNamesIndex->NOT_INDEXED(not indexed),KotlinTopLevelCallableByPackageShortNameIndex->NOT_INDEXED(not indexed),KotlinTopLevelClassLikeDeclarationByPackageShortNameIndex->NOT_INDEXED(not indexed),KotlinBinaryRootToPackageIndex->NOT_INDEXED(not indexed),filetypes->NOT_INDEXED(not indexed),Stubs->NOT_INDEXED(not indexed),]. Scanner has updated file TestAbortedException.class (id=79127) with appliers: [SingleIndexValueApplier{indexId=filetypes, inputId=79127, fileInfo='TestAbortedException.class(id=79127)'}] and removers: []; 
2026-02-16 13:46:00,402 [  39051]   INFO - #c.i.u.i.IndexingReasonExplanationLogger - Scheduling indexing of Advice.class (id=78439) by request of indexes: [bytecodeAnalysis->NOT_INDEXED(not indexed),org.jetbrains.kotlin.idea.vfilefinder.KotlinClassFileIndex->NOT_INDEXED(not indexed),org.jetbrains.kotlin.idea.versions.KotlinJvmMetadataVersionIndex->NOT_INDEXED(not indexed),org.jetbrains.kotlin.idea.vfilefinder.KotlinPartialPackageNamesIndex->NOT_INDEXED(not indexed),KotlinTopLevelCallableByPackageShortNameIndex->NOT_INDEXED(not indexed),KotlinTopLevelClassLikeDeclarationByPackageShortNameIndex->NOT_INDEXED(not indexed),KotlinBinaryRootToPackageIndex->NOT_INDEXED(not indexed),filetypes->NOT_INDEXED(not indexed),Stubs->NOT_INDEXED(not indexed),]. Scanner has updated file Advice.class (id=78439) with appliers: [SingleIndexValueApplier{indexId=filetypes, inputId=78439, fileInfo='Advice.class(id=78439)'}] and removers: []; 
2026-02-16 13:46:00,403 [  39052]   INFO - #c.i.u.i.IndexingReasonExplanationLogger - Scheduling indexing of TestSkippedException.class (id=79125) by request of indexes: [bytecodeAnalysis->NOT_INDEXED(not indexed),org.jetbrains.kotlin.idea.vfilefinder.KotlinClassFileIndex->NOT_INDEXED(not indexed),org.jetbrains.kotlin.idea.versions.KotlinJvmMetadataVersionIndex->NOT_INDEXED(not indexed),org.jetbrains.kotlin.idea.vfilefinder.KotlinPartialPackageNamesIndex->NOT_INDEXED(not indexed),KotlinTopLevelCallableByPackageShortNameIndex->NOT_INDEXED(not indexed),KotlinTopLevelClassLikeDeclarationByPackageShortNameIndex->NOT_INDEXED(not indexed),KotlinBinaryRootToPackageIndex->NOT_INDEXED(not indexed),filetypes->NOT_INDEXED(not indexed),Stubs->NOT_INDEXED(not indexed),]. Scanner has updated file TestSkippedException.class (id=79125) with appliers: [SingleIndexValueApplier{indexId=filetypes, inputId=79125, fileInfo='TestSkippedException.class(id=79125)'}] and removers: []; 
2026-02-16 13:46:00,403 [  39052]   INFO - #c.i.u.i.IndexingReasonExplanationLogger - Scheduling indexing of MultipleFailuresError.class (id=79128) by request of indexes: [bytecodeAnalysis->NOT_INDEXED(not indexed),org.jetbrains.kotlin.idea.vfilefinder.KotlinClassFileIndex->NOT_INDEXED(not indexed),org.jetbrains.kotlin.idea.versions.KotlinJvmMetadataVersionIndex->NOT_INDEXED(not indexed),org.jetbrains.kotlin.idea.vfilefinder.KotlinPartialPackageNamesIndex->NOT_INDEXED(not indexed),KotlinTopLevelCallableByPackageShortNameIndex->NOT_INDEXED(not indexed),KotlinTopLevelClassLikeDeclarationByPackageShortNameIndex->NOT_INDEXED(not indexed),KotlinBinaryRootToPackageIndex->NOT_INDEXED(not indexed),filetypes->NOT_INDEXED(not indexed),Stubs->NOT_INDEXED(not indexed),]. Scanner has updated file MultipleFailuresError.class (id=79128) with appliers: [SingleIndexValueApplier{indexId=filetypes, inputId=79128, fileInfo='MultipleFailuresError.class(id=79128)'}] and removers: []; 
2026-02-16 13:46:00,403 [  39052]   INFO - #c.i.u.i.IndexingReasonExplanationLogger - Scheduling indexing of AjType.class (id=78443) by request of indexes: [bytecodeAnalysis->NOT_INDEXED(not indexed),org.jetbrains.kotlin.idea.vfilefinder.KotlinClassFileIndex->NOT_INDEXED(not indexed),org.jetbrains.kotlin.idea.versions.KotlinJvmMetadataVersionIndex->NOT_INDEXED(not indexed),org.jetbrains.kotlin.idea.vfilefinder.KotlinPartialPackageNamesIndex->NOT_INDEXED(not indexed),KotlinTopLevelCallableByPackageShortNameIndex->NOT_INDEXED(not indexed),KotlinTopLevelClassLikeDeclarationByPackageShortNameIndex->NOT_INDEXED(not indexed),KotlinBinaryRootToPackageIndex->NOT_INDEXED(not indexed),filetypes->NOT_INDEXED(not indexed),Stubs->NOT_INDEXED(not indexed),]. Scanner has updated file AjType.class (id=78443) with appliers: [SingleIndexValueApplier{indexId=filetypes, inputId=78443, fileInfo='AjType.class(id=78443)'}] and removers: []; 
2026-02-16 13:46:00,403 [  39052]   INFO - #c.i.u.i.IndexingReasonExplanationLogger - Scheduling indexing of IncompleteExecutionException.class (id=79129) by request of indexes: [bytecodeAnalysis->NOT_INDEXED(not indexed),org.jetbrains.kotlin.idea.vfilefinder.KotlinClassFileIndex->NOT_INDEXED(not indexed),org.jetbrains.kotlin.idea.versions.KotlinJvmMetadataVersionIndex->NOT_INDEXED(not indexed),org.jetbrains.kotlin.idea.vfilefinder.KotlinPartialPackageNamesIndex->NOT_INDEXED(not indexed),KotlinTopLevelCallableByPackageShortNameIndex->NOT_INDEXED(not indexed),KotlinTopLevelClassLikeDeclarationByPackageShortNameIndex->NOT_INDEXED(not indexed),KotlinBinaryRootToPackageIndex->NOT_INDEXED(not indexed),filetypes->NOT_INDEXED(not indexed),Stubs->NOT_INDEXED(not indexed),]. Scanner has updated file IncompleteExecutionException.class (id=79129) with appliers: [SingleIndexValueApplier{indexId=filetypes, inputId=79129, fileInfo='IncompleteExecutionException.class(id=79129)'}] and removers: []; 
2026-02-16 13:46:00,403 [  39052]   INFO - #c.i.u.i.IndexingReasonExplanationLogger - Scheduling indexing of Pointcut.class (id=78434) by request of indexes: [bytecodeAnalysis->NOT_INDEXED(not indexed),org.jetbrains.kotlin.idea.vfilefinder.KotlinClassFileIndex->NOT_INDEXED(not indexed),org.jetbrains.kotlin.idea.versions.KotlinJvmMetadataVersionIndex->NOT_INDEXED(not indexed),org.jetbrains.kotlin.idea.vfilefinder.KotlinPartialPackageNamesIndex->NOT_INDEXED(not indexed),KotlinTopLevelCallableByPackageShortNameIndex->NOT_INDEXED(not indexed),KotlinTopLevelClassLikeDeclarationByPackageShortNameIndex->NOT_INDEXED(not indexed),KotlinBinaryRootToPackageIndex->NOT_INDEXED(not indexed),filetypes->NOT_INDEXED(not indexed),Stubs->NOT_INDEXED(not indexed),]. Scanner has updated file Pointcut.class (id=78434) with appliers: [SingleIndexValueApplier{indexId=filetypes, inputId=78434, fileInfo='Pointcut.class(id=78434)'}] and removers: []; 
2026-02-16 13:46:00,404 [  39053]   INFO - #c.i.u.i.IndexingReasonExplanationLogger - Scanner has updated file config-1.4.1.jar (id=77759) with appliers: [SingleIndexValueApplier{indexId=java.auto.module.name, inputId=77759, fileInfo='config-1.4.1.jar(id=77759)'}] and removers: []; 
2026-02-16 13:46:00,404 [  39053]   INFO - #c.i.u.i.IndexingReasonExplanationLogger - Scanner has updated file jackson-core-2.10.4.jar (id=77809) with appliers: [SingleIndexValueApplier{indexId=java.auto.module.name, inputId=77809, fileInfo='jackson-core-2.10.4.jar(id=77809)'}] and removers: []; 
2026-02-16 13:46:00,407 [  39056]   INFO - #c.i.u.i.IndexingReasonExplanationLogger - Scanner has updated file junit-platform-engine-1.7.0.jar (id=77776) with appliers: [SingleIndexValueApplier{indexId=java.auto.module.name, inputId=77776, fileInfo='junit-platform-engine-1.7.0.jar(id=77776)'}] and removers: []; 
2026-02-16 13:46:00,414 [  39063]   INFO - #c.i.u.i.IndexingReasonExplanationLogger - Scanner has updated file lombok-1.18.28.jar (id=77771) with appliers: [SingleIndexValueApplier{indexId=java.auto.module.name, inputId=77771, fileInfo='lombok-1.18.28.jar(id=77771)'}] and removers: []; 
2026-02-16 13:46:00,415 [  39064]   INFO - #c.i.u.i.IndexingReasonExplanationLogger - Scanner has updated file apiguardian-api-1.1.0.jar (id=77787) with appliers: [SingleIndexValueApplier{indexId=java.auto.module.name, inputId=77787, fileInfo='apiguardian-api-1.1.0.jar(id=77787)'}] and removers: []; 
2026-02-16 13:46:00,416 [  39065]   INFO - #c.i.u.i.IndexingReasonExplanationLogger - Scanner has updated file Excludes.SCL.lombok (id=78492) with appliers: [SingleIndexValueApplier{indexId=filetypes, inputId=78492, fileInfo='Excludes.SCL.lombok(id=78492)'}] and removers: []; 
2026-02-16 13:46:00,554 [  39203]   INFO - STDOUT - [Gradle]: Gradle data import(final tasks) stage finished: java-basics:15375f63
2026-02-16 13:46:00,563 [  39212]   INFO - STDOUT - [IDE]: Task 'Importing 'project' Gradle Project' ended in 28 s 173 ms
2026-02-16 13:46:00,596 [  39245]   INFO - #c.i.u.i.UnindexedFilesScanner - [15375f63] Scanning completed for java-basics. Number of scanned files: 6571; number of files for indexing: 4987
2026-02-16 13:46:00,597 [  39246]   INFO - #c.i.o.p.UnindexedFilesScannerExecutor - [15375f63] Task finished (scanning id=4): com.intellij.util.indexing.UnindexedFilesScannerExecutorImpl$ScheduledScanningTask@399e8d6
2026-02-16 13:46:00,598 [  39247]   INFO - #c.i.o.p.DumbServiceImpl - enter dumb mode [java-basics]
2026-02-16 13:46:00,598 [  39247]   INFO - #c.i.o.p.UnindexedFilesScannerExecutor - [15375f63] Running task: com.intellij.util.indexing.UnindexedFilesScannerExecutorImpl$ScheduledScanningTask@4d14c9ab
2026-02-16 13:46:00,599 [  39248]   INFO - #c.i.u.i.UnindexedFilesScanner - [15375f63] scanning stage (scanning id=5): DelayedPushProperties
2026-02-16 13:46:00,599 [  39248]   INFO - #c.i.o.p.MergingQueueGuiExecutor - Running task: (dumb mode task) UnindexedFilesIndexer[java-basics, reasons: [Changes from WorkspaceFileIndex]]
2026-02-16 13:46:00,601 [  39250]   INFO - #c.i.u.i.FileBasedIndexImpl - Indexes are already loaded
2026-02-16 13:46:00,601 [  39250]   INFO - #c.i.u.i.UnindexedFilesScanner - [15375f63] Started scanning for indexing of java-basics. Reason: changes in: "Module 'java-basics.main' (all roots)", "Module 'java-basics.test' (all roots)", "Module 'java-basics' (project)"
2026-02-16 13:46:00,601 [  39250]   INFO - #c.i.u.i.UnindexedFilesScanner - [15375f63] scanning stage (scanning id=5): CreatingIterators
2026-02-16 13:46:00,601 [  39250]   INFO - #c.i.u.i.UnindexedFilesScanner - [15375f63] scanning stage (scanning id=5): CollectingIndexableFiles
2026-02-16 13:46:00,601 [  39250]   INFO - #c.i.u.i.UnindexedFilesScanner - Scanning of java-basics uses 8 scanning threads
2026-02-16 13:46:00,607 [  39256]   INFO - #c.i.u.i.IndexingReasonExplanationLogger - Scheduling indexing of allure-maven.html (id=79207) by request of indexes: [Trigram.Index->NOT_INDEXED(not indexed),fileIncludes->NOT_INDEXED(not indexed),html5.custom.attributes.index->NOT_INDEXED(not indexed),CssIndex->NOT_INDEXED(not indexed),css.template.selectors->NOT_INDEXED(not indexed),js.custom.single.entry.index->NOT_INDEXED(not indexed),js.implicit.elements.index->NOT_INDEXED(not indexed),WebComponentsIndex->NOT_INDEXED(not indexed),filetypes->NOT_INDEXED(not indexed),IdIndex->NOT_INDEXED(not indexed),Stubs->NOT_INDEXED(not indexed),HtmlTagIdIndex->NOT_INDEXED(not indexed),HtmlScriptSrcIndex->NOT_INDEXED(not indexed),]. Scanner has updated file allure-maven.html (id=79207) with appliers: [SingleIndexValueApplier{indexId=filetypes, inputId=79207, fileInfo='allure-maven.html(id=79207)'}] and removers: []; 
2026-02-16 13:46:00,607 [  39256]   INFO - #c.i.u.i.IndexingReasonExplanationLogger - Scheduling indexing of Main.class (id=79434) by request of indexes: [bytecodeAnalysis->NOT_INDEXED(not indexed),org.jetbrains.kotlin.idea.vfilefinder.KotlinClassFileIndex->NOT_INDEXED(not indexed),org.jetbrains.kotlin.idea.versions.KotlinJvmMetadataVersionIndex->NOT_INDEXED(not indexed),org.jetbrains.kotlin.idea.vfilefinder.KotlinPartialPackageNamesIndex->NOT_INDEXED(not indexed),KotlinTopLevelCallableByPackageShortNameIndex->NOT_INDEXED(not indexed),KotlinTopLevelClassLikeDeclarationByPackageShortNameIndex->NOT_INDEXED(not indexed),KotlinBinaryRootToPackageIndex->NOT_INDEXED(not indexed),filetypes->NOT_INDEXED(not indexed),Stubs->NOT_INDEXED(not indexed),]. Scanner has updated file Main.class (id=79434) with appliers: [SingleIndexValueApplier{indexId=filetypes, inputId=79434, fileInfo='Main.class(id=79434)'}] and removers: []; 
2026-02-16 13:46:00,607 [  39256]   INFO - #c.i.u.i.IndexingReasonExplanationLogger - Scheduling indexing of User.class (id=79437) by request of indexes: [bytecodeAnalysis->NOT_INDEXED(not indexed),org.jetbrains.kotlin.idea.vfilefinder.KotlinClassFileIndex->NOT_INDEXED(not indexed),org.jetbrains.kotlin.idea.versions.KotlinJvmMetadataVersionIndex->NOT_INDEXED(not indexed),org.jetbrains.kotlin.idea.vfilefinder.KotlinPartialPackageNamesIndex->NOT_INDEXED(not indexed),KotlinTopLevelCallableByPackageShortNameIndex->NOT_INDEXED(not indexed),KotlinTopLevelClassLikeDeclarationByPackageShortNameIndex->NOT_INDEXED(not indexed),KotlinBinaryRootToPackageIndex->NOT_INDEXED(not indexed),filetypes->NOT_INDEXED(not indexed),Stubs->NOT_INDEXED(not indexed),]. Scanner has updated file User.class (id=79437) with appliers: [SingleIndexValueApplier{indexId=filetypes, inputId=79437, fileInfo='User.class(id=79437)'}] and removers: []; 
2026-02-16 13:46:00,607 [  39256]   INFO - #c.i.u.i.IndexingReasonExplanationLogger - Scheduling indexing of Smoke.class (id=79436) by request of indexes: [bytecodeAnalysis->NOT_INDEXED(not indexed),org.jetbrains.kotlin.idea.vfilefinder.KotlinClassFileIndex->NOT_INDEXED(not indexed),org.jetbrains.kotlin.idea.versions.KotlinJvmMetadataVersionIndex->NOT_INDEXED(not indexed),org.jetbrains.kotlin.idea.vfilefinder.KotlinPartialPackageNamesIndex->NOT_INDEXED(not indexed),KotlinTopLevelCallableByPackageShortNameIndex->NOT_INDEXED(not indexed),KotlinTopLevelClassLikeDeclarationByPackageShortNameIndex->NOT_INDEXED(not indexed),KotlinBinaryRootToPackageIndex->NOT_INDEXED(not indexed),filetypes->NOT_INDEXED(not indexed),Stubs->NOT_INDEXED(not indexed),]. Scanner has updated file Smoke.class (id=79436) with appliers: [SingleIndexValueApplier{indexId=filetypes, inputId=79436, fileInfo='Smoke.class(id=79436)'}] and removers: []; 
2026-02-16 13:46:00,608 [  39257]   INFO - #c.i.u.i.IndexingReasonExplanationLogger - Scheduling indexing of OrderTests.class (id=79439) by request of indexes: [bytecodeAnalysis->NOT_INDEXED(not indexed),org.jetbrains.kotlin.idea.vfilefinder.KotlinClassFileIndex->NOT_INDEXED(not indexed),org.jetbrains.kotlin.idea.versions.KotlinJvmMetadataVersionIndex->NOT_INDEXED(not indexed),org.jetbrains.kotlin.idea.vfilefinder.KotlinPartialPackageNamesIndex->NOT_INDEXED(not indexed),KotlinTopLevelCallableByPackageShortNameIndex->NOT_INDEXED(not indexed),KotlinTopLevelClassLikeDeclarationByPackageShortNameIndex->NOT_INDEXED(not indexed),KotlinBinaryRootToPackageIndex->NOT_INDEXED(not indexed),filetypes->NOT_INDEXED(not indexed),Stubs->NOT_INDEXED(not indexed),]. Scanner has updated file OrderTests.class (id=79439) with appliers: [SingleIndexValueApplier{indexId=filetypes, inputId=79439, fileInfo='OrderTests.class(id=79439)'}] and removers: []; 
2026-02-16 13:46:00,608 [  39257]   INFO - #c.i.u.i.IndexingReasonExplanationLogger - Scheduling indexing of OrderTests$Roles.class (id=79440) by request of indexes: [bytecodeAnalysis->NOT_INDEXED(not indexed),org.jetbrains.kotlin.idea.vfilefinder.KotlinClassFileIndex->NOT_INDEXED(not indexed),org.jetbrains.kotlin.idea.versions.KotlinJvmMetadataVersionIndex->NOT_INDEXED(not indexed),org.jetbrains.kotlin.idea.vfilefinder.KotlinPartialPackageNamesIndex->NOT_INDEXED(not indexed),KotlinTopLevelCallableByPackageShortNameIndex->NOT_INDEXED(not indexed),KotlinTopLevelClassLikeDeclarationByPackageShortNameIndex->NOT_INDEXED(not indexed),KotlinBinaryRootToPackageIndex->NOT_INDEXED(not indexed),filetypes->NOT_INDEXED(not indexed),Stubs->NOT_INDEXED(not indexed),]. Scanner has updated file OrderTests$Roles.class (id=79440) with appliers: [SingleIndexValueApplier{indexId=filetypes, inputId=79440, fileInfo='OrderTests$Roles.class(id=79440)'}] and removers: []; 
2026-02-16 13:46:00,608 [  39257]   INFO - #c.i.u.i.IndexingReasonExplanationLogger - Scheduling indexing of BaseTestWithOrder.class (id=79435) by request of indexes: [bytecodeAnalysis->NOT_INDEXED(not indexed),org.jetbrains.kotlin.idea.vfilefinder.KotlinClassFileIndex->NOT_INDEXED(not indexed),org.jetbrains.kotlin.idea.versions.KotlinJvmMetadataVersionIndex->NOT_INDEXED(not indexed),org.jetbrains.kotlin.idea.vfilefinder.KotlinPartialPackageNamesIndex->NOT_INDEXED(not indexed),KotlinTopLevelCallableByPackageShortNameIndex->NOT_INDEXED(not indexed),KotlinTopLevelClassLikeDeclarationByPackageShortNameIndex->NOT_INDEXED(not indexed),KotlinBinaryRootToPackageIndex->NOT_INDEXED(not indexed),filetypes->NOT_INDEXED(not indexed),Stubs->NOT_INDEXED(not indexed),]. Scanner has updated file BaseTestWithOrder.class (id=79435) with appliers: [SingleIndexValueApplier{indexId=filetypes, inputId=79435, fileInfo='BaseTestWithOrder.class(id=79435)'}] and removers: []; 
2026-02-16 13:46:00,608 [  39257]   INFO - #c.i.u.i.IndexingReasonExplanationLogger - Scheduling indexing of AuthorizationTests.class (id=79438) by request of indexes: [bytecodeAnalysis->NOT_INDEXED(not indexed),org.jetbrains.kotlin.idea.vfilefinder.KotlinClassFileIndex->NOT_INDEXED(not indexed),org.jetbrains.kotlin.idea.versions.KotlinJvmMetadataVersionIndex->NOT_INDEXED(not indexed),org.jetbrains.kotlin.idea.vfilefinder.KotlinPartialPackageNamesIndex->NOT_INDEXED(not indexed),KotlinTopLevelCallableByPackageShortNameIndex->NOT_INDEXED(not indexed),KotlinTopLevelClassLikeDeclarationByPackageShortNameIndex->NOT_INDEXED(not indexed),KotlinBinaryRootToPackageIndex->NOT_INDEXED(not indexed),filetypes->NOT_INDEXED(not indexed),Stubs->NOT_INDEXED(not indexed),]. Scanner has updated file AuthorizationTests.class (id=79438) with appliers: [SingleIndexValueApplier{indexId=filetypes, inputId=79438, fileInfo='AuthorizationTests.class(id=79438)'}] and removers: []; 
2026-02-16 13:46:00,608 [  39257]   INFO - #c.i.u.i.IndexingReasonExplanationLogger - Scheduling indexing of BaseTestWithAuthorization.class (id=79433) by request of indexes: [bytecodeAnalysis->NOT_INDEXED(not indexed),org.jetbrains.kotlin.idea.vfilefinder.KotlinClassFileIndex->NOT_INDEXED(not indexed),org.jetbrains.kotlin.idea.versions.KotlinJvmMetadataVersionIndex->NOT_INDEXED(not indexed),org.jetbrains.kotlin.idea.vfilefinder.KotlinPartialPackageNamesIndex->NOT_INDEXED(not indexed),KotlinTopLevelCallableByPackageShortNameIndex->NOT_INDEXED(not indexed),KotlinTopLevelClassLikeDeclarationByPackageShortNameIndex->NOT_INDEXED(not indexed),KotlinBinaryRootToPackageIndex->NOT_INDEXED(not indexed),filetypes->NOT_INDEXED(not indexed),Stubs->NOT_INDEXED(not indexed),]. Scanner has updated file BaseTestWithAuthorization.class (id=79433) with appliers: [SingleIndexValueApplier{indexId=filetypes, inputId=79433, fileInfo='BaseTestWithAuthorization.class(id=79433)'}] and removers: []; 
2026-02-16 13:46:00,608 [  39257]   INFO - #c.i.u.i.IndexingReasonExplanationLogger - Scheduling indexing of reqres.postman_collection.json (id=79277) by request of indexes: [filetypes->NOT_INDEXED(not indexed),Trigram.Index->NOT_INDEXED(not indexed),IdIndex->NOT_INDEXED(not indexed),json.file.root.values->NOT_INDEXED(not indexed),]. Scanner has updated file reqres.postman_collection.json (id=79277) with appliers: [SingleIndexValueApplier{indexId=filetypes, inputId=79277, fileInfo='reqres.postman_collection.json(id=79277)'}] and removers: []; 
2026-02-16 13:46:00,628 [  39277]   INFO - #c.i.u.i.IndexingReasonExplanationLogger - Scanner has updated file chromedriver (id=79817) with appliers: [SingleIndexValueApplier{indexId=filetypes, inputId=79817, fileInfo='chromedriver(id=79817)'}] and removers: []; 
2026-02-16 13:46:00,633 [  39282]   INFO - #c.i.u.i.IndexingReasonExplanationLogger - Scanner has updated file chromedriver.exe (id=79819) with appliers: [SingleIndexValueApplier{indexId=filetypes, inputId=79819, fileInfo='chromedriver.exe(id=79819)'}] and removers: []; 
2026-02-16 13:46:00,646 [  39295]   INFO - #c.i.u.i.IndexingReasonExplanationLogger - Scanner has updated file chromedriver_linux (id=79820) with appliers: [SingleIndexValueApplier{indexId=filetypes, inputId=79820, fileInfo='chromedriver_linux(id=79820)'}] and removers: []; 
2026-02-16 13:46:00,650 [  39299]   INFO - #c.i.u.i.IndexingReasonExplanationLogger - Scanner has updated file java-basics-1.0-SNAPSHOT.jar (id=79117) with appliers: [SingleIndexValueApplier{indexId=filetypes, inputId=79117, fileInfo='java-basics-1.0-SNAPSHOT.jar(id=79117)'}] and removers: []; 
2026-02-16 13:46:00,655 [  39304]   INFO - #c.i.u.i.UnindexedFilesScanner - [15375f63] Scanning completed for java-basics. Number of scanned files: 386; number of files for indexing: 90
2026-02-16 13:46:00,656 [  39305]   INFO - #c.i.o.p.UnindexedFilesScannerExecutor - [15375f63] Task finished (scanning id=5): com.intellij.util.indexing.UnindexedFilesScannerExecutorImpl$ScheduledScanningTask@4d14c9ab
2026-02-16 13:46:00,657 [  39306]   INFO - #c.i.u.i.FileBasedIndexImpl - Indexes are already loaded
2026-02-16 13:46:00,658 [  39307]   INFO - #c.i.u.i.c.IndexUpdateRunner - Using 8 workers for indexing and 4 for writing indexes
2026-02-16 13:46:01,028 [  39677]   INFO - #o.j.q.s.i.r.ConsoleLog - Keep running Project opening ... so far 30s
2026-02-16 13:46:01,029 [  39678]   INFO - STDOUT - Keep running Project opening ... so far 30s
2026-02-16 13:46:01,128 [  39777]   INFO - #c.i.u.i.c.IndexUpdateRunner - Coroutine 5 finished gracefully
2026-02-16 13:46:01,128 [  39777]   INFO - #c.i.u.i.c.IndexUpdateRunner - Coroutine 3 finished gracefully
2026-02-16 13:46:01,132 [  39781]   INFO - #c.i.u.i.c.IndexUpdateRunner - Coroutine 0 finished gracefully
2026-02-16 13:46:01,132 [  39781]   INFO - #c.i.u.i.c.IndexUpdateRunner - Coroutine 2 finished gracefully
2026-02-16 13:46:01,137 [  39786]   INFO - #c.i.u.i.c.IndexUpdateRunner - Coroutine 4 finished gracefully
2026-02-16 13:46:01,137 [  39786]   INFO - #c.i.u.i.c.IndexUpdateRunner - Coroutine 7 finished gracefully
2026-02-16 13:46:01,137 [  39786]   INFO - #c.i.u.i.c.IndexUpdateRunner - Coroutine 6 finished gracefully
2026-02-16 13:46:01,138 [  39787]   INFO - #c.i.u.i.c.IndexUpdateRunner - Coroutine 1 finished gracefully
2026-02-16 13:46:01,160 [  39809]   INFO - #c.i.u.i.ProjectChangedFilesScanner - Retrieving changed during indexing files of java-basics : 0 to update, calculated in 0ms
2026-02-16 13:46:01,160 [  39809]   INFO - #c.i.u.i.UnindexedFilesIndexer - Finished for java-basics. Unindexed files update took 504ms; general responsiveness: ok; EDT responsiveness: ok
2026-02-16 13:46:01,160 [  39809]   INFO - #c.i.o.p.MergingQueueGuiExecutor - Task finished: (dumb mode task) UnindexedFilesIndexer[java-basics, reasons: [Changes from WorkspaceFileIndex]]
2026-02-16 13:46:01,160 [  39809]   INFO - #c.i.o.p.MergingQueueGuiExecutor - Running task: (dumb mode task) UnindexedFilesIndexer[java-basics, reasons: [changes in: "Module 'java-basics.main' (all roots)", "Module 'java-basics.test' (all roots)", "Module 'java-basics' (project)"]]
2026-02-16 13:46:01,161 [  39810]   INFO - #c.i.u.i.FileBasedIndexImpl - Indexes are already loaded
2026-02-16 13:46:01,161 [  39810]   INFO - #c.i.u.i.c.IndexUpdateRunner - Using 8 workers for indexing and 4 for writing indexes
2026-02-16 13:46:01,161 [  39810]   INFO - #c.i.u.i.ProjectChangedFilesScanner - Retrieving changed during indexing files of java-basics : 0 to update, calculated in 0ms
2026-02-16 13:46:01,161 [  39810]   INFO - #c.i.u.i.UnindexedFilesIndexer - Finished for java-basics. Unindexed files update took 0ms; general responsiveness: ok; EDT responsiveness: ok
2026-02-16 13:46:01,161 [  39810]   INFO - #c.i.o.p.MergingQueueGuiExecutor - Task finished: (dumb mode task) UnindexedFilesIndexer[java-basics, reasons: [changes in: "Module 'java-basics.main' (all roots)", "Module 'java-basics.test' (all roots)", "Module 'java-basics' (project)"]]
2026-02-16 13:46:01,161 [  39810]   INFO - #c.i.o.p.DumbServiceImpl - exit dumb mode [java-basics]
2026-02-16 13:46:01,162 [  39811]   INFO - STDOUT - [IDE]: Task 'Analyzing project to enable smart features' ended
2026-02-16 13:46:01,164 [  39813]   INFO - STDOUT - 'external-system' is completed.
2026-02-16 13:46:01,164 [  39813]   INFO - STDOUT - 'Maven' is in progress...
2026-02-16 13:46:31,030 [  69679]   INFO - #o.j.q.s.i.r.ConsoleLog - Keep running Project opening ... so far 1m
2026-02-16 13:46:31,031 [  69680]   INFO - STDOUT - Keep running Project opening ... so far 1m
2026-02-16 13:46:31,475 [  70124]   INFO - #c.i.u.g.s.GistStorageImpl - Cleaning old huge-gists dirs from [/data/cache/idea/253/caches/huge-gists] ...
2026-02-16 13:46:31,477 [  70126]   INFO - #c.i.u.g.s.GistStorageImpl - Cleaning old huge-gists dirs finished
2026-02-16 13:46:41,089 [  79738]   INFO - #c.i.o.u.i.ExternalUpdateManager - update manager: -
2026-02-16 13:46:41,095 [  79744]   INFO - #c.i.o.w.i.X11UiUtil - Cannot get icon theme: Cannot run program "gsettings": error=2, No such file or directory
2026-02-16 13:47:01,032 [  99681]   INFO - #o.j.q.s.i.r.ConsoleLog - Keep running Project opening ... so far 1m 30s
2026-02-16 13:47:01,032 [  99681]   INFO - STDOUT - Keep running Project opening ... so far 1m 30s
2026-02-16 13:47:31,033 [ 129682]   INFO - #o.j.q.s.i.r.ConsoleLog - Keep running Project opening ... so far 2m
2026-02-16 13:47:31,033 [ 129682]   INFO - STDOUT - Keep running Project opening ... so far 2m
2026-02-16 13:48:01,037 [ 159686]   INFO - #o.j.q.s.i.r.ConsoleLog - Keep running Project opening ... so far 2m 30s
2026-02-16 13:48:01,038 [ 159687]   INFO - STDOUT - Keep running Project opening ... so far 2m 30s
2026-02-16 13:48:05,696 [ 164345]   INFO - #o.j.i.maven - Importing Maven project using Workspace API
2026-02-16 13:48:05,697 [ 164346]   INFO - #o.j.i.maven - maven plugin resolution started: [org.apache.maven.plugins:maven-failsafe-plugin:2.22.2, org.apache.maven.plugins:maven-install-plugin:3.1.2, org.apache.maven.plugins:maven-deploy-plugin:3.1.2, org.apache.maven.plugins:maven-site-plugin:3.12.1, org.apache.maven.plugins:maven-surefire-plugin:2.22.2, org.apache.maven.plugins:maven-resources-plugin:3.2.0, org.apache.maven.plugins:maven-clean-plugin:3.2.0, io.qameta.allure:allure-maven:2.10.0, org.apache.maven.plugins:maven-jar-plugin:3.4.1, org.apache.maven.plugins:maven-compiler-plugin:3.8.1]
2026-02-16 13:48:05,767 [ 164416]   INFO - #c.i.o.p.UnindexedFilesScannerExecutor - [15375f63] Running task: com.intellij.util.indexing.UnindexedFilesScannerExecutorImpl$ScheduledScanningTask@6edc1d02
2026-02-16 13:48:05,767 [ 164416]   INFO - #c.i.p.c.i.PolyContextDiscoveryInfo$1 - Notifying that PolyContext may have changed due to roots changes.
2026-02-16 13:48:05,767 [ 164416]   INFO - #c.i.w.i.i.EntitiesOrphanageImpl - Update orphanage. 0 modules added
2026-02-16 13:48:05,769 [ 164418]   INFO - #c.i.w.i.i.WorkspaceModelImpl - Project model updated to version 20: Maven update project model
2026-02-16 13:48:05,776 [ 164425]   INFO - #o.j.i.m.i.w.WorkspaceProjectImporter - Project model updated to version 20 (attempts: 1, previous version: 19)
2026-02-16 13:48:05,776 [ 164425]   INFO - #c.i.u.i.UnindexedFilesScanner - [15375f63] scanning stage (scanning id=6): DelayedPushProperties
2026-02-16 13:48:05,777 [ 164426]   INFO - #o.j.i.maven - [maven import] applying models to workspace model took 81ms
2026-02-16 13:48:05,778 [ 164427]   INFO - #o.j.i.maven - Updating index list for project Project(name=java-basics, containerState=COMPONENT_CREATED, componentStore=/data/project)
2026-02-16 13:48:05,779 [ 164428]   INFO - #o.j.i.maven - updating index list for Project(name=java-basics, containerState=COMPONENT_CREATED, componentStore=/data/project) - local:local:/data/cache/.m2 remains the same, nothing to update
2026-02-16 13:48:05,785 [ 164434]   INFO - #c.i.u.i.FileBasedIndexImpl - Indexes are already loaded
2026-02-16 13:48:05,786 [ 164435]   INFO - #c.i.u.i.UnindexedFilesScanner - [15375f63] Started scanning for indexing of java-basics. Reason: Changes from WorkspaceFileIndex
2026-02-16 13:48:05,786 [ 164435]   INFO - #c.i.u.i.UnindexedFilesScanner - [15375f63] scanning stage (scanning id=6): CreatingIterators
2026-02-16 13:48:05,786 [ 164435]   INFO - #c.i.u.i.UnindexedFilesScanner - [15375f63] scanning stage (scanning id=6): CollectingIndexableFiles
2026-02-16 13:48:05,786 [ 164435]   INFO - #c.i.u.i.UnindexedFilesScanner - Scanning of java-basics uses 8 scanning threads
2026-02-16 13:48:05,834 [ 164483]   INFO - #c.i.o.p.DumbServiceImpl - enter dumb mode [java-basics]
2026-02-16 13:48:05,837 [ 164486]   INFO - #c.i.p.c.i.PolyContextDiscoveryInfo$1 - Notifying that PolyContext may have changed due to roots changes.
2026-02-16 13:48:05,842 [ 164491]   INFO - #c.i.u.i.IndexingReasonExplanationLogger - Scanner has updated file javax.activation-api-1.2.0.jar (id=85140) with appliers: [SingleIndexValueApplier{indexId=java.auto.module.name, inputId=85140, fileInfo='javax.activation-api-1.2.0.jar(id=85140)'}] and removers: []; 
2026-02-16 13:48:05,844 [ 164493]   INFO - #c.i.u.i.IndexingReasonExplanationLogger - Scanner has updated file jakarta.activation-api-1.2.2.jar (id=85151) with appliers: [SingleIndexValueApplier{indexId=java.auto.module.name, inputId=85151, fileInfo='jakarta.activation-api-1.2.2.jar(id=85151)'}] and removers: []; 
2026-02-16 13:48:05,844 [ 164493]   INFO - #c.i.u.i.IndexingReasonExplanationLogger - Scheduling indexing of MimeType.class (id=85262) by request of indexes: [bytecodeAnalysis->NOT_INDEXED(not indexed),org.jetbrains.kotlin.idea.vfilefinder.KotlinClassFileIndex->NOT_INDEXED(not indexed),org.jetbrains.kotlin.idea.versions.KotlinJvmMetadataVersionIndex->NOT_INDEXED(not indexed),org.jetbrains.kotlin.idea.vfilefinder.KotlinPartialPackageNamesIndex->NOT_INDEXED(not indexed),KotlinTopLevelCallableByPackageShortNameIndex->NOT_INDEXED(not indexed),KotlinTopLevelClassLikeDeclarationByPackageShortNameIndex->NOT_INDEXED(not indexed),KotlinBinaryRootToPackageIndex->NOT_INDEXED(not indexed),filetypes->NOT_INDEXED(not indexed),Stubs->NOT_INDEXED(not indexed),]. Scanner has updated file MimeType.class (id=85262) with appliers: [SingleIndexValueApplier{indexId=filetypes, inputId=85262, fileInfo='MimeType.class(id=85262)'}] and removers: []; 
2026-02-16 13:48:05,845 [ 164494]   INFO - #c.i.u.i.IndexingReasonExplanationLogger - Scheduling indexing of MimeType.class (id=85298) by request of indexes: [bytecodeAnalysis->NOT_INDEXED(not indexed),org.jetbrains.kotlin.idea.vfilefinder.KotlinClassFileIndex->NOT_INDEXED(not indexed),org.jetbrains.kotlin.idea.versions.KotlinJvmMetadataVersionIndex->NOT_INDEXED(not indexed),org.jetbrains.kotlin.idea.vfilefinder.KotlinPartialPackageNamesIndex->NOT_INDEXED(not indexed),KotlinTopLevelCallableByPackageShortNameIndex->NOT_INDEXED(not indexed),KotlinTopLevelClassLikeDeclarationByPackageShortNameIndex->NOT_INDEXED(not indexed),KotlinBinaryRootToPackageIndex->NOT_INDEXED(not indexed),filetypes->NOT_INDEXED(not indexed),Stubs->NOT_INDEXED(not indexed),]. Scanner has updated file MimeType.class (id=85298) with appliers: [SingleIndexValueApplier{indexId=filetypes, inputId=85298, fileInfo='MimeType.class(id=85298)'}] and removers: []; 
2026-02-16 13:48:05,846 [ 164495]   INFO - #c.i.u.i.IndexingReasonExplanationLogger - Scheduling indexing of CommandMap.class (id=85252) by request of indexes: [bytecodeAnalysis->NOT_INDEXED(not indexed),org.jetbrains.kotlin.idea.vfilefinder.KotlinClassFileIndex->NOT_INDEXED(not indexed),org.jetbrains.kotlin.idea.versions.KotlinJvmMetadataVersionIndex->NOT_INDEXED(not indexed),org.jetbrains.kotlin.idea.vfilefinder.KotlinPartialPackageNamesIndex->NOT_INDEXED(not indexed),KotlinTopLevelCallableByPackageShortNameIndex->NOT_INDEXED(not indexed),KotlinTopLevelClassLikeDeclarationByPackageShortNameIndex->NOT_INDEXED(not indexed),KotlinBinaryRootToPackageIndex->NOT_INDEXED(not indexed),filetypes->NOT_INDEXED(not indexed),Stubs->NOT_INDEXED(not indexed),]. Scanner has updated file CommandMap.class (id=85252) with appliers: [SingleIndexValueApplier{indexId=filetypes, inputId=85252, fileInfo='CommandMap.class(id=85252)'}] and removers: []; 
2026-02-16 13:48:05,846 [ 164495]   INFO - #c.i.u.i.IndexingReasonExplanationLogger - Scheduling indexing of DataSource.class (id=85256) by request of indexes: [bytecodeAnalysis->NOT_INDEXED(not indexed),org.jetbrains.kotlin.idea.vfilefinder.KotlinClassFileIndex->NOT_INDEXED(not indexed),org.jetbrains.kotlin.idea.versions.KotlinJvmMetadataVersionIndex->NOT_INDEXED(not indexed),org.jetbrains.kotlin.idea.vfilefinder.KotlinPartialPackageNamesIndex->NOT_INDEXED(not indexed),KotlinTopLevelCallableByPackageShortNameIndex->NOT_INDEXED(not indexed),KotlinTopLevelClassLikeDeclarationByPackageShortNameIndex->NOT_INDEXED(not indexed),KotlinBinaryRootToPackageIndex->NOT_INDEXED(not indexed),filetypes->NOT_INDEXED(not indexed),Stubs->NOT_INDEXED(not indexed),]. Scanner has updated file DataSource.class (id=85256) with appliers: [SingleIndexValueApplier{indexId=filetypes, inputId=85256, fileInfo='DataSource.class(id=85256)'}] and removers: []; 
2026-02-16 13:48:05,847 [ 164496]   INFO - #c.i.u.i.IndexingReasonExplanationLogger - Scheduling indexing of CommandInfo.class (id=85254) by request of indexes: [bytecodeAnalysis->NOT_INDEXED(not indexed),org.jetbrains.kotlin.idea.vfilefinder.KotlinClassFileIndex->NOT_INDEXED(not indexed),org.jetbrains.kotlin.idea.versions.KotlinJvmMetadataVersionIndex->NOT_INDEXED(not indexed),org.jetbrains.kotlin.idea.vfilefinder.KotlinPartialPackageNamesIndex->NOT_INDEXED(not indexed),KotlinTopLevelCallableByPackageShortNameIndex->NOT_INDEXED(not indexed),KotlinTopLevelClassLikeDeclarationByPackageShortNameIndex->NOT_INDEXED(not indexed),KotlinBinaryRootToPackageIndex->NOT_INDEXED(not indexed),filetypes->NOT_INDEXED(not indexed),Stubs->NOT_INDEXED(not indexed),]. Scanner has updated file CommandInfo.class (id=85254) with appliers: [SingleIndexValueApplier{indexId=filetypes, inputId=85254, fileInfo='CommandInfo.class(id=85254)'}] and removers: []; 
2026-02-16 13:48:05,848 [ 164497]   INFO - #c.i.o.p.MergingQueueGuiExecutor - Running task: (dumb mode task) com.intellij.openapi.roots.impl.PushedFilePropertiesUpdaterImpl$MyDumbModeTask@3096a088 (reason: Push on VFS changes)
2026-02-16 13:48:05,848 [ 164497]   INFO - #c.i.u.i.IndexingReasonExplanationLogger - Scheduling indexing of DataHandler.class (id=85261) by request of indexes: [bytecodeAnalysis->NOT_INDEXED(not indexed),org.jetbrains.kotlin.idea.vfilefinder.KotlinClassFileIndex->NOT_INDEXED(not indexed),org.jetbrains.kotlin.idea.versions.KotlinJvmMetadataVersionIndex->NOT_INDEXED(not indexed),org.jetbrains.kotlin.idea.vfilefinder.KotlinPartialPackageNamesIndex->NOT_INDEXED(not indexed),KotlinTopLevelCallableByPackageShortNameIndex->NOT_INDEXED(not indexed),KotlinTopLevelClassLikeDeclarationByPackageShortNameIndex->NOT_INDEXED(not indexed),KotlinBinaryRootToPackageIndex->NOT_INDEXED(not indexed),filetypes->NOT_INDEXED(not indexed),Stubs->NOT_INDEXED(not indexed),]. Scanner has updated file DataHandler.class (id=85261) with appliers: [SingleIndexValueApplier{indexId=filetypes, inputId=85261, fileInfo='DataHandler.class(id=85261)'}] and removers: []; 
2026-02-16 13:48:05,848 [ 164497]   INFO - #c.i.u.i.IndexingReasonExplanationLogger - Scheduling indexing of FileTypeMap.class (id=85244) by request of indexes: [bytecodeAnalysis->NOT_INDEXED(not indexed),org.jetbrains.kotlin.idea.vfilefinder.KotlinClassFileIndex->NOT_INDEXED(not indexed),org.jetbrains.kotlin.idea.versions.KotlinJvmMetadataVersionIndex->NOT_INDEXED(not indexed),org.jetbrains.kotlin.idea.vfilefinder.KotlinPartialPackageNamesIndex->NOT_INDEXED(not indexed),KotlinTopLevelCallableByPackageShortNameIndex->NOT_INDEXED(not indexed),KotlinTopLevelClassLikeDeclarationByPackageShortNameIndex->NOT_INDEXED(not indexed),KotlinBinaryRootToPackageIndex->NOT_INDEXED(not indexed),filetypes->NOT_INDEXED(not indexed),Stubs->NOT_INDEXED(not indexed),]. Scanner has updated file FileTypeMap.class (id=85244) with appliers: [SingleIndexValueApplier{indexId=filetypes, inputId=85244, fileInfo='FileTypeMap.class(id=85244)'}] and removers: []; 
2026-02-16 13:48:05,848 [ 164497]   INFO - #c.i.u.i.IndexingReasonExplanationLogger - Scheduling indexing of CommandObject.class (id=85255) by request of indexes: [bytecodeAnalysis->NOT_INDEXED(not indexed),org.jetbrains.kotlin.idea.vfilefinder.KotlinClassFileIndex->NOT_INDEXED(not indexed),org.jetbrains.kotlin.idea.versions.KotlinJvmMetadataVersionIndex->NOT_INDEXED(not indexed),org.jetbrains.kotlin.idea.vfilefinder.KotlinPartialPackageNamesIndex->NOT_INDEXED(not indexed),KotlinTopLevelCallableByPackageShortNameIndex->NOT_INDEXED(not indexed),KotlinTopLevelClassLikeDeclarationByPackageShortNameIndex->NOT_INDEXED(not indexed),KotlinBinaryRootToPackageIndex->NOT_INDEXED(not indexed),filetypes->NOT_INDEXED(not indexed),Stubs->NOT_INDEXED(not indexed),]. Scanner has updated file CommandObject.class (id=85255) with appliers: [SingleIndexValueApplier{indexId=filetypes, inputId=85255, fileInfo='CommandObject.class(id=85255)'}] and removers: []; 
2026-02-16 13:48:05,848 [ 164497]   INFO - #c.i.u.i.IndexingReasonExplanationLogger - Scheduling indexing of DataHandler$1.class (id=85260) by request of indexes: [bytecodeAnalysis->NOT_INDEXED(not indexed),org.jetbrains.kotlin.idea.vfilefinder.KotlinClassFileIndex->NOT_INDEXED(not indexed),org.jetbrains.kotlin.idea.versions.KotlinJvmMetadataVersionIndex->NOT_INDEXED(not indexed),org.jetbrains.kotlin.idea.vfilefinder.KotlinPartialPackageNamesIndex->NOT_INDEXED(not indexed),KotlinTopLevelCallableByPackageShortNameIndex->NOT_INDEXED(not indexed),KotlinTopLevelClassLikeDeclarationByPackageShortNameIndex->NOT_INDEXED(not indexed),KotlinBinaryRootToPackageIndex->NOT_INDEXED(not indexed),filetypes->NOT_INDEXED(not indexed),Stubs->NOT_INDEXED(not indexed),]. Scanner has updated file DataHandler$1.class (id=85260) with appliers: [SingleIndexValueApplier{indexId=filetypes, inputId=85260, fileInfo='DataHandler$1.class(id=85260)'}] and removers: []; 
2026-02-16 13:48:05,848 [ 164497]   INFO - #c.i.u.i.IndexingReasonExplanationLogger - Scheduling indexing of URLDataSource.class (id=85239) by request of indexes: [bytecodeAnalysis->NOT_INDEXED(not indexed),org.jetbrains.kotlin.idea.vfilefinder.KotlinClassFileIndex->NOT_INDEXED(not indexed),org.jetbrains.kotlin.idea.versions.KotlinJvmMetadataVersionIndex->NOT_INDEXED(not indexed),org.jetbrains.kotlin.idea.vfilefinder.KotlinPartialPackageNamesIndex->NOT_INDEXED(not indexed),KotlinTopLevelCallableByPackageShortNameIndex->NOT_INDEXED(not indexed),KotlinTopLevelClassLikeDeclarationByPackageShortNameIndex->NOT_INDEXED(not indexed),KotlinBinaryRootToPackageIndex->NOT_INDEXED(not indexed),filetypes->NOT_INDEXED(not indexed),Stubs->NOT_INDEXED(not indexed),]. Scanner has updated file URLDataSource.class (id=85239) with appliers: [SingleIndexValueApplier{indexId=filetypes, inputId=85239, fileInfo='URLDataSource.class(id=85239)'}] and removers: []; 
2026-02-16 13:48:05,848 [ 164497]   INFO - #c.i.u.i.IndexingReasonExplanationLogger - Scanner has updated file jaxb-api-2.3.1.jar (id=85135) with appliers: [SingleIndexValueApplier{indexId=java.auto.module.name, inputId=85135, fileInfo='jaxb-api-2.3.1.jar(id=85135)'}] and removers: []; 
2026-02-16 13:48:05,848 [ 164497]   INFO - #c.i.u.i.IndexingReasonExplanationLogger - Scanner has updated file activation-1.1.1.jar (id=85161) with appliers: [SingleIndexValueApplier{indexId=java.auto.module.name, inputId=85161, fileInfo='activation-1.1.1.jar(id=85161)'}] and removers: []; 
2026-02-16 13:48:05,848 [ 164497]   INFO - #c.i.o.p.MergingQueueGuiExecutor - Task finished: (dumb mode task) com.intellij.openapi.roots.impl.PushedFilePropertiesUpdaterImpl$MyDumbModeTask@3096a088 (reason: Push on VFS changes)
2026-02-16 13:48:05,863 [ 164512]   INFO - #c.i.p.c.i.PolyContextDiscoveryInfo$1 - Notifying that PolyContext may have changed due to roots changes.
2026-02-16 13:48:05,866 [ 164515]   INFO - #c.i.u.i.IndexingReasonExplanationLogger - Scanner has updated file jakarta.xml.bind-api-2.3.3.jar (id=85167) with appliers: [SingleIndexValueApplier{indexId=java.auto.module.name, inputId=85167, fileInfo='jakarta.xml.bind-api-2.3.3.jar(id=85167)'}] and removers: []; 
2026-02-16 13:48:05,868 [ 164517]   INFO - STDOUT - [IDE]: Task 'Analyzing project to enable smart features' ended
2026-02-16 13:48:05,870 [ 164519]   INFO - #c.i.u.i.IndexingReasonExplanationLogger - Scanner has updated file commons-codec-1.9.jar (id=85145) with appliers: [SingleIndexValueApplier{indexId=java.auto.module.name, inputId=85145, fileInfo='commons-codec-1.9.jar(id=85145)'}] and removers: []; 
2026-02-16 13:48:05,871 [ 164520]   INFO - #c.i.o.p.MergingQueueGuiExecutor - Running task: (dumb mode task) com.intellij.openapi.roots.impl.PushedFilePropertiesUpdaterImpl$MyDumbModeTask@23c67595 (reason: Push on VFS changes)
2026-02-16 13:48:05,871 [ 164520]   INFO - #c.i.o.p.MergingQueueGuiExecutor - Task finished: (dumb mode task) com.intellij.openapi.roots.impl.PushedFilePropertiesUpdaterImpl$MyDumbModeTask@23c67595 (reason: Push on VFS changes)
2026-02-16 13:48:05,874 [ 164523]   INFO - #c.i.u.i.IndexingReasonExplanationLogger - Scanner has updated file commons-logging-1.2.jar (id=85172) with appliers: [SingleIndexValueApplier{indexId=java.auto.module.name, inputId=85172, fileInfo='commons-logging-1.2.jar(id=85172)'}] and removers: []; 
2026-02-16 13:48:05,880 [ 164529]   INFO - #c.i.o.p.DumbServiceImpl - exit dumb mode [java-basics]
2026-02-16 13:48:05,887 [ 164536]   INFO - STDOUT - [IDE]: Task 'Analyzing project to enable smart features' ended
2026-02-16 13:48:05,921 [ 164570]   INFO - #c.i.o.p.DumbServiceImpl - enter dumb mode [java-basics]
2026-02-16 13:48:05,923 [ 164572]   INFO - #c.i.p.c.i.PolyContextDiscoveryInfo$1 - Notifying that PolyContext may have changed due to roots changes.
2026-02-16 13:48:05,926 [ 164575]   INFO - #c.i.o.p.MergingQueueGuiExecutor - Running task: (dumb mode task) com.intellij.openapi.roots.impl.PushedFilePropertiesUpdaterImpl$MyDumbModeTask@71613158 (reason: Push on VFS changes)
2026-02-16 13:48:05,934 [ 164583]   INFO - #c.i.o.p.MergingQueueGuiExecutor - Task finished: (dumb mode task) com.intellij.openapi.roots.impl.PushedFilePropertiesUpdaterImpl$MyDumbModeTask@71613158 (reason: Push on VFS changes)
2026-02-16 13:48:05,936 [ 164585]   INFO - #c.i.o.p.DumbServiceImpl - exit dumb mode [java-basics]
2026-02-16 13:48:05,938 [ 164587]   INFO - STDOUT - [IDE]: Task 'Analyzing project to enable smart features' ended
2026-02-16 13:48:05,944 [ 164593]   INFO - #c.i.u.i.IndexingReasonExplanationLogger - Scanner has updated file byte-buddy-1.10.19.jar (id=85157) with appliers: [SingleIndexValueApplier{indexId=java.auto.module.name, inputId=85157, fileInfo='byte-buddy-1.10.19.jar(id=85157)'}] and removers: []; 
2026-02-16 13:48:05,994 [ 164643]   INFO - #c.i.u.i.UnindexedFilesScanner - [15375f63] Scanning completed for java-basics. Number of scanned files: 3064; number of files for indexing: 3064
2026-02-16 13:48:05,995 [ 164644]   INFO - #c.i.o.p.UnindexedFilesScannerExecutor - [15375f63] Task finished (scanning id=6): com.intellij.util.indexing.UnindexedFilesScannerExecutorImpl$ScheduledScanningTask@6edc1d02
2026-02-16 13:48:05,996 [ 164645]   INFO - #c.i.o.p.DumbServiceImpl - enter dumb mode [java-basics]
2026-02-16 13:48:05,997 [ 164646]   INFO - #c.i.o.p.MergingQueueGuiExecutor - Running task: (dumb mode task) UnindexedFilesIndexer[java-basics, reasons: [Changes from WorkspaceFileIndex]]
2026-02-16 13:48:05,999 [ 164648]   INFO - #c.i.o.p.UnindexedFilesScannerExecutor - [15375f63] Running task: com.intellij.util.indexing.UnindexedFilesScannerExecutorImpl$ScheduledScanningTask@25b035a6
2026-02-16 13:48:05,999 [ 164648]   INFO - #c.i.u.i.UnindexedFilesScanner - [15375f63] scanning stage (scanning id=7): DelayedPushProperties
2026-02-16 13:48:05,999 [ 164648]   INFO - #c.i.u.i.FileBasedIndexImpl - Indexes are already loaded
2026-02-16 13:48:05,999 [ 164648]   INFO - #c.i.u.i.UnindexedFilesScanner - [15375f63] Started scanning for indexing of java-basics. Reason: Merged changes in: "Module 'java-basics' (project)" with Changes from WorkspaceFileIndex with Changes from WorkspaceFileIndex with Changes from WorkspaceFileIndex with Changes from WorkspaceFileIndex with Changes from WorkspaceFileIndex with Changes from WorkspaceFileIndex
2026-02-16 13:48:06,000 [ 164649]   INFO - #c.i.u.i.UnindexedFilesScanner - [15375f63] scanning stage (scanning id=7): CreatingIterators
2026-02-16 13:48:06,000 [ 164649]   INFO - #c.i.u.i.UnindexedFilesScanner - [15375f63] scanning stage (scanning id=7): CollectingIndexableFiles
2026-02-16 13:48:06,001 [ 164650]   INFO - #c.i.u.i.UnindexedFilesScanner - Scanning of java-basics uses 8 scanning threads
2026-02-16 13:48:06,004 [ 164653]   INFO - #c.i.u.i.IndexingReasonExplanationLogger - Scanner has updated file slf4j-api-1.7.30.jar (id=85983) with appliers: [SingleIndexValueApplier{indexId=java.auto.module.name, inputId=85983, fileInfo='slf4j-api-1.7.30.jar(id=85983)'}] and removers: []; 
2026-02-16 13:48:06,004 [ 164653]   INFO - #c.i.u.i.IndexingReasonExplanationLogger - Scheduling indexing of MDCAdapter.class (id=86842) by request of indexes: [bytecodeAnalysis->NOT_INDEXED(not indexed),org.jetbrains.kotlin.idea.vfilefinder.KotlinClassFileIndex->NOT_INDEXED(not indexed),org.jetbrains.kotlin.idea.versions.KotlinJvmMetadataVersionIndex->NOT_INDEXED(not indexed),org.jetbrains.kotlin.idea.vfilefinder.KotlinPartialPackageNamesIndex->NOT_INDEXED(not indexed),KotlinTopLevelCallableByPackageShortNameIndex->NOT_INDEXED(not indexed),KotlinTopLevelClassLikeDeclarationByPackageShortNameIndex->NOT_INDEXED(not indexed),KotlinBinaryRootToPackageIndex->NOT_INDEXED(not indexed),filetypes->NOT_INDEXED(not indexed),Stubs->NOT_INDEXED(not indexed),]. Scanner has updated file MDCAdapter.class (id=86842) with appliers: [SingleIndexValueApplier{indexId=filetypes, inputId=86842, fileInfo='MDCAdapter.class(id=86842)'}] and removers: []; 
2026-02-16 13:48:06,004 [ 164653]   INFO - #c.i.u.i.IndexingReasonExplanationLogger - Scheduling indexing of LocationAwareLogger.class (id=86741) by request of indexes: [bytecodeAnalysis->NOT_INDEXED(not indexed),org.jetbrains.kotlin.idea.vfilefinder.KotlinClassFileIndex->NOT_INDEXED(not indexed),org.jetbrains.kotlin.idea.versions.KotlinJvmMetadataVersionIndex->NOT_INDEXED(not indexed),org.jetbrains.kotlin.idea.vfilefinder.KotlinPartialPackageNamesIndex->NOT_INDEXED(not indexed),KotlinTopLevelCallableByPackageShortNameIndex->NOT_INDEXED(not indexed),KotlinTopLevelClassLikeDeclarationByPackageShortNameIndex->NOT_INDEXED(not indexed),KotlinBinaryRootToPackageIndex->NOT_INDEXED(not indexed),filetypes->NOT_INDEXED(not indexed),Stubs->NOT_INDEXED(not indexed),]. Scanner has updated file LocationAwareLogger.class (id=86741) with appliers: [SingleIndexValueApplier{indexId=filetypes, inputId=86741, fileInfo='LocationAwareLogger.class(id=86741)'}] and removers: []; 
2026-02-16 13:48:06,004 [ 164653]   INFO - #c.i.u.i.IndexingReasonExplanationLogger - Scheduling indexing of LoggerFactoryBinder.class (id=86844) by request of indexes: [bytecodeAnalysis->NOT_INDEXED(not indexed),org.jetbrains.kotlin.idea.vfilefinder.KotlinClassFileIndex->NOT_INDEXED(not indexed),org.jetbrains.kotlin.idea.versions.KotlinJvmMetadataVersionIndex->NOT_INDEXED(not indexed),org.jetbrains.kotlin.idea.vfilefinder.KotlinPartialPackageNamesIndex->NOT_INDEXED(not indexed),KotlinTopLevelCallableByPackageShortNameIndex->NOT_INDEXED(not indexed),KotlinTopLevelClassLikeDeclarationByPackageShortNameIndex->NOT_INDEXED(not indexed),KotlinBinaryRootToPackageIndex->NOT_INDEXED(not indexed),filetypes->NOT_INDEXED(not indexed),Stubs->NOT_INDEXED(not indexed),]. Scanner has updated file LoggerFactoryBinder.class (id=86844) with appliers: [SingleIndexValueApplier{indexId=filetypes, inputId=86844, fileInfo='LoggerFactoryBinder.class(id=86844)'}] and removers: []; 
2026-02-16 13:48:06,005 [ 164654]   INFO - #c.i.u.i.IndexingReasonExplanationLogger - Scheduling indexing of MarkerFactoryBinder.class (id=86839) by request of indexes: [bytecodeAnalysis->NOT_INDEXED(not indexed),org.jetbrains.kotlin.idea.vfilefinder.KotlinClassFileIndex->NOT_INDEXED(not indexed),org.jetbrains.kotlin.idea.versions.KotlinJvmMetadataVersionIndex->NOT_INDEXED(not indexed),org.jetbrains.kotlin.idea.vfilefinder.KotlinPartialPackageNamesIndex->NOT_INDEXED(not indexed),KotlinTopLevelCallableByPackageShortNameIndex->NOT_INDEXED(not indexed),KotlinTopLevelClassLikeDeclarationByPackageShortNameIndex->NOT_INDEXED(not indexed),KotlinBinaryRootToPackageIndex->NOT_INDEXED(not indexed),filetypes->NOT_INDEXED(not indexed),Stubs->NOT_INDEXED(not indexed),]. Scanner has updated file MarkerFactoryBinder.class (id=86839) with appliers: [SingleIndexValueApplier{indexId=filetypes, inputId=86839, fileInfo='MarkerFactoryBinder.class(id=86839)'}] and removers: []; 
2026-02-16 13:48:06,005 [ 164654]   INFO - #c.i.u.i.IndexingReasonExplanationLogger - Scheduling indexing of Level.class (id=88985) by request of indexes: [bytecodeAnalysis->NOT_INDEXED(not indexed),org.jetbrains.kotlin.idea.vfilefinder.KotlinClassFileIndex->NOT_INDEXED(not indexed),org.jetbrains.kotlin.idea.versions.KotlinJvmMetadataVersionIndex->NOT_INDEXED(not indexed),org.jetbrains.kotlin.idea.vfilefinder.KotlinPartialPackageNamesIndex->NOT_INDEXED(not indexed),KotlinTopLevelCallableByPackageShortNameIndex->NOT_INDEXED(not indexed),KotlinTopLevelClassLikeDeclarationByPackageShortNameIndex->NOT_INDEXED(not indexed),KotlinBinaryRootToPackageIndex->NOT_INDEXED(not indexed),filetypes->NOT_INDEXED(not indexed),Stubs->NOT_INDEXED(not indexed),]. Scanner has updated file Level.class (id=88985) with appliers: [SingleIndexValueApplier{indexId=filetypes, inputId=88985, fileInfo='Level.class(id=88985)'}] and removers: []; 
2026-02-16 13:48:06,005 [ 164654]   INFO - #c.i.u.i.IndexingReasonExplanationLogger - Scheduling indexing of LoggingEvent.class (id=88984) by request of indexes: [bytecodeAnalysis->NOT_INDEXED(not indexed),org.jetbrains.kotlin.idea.vfilefinder.KotlinClassFileIndex->NOT_INDEXED(not indexed),org.jetbrains.kotlin.idea.versions.KotlinJvmMetadataVersionIndex->NOT_INDEXED(not indexed),org.jetbrains.kotlin.idea.vfilefinder.KotlinPartialPackageNamesIndex->NOT_INDEXED(not indexed),KotlinTopLevelCallableByPackageShortNameIndex->NOT_INDEXED(not indexed),KotlinTopLevelClassLikeDeclarationByPackageShortNameIndex->NOT_INDEXED(not indexed),KotlinBinaryRootToPackageIndex->NOT_INDEXED(not indexed),filetypes->NOT_INDEXED(not indexed),Stubs->NOT_INDEXED(not indexed),]. Scanner has updated file LoggingEvent.class (id=88984) with appliers: [SingleIndexValueApplier{indexId=filetypes, inputId=88984, fileInfo='LoggingEvent.class(id=88984)'}] and removers: []; 
2026-02-16 13:48:06,006 [ 164655]   INFO - #c.i.u.i.IndexingReasonExplanationLogger - Scheduling indexing of EventConstants.class (id=88987) by request of indexes: [bytecodeAnalysis->NOT_INDEXED(not indexed),org.jetbrains.kotlin.idea.vfilefinder.KotlinClassFileIndex->NOT_INDEXED(not indexed),org.jetbrains.kotlin.idea.versions.KotlinJvmMetadataVersionIndex->NOT_INDEXED(not indexed),org.jetbrains.kotlin.idea.vfilefinder.KotlinPartialPackageNamesIndex->NOT_INDEXED(not indexed),KotlinTopLevelCallableByPackageShortNameIndex->NOT_INDEXED(not indexed),KotlinTopLevelClassLikeDeclarationByPackageShortNameIndex->NOT_INDEXED(not indexed),KotlinBinaryRootToPackageIndex->NOT_INDEXED(not indexed),filetypes->NOT_INDEXED(not indexed),Stubs->NOT_INDEXED(not indexed),]. Scanner has updated file EventConstants.class (id=88987) with appliers: [SingleIndexValueApplier{indexId=filetypes, inputId=88987, fileInfo='EventConstants.class(id=88987)'}] and removers: []; 
2026-02-16 13:48:06,006 [ 164655]   INFO - #c.i.u.i.IndexingReasonExplanationLogger - Scheduling indexing of EventRecodingLogger.class (id=88988) by request of indexes: [bytecodeAnalysis->NOT_INDEXED(not indexed),org.jetbrains.kotlin.idea.vfilefinder.KotlinClassFileIndex->NOT_INDEXED(not indexed),org.jetbrains.kotlin.idea.versions.KotlinJvmMetadataVersionIndex->NOT_INDEXED(not indexed),org.jetbrains.kotlin.idea.vfilefinder.KotlinPartialPackageNamesIndex->NOT_INDEXED(not indexed),KotlinTopLevelCallableByPackageShortNameIndex->NOT_INDEXED(not indexed),KotlinTopLevelClassLikeDeclarationByPackageShortNameIndex->NOT_INDEXED(not indexed),KotlinBinaryRootToPackageIndex->NOT_INDEXED(not indexed),filetypes->NOT_INDEXED(not indexed),Stubs->NOT_INDEXED(not indexed),]. Scanner has updated file EventRecodingLogger.class (id=88988) with appliers: [SingleIndexValueApplier{indexId=filetypes, inputId=88988, fileInfo='EventRecodingLogger.class(id=88988)'}] and removers: []; 
2026-02-16 13:48:06,006 [ 164655]   INFO - #c.i.u.i.IndexingReasonExplanationLogger - Scheduling indexing of SubstituteLoggingEvent.class (id=88986) by request of indexes: [bytecodeAnalysis->NOT_INDEXED(not indexed),org.jetbrains.kotlin.idea.vfilefinder.KotlinClassFileIndex->NOT_INDEXED(not indexed),org.jetbrains.kotlin.idea.versions.KotlinJvmMetadataVersionIndex->NOT_INDEXED(not indexed),org.jetbrains.kotlin.idea.vfilefinder.KotlinPartialPackageNamesIndex->NOT_INDEXED(not indexed),KotlinTopLevelCallableByPackageShortNameIndex->NOT_INDEXED(not indexed),KotlinTopLevelClassLikeDeclarationByPackageShortNameIndex->NOT_INDEXED(not indexed),KotlinBinaryRootToPackageIndex->NOT_INDEXED(not indexed),filetypes->NOT_INDEXED(not indexed),Stubs->NOT_INDEXED(not indexed),]. Scanner has updated file SubstituteLoggingEvent.class (id=88986) with appliers: [SingleIndexValueApplier{indexId=filetypes, inputId=88986, fileInfo='SubstituteLoggingEvent.class(id=88986)'}] and removers: []; 
2026-02-16 13:48:06,006 [ 164655]   INFO - #c.i.u.i.IndexingReasonExplanationLogger - Scheduling indexing of Util.class (id=88997) by request of indexes: [bytecodeAnalysis->NOT_INDEXED(not indexed),org.jetbrains.kotlin.idea.vfilefinder.KotlinClassFileIndex->NOT_INDEXED(not indexed),org.jetbrains.kotlin.idea.versions.KotlinJvmMetadataVersionIndex->NOT_INDEXED(not indexed),org.jetbrains.kotlin.idea.vfilefinder.KotlinPartialPackageNamesIndex->NOT_INDEXED(not indexed),KotlinTopLevelCallableByPackageShortNameIndex->NOT_INDEXED(not indexed),KotlinTopLevelClassLikeDeclarationByPackageShortNameIndex->NOT_INDEXED(not indexed),KotlinBinaryRootToPackageIndex->NOT_INDEXED(not indexed),filetypes->NOT_INDEXED(not indexed),Stubs->NOT_INDEXED(not indexed),]. Scanner has updated file Util.class (id=88997) with appliers: [SingleIndexValueApplier{indexId=filetypes, inputId=88997, fileInfo='Util.class(id=88997)'}] and removers: []; 
2026-02-16 13:48:06,007 [ 164656]   INFO - #c.i.u.i.IndexingReasonExplanationLogger - Scanner has updated file selenium-api-4.0.0-beta-1.jar (id=85987) with appliers: [SingleIndexValueApplier{indexId=java.auto.module.name, inputId=85987, fileInfo='selenium-api-4.0.0-beta-1.jar(id=85987)'}] and removers: []; 
2026-02-16 13:48:06,008 [ 164657]   INFO - #c.i.u.i.IndexingReasonExplanationLogger - Scanner has updated file tagsoup-1.2.1.jar (id=85978) with appliers: [SingleIndexValueApplier{indexId=java.auto.module.name, inputId=85978, fileInfo='tagsoup-1.2.1.jar(id=85978)'}] and removers: []; 
2026-02-16 13:48:06,022 [ 164671]   INFO - #c.i.p.c.i.PolyContextDiscoveryInfo$1 - Notifying that PolyContext may have changed due to roots changes.
2026-02-16 13:48:06,027 [ 164676]   INFO - #c.i.u.i.IndexingReasonExplanationLogger - Scanner has updated file hamcrest-2.1.jar (id=85924) with appliers: [SingleIndexValueApplier{indexId=java.auto.module.name, inputId=85924, fileInfo='hamcrest-2.1.jar(id=85924)'}] and removers: []; 
2026-02-16 13:48:06,031 [ 164680]   INFO - #c.i.u.i.IndexingReasonExplanationLogger - Scanner has updated file selenium-remote-driver-4.0.0-beta-1.jar (id=85805) with appliers: [SingleIndexValueApplier{indexId=java.auto.module.name, inputId=85805, fileInfo='selenium-remote-driver-4.0.0-beta-1.jar(id=85805)'}] and removers: []; 
2026-02-16 13:48:06,033 [ 164682]   INFO - #c.i.u.i.IndexingReasonExplanationLogger - Scanner has updated file selenium-firefox-driver-4.0.0-beta-1.jar (id=85932) with appliers: [SingleIndexValueApplier{indexId=java.auto.module.name, inputId=85932, fileInfo='selenium-firefox-driver-4.0.0-beta-1.jar(id=85932)'}] and removers: []; 
2026-02-16 13:48:06,041 [ 164690]   INFO - #c.i.u.i.IndexingReasonExplanationLogger - Scanner has updated file selenium-safari-driver-4.0.0-beta-1.jar (id=85928) with appliers: [SingleIndexValueApplier{indexId=java.auto.module.name, inputId=85928, fileInfo='selenium-safari-driver-4.0.0-beta-1.jar(id=85928)'}] and removers: []; 
2026-02-16 13:48:06,044 [ 164693]   INFO - #c.i.u.i.IndexingReasonExplanationLogger - Scanner has updated file groovy-xml-3.0.6.jar (id=85945) with appliers: [SingleIndexValueApplier{indexId=java.auto.module.name, inputId=85945, fileInfo='groovy-xml-3.0.6.jar(id=85945)'}] and removers: []; 
2026-02-16 13:48:06,044 [ 164693]   INFO - #c.i.u.i.IndexingReasonExplanationLogger - Scanner has updated file junit-jupiter-api-5.7.0.jar (id=85815) with appliers: [SingleIndexValueApplier{indexId=java.auto.module.name, inputId=85815, fileInfo='junit-jupiter-api-5.7.0.jar(id=85815)'}] and removers: []; 
2026-02-16 13:48:06,044 [ 164693]   INFO - #c.i.u.i.IndexingReasonExplanationLogger - Scanner has updated file apiguardian-api-1.1.0.jar (id=85866) with appliers: [SingleIndexValueApplier{indexId=java.auto.module.name, inputId=85866, fileInfo='apiguardian-api-1.1.0.jar(id=85866)'}] and removers: []; 
2026-02-16 13:48:06,439 [ 165088]   INFO - #c.i.u.i.UnindexedFilesScanner - [15375f63] Scanning completed for java-basics. Number of scanned files: 26526; number of files for indexing: 25446
2026-02-16 13:48:06,441 [ 165090]   INFO - #c.i.o.p.UnindexedFilesScannerExecutor - [15375f63] Task finished (scanning id=7): com.intellij.util.indexing.UnindexedFilesScannerExecutorImpl$ScheduledScanningTask@25b035a6
2026-02-16 13:48:06,443 [ 165092]   INFO - #c.i.u.i.FileBasedIndexImpl - Indexes are already loaded
2026-02-16 13:48:06,443 [ 165092]   INFO - #c.i.u.i.c.IndexUpdateRunner - Using 8 workers for indexing and 4 for writing indexes
2026-02-16 13:48:08,570 [ 167219]   INFO - #c.i.u.i.c.IndexUpdateRunner - Coroutine 5 finished gracefully
2026-02-16 13:48:08,571 [ 167220]   INFO - #c.i.u.i.c.IndexUpdateRunner - Coroutine 7 finished gracefully
2026-02-16 13:48:08,572 [ 167221]   INFO - #c.i.u.i.c.IndexUpdateRunner - Coroutine 0 finished gracefully
2026-02-16 13:48:08,572 [ 167221]   INFO - #c.i.u.i.c.IndexUpdateRunner - Coroutine 6 finished gracefully
2026-02-16 13:48:08,572 [ 167221]   INFO - #c.i.u.i.c.IndexUpdateRunner - Coroutine 2 finished gracefully
2026-02-16 13:48:08,572 [ 167221]   INFO - #c.i.u.i.c.IndexUpdateRunner - Coroutine 1 finished gracefully
2026-02-16 13:48:08,572 [ 167221]   INFO - #c.i.u.i.c.IndexUpdateRunner - Coroutine 3 finished gracefully
2026-02-16 13:48:08,576 [ 167225]   INFO - #c.i.u.i.c.IndexUpdateRunner - Coroutine 4 finished gracefully
2026-02-16 13:48:08,607 [ 167256]   INFO - #c.i.u.i.ProjectChangedFilesScanner - Retrieving changed during indexing files of java-basics : 156 to update, calculated in 8ms
2026-02-16 13:48:08,921 [ 167570]   INFO - #c.i.u.i.c.IndexUpdateRunner - Coroutine 6 finished gracefully
2026-02-16 13:48:08,922 [ 167571]   INFO - #c.i.u.i.c.IndexUpdateRunner - Coroutine 0 finished gracefully
2026-02-16 13:48:08,922 [ 167571]   INFO - #c.i.u.i.c.IndexUpdateRunner - Coroutine 7 finished gracefully
2026-02-16 13:48:08,923 [ 167572]   INFO - #c.i.u.i.c.IndexUpdateRunner - Coroutine 5 finished gracefully
2026-02-16 13:48:08,923 [ 167572]   INFO - #c.i.u.i.c.IndexUpdateRunner - Coroutine 1 finished gracefully
2026-02-16 13:48:08,924 [ 167573]   INFO - #c.i.u.i.c.IndexUpdateRunner - Coroutine 4 finished gracefully
2026-02-16 13:48:08,924 [ 167573]   INFO - #c.i.u.i.c.IndexUpdateRunner - Coroutine 2 finished gracefully
2026-02-16 13:48:08,925 [ 167574]   INFO - #c.i.u.i.c.IndexUpdateRunner - Coroutine 3 finished gracefully
2026-02-16 13:48:08,947 [ 167596]   INFO - #c.i.u.i.UnindexedFilesIndexer - Finished for java-basics. Unindexed files update took 2505ms; general responsiveness: ok; EDT responsiveness: ok
2026-02-16 13:48:08,947 [ 167596]   INFO - #c.i.o.p.MergingQueueGuiExecutor - Task finished: (dumb mode task) UnindexedFilesIndexer[java-basics, reasons: [Changes from WorkspaceFileIndex]]
2026-02-16 13:48:08,947 [ 167596]   INFO - #c.i.o.p.MergingQueueGuiExecutor - Running task: (dumb mode task) com.intellij.openapi.roots.impl.PushedFilePropertiesUpdaterImpl$MyDumbModeTask@2cb374a2 (reason: Push on VFS changes)
2026-02-16 13:48:08,948 [ 167597]   INFO - #c.i.o.p.UnindexedFilesScannerExecutor - [15375f63] Running task: com.intellij.util.indexing.UnindexedFilesScannerExecutorImpl$ScheduledScanningTask@cd1d964
2026-02-16 13:48:08,948 [ 167597]   INFO - #c.i.u.i.UnindexedFilesScanner - [15375f63] scanning stage (scanning id=8): DelayedPushProperties
2026-02-16 13:48:08,950 [ 167599]   INFO - #c.i.u.i.FileBasedIndexImpl - Indexes are already loaded
2026-02-16 13:48:08,951 [ 167600]   INFO - #c.i.u.i.UnindexedFilesScanner - [15375f63] Started scanning for indexing of java-basics. Reason: Merged Changes from WorkspaceFileIndex with Changes from WorkspaceFileIndex
2026-02-16 13:48:08,951 [ 167600]   INFO - #c.i.u.i.UnindexedFilesScanner - [15375f63] scanning stage (scanning id=8): CreatingIterators
2026-02-16 13:48:08,952 [ 167601]   INFO - #c.i.u.i.UnindexedFilesScanner - [15375f63] scanning stage (scanning id=8): CollectingIndexableFiles
2026-02-16 13:48:08,953 [ 167602]   INFO - #c.i.u.i.UnindexedFilesScanner - Scanning of java-basics uses 8 scanning threads
2026-02-16 13:48:08,954 [ 167603]   INFO - #c.i.o.p.MergingQueueGuiExecutor - Task finished: (dumb mode task) com.intellij.openapi.roots.impl.PushedFilePropertiesUpdaterImpl$MyDumbModeTask@2cb374a2 (reason: Push on VFS changes)
2026-02-16 13:48:08,954 [ 167603]   INFO - #c.i.o.p.MergingQueueGuiExecutor - Running task: (dumb mode task) UnindexedFilesIndexer[java-basics, reasons: [Merged changes in: "Module 'java-basics' (project)" with Changes from WorkspaceFileIndex with Changes from WorkspaceFileIndex with Changes from WorkspaceFileIndex with Changes from WorkspaceFileIndex with Changes from WorkspaceFileIndex with Changes from WorkspaceFileIndex]]
2026-02-16 13:48:09,046 [ 167695]   INFO - #c.i.u.i.UnindexedFilesScanner - [15375f63] Scanning completed for java-basics. Number of scanned files: 7552; number of files for indexing: 0
2026-02-16 13:48:09,047 [ 167696]   INFO - #c.i.u.i.PerProjectIndexingQueue - Finished for java-basics. No files to index with loading content.
2026-02-16 13:48:09,047 [ 167696]   INFO - #c.i.o.p.UnindexedFilesScannerExecutor - [15375f63] Task finished (scanning id=8): com.intellij.util.indexing.UnindexedFilesScannerExecutorImpl$ScheduledScanningTask@cd1d964
2026-02-16 13:48:09,047 [ 167696]   INFO - #c.i.u.i.FileBasedIndexImpl - Indexes are already loaded
2026-02-16 13:48:09,047 [ 167696]   INFO - #c.i.u.i.c.IndexUpdateRunner - Using 8 workers for indexing and 4 for writing indexes
2026-02-16 13:48:09,047 [ 167696]   INFO - #c.i.u.i.ProjectChangedFilesScanner - Retrieving changed during indexing files of java-basics : 0 to update, calculated in 0ms
2026-02-16 13:48:09,048 [ 167697]   INFO - #c.i.u.i.UnindexedFilesIndexer - Finished for java-basics. Unindexed files update took 0ms; general responsiveness: ok; EDT responsiveness: ok
2026-02-16 13:48:09,048 [ 167697]   INFO - #c.i.o.p.MergingQueueGuiExecutor - Task finished: (dumb mode task) UnindexedFilesIndexer[java-basics, reasons: [Merged changes in: "Module 'java-basics' (project)" with Changes from WorkspaceFileIndex with Changes from WorkspaceFileIndex with Changes from WorkspaceFileIndex with Changes from WorkspaceFileIndex with Changes from WorkspaceFileIndex with Changes from WorkspaceFileIndex]]
2026-02-16 13:48:09,048 [ 167697]   INFO - #c.i.o.p.DumbServiceImpl - exit dumb mode [java-basics]
2026-02-16 13:48:09,048 [ 167697]   INFO - STDOUT - [IDE]: Task 'Analyzing project to enable smart features' ended
2026-02-16 13:48:31,038 [ 189687]   INFO - #o.j.q.s.i.r.ConsoleLog - Keep running Project opening ... so far 3m
2026-02-16 13:48:31,039 [ 189688]   INFO - STDOUT - Keep running Project opening ... so far 3m
2026-02-16 13:49:01,045 [ 219694]   INFO - #o.j.q.s.i.r.ConsoleLog - Keep running Project opening ... so far 3m 30s
2026-02-16 13:49:01,045 [ 219694]   INFO - STDOUT - Keep running Project opening ... so far 3m 30s
2026-02-16 13:49:31,046 [ 249695]   INFO - #o.j.q.s.i.r.ConsoleLog - Keep running Project opening ... so far 4m
2026-02-16 13:49:31,046 [ 249695]   INFO - STDOUT - Keep running Project opening ... so far 4m
2026-02-16 13:49:52,376 [ 271025]   INFO - #o.j.i.maven - maven plugin resolution finished, unresolved: []
2026-02-16 13:49:52,590 [ 271239]   WARN - #o.j.i.maven - updateAllMavenProjects finished: incremental=false, MavenProjectsManager.onProjectStartup java-basics
2026-02-16 13:49:52,892 [ 271541]   INFO - STDOUT - 'Maven' is completed.
2026-02-16 13:49:52,901 [ 271550]   INFO - #c.i.w.i.i.j.s.JpsGlobalModelSynchronizerImpl - Saving global entities com.intellij.platform.workspace.jps.entities.SdkEntity to files
2026-02-16 13:49:52,903 [ 271552]   INFO - #c.i.w.i.i.j.s.JpsGlobalModelSynchronizerImpl - Saving global entities com.intellij.platform.workspace.jps.entities.LibraryEntity to files
2026-02-16 13:49:53,013 [ 271662]   INFO - #c.i.a.o.PathMacrosImpl - Saved path macros: {MAVEN_REPOSITORY=/data/cache/.m2}
2026-02-16 13:49:53,062 [ 271711]   INFO - #c.i.w.i.i.j.s.JpsGlobalModelSynchronizerImpl - Saving global entities com.intellij.platform.workspace.jps.entities.SdkEntity to files
2026-02-16 13:49:53,063 [ 271712]   INFO - #c.i.w.i.i.j.s.JpsGlobalModelSynchronizerImpl - Saving global entities com.intellij.platform.workspace.jps.entities.LibraryEntity to files
2026-02-16 13:49:53,070 [ 271719]   INFO - #c.i.a.o.PathMacrosImpl - Saved path macros: {MAVEN_REPOSITORY=/data/cache/.m2}
2026-02-16 13:49:53,127 [ 271776]   INFO - #c.i.o.e.s.p.m.ExternalProjectsDataStorage - Save external projects data in 44 ms
2026-02-16 13:49:53,197 [ 271846]   INFO - #c.i.c.ComponentStoreImpl - Saving Project(name=java-basics, containerState=COMPONENT_CREATED, componentStore=/data/project)KotlinCommonCompilerArguments took 13 ms, XDebuggerManager took 16 ms
2026-02-16 13:49:53,272 [ 271921]   INFO - #c.i.o.p.DumbServiceImpl - enter dumb mode [java-basics]
2026-02-16 13:49:53,276 [ 271925]   INFO - #c.i.o.p.MergingQueueGuiExecutor - Running task: (dumb mode task) com.intellij.openapi.roots.impl.PushedFilePropertiesUpdaterImpl$MyDumbModeTask@60ba17cc (reason: Push on VFS changes)
2026-02-16 13:49:53,279 [ 271928]   INFO - #c.i.o.p.MergingQueueGuiExecutor - Task finished: (dumb mode task) com.intellij.openapi.roots.impl.PushedFilePropertiesUpdaterImpl$MyDumbModeTask@60ba17cc (reason: Push on VFS changes)
2026-02-16 13:49:53,279 [ 271928]   INFO - #c.i.o.p.DumbServiceImpl - exit dumb mode [java-basics]
2026-02-16 13:49:53,280 [ 271929]   INFO - STDOUT - [IDE]: Task 'Analyzing project to enable smart features' ended
2026-02-16 13:49:53,290 [ 271939]   INFO - STDOUT - Configuration phase 0 is completed. Initiating another phase to cover possible side effects...
2026-02-16 13:49:53,290 [ 271939]   INFO - STDOUT - All configuration phases are completed.
2026-02-16 13:49:53,290 [ 271939]   INFO - STDOUT - 'external-system' is in progress...
2026-02-16 13:49:53,292 [ 271941]   INFO - STDOUT - 'external-system' is completed.
2026-02-16 13:49:53,292 [ 271941]   INFO - STDOUT - 'Queries for MergingUpdateQueue' is in progress...
2026-02-16 13:49:54,110 [ 272759]   INFO - STDOUT - 'Queries for MergingUpdateQueue' is completed.
2026-02-16 13:49:54,111 [ 272760]   INFO - #c.i.w.i.i.j.s.JpsGlobalModelSynchronizerImpl - Saving global entities com.intellij.platform.workspace.jps.entities.SdkEntity to files
2026-02-16 13:49:54,111 [ 272760]   INFO - #c.i.w.i.i.j.s.JpsGlobalModelSynchronizerImpl - Saving global entities com.intellij.platform.workspace.jps.entities.LibraryEntity to files
2026-02-16 13:49:54,164 [ 272813]   INFO - #c.i.a.o.PathMacrosImpl - Saved path macros: {MAVEN_REPOSITORY=/data/cache/.m2}
2026-02-16 13:49:54,194 [ 272843]   INFO - #c.i.w.i.i.j.s.JpsGlobalModelSynchronizerImpl - Saving global entities com.intellij.platform.workspace.jps.entities.SdkEntity to files
2026-02-16 13:49:54,194 [ 272843]   INFO - #c.i.w.i.i.j.s.JpsGlobalModelSynchronizerImpl - Saving global entities com.intellij.platform.workspace.jps.entities.LibraryEntity to files
2026-02-16 13:49:54,199 [ 272848]   INFO - #c.i.a.o.PathMacrosImpl - Saved path macros: {MAVEN_REPOSITORY=/data/cache/.m2}
2026-02-16 13:49:54,201 [ 272850]   INFO - STDOUT - Configuration phase 1 is completed. Initiating another phase to cover possible side effects...
2026-02-16 13:49:54,201 [ 272850]   INFO - STDOUT - All configuration phases are completed.
2026-02-16 13:49:54,202 [ 272851]   INFO - STDOUT - 'Queries for MergingUpdateQueue' is in progress...
2026-02-16 13:49:55,237 [ 273886]   INFO - STDOUT - 'Queries for MergingUpdateQueue' is completed.
2026-02-16 13:49:55,238 [ 273887]   INFO - #c.i.w.i.i.j.s.JpsGlobalModelSynchronizerImpl - Saving global entities com.intellij.platform.workspace.jps.entities.SdkEntity to files
2026-02-16 13:49:55,238 [ 273887]   INFO - #c.i.w.i.i.j.s.JpsGlobalModelSynchronizerImpl - Saving global entities com.intellij.platform.workspace.jps.entities.LibraryEntity to files
2026-02-16 13:49:55,288 [ 273937]   INFO - #c.i.a.o.PathMacrosImpl - Saved path macros: {MAVEN_REPOSITORY=/data/cache/.m2}
2026-02-16 13:49:55,313 [ 273962]   INFO - #c.i.w.i.i.j.s.JpsGlobalModelSynchronizerImpl - Saving global entities com.intellij.platform.workspace.jps.entities.SdkEntity to files
2026-02-16 13:49:55,314 [ 273963]   INFO - #c.i.w.i.i.j.s.JpsGlobalModelSynchronizerImpl - Saving global entities com.intellij.platform.workspace.jps.entities.LibraryEntity to files
2026-02-16 13:49:55,318 [ 273967]   INFO - #c.i.a.o.PathMacrosImpl - Saved path macros: {MAVEN_REPOSITORY=/data/cache/.m2}
2026-02-16 13:49:55,320 [ 273969]   INFO - STDOUT - Configuration phase 2 is completed. Initiating another phase to cover possible side effects...
2026-02-16 13:49:55,320 [ 273969]   INFO - STDOUT - All configuration phases are completed.
2026-02-16 13:49:55,357 [ 274006]   INFO - #o.j.q.s.i.r.ConsoleLog - The Project opening stage completed in 4m 24s
2026-02-16 13:49:55,357 [ 274006]   INFO - STDOUT - The Project opening stage completed in 4m 24s
2026-02-16 13:49:55,357 [ 274006]   INFO - STDOUT - done.
2026-02-16 13:49:55,441 [ 274090]   INFO - #c.i.o.p.DumbServiceImpl - enter dumb mode [java-basics]
2026-02-16 13:49:55,443 [ 274092]   INFO - #c.i.o.p.MergingQueueGuiExecutor - Running task: (dumb mode task) com.intellij.openapi.roots.impl.PushedFilePropertiesUpdaterImpl$MyDumbModeTask@29d10b00 (reason: Push on VFS changes)
2026-02-16 13:49:55,444 [ 274093]   INFO - #o.j.q.s.i.r.ConsoleLog - Preparing for the Project configuration stage ...
2026-02-16 13:49:55,444 [ 274093]   INFO - STDOUT - Preparing for the Project configuration stage ...
2026-02-16 13:49:55,444 [ 274093]   INFO - STDOUT - 'external-system' is in progress...
2026-02-16 13:49:55,446 [ 274095]   INFO - STDOUT - 'external-system' is completed.
2026-02-16 13:49:55,446 [ 274095]   INFO - STDOUT - 'Queries for MergingUpdateQueue' is in progress...
2026-02-16 13:49:55,448 [ 274097]   INFO - #c.i.o.p.MergingQueueGuiExecutor - Task finished: (dumb mode task) com.intellij.openapi.roots.impl.PushedFilePropertiesUpdaterImpl$MyDumbModeTask@29d10b00 (reason: Push on VFS changes)
2026-02-16 13:49:55,448 [ 274097]   INFO - #c.i.o.p.MergingQueueGuiExecutor - Running task: (dumb mode task) UnindexedFilesIndexer[java-basics, reasons: [On refresh of files in java-basics]]
2026-02-16 13:49:55,448 [ 274097]   INFO - #c.i.u.i.FileBasedIndexImpl - Indexes are already loaded
2026-02-16 13:49:55,448 [ 274097]   INFO - #c.i.u.i.c.IndexUpdateRunner - Using 8 workers for indexing and 4 for writing indexes
2026-02-16 13:49:55,452 [ 274101]   INFO - #c.i.u.i.ProjectChangedFilesScanner - Retrieving changed during indexing files of java-basics : 19 to update, calculated in 3ms
2026-02-16 13:49:55,484 [ 274133]   INFO - #c.i.u.i.c.IndexUpdateRunner - Coroutine 1 finished gracefully
2026-02-16 13:49:55,498 [ 274147]   INFO - #c.i.u.i.c.IndexUpdateRunner - Coroutine 6 finished gracefully
2026-02-16 13:49:55,503 [ 274152]   INFO - #c.i.u.i.c.IndexUpdateRunner - Coroutine 5 finished gracefully
2026-02-16 13:49:55,509 [ 274158]   INFO - #c.i.u.i.c.IndexUpdateRunner - Coroutine 4 finished gracefully
2026-02-16 13:49:55,524 [ 274173]   INFO - #c.i.u.i.c.IndexUpdateRunner - Coroutine 2 finished gracefully
2026-02-16 13:49:55,525 [ 274174]   INFO - #c.i.u.i.c.IndexUpdateRunner - Coroutine 0 finished gracefully
2026-02-16 13:49:55,532 [ 274181]   INFO - #c.i.u.i.c.IndexUpdateRunner - Coroutine 7 finished gracefully
2026-02-16 13:49:55,535 [ 274184]   INFO - #c.i.u.i.c.IndexUpdateRunner - Coroutine 3 finished gracefully
2026-02-16 13:49:55,562 [ 274211]   INFO - #c.i.u.i.UnindexedFilesIndexer - Finished for java-basics. Unindexed files update took 114ms; general responsiveness: ok; EDT responsiveness: ok
2026-02-16 13:49:55,562 [ 274211]   INFO - #c.i.o.p.MergingQueueGuiExecutor - Task finished: (dumb mode task) UnindexedFilesIndexer[java-basics, reasons: [On refresh of files in java-basics]]
2026-02-16 13:49:55,563 [ 274212]   INFO - #c.i.o.p.DumbServiceImpl - exit dumb mode [java-basics]
2026-02-16 13:49:55,564 [ 274213]   INFO - STDOUT - [IDE]: Task 'Analyzing project to enable smart features' ended
2026-02-16 13:49:56,364 [ 275013]   INFO - STDOUT - 'Queries for MergingUpdateQueue' is completed.
2026-02-16 13:49:56,365 [ 275014]   INFO - #c.i.w.i.i.j.s.JpsGlobalModelSynchronizerImpl - Saving global entities com.intellij.platform.workspace.jps.entities.SdkEntity to files
2026-02-16 13:49:56,366 [ 275015]   INFO - #c.i.w.i.i.j.s.JpsGlobalModelSynchronizerImpl - Saving global entities com.intellij.platform.workspace.jps.entities.LibraryEntity to files
2026-02-16 13:49:56,417 [ 275066]   INFO - #c.i.a.o.PathMacrosImpl - Saved path macros: {MAVEN_REPOSITORY=/data/cache/.m2}
2026-02-16 13:49:56,441 [ 275090]   INFO - #c.i.w.i.i.j.s.JpsGlobalModelSynchronizerImpl - Saving global entities com.intellij.platform.workspace.jps.entities.SdkEntity to files
2026-02-16 13:49:56,441 [ 275090]   INFO - #c.i.w.i.i.j.s.JpsGlobalModelSynchronizerImpl - Saving global entities com.intellij.platform.workspace.jps.entities.LibraryEntity to files
2026-02-16 13:49:56,445 [ 275094]   INFO - #c.i.a.o.PathMacrosImpl - Saved path macros: {MAVEN_REPOSITORY=/data/cache/.m2}
2026-02-16 13:49:56,447 [ 275096]   INFO - STDOUT - Configuration phase 0 is completed. Initiating another phase to cover possible side effects...
2026-02-16 13:49:56,447 [ 275096]   INFO - STDOUT - All configuration phases are completed.
2026-02-16 13:49:56,447 [ 275096]   INFO - STDOUT - 'Queries for MergingUpdateQueue' is in progress...
2026-02-16 13:49:57,464 [ 276113]   INFO - STDOUT - 'Queries for MergingUpdateQueue' is completed.
2026-02-16 13:49:57,465 [ 276114]   INFO - #c.i.w.i.i.j.s.JpsGlobalModelSynchronizerImpl - Saving global entities com.intellij.platform.workspace.jps.entities.SdkEntity to files
2026-02-16 13:49:57,465 [ 276114]   INFO - #c.i.w.i.i.j.s.JpsGlobalModelSynchronizerImpl - Saving global entities com.intellij.platform.workspace.jps.entities.LibraryEntity to files
2026-02-16 13:49:57,514 [ 276163]   INFO - #c.i.a.o.PathMacrosImpl - Saved path macros: {MAVEN_REPOSITORY=/data/cache/.m2}
2026-02-16 13:49:57,538 [ 276187]   INFO - #c.i.w.i.i.j.s.JpsGlobalModelSynchronizerImpl - Saving global entities com.intellij.platform.workspace.jps.entities.SdkEntity to files
2026-02-16 13:49:57,538 [ 276187]   INFO - #c.i.w.i.i.j.s.JpsGlobalModelSynchronizerImpl - Saving global entities com.intellij.platform.workspace.jps.entities.LibraryEntity to files
2026-02-16 13:49:57,542 [ 276191]   INFO - #c.i.a.o.PathMacrosImpl - Saved path macros: {MAVEN_REPOSITORY=/data/cache/.m2}
2026-02-16 13:49:57,544 [ 276193]   INFO - STDOUT - Configuration phase 1 is completed. Initiating another phase to cover possible side effects...
2026-02-16 13:49:57,544 [ 276193]   INFO - STDOUT - All configuration phases are completed.
2026-02-16 13:49:57,544 [ 276193]   INFO - STDOUT - 'Queries for MergingUpdateQueue' is in progress...
2026-02-16 13:49:58,558 [ 277207]   INFO - STDOUT - 'Queries for MergingUpdateQueue' is completed.
2026-02-16 13:49:58,561 [ 277210]   INFO - #c.i.w.i.i.j.s.JpsGlobalModelSynchronizerImpl - Saving global entities com.intellij.platform.workspace.jps.entities.SdkEntity to files
2026-02-16 13:49:58,561 [ 277210]   INFO - #c.i.w.i.i.j.s.JpsGlobalModelSynchronizerImpl - Saving global entities com.intellij.platform.workspace.jps.entities.LibraryEntity to files
2026-02-16 13:49:58,609 [ 277258]   INFO - #c.i.a.o.PathMacrosImpl - Saved path macros: {MAVEN_REPOSITORY=/data/cache/.m2}
2026-02-16 13:49:58,633 [ 277282]   INFO - #c.i.w.i.i.j.s.JpsGlobalModelSynchronizerImpl - Saving global entities com.intellij.platform.workspace.jps.entities.SdkEntity to files
2026-02-16 13:49:58,634 [ 277283]   INFO - #c.i.w.i.i.j.s.JpsGlobalModelSynchronizerImpl - Saving global entities com.intellij.platform.workspace.jps.entities.LibraryEntity to files
2026-02-16 13:49:58,637 [ 277286]   INFO - #c.i.a.o.PathMacrosImpl - Saved path macros: {MAVEN_REPOSITORY=/data/cache/.m2}
2026-02-16 13:49:58,639 [ 277288]   INFO - STDOUT - Configuration phase 2 is completed. Initiating another phase to cover possible side effects...
2026-02-16 13:49:58,639 [ 277288]   INFO - STDOUT - All configuration phases are completed.
2026-02-16 13:49:58,660 [ 277309]   INFO - #o.j.q.s.i.r.s.QodanaProjectLoader - Configured project
2026-02-16 13:49:58,698 [ 277347]   INFO - #o.j.q.s.i.r.ConsoleLog - The Project configuration stage completed in 3s
2026-02-16 13:49:58,698 [ 277347]   INFO - STDOUT - The Project configuration stage completed in 3s
2026-02-16 13:49:58,700 [ 277349]   INFO - o.j.q.i.linter - Loading dynamic inspections (FlexInspect)
2026-02-16 13:49:58,700 [ 277349]   INFO - o.j.q.i.linter - FlexInspect: finished loading
- total number of inspection.kts files: 0}
- number of compiled inspection.kts files: 0}
- number of inspections from compiled inspection.kts files: 0}
- number of failed to compile inspection.kts files: 0} 
2026-02-16 13:49:59,668 [ 278317]   INFO - STDOUT - Initializing project…Inspecting with the 'qodana.recommended' profile
2026-02-16 13:49:59,727 [ 278376]   INFO - #o.j.q.s.p.QodanaProfile - The 'qodana.sanity' profile is configured for sanity checks
2026-02-16 13:49:59,994 [ 278643]   WARN - #c.j.q.s.m.SarifReport - Missing description for tool MysqlLoadDataPath in taxonomy MySQL
2026-02-16 13:50:00,138 [ 278787]   WARN - #c.j.q.s.m.SarifReport - Missing description for tool SqlUnmatchedForwardDeclaration in taxonomy Oracle
2026-02-16 13:50:00,148 [ 278797]   WARN - #c.j.q.s.m.SarifReport - Missing description for tool MongoJSResolve in taxonomy MongoJS
2026-02-16 13:50:00,205 [ 278854]   WARN - #c.j.q.s.m.SarifReport - Missing description for tool MongoJSDeprecation in taxonomy MongoJS
2026-02-16 13:50:00,222 [ 278871]   WARN - #c.j.q.s.m.SarifReport - Missing description for tool PgSelectFromProcedure in taxonomy PostgreSQL
2026-02-16 13:50:00,248 [ 278897]   WARN - #c.j.q.s.m.SarifReport - Missing description for tool MssqlBuiltin in taxonomy SQL server
2026-02-16 13:50:00,279 [ 278928]   WARN - #c.j.q.s.m.SarifReport - Missing description for tool SqlOverload in taxonomy Oracle
2026-02-16 13:50:00,299 [ 278948]   WARN - #c.j.q.s.m.SarifReport - Missing description for tool MysqlSpaceAfterFunctionName in taxonomy MySQL
2026-02-16 13:50:00,320 [ 278969]   WARN - #c.j.q.s.m.SarifReport - Missing description for tool MysqlParsing in taxonomy MySQL
2026-02-16 13:50:00,377 [ 279026]   WARN - #c.j.q.s.m.SarifReport - Missing description for tool SqlMissingBody in taxonomy Oracle
2026-02-16 13:50:00,454 [ 279103]   WARN - #c.j.q.s.m.SarifReport - Missing description for tool MsOrderBy in taxonomy SQL server
2026-02-16 13:50:00,749 [ 279398]   INFO - #o.j.q.s.i.r.ConsoleLog - Preparing for the Project analysis stage ...
2026-02-16 13:50:00,752 [ 279401]   INFO - STDOUT - Preparing for the Project analysis stage ...
2026-02-16 13:50:00,788 [ 279437]   INFO - #c.i.a.AnalysisScope - Scanning scope took 8 ms
2026-02-16 13:50:00,797 [ 279446]   INFO - #c.i.d.c.i.CheckDependencyLicensesInspectionGlobal - Starting com.intellij.dependencyAnalysis.core.inspection.CheckDependencyLicensesInspectionGlobal
2026-02-16 13:50:00,800 [ 279449]   INFO - #c.i.d.c.m.DependencyAnalysis - Collect data
2026-02-16 13:50:00,808 [ 279457]   INFO - #c.i.d.c.m.ProjectAnalyzer - JVM start analyze
2026-02-16 13:50:00,812 [ 279461]   INFO - #c.i.d.j.JvmProjectAnalyzer - java-basics is analyzing
2026-02-16 13:50:00,812 [ 279461]   INFO - #c.i.d.j.JvmProjectAnalyzer - java-basics.main is analyzing
2026-02-16 13:50:05,322 [ 283971]   INFO - #c.i.d.c.m.ProjectAnalyzer - JVM end analyze
2026-02-16 13:50:05,327 [ 283976]   INFO - #c.i.d.c.m.DependencyAnalysis - Obtained ProjectMetadata
2026-02-16 13:50:05,331 [ 283980]   INFO - #c.i.d.c.i.CheckDependencyLicensesInspectionGlobal - Ending com.intellij.dependencyAnalysis.core.inspection.CheckDependencyLicensesInspectionGlobal
2026-02-16 13:50:05,339 [ 283988]   INFO - #c.i.c.e.GlobalJavaInspectionContextImpl - Processing external usages finished in 0 ms
2026-02-16 13:50:05,349 [ 283998]   INFO - #o.j.q.j.c.JvmCoverageInspection - Coverage for XMLReportEngine - provided 1 files
2026-02-16 13:50:05,351 [ 284000]   INFO - #o.j.q.s.i.c.CoverageInspectionBase - Engine XML Report - accepted 0 files
2026-02-16 13:50:05,354 [ 284003]   INFO - #o.j.q.s.i.c.CoverageInspectionBase - Engine XML Report - loaded 0 coverage suites
2026-02-16 13:50:05,354 [ 284003]   INFO - #o.j.q.s.i.c.CoverageInspectionBase - Coverage for JavaCoverageEngine - provided 1 files
2026-02-16 13:50:05,354 [ 284003]   INFO - #o.j.q.s.i.c.CoverageInspectionBase - Engine Java Coverage - accepted 0 files
2026-02-16 13:50:05,354 [ 284003]   INFO - #o.j.q.s.i.c.CoverageInspectionBase - Engine Java Coverage - loaded 0 coverage suites
2026-02-16 13:50:05,472 [ 284121]   INFO - #c.i.i.s.DeviceIdManager - Generating new Device ID for 'PackageChecker'
2026-02-16 13:50:05,489 [ 284138]   INFO - #c.i.p.m.MavenProjectDependenciesModel - Start collecting all modules
2026-02-16 13:50:05,491 [ 284140]   INFO - #c.i.p.g.GradleProjectDependenciesModel - Start collecting all modules
2026-02-16 13:50:05,495 [ 284144]   INFO - #c.i.p.m.ProjectDependenciesModuleAggregator - Supported models after update: [IntellijProjectDependenciesModel, MavenProjectDependenciesModel, GradleProjectDependenciesModel]
2026-02-16 13:50:05,499 [ 284148]   INFO - #c.i.p.m.i.ProjectDependenciesModelImpl - Count of declared packages: null, imported packages: null
2026-02-16 13:50:05,500 [ 284149]   INFO - #c.i.p.m.MavenProjectDependenciesModel - Finish collecting all modules, count of found modules: 1
2026-02-16 13:50:05,501 [ 284150]   INFO - #c.i.p.g.GradleProjectDependenciesModel - Finish collecting all modules, count of found modules: 2
2026-02-16 13:50:05,510 [ 284159]   INFO - STDOUT - Analyzing code 1%
2026-02-16 13:50:05,550 [ 284199]   INFO - #c.i.p.m.i.ProjectDependenciesModelImpl - Count of declared packages: 110, imported packages: null
2026-02-16 13:50:05,592 [ 284241]   INFO - #c.i.p.m.i.ProjectDependenciesModelImpl - Count of declared packages: 110, imported packages: 124
2026-02-16 13:50:05,633 [ 284282]   INFO - STDOUT - Analyzing code 2%
2026-02-16 13:50:05,876 [ 284525]   INFO - #c.i.x.Html5SchemaProvider - HTML5_SCHEMA_LOCATION = /opt/idea/lib/modules/intellij.relaxng.jar!/resources/html5-schema/html5.rnc
2026-02-16 13:50:06,176 [ 284825]   INFO - STDOUT - Analyzing code 3%
2026-02-16 13:50:06,589 [ 285238]   INFO - #o.j.q.s.i.r.AsyncInspectionToolResultWriter - Async result writer started
2026-02-16 13:50:06,594 [ 285243]   INFO - STDOUT - Analyzing code 4%
2026-02-16 13:50:06,814 [ 285463]   INFO - STDOUT - Analyzing code 5%
2026-02-16 13:50:07,146 [ 285795]   INFO - STDOUT - Analyzing code 6%
2026-02-16 13:50:07,161 [ 285810]   INFO - STDOUT - Analyzing code 7%
2026-02-16 13:50:07,919 [ 286568]   INFO - STDOUT - Analyzing code 8%
2026-02-16 13:50:08,051 [ 286700]   INFO - STDOUT - Analyzing code 9%
2026-02-16 13:50:08,218 [ 286867]   INFO - STDOUT - Analyzing code 10%
2026-02-16 13:50:08,307 [ 286956]   INFO - STDOUT - Analyzing code 11%
2026-02-16 13:50:08,350 [ 286999]   INFO - STDOUT - Analyzing code 12%
2026-02-16 13:50:08,379 [ 287028]   INFO - STDOUT - Analyzing code 13%
2026-02-16 13:50:08,507 [ 287156]   INFO - STDOUT - Analyzing code 14%
2026-02-16 13:50:08,546 [ 287195]   INFO - STDOUT - Analyzing code 15%
2026-02-16 13:50:08,571 [ 287220]   INFO - STDOUT - Analyzing code 16%
2026-02-16 13:50:08,680 [ 287329]   WARN - #c.i.j.d.a.j.l.t.c.JavaExpressionEvaluator - Unresolved method in call PsiMethodCallExpression:user.getRole() at UserRepository1.java:65:33-47
2026-02-16 13:50:08,697 [ 287346]   WARN - #c.i.j.d.a.j.l.t.c.JavaExpressionEvaluator - Unresolved method in call PsiMethodCallExpression:user.verifyPassword(password) at UserService1.java:55:27-56
2026-02-16 13:50:08,700 [ 287349]   WARN - #c.i.j.d.a.j.l.t.c.JavaExpressionEvaluator - Unresolved method in call PsiMethodCallExpression:user.verifyPassword(password) at UserService1.java:55:27-56
2026-02-16 13:50:08,700 [ 287349]   WARN - #c.i.j.d.a.j.l.t.c.JavaExpressionEvaluator - Unresolved method in call PsiMethodCallExpression:user.login() at UserService1.java:58:13-25
2026-02-16 13:50:08,700 [ 287349]   WARN - #c.i.j.d.a.j.l.t.c.JavaExpressionEvaluator - Unresolved method in call PsiMethodCallExpression:user.deactivate() at UserService1.java:71:9-26
2026-02-16 13:50:08,701 [ 287350]   WARN - #c.i.j.d.a.j.l.t.c.JavaExpressionEvaluator - Unresolved method in call PsiMethodCallExpression:user.login() at UserService1.java:58:13-25
2026-02-16 13:50:08,701 [ 287350]   WARN - #c.i.j.d.a.j.l.t.c.JavaExpressionEvaluator - Unresolved method in call PsiMethodCallExpression:user.deactivate() at UserService1.java:71:9-26
2026-02-16 13:50:08,702 [ 287351]   WARN - #c.i.j.d.a.j.l.t.c.JavaExpressionEvaluator - Unresolved method in call PsiMethodCallExpression:user.promoteToAdmin() at UserService1.java:81:9-30
2026-02-16 13:50:08,705 [ 287354]   WARN - #c.i.j.d.a.j.l.t.c.JavaExpressionEvaluator - Unresolved method in call PsiMethodCallExpression:user.promoteToAdmin() at UserService1.java:81:9-30
2026-02-16 13:50:08,804 [ 287453]   INFO - STDOUT - Analyzing code 17%
2026-02-16 13:50:08,815 [ 287464]   WARN - #c.i.j.d.a.j.l.t.c.JavaExpressionEvaluator - Unresolved method in call PsiMethodCallExpression:user.verifyPassword(password) at AuthenticationManager1.java:48:14-43
2026-02-16 13:50:08,822 [ 287471]   WARN - #c.i.j.d.a.j.l.t.c.JavaExpressionEvaluator - Unresolved method in call PsiMethodCallExpression:user.login() at AuthenticationManager1.java:61:9-21
2026-02-16 13:50:08,825 [ 287474]   WARN - #c.i.j.d.a.j.l.t.c.JavaExpressionEvaluator - Unresolved method in call PsiMethodCallExpression:user.getRole() at AuthenticationManager1.java:104:16-30
2026-02-16 13:50:08,825 [ 287474]   WARN - #c.i.j.d.a.j.l.t.c.JavaExpressionEvaluator - Unresolved method in call PsiMethodCallExpression:user.getRole().hasPermission(permission) at AuthenticationManager1.java:104:16-56
2026-02-16 13:50:08,833 [ 287482]   INFO - STDOUT - Analyzing code 18%
2026-02-16 13:50:08,962 [ 287611]   INFO - STDOUT - Analyzing code 19%
2026-02-16 13:50:08,983 [ 287632]   INFO - STDOUT - Analyzing code 20%
2026-02-16 13:50:09,037 [ 287686]   INFO - STDOUT - Analyzing code 21%
2026-02-16 13:50:09,157 [ 287806]   INFO - STDOUT - Analyzing code 22%
2026-02-16 13:50:09,262 [ 287911]   INFO - STDOUT - Analyzing code 23%
2026-02-16 13:50:09,287 [ 287936]   INFO - STDOUT - Analyzing code 24%
2026-02-16 13:50:09,395 [ 288044]   INFO - STDOUT - Analyzing code 25%
2026-02-16 13:50:09,526 [ 288175]   INFO - STDOUT - Analyzing code 26%
2026-02-16 13:50:09,749 [ 288398]   INFO - STDOUT - Analyzing code 27%
2026-02-16 13:50:09,924 [ 288573]   INFO - STDOUT - Analyzing code 28%
2026-02-16 13:50:10,046 [ 288695]   INFO - STDOUT - Analyzing code 29%
2026-02-16 13:50:10,089 [ 288738]   INFO - STDOUT - Analyzing code 30%
2026-02-16 13:50:10,104 [ 288753]   INFO - STDOUT - Analyzing code 31%
2026-02-16 13:50:10,162 [ 288811]   INFO - STDOUT - Analyzing code 32%
2026-02-16 13:50:10,426 [ 289075]   INFO - STDOUT - Analyzing code 33%
2026-02-16 13:50:10,592 [ 289241]   INFO - STDOUT - Analyzing code 34%
2026-02-16 13:50:10,733 [ 289382]   INFO - STDOUT - Analyzing code 35%
2026-02-16 13:50:10,892 [ 289541]   INFO - STDOUT - Analyzing code 36%
2026-02-16 13:50:10,936 [ 289585]   INFO - STDOUT - Analyzing code 37%
2026-02-16 13:50:11,088 [ 289737]   INFO - STDOUT - Analyzing code 38%
2026-02-16 13:50:11,166 [ 289815]   INFO - STDOUT - Analyzing code 39%
2026-02-16 13:50:11,218 [ 289867]   INFO - STDOUT - Analyzing code 40%
2026-02-16 13:50:11,298 [ 289947]   INFO - STDOUT - Analyzing code 41%
2026-02-16 13:50:11,327 [ 289976]   INFO - STDOUT - Analyzing code 42%
2026-02-16 13:50:11,364 [ 290013]   INFO - STDOUT - Analyzing code 43%
2026-02-16 13:50:11,434 [ 290083]   INFO - STDOUT - Analyzing code 44%
2026-02-16 13:50:11,461 [ 290110]   INFO - STDOUT - Analyzing code 45%
2026-02-16 13:50:11,497 [ 290146]   INFO - STDOUT - Analyzing code 46%
2026-02-16 13:50:11,503 [ 290152]   WARN - #c.i.j.d.a.j.l.t.c.JavaExpressionEvaluator - Unresolved method in call PsiMethodCallExpression:super(message) at CircuitBreaker1.java:117:13-27
2026-02-16 13:50:11,576 [ 290225]   INFO - STDOUT - Analyzing code 47%
2026-02-16 13:50:11,583 [ 290232]   INFO - STDOUT - Analyzing code 47%
2026-02-16 13:50:11,588 [ 290237]   INFO - STDOUT - Analyzing code 48%
2026-02-16 13:50:11,689 [ 290338]   INFO - STDOUT - Analyzing code 49%
2026-02-16 13:50:11,718 [ 290367]   INFO - STDOUT - Analyzing code 50%
2026-02-16 13:50:11,837 [ 290486]   INFO - STDOUT - Analyzing code 51%
2026-02-16 13:50:12,571 [ 291220]   INFO - #o.j.q.s.i.r.ConsoleLog - The Project analysis stage completed in 11s
2026-02-16 13:50:12,571 [ 291220]   INFO - STDOUT - The Project analysis stage completed in 11s
2026-02-16 13:50:12,596 [ 291245]   INFO - #c.i.d.c.m.DependencyAnalysisDescriber - Running Dependency Analysis project describer
2026-02-16 13:50:12,602 [ 291251]   INFO - #c.i.d.c.m.DependencyAnalysisDescriber - Writing file: /data/results/projectStructure/thirdPartySoftwareList.csv
2026-02-16 13:50:12,603 [ 291252]   INFO - #c.i.d.c.m.DependencyAnalysisDescriber - Writing file: /data/results/projectStructure/thirdPartySoftwareList.md
2026-02-16 13:50:12,603 [ 291252]   INFO - #c.i.d.c.m.DependencyAnalysisDescriber - Writing file: /data/results/projectStructure/thirdPartySoftwareList.xml
2026-02-16 13:50:12,604 [ 291253]   INFO - #c.i.d.c.m.DependencyAnalysisDescriber - Writing file: /data/results/projectStructure/thirdPartySoftwareList.json
2026-02-16 13:50:12,604 [ 291253]   INFO - #c.i.d.c.m.DependencyAnalysisDescriber - Writing file: /data/results/projectStructure/projectMetadata.json
2026-02-16 13:50:12,604 [ 291253]   INFO - #c.i.d.c.m.DependencyAnalysisDescriber - Writing file: /data/results/projectStructure/qodana.spdx.json
2026-02-16 13:50:12,604 [ 291253]   INFO - #c.i.d.c.m.DependencyAnalysisDescriber - Writing file: /data/results/projectStructure/licenseDict.json
2026-02-16 13:50:12,604 [ 291253]   INFO - #c.i.d.c.m.DependencyAnalysisDescriber - Writing file: /data/results/projectStructure/thirdPartySoftwareList.html
2026-02-16 13:50:12,604 [ 291253]   INFO - #c.i.d.c.m.DependencyAnalysisDescriber - Writing file: /data/results/projectStructure/licenseRules.json
2026-02-16 13:50:12,605 [ 291254]   INFO - #c.i.d.c.m.DependencyAnalysisDescriber - Writing file: /data/results/projectStructure/third-party-libraries.json
2026-02-16 13:50:12,785 [ 291434]   INFO - #o.j.q.s.s.n.RuntimeNotificationCollector$NotificationReportContributor - No tool errors to report to sarif file
2026-02-16 13:50:12,787 [ 291436]   WARN - #o.j.q.s.s.GitReportContributor - Unable to find the remote url, please set the environment variable QODANA_REMOTE_URL
2026-02-16 13:50:12,787 [ 291436]   WARN - #o.j.q.s.s.GitReportContributor - Unable to parse the repository url, please set the environment variable QODANA_REPO_URL, should start with https://
2026-02-16 13:50:12,840 [ 291489]   INFO - STDOUT - 
2026-02-16 13:50:12,840 [ 291489]   INFO - STDOUT - Qodana - Sanity summary
2026-02-16 13:50:12,840 [ 291489]   INFO - STDOUT - Analysis results: 5 problems detected
2026-02-16 13:50:12,840 [ 291489]   INFO - STDOUT - 5 suspicious problems were detected during Sanity Check. Probably there are some troubles with corresponding inspections. You may fix the problems or exclude the files containing them from the analysis
2026-02-16 13:50:12,841 [ 291490]   INFO - STDOUT - --------------------------------------------------------------------------------------------
2026-02-16 13:50:12,841 [ 291490]   INFO - STDOUT - File                                                    Inspection  Severity  Problems count
2026-02-16 13:50:12,841 [ 291490]   INFO - STDOUT - --------------------------------------------------------------------------------------------
2026-02-16 13:50:12,841 [ 291490]   INFO - STDOUT - OneClass1.java                                         Java sanity  Critical               4
2026-02-16 13:50:12,841 [ 291490]   INFO - STDOUT - оооооо1.java                                           Java sanity  Critical               1
2026-02-16 13:50:12,841 [ 291490]   INFO - STDOUT - --------------------------------------------------------------------------------------------
2026-02-16 13:50:12,841 [ 291490]   INFO - STDOUT - 
2026-02-16 13:50:12,841 [ 291490]   INFO - STDOUT - 
2026-02-16 13:50:12,841 [ 291490]   INFO - STDOUT - 
2026-02-16 13:50:12,843 [ 291492]   INFO - STDOUT - Qodana - Detailed summary
2026-02-16 13:50:12,843 [ 291492]   INFO - STDOUT - Analysis results: 245 problems detected
2026-02-16 13:50:12,843 [ 291492]   INFO - STDOUT - By severity: Critical - 31, High - 205, Moderate - 9
2026-02-16 13:50:12,843 [ 291492]   INFO - STDOUT - ----------------------------------------------------------------------------
2026-02-16 13:50:12,843 [ 291492]   INFO - STDOUT - Name                                                Severity  Problems count
2026-02-16 13:50:12,843 [ 291492]   INFO - STDOUT - ----------------------------------------------------------------------------
2026-02-16 13:50:12,843 [ 291492]   INFO - STDOUT - Overly complex class                                Critical              24
2026-02-16 13:50:12,843 [ 291492]   INFO - STDOUT - Overly coupled class                                Critical               5
2026-02-16 13:50:12,843 [ 291492]   INFO - STDOUT - Hardcoded passwords                                 Critical               1
2026-02-16 13:50:12,843 [ 291492]   INFO - STDOUT - Vulnerable declared dependency                      Critical               1
2026-02-16 13:50:12,843 [ 291492]   INFO - STDOUT - Single class import                                     High             141
2026-02-16 13:50:12,843 [ 291492]   INFO - STDOUT - Lombok @Getter may be used                              High              17
2026-02-16 13:50:12,844 [ 291493]   INFO - STDOUT - Unused assignment                                       High              11
2026-02-16 13:50:12,845 [ 291494]   INFO - STDOUT - Vulnerable declared dependency                          High               9
2026-02-16 13:50:12,845 [ 291494]   INFO - STDOUT - Field may be 'final'                                    High               8
2026-02-16 13:50:12,845 [ 291494]   INFO - STDOUT - Lombok @Setter may be used                              High               5
2026-02-16 13:50:12,846 [ 291495]   INFO - STDOUT - Method is identical to its super method                 High               3
2026-02-16 13:50:12,846 [ 291495]   INFO - STDOUT - Constant values                                         High               2
2026-02-16 13:50:12,847 [ 291496]   INFO - STDOUT - String comparison using '==', instead of 'equals()      High               2
2026-02-16 13:50:12,847 [ 291496]   INFO - STDOUT - '                                                                           
2026-02-16 13:50:12,847 [ 291496]   INFO - STDOUT - 'InputStream' and 'OutputStream' can be constructe      High               1
2026-02-16 13:50:12,847 [ 291496]   INFO - STDOUT - d using 'Files' methods                                                     
2026-02-16 13:50:12,850 [ 291499]   INFO - STDOUT - Call to 'printStackTrace()'                             High               1
2026-02-16 13:50:12,850 [ 291499]   INFO - STDOUT - Class naming convention                                 High               1
2026-02-16 13:50:12,850 [ 291499]   INFO - STDOUT - Non-final field in 'enum'                               High               1
2026-02-16 13:50:12,851 [ 291500]   INFO - STDOUT - Redundant 'String' operation                            High               1
2026-02-16 13:50:12,852 [ 291501]   INFO - STDOUT - Redundant call to 'String.format()'                     High               1
2026-02-16 13:50:12,852 [ 291501]   INFO - STDOUT - Redundant local variable                                High               1
2026-02-16 13:50:12,852 [ 291501]   INFO - STDOUT - Vulnerable declared dependency                      Moderate               6
2026-02-16 13:50:12,853 [ 291502]   INFO - STDOUT - Constant values                                     Moderate               2
2026-02-16 13:50:12,853 [ 291502]   INFO - STDOUT - Method can be extracted                             Moderate               1
2026-02-16 13:50:12,853 [ 291502]   INFO - STDOUT - ----------------------------------------------------------------------------
2026-02-16 13:50:12,853 [ 291502]   INFO - STDOUT - 
2026-02-16 13:50:12,853 [ 291502]   INFO - STDOUT - 
2026-02-16 13:50:12,853 [ 291502]   INFO - STDOUT - Qodana - Coverage summary
2026-02-16 13:50:12,853 [ 291502]   INFO - STDOUT - WARNING! No coverage was computed, probably coverage file does not match the sources. Please check your settings
2026-02-16 13:50:12,853 [ 291502]   INFO - STDOUT - 
2026-02-16 13:50:12,957 [ 291606]   INFO - #o.j.q.s.i.r.QodanaInspectionApplication - sessionId: 26021613-e8f8969f6529
2026-02-16 13:50:14,729 [ 293378]   INFO - STDOUT - The report is uploaded to https://qodana.cloud/projects/p45aW/reports/RvbvBK
2026-02-16 13:50:14,864 [ 293513]   INFO - #c.i.u.i.PersistentDirtyFilesQueue - Dirty file ids stored. Size: 0. Index: 0 Path: /data/cache/idea/253/index/dirty-file-queues/15375f63
2026-02-16 13:50:14,868 [ 293517]   INFO - #c.i.p.p.ProjectEntitiesStorage - Project ProjectId(id=ir2bh689u80khdsg40l6) is disposed, removing entity
2026-02-16 13:50:14,870 [ 293519]   INFO - #c.i.p.d.i.f.FrontendXBreakpointManager - Breakpoint removed for XBreakpointId(uid=1)
2026-02-16 13:50:14,871 [ 293520]   INFO - #c.i.p.d.i.f.FrontendXBreakpointManager - Breakpoint removed for XBreakpointId(uid=2)
2026-02-16 13:50:14,871 [ 293520]   INFO - #c.i.j.d.b.r.HostToClientMessagingSession - Shutting down client ClientId(value=Host) communication
2026-02-16 13:50:14,879 [ 293528]   INFO - #c.i.w.i.i.GlobalWorkspaceModel - Project java-basics is removed from the list of initializing and open projects. Project was disposed.
2026-02-16 13:50:14,902 [ 293551]   INFO - #c.i.c.b.CompilerReferenceServiceBase - backward reference index reader is closed (didn't exist)
2026-02-16 13:50:14,967 [ 293616]   INFO - #c.i.e.r.RemoteProcessSupport - Terminating: 127.0.0.1:35735/Maven36ServerImpl2dbd97c0
2026-02-16 13:50:14,967 [ 293616]   INFO - #c.i.e.r.RemoteProcessSupport - Remote process will terminate: null message = null
2026-02-16 13:50:14,980 [ 293629]   INFO - #c.i.w.i.i.j.s.JpsGlobalModelSynchronizerImpl - Saving global entities com.intellij.platform.workspace.jps.entities.SdkEntity to files
2026-02-16 13:50:14,980 [ 293629]   INFO - #c.i.w.i.i.j.s.JpsGlobalModelSynchronizerImpl - Saving global entities com.intellij.platform.workspace.jps.entities.LibraryEntity to files
2026-02-16 13:50:14,987 [ 293636]   INFO - #c.i.a.o.PathMacrosImpl - Saved path macros: {MAVEN_REPOSITORY=/data/cache/.m2}
2026-02-16 13:50:15,007 [ 293656]   INFO - #c.i.i.s.e.u.EventLogExternalUploader - Statistics. Started external process for uploading event log
2026-02-16 13:50:15,012 [ 293661]   INFO - #c.i.o.f.i.FileTypeDetectionService - 2601 auto-detected files. Detection took 1003 ms
2026-02-16 13:50:15,018 [ 293667]   INFO - #o.j.i.BuiltInServer - web server stopped
2026-02-16 13:50:15,020 [ 293669]   INFO - #c.i.u.i.FileBasedIndexImpl - Index dispose started
2026-02-16 13:50:15,027 [ 293676]   INFO - #c.i.u.i.PersistentDirtyFilesQueue - Dirty file ids stored. Size: 10. Index: 10 Path: /data/cache/idea/253/index/dirty-file-ids
2026-02-16 13:50:15,051 [ 293700]   INFO - #c.i.p.s.StubIndexImpl - StubIndexExtension-s were unloaded
2026-02-16 13:50:15,052 [ 293701]   INFO - #c.i.p.s.SerializationManagerImpl - Start shutting down /data/cache/idea/253/index/rep.names
2026-02-16 13:50:15,052 [ 293701]   INFO - #c.i.p.s.SerializationManagerImpl - Finished shutting down /data/cache/idea/253/index/rep.names
2026-02-16 13:50:15,055 [ 293704]   INFO - #c.i.u.i.FileBasedIndexImpl - Index dispose completed in 34ms.
2026-02-16 13:50:15,077 [ 293726]   INFO - #c.i.o.v.n.p.PersistentFSImpl - VFS dispose started
2026-02-16 13:50:15,077 [ 293726]   INFO - #c.i.o.v.n.p.FSRecordsImpl - VFS closing
2026-02-16 13:50:15,079 [ 293728]   INFO - #c.i.o.v.n.p.PersistentFSImpl - VFS dispose completed in 1 ms.
2026-02-16 13:50:15,097 [ 293746]   INFO - #c.i.p.i.b.AppStarter - ------------------------------------------------------ IDE SHUTDOWN ------------------------------------------------------
