# OpenTelemetry Metrics report: .csv, 4 fields: 
# <metric name>, <period start, nanoseconds>, <period end, nanoseconds>, <metric value>
# See CsvMetricsExporter for details.
# 
# NAME, PERIOD_START_NANOS, PERIOD_END_NANOS, VALUE
JVM.totalTimeAtSafepointsMs,1771249522045000000,1771249582049000000,498
JVM.maxHeapBytes,1771249522045000000,1771249582049000000,28840034304
JVM.GC.collectionTimesMs,1771249522045000000,1771249582049000000,387
OS.loadAverage,1771249522045000000,1771249582049000000,3.15185546875
JVM.totalDirectByteBuffersBytes,1771249522045000000,1771249582049000000,644630556
JVM.GC.collections,1771249522045000000,1771249582049000000,49
JVM.usedHeapBytes,1771249522045000000,1771249582049000000,988326344
MEM.fileMappingsRamBytes,1771249522045000000,1771249582049000000,700010496
JVM.maxThreadCount,1771249522045000000,1771249582049000000,192
JVM.usedNativeBytes,1771249522045000000,1771249582049000000,462112288
MEM.ramMinusFileMappingsBytes,1771249522045000000,1771249582049000000,2663534592
MEM.ramBytes,1771249522045000000,1771249582049000000,3363545088
JVM.committedHeapBytes,1771249522045000000,1771249582049000000,1308622848
JVM.newThreadsCount,1771249522045000000,1771249582049000000,429
JVM.totalBytesAllocated,1771249522045000000,1771249582049000000,8416022456
JVM.totalCpuTimeMs,1771249522045000000,1771249582049000000,84450
JVM.totalSafepointCount,1771249522045000000,1771249582049000000,381
MEM.ramPlusSwapMinusFileMappingsBytes,1771249522045000000,1771249582049000000,2663534592
JVM.totalTimeToSafepointsMs,1771249522045000000,1771249582049000000,243
JVM.threadCount,1771249522045000000,1771249582049000000,164
compiler.ArtifactManagerBridge.commit.ms,1771249522045000000,1771249582049000000,3
compiler.ArtifactModifiableModelBridge.getArtifactsByType.ms,1771249522045000000,1771249582049000000,0
compiler.ArtifactManagerBridge.getArtifactsByType.ms,1771249522045000000,1771249582049000000,0
compiler.ArtifactModifiableModelBridge.getArtifacts.ms,1771249522045000000,1771249582049000000,0
compiler.ArtifactVirtualFileListener.propertyChanged.ms,1771249522045000000,1771249582049000000,0
compiler.ArtifactModifiableModelBridge.commit.ms,1771249522045000000,1771249582049000000,3
compiler.ArtifactManagerBridge.dropMappings.ms,1771249522045000000,1771249582049000000,0
compiler.ArtifactModifiableModelBridge.addArtifact.ms,1771249522045000000,1771249582049000000,0
compiler.ArtifactVirtualFileListener.filePathChanged.ms,1771249522045000000,1771249582049000000,0
compiler.ArtifactManagerBridge.initBridges.ms,1771249522045000000,1771249582049000000,0
compiler.ArtifactManagerBridge.addArtifact.ms,1771249522045000000,1771249582049000000,0
compiler.ArtifactManagerBridge.findArtifact.ms,1771249522045000000,1771249582049000000,0
compiler.ArtifactModifiableModelBridge.findArtifacts.ms,1771249522045000000,1771249582049000000,0
compiler.ArtifactModifiableModelBridge.dispose.ms,1771249522045000000,1771249582049000000,0
compiler.ArtifactManagerBridge.getArtifacts.ms,1771249522045000000,1771249582049000000,0
workspaceModel.delayed.project.synchronizer.sync.ms,1771249522045000000,1771249582049000000,0
jps.reload.project.entities.ms,1771249522045000000,1771249582049000000,0
workspaceModel.sync.entities.ms,1771249522045000000,1771249582049000000,2
jps.load.initial.state.ms,1771249522045000000,1771249582049000000,10
jps.module.iml.entities.serializer.load.entities.ms,1771249522045000000,1771249582049000000,25
jps.modifiable.module.model.bridge.new.module.ms,1771249522045000000,1771249582049000000,11
jps.storage.jps.conf.reader.load.component.ms,1771249522045000000,1771249582049000000,5
jps.apply.loaded.storage.ms,1771249522045000000,1771249582049000000,56
jps.facet.change.listener.before.change.events.ms,1771249522045000000,1771249582049000000,0
workspaceModel.mutableEntityStorage.resolve.ms,1771249522045000000,1771249582049000000,1
jps.artifact.entities.serializer.load.entities.ms,1771249522045000000,1771249582049000000,1
workspaceModel.mutableEntityStorage.add.entity.ms,1771249522045000000,1771249582049000000,75
workspaceModel.mutableEntityStorage.to.snapshot.ms,1771249522045000000,1771249582049000000,2
workspaceModel.mutableEntityStorage.changeLog.addReplaceEventForNewParent.ms,1771249522045000000,1771249582049000000,0
jps.modifiable.module.model.bridge.load.module.ms,1771249522045000000,1771249582049000000,0
workspaceModel.load.cache.metadata.from.file.ms,1771249522045000000,1771249582049000000,0
workspaceModel.do.save.caches.ms,1771249522045000000,1771249582049000000,74
workspaceModel.mutableEntityStorage.put.entity.ms,1771249522045000000,1771249582049000000,31
workspaceModel.moduleManagerBridge.new.nonPersistent.module.ms,1771249522045000000,1771249582049000000,0
workspaceModel.mutableEntityStorage.entities.ms,1771249522045000000,1771249582049000000,2
jps.save.global.entities.ms,1771249522045000000,1771249582049000000,0
workspaceModel.orphan.listener.update.ms,1771249522045000000,1771249582049000000,8
jps.global.get.library.by.name.ms,1771249522045000000,1771249582049000000,0
jps.library.entities.serializer.save.entities.ms,1771249522045000000,1771249582049000000,0
jps.library.entities.serializer.load.entities.ms,1771249522045000000,1771249582049000000,1
jps.app.storage.content.reader.load.component.ms,1771249522045000000,1771249582049000000,1
workspaceModel.moduleManagerBridge.create.module.instance.ms,1771249522045000000,1771249582049000000,6
jps.global.get.libraries.ms,1771249522045000000,1771249582049000000,0
jps.global.handle.changed.events.ms,1771249522045000000,1771249582049000000,0
workspaceModel.mutableEntityStorage.remove.entity.ms,1771249522045000000,1771249582049000000,3
workspaceModel.mutableEntityStorage.hasReferrers.ms,1771249522045000000,1771249582049000000,0
jps.save.changed.project.entities.ms,1771249522045000000,1771249582049000000,0
workspaceModel.moduleManagerBridge.get.modules.ms,1771249522045000000,1771249582049000000,0
workspaceModel.moduleManagerBridge.load.all.modules.ms,1771249522045000000,1771249582049000000,2
jps.global.get.library.ms,1771249522045000000,1771249582049000000,0
workspaceModel.mutableEntityStorage.changeLog.addReplaceEventForRemovedParent.ms,1771249522045000000,1771249582049000000,0
workspaceModel.mutableEntityStorage.referrers.ms,1771249522045000000,1771249582049000000,0
jps.global.initialize.library.bridges.after.loading.ms,1771249522045000000,1771249582049000000,0
workspaceModel.save.cache.to.file.ms,1771249522045000000,1771249582049000000,245
workspaceModel.mutableEntityStorage.mutable.vfurl.index.ms,1771249522045000000,1771249582049000000,0
workspaceModel.mutableEntityStorage.replace.by.source.ms,1771249522045000000,1771249582049000000,35
workspaceModel.mutableEntityStorage.modify.entity.ms,1771249522045000000,1771249582049000000,49
workspaceModel.mutableEntityStorage.collect.changes.ms,1771249522045000000,1771249582049000000,2
workspaceModel.mutableEntityStorage.changeLog.addReplaceEventForNewChild.ms,1771249522045000000,1771249582049000000,2
workspaceModel.moduleManagerBridge.newModule.ms,1771249522045000000,1771249582049000000,19
workspaceModel.mutableEntityStorage.has.same.entities.ms,1771249522045000000,1771249582049000000,1
jps.global.handle.before.change.events.ms,1771249522045000000,1771249582049000000,0
workspaceModel.moduleManagerBridge.load.module.ms,1771249522045000000,1771249582049000000,0
workspaceModel.global.apply.state.to.project.builder.ms,1771249522045000000,1771249582049000000,5
jps.artifact.entities.serializer.save.entities.ms,1771249522045000000,1771249582049000000,0
jps.facet.change.listener.process.change.events.ms,1771249522045000000,1771249582049000000,1
workspaceModel.moduleBridge.update.option.ms,1771249522045000000,1771249582049000000,1
jps.project.serializers.load.ms,1771249522045000000,1771249582049000000,41
jps.module.dependency.index.workspace.model.listener.on.changed.ms,1771249522045000000,1771249582049000000,6
workspaceModel.moduleBridge.before.changed.ms,1771249522045000000,1771249582049000000,0
workspaceModel.moduleBridgeLoader.loading.modules.ms,1771249522045000000,1771249582049000000,100
workspaceModel.global.updates.count,1771249522045000000,1771249582049000000,3
workspaceModel.moduleBridge.facet.initialization.ms,1771249522045000000,1771249582049000000,0
workspaceModel.mutableEntityStorage.instances.count,1771249522045000000,1771249582049000000,88
workspaceModel.mutableEntityStorage.apply.changes.from.ms,1771249522045000000,1771249582049000000,11
jps.global.initialize.library.bridges.ms,1771249522045000000,1771249582049000000,1
workspaceModel.mutableEntityStorage.changeLog.addReplaceEventForRemovedChild.ms,1771249522045000000,1771249582049000000,1
workspaceModel.mutableEntityStorage.entities.by.source.ms,1771249522045000000,1771249582049000000,0
workspaceModel.moduleManagerBridge.set.unloadedModules.ms,1771249522045000000,1771249582049000000,0
jps.module.iml.entities.serializer.save.entities.ms,1771249522045000000,1771249582049000000,0
workspaceModel.load.cache.from.file.ms,1771249522045000000,1771249582049000000,0
jps.facet.change.listener.init.bridge.ms,1771249522045000000,1771249582049000000,2
jps.project.serializers.save.ms,1771249522045000000,1771249582049000000,0
jps.modifiable.module.model.bridge.renaming.ms,1771249522045000000,1771249582049000000,0
workspaceModel.global.apply.state.to.project.ms,1771249522045000000,1771249582049000000,6
workspaceModel.mutableEntityStorage.mutable.ext.mapping.ms,1771249522045000000,1771249582049000000,1
workspaceModel.global.updates.ms,1771249522045000000,1771249582049000000,19
jps.load.project.to.empty.storage.ms,1771249522045000000,1771249582049000000,98
workspaceModel.moduleManagerBridge.build.module.graph.ms,1771249522045000000,1771249582049000000,2
jps.modifiable.module.model.bridge.disposing.ms,1771249522045000000,1771249582049000000,0
cacheStateStorage.get.duration,1771249522045000000,1771249582049000000,0
cacheStateStorage.set.duration,1771249522045000000,1771249582049000000,44
cacheStateStorage.set.counter,1771249522045000000,1771249582049000000,3
cacheStateStorage.get.counter,1771249522045000000,1771249582049000000,18
FilePageCache.pageFastCacheHits,1771249522045000000,1771249582049000000,2756170
StorageLockContext.competingThreads.max,1771249522045000000,1771249582049000000,3
DirectByteBufferAllocator.disposed,1771249522045000000,1771249582049000000,0
DirectByteBufferAllocator.totalSizeOfBuffersAllocatedInBytes,1771249522045000000,1771249582049000000,630194176
StreamlinedBlobStorage.recordsRelocated,1771249522045000000,1771249582049000000,0
MappedFileStorage.totalBytesMapped,1771249522045000000,1771249582049000000,202637312
MappedFileStorage.storages,1771249522045000000,1771249582049000000,16
FilePageCache.capacityInBytes,1771249522045000000,1771249582049000000,629145600
DirectByteBufferAllocator.totalSizeOfBuffersCachedInBytes,1771249522045000000,1771249582049000000,1048576
FilePageCache.totalPageLoadsUs,1771249522045000000,1771249582049000000,451389
FilePageCache.maxRegisteredFiles,1771249522045000000,1771249582049000000,1824
StreamlinedBlobStorage.recordsDeleted,1771249522045000000,1771249582049000000,18
DirectByteBufferAllocator.reclaimed,1771249522045000000,1771249582049000000,500
FilePageCache.disposedBuffers,1771249522045000000,1771249582049000000,500
FilePageCache.pageLoadsAboveSizeThreshold,1771249522045000000,1771249582049000000,498
FilePageCache.uncachedFileAccess,1771249522045000000,1771249582049000000,1967
StorageLockContext.competingThreads.90P,1771249522045000000,1771249582049000000,0
StorageLockContext.competingThreads.avg,1771249522045000000,1771249582049000000,0.06779661016949153
DirectByteBufferAllocator.misses,1771249522045000000,1771249582049000000,601
FileChannelInterruptsRetryer.totalRetriedAttempts,1771249522045000000,1771249582049000000,0
FilePageCache.pageLoads,1771249522045000000,1771249582049000000,602
StreamlinedBlobStorage.recordsAllocated,1771249522045000000,1771249582049000000,68854
FilePageCache.totalPageDisposalsUs,1771249522045000000,1771249582049000000,2049
DirectByteBufferAllocator.hits,1771249522045000000,1771249582049000000,499
FilePageCache.maxCacheSizeInBytes,1771249522045000000,1771249582049000000,629145600
StreamlinedBlobStorage.totalLiveRecordsCapacityBytes,1771249522045000000,1771249582049000000,6500279
StreamlinedBlobStorage.totalLiveRecordsPayloadBytes,1771249522045000000,1771249582049000000,3406069
FilePageCache.pageHits,1771249522045000000,1771249582049000000,0
MappedFileStorage.totalTimeSpentOnMappingUs,1771249522045000000,1771249582049000000,225580
MappedFileStorage.totalPagesMapped,1771249522045000000,1771249582049000000,16
VFS.cache.segments,1771249522045000000,1771249582049000000,167.0
VFS.fileByIdCache.misses,1771249522045000000,1771249582049000000,9
VFS.invertedFileNameIndex.requests,1771249522045000000,1771249582049000000,12
VFS.fileChildByName,1771249522045000000,1771249582049000000,17213
VFS.fileByIdCache.hits,1771249522045000000,1771249582049000000,1
VFS.contentStorage.recordsStoredCompressed,1771249522045000000,1771249582049000000,12
FileNameCache.totalMisses,1771249522045000000,1771249582049000000,28672
VFS.cache.filesCreated,1771249522045000000,1771249582049000000,129476
VFS.contentStorage.recordsReadSize,1771249522045000000,1771249582049000000,1025438
VFS.contentStorage.recordsUncompressedSize,1771249522045000000,1771249582049000000,593686
FileNameCache.queries,1771249522045000000,1771249582049000000,3536384
VFS.rootsCount,1771249522045000000,1771249582049000000,210.0
VFS.contentStorage.recordsDecompressionTimeUs,1771249522045000000,1771249582049000000,10522
VFS.contentStorage.recordsRead,1771249522045000000,1771249582049000000,39
VFS.contentStorage.recordsStored,1771249522045000000,1771249582049000000,51
VFS.cache.segmentsCreated,1771249522045000000,1771249582049000000,168
VFS.contentStorage.recordsStoredSize,1771249522045000000,1771249582049000000,274741
VFS.contentStorage.recordsReadDecompressed,1771249522045000000,1771249582049000000,17
VFS.cache.directoriesCreated,1771249522045000000,1771249582049000000,4587
VFS.folderCaseSensitivityReads,1771249522045000000,1771249582049000000,323
VFS.contentStorage.recordsDeduplicated,1771249522045000000,1771249582049000000,6
Indexing.cache.totalCacheMisses,1771249522045000000,1771249582049000000,681231
Indexing.writesQueuedMax,1771249522045000000,1771249582049000000,1395
Indexes.entries.lookupDuration90PMs,1771249522045000000,1771249582049000000,1.0
Indexing.writesQueuedAvg,1771249522045000000,1771249582049000000,41.53211009174312
Indexing.writer_1.totalTimeSpentWritingMs,1771249522045000000,1771249582049000000,483
Indexing.writer_0.totalTimeSpentWritingMs,1771249522045000000,1771249582049000000,461
Indexes.entries.lookups,1771249522045000000,1771249582049000000,20
Indexes.allKeys.lookupDurationMaxMs,1771249522045000000,1771249582049000000,12.0
Indexes.entries.lookupDurationMaxMs,1771249522045000000,1771249582049000000,12.0
Indexing.cache.totalCacheEvicted,1771249522045000000,1771249582049000000,680097
Indexes.stubs.lookupDurationMaxMs,1771249522045000000,1771249582049000000,4.0
Indexes.entries.lookupDurationAvgMs,1771249522045000000,1771249582049000000,1.0
Indexes.allKeys.lookupDuration90PMs,1771249522045000000,1771249582049000000,12.0
Indexes.stubs.lookups,1771249522045000000,1771249582049000000,2569
Indexes.allKeys.lookups,1771249522045000000,1771249582049000000,2
Indexes.stubs.lookupDurationAvgMs,1771249522045000000,1771249582049000000,0.02452316076294278
Indexing.totalTimeIndexersSleptMs,1771249522045000000,1771249582049000000,7925
Indexing.writer_2.totalTimeSpentWritingMs,1771249522045000000,1771249582049000000,2392
Indexes.stubs.lookupDuration90PMs,1771249522045000000,1771249582049000000,0.0
Indexes.allKeys.lookupDurationAvgMs,1771249522045000000,1771249582049000000,6.0
Indexing.cache.totalCacheAccesses,1771249522045000000,1771249582049000000,1146332
Indexing.writer_3.totalTimeSpentWritingMs,1771249522045000000,1771249582049000000,3701
Indexing.writesQueuedMin,1771249522045000000,1771249582049000000,0
workspaceModel.entityStorageSnapshotImpl.instances.count,1771249522045000000,1771249582049000000,64
workspaceModel.updates.count,1771249522045000000,1771249582049000000,17
workspaceModel.workspaceFileIndexContributor.registerFileSets.ms,1771249522045000000,1771249582049000000,26
workspaceModel.init.bridges.ms,1771249522045000000,1771249582049000000,23
workspaceModel.workspaceFileIndexData.getDirectoriesByPackageName.ms,1771249522045000000,1771249582049000000,0
workspaceModel.collect.changes.ms,1771249522045000000,1771249582049000000,0
workspaceModel.workspaceFileIndexData.getFileInfo.ms,1771249522045000000,1771249582049000000,425
workspaceModel.cachedValue.total.get.count,1771249522045000000,1771249582049000000,2758
workspaceModel.updates.precise.ms,1771249522045000000,1771249582049000000,25
workspaceModel.on.before.changed.ms,1771249522045000000,1771249582049000000,54
workspaceModel.pre.handlers.ms,1771249522045000000,1771249582049000000,4
workspaceModel.workspaceFileIndexData.updateDirtyEntities.ms,1771249522045000000,1771249582049000000,0
workspaceModel.workspaceFileIndexData.processFileSets.ms,1771249522045000000,1771249582049000000,0
workspaceModel.cachedValue.clear.count,1771249522045000000,1771249582049000000,2
workspaceModel.loading.from.cache.ms,1771249522045000000,1771249582049000000,0
workspaceModel.cachedValueWithParameters.from.cache.count,1771249522045000000,1771249582049000000,0
workspaceModel.cachedValueWithParameters.total.get.count,1771249522045000000,1771249582049000000,0
workspaceModel.cachedValue.from.cache.count,1771249522045000000,1771249582049000000,2604
workspaceModel.workspaceFileIndexData.onEntitiesChanged.ms,1771249522045000000,1771249582049000000,30
workspaceModel.workspaceFileIndexData.init.ms,1771249522045000000,1771249582049000000,3
workspaceModel.cachedValueWithParameters.clear.count,1771249522045000000,1771249582049000000,0
workspaceModel.workspaceFileIndexData.getPackageName.ms,1771249522045000000,1771249582049000000,0
workspaceModel.update.unloaded.entities.ms,1771249522045000000,1771249582049000000,0
workspaceModel.to.snapshot.ms,1771249522045000000,1771249582049000000,0
workspaceModel.check.recursive.update.ms,1771249522045000000,1771249582049000000,2
workspaceModel.updates.ms,1771249522045000000,1771249582049000000,167
workspaceModel.full.replace.project.model.ms,1771249522045000000,1771249582049000000,52
workspaceModel.cachedValueWithParameters.calculated.count,1771249522045000000,1771249582049000000,0
workspaceModel.workspaceFileIndexData.visitFileSets.ms,1771249522045000000,1771249582049000000,89
workspaceModel.cachedValue.calculated.count,1771249522045000000,1771249582049000000,154
workspaceModel.initializing.ms,1771249522045000000,1771249582049000000,18
workspaceModel.on.changed.ms,1771249522045000000,1771249582049000000,127
workspaceModel.loading.total.ms,1771249522045000000,1771249582049000000,2
workspaceModel.workspaceFileIndexData.markDirty.ms,1771249522045000000,1771249582049000000,0
workspaceModel.workspaceFileIndexData.instances.count,1771249522045000000,1771249582049000000,1
workspaceModel.replace.project.model.ms,1771249522045000000,1771249582049000000,50
parser.Flow.JS.size.bytes,1771249522045000000,1771249582049000000,140172
parser.SCSS.size.bytes,1771249522045000000,1771249582049000000,21698
parser.JSON.time.ns,1771249522045000000,1771249582049000000,9981751
parser.ECMAScript.6.time.ns,1771249522045000000,1771249582049000000,152267345
lexer.SCSS.time.ns,1771249522045000000,1771249582049000000,23830499
lexer.JSON.time.ns,1771249522045000000,1771249582049000000,5913666
parser.XML.time.ns,1771249522045000000,1771249582049000000,9471792
lexer.JSON.size.bytes,1771249522045000000,1771249582049000000,503
lexer.Lombok.Config.time.ns,1771249522045000000,1771249582049000000,206125
LowMemory.gcOverloaded,1771249522045000000,1771249582049000000,0
writeAction.wait.ms,1771249522045000000,1771249582049000000,319
DiskQueryRelay.tasksRequested,1771249522045000000,1771249582049000000,53779
parser.Flow.JS.time.ns,1771249522045000000,1771249582049000000,543944125
lexer.Groovy.time.ns,1771249522045000000,1771249582049000000,6490378
writeAction.max.wait.ms,1771249522045000000,1771249582049000000,158
lexer.XML.time.ns,1771249522045000000,1771249582049000000,2148917
writeAction.median.wait.ms,1771249522045000000,1771249582049000000,300
parser.SCSS.time.ns,1771249522045000000,1771249582049000000,79298963
lexer.Flow.JS.size.bytes,1771249522045000000,1771249582049000000,140172
lexer.JAVA.size.bytes,1771249522045000000,1771249582049000000,437226
parser.HTML.time.ns,1771249522045000000,1771249582049000000,3777292
parser.Lombok.Config.time.ns,1771249522045000000,1771249582049000000,239166
parser.ECMAScript.6.size.bytes,1771249522045000000,1771249582049000000,1629391
parser.Lombok.Config.size.bytes,1771249522045000000,1771249582049000000,137
lexer.HTML.size.bytes,1771249522045000000,1771249582049000000,52923
parser.JSON.size.bytes,1771249522045000000,1771249582049000000,503
lexer.Lombok.Config.size.bytes,1771249522045000000,1771249582049000000,137
parser.CSS.size.bytes,1771249522045000000,1771249582049000000,9375
lexer.XML.size.bytes,1771249522045000000,1771249582049000000,39199
parser.XML.size.bytes,1771249522045000000,1771249582049000000,39199
parser.Groovy.time.ns,1771249522045000000,1771249582049000000,64601204
lexer.HTML.time.ns,1771249522045000000,1771249582049000000,15706583
parser.Groovy.size.bytes,1771249522045000000,1771249582049000000,12777
writeAction.count,1771249522045000000,1771249582049000000,74
lexer.JAVA.time.ns,1771249522045000000,1771249582049000000,88532429
DiskQueryRelay.taskExecutionTotalTimeUs,1771249522045000000,1771249582049000000,5710779
lexer.SCSS.size.bytes,1771249522045000000,1771249582049000000,21698
lexer.Groovy.size.bytes,1771249522045000000,1771249582049000000,12777
parser.CSS.time.ns,1771249522045000000,1771249582049000000,6901415
lexer.ECMAScript.6.size.bytes,1771249522045000000,1771249582049000000,408378
parser.HTML.size.bytes,1771249522045000000,1771249582049000000,52923
DiskQueryRelay.tasksExecuted,1771249522045000000,1771249582049000000,53779
parser.JAVA.size.bytes,1771249522045000000,1771249582049000000,658114
lexer.ECMAScript.6.time.ns,1771249522045000000,1771249582049000000,34671083
lexer.CSS.time.ns,1771249522045000000,1771249582049000000,671121
lexer.CSS.size.bytes,1771249522045000000,1771249582049000000,9375
parser.JAVA.time.ns,1771249522045000000,1771249582049000000,407744584
lexer.Flow.JS.time.ns,1771249522045000000,1771249582049000000,80561709
DiskQueryRelay.taskWaitingTotalTimeUs,1771249522045000000,1771249582049000000,8844673
LowMemory.gcLoad,1771249522045000000,1771249582049000000,0.0
NonBlockingReadAction.finalizedExecutionsCount,1771249522045000000,1771249582049000000,112
FlushQueue.waitingTime90PNs,1771249522045000000,1771249582049000000,544767
FlushQueue.tasksExecuted,1771249522045000000,1771249582049000000,4051
AWTEventQueue.dispatchTimeMaxNs,1771249522045000000,1771249582049000000,455081983
AWTEventQueue.dispatchTimeTotalNS,1771249522045000000,1771249582049000000,3022751261
FlushQueue.waitingTimeMaxNs,1771249522045000000,1771249582049000000,469762047
FlushQueue.executionTimeMaxNs,1771249522045000000,1771249582049000000,28319940607
FlushQueue.queueSizeAvg,1771249522045000000,1771249582049000000,0.3974327326586028
FlushQueue.queueSizeMax,1771249522045000000,1771249582049000000,28
NonBlockingReadAction.failedExecutionTimeUs,1771249522045000000,1771249582049000000,142193
WriteAction.executionsCount,1771249522045000000,1771249582049000000,74
FlushQueue.queueSize90P,1771249522045000000,1771249582049000000,1
ReadAction.executionsCount,1771249522045000000,1771249582049000000,346836
AWTEventQueue.eventsDispatched,1771249522045000000,1771249582049000000,7466
FlushQueue.executionTimeAvgNs,1771249522045000000,1771249582049000000,7736201.976795853
NonBlockingReadAction.failedExecutionsCount,1771249522045000000,1771249582049000000,8
FlushQueue.executionTime90PNs,1771249522045000000,1771249582049000000,183295
AWTEventQueue.dispatchTime90PNs,1771249522045000000,1771249582049000000,175103
NonBlockingReadAction.finalizedExecutionTimeUs,1771249522045000000,1771249582049000000,596393
AWTEventQueue.dispatchTimeAvgNs,1771249522045000000,1771249582049000000,404945.9480310742
FlushQueue.waitingTimeAvgNs,1771249522045000000,1771249582049000000,4588744.748950876
JVM.totalTimeAtSafepointsMs,1771249582049000000,1771249642048000000,25
JVM.maxHeapBytes,1771249582049000000,1771249642048000000,28840034304
JVM.GC.collectionTimesMs,1771249582049000000,1771249642048000000,23
OS.loadAverage,1771249582049000000,1771249642048000000,2.42236328125
JVM.totalDirectByteBuffersBytes,1771249582049000000,1771249642048000000,631560805
JVM.GC.collections,1771249582049000000,1771249642048000000,1
JVM.usedHeapBytes,1771249582049000000,1771249642048000000,389574960
MEM.fileMappingsRamBytes,1771249582049000000,1771249642048000000,700411904
JVM.maxThreadCount,1771249582049000000,1771249642048000000,192
JVM.usedNativeBytes,1771249582049000000,1771249642048000000,467448976
MEM.ramMinusFileMappingsBytes,1771249582049000000,1771249642048000000,2659270656
MEM.ramBytes,1771249582049000000,1771249642048000000,3359682560
JVM.committedHeapBytes,1771249582049000000,1771249642048000000,1308622848
JVM.newThreadsCount,1771249582049000000,1771249642048000000,3
JVM.totalBytesAllocated,1771249582049000000,1771249642048000000,58506464
JVM.totalCpuTimeMs,1771249582049000000,1771249642048000000,3120
JVM.totalSafepointCount,1771249582049000000,1771249642048000000,35
MEM.ramPlusSwapMinusFileMappingsBytes,1771249582049000000,1771249642048000000,2659270656
JVM.totalTimeToSafepointsMs,1771249582049000000,1771249642048000000,4
JVM.threadCount,1771249582049000000,1771249642048000000,55
compiler.ArtifactManagerBridge.commit.ms,1771249582049000000,1771249642048000000,0
compiler.ArtifactModifiableModelBridge.getArtifactsByType.ms,1771249582049000000,1771249642048000000,0
compiler.ArtifactManagerBridge.getArtifactsByType.ms,1771249582049000000,1771249642048000000,0
compiler.ArtifactModifiableModelBridge.getArtifacts.ms,1771249582049000000,1771249642048000000,0
compiler.ArtifactVirtualFileListener.propertyChanged.ms,1771249582049000000,1771249642048000000,0
compiler.ArtifactModifiableModelBridge.commit.ms,1771249582049000000,1771249642048000000,3
compiler.ArtifactManagerBridge.dropMappings.ms,1771249582049000000,1771249642048000000,0
compiler.ArtifactModifiableModelBridge.addArtifact.ms,1771249582049000000,1771249642048000000,0
compiler.ArtifactVirtualFileListener.filePathChanged.ms,1771249582049000000,1771249642048000000,0
compiler.ArtifactManagerBridge.initBridges.ms,1771249582049000000,1771249642048000000,0
compiler.ArtifactManagerBridge.addArtifact.ms,1771249582049000000,1771249642048000000,0
compiler.ArtifactManagerBridge.findArtifact.ms,1771249582049000000,1771249642048000000,0
compiler.ArtifactModifiableModelBridge.findArtifacts.ms,1771249582049000000,1771249642048000000,0
compiler.ArtifactModifiableModelBridge.dispose.ms,1771249582049000000,1771249642048000000,0
compiler.ArtifactManagerBridge.getArtifacts.ms,1771249582049000000,1771249642048000000,0
workspaceModel.delayed.project.synchronizer.sync.ms,1771249582049000000,1771249642048000000,0
jps.reload.project.entities.ms,1771249582049000000,1771249642048000000,0
workspaceModel.sync.entities.ms,1771249582049000000,1771249642048000000,0
jps.load.initial.state.ms,1771249582049000000,1771249642048000000,0
jps.module.iml.entities.serializer.load.entities.ms,1771249582049000000,1771249642048000000,0
jps.modifiable.module.model.bridge.new.module.ms,1771249582049000000,1771249642048000000,0
jps.storage.jps.conf.reader.load.component.ms,1771249582049000000,1771249642048000000,0
jps.apply.loaded.storage.ms,1771249582049000000,1771249642048000000,0
jps.facet.change.listener.before.change.events.ms,1771249582049000000,1771249642048000000,0
workspaceModel.mutableEntityStorage.resolve.ms,1771249582049000000,1771249642048000000,0
jps.artifact.entities.serializer.load.entities.ms,1771249582049000000,1771249642048000000,0
workspaceModel.mutableEntityStorage.add.entity.ms,1771249582049000000,1771249642048000000,0
workspaceModel.mutableEntityStorage.to.snapshot.ms,1771249582049000000,1771249642048000000,0
workspaceModel.mutableEntityStorage.changeLog.addReplaceEventForNewParent.ms,1771249582049000000,1771249642048000000,0
jps.modifiable.module.model.bridge.load.module.ms,1771249582049000000,1771249642048000000,0
workspaceModel.load.cache.metadata.from.file.ms,1771249582049000000,1771249642048000000,0
workspaceModel.do.save.caches.ms,1771249582049000000,1771249642048000000,0
workspaceModel.mutableEntityStorage.put.entity.ms,1771249582049000000,1771249642048000000,0
workspaceModel.moduleManagerBridge.new.nonPersistent.module.ms,1771249582049000000,1771249642048000000,0
workspaceModel.mutableEntityStorage.entities.ms,1771249582049000000,1771249642048000000,0
jps.save.global.entities.ms,1771249582049000000,1771249642048000000,0
workspaceModel.orphan.listener.update.ms,1771249582049000000,1771249642048000000,0
jps.global.get.library.by.name.ms,1771249582049000000,1771249642048000000,0
jps.library.entities.serializer.save.entities.ms,1771249582049000000,1771249642048000000,0
jps.library.entities.serializer.load.entities.ms,1771249582049000000,1771249642048000000,0
jps.app.storage.content.reader.load.component.ms,1771249582049000000,1771249642048000000,0
workspaceModel.moduleManagerBridge.create.module.instance.ms,1771249582049000000,1771249642048000000,0
jps.global.get.libraries.ms,1771249582049000000,1771249642048000000,0
jps.global.handle.changed.events.ms,1771249582049000000,1771249642048000000,0
workspaceModel.mutableEntityStorage.remove.entity.ms,1771249582049000000,1771249642048000000,0
workspaceModel.mutableEntityStorage.hasReferrers.ms,1771249582049000000,1771249642048000000,0
jps.save.changed.project.entities.ms,1771249582049000000,1771249642048000000,0
workspaceModel.moduleManagerBridge.get.modules.ms,1771249582049000000,1771249642048000000,0
workspaceModel.moduleManagerBridge.load.all.modules.ms,1771249582049000000,1771249642048000000,0
jps.global.get.library.ms,1771249582049000000,1771249642048000000,0
workspaceModel.mutableEntityStorage.changeLog.addReplaceEventForRemovedParent.ms,1771249582049000000,1771249642048000000,0
workspaceModel.mutableEntityStorage.referrers.ms,1771249582049000000,1771249642048000000,0
jps.global.initialize.library.bridges.after.loading.ms,1771249582049000000,1771249642048000000,0
workspaceModel.save.cache.to.file.ms,1771249582049000000,1771249642048000000,0
workspaceModel.mutableEntityStorage.mutable.vfurl.index.ms,1771249582049000000,1771249642048000000,0
workspaceModel.mutableEntityStorage.replace.by.source.ms,1771249582049000000,1771249642048000000,0
workspaceModel.mutableEntityStorage.modify.entity.ms,1771249582049000000,1771249642048000000,0
workspaceModel.mutableEntityStorage.collect.changes.ms,1771249582049000000,1771249642048000000,0
workspaceModel.mutableEntityStorage.changeLog.addReplaceEventForNewChild.ms,1771249582049000000,1771249642048000000,0
workspaceModel.moduleManagerBridge.newModule.ms,1771249582049000000,1771249642048000000,0
workspaceModel.mutableEntityStorage.has.same.entities.ms,1771249582049000000,1771249642048000000,0
jps.global.handle.before.change.events.ms,1771249582049000000,1771249642048000000,0
workspaceModel.moduleManagerBridge.load.module.ms,1771249582049000000,1771249642048000000,0
workspaceModel.global.apply.state.to.project.builder.ms,1771249582049000000,1771249642048000000,0
jps.artifact.entities.serializer.save.entities.ms,1771249582049000000,1771249642048000000,0
jps.facet.change.listener.process.change.events.ms,1771249582049000000,1771249642048000000,0
workspaceModel.moduleBridge.update.option.ms,1771249582049000000,1771249642048000000,0
jps.project.serializers.load.ms,1771249582049000000,1771249642048000000,0
jps.module.dependency.index.workspace.model.listener.on.changed.ms,1771249582049000000,1771249642048000000,0
workspaceModel.moduleBridge.before.changed.ms,1771249582049000000,1771249642048000000,0
workspaceModel.moduleBridgeLoader.loading.modules.ms,1771249582049000000,1771249642048000000,0
workspaceModel.global.updates.count,1771249582049000000,1771249642048000000,0
workspaceModel.moduleBridge.facet.initialization.ms,1771249582049000000,1771249642048000000,0
workspaceModel.mutableEntityStorage.instances.count,1771249582049000000,1771249642048000000,0
workspaceModel.mutableEntityStorage.apply.changes.from.ms,1771249582049000000,1771249642048000000,0
jps.global.initialize.library.bridges.ms,1771249582049000000,1771249642048000000,0
workspaceModel.mutableEntityStorage.changeLog.addReplaceEventForRemovedChild.ms,1771249582049000000,1771249642048000000,0
workspaceModel.mutableEntityStorage.entities.by.source.ms,1771249582049000000,1771249642048000000,0
workspaceModel.moduleManagerBridge.set.unloadedModules.ms,1771249582049000000,1771249642048000000,0
jps.module.iml.entities.serializer.save.entities.ms,1771249582049000000,1771249642048000000,0
workspaceModel.load.cache.from.file.ms,1771249582049000000,1771249642048000000,0
jps.facet.change.listener.init.bridge.ms,1771249582049000000,1771249642048000000,0
jps.project.serializers.save.ms,1771249582049000000,1771249642048000000,0
jps.modifiable.module.model.bridge.renaming.ms,1771249582049000000,1771249642048000000,0
workspaceModel.global.apply.state.to.project.ms,1771249582049000000,1771249642048000000,0
workspaceModel.mutableEntityStorage.mutable.ext.mapping.ms,1771249582049000000,1771249642048000000,0
workspaceModel.global.updates.ms,1771249582049000000,1771249642048000000,0
jps.load.project.to.empty.storage.ms,1771249582049000000,1771249642048000000,0
workspaceModel.moduleManagerBridge.build.module.graph.ms,1771249582049000000,1771249642048000000,0
jps.modifiable.module.model.bridge.disposing.ms,1771249582049000000,1771249642048000000,0
cacheStateStorage.get.duration,1771249582049000000,1771249642048000000,0
cacheStateStorage.set.duration,1771249582049000000,1771249642048000000,0
cacheStateStorage.set.counter,1771249582049000000,1771249642048000000,1
cacheStateStorage.get.counter,1771249582049000000,1771249642048000000,1
FilePageCache.pageFastCacheHits,1771249582049000000,1771249642048000000,0
StorageLockContext.competingThreads.max,1771249582049000000,1771249642048000000,0
DirectByteBufferAllocator.disposed,1771249582049000000,1771249642048000000,0
DirectByteBufferAllocator.totalSizeOfBuffersAllocatedInBytes,1771249582049000000,1771249642048000000,630194176
StreamlinedBlobStorage.recordsRelocated,1771249582049000000,1771249642048000000,0
MappedFileStorage.totalBytesMapped,1771249582049000000,1771249642048000000,202637312
MappedFileStorage.storages,1771249582049000000,1771249642048000000,16
FilePageCache.capacityInBytes,1771249582049000000,1771249642048000000,629145600
DirectByteBufferAllocator.totalSizeOfBuffersCachedInBytes,1771249582049000000,1771249642048000000,1048576
FilePageCache.totalPageLoadsUs,1771249582049000000,1771249642048000000,0
FilePageCache.maxRegisteredFiles,1771249582049000000,1771249642048000000,1824
StreamlinedBlobStorage.recordsDeleted,1771249582049000000,1771249642048000000,0
DirectByteBufferAllocator.reclaimed,1771249582049000000,1771249642048000000,0
FilePageCache.disposedBuffers,1771249582049000000,1771249642048000000,0
FilePageCache.pageLoadsAboveSizeThreshold,1771249582049000000,1771249642048000000,0
FilePageCache.uncachedFileAccess,1771249582049000000,1771249642048000000,0
StorageLockContext.competingThreads.90P,1771249582049000000,1771249642048000000,0
StorageLockContext.competingThreads.avg,1771249582049000000,1771249642048000000,0.0
DirectByteBufferAllocator.misses,1771249582049000000,1771249642048000000,0
FileChannelInterruptsRetryer.totalRetriedAttempts,1771249582049000000,1771249642048000000,0
FilePageCache.pageLoads,1771249582049000000,1771249642048000000,0
StreamlinedBlobStorage.recordsAllocated,1771249582049000000,1771249642048000000,0
FilePageCache.totalPageDisposalsUs,1771249582049000000,1771249642048000000,0
DirectByteBufferAllocator.hits,1771249582049000000,1771249642048000000,0
FilePageCache.maxCacheSizeInBytes,1771249582049000000,1771249642048000000,629145600
StreamlinedBlobStorage.totalLiveRecordsCapacityBytes,1771249582049000000,1771249642048000000,0
StreamlinedBlobStorage.totalLiveRecordsPayloadBytes,1771249582049000000,1771249642048000000,0
FilePageCache.pageHits,1771249582049000000,1771249642048000000,0
MappedFileStorage.totalTimeSpentOnMappingUs,1771249582049000000,1771249642048000000,225580
MappedFileStorage.totalPagesMapped,1771249582049000000,1771249642048000000,16
VFS.cache.segments,1771249582049000000,1771249642048000000,167.0
VFS.fileByIdCache.misses,1771249582049000000,1771249642048000000,0
VFS.invertedFileNameIndex.requests,1771249582049000000,1771249642048000000,0
VFS.fileChildByName,1771249582049000000,1771249642048000000,0
VFS.fileByIdCache.hits,1771249582049000000,1771249642048000000,0
VFS.contentStorage.recordsStoredCompressed,1771249582049000000,1771249642048000000,0
FileNameCache.totalMisses,1771249582049000000,1771249642048000000,0
VFS.cache.filesCreated,1771249582049000000,1771249642048000000,0
VFS.contentStorage.recordsReadSize,1771249582049000000,1771249642048000000,0
VFS.contentStorage.recordsUncompressedSize,1771249582049000000,1771249642048000000,0
FileNameCache.queries,1771249582049000000,1771249642048000000,0
VFS.rootsCount,1771249582049000000,1771249642048000000,210.0
VFS.contentStorage.recordsDecompressionTimeUs,1771249582049000000,1771249642048000000,0
VFS.contentStorage.recordsRead,1771249582049000000,1771249642048000000,0
VFS.contentStorage.recordsStored,1771249582049000000,1771249642048000000,0
VFS.cache.segmentsCreated,1771249582049000000,1771249642048000000,0
VFS.contentStorage.recordsStoredSize,1771249582049000000,1771249642048000000,0
VFS.contentStorage.recordsReadDecompressed,1771249582049000000,1771249642048000000,0
VFS.cache.directoriesCreated,1771249582049000000,1771249642048000000,0
VFS.folderCaseSensitivityReads,1771249582049000000,1771249642048000000,0
VFS.contentStorage.recordsDeduplicated,1771249582049000000,1771249642048000000,0
Indexing.cache.totalCacheMisses,1771249582049000000,1771249642048000000,0
Indexing.writesQueuedMax,1771249582049000000,1771249642048000000,0
Indexes.entries.lookupDuration90PMs,1771249582049000000,1771249642048000000,0.0
Indexing.writesQueuedAvg,1771249582049000000,1771249642048000000,0.0
Indexing.writer_1.totalTimeSpentWritingMs,1771249582049000000,1771249642048000000,0
Indexing.writer_0.totalTimeSpentWritingMs,1771249582049000000,1771249642048000000,0
Indexes.entries.lookups,1771249582049000000,1771249642048000000,0
Indexes.allKeys.lookupDurationMaxMs,1771249582049000000,1771249642048000000,0.0
Indexes.entries.lookupDurationMaxMs,1771249582049000000,1771249642048000000,0.0
Indexing.cache.totalCacheEvicted,1771249582049000000,1771249642048000000,0
Indexes.stubs.lookupDurationMaxMs,1771249582049000000,1771249642048000000,0.0
Indexes.entries.lookupDurationAvgMs,1771249582049000000,1771249642048000000,0.0
Indexes.allKeys.lookupDuration90PMs,1771249582049000000,1771249642048000000,0.0
Indexes.stubs.lookups,1771249582049000000,1771249642048000000,0
Indexes.allKeys.lookups,1771249582049000000,1771249642048000000,0
Indexes.stubs.lookupDurationAvgMs,1771249582049000000,1771249642048000000,0.0
Indexing.totalTimeIndexersSleptMs,1771249582049000000,1771249642048000000,0
Indexing.writer_2.totalTimeSpentWritingMs,1771249582049000000,1771249642048000000,0
Indexes.stubs.lookupDuration90PMs,1771249582049000000,1771249642048000000,0.0
Indexes.allKeys.lookupDurationAvgMs,1771249582049000000,1771249642048000000,0.0
Indexing.cache.totalCacheAccesses,1771249582049000000,1771249642048000000,0
Indexing.writer_3.totalTimeSpentWritingMs,1771249582049000000,1771249642048000000,0
Indexing.writesQueuedMin,1771249582049000000,1771249642048000000,0
workspaceModel.entityStorageSnapshotImpl.instances.count,1771249582049000000,1771249642048000000,0
workspaceModel.updates.count,1771249582049000000,1771249642048000000,0
workspaceModel.workspaceFileIndexContributor.registerFileSets.ms,1771249582049000000,1771249642048000000,0
workspaceModel.init.bridges.ms,1771249582049000000,1771249642048000000,0
workspaceModel.workspaceFileIndexData.getDirectoriesByPackageName.ms,1771249582049000000,1771249642048000000,0
workspaceModel.collect.changes.ms,1771249582049000000,1771249642048000000,0
workspaceModel.workspaceFileIndexData.getFileInfo.ms,1771249582049000000,1771249642048000000,0
workspaceModel.cachedValue.total.get.count,1771249582049000000,1771249642048000000,0
workspaceModel.updates.precise.ms,1771249582049000000,1771249642048000000,0
workspaceModel.on.before.changed.ms,1771249582049000000,1771249642048000000,0
workspaceModel.pre.handlers.ms,1771249582049000000,1771249642048000000,0
workspaceModel.workspaceFileIndexData.updateDirtyEntities.ms,1771249582049000000,1771249642048000000,0
workspaceModel.workspaceFileIndexData.processFileSets.ms,1771249582049000000,1771249642048000000,0
workspaceModel.cachedValue.clear.count,1771249582049000000,1771249642048000000,0
workspaceModel.loading.from.cache.ms,1771249582049000000,1771249642048000000,0
workspaceModel.cachedValueWithParameters.from.cache.count,1771249582049000000,1771249642048000000,0
workspaceModel.cachedValueWithParameters.total.get.count,1771249582049000000,1771249642048000000,0
workspaceModel.cachedValue.from.cache.count,1771249582049000000,1771249642048000000,0
workspaceModel.workspaceFileIndexData.onEntitiesChanged.ms,1771249582049000000,1771249642048000000,0
workspaceModel.workspaceFileIndexData.init.ms,1771249582049000000,1771249642048000000,0
workspaceModel.cachedValueWithParameters.clear.count,1771249582049000000,1771249642048000000,0
workspaceModel.workspaceFileIndexData.getPackageName.ms,1771249582049000000,1771249642048000000,0
workspaceModel.update.unloaded.entities.ms,1771249582049000000,1771249642048000000,0
workspaceModel.to.snapshot.ms,1771249582049000000,1771249642048000000,0
workspaceModel.check.recursive.update.ms,1771249582049000000,1771249642048000000,0
workspaceModel.updates.ms,1771249582049000000,1771249642048000000,0
workspaceModel.full.replace.project.model.ms,1771249582049000000,1771249642048000000,0
workspaceModel.cachedValueWithParameters.calculated.count,1771249582049000000,1771249642048000000,0
workspaceModel.workspaceFileIndexData.visitFileSets.ms,1771249582049000000,1771249642048000000,0
workspaceModel.cachedValue.calculated.count,1771249582049000000,1771249642048000000,0
workspaceModel.initializing.ms,1771249582049000000,1771249642048000000,0
workspaceModel.on.changed.ms,1771249582049000000,1771249642048000000,0
workspaceModel.loading.total.ms,1771249582049000000,1771249642048000000,0
workspaceModel.workspaceFileIndexData.markDirty.ms,1771249582049000000,1771249642048000000,0
workspaceModel.workspaceFileIndexData.instances.count,1771249582049000000,1771249642048000000,0
workspaceModel.replace.project.model.ms,1771249582049000000,1771249642048000000,0
LowMemory.gcOverloaded,1771249582049000000,1771249642048000000,0
writeAction.wait.ms,1771249582049000000,1771249642048000000,0
DiskQueryRelay.tasksRequested,1771249582049000000,1771249642048000000,0
writeAction.max.wait.ms,1771249582049000000,1771249642048000000,158
writeAction.median.wait.ms,1771249582049000000,1771249642048000000,300
writeAction.count,1771249582049000000,1771249642048000000,0
DiskQueryRelay.taskExecutionTotalTimeUs,1771249582049000000,1771249642048000000,0
DiskQueryRelay.tasksExecuted,1771249582049000000,1771249642048000000,0
DiskQueryRelay.taskWaitingTotalTimeUs,1771249582049000000,1771249642048000000,0
LowMemory.gcLoad,1771249582049000000,1771249642048000000,0.0
NonBlockingReadAction.finalizedExecutionsCount,1771249582049000000,1771249642048000000,0
FlushQueue.waitingTime90PNs,1771249582049000000,1771249642048000000,505855
FlushQueue.tasksExecuted,1771249582049000000,1771249642048000000,489
AWTEventQueue.dispatchTimeMaxNs,1771249582049000000,1771249642048000000,3899391
AWTEventQueue.dispatchTimeTotalNS,1771249582049000000,1771249642048000000,160011038
FlushQueue.waitingTimeMaxNs,1771249582049000000,1771249642048000000,2228223
FlushQueue.executionTimeMaxNs,1771249582049000000,1771249642048000000,3244031
FlushQueue.queueSizeAvg,1771249582049000000,1771249642048000000,0.5378323108384458
FlushQueue.queueSizeMax,1771249582049000000,1771249642048000000,2
NonBlockingReadAction.failedExecutionTimeUs,1771249582049000000,1771249642048000000,0
WriteAction.executionsCount,1771249582049000000,1771249642048000000,0
FlushQueue.queueSize90P,1771249582049000000,1771249642048000000,2
ReadAction.executionsCount,1771249582049000000,1771249642048000000,3
AWTEventQueue.eventsDispatched,1771249582049000000,1771249642048000000,597
FlushQueue.executionTimeAvgNs,1771249582049000000,1771249642048000000,194975.7873210634
NonBlockingReadAction.failedExecutionsCount,1771249582049000000,1771249642048000000,0
FlushQueue.executionTime90PNs,1771249582049000000,1771249642048000000,399359
AWTEventQueue.dispatchTime90PNs,1771249582049000000,1771249642048000000,589823
NonBlockingReadAction.finalizedExecutionTimeUs,1771249582049000000,1771249642048000000,0
AWTEventQueue.dispatchTimeAvgNs,1771249582049000000,1771249642048000000,268024.71021775546
FlushQueue.waitingTimeAvgNs,1771249582049000000,1771249642048000000,311247.9672801636
JVM.totalTimeAtSafepointsMs,1771249642048000000,1771249702047000000,71
JVM.maxHeapBytes,1771249642048000000,1771249702047000000,28840034304
JVM.GC.collectionTimesMs,1771249642048000000,1771249702047000000,59
OS.loadAverage,1771249642048000000,1771249702047000000,2.50439453125
JVM.totalDirectByteBuffersBytes,1771249642048000000,1771249702047000000,632807873
JVM.GC.collections,1771249642048000000,1771249702047000000,5
JVM.usedHeapBytes,1771249642048000000,1771249702047000000,967519992
MEM.fileMappingsRamBytes,1771249642048000000,1771249702047000000,705552384
JVM.maxThreadCount,1771249642048000000,1771249702047000000,192
JVM.usedNativeBytes,1771249642048000000,1771249702047000000,486672776
MEM.ramMinusFileMappingsBytes,1771249642048000000,1771249702047000000,2949115904
MEM.ramBytes,1771249642048000000,1771249702047000000,3654668288
JVM.committedHeapBytes,1771249642048000000,1771249702047000000,1577058304
JVM.newThreadsCount,1771249642048000000,1771249702047000000,54
JVM.totalBytesAllocated,1771249642048000000,1771249702047000000,4202847576
JVM.totalCpuTimeMs,1771249642048000000,1771249702047000000,22150
JVM.totalSafepointCount,1771249642048000000,1771249702047000000,81
MEM.ramPlusSwapMinusFileMappingsBytes,1771249642048000000,1771249702047000000,2949115904
JVM.totalTimeToSafepointsMs,1771249642048000000,1771249702047000000,24
JVM.threadCount,1771249642048000000,1771249702047000000,81
compiler.ArtifactManagerBridge.commit.ms,1771249642048000000,1771249702047000000,0
compiler.ArtifactModifiableModelBridge.getArtifactsByType.ms,1771249642048000000,1771249702047000000,0
compiler.ArtifactManagerBridge.getArtifactsByType.ms,1771249642048000000,1771249702047000000,0
compiler.ArtifactModifiableModelBridge.getArtifacts.ms,1771249642048000000,1771249702047000000,0
compiler.ArtifactVirtualFileListener.propertyChanged.ms,1771249642048000000,1771249702047000000,0
compiler.ArtifactModifiableModelBridge.commit.ms,1771249642048000000,1771249702047000000,3
compiler.ArtifactManagerBridge.dropMappings.ms,1771249642048000000,1771249702047000000,0
compiler.ArtifactModifiableModelBridge.addArtifact.ms,1771249642048000000,1771249702047000000,0
compiler.ArtifactVirtualFileListener.filePathChanged.ms,1771249642048000000,1771249702047000000,0
compiler.ArtifactManagerBridge.initBridges.ms,1771249642048000000,1771249702047000000,0
compiler.ArtifactManagerBridge.addArtifact.ms,1771249642048000000,1771249702047000000,0
compiler.ArtifactManagerBridge.findArtifact.ms,1771249642048000000,1771249702047000000,0
compiler.ArtifactModifiableModelBridge.findArtifacts.ms,1771249642048000000,1771249702047000000,0
compiler.ArtifactModifiableModelBridge.dispose.ms,1771249642048000000,1771249702047000000,0
compiler.ArtifactManagerBridge.getArtifacts.ms,1771249642048000000,1771249702047000000,0
workspaceModel.delayed.project.synchronizer.sync.ms,1771249642048000000,1771249702047000000,0
jps.reload.project.entities.ms,1771249642048000000,1771249702047000000,0
workspaceModel.sync.entities.ms,1771249642048000000,1771249702047000000,0
jps.load.initial.state.ms,1771249642048000000,1771249702047000000,0
jps.module.iml.entities.serializer.load.entities.ms,1771249642048000000,1771249702047000000,0
jps.modifiable.module.model.bridge.new.module.ms,1771249642048000000,1771249702047000000,0
jps.storage.jps.conf.reader.load.component.ms,1771249642048000000,1771249702047000000,0
jps.apply.loaded.storage.ms,1771249642048000000,1771249702047000000,0
jps.facet.change.listener.before.change.events.ms,1771249642048000000,1771249702047000000,0
workspaceModel.mutableEntityStorage.resolve.ms,1771249642048000000,1771249702047000000,0
jps.artifact.entities.serializer.load.entities.ms,1771249642048000000,1771249702047000000,0
workspaceModel.mutableEntityStorage.add.entity.ms,1771249642048000000,1771249702047000000,18
workspaceModel.mutableEntityStorage.to.snapshot.ms,1771249642048000000,1771249702047000000,0
workspaceModel.mutableEntityStorage.changeLog.addReplaceEventForNewParent.ms,1771249642048000000,1771249702047000000,0
jps.modifiable.module.model.bridge.load.module.ms,1771249642048000000,1771249702047000000,0
workspaceModel.load.cache.metadata.from.file.ms,1771249642048000000,1771249702047000000,0
workspaceModel.do.save.caches.ms,1771249642048000000,1771249702047000000,25
workspaceModel.mutableEntityStorage.put.entity.ms,1771249642048000000,1771249702047000000,6
workspaceModel.moduleManagerBridge.new.nonPersistent.module.ms,1771249642048000000,1771249702047000000,0
workspaceModel.mutableEntityStorage.entities.ms,1771249642048000000,1771249702047000000,0
jps.save.global.entities.ms,1771249642048000000,1771249702047000000,0
workspaceModel.orphan.listener.update.ms,1771249642048000000,1771249702047000000,0
jps.global.get.library.by.name.ms,1771249642048000000,1771249702047000000,0
jps.library.entities.serializer.save.entities.ms,1771249642048000000,1771249702047000000,0
jps.library.entities.serializer.load.entities.ms,1771249642048000000,1771249702047000000,0
jps.app.storage.content.reader.load.component.ms,1771249642048000000,1771249702047000000,0
workspaceModel.moduleManagerBridge.create.module.instance.ms,1771249642048000000,1771249702047000000,0
jps.global.get.libraries.ms,1771249642048000000,1771249702047000000,0
jps.global.handle.changed.events.ms,1771249642048000000,1771249702047000000,0
workspaceModel.mutableEntityStorage.remove.entity.ms,1771249642048000000,1771249702047000000,0
workspaceModel.mutableEntityStorage.hasReferrers.ms,1771249642048000000,1771249702047000000,0
jps.save.changed.project.entities.ms,1771249642048000000,1771249702047000000,0
workspaceModel.moduleManagerBridge.get.modules.ms,1771249642048000000,1771249702047000000,0
workspaceModel.moduleManagerBridge.load.all.modules.ms,1771249642048000000,1771249702047000000,0
jps.global.get.library.ms,1771249642048000000,1771249702047000000,0
workspaceModel.mutableEntityStorage.changeLog.addReplaceEventForRemovedParent.ms,1771249642048000000,1771249702047000000,0
workspaceModel.mutableEntityStorage.referrers.ms,1771249642048000000,1771249702047000000,0
jps.global.initialize.library.bridges.after.loading.ms,1771249642048000000,1771249702047000000,0
workspaceModel.save.cache.to.file.ms,1771249642048000000,1771249702047000000,22
workspaceModel.mutableEntityStorage.mutable.vfurl.index.ms,1771249642048000000,1771249702047000000,0
workspaceModel.mutableEntityStorage.replace.by.source.ms,1771249642048000000,1771249702047000000,11
workspaceModel.mutableEntityStorage.modify.entity.ms,1771249642048000000,1771249702047000000,17
workspaceModel.mutableEntityStorage.collect.changes.ms,1771249642048000000,1771249702047000000,0
workspaceModel.mutableEntityStorage.changeLog.addReplaceEventForNewChild.ms,1771249642048000000,1771249702047000000,0
workspaceModel.moduleManagerBridge.newModule.ms,1771249642048000000,1771249702047000000,0
workspaceModel.mutableEntityStorage.has.same.entities.ms,1771249642048000000,1771249702047000000,1
jps.global.handle.before.change.events.ms,1771249642048000000,1771249702047000000,0
workspaceModel.moduleManagerBridge.load.module.ms,1771249642048000000,1771249702047000000,0
workspaceModel.global.apply.state.to.project.builder.ms,1771249642048000000,1771249702047000000,0
jps.artifact.entities.serializer.save.entities.ms,1771249642048000000,1771249702047000000,0
jps.facet.change.listener.process.change.events.ms,1771249642048000000,1771249702047000000,0
workspaceModel.moduleBridge.update.option.ms,1771249642048000000,1771249702047000000,0
jps.project.serializers.load.ms,1771249642048000000,1771249702047000000,0
jps.module.dependency.index.workspace.model.listener.on.changed.ms,1771249642048000000,1771249702047000000,1
workspaceModel.moduleBridge.before.changed.ms,1771249642048000000,1771249702047000000,0
workspaceModel.moduleBridgeLoader.loading.modules.ms,1771249642048000000,1771249702047000000,0
workspaceModel.global.updates.count,1771249642048000000,1771249702047000000,0
workspaceModel.moduleBridge.facet.initialization.ms,1771249642048000000,1771249702047000000,0
workspaceModel.mutableEntityStorage.instances.count,1771249642048000000,1771249702047000000,5
workspaceModel.mutableEntityStorage.apply.changes.from.ms,1771249642048000000,1771249702047000000,0
jps.global.initialize.library.bridges.ms,1771249642048000000,1771249702047000000,0
workspaceModel.mutableEntityStorage.changeLog.addReplaceEventForRemovedChild.ms,1771249642048000000,1771249702047000000,0
workspaceModel.mutableEntityStorage.entities.by.source.ms,1771249642048000000,1771249702047000000,0
workspaceModel.moduleManagerBridge.set.unloadedModules.ms,1771249642048000000,1771249702047000000,0
jps.module.iml.entities.serializer.save.entities.ms,1771249642048000000,1771249702047000000,0
workspaceModel.load.cache.from.file.ms,1771249642048000000,1771249702047000000,0
jps.facet.change.listener.init.bridge.ms,1771249642048000000,1771249702047000000,0
jps.project.serializers.save.ms,1771249642048000000,1771249702047000000,0
jps.modifiable.module.model.bridge.renaming.ms,1771249642048000000,1771249702047000000,0
workspaceModel.global.apply.state.to.project.ms,1771249642048000000,1771249702047000000,0
workspaceModel.mutableEntityStorage.mutable.ext.mapping.ms,1771249642048000000,1771249702047000000,0
workspaceModel.global.updates.ms,1771249642048000000,1771249702047000000,0
jps.load.project.to.empty.storage.ms,1771249642048000000,1771249702047000000,0
workspaceModel.moduleManagerBridge.build.module.graph.ms,1771249642048000000,1771249702047000000,0
jps.modifiable.module.model.bridge.disposing.ms,1771249642048000000,1771249702047000000,0
cacheStateStorage.get.duration,1771249642048000000,1771249702047000000,0
cacheStateStorage.set.duration,1771249642048000000,1771249702047000000,0
cacheStateStorage.set.counter,1771249642048000000,1771249702047000000,0
cacheStateStorage.get.counter,1771249642048000000,1771249702047000000,0
FilePageCache.pageFastCacheHits,1771249642048000000,1771249702047000000,2524640
StorageLockContext.competingThreads.max,1771249642048000000,1771249702047000000,1
DirectByteBufferAllocator.disposed,1771249642048000000,1771249702047000000,0
DirectByteBufferAllocator.totalSizeOfBuffersAllocatedInBytes,1771249642048000000,1771249702047000000,630194176
StreamlinedBlobStorage.recordsRelocated,1771249642048000000,1771249702047000000,0
MappedFileStorage.totalBytesMapped,1771249642048000000,1771249702047000000,202637312
MappedFileStorage.storages,1771249642048000000,1771249702047000000,16
FilePageCache.capacityInBytes,1771249642048000000,1771249702047000000,629145600
DirectByteBufferAllocator.totalSizeOfBuffersCachedInBytes,1771249642048000000,1771249702047000000,1048576
FilePageCache.totalPageLoadsUs,1771249642048000000,1771249702047000000,13466
FilePageCache.maxRegisteredFiles,1771249642048000000,1771249702047000000,1824
StreamlinedBlobStorage.recordsDeleted,1771249642048000000,1771249702047000000,2
DirectByteBufferAllocator.reclaimed,1771249642048000000,1771249702047000000,30
FilePageCache.disposedBuffers,1771249642048000000,1771249702047000000,30
FilePageCache.pageLoadsAboveSizeThreshold,1771249642048000000,1771249702047000000,30
FilePageCache.uncachedFileAccess,1771249642048000000,1771249702047000000,144
StorageLockContext.competingThreads.90P,1771249642048000000,1771249702047000000,0
StorageLockContext.competingThreads.avg,1771249642048000000,1771249702047000000,0.01680672268907563
DirectByteBufferAllocator.misses,1771249642048000000,1771249702047000000,0
FileChannelInterruptsRetryer.totalRetriedAttempts,1771249642048000000,1771249702047000000,0
FilePageCache.pageLoads,1771249642048000000,1771249702047000000,0
StreamlinedBlobStorage.recordsAllocated,1771249642048000000,1771249702047000000,31213
FilePageCache.totalPageDisposalsUs,1771249642048000000,1771249702047000000,28
DirectByteBufferAllocator.hits,1771249642048000000,1771249702047000000,30
FilePageCache.maxCacheSizeInBytes,1771249642048000000,1771249702047000000,629145600
StreamlinedBlobStorage.totalLiveRecordsCapacityBytes,1771249642048000000,1771249702047000000,2199338
StreamlinedBlobStorage.totalLiveRecordsPayloadBytes,1771249642048000000,1771249702047000000,416777
FilePageCache.pageHits,1771249642048000000,1771249702047000000,35669
MappedFileStorage.totalTimeSpentOnMappingUs,1771249642048000000,1771249702047000000,225580
MappedFileStorage.totalPagesMapped,1771249642048000000,1771249702047000000,16
VFS.cache.segments,1771249642048000000,1771249702047000000,229.0
VFS.fileByIdCache.misses,1771249642048000000,1771249702047000000,3
VFS.invertedFileNameIndex.requests,1771249642048000000,1771249702047000000,0
VFS.fileChildByName,1771249642048000000,1771249702047000000,19610
VFS.fileByIdCache.hits,1771249642048000000,1771249702047000000,7
VFS.contentStorage.recordsStoredCompressed,1771249642048000000,1771249702047000000,3
FileNameCache.totalMisses,1771249642048000000,1771249702047000000,28224
VFS.cache.filesCreated,1771249642048000000,1771249702047000000,147616
VFS.contentStorage.recordsReadSize,1771249642048000000,1771249702047000000,257066
VFS.contentStorage.recordsUncompressedSize,1771249642048000000,1771249702047000000,144053
FileNameCache.queries,1771249642048000000,1771249702047000000,3314240
VFS.rootsCount,1771249642048000000,1771249702047000000,317.0
VFS.contentStorage.recordsDecompressionTimeUs,1771249642048000000,1771249702047000000,570
VFS.contentStorage.recordsRead,1771249642048000000,1771249702047000000,9
VFS.contentStorage.recordsStored,1771249642048000000,1771249702047000000,4
VFS.cache.segmentsCreated,1771249642048000000,1771249702047000000,67
VFS.contentStorage.recordsStoredSize,1771249642048000000,1771249702047000000,74743
VFS.contentStorage.recordsReadDecompressed,1771249642048000000,1771249702047000000,5
VFS.cache.directoriesCreated,1771249642048000000,1771249702047000000,2441
VFS.folderCaseSensitivityReads,1771249642048000000,1771249702047000000,275
VFS.contentStorage.recordsDeduplicated,1771249642048000000,1771249702047000000,0
Indexing.cache.totalCacheMisses,1771249642048000000,1771249702047000000,578648
Indexing.writesQueuedMax,1771249642048000000,1771249702047000000,11
Indexes.entries.lookupDuration90PMs,1771249642048000000,1771249702047000000,1.0
Indexing.writesQueuedAvg,1771249642048000000,1771249702047000000,0.18181818181818182
Indexing.writer_1.totalTimeSpentWritingMs,1771249642048000000,1771249702047000000,151
Indexing.writer_0.totalTimeSpentWritingMs,1771249642048000000,1771249702047000000,173
Indexes.entries.lookups,1771249642048000000,1771249702047000000,9
Indexes.allKeys.lookupDurationMaxMs,1771249642048000000,1771249702047000000,0.0
Indexes.entries.lookupDurationMaxMs,1771249642048000000,1771249702047000000,1.0
Indexing.cache.totalCacheEvicted,1771249642048000000,1771249702047000000,578648
Indexes.stubs.lookupDurationMaxMs,1771249642048000000,1771249702047000000,0.0
Indexes.entries.lookupDurationAvgMs,1771249642048000000,1771249702047000000,0.2222222222222222
Indexes.allKeys.lookupDuration90PMs,1771249642048000000,1771249702047000000,0.0
Indexes.stubs.lookups,1771249642048000000,1771249702047000000,0
Indexes.allKeys.lookups,1771249642048000000,1771249702047000000,1
Indexes.stubs.lookupDurationAvgMs,1771249642048000000,1771249702047000000,0.0
Indexing.totalTimeIndexersSleptMs,1771249642048000000,1771249702047000000,0
Indexing.writer_2.totalTimeSpentWritingMs,1771249642048000000,1771249702047000000,1261
Indexes.stubs.lookupDuration90PMs,1771249642048000000,1771249702047000000,0.0
Indexes.allKeys.lookupDurationAvgMs,1771249642048000000,1771249702047000000,0.0
Indexing.cache.totalCacheAccesses,1771249642048000000,1771249702047000000,1199151
Indexing.writer_3.totalTimeSpentWritingMs,1771249642048000000,1771249702047000000,1001
Indexing.writesQueuedMin,1771249642048000000,1771249702047000000,0
workspaceModel.entityStorageSnapshotImpl.instances.count,1771249642048000000,1771249702047000000,4
workspaceModel.updates.count,1771249642048000000,1771249702047000000,0
workspaceModel.workspaceFileIndexContributor.registerFileSets.ms,1771249642048000000,1771249702047000000,166
workspaceModel.init.bridges.ms,1771249642048000000,1771249702047000000,3
workspaceModel.workspaceFileIndexData.getDirectoriesByPackageName.ms,1771249642048000000,1771249702047000000,0
workspaceModel.collect.changes.ms,1771249642048000000,1771249702047000000,0
workspaceModel.workspaceFileIndexData.getFileInfo.ms,1771249642048000000,1771249702047000000,141
workspaceModel.cachedValue.total.get.count,1771249642048000000,1771249702047000000,7004
workspaceModel.updates.precise.ms,1771249642048000000,1771249702047000000,0
workspaceModel.on.before.changed.ms,1771249642048000000,1771249702047000000,1
workspaceModel.pre.handlers.ms,1771249642048000000,1771249702047000000,0
workspaceModel.workspaceFileIndexData.updateDirtyEntities.ms,1771249642048000000,1771249702047000000,77
workspaceModel.workspaceFileIndexData.processFileSets.ms,1771249642048000000,1771249702047000000,0
workspaceModel.cachedValue.clear.count,1771249642048000000,1771249702047000000,0
workspaceModel.loading.from.cache.ms,1771249642048000000,1771249702047000000,0
workspaceModel.cachedValueWithParameters.from.cache.count,1771249642048000000,1771249702047000000,0
workspaceModel.cachedValueWithParameters.total.get.count,1771249642048000000,1771249702047000000,0
workspaceModel.cachedValue.from.cache.count,1771249642048000000,1771249702047000000,6877
workspaceModel.workspaceFileIndexData.onEntitiesChanged.ms,1771249642048000000,1771249702047000000,12
workspaceModel.workspaceFileIndexData.init.ms,1771249642048000000,1771249702047000000,0
workspaceModel.cachedValueWithParameters.clear.count,1771249642048000000,1771249702047000000,0
workspaceModel.workspaceFileIndexData.getPackageName.ms,1771249642048000000,1771249702047000000,0
workspaceModel.update.unloaded.entities.ms,1771249642048000000,1771249702047000000,0
workspaceModel.to.snapshot.ms,1771249642048000000,1771249702047000000,0
workspaceModel.check.recursive.update.ms,1771249642048000000,1771249702047000000,0
workspaceModel.updates.ms,1771249642048000000,1771249702047000000,0
workspaceModel.full.replace.project.model.ms,1771249642048000000,1771249702047000000,0
workspaceModel.cachedValueWithParameters.calculated.count,1771249642048000000,1771249702047000000,0
workspaceModel.workspaceFileIndexData.visitFileSets.ms,1771249642048000000,1771249702047000000,0
workspaceModel.cachedValue.calculated.count,1771249642048000000,1771249702047000000,127
workspaceModel.initializing.ms,1771249642048000000,1771249702047000000,0
workspaceModel.on.changed.ms,1771249642048000000,1771249702047000000,3
workspaceModel.loading.total.ms,1771249642048000000,1771249702047000000,0
workspaceModel.workspaceFileIndexData.markDirty.ms,1771249642048000000,1771249702047000000,0
workspaceModel.workspaceFileIndexData.instances.count,1771249642048000000,1771249702047000000,0
workspaceModel.replace.project.model.ms,1771249642048000000,1771249702047000000,19
parser.ECMAScript.6.time.ns,1771249642048000000,1771249702047000000,30831351
parser.XML.time.ns,1771249642048000000,1771249702047000000,26787586
parser.FTL..time.ns,1771249642048000000,1771249702047000000,2497042
LowMemory.gcOverloaded,1771249642048000000,1771249702047000000,0
writeAction.wait.ms,1771249642048000000,1771249702047000000,26
DiskQueryRelay.tasksRequested,1771249642048000000,1771249702047000000,48810
writeAction.max.wait.ms,1771249642048000000,1771249702047000000,158
lexer.XML.time.ns,1771249642048000000,1771249702047000000,7665713
writeAction.median.wait.ms,1771249642048000000,1771249702047000000,300
lexer.JAVA.size.bytes,1771249642048000000,1771249702047000000,151302
parser.HTML.time.ns,1771249642048000000,1771249702047000000,37953581
parser.ECMAScript.6.size.bytes,1771249642048000000,1771249702047000000,410371
lexer.HTML.size.bytes,1771249642048000000,1771249702047000000,323735
parser.CSS.size.bytes,1771249642048000000,1771249702047000000,37413
lexer.XML.size.bytes,1771249642048000000,1771249702047000000,429637
lexer.FTL..time.ns,1771249642048000000,1771249702047000000,584875
parser.XML.size.bytes,1771249642048000000,1771249702047000000,429637
lexer.HTML.time.ns,1771249642048000000,1771249702047000000,391521371
writeAction.count,1771249642048000000,1771249702047000000,30
lexer.JAVA.time.ns,1771249642048000000,1771249702047000000,6286418
DiskQueryRelay.taskExecutionTotalTimeUs,1771249642048000000,1771249702047000000,2408240
parser.CSS.time.ns,1771249642048000000,1771249702047000000,11360883
lexer.ECMAScript.6.size.bytes,1771249642048000000,1771249702047000000,99667
lexer.FTL..size.bytes,1771249642048000000,1771249702047000000,1440
parser.HTML.size.bytes,1771249642048000000,1771249702047000000,323735
DiskQueryRelay.tasksExecuted,1771249642048000000,1771249702047000000,48809
parser.JAVA.size.bytes,1771249642048000000,1771249702047000000,231057
lexer.ECMAScript.6.time.ns,1771249642048000000,1771249702047000000,4677251
lexer.CSS.time.ns,1771249642048000000,1771249702047000000,2948040
parser.FTL..size.bytes,1771249642048000000,1771249702047000000,1440
lexer.CSS.size.bytes,1771249642048000000,1771249702047000000,37413
parser.JAVA.time.ns,1771249642048000000,1771249702047000000,57940619
DiskQueryRelay.taskWaitingTotalTimeUs,1771249642048000000,1771249702047000000,4801435
LowMemory.gcLoad,1771249642048000000,1771249702047000000,0.0
NonBlockingReadAction.finalizedExecutionsCount,1771249642048000000,1771249702047000000,20
FlushQueue.waitingTime90PNs,1771249642048000000,1771249702047000000,696319
FlushQueue.tasksExecuted,1771249642048000000,1771249702047000000,1278
AWTEventQueue.dispatchTimeMaxNs,1771249642048000000,1771249702047000000,45613055
AWTEventQueue.dispatchTimeTotalNS,1771249642048000000,1771249702047000000,343714320
FlushQueue.waitingTimeMaxNs,1771249642048000000,1771249702047000000,45613055
FlushQueue.executionTimeMaxNs,1771249642048000000,1771249702047000000,45613055
FlushQueue.queueSizeAvg,1771249642048000000,1771249702047000000,3.8294209702660407
FlushQueue.queueSizeMax,1771249642048000000,1771249702047000000,23
NonBlockingReadAction.failedExecutionTimeUs,1771249642048000000,1771249702047000000,27196
WriteAction.executionsCount,1771249642048000000,1771249702047000000,30
FlushQueue.queueSize90P,1771249642048000000,1771249702047000000,11
ReadAction.executionsCount,1771249642048000000,1771249702047000000,176316
AWTEventQueue.eventsDispatched,1771249642048000000,1771249702047000000,738
FlushQueue.executionTimeAvgNs,1771249642048000000,1771249702047000000,207533.5649452269
NonBlockingReadAction.failedExecutionsCount,1771249642048000000,1771249702047000000,11
FlushQueue.executionTime90PNs,1771249642048000000,1771249702047000000,286719
AWTEventQueue.dispatchTime90PNs,1771249642048000000,1771249702047000000,577535
NonBlockingReadAction.finalizedExecutionTimeUs,1771249642048000000,1771249702047000000,23854
AWTEventQueue.dispatchTimeAvgNs,1771249642048000000,1771249702047000000,465828.65582655824
FlushQueue.waitingTimeAvgNs,1771249642048000000,1771249702047000000,601145.378716745
JVM.totalTimeAtSafepointsMs,1771249702047000000,1771249762046000000,1
JVM.maxHeapBytes,1771249702047000000,1771249762046000000,28840034304
JVM.GC.collectionTimesMs,1771249702047000000,1771249762046000000,0
OS.loadAverage,1771249702047000000,1771249762046000000,1.91552734375
JVM.totalDirectByteBuffersBytes,1771249702047000000,1771249762046000000,631493443
JVM.GC.collections,1771249702047000000,1771249762046000000,0
JVM.usedHeapBytes,1771249702047000000,1771249762046000000,1001074424
MEM.fileMappingsRamBytes,1771249702047000000,1771249762046000000,705552384
JVM.maxThreadCount,1771249702047000000,1771249762046000000,192
JVM.usedNativeBytes,1771249702047000000,1771249762046000000,487993576
MEM.ramMinusFileMappingsBytes,1771249702047000000,1771249762046000000,2948202496
MEM.ramBytes,1771249702047000000,1771249762046000000,3653754880
JVM.committedHeapBytes,1771249702047000000,1771249762046000000,1577058304
JVM.newThreadsCount,1771249702047000000,1771249762046000000,0
JVM.totalBytesAllocated,1771249702047000000,1771249762046000000,31808464
JVM.totalCpuTimeMs,1771249702047000000,1771249762046000000,2360
JVM.totalSafepointCount,1771249702047000000,1771249762046000000,28
MEM.ramPlusSwapMinusFileMappingsBytes,1771249702047000000,1771249762046000000,2948202496
JVM.totalTimeToSafepointsMs,1771249702047000000,1771249762046000000,1
JVM.threadCount,1771249702047000000,1771249762046000000,55
compiler.ArtifactManagerBridge.commit.ms,1771249702047000000,1771249762046000000,0
compiler.ArtifactModifiableModelBridge.getArtifactsByType.ms,1771249702047000000,1771249762046000000,0
compiler.ArtifactManagerBridge.getArtifactsByType.ms,1771249702047000000,1771249762046000000,0
compiler.ArtifactModifiableModelBridge.getArtifacts.ms,1771249702047000000,1771249762046000000,0
compiler.ArtifactVirtualFileListener.propertyChanged.ms,1771249702047000000,1771249762046000000,0
compiler.ArtifactModifiableModelBridge.commit.ms,1771249702047000000,1771249762046000000,3
compiler.ArtifactManagerBridge.dropMappings.ms,1771249702047000000,1771249762046000000,0
compiler.ArtifactModifiableModelBridge.addArtifact.ms,1771249702047000000,1771249762046000000,0
compiler.ArtifactVirtualFileListener.filePathChanged.ms,1771249702047000000,1771249762046000000,0
compiler.ArtifactManagerBridge.initBridges.ms,1771249702047000000,1771249762046000000,0
compiler.ArtifactManagerBridge.addArtifact.ms,1771249702047000000,1771249762046000000,0
compiler.ArtifactManagerBridge.findArtifact.ms,1771249702047000000,1771249762046000000,0
compiler.ArtifactModifiableModelBridge.findArtifacts.ms,1771249702047000000,1771249762046000000,0
compiler.ArtifactModifiableModelBridge.dispose.ms,1771249702047000000,1771249762046000000,0
compiler.ArtifactManagerBridge.getArtifacts.ms,1771249702047000000,1771249762046000000,0
workspaceModel.delayed.project.synchronizer.sync.ms,1771249702047000000,1771249762046000000,0
jps.reload.project.entities.ms,1771249702047000000,1771249762046000000,0
workspaceModel.sync.entities.ms,1771249702047000000,1771249762046000000,0
jps.load.initial.state.ms,1771249702047000000,1771249762046000000,0
jps.module.iml.entities.serializer.load.entities.ms,1771249702047000000,1771249762046000000,0
jps.modifiable.module.model.bridge.new.module.ms,1771249702047000000,1771249762046000000,0
jps.storage.jps.conf.reader.load.component.ms,1771249702047000000,1771249762046000000,0
jps.apply.loaded.storage.ms,1771249702047000000,1771249762046000000,0
jps.facet.change.listener.before.change.events.ms,1771249702047000000,1771249762046000000,0
workspaceModel.mutableEntityStorage.resolve.ms,1771249702047000000,1771249762046000000,0
jps.artifact.entities.serializer.load.entities.ms,1771249702047000000,1771249762046000000,0
workspaceModel.mutableEntityStorage.add.entity.ms,1771249702047000000,1771249762046000000,0
workspaceModel.mutableEntityStorage.to.snapshot.ms,1771249702047000000,1771249762046000000,0
workspaceModel.mutableEntityStorage.changeLog.addReplaceEventForNewParent.ms,1771249702047000000,1771249762046000000,0
jps.modifiable.module.model.bridge.load.module.ms,1771249702047000000,1771249762046000000,0
workspaceModel.load.cache.metadata.from.file.ms,1771249702047000000,1771249762046000000,0
workspaceModel.do.save.caches.ms,1771249702047000000,1771249762046000000,0
workspaceModel.mutableEntityStorage.put.entity.ms,1771249702047000000,1771249762046000000,0
workspaceModel.moduleManagerBridge.new.nonPersistent.module.ms,1771249702047000000,1771249762046000000,0
workspaceModel.mutableEntityStorage.entities.ms,1771249702047000000,1771249762046000000,0
jps.save.global.entities.ms,1771249702047000000,1771249762046000000,0
workspaceModel.orphan.listener.update.ms,1771249702047000000,1771249762046000000,0
jps.global.get.library.by.name.ms,1771249702047000000,1771249762046000000,0
jps.library.entities.serializer.save.entities.ms,1771249702047000000,1771249762046000000,0
jps.library.entities.serializer.load.entities.ms,1771249702047000000,1771249762046000000,0
jps.app.storage.content.reader.load.component.ms,1771249702047000000,1771249762046000000,0
workspaceModel.moduleManagerBridge.create.module.instance.ms,1771249702047000000,1771249762046000000,0
jps.global.get.libraries.ms,1771249702047000000,1771249762046000000,0
jps.global.handle.changed.events.ms,1771249702047000000,1771249762046000000,0
workspaceModel.mutableEntityStorage.remove.entity.ms,1771249702047000000,1771249762046000000,0
workspaceModel.mutableEntityStorage.hasReferrers.ms,1771249702047000000,1771249762046000000,0
jps.save.changed.project.entities.ms,1771249702047000000,1771249762046000000,0
workspaceModel.moduleManagerBridge.get.modules.ms,1771249702047000000,1771249762046000000,0
workspaceModel.moduleManagerBridge.load.all.modules.ms,1771249702047000000,1771249762046000000,0
jps.global.get.library.ms,1771249702047000000,1771249762046000000,0
workspaceModel.mutableEntityStorage.changeLog.addReplaceEventForRemovedParent.ms,1771249702047000000,1771249762046000000,0
workspaceModel.mutableEntityStorage.referrers.ms,1771249702047000000,1771249762046000000,0
jps.global.initialize.library.bridges.after.loading.ms,1771249702047000000,1771249762046000000,0
workspaceModel.save.cache.to.file.ms,1771249702047000000,1771249762046000000,0
workspaceModel.mutableEntityStorage.mutable.vfurl.index.ms,1771249702047000000,1771249762046000000,0
workspaceModel.mutableEntityStorage.replace.by.source.ms,1771249702047000000,1771249762046000000,0
workspaceModel.mutableEntityStorage.modify.entity.ms,1771249702047000000,1771249762046000000,0
workspaceModel.mutableEntityStorage.collect.changes.ms,1771249702047000000,1771249762046000000,0
workspaceModel.mutableEntityStorage.changeLog.addReplaceEventForNewChild.ms,1771249702047000000,1771249762046000000,0
workspaceModel.moduleManagerBridge.newModule.ms,1771249702047000000,1771249762046000000,0
workspaceModel.mutableEntityStorage.has.same.entities.ms,1771249702047000000,1771249762046000000,0
jps.global.handle.before.change.events.ms,1771249702047000000,1771249762046000000,0
workspaceModel.moduleManagerBridge.load.module.ms,1771249702047000000,1771249762046000000,0
workspaceModel.global.apply.state.to.project.builder.ms,1771249702047000000,1771249762046000000,0
jps.artifact.entities.serializer.save.entities.ms,1771249702047000000,1771249762046000000,0
jps.facet.change.listener.process.change.events.ms,1771249702047000000,1771249762046000000,0
workspaceModel.moduleBridge.update.option.ms,1771249702047000000,1771249762046000000,0
jps.project.serializers.load.ms,1771249702047000000,1771249762046000000,0
jps.module.dependency.index.workspace.model.listener.on.changed.ms,1771249702047000000,1771249762046000000,0
workspaceModel.moduleBridge.before.changed.ms,1771249702047000000,1771249762046000000,0
workspaceModel.moduleBridgeLoader.loading.modules.ms,1771249702047000000,1771249762046000000,0
workspaceModel.global.updates.count,1771249702047000000,1771249762046000000,0
workspaceModel.moduleBridge.facet.initialization.ms,1771249702047000000,1771249762046000000,0
workspaceModel.mutableEntityStorage.instances.count,1771249702047000000,1771249762046000000,0
workspaceModel.mutableEntityStorage.apply.changes.from.ms,1771249702047000000,1771249762046000000,0
jps.global.initialize.library.bridges.ms,1771249702047000000,1771249762046000000,0
workspaceModel.mutableEntityStorage.changeLog.addReplaceEventForRemovedChild.ms,1771249702047000000,1771249762046000000,0
workspaceModel.mutableEntityStorage.entities.by.source.ms,1771249702047000000,1771249762046000000,0
workspaceModel.moduleManagerBridge.set.unloadedModules.ms,1771249702047000000,1771249762046000000,0
jps.module.iml.entities.serializer.save.entities.ms,1771249702047000000,1771249762046000000,0
workspaceModel.load.cache.from.file.ms,1771249702047000000,1771249762046000000,0
jps.facet.change.listener.init.bridge.ms,1771249702047000000,1771249762046000000,0
jps.project.serializers.save.ms,1771249702047000000,1771249762046000000,0
jps.modifiable.module.model.bridge.renaming.ms,1771249702047000000,1771249762046000000,0
workspaceModel.global.apply.state.to.project.ms,1771249702047000000,1771249762046000000,0
workspaceModel.mutableEntityStorage.mutable.ext.mapping.ms,1771249702047000000,1771249762046000000,0
workspaceModel.global.updates.ms,1771249702047000000,1771249762046000000,0
jps.load.project.to.empty.storage.ms,1771249702047000000,1771249762046000000,0
workspaceModel.moduleManagerBridge.build.module.graph.ms,1771249702047000000,1771249762046000000,0
jps.modifiable.module.model.bridge.disposing.ms,1771249702047000000,1771249762046000000,0
cacheStateStorage.get.duration,1771249702047000000,1771249762046000000,0
cacheStateStorage.set.duration,1771249702047000000,1771249762046000000,0
cacheStateStorage.set.counter,1771249702047000000,1771249762046000000,0
cacheStateStorage.get.counter,1771249702047000000,1771249762046000000,0
FilePageCache.pageFastCacheHits,1771249702047000000,1771249762046000000,0
StorageLockContext.competingThreads.max,1771249702047000000,1771249762046000000,0
DirectByteBufferAllocator.disposed,1771249702047000000,1771249762046000000,0
DirectByteBufferAllocator.totalSizeOfBuffersAllocatedInBytes,1771249702047000000,1771249762046000000,630194176
StreamlinedBlobStorage.recordsRelocated,1771249702047000000,1771249762046000000,0
MappedFileStorage.totalBytesMapped,1771249702047000000,1771249762046000000,202637312
MappedFileStorage.storages,1771249702047000000,1771249762046000000,16
FilePageCache.capacityInBytes,1771249702047000000,1771249762046000000,629145600
DirectByteBufferAllocator.totalSizeOfBuffersCachedInBytes,1771249702047000000,1771249762046000000,1048576
FilePageCache.totalPageLoadsUs,1771249702047000000,1771249762046000000,0
FilePageCache.maxRegisteredFiles,1771249702047000000,1771249762046000000,1824
StreamlinedBlobStorage.recordsDeleted,1771249702047000000,1771249762046000000,0
DirectByteBufferAllocator.reclaimed,1771249702047000000,1771249762046000000,0
FilePageCache.disposedBuffers,1771249702047000000,1771249762046000000,0
FilePageCache.pageLoadsAboveSizeThreshold,1771249702047000000,1771249762046000000,0
FilePageCache.uncachedFileAccess,1771249702047000000,1771249762046000000,0
StorageLockContext.competingThreads.90P,1771249702047000000,1771249762046000000,0
StorageLockContext.competingThreads.avg,1771249702047000000,1771249762046000000,0.0
DirectByteBufferAllocator.misses,1771249702047000000,1771249762046000000,0
FileChannelInterruptsRetryer.totalRetriedAttempts,1771249702047000000,1771249762046000000,0
FilePageCache.pageLoads,1771249702047000000,1771249762046000000,0
StreamlinedBlobStorage.recordsAllocated,1771249702047000000,1771249762046000000,0
FilePageCache.totalPageDisposalsUs,1771249702047000000,1771249762046000000,0
DirectByteBufferAllocator.hits,1771249702047000000,1771249762046000000,0
FilePageCache.maxCacheSizeInBytes,1771249702047000000,1771249762046000000,629145600
StreamlinedBlobStorage.totalLiveRecordsCapacityBytes,1771249702047000000,1771249762046000000,0
StreamlinedBlobStorage.totalLiveRecordsPayloadBytes,1771249702047000000,1771249762046000000,0
FilePageCache.pageHits,1771249702047000000,1771249762046000000,0
MappedFileStorage.totalTimeSpentOnMappingUs,1771249702047000000,1771249762046000000,225580
MappedFileStorage.totalPagesMapped,1771249702047000000,1771249762046000000,16
VFS.cache.segments,1771249702047000000,1771249762046000000,229.0
VFS.fileByIdCache.misses,1771249702047000000,1771249762046000000,0
VFS.invertedFileNameIndex.requests,1771249702047000000,1771249762046000000,0
VFS.fileChildByName,1771249702047000000,1771249762046000000,0
VFS.fileByIdCache.hits,1771249702047000000,1771249762046000000,0
VFS.contentStorage.recordsStoredCompressed,1771249702047000000,1771249762046000000,0
FileNameCache.totalMisses,1771249702047000000,1771249762046000000,0
VFS.cache.filesCreated,1771249702047000000,1771249762046000000,0
VFS.contentStorage.recordsReadSize,1771249702047000000,1771249762046000000,0
VFS.contentStorage.recordsUncompressedSize,1771249702047000000,1771249762046000000,0
FileNameCache.queries,1771249702047000000,1771249762046000000,0
VFS.rootsCount,1771249702047000000,1771249762046000000,317.0
VFS.contentStorage.recordsDecompressionTimeUs,1771249702047000000,1771249762046000000,0
VFS.contentStorage.recordsRead,1771249702047000000,1771249762046000000,0
VFS.contentStorage.recordsStored,1771249702047000000,1771249762046000000,0
VFS.cache.segmentsCreated,1771249702047000000,1771249762046000000,0
VFS.contentStorage.recordsStoredSize,1771249702047000000,1771249762046000000,0
VFS.contentStorage.recordsReadDecompressed,1771249702047000000,1771249762046000000,0
VFS.cache.directoriesCreated,1771249702047000000,1771249762046000000,0
VFS.folderCaseSensitivityReads,1771249702047000000,1771249762046000000,0
VFS.contentStorage.recordsDeduplicated,1771249702047000000,1771249762046000000,0
Indexing.cache.totalCacheMisses,1771249702047000000,1771249762046000000,0
Indexing.writesQueuedMax,1771249702047000000,1771249762046000000,0
Indexes.entries.lookupDuration90PMs,1771249702047000000,1771249762046000000,0.0
Indexing.writesQueuedAvg,1771249702047000000,1771249762046000000,0.0
Indexing.writer_1.totalTimeSpentWritingMs,1771249702047000000,1771249762046000000,0
Indexing.writer_0.totalTimeSpentWritingMs,1771249702047000000,1771249762046000000,0
Indexes.entries.lookups,1771249702047000000,1771249762046000000,0
Indexes.allKeys.lookupDurationMaxMs,1771249702047000000,1771249762046000000,0.0
Indexes.entries.lookupDurationMaxMs,1771249702047000000,1771249762046000000,0.0
Indexing.cache.totalCacheEvicted,1771249702047000000,1771249762046000000,0
Indexes.stubs.lookupDurationMaxMs,1771249702047000000,1771249762046000000,0.0
Indexes.entries.lookupDurationAvgMs,1771249702047000000,1771249762046000000,0.0
Indexes.allKeys.lookupDuration90PMs,1771249702047000000,1771249762046000000,0.0
Indexes.stubs.lookups,1771249702047000000,1771249762046000000,0
Indexes.allKeys.lookups,1771249702047000000,1771249762046000000,0
Indexes.stubs.lookupDurationAvgMs,1771249702047000000,1771249762046000000,0.0
Indexing.totalTimeIndexersSleptMs,1771249702047000000,1771249762046000000,0
Indexing.writer_2.totalTimeSpentWritingMs,1771249702047000000,1771249762046000000,0
Indexes.stubs.lookupDuration90PMs,1771249702047000000,1771249762046000000,0.0
Indexes.allKeys.lookupDurationAvgMs,1771249702047000000,1771249762046000000,0.0
Indexing.cache.totalCacheAccesses,1771249702047000000,1771249762046000000,0
Indexing.writer_3.totalTimeSpentWritingMs,1771249702047000000,1771249762046000000,0
Indexing.writesQueuedMin,1771249702047000000,1771249762046000000,0
workspaceModel.entityStorageSnapshotImpl.instances.count,1771249702047000000,1771249762046000000,0
workspaceModel.updates.count,1771249702047000000,1771249762046000000,0
workspaceModel.workspaceFileIndexContributor.registerFileSets.ms,1771249702047000000,1771249762046000000,0
workspaceModel.init.bridges.ms,1771249702047000000,1771249762046000000,0
workspaceModel.workspaceFileIndexData.getDirectoriesByPackageName.ms,1771249702047000000,1771249762046000000,0
workspaceModel.collect.changes.ms,1771249702047000000,1771249762046000000,0
workspaceModel.workspaceFileIndexData.getFileInfo.ms,1771249702047000000,1771249762046000000,0
workspaceModel.cachedValue.total.get.count,1771249702047000000,1771249762046000000,0
workspaceModel.updates.precise.ms,1771249702047000000,1771249762046000000,0
workspaceModel.on.before.changed.ms,1771249702047000000,1771249762046000000,0
workspaceModel.pre.handlers.ms,1771249702047000000,1771249762046000000,0
workspaceModel.workspaceFileIndexData.updateDirtyEntities.ms,1771249702047000000,1771249762046000000,0
workspaceModel.workspaceFileIndexData.processFileSets.ms,1771249702047000000,1771249762046000000,0
workspaceModel.cachedValue.clear.count,1771249702047000000,1771249762046000000,0
workspaceModel.loading.from.cache.ms,1771249702047000000,1771249762046000000,0
workspaceModel.cachedValueWithParameters.from.cache.count,1771249702047000000,1771249762046000000,0
workspaceModel.cachedValueWithParameters.total.get.count,1771249702047000000,1771249762046000000,0
workspaceModel.cachedValue.from.cache.count,1771249702047000000,1771249762046000000,0
workspaceModel.workspaceFileIndexData.onEntitiesChanged.ms,1771249702047000000,1771249762046000000,0
workspaceModel.workspaceFileIndexData.init.ms,1771249702047000000,1771249762046000000,0
workspaceModel.cachedValueWithParameters.clear.count,1771249702047000000,1771249762046000000,0
workspaceModel.workspaceFileIndexData.getPackageName.ms,1771249702047000000,1771249762046000000,0
workspaceModel.update.unloaded.entities.ms,1771249702047000000,1771249762046000000,0
workspaceModel.to.snapshot.ms,1771249702047000000,1771249762046000000,0
workspaceModel.check.recursive.update.ms,1771249702047000000,1771249762046000000,0
workspaceModel.updates.ms,1771249702047000000,1771249762046000000,0
workspaceModel.full.replace.project.model.ms,1771249702047000000,1771249762046000000,0
workspaceModel.cachedValueWithParameters.calculated.count,1771249702047000000,1771249762046000000,0
workspaceModel.workspaceFileIndexData.visitFileSets.ms,1771249702047000000,1771249762046000000,0
workspaceModel.cachedValue.calculated.count,1771249702047000000,1771249762046000000,0
workspaceModel.initializing.ms,1771249702047000000,1771249762046000000,0
workspaceModel.on.changed.ms,1771249702047000000,1771249762046000000,0
workspaceModel.loading.total.ms,1771249702047000000,1771249762046000000,0
workspaceModel.workspaceFileIndexData.markDirty.ms,1771249702047000000,1771249762046000000,0
workspaceModel.workspaceFileIndexData.instances.count,1771249702047000000,1771249762046000000,0
workspaceModel.replace.project.model.ms,1771249702047000000,1771249762046000000,0
LowMemory.gcOverloaded,1771249702047000000,1771249762046000000,0
writeAction.wait.ms,1771249702047000000,1771249762046000000,0
DiskQueryRelay.tasksRequested,1771249702047000000,1771249762046000000,0
writeAction.max.wait.ms,1771249702047000000,1771249762046000000,158
writeAction.median.wait.ms,1771249702047000000,1771249762046000000,300
writeAction.count,1771249702047000000,1771249762046000000,0
DiskQueryRelay.taskExecutionTotalTimeUs,1771249702047000000,1771249762046000000,0
DiskQueryRelay.tasksExecuted,1771249702047000000,1771249762046000000,0
DiskQueryRelay.taskWaitingTotalTimeUs,1771249702047000000,1771249762046000000,0
LowMemory.gcLoad,1771249702047000000,1771249762046000000,0.0
NonBlockingReadAction.finalizedExecutionsCount,1771249702047000000,1771249762046000000,0
FlushQueue.waitingTime90PNs,1771249702047000000,1771249762046000000,393215
FlushQueue.tasksExecuted,1771249702047000000,1771249762046000000,1169
AWTEventQueue.dispatchTimeMaxNs,1771249702047000000,1771249762046000000,1957887
AWTEventQueue.dispatchTimeTotalNS,1771249702047000000,1771249762046000000,138289253
FlushQueue.waitingTimeMaxNs,1771249702047000000,1771249762046000000,2113535
FlushQueue.executionTimeMaxNs,1771249702047000000,1771249762046000000,1449983
FlushQueue.queueSizeAvg,1771249702047000000,1771249762046000000,2.9144568006843454
FlushQueue.queueSizeMax,1771249702047000000,1771249762046000000,16
NonBlockingReadAction.failedExecutionTimeUs,1771249702047000000,1771249762046000000,0
WriteAction.executionsCount,1771249702047000000,1771249762046000000,0
FlushQueue.queueSize90P,1771249702047000000,1771249762046000000,7
ReadAction.executionsCount,1771249702047000000,1771249762046000000,4
AWTEventQueue.eventsDispatched,1771249702047000000,1771249762046000000,652
FlushQueue.executionTimeAvgNs,1771249702047000000,1771249762046000000,71675.11548331908
NonBlockingReadAction.failedExecutionsCount,1771249702047000000,1771249762046000000,0
FlushQueue.executionTime90PNs,1771249702047000000,1771249762046000000,246783
AWTEventQueue.dispatchTime90PNs,1771249702047000000,1771249762046000000,522239
NonBlockingReadAction.finalizedExecutionTimeUs,1771249702047000000,1771249762046000000,0
AWTEventQueue.dispatchTimeAvgNs,1771249702047000000,1771249762046000000,212112.72392638036
FlushQueue.waitingTimeAvgNs,1771249702047000000,1771249762046000000,208684.87938408897
JVM.totalTimeAtSafepointsMs,1771249762046000000,1771249815083000000,445
JVM.maxHeapBytes,1771249762046000000,1771249815083000000,28840034304
JVM.GC.collectionTimesMs,1771249762046000000,1771249815083000000,344
OS.loadAverage,1771249762046000000,1771249815083000000,3.31005859375
JVM.totalDirectByteBuffersBytes,1771249762046000000,1771249815083000000,47854477
JVM.GC.collections,1771249762046000000,1771249815083000000,13
JVM.usedHeapBytes,1771249762046000000,1771249815083000000,1148521168
MEM.fileMappingsRamBytes,1771249762046000000,1771249815083000000,914571264
JVM.maxThreadCount,1771249762046000000,1771249815083000000,192
JVM.usedNativeBytes,1771249762046000000,1771249815083000000,698833920
MEM.ramMinusFileMappingsBytes,1771249762046000000,1771249815083000000,4357435392
MEM.ramBytes,1771249762046000000,1771249815083000000,5272006656
JVM.committedHeapBytes,1771249762046000000,1771249815083000000,2667577344
JVM.newThreadsCount,1771249762046000000,1771249815083000000,99
JVM.totalBytesAllocated,1771249762046000000,1771249815083000000,7330461024
JVM.totalCpuTimeMs,1771249762046000000,1771249815083000000,72290
JVM.totalSafepointCount,1771249762046000000,1771249815083000000,349
MEM.ramPlusSwapMinusFileMappingsBytes,1771249762046000000,1771249815083000000,4357435392
JVM.totalTimeToSafepointsMs,1771249762046000000,1771249815083000000,275
JVM.threadCount,1771249762046000000,1771249815083000000,87
compiler.ArtifactManagerBridge.commit.ms,1771249762046000000,1771249815083000000,0
compiler.ArtifactModifiableModelBridge.getArtifactsByType.ms,1771249762046000000,1771249815083000000,0
compiler.ArtifactManagerBridge.getArtifactsByType.ms,1771249762046000000,1771249815083000000,0
compiler.ArtifactModifiableModelBridge.getArtifacts.ms,1771249762046000000,1771249815083000000,0
compiler.ArtifactVirtualFileListener.propertyChanged.ms,1771249762046000000,1771249815083000000,0
compiler.ArtifactModifiableModelBridge.commit.ms,1771249762046000000,1771249815083000000,3
compiler.ArtifactManagerBridge.dropMappings.ms,1771249762046000000,1771249815083000000,0
compiler.ArtifactModifiableModelBridge.addArtifact.ms,1771249762046000000,1771249815083000000,0
compiler.ArtifactVirtualFileListener.filePathChanged.ms,1771249762046000000,1771249815083000000,0
compiler.ArtifactManagerBridge.initBridges.ms,1771249762046000000,1771249815083000000,0
compiler.ArtifactManagerBridge.addArtifact.ms,1771249762046000000,1771249815083000000,0
compiler.ArtifactManagerBridge.findArtifact.ms,1771249762046000000,1771249815083000000,0
compiler.ArtifactModifiableModelBridge.findArtifacts.ms,1771249762046000000,1771249815083000000,0
compiler.ArtifactModifiableModelBridge.dispose.ms,1771249762046000000,1771249815083000000,0
compiler.ArtifactManagerBridge.getArtifacts.ms,1771249762046000000,1771249815083000000,0
workspaceModel.delayed.project.synchronizer.sync.ms,1771249762046000000,1771249815083000000,0
jps.reload.project.entities.ms,1771249762046000000,1771249815083000000,0
workspaceModel.sync.entities.ms,1771249762046000000,1771249815083000000,0
jps.load.initial.state.ms,1771249762046000000,1771249815083000000,0
jps.module.iml.entities.serializer.load.entities.ms,1771249762046000000,1771249815083000000,0
jps.modifiable.module.model.bridge.new.module.ms,1771249762046000000,1771249815083000000,0
jps.storage.jps.conf.reader.load.component.ms,1771249762046000000,1771249815083000000,0
jps.apply.loaded.storage.ms,1771249762046000000,1771249815083000000,0
jps.facet.change.listener.before.change.events.ms,1771249762046000000,1771249815083000000,0
workspaceModel.mutableEntityStorage.resolve.ms,1771249762046000000,1771249815083000000,0
jps.artifact.entities.serializer.load.entities.ms,1771249762046000000,1771249815083000000,0
workspaceModel.mutableEntityStorage.add.entity.ms,1771249762046000000,1771249815083000000,0
workspaceModel.mutableEntityStorage.to.snapshot.ms,1771249762046000000,1771249815083000000,0
workspaceModel.mutableEntityStorage.changeLog.addReplaceEventForNewParent.ms,1771249762046000000,1771249815083000000,0
jps.modifiable.module.model.bridge.load.module.ms,1771249762046000000,1771249815083000000,0
workspaceModel.load.cache.metadata.from.file.ms,1771249762046000000,1771249815083000000,0
workspaceModel.do.save.caches.ms,1771249762046000000,1771249815083000000,0
workspaceModel.mutableEntityStorage.put.entity.ms,1771249762046000000,1771249815083000000,0
workspaceModel.moduleManagerBridge.new.nonPersistent.module.ms,1771249762046000000,1771249815083000000,0
workspaceModel.mutableEntityStorage.entities.ms,1771249762046000000,1771249815083000000,0
jps.save.global.entities.ms,1771249762046000000,1771249815083000000,20
workspaceModel.orphan.listener.update.ms,1771249762046000000,1771249815083000000,0
jps.global.get.library.by.name.ms,1771249762046000000,1771249815083000000,0
jps.library.entities.serializer.save.entities.ms,1771249762046000000,1771249815083000000,3
jps.library.entities.serializer.load.entities.ms,1771249762046000000,1771249815083000000,0
jps.app.storage.content.reader.load.component.ms,1771249762046000000,1771249815083000000,0
workspaceModel.moduleManagerBridge.create.module.instance.ms,1771249762046000000,1771249815083000000,0
jps.global.get.libraries.ms,1771249762046000000,1771249815083000000,3
jps.global.handle.changed.events.ms,1771249762046000000,1771249815083000000,0
workspaceModel.mutableEntityStorage.remove.entity.ms,1771249762046000000,1771249815083000000,0
workspaceModel.mutableEntityStorage.hasReferrers.ms,1771249762046000000,1771249815083000000,0
jps.save.changed.project.entities.ms,1771249762046000000,1771249815083000000,15
workspaceModel.moduleManagerBridge.get.modules.ms,1771249762046000000,1771249815083000000,0
workspaceModel.moduleManagerBridge.load.all.modules.ms,1771249762046000000,1771249815083000000,0
jps.global.get.library.ms,1771249762046000000,1771249815083000000,0
workspaceModel.mutableEntityStorage.changeLog.addReplaceEventForRemovedParent.ms,1771249762046000000,1771249815083000000,0
workspaceModel.mutableEntityStorage.referrers.ms,1771249762046000000,1771249815083000000,0
jps.global.initialize.library.bridges.after.loading.ms,1771249762046000000,1771249815083000000,0
workspaceModel.save.cache.to.file.ms,1771249762046000000,1771249815083000000,0
workspaceModel.mutableEntityStorage.mutable.vfurl.index.ms,1771249762046000000,1771249815083000000,0
workspaceModel.mutableEntityStorage.replace.by.source.ms,1771249762046000000,1771249815083000000,0
workspaceModel.mutableEntityStorage.modify.entity.ms,1771249762046000000,1771249815083000000,0
workspaceModel.mutableEntityStorage.collect.changes.ms,1771249762046000000,1771249815083000000,0
workspaceModel.mutableEntityStorage.changeLog.addReplaceEventForNewChild.ms,1771249762046000000,1771249815083000000,0
workspaceModel.moduleManagerBridge.newModule.ms,1771249762046000000,1771249815083000000,0
workspaceModel.mutableEntityStorage.has.same.entities.ms,1771249762046000000,1771249815083000000,0
jps.global.handle.before.change.events.ms,1771249762046000000,1771249815083000000,0
workspaceModel.moduleManagerBridge.load.module.ms,1771249762046000000,1771249815083000000,0
workspaceModel.global.apply.state.to.project.builder.ms,1771249762046000000,1771249815083000000,0
jps.artifact.entities.serializer.save.entities.ms,1771249762046000000,1771249815083000000,0
jps.facet.change.listener.process.change.events.ms,1771249762046000000,1771249815083000000,0
workspaceModel.moduleBridge.update.option.ms,1771249762046000000,1771249815083000000,0
jps.project.serializers.load.ms,1771249762046000000,1771249815083000000,0
jps.module.dependency.index.workspace.model.listener.on.changed.ms,1771249762046000000,1771249815083000000,0
workspaceModel.moduleBridge.before.changed.ms,1771249762046000000,1771249815083000000,0
workspaceModel.moduleBridgeLoader.loading.modules.ms,1771249762046000000,1771249815083000000,0
workspaceModel.global.updates.count,1771249762046000000,1771249815083000000,0
workspaceModel.moduleBridge.facet.initialization.ms,1771249762046000000,1771249815083000000,0
workspaceModel.mutableEntityStorage.instances.count,1771249762046000000,1771249815083000000,1
workspaceModel.mutableEntityStorage.apply.changes.from.ms,1771249762046000000,1771249815083000000,0
jps.global.initialize.library.bridges.ms,1771249762046000000,1771249815083000000,0
workspaceModel.mutableEntityStorage.changeLog.addReplaceEventForRemovedChild.ms,1771249762046000000,1771249815083000000,0
workspaceModel.mutableEntityStorage.entities.by.source.ms,1771249762046000000,1771249815083000000,0
workspaceModel.moduleManagerBridge.set.unloadedModules.ms,1771249762046000000,1771249815083000000,0
jps.module.iml.entities.serializer.save.entities.ms,1771249762046000000,1771249815083000000,7
workspaceModel.load.cache.from.file.ms,1771249762046000000,1771249815083000000,1
jps.facet.change.listener.init.bridge.ms,1771249762046000000,1771249815083000000,0
jps.project.serializers.save.ms,1771249762046000000,1771249815083000000,15
jps.modifiable.module.model.bridge.renaming.ms,1771249762046000000,1771249815083000000,0
workspaceModel.global.apply.state.to.project.ms,1771249762046000000,1771249815083000000,0
workspaceModel.mutableEntityStorage.mutable.ext.mapping.ms,1771249762046000000,1771249815083000000,0
workspaceModel.global.updates.ms,1771249762046000000,1771249815083000000,0
jps.load.project.to.empty.storage.ms,1771249762046000000,1771249815083000000,0
workspaceModel.moduleManagerBridge.build.module.graph.ms,1771249762046000000,1771249815083000000,0
jps.app.storage.content.writer.save.component.ms,1771249762046000000,1771249815083000000,5
jps.modifiable.module.model.bridge.disposing.ms,1771249762046000000,1771249815083000000,0
cacheStateStorage.get.duration,1771249762046000000,1771249815083000000,0
cacheStateStorage.set.duration,1771249762046000000,1771249815083000000,14
cacheStateStorage.set.counter,1771249762046000000,1771249815083000000,131
cacheStateStorage.get.counter,1771249762046000000,1771249815083000000,0
FilePageCache.pageFastCacheHits,1771249762046000000,1771249815083000000,63190
StorageLockContext.competingThreads.max,1771249762046000000,1771249815083000000,0
DirectByteBufferAllocator.disposed,1771249762046000000,1771249815083000000,561
DirectByteBufferAllocator.totalSizeOfBuffersAllocatedInBytes,1771249762046000000,1771249815083000000,41943040
FilePageCache.capacityInBytes,1771249762046000000,1771249815083000000,629145600
DirectByteBufferAllocator.totalSizeOfBuffersCachedInBytes,1771249762046000000,1771249815083000000,41943040
FilePageCache.totalPageLoadsUs,1771249762046000000,1771249815083000000,42967
FilePageCache.maxRegisteredFiles,1771249762046000000,1771249815083000000,1827
DirectByteBufferAllocator.reclaimed,1771249762046000000,1771249815083000000,73
FilePageCache.disposedBuffers,1771249762046000000,1771249815083000000,634
FilePageCache.pageLoadsAboveSizeThreshold,1771249762046000000,1771249815083000000,34
FilePageCache.uncachedFileAccess,1771249762046000000,1771249815083000000,50
StorageLockContext.competingThreads.90P,1771249762046000000,1771249815083000000,0
StorageLockContext.competingThreads.avg,1771249762046000000,1771249815083000000,0.0
DirectByteBufferAllocator.misses,1771249762046000000,1771249815083000000,0
FileChannelInterruptsRetryer.totalRetriedAttempts,1771249762046000000,1771249815083000000,0
FilePageCache.pageLoads,1771249762046000000,1771249815083000000,0
FilePageCache.totalPageDisposalsUs,1771249762046000000,1771249815083000000,33
DirectByteBufferAllocator.hits,1771249762046000000,1771249815083000000,34
FilePageCache.maxCacheSizeInBytes,1771249762046000000,1771249815083000000,629145600
FilePageCache.pageHits,1771249762046000000,1771249815083000000,2470
Indexing.cache.totalCacheMisses,1771249762046000000,1771249815083000000,87739
Indexing.writesQueuedMax,1771249762046000000,1771249815083000000,2
Indexes.entries.lookupDuration90PMs,1771249762046000000,1771249815083000000,0.0
Indexing.writesQueuedAvg,1771249762046000000,1771249815083000000,0.020618556701030927
Indexing.writer_1.totalTimeSpentWritingMs,1771249762046000000,1771249815083000000,8
Indexing.writer_0.totalTimeSpentWritingMs,1771249762046000000,1771249815083000000,10
Indexes.entries.lookups,1771249762046000000,1771249815083000000,7356
Indexes.allKeys.lookupDurationMaxMs,1771249762046000000,1771249815083000000,0.0
Indexes.entries.lookupDurationMaxMs,1771249762046000000,1771249815083000000,12.0
Indexing.cache.totalCacheEvicted,1771249762046000000,1771249815083000000,88873
Indexes.stubs.lookupDurationMaxMs,1771249762046000000,1771249815083000000,44.0
Indexes.entries.lookupDurationAvgMs,1771249762046000000,1771249815083000000,0.06851549755301795
Indexes.allKeys.lookupDuration90PMs,1771249762046000000,1771249815083000000,0.0
Indexes.stubs.lookups,1771249762046000000,1771249815083000000,91575
Indexes.allKeys.lookups,1771249762046000000,1771249815083000000,1
Indexes.stubs.lookupDurationAvgMs,1771249762046000000,1771249815083000000,0.01896863462641967
Indexing.totalTimeIndexersSleptMs,1771249762046000000,1771249815083000000,0
Indexing.writer_2.totalTimeSpentWritingMs,1771249762046000000,1771249815083000000,0
Indexes.stubs.lookupDuration90PMs,1771249762046000000,1771249815083000000,0.0
Indexes.allKeys.lookupDurationAvgMs,1771249762046000000,1771249815083000000,0.0
Indexing.cache.totalCacheAccesses,1771249762046000000,1771249815083000000,243587
Indexing.writer_3.totalTimeSpentWritingMs,1771249762046000000,1771249815083000000,1
Indexing.writesQueuedMin,1771249762046000000,1771249815083000000,0
workspaceModel.entityStorageSnapshotImpl.instances.count,1771249762046000000,1771249815083000000,1
workspaceModel.updates.count,1771249762046000000,1771249815083000000,0
workspaceModel.workspaceFileIndexContributor.registerFileSets.ms,1771249762046000000,1771249815083000000,0
workspaceModel.init.bridges.ms,1771249762046000000,1771249815083000000,0
workspaceModel.workspaceFileIndexData.getDirectoriesByPackageName.ms,1771249762046000000,1771249815083000000,13
workspaceModel.collect.changes.ms,1771249762046000000,1771249815083000000,0
workspaceModel.workspaceFileIndexData.getFileInfo.ms,1771249762046000000,1771249815083000000,243
workspaceModel.cachedValue.total.get.count,1771249762046000000,1771249815083000000,9214
workspaceModel.updates.precise.ms,1771249762046000000,1771249815083000000,0
workspaceModel.on.before.changed.ms,1771249762046000000,1771249815083000000,0
workspaceModel.pre.handlers.ms,1771249762046000000,1771249815083000000,0
workspaceModel.workspaceFileIndexData.updateDirtyEntities.ms,1771249762046000000,1771249815083000000,0
workspaceModel.workspaceFileIndexData.processFileSets.ms,1771249762046000000,1771249815083000000,0
workspaceModel.cachedValue.clear.count,1771249762046000000,1771249815083000000,0
workspaceModel.loading.from.cache.ms,1771249762046000000,1771249815083000000,1
workspaceModel.cachedValueWithParameters.from.cache.count,1771249762046000000,1771249815083000000,676
workspaceModel.cachedValueWithParameters.total.get.count,1771249762046000000,1771249815083000000,677
workspaceModel.cachedValue.from.cache.count,1771249762046000000,1771249815083000000,9210
workspaceModel.workspaceFileIndexData.onEntitiesChanged.ms,1771249762046000000,1771249815083000000,0
workspaceModel.workspaceFileIndexData.init.ms,1771249762046000000,1771249815083000000,0
workspaceModel.cachedValueWithParameters.clear.count,1771249762046000000,1771249815083000000,0
workspaceModel.workspaceFileIndexData.getPackageName.ms,1771249762046000000,1771249815083000000,5
workspaceModel.update.unloaded.entities.ms,1771249762046000000,1771249815083000000,0
workspaceModel.to.snapshot.ms,1771249762046000000,1771249815083000000,0
workspaceModel.check.recursive.update.ms,1771249762046000000,1771249815083000000,0
workspaceModel.updates.ms,1771249762046000000,1771249815083000000,0
workspaceModel.full.replace.project.model.ms,1771249762046000000,1771249815083000000,0
workspaceModel.cachedValueWithParameters.calculated.count,1771249762046000000,1771249815083000000,1
workspaceModel.workspaceFileIndexData.visitFileSets.ms,1771249762046000000,1771249815083000000,0
workspaceModel.cachedValue.calculated.count,1771249762046000000,1771249815083000000,4
workspaceModel.initializing.ms,1771249762046000000,1771249815083000000,0
workspaceModel.on.changed.ms,1771249762046000000,1771249815083000000,0
workspaceModel.loading.total.ms,1771249762046000000,1771249815083000000,4
workspaceModel.workspaceFileIndexData.markDirty.ms,1771249762046000000,1771249815083000000,0
workspaceModel.workspaceFileIndexData.instances.count,1771249762046000000,1771249815083000000,0
workspaceModel.replace.project.model.ms,1771249762046000000,1771249815083000000,0
parser.JSON.time.ns,1771249762046000000,1771249815083000000,480914336
parser.ECMAScript.6.time.ns,1771249762046000000,1771249815083000000,17922500
lexer.JQuery-CSS.time.ns,1771249762046000000,1771249815083000000,123836
lexer.JSON.time.ns,1771249762046000000,1771249815083000000,52496248
parser.XML.time.ns,1771249762046000000,1771249815083000000,737042
lexer.Properties.size.bytes,1771249762046000000,1771249815083000000,14503
lexer.IgnoreLang.time.ns,1771249762046000000,1771249815083000000,123625
lexer.JSON.size.bytes,1771249762046000000,1771249815083000000,2885349
lexer.Lombok.Config.time.ns,1771249762046000000,1771249815083000000,38791
lexer.yaml.time.ns,1771249762046000000,1771249815083000000,1276834
LowMemory.gcOverloaded,1771249762046000000,1771249815083000000,0
parser.Shell.Script.size.bytes,1771249762046000000,1771249815083000000,24940
writeAction.wait.ms,1771249762046000000,1771249815083000000,10
lexer.JQuery-CSS.size.bytes,1771249762046000000,1771249815083000000,660
parser.IgnoreLang.size.bytes,1771249762046000000,1771249815083000000,444
DiskQueryRelay.tasksRequested,1771249762046000000,1771249815083000000,11899
parser.RegExp.size.bytes,1771249762046000000,1771249815083000000,163
lexer.Properties.time.ns,1771249762046000000,1771249815083000000,2530915
lexer.Groovy.time.ns,1771249762046000000,1771249815083000000,4460340
writeAction.max.wait.ms,1771249762046000000,1771249815083000000,158
lexer.XML.time.ns,1771249762046000000,1771249815083000000,131875
writeAction.median.wait.ms,1771249762046000000,1771249815083000000,300
parser.JQuery-CSS.time.ns,1771249762046000000,1771249815083000000,1942126
lexer.JAVA.size.bytes,1771249762046000000,1771249815083000000,226303
lexer.textmate.size.bytes,1771249762046000000,1771249815083000000,1579616
parser.HTML.time.ns,1771249762046000000,1771249815083000000,74388667
parser.Lombok.Config.time.ns,1771249762046000000,1771249815083000000,256625
parser.yaml.time.ns,1771249762046000000,1771249815083000000,3061168
parser.ECMAScript.6.size.bytes,1771249762046000000,1771249815083000000,71858
parser.SVG.time.ns,1771249762046000000,1771249815083000000,7940208
parser.Lombok.Config.size.bytes,1771249762046000000,1771249815083000000,137
lexer.textmate.time.ns,1771249762046000000,1771249815083000000,148624
lexer.HTML.size.bytes,1771249762046000000,1771249815083000000,742990
parser.JSON.size.bytes,1771249762046000000,1771249815083000000,2486713
lexer.Lombok.Config.size.bytes,1771249762046000000,1771249815083000000,137
parser.CSS.size.bytes,1771249762046000000,1771249815083000000,77216
lexer.RegExp.time.ns,1771249762046000000,1771249815083000000,549958
lexer.XML.size.bytes,1771249762046000000,1771249815083000000,6673
parser.XML.size.bytes,1771249762046000000,1771249815083000000,6673
lexer.IgnoreLang.size.bytes,1771249762046000000,1771249815083000000,444
parser.Groovy.time.ns,1771249762046000000,1771249815083000000,66828466
lexer.HTML.time.ns,1771249762046000000,1771249815083000000,158579123
parser.Groovy.size.bytes,1771249762046000000,1771249815083000000,12772
writeAction.count,1771249762046000000,1771249815083000000,15
lexer.Shell.Script.time.ns,1771249762046000000,1771249815083000000,1454874
lexer.JAVA.time.ns,1771249762046000000,1771249815083000000,27471803
DiskQueryRelay.taskExecutionTotalTimeUs,1771249762046000000,1771249815083000000,399986
parser.textmate.time.ns,1771249762046000000,1771249815083000000,400374
lexer.Groovy.size.bytes,1771249762046000000,1771249815083000000,12772
parser.CSS.time.ns,1771249762046000000,1771249815083000000,24340176
parser.Properties.time.ns,1771249762046000000,1771249815083000000,1427169
parser.RegExp.time.ns,1771249762046000000,1771249815083000000,613126
lexer.ECMAScript.6.size.bytes,1771249762046000000,1771249815083000000,7342
parser.HTML.size.bytes,1771249762046000000,1771249815083000000,742990
DiskQueryRelay.tasksExecuted,1771249762046000000,1771249815083000000,11627
parser.JAVA.size.bytes,1771249762046000000,1771249815083000000,233076
lexer.ECMAScript.6.time.ns,1771249762046000000,1771249815083000000,157918
lexer.SVG.time.ns,1771249762046000000,1771249815083000000,2392083
parser.yaml.size.bytes,1771249762046000000,1771249815083000000,8560
parser.JQuery-CSS.size.bytes,1771249762046000000,1771249815083000000,660
lexer.CSS.time.ns,1771249762046000000,1771249815083000000,4130336
parser.SVG.size.bytes,1771249762046000000,1771249815083000000,17961
lexer.RegExp.size.bytes,1771249762046000000,1771249815083000000,163
parser.textmate.size.bytes,1771249762046000000,1771249815083000000,1579616
lexer.Shell.Script.size.bytes,1771249762046000000,1771249815083000000,24940
lexer.yaml.size.bytes,1771249762046000000,1771249815083000000,8560
lexer.CSS.size.bytes,1771249762046000000,1771249815083000000,77216
parser.Shell.Script.time.ns,1771249762046000000,1771249815083000000,151205875
parser.JAVA.time.ns,1771249762046000000,1771249815083000000,313363261
DiskQueryRelay.taskWaitingTotalTimeUs,1771249762046000000,1771249815083000000,1927666
parser.IgnoreLang.time.ns,1771249762046000000,1771249815083000000,662417
lexer.SVG.size.bytes,1771249762046000000,1771249815083000000,17961
LowMemory.gcLoad,1771249762046000000,1771249815083000000,0.0
parser.Properties.size.bytes,1771249762046000000,1771249815083000000,14503
NonBlockingReadAction.finalizedExecutionsCount,1771249762046000000,1771249815083000000,288
AWTEventQueue.dispatchTimeTotalNS,1771249762046000000,1771249815083000000,497987147
NonBlockingReadAction.failedExecutionTimeUs,1771249762046000000,1771249815083000000,19452
NonBlockingReadAction.failedExecutionsCount,1771249762046000000,1771249815083000000,1
NonBlockingReadAction.finalizedExecutionTimeUs,1771249762046000000,1771249815083000000,141133
