2026-02-16 13:54:16,144 [      5]   INFO - #c.i.p.i.b.AppStarter - ------------------------------------------------------ IDE STARTED ------------------------------------------------------
2026-02-16 13:54:16,146 [      7]   INFO - #c.i.p.i.b.AppStarter - loading shell environment is turned off
2026-02-16 13:54:16,149 [     10]   INFO - #c.i.p.i.b.AppStarter - Will skip the config import to directory "/root/.config/idea" (exists = true). Current entries: "options", "ide.vmoptions".
2026-02-16 13:54:16,155 [     16]   INFO - #c.i.p.i.b.AppStarter - JNA library (64-bit) loaded in 9 ms
2026-02-16 13:54:16,159 [     20]   INFO - #c.i.p.i.b.AppStarter - IDE: Qodana for JVM (build #QDJVM-253.31399, Mon, 16 Feb 2026 13:54:16 GMT)
2026-02-16 13:54:16,159 [     20]   INFO - #c.i.p.i.b.AppStarter - OS: Linux (6.10.14-linuxkit)
2026-02-16 13:54:16,159 [     20]   INFO - #c.i.p.i.b.AppStarter - JRE: 21.0.10+7-b1163.108, aarch64 (JetBrains s.r.o.)
2026-02-16 13:54:16,160 [     21]   INFO - #c.i.p.i.b.AppStarter - JVM: 21.0.10+7-b1163.108 (OpenJDK 64-Bit Server VM)
2026-02-16 13:54:16,160 [     21]   INFO - #c.i.p.i.b.AppStarter - PID: 62
2026-02-16 13:54:16,160 [     21]   INFO - #c.i.p.i.b.AppStarter - desktop: null
2026-02-16 13:54:16,160 [     21]   INFO - #c.i.p.i.b.AppStarter - toolkit: sun.awt.HeadlessToolkit
2026-02-16 13:54:16,164 [     25]   INFO - #c.i.p.i.b.AppStarter - JVM options: [abort, vfprintf, -XX:ErrorFile=/root/java_error_in_idea_%p.log, -XX:HeapDumpPath=/root/java_error_in_idea.hprof, -Xms128m, -XX:JbrShrinkingGcMaxHeapFreeRatio=40, -XX:ReservedCodeCacheSize=512m, -XX:+HeapDumpOnOutOfMemoryError, -XX:-OmitStackTraceInFastThrow, -XX:CICompilerCount=2, -XX:+IgnoreUnrecognizedVMOptions, -XX:+UnlockDiagnosticVMOptions, -XX:TieredOldPercentage=100000, -ea, -Dsun.io.useCanonCaches=false, -Dsun.java2d.metal=true, -Djbr.catch.SIGABRT=true, -Djdk.http.auth.tunneling.disabledSchemes="", -Djdk.attach.allowAttachSelf=true, -Djdk.module.illegalAccess.silent=true, -Djdk.nio.maxCachedBufferSize=2097152, -Djava.util.zip.use.nio.for.zip.file.access=true, -Dkotlinx.coroutines.debug=off, -Djava.nio.file.spi.DefaultFileSystemProvider=com.intellij.platform.core.nio.fs.MultiRoutingFileSystemProvider, -Dintellij.plugins.custom.built.in.repository.url=https://buildserver.labs.intellij.net/guestAuth/repository/download/ijplatform_IjPlatform253_IdeaInstallersBuild/877163639:id/IU-plugins/plugins.xml,https://buildserver.labs.intellij.net/guestAuth/repository/download/ijplatform_IjPlatform253_IdeaInstallersBuild/877163639:id/IU-plugins/auto-uploading/plugins.xml, -Dsun.tools.attach.tmp.only=true, -Dawt.lock.fair=true, -Ddisabled.plugins.file.path=/opt/idea/disabled_plugins.txt, -Didea.config.path=/root/.config/idea, -Didea.headless.enable.statistics=true, -Didea.headless.statistics.device.id=200820300000000-5bdb-7ee4-9f5d-6bfcda02bf94, -Didea.headless.statistics.salt=36f620b84288008fdf0f2c8107a65bd8, -Didea.log.path=/data/results/log, -Didea.plugins.path=/data/cache/plugins/253, -Didea.system.path=/data/cache/idea/253, -Dplugin.path=/opt/idea/custom-plugins/dependencyAnalysis,/opt/idea/custom-plugins/devkit,/opt/idea/custom-plugins/hardcodedPasswords,/opt/idea/custom-plugins/jvm-dfa-analysis,/opt/idea/custom-plugins/uiDesigner, -Dqodana.automation.guid=82c46ef9-9f0d-462c-b088-a440dd015e30, -Dqodana.coverage.input=/data/coverage, -XX:MaxRAMPercentage=70, -Xlog:gc*:/data/results/log/gc.log, -Djb.vmOptionsFile=/root/.config/idea/ide.vmoptions, -Djava.system.class.loader=com.intellij.util.lang.PathClassLoader, -Didea.vendor.name=JetBrains, -Didea.paths.selector=IntelliJIdea2025.3, -Djna.boot.library.path=/opt/idea/lib/jna/aarch64, -Djna.nosys=true, -Djna.noclasspath=true, -Dpty4j.preferred.native.folder=/opt/idea/lib/pty4j, -Dio.netty.allocator.type=pooled, -Dskiko.library.path=/opt/idea/lib/skiko-awt-runtime-all, -Dintellij.platform.runtime.repository.path=/opt/idea/modules/module-descriptors.dat, -Dsplash=true, -Daether.connector.resumeDownloads=false, -Dcompose.swing.render.on.graphics=true, --add-opens=java.base/java.io=ALL-UNNAMED, --add-opens=java.base/java.lang=ALL-UNNAMED, --add-opens=java.base/java.lang.ref=ALL-UNNAMED, --add-opens=java.base/java.lang.reflect=ALL-UNNAMED, --add-opens=java.base/java.net=ALL-UNNAMED, --add-opens=java.base/java.nio=ALL-UNNAMED, --add-opens=java.base/java.nio.charset=ALL-UNNAMED, --add-opens=java.base/java.text=ALL-UNNAMED, --add-opens=java.base/java.time=ALL-UNNAMED, --add-opens=java.base/java.util=ALL-UNNAMED, --add-opens=java.base/java.util.concurrent=ALL-UNNAMED, --add-opens=java.base/java.util.concurrent.atomic=ALL-UNNAMED, --add-opens=java.base/java.util.concurrent.locks=ALL-UNNAMED, --add-opens=java.base/jdk.internal.ref=ALL-UNNAMED, --add-opens=java.base/jdk.internal.vm=ALL-UNNAMED, --add-opens=java.base/sun.net.dns=ALL-UNNAMED, --add-opens=java.base/sun.nio=ALL-UNNAMED, --add-opens=java.base/sun.nio.ch=ALL-UNNAMED, --add-opens=java.base/sun.nio.fs=ALL-UNNAMED, --add-opens=java.base/sun.security.ssl=ALL-UNNAMED, --add-opens=java.base/sun.security.util=ALL-UNNAMED, --add-opens=java.desktop/com.sun.java.swing=ALL-UNNAMED, --add-opens=java.desktop/com.sun.java.swing.plaf.gtk=ALL-UNNAMED, --add-opens=java.desktop/java.awt=ALL-UNNAMED, --add-opens=java.desktop/java.awt.dnd.peer=ALL-UNNAMED, --add-opens=java.desktop/java.awt.event=ALL-UNNAMED, --add-opens=java.desktop/java.awt.font=ALL-UNNAMED, --add-opens=java.desktop/java.awt.image=ALL-UNNAMED, --add-opens=java.desktop/java.awt.peer=ALL-UNNAMED, --add-opens=java.desktop/javax.swing=ALL-UNNAMED, --add-opens=java.desktop/javax.swing.plaf.basic=ALL-UNNAMED, --add-opens=java.desktop/javax.swing.text=ALL-UNNAMED, --add-opens=java.desktop/javax.swing.text.html=ALL-UNNAMED, --add-opens=java.desktop/javax.swing.text.html.parser=ALL-UNNAMED, --add-opens=java.desktop/sun.awt=ALL-UNNAMED, --add-opens=java.desktop/sun.awt.X11=ALL-UNNAMED, --add-opens=java.desktop/sun.awt.datatransfer=ALL-UNNAMED, --add-opens=java.desktop/sun.awt.image=ALL-UNNAMED, --add-opens=java.desktop/sun.font=ALL-UNNAMED, --add-opens=java.desktop/sun.java2d=ALL-UNNAMED, --add-opens=java.desktop/sun.swing=ALL-UNNAMED, --add-opens=java.management/sun.management=ALL-UNNAMED, --add-opens=jdk.attach/sun.tools.attach=ALL-UNNAMED, --add-opens=jdk.compiler/com.sun.tools.javac.api=ALL-UNNAMED, --add-opens=jdk.internal.jvmstat/sun.jvmstat.monitor=ALL-UNNAMED, --add-opens=jdk.jdi/com.sun.tools.jdi=ALL-UNNAMED, -Dqodana.application=true, -Dintellij.platform.load.app.info.from.resources=true, -Dfus.internal.reduce.initial.delay=true, -Didea.headless.statistics.max.files.to.send=5000, -Djava.awt.headless=true, -Didea.qodana.thirdpartyplugins.accept=true, -Dide.warmup.use.predicates=false, -Dvcs.log.index.enable=false, -Didea.job.launcher.without.timeout=true, -Dscanning.in.smart.mode=false, -Deap.login.enabled=false, -Dsdk.download.consent=true, -Dide.activity.tracking.enable.debug=true, -Deslint.service.expiration.timeout.ms=5000, -Dphp.additional.library.manager.new.updater=true, -Dide.region.url.mapping.expiration.timeout=7200, -Dexternal.system.auto.import.headless.async=true, -Dmaven.default.headless.import=true, -Dide.do.not.check.ls.on.startup=true, -Dintellij.console.use.severe.log.level=true, -Dqodana.product.name=Qodana for JVM, -Dqodana.build.number=QDJVM-253.31399, -Dqodana.eap=false, -Dide.native.launcher=true]
2026-02-16 13:54:16,164 [     25]   INFO - #c.i.p.i.b.AppStarter - args: qodana --config-dir /tmp/qd-effective-config-2083002209 /data/project /data/results
2026-02-16 13:54:16,165 [     26]   INFO - #c.i.p.i.b.AppStarter - library path: /usr/java/packages/lib:/usr/lib64:/lib64:/lib:/usr/lib
2026-02-16 13:54:16,165 [     26]   INFO - #c.i.p.i.b.AppStarter - boot library path: /opt/idea/jbr/lib
2026-02-16 13:54:16,166 [     27]   INFO - #c.i.p.i.b.AppStarter - locale=en_US JNU=UTF-8 file.encoding=UTF-8
    idea.home.path=/opt/idea
    idea.config.path=/root/.config/idea
    idea.system.path=/data/cache/idea/253
    idea.plugins.path=/data/cache/plugins/253 -> java.nio.file.NoSuchFileException: /data/cache/plugins/253
    idea.log.path=/data/results/log
2026-02-16 13:54:16,168 [     29]   INFO - #c.i.p.i.b.AppStarter - CPU cores: 8; ForkJoinPool.commonPool: java.util.concurrent.ForkJoinPool@2b3d3ca7[Running, parallelism = 8, size = 0, active = 0, running = 0, steals = 0, tasks = 0, submissions = 0]; factory: com.intellij.concurrency.IdeaForkJoinWorkerThreadFactory@202f2e33
2026-02-16 13:54:16,543 [    404]   WARN - #c.i.i.p.PluginManager - Dist index is missing or corrupted; an OLD, DEPRECATED, SOON-TO-BE-UNSUPPORTED implementation will be used
2026-02-16 13:54:16,705 [    566]   INFO - #c.i.i.p.PluginManager - Ignoring cached broken plugins file from an earlier IDE build (IU-253.31399)
2026-02-16 13:54:16,738 [    599]   INFO - #c.i.i.p.PluginManager - Plugin set resolution:
Module intellij.textmate.frontend.split is not enabled because dependency intellij.platform.frontend.split is not available
Module intellij.json.frontend.split is not enabled because dependency intellij.platform.frontend.split is not available
Module intellij.yaml.frontend.split is not enabled because dependency intellij.platform.frontend.split is not available
Module intellij.sh.frontend.split is not enabled because dependency intellij.platform.frontend.split is not available
Module intellij.properties/copyright is not enabled because dependency com.intellij.copyright is not available
Module intellij.sh.python is not enabled because dependency com.intellij.modules.python is not available
Module intellij.sh.markdown is not enabled because dependency org.intellij.plugins.markdown is not available
Module intellij.sh.copyright is not enabled because dependency com.intellij.copyright is not available
Module intellij.sh.terminal is not enabled because dependency org.jetbrains.plugins.terminal is not available
Module intellij.yaml.helm is not enabled because dependency org.jetbrains.plugins.go-template is not available
Module intellij.editorconfig.frontend.split is not enabled because dependency intellij.platform.frontend.split is not available
Module intellij.platform.identifiers.highlighting.backend is not enabled because dependency com.jetbrains.codeWithMe is not available
Module intellij.css.watcher is not enabled because dependency com.intellij.plugins.watcher is not available
Module intellij.css.frontend.split is not enabled because dependency intellij.platform.frontend.split is not available
Module intellij.css.copyright is not enabled because dependency com.intellij.copyright is not available
Module intellij.less/copyright is not enabled because dependency intellij.css.copyright is not available
Module intellij.less/watcher is not enabled because dependency com.intellij.plugins.watcher is not available
Module intellij.sass.watcher is not enabled because dependency com.intellij.plugins.watcher is not available
Module intellij.sass.frontend.split is not enabled because dependency intellij.css.frontend.split is not available
Module intellij.sass.copyright is not enabled because dependency intellij.css.copyright is not available
Module intellij.platform.images.copyright is not enabled because dependency com.intellij.copyright is not available
Module intellij.javascript.debugger.webDeployment is not enabled because dependency com.jetbrains.plugins.webDeployment is not available
Module intellij.database.frontend.split is not enabled because dependency intellij.platform.frontend.split is not available
Module intellij.database.sql.copyright is not enabled because dependency com.intellij.copyright is not available
Module intellij.database.completionMlRanking is not enabled because dependency com.intellij.completion.ml.ranking is not available
Module intellij.database.docker is not enabled because dependency intellij.clouds.docker is not available
Module intellij.database.diagrams is not enabled because dependency com.intellij.diagram is not available
Module intellij.microservices.jvm.cron is not enabled because dependency com.intellij.cron is not available
Module intellij.microservices.jvm.yaml is not enabled because dependency intellij.microservices.jvm.cron is not available
Module intellij.java.terminal is not enabled because dependency org.jetbrains.plugins.terminal is not available
Module intellij.java.performancePlugin is not enabled because dependency intellij.performanceTesting.vcs is not available
Module intellij.java.featuresTrainer is not enabled because dependency training is not available
Module intellij.groovy/byte-code-viewer is not enabled because dependency ByteCodeViewer is not available
Module intellij.groovy/ant is not enabled because dependency AntSupport is not available
Module intellij.spring.boot.initializr/auto-testing is not enabled because dependency com.jetbrains.performancePlugin is not available
Module intellij.kotlin.devkit.k1 is not enabled because dependency com.intellij.modules.kotlin.k1 is not available
Module intellij.devkit.workspaceModel.k1 is not enabled because dependency com.intellij.modules.kotlin.k1 is not available
Module intellij.kotlin.performanceExtendedPlugin is not enabled because dependency intellij.performanceTesting.vcs is not available
Module intellij.kotlin.jvm.decompiler is not enabled because dependency org.jetbrains.java.decompiler is not available
Module intellij.kotlin.featuresTrainer is not enabled because dependency intellij.java.featuresTrainer is not available
Module intellij.kotlin.completion.ml is not enabled because dependency com.intellij.completion.ml.ranking is not available
Module intellij.kotlin.copyright is not enabled because dependency com.intellij.copyright is not available
Module kotlin-ultimate.profiler is not enabled because dependency com.intellij.LineProfiler is not available
Module intellij.ktor/swagger is not enabled because dependency com.intellij.swagger is not available
Module intellij.ktor/markdown is not enabled because dependency org.intellij.plugins.markdown is not available
Module intellij.android.gradle.dsl.declarative is not enabled because dependency com.android.tools.gradle.dcl is not available
Module intellij.toml.frontend.split is not enabled because dependency intellij.platform.frontend.split is not available
Module intellij.spring.graph is not enabled because dependency com.intellij.diagram is not available
Module intellij.javaee.cdi/diagram is not enabled because dependency com.intellij.diagram is not available
Module intellij.javaee.jax.rs/swagger is not enabled because dependency com.intellij.swagger is not available
Module intellij.webDeployment.transport is not enabled because dependency com.jetbrains.plugins.webDeployment is not available
Module intellij.spring.integration.core/diagram is not enabled because dependency intellij.spring.graph is not available
Module intellij.spring.boot.cron is not enabled because dependency intellij.microservices.jvm.cron is not available
Module intellij.spring.boot.cron.yaml is not enabled because dependency intellij.spring.boot.cron is not available
Module intellij.spring.boot.cron.properties is not enabled because dependency intellij.spring.boot.cron is not available
Module intellij.spring.boot.rewrite is not enabled because dependency com.intellij.openRewrite is not available
Module intellij.spring.boot.run.diagram is not enabled because dependency intellij.spring.graph is not available
Module intellij.httpClient.grpc is not enabled because dependency idea.plugin.protoeditor is not available
Module intellij.httpClient.injection.graphql is not enabled because dependency com.intellij.lang.jsgraphql is not available
Module intellij.spring.jsf is not enabled because dependency com.intellij.jsf is not available
Module intellij.javaee.jsp.base.impl/copyright is not enabled because dependency com.intellij.copyright is not available
Module intellij.javaee.jsp.base.impl/servers is not enabled because dependency com.intellij.javaee.app.servers.integration is not available
Module intellij.postcss/copyright is not enabled because dependency intellij.css.copyright is not available
Module intellij.spring.data.liquibase is not enabled because dependency com.intellij.liquibase is not available
Module intellij.javaee.persistence.diagram is not enabled because dependency com.intellij.diagram is not available
Module intellij.javaee.jpa.diagram is not enabled because dependency intellij.javaee.persistence.diagram is not available
Module intellij.grazie.markdown is not enabled because dependency org.intellij.plugins.markdown is not available
Module intellij.java.ide.customization/training is not enabled because dependency intellij.java.featuresTrainer is not available
Module kotlin-ultimate.native-debugger is not enabled because dependency intellij.cidr.runner is not available
Module kotlin-ultimate.ultimate-native is not enabled because dependency kotlin-ultimate.native-debugger is not available
Module intellij.vcs.git/terminal is not enabled because dependency org.jetbrains.plugins.terminal is not available
Module intellij.javascript.debugger.webstorm.specific is not enabled because dependency com.intellij.modules.webstorm is not available
Module intellij.aqua.runners.cypress is not enabled because dependency intellij.sh.terminal is not available
Module intellij.javascript.backend/diagrams is not enabled because dependency com.intellij.diagram is not available
Module intellij.qodana.jvm.swagger is not enabled because dependency com.intellij.swagger is not available
Module intellij.qodana.python.community is not enabled because dependency com.intellij.modules.python is not available
Module intellij.qodana.cpp is not enabled because dependency intellij.clion.radler.core is not available
Module intellij.qodana.python.coverage is not enabled because dependency intellij.python is not available
Module intellij.qodana.php is not enabled because dependency com.jetbrains.php is not available
Module intellij.qodana.go is not enabled because dependency intellij.go.coverage is not available
Module intellij.hardcodedPasswords.go is not enabled because dependency org.jetbrains.plugins.go is not available
Module intellij.hardcodedPasswords.python is not enabled because dependency com.intellij.modules.python is not available
Module intellij.hardcodedPasswords.php is not enabled because dependency com.jetbrains.php is not available
Module intellij.dependencyAnalysis.dotnet is not enabled because dependency intellij.rider is not available
Module intellij.dependencyAnalysis.go is not enabled because dependency org.jetbrains.plugins.go is not available
Module intellij.dependencyAnalysis.python is not enabled because dependency Pythonid is not available
Module intellij.dependencyAnalysis.php is not enabled because dependency com.jetbrains.php is not available
Module intellij.vuejs.markdown is not enabled because dependency intellij.markdown is not available
Module intellij.vuejs.copyright is not enabled because dependency com.intellij.copyright is not available
Module intellij.packageChecker.php is not enabled because dependency com.jetbrains.php is not available
Module intellij.packageChecker.python is not enabled because dependency com.intellij.modules.python is not available
Module intellij.packageChecker.go is not enabled because dependency org.jetbrains.plugins.go is not available
Module intellij.packageChecker.amper is not enabled because dependency org.jetbrains.amper is not available
Module intellij.spring.mvc.impl/swagger is not enabled because dependency com.intellij.swagger is not available
Module intellij.spring.mvc.impl/thymeleaf is not enabled because dependency intellij.thymeleaf.paid is not available
Module intellij.microservices.diagrams is not enabled because dependency com.intellij.diagram is not available
2026-02-16 13:54:16,749 [    610]   INFO - #c.i.i.p.PluginManager - Loaded bundled plugins: IDEA CORE (253.31399), TextMate Bundles (253.31399.0), JSON (253.31399.0), YAML (253.31399.0), Database Tools and SQL (253.31399.0), JavaScript and TypeScript (253.31399.0), Properties (253.31399.0), DevKit Runtime (253.31399.0), Java (253.31399.0), Shell Script (253.31399.0), Data Editor Support (253.31399.0), Qodana (253.31399.0), Mercurial (253.31399.0), Gradle (253.31399.0), EditorConfig (253.31399.0), JetBrains Ultimate (253.31399.0), Spring (253.31399.0), CSS (253.31399.0), Artifacts Repository Search (253.31399.0), Less (253.31399.0), Sass (253.31399.0), Images (253.31399.0), JavaScript Debugger (253.31399.0), JVM Microservices Frameworks (253.31399.0), Jakarta EE: JPA Model (253.31399.0), FreeMarker (253.31399.0), AOP Pointcut Language (253.31399.0), Lombok (253.31399.0), JUnit (253.31399.0), Groovy (253.31399.0), Eclipse Interoperability (253.31399.0), Spring Initializr (253.31399.0), Kotlin (253.31399.0-IJ), Ktor (253.31399.0), Gradle DSL API (253.31399.0), Jakarta EE Platform (253.31399.0), HTML Tools (253.31399.0), Toml (253.31399.0), Java Internationalization (253.31399.0), Spring Messaging (253.31399.0), Jakarta EE: Contexts and Dependency Injection (CDI) (253.31399.0), Spring Security (253.31399.0), Jakarta EE: RESTful Web Services (JAX-RS) (253.31399.0), Spring Integration Patterns (253.31399.0), Spring Cloud (253.31399.0), Spring Boot (253.31399.0), JSONPath (253.31399.0), HTTP Client (253.31399.0), Jakarta EE: Expression Language (EL) (253.31399.0), Jakarta EE: Server Pages (JSP) (253.31399.0), PostCSS (253.31399.0), XPathView + XSLT (253.31399.0), Hibernate (253.31399.0), Spring Data (253.31399.0), Jakarta EE: Persistence (JPA) (253.31399.0), JVM Persistence Frameworks (253.31399.0), TestNG (253.31399.0), Code Coverage for Java (253.31399.0), Jakarta EE: Web/Servlets (253.31399.0), Natural Languages (253.31399.0), Java IDE Customization (253.31399.0), Apache Velocity (253.31399.0), Configuration Script (253.31399.0), Shared Indexes (253.31399.0), Shared Project Indexes (253.31399.0), Git (253.31399.0), Maven (253.31399.0), Gradle for Java (253.31399.0), Webpack (253.31399.0), Styled Components & Styled JSX (253.31399.0), Polymer & Web Components (253.31399.0), React (253.31399.0), Vite (253.31399.0), Prettier (253.31399.0), Next.js (253.31399.0), Karma (253.31399.0), Node.js (253.31399.0), JavaScript Intention Power Pack (253.31399.0), Vue.js (253.31399.0), Package Checker (253.31399.0), Jakarta EE: Bean Validation (253.31399.0), Spring Web (253.31399.0), Endpoints (253.31399.0)
2026-02-16 13:54:16,750 [    611]   INFO - #c.i.i.p.PluginManager - Loaded custom plugins: Plugin DevKit (253.31399.0), Security Analysis by Qodana (253.31399.0), Swing UI Designer (253.31399.0), Hardcoded Passwords (253.31399.0), Dependency Analysis (253.31399.0)
2026-02-16 13:54:16,769 [    630]   INFO - #c.i.i.p.DisabledPluginsState - Plugins to enable: [com.intellij.modules.ultimate],  was already enabled, nothing changed
2026-02-16 13:54:16,769 [    630]   INFO - #c.i.i.p.DisabledPluginsState - Plugins to enable: [com.intellij.modules.ultimate],  was already enabled, nothing changed
2026-02-16 13:54:16,774 [    635]   INFO - #c.i.o.u.LowMemoryWatcherManager - Use ExponentiallySmoothingTracker(90000 ms)
2026-02-16 13:54:16,775 [    636]   INFO - #c.i.o.u.LowMemoryWatcherManager - Subscribing to MemoryPool[G1 Old Gen]{max: 28840034304, threshold: 27398031360 (0.95 * max)}
2026-02-16 13:54:16,776 [    637]   INFO - #c.i.o.u.LowMemoryWatcherManager - Schedule GC-time updating: each 15000ms
2026-02-16 13:54:16,847 [    708]   INFO - #c.i.u.i.PageCacheUtils - File page caching params:
	DEFAULT_PAGE_SIZE: 10485760
	Direct memory to use, max: 28819062784
	FilePageCache: regular
	Regular FilePageCache: 629145600 bytes
	DirectByteBuffers pool: 104857600 bytes
2026-02-16 13:54:16,858 [    719]   INFO - #o.j.q.s.i.s.QodanaApplicationStarter - Command line arguments: [qodana, --config-dir, /tmp/qd-effective-config-2083002209, /data/project, /data/results]
2026-02-16 13:54:16,874 [    735]   INFO - #c.i.u.s.JBUIScale - System scale factor: 1.0 (IDE-managed HiDPI)
2026-02-16 13:54:16,877 [    738]   INFO - #c.i.p.e.i.f.EelMultiRoutingFileSystemBackendInitializationService - Eel MultiRoutingFileSystem backend is initialized
2026-02-16 13:54:16,878 [    739]   INFO - #c.i.l.LocalizationStateServiceImpl - [i18n] Localization property from registry is null
2026-02-16 13:54:16,884 [    745]   INFO - #c.i.o.v.n.i.VfsData - Use SoftReference in VFS cache: true
2026-02-16 13:54:16,909 [    770]   INFO - #c.i.o.v.n.p.PersistentFSLoader - VFS uses names enumerator over mmapped file
2026-02-16 13:54:16,910 [    771]   INFO - #c.i.o.v.n.p.PersistentFSLoader - VFS uses streamlined attributes storage (over mmapped file)
2026-02-16 13:54:16,910 [    771]   INFO - #c.i.o.v.n.p.PersistentFSLoader - VFS uses OverMMappedFile(pageSize=67108864, acquireStorageOwnership=true) storage for main file records table
2026-02-16 13:54:16,911 [    772]   INFO - #c.i.o.v.n.p.PersistentFSLoader - VFS uses content storage over memory-mapped file, with compression algo: LZ4[ > 8000b ]
2026-02-16 13:54:17,007 [    868]   INFO - #c.i.a.o.PathMacrosImpl - Loaded path macros: {MAVEN_REPOSITORY=/data/cache/.m2}
2026-02-16 13:54:17,222 [   1083]   INFO - #c.i.o.v.n.p.PersistentFSLoader - VFS: impl (expected) version=846400, 0 file records, 0 content blobs
2026-02-16 13:54:17,225 [   1086]   INFO - #c.i.o.v.n.p.FSRecordsImpl - VFS initialized: 318 ms, 0 failed attempts, 0 error(s) were recovered
2026-02-16 13:54:17,227 [   1088]   INFO - #c.i.o.v.n.p.FSRecordsImpl - VFS scanned: file-by-name index was populated
2026-02-16 13:54:17,231 [   1092]   INFO - #c.i.o.v.n.p.PersistentFSImpl - VFS.MAX_FILE_LENGTH_TO_CACHE: 1048576
2026-02-16 13:54:17,263 [   1124]   INFO - #c.i.p.k.b.BackendKernelServiceKt - Backend started Kernel
2026-02-16 13:54:17,286 [   1147]   INFO - #c.i.i.p.ExpiredPluginsState - Plugins to skip: []
2026-02-16 13:54:17,289 [   1150]   INFO - #c.i.i.s.StatisticsRegionSettingsServiceImpl - Statistics. Region code is not_set
2026-02-16 13:54:17,304 [   1165]   INFO - #c.i.o.v.n.p.FSRecords - VFS health-check enabled: first after 600000 ms, and each following 43200000 ms, wrap in RA: true
2026-02-16 13:54:17,326 [   1187]   INFO - #c.i.i.s.e.StatisticsEventLoggerProvider - Initialize event logger provider for 'FUS'
2026-02-16 13:54:17,329 [   1190]   INFO - #c.i.s.c.m.SettingsRepositoryToSettingsSyncMigration - No data from settingsRepository in 'settingsRepository' folder => no migration needed
2026-02-16 13:54:17,333 [   1194]   INFO - #c.i.i.s.e.StatisticsEventLoggerProvider - Initialize event logger provider for 'MP'
2026-02-16 13:54:17,334 [   1195]   INFO - #c.i.i.s.e.StatisticsEventLoggerProvider - Initialize event logger provider for 'TRACE'
2026-02-16 13:54:17,335 [   1196]   INFO - #c.i.i.s.e.StatisticsEventLoggerProvider - Initialize event logger provider for 'ML'
2026-02-16 13:54:17,340 [   1201]   INFO - #fleet.kernel.Transactor - Duration: 66.736291ms, change from: fleet.tracing.runtime.Span$Noop@608f4338
2026-02-16 13:54:17,344 [   1205]   INFO - #c.i.u.n.s.CertificateManager - Default SSL context initialized
2026-02-16 13:54:17,350 [   1211]   INFO - #c.i.p.trialPromotion - IDE is not managed
2026-02-16 13:54:17,410 [   1271]   INFO - c.i.p.i.IdeFingerprint - Calculated dependencies fingerprint in 608 ms (hash=1ua3400owindo, buildTime=1771250056, appVersion=QDJVM-253.31399)
2026-02-16 13:54:17,410 [   1271]   INFO - #o.j.i.BuiltInServerManager - built-in server started, port 63342
2026-02-16 13:54:17,517 [   1378]   INFO - #c.i.u.i.c.d.IndexWriter - Use com.intellij.util.indexing.contentQueue.dev.MultiThreadedWithSuspendIndexWriter@10a6e883 as (parallel) index writer implementation
2026-02-16 13:54:17,518 [   1379]   INFO - #c.i.o.v.i.l.NativeFileWatcherImpl - Native file watcher is disabled
2026-02-16 13:54:17,519 [   1380]   INFO - #c.i.u.i.i.SlruIndexStorageCacheProvider - SLRU cache will be used for indexes
2026-02-16 13:54:17,519 [   1380]   INFO - #c.i.u.i.i.MapIndexStorageCacheProvider$Companion - Default index storage cache provider [com.intellij.util.indexing.impl.SlruIndexStorageCacheProvider@4dc09a78] is used
2026-02-16 13:54:17,519 [   1380]   INFO - #c.i.u.i.FileBasedIndexImpl - Loading indexes
2026-02-16 13:54:17,550 [   1411]   INFO - #c.i.i.s.p.i.SharedIndexMainZipStorage - Shared Indexes Storage is opened and empty
2026-02-16 13:54:17,657 [   1518]   INFO - #c.i.i.s.DeviceIdManager - Generating new Device ID for 'MP'
2026-02-16 13:54:17,658 [   1519]   INFO - #c.i.i.s.e.EventLogConfiguration - Generating new salt for MP
2026-02-16 13:54:17,664 [   1525]   INFO - #c.i.f.n.TrigramIndexFilter - Filter exclude extensions is enabled: CustomizableExcludeExtensions([com.intellij.java.JavaLibrarySourcesExcludingIndexFilterExtension@56414a41])
2026-02-16 13:54:17,666 [   1527]   INFO - #c.i.u.i.i.s.IndexStorageLayoutLocator - Layout 'default' will be used to for 'Stubs' index (applicable providers: [default, fake-storage])
2026-02-16 13:54:17,666 [   1527]   INFO - #c.i.u.i.i.s.IndexStorageLayoutLocator - Layout 'default' will be used to for 'TodoIndex' index (applicable providers: [default, fake-storage])
2026-02-16 13:54:17,667 [   1528]   INFO - #c.i.u.i.i.s.IndexStorageLayoutLocator - Layout 'default' will be used to for 'fileIncludes' index (applicable providers: [default, fake-storage])
2026-02-16 13:54:17,667 [   1528]   INFO - #c.i.u.i.i.s.IndexStorageLayoutLocator - Layout 'default' will be used to for 'filetypes' index (applicable providers: [default, fake-storage])
2026-02-16 13:54:17,668 [   1529]   INFO - #c.i.u.i.i.s.IndexStorageLayoutLocator - Layout 'default' will be used to for 'FilenameIndex' index (applicable providers: [default, fake-storage])
2026-02-16 13:54:17,668 [   1529]   INFO - #c.i.u.i.i.s.IndexStorageLayoutLocator - Layout 'default' will be used to for 'IdIndex' index (applicable providers: [default, fake-storage]), shards = 1
2026-02-16 13:54:17,669 [   1530]   INFO - #c.i.u.i.i.s.IndexStorageLayoutLocator - Layout 'default' will be used to for 'Trigram.Index' index (applicable providers: [default, fake-storage]), shards = 1
2026-02-16 13:54:17,677 [   1538]   INFO - #c.i.u.i.i.s.IndexStorageLayoutLocator - Layout 'default' will be used to for 'HashFragmentIndex' index (applicable providers: [default, fake-storage])
2026-02-16 13:54:17,688 [   1549]   INFO - #c.i.u.i.i.s.IndexStorageLayoutLocator - Layout 'default' will be used to for 'FrameworkDetectionIndex' index (applicable providers: [default, fake-storage])
2026-02-16 13:54:17,704 [   1565]   INFO - #c.i.u.i.i.s.IndexStorageLayoutLocator - Layout 'default' will be used to for 'sql.types.count.index' index (applicable providers: [default, fake-storage])
2026-02-16 13:54:17,719 [   1580]   INFO - #c.i.u.i.i.s.IndexStorageLayoutLocator - Layout 'default' will be used to for 'sql.routine.index' index (applicable providers: [default, fake-storage])
2026-02-16 13:54:17,719 [   1580]   INFO - #c.i.u.i.i.s.IndexStorageLayoutLocator - Layout 'default' will be used to for 'XmlTagNames' index (applicable providers: [default, fake-storage])
2026-02-16 13:54:17,722 [   1583]   INFO - #c.i.u.i.i.s.IndexStorageLayoutLocator - Layout 'default' will be used to for 'XmlNamespaces' index (applicable providers: [default, fake-storage])
2026-02-16 13:54:17,728 [   1589]   INFO - #c.i.u.i.i.s.IndexStorageLayoutLocator - Layout 'default' will be used to for 'SchemaTypeInheritance' index (applicable providers: [default, fake-storage])
2026-02-16 13:54:17,730 [   1591]   INFO - #c.i.u.i.i.s.IndexStorageLayoutLocator - Layout 'default' will be used to for 'html5.custom.attributes.index' index (applicable providers: [default, fake-storage])
2026-02-16 13:54:17,735 [   1596]   INFO - #c.i.u.i.i.s.IndexStorageLayoutLocator - Layout 'default' will be used to for 'RelaxSymbolIndex' index (applicable providers: [default, fake-storage])
2026-02-16 13:54:17,758 [   1619]   INFO - #c.i.u.i.i.s.IndexStorageLayoutLocator - Layout 'default' will be used to for 'CssIndex' index (applicable providers: [default, fake-storage])
2026-02-16 13:54:17,759 [   1620]   INFO - #c.i.u.i.i.s.IndexStorageLayoutLocator - Layout 'default' will be used to for 'DomFileIndex' index (applicable providers: [default, fake-storage])
2026-02-16 13:54:17,760 [   1621]   INFO - #c.i.u.i.i.s.IndexStorageLayoutLocator - Layout 'default' will be used to for 'CompassFunctionsIndex' index (applicable providers: [default, fake-storage])
2026-02-16 13:54:17,761 [   1622]   INFO - #c.i.u.i.i.s.IndexStorageLayoutLocator - Layout 'default' will be used to for 'json.file.root.values' index (applicable providers: [default, fake-storage])
2026-02-16 13:54:17,762 [   1623]   INFO - #c.i.u.i.i.s.IndexStorageLayoutLocator - Layout 'default' will be used to for 'editorconfig.index.name' index (applicable providers: [default, fake-storage])
2026-02-16 13:54:17,763 [   1624]   INFO - #c.i.u.i.i.s.IndexStorageLayoutLocator - Layout 'default' will be used to for 'xmlProperties' index (applicable providers: [default, fake-storage])
2026-02-16 13:54:17,763 [   1624]   INFO - #c.i.u.i.i.s.IndexStorageLayoutLocator - Layout 'default' will be used to for 'java.auto.module.name' index (applicable providers: [default, fake-storage])
2026-02-16 13:54:17,763 [   1624]   INFO - #c.i.u.i.i.s.IndexStorageLayoutLocator - Layout 'default' will be used to for 'css.template.selectors' index (applicable providers: [default, fake-storage])
2026-02-16 13:54:17,768 [   1629]   INFO - #c.i.u.i.i.s.IndexStorageLayoutLocator - Layout 'default' will be used to for 'java.source.module.name' index (applicable providers: [default, fake-storage])
2026-02-16 13:54:17,798 [   1659]   INFO - #c.i.u.i.i.s.IndexStorageLayoutLocator - Layout 'default' will be used to for 'java.null.method.argument' index (applicable providers: [default, fake-storage])
2026-02-16 13:54:17,799 [   1660]   INFO - #c.i.u.i.i.s.IndexStorageLayoutLocator - Layout 'default' will be used to for 'java.binary.plus.expression' index (applicable providers: [default, fake-storage])
2026-02-16 13:54:17,801 [   1662]   INFO - #c.i.u.i.i.s.IndexStorageLayoutLocator - Layout 'default' will be used to for 'bytecodeAnalysis' index (applicable providers: [default, fake-storage])
2026-02-16 13:54:17,801 [   1662]   INFO - #c.i.u.i.i.s.IndexStorageLayoutLocator - Layout 'default' will be used to for 'java.fun.expression' index (applicable providers: [default, fake-storage])
2026-02-16 13:54:17,802 [   1663]   INFO - #c.i.u.i.i.s.IndexStorageLayoutLocator - Layout 'default' will be used to for 'IdeaPluginRegistrationIndex' index (applicable providers: [default, fake-storage])
2026-02-16 13:54:17,802 [   1663]   INFO - #c.i.u.i.i.s.IndexStorageLayoutLocator - Layout 'default' will be used to for 'PluginIdModuleIndex' index (applicable providers: [default, fake-storage])
2026-02-16 13:54:17,802 [   1663]   INFO - #c.i.u.i.i.s.IndexStorageLayoutLocator - Layout 'default' will be used to for 'PluginIdDependenciesIndex' index (applicable providers: [default, fake-storage])
2026-02-16 13:54:17,802 [   1663]   INFO - #c.i.u.i.i.s.IndexStorageLayoutLocator - Layout 'default' will be used to for 'devkit.ExtensionPointIndex' index (applicable providers: [default, fake-storage])
2026-02-16 13:54:17,816 [   1677]   INFO - #c.i.u.i.i.s.IndexStorageLayoutLocator - Layout 'default' will be used to for 'devkit.ExtensionPointClassIndex' index (applicable providers: [default, fake-storage])
2026-02-16 13:54:17,820 [   1681]   INFO - #c.i.u.i.i.s.IndexStorageLayoutLocator - Layout 'default' will be used to for 'PropertyCodeReferenceIndex' index (applicable providers: [default, fake-storage])
2026-02-16 13:54:17,820 [   1681]   INFO - #c.i.u.i.i.s.IndexStorageLayoutLocator - Layout 'default' will be used to for 'com.intellij.jpa.jpb.model.EntityRegisterFileIndex' index (applicable providers: [default, fake-storage])
2026-02-16 13:54:17,829 [   1690]   INFO - #c.i.u.i.i.s.IndexStorageLayoutLocator - Layout 'default' will be used to for 'org.jetbrains.kotlin.idea.vfilefinder.KotlinPartialPackageNamesIndex' index (applicable providers: [default, fake-storage])
2026-02-16 13:54:17,829 [   1690]   INFO - #c.i.u.i.i.s.IndexStorageLayoutLocator - Layout 'default' will be used to for 'FtlFileIndex' index (applicable providers: [default, fake-storage])
2026-02-16 13:54:17,830 [   1691]   INFO - #c.i.u.i.i.s.IndexStorageLayoutLocator - Layout 'default' will be used to for 'LombokConfigIndex' index (applicable providers: [default, fake-storage])
2026-02-16 13:54:17,830 [   1691]   INFO - #c.i.u.i.i.s.IndexStorageLayoutLocator - Layout 'default' will be used to for 'org.jetbrains.kotlin.idea.versions.KotlinJvmMetadataVersionIndex' index (applicable providers: [default, fake-storage])
2026-02-16 13:54:17,830 [   1691]   INFO - #c.i.u.i.i.s.IndexStorageLayoutLocator - Layout 'default' will be used to for 'org.jetbrains.kotlin.idea.versions.KotlinJsMetadataVersionIndex' index (applicable providers: [default, fake-storage])
2026-02-16 13:54:17,861 [   1722]   INFO - #c.i.u.i.i.s.IndexStorageLayoutLocator - Layout 'default' will be used to for 'org.jetbrains.kotlin.idea.vfilefinder.KotlinClassFileIndex' index (applicable providers: [default, fake-storage])
2026-02-16 13:54:17,866 [   1727]   INFO - #c.i.u.i.i.s.IndexStorageLayoutLocator - Layout 'default' will be used to for 'org.jetbrains.kotlin.idea.vfilefinder.KotlinJavaScriptMetaFileIndex' index (applicable providers: [default, fake-storage])
2026-02-16 13:54:17,866 [   1727]   INFO - #c.i.u.i.i.s.IndexStorageLayoutLocator - Layout 'default' will be used to for 'org.jetbrains.kotlin.idea.vfilefinder.KotlinMetadataFileIndex' index (applicable providers: [default, fake-storage])
2026-02-16 13:54:17,873 [   1734]   INFO - #c.i.u.i.i.s.IndexStorageLayoutLocator - Layout 'default' will be used to for 'org.jetbrains.kotlin.idea.vfilefinder.KotlinMetadataFilePackageIndex' index (applicable providers: [default, fake-storage])
2026-02-16 13:54:17,878 [   1739]   INFO - #c.i.u.i.i.s.IndexStorageLayoutLocator - Layout 'default' will be used to for 'org.jetbrains.kotlin.idea.vfilefinder.KotlinModuleMappingIndex' index (applicable providers: [default, fake-storage])
2026-02-16 13:54:17,878 [   1739]   INFO - #c.i.u.i.i.s.IndexStorageLayoutLocator - Layout 'default' will be used to for 'KotlinPackageSourcesMemberNamesIndex' index (applicable providers: [default, fake-storage])
2026-02-16 13:54:17,881 [   1742]   INFO - #c.i.u.i.i.s.IndexStorageLayoutLocator - Layout 'default' will be used to for 'org.jetbrains.kotlin.idea.vfilefinder.KotlinJvmModuleAnnotationsIndex' index (applicable providers: [default, fake-storage])
2026-02-16 13:54:17,885 [   1746]   INFO - #c.i.u.i.i.s.IndexStorageLayoutLocator - Layout 'default' will be used to for 'org.jetbrains.kotlin.idea.vfilefinder.KotlinBuiltInsMetadataIndex' index (applicable providers: [default, fake-storage])
2026-02-16 13:54:17,885 [   1746]   INFO - #c.i.u.i.i.s.IndexStorageLayoutLocator - Layout 'default' will be used to for 'org.jetbrains.kotlin.idea.vfilefinder.KotlinStdlibIndex' index (applicable providers: [default, fake-storage])
2026-02-16 13:54:17,887 [   1748]   INFO - #c.i.u.i.i.s.IndexStorageLayoutLocator - Layout 'default' will be used to for 'org.jetbrains.kotlin.idea.vfilefinder.KlibMetaFileIndex' index (applicable providers: [default, fake-storage])
2026-02-16 13:54:17,887 [   1748]   INFO - #c.i.u.i.i.s.IndexStorageLayoutLocator - Layout 'default' will be used to for 'KotlinTopLevelCallableByPackageShortNameIndex' index (applicable providers: [default, fake-storage])
2026-02-16 13:54:17,890 [   1751]   INFO - #c.i.u.i.i.s.IndexStorageLayoutLocator - Layout 'default' will be used to for 'KotlinTopLevelClassLikeDeclarationByPackageShortNameIndex' index (applicable providers: [default, fake-storage])
2026-02-16 13:54:17,897 [   1758]   INFO - #c.i.u.i.i.s.IndexStorageLayoutLocator - Layout 'default' will be used to for 'KotlinBinaryRootToPackageIndex' index (applicable providers: [default, fake-storage])
2026-02-16 13:54:17,898 [   1759]   INFO - #c.i.u.i.i.s.IndexStorageLayoutLocator - Layout 'default' will be used to for 'HtmlTagIdIndex' index (applicable providers: [default, fake-storage])
2026-02-16 13:54:17,900 [   1761]   INFO - #c.i.u.i.i.s.IndexStorageLayoutLocator - Layout 'default' will be used to for 'com.intellij.uiDesigner.FormClassIndex' index (applicable providers: [default, fake-storage])
2026-02-16 13:54:17,902 [   1763]   INFO - #c.i.u.i.i.s.IndexStorageLayoutLocator - Layout 'default' will be used to for 'SpringXmlBeansIndex' index (applicable providers: [default, fake-storage])
2026-02-16 13:54:17,906 [   1767]   INFO - #c.i.u.i.i.s.IndexStorageLayoutLocator - Layout 'default' will be used to for 'spring.spiFileIndex' index (applicable providers: [default, fake-storage])
2026-02-16 13:54:17,906 [   1767]   INFO - #c.i.u.i.i.s.IndexStorageLayoutLocator - Layout 'default' will be used to for 'SpringBootPropertiesImports' index (applicable providers: [default, fake-storage])
2026-02-16 13:54:17,907 [   1768]   INFO - #c.i.u.i.i.s.IndexStorageLayoutLocator - Layout 'default' will be used to for 'spring.autoConfigureMetadataIndex' index (applicable providers: [default, fake-storage])
2026-02-16 13:54:17,908 [   1769]   INFO - #c.i.u.i.i.s.IndexStorageLayoutLocator - Layout 'default' will be used to for 'spring.boot.importsFileIndex' index (applicable providers: [default, fake-storage])
2026-02-16 13:54:17,916 [   1777]   INFO - #c.i.u.i.i.s.IndexStorageLayoutLocator - Layout 'default' will be used to for 'SpringBootYamlImports' index (applicable providers: [default, fake-storage])
2026-02-16 13:54:17,916 [   1777]   INFO - #c.i.u.i.i.s.IndexStorageLayoutLocator - Layout 'default' will be used to for 'http.request.execution.environment' index (applicable providers: [default, fake-storage])
2026-02-16 13:54:17,919 [   1780]   INFO - #c.i.u.i.i.s.IndexStorageLayoutLocator - Layout 'default' will be used to for 'http.request.completion.host' index (applicable providers: [default, fake-storage])
2026-02-16 13:54:17,919 [   1780]   INFO - #c.i.u.i.i.s.IndexStorageLayoutLocator - Layout 'default' will be used to for 'http.request.headers.values.index' index (applicable providers: [default, fake-storage])
2026-02-16 13:54:17,923 [   1784]   INFO - #c.i.u.i.i.s.IndexStorageLayoutLocator - Layout 'default' will be used to for 'http.request.name.index' index (applicable providers: [default, fake-storage])
2026-02-16 13:54:17,928 [   1789]   INFO - #c.i.u.i.i.s.IndexStorageLayoutLocator - Layout 'default' will be used to for 'VtlFileIndex' index (applicable providers: [default, fake-storage])
2026-02-16 13:54:17,928 [   1789]   INFO - #c.i.u.i.i.s.IndexStorageLayoutLocator - Layout 'default' will be used to for 'taglibUris' index (applicable providers: [default, fake-storage])
2026-02-16 13:54:17,928 [   1789]   INFO - #c.i.u.i.i.s.IndexStorageLayoutLocator - Layout 'default' will be used to for 'XsltSymbolIndex' index (applicable providers: [default, fake-storage])
2026-02-16 13:54:17,936 [   1797]   INFO - #c.i.u.i.i.s.IndexStorageLayoutLocator - Layout 'default' will be used to for 'js.test.names' index (applicable providers: [default, fake-storage])
2026-02-16 13:54:17,937 [   1798]   INFO - #c.i.u.i.i.s.IndexStorageLayoutLocator - Layout 'default' will be used to for 'js.package.index' index (applicable providers: [default, fake-storage])
2026-02-16 13:54:17,938 [   1799]   INFO - #c.i.u.i.i.s.IndexStorageLayoutLocator - Layout 'default' will be used to for 'js.custom.single.entry.index' index (applicable providers: [default, fake-storage])
2026-02-16 13:54:17,939 [   1800]   INFO - #c.i.u.i.i.s.IndexStorageLayoutLocator - Layout 'default' will be used to for 'js.implicit.elements.index' index (applicable providers: [default, fake-storage])
2026-02-16 13:54:17,941 [   1802]   INFO - #c.i.u.i.i.s.IndexStorageLayoutLocator - Layout 'default' will be used to for 'js.string.literal.words.index' index (applicable providers: [default, fake-storage])
2026-02-16 13:54:17,947 [   1808]   INFO - #c.i.u.i.i.s.IndexStorageLayoutLocator - Layout 'default' will be used to for 'HtmlScriptSrcIndex' index (applicable providers: [default, fake-storage])
2026-02-16 13:54:17,948 [   1809]   INFO - #c.i.u.i.i.s.IndexStorageLayoutLocator - Layout 'default' will be used to for 'TypeScriptExternalPathCandidates' index (applicable providers: [default, fake-storage])
2026-02-16 13:54:17,948 [   1809]   INFO - #c.i.u.i.i.s.IndexStorageLayoutLocator - Layout 'default' will be used to for 'js.test.names.extensible' index (applicable providers: [default, fake-storage])
2026-02-16 13:54:17,953 [   1814]   INFO - #c.i.u.i.i.s.IndexStorageLayoutLocator - Layout 'default' will be used to for 'WebComponentsIndex' index (applicable providers: [default, fake-storage])
2026-02-16 13:54:17,958 [   1819]   INFO - #c.i.u.i.i.s.IndexStorageLayoutLocator - Layout 'default' will be used to for 'VueNoScriptFilesIndex' index (applicable providers: [default, fake-storage])
2026-02-16 13:54:17,961 [   1822]   INFO - #c.i.u.i.i.s.IndexStorageLayoutLocator - Layout 'default' will be used to for 'VueComponentStylesIndex' index (applicable providers: [default, fake-storage])
2026-02-16 13:54:17,976 [   1837]   INFO - #c.i.u.i.FileBasedIndexImpl - Indices to be built:VueComponentStylesIndex(v = 2),http.request.completion.host(v = 5),KotlinTopLevelCallableByPackageShortNameIndex(v = 3),filetypes(v = 4096),com.intellij.jpa.jpb.model.EntityRegisterFileIndex(v = 0),KotlinTopLevelClassLikeDeclarationByPackageShortNameIndex(v = 3),http.request.execution.environment(v = 3),FrameworkDetectionIndex(v = 65536),SchemaTypeInheritance(v = 2),js.custom.single.entry.index(v = 1123642),org.jetbrains.kotlin.idea.versions.KotlinJsMetadataVersionIndex(v = 3),js.string.literal.words.index(v = 4),PluginIdDependenciesIndex(v = 17),java.fun.expression(v = 6),org.jetbrains.kotlin.idea.vfilefinder.KlibMetaFileIndex(v = 4),XmlTagNames(v = 1),org.jetbrains.kotlin.idea.vfilefinder.KotlinBuiltInsMetadataIndex(v = 4),com.intellij.uiDesigner.FormClassIndex(v = 0),LombokConfigIndex(v = 15),js.implicit.elements.index(v = 1123652),org.jetbrains.kotlin.idea.vfilefinder.KotlinJavaScriptMetaFileIndex(v = 4),sql.types.count.index(v = 0),org.jetbrains.kotlin.idea.vfilefinder.KotlinMetadataFileIndex(v = 2),java.auto.module.name(v = 6),editorconfig.index.name(v = 5),XmlNamespaces(v = 8),org.jetbrains.kotlin.idea.vfilefinder.KotlinJvmModuleAnnotationsIndex(v = 1),spring.boot.importsFileIndex(v = 1),SpringBootPropertiesImports(v = 0),HtmlTagIdIndex(v = 3),VueNoScriptFilesIndex(v = 12),TodoIndex(v = 13),IdeaPluginRegistrationIndex(v = 20),PluginIdModuleIndex(v = 13),Trigram.Index(v = 4),FilenameIndex(v = 258),KotlinPackageSourcesMemberNamesIndex(v = 2),xmlProperties(v = 2),java.binary.plus.expression(v = 4),js.test.names.extensible(v = 257237),VtlFileIndex(v = 1),IdIndex(v = 22),org.jetbrains.kotlin.idea.vfilefinder.KotlinMetadataFilePackageIndex(v = 2),bytecodeAnalysis(v = 11),SpringBootYamlImports(v = 0),HtmlScriptSrcIndex(v = 1),CssIndex(v = 43),RelaxSymbolIndex(v = 0),org.jetbrains.kotlin.idea.vfilefinder.KotlinStdlibIndex(v = 2),java.source.module.name(v = 4),http.request.headers.values.index(v = 4),devkit.ExtensionPointClassIndex(v = 12),org.jetbrains.kotlin.idea.vfilefinder.KotlinPartialPackageNamesIndex(v = 5),spring.autoConfigureMetadataIndex(v = 2),html5.custom.attributes.index(v = 1),css.template.selectors(v = 38),fileIncludes(v = 6),java.null.method.argument(v = 1),http.request.name.index(v = 2),org.jetbrains.kotlin.idea.versions.KotlinJvmMetadataVersionIndex(v = 5),FtlFileIndex(v = 5),devkit.ExtensionPointIndex(v = 12),SpringXmlBeansIndex(v = 661),org.jetbrains.kotlin.idea.vfilefinder.KotlinModuleMappingIndex(v = 5),Stubs(v = 46),PropertyCodeReferenceIndex(v = 0),org.jetbrains.kotlin.idea.vfilefinder.KotlinClassFileIndex(v = 3),DomFileIndex(v = 0),json.file.root.values(v = 5),js.package.index(v = 12),HashFragmentIndex(v = 19111503),spring.spiFileIndex(v = 3),TypeScriptExternalPathCandidates(v = 0),taglibUris(v = 7),CompassFunctionsIndex(v = 41),WebComponentsIndex(v = 5),KotlinBinaryRootToPackageIndex(v = 7),XsltSymbolIndex(v = 0),sql.routine.index(v = 1),js.test.names(v = 25)
2026-02-16 13:54:17,976 [   1837]   INFO - #c.i.u.i.FileBasedIndexImpl - Using simple flusher for indexes
2026-02-16 13:54:17,978 [   1839]   INFO - #c.i.u.i.IndexDataInitializer - Index data initialization done: 455 ms. Initialized indexes: [FilenameIndex, filetypes, sql.types.count.index, Trigram.Index, TodoIndex, IdIndex, HashFragmentIndex, FrameworkDetectionIndex, fileIncludes, RelaxSymbolIndex, html5.custom.attributes.index, SchemaTypeInheritance, XmlNamespaces, sql.routine.index, Stubs, XmlTagNames, java.auto.module.name, CssIndex, java.source.module.name, css.template.selectors, DomFileIndex, CompassFunctionsIndex, xmlProperties, json.file.root.values, editorconfig.index.name, devkit.ExtensionPointIndex, java.binary.plus.expression, java.null.method.argument, IdeaPluginRegistrationIndex, bytecodeAnalysis, PluginIdModuleIndex, PluginIdDependenciesIndex, java.fun.expression, devkit.ExtensionPointClassIndex, PropertyCodeReferenceIndex, com.intellij.jpa.jpb.model.EntityRegisterFileIndex, org.jetbrains.kotlin.idea.versions.KotlinJsMetadataVersionIndex, org.jetbrains.kotlin.idea.versions.KotlinJvmMetadataVersionIndex, org.jetbrains.kotlin.idea.vfilefinder.KotlinPartialPackageNamesIndex, LombokConfigIndex, FtlFileIndex, org.jetbrains.kotlin.idea.vfilefinder.KotlinJavaScriptMetaFileIndex, org.jetbrains.kotlin.idea.vfilefinder.KotlinClassFileIndex, org.jetbrains.kotlin.idea.vfilefinder.KotlinMetadataFileIndex, org.jetbrains.kotlin.idea.vfilefinder.KotlinMetadataFilePackageIndex, org.jetbrains.kotlin.idea.vfilefinder.KotlinModuleMappingIndex, KotlinPackageSourcesMemberNamesIndex, org.jetbrains.kotlin.idea.vfilefinder.KotlinJvmModuleAnnotationsIndex, org.jetbrains.kotlin.idea.vfilefinder.KotlinBuiltInsMetadataIndex, org.jetbrains.kotlin.idea.vfilefinder.KotlinStdlibIndex, KotlinTopLevelCallableByPackageShortNameIndex, KotlinTopLevelClassLikeDeclarationByPackageShortNameIndex, org.jetbrains.kotlin.idea.vfilefinder.KlibMetaFileIndex, KotlinBinaryRootToPackageIndex, HtmlTagIdIndex, SpringXmlBeansIndex, com.intellij.uiDesigner.FormClassIndex, spring.spiFileIndex, SpringBootPropertiesImports, spring.boot.importsFileIndex, spring.autoConfigureMetadataIndex, SpringBootYamlImports, http.request.execution.environment, http.request.completion.host, http.request.headers.values.index, http.request.name.index, XsltSymbolIndex, VtlFileIndex, taglibUris, js.package.index, js.test.names, js.implicit.elements.index, js.string.literal.words.index, js.custom.single.entry.index, js.test.names.extensible, TypeScriptExternalPathCandidates, HtmlScriptSrcIndex, WebComponentsIndex, VueNoScriptFilesIndex, VueComponentStylesIndex].
2026-02-16 13:54:18,153 [   2014]   INFO - #c.i.p.s.StubIndexImpl - Following stub indices will be built:org.jetbrains.kotlin.idea.stubindex.KotlinSuperClassIndex(v = 2),org.jetbrains.kotlin.idea.stubindex.KotlinFilePartClassIndex(v = 2),es6.side.effect.import.index(v = 3),js.global.symbol.index(v = 2),js.generics.index(v = 2),js.imported.bindings.index(v = 2),java.class.shortname(v = 4),java.method.parameter.types(v = 3),ts.embedded.content.index(v = 2),gr.class.fqn.s(v = 5),ts.local.classes(v = 2),js.exported.index(v = 2),vue.id.index(v = 25),org.jetbrains.kotlin.idea.stubindex.KotlinTypeAliasShortNameIndex(v = 2),gr.script.fqn.s(v = 5),org.jetbrains.kotlin.idea.stubindex.KotlinFileFacadeShortNameIndex(v = 3),jvm.static.member.name(v = 2),dom.elementClass(v = 0),Css.ampersand.selector(v = 2),vue.mixin.binding.index(v = 25),gr.annot.members(v = 5),KotlinProbablyNothingFunctionShortNameIndex(v = 2),Css.custom.property(v = 2),Css.id(v = 2),Css.custom.variable(v = 3),KotlinProbablyContractedFunctionShortNameIndex(v = 2),org.jetbrains.kotlin.idea.stubindex.KotlinExactPackagesIndex(v = 2),java.unnamed.class(v = 2),Less.mixins(v = 2),gr.field.name(v = 5),java.annotations(v = 2),java.field.name(v = 2),js.class.index2(v = 3),es6.exported.index(v = 3),js.amd.modules(v = 2),jvm.static.member.type(v = 2),js.symbol.index2(v = 6),amd.baseUrl.index(v = 2),js.export.default.react.component.index(v = 2),Scss.placeholder.selector(v = 2),org.jetbrains.kotlin.idea.stubindex.KotlinScriptFqnIndex(v = 2),KotlinTypeAliasByExpansionShortNameIndex(v = 2),js.element.qualifiedName(v = 3),org.jetbrains.kotlin.idea.stubindex.KotlinTopLevelPropertyFqnNameIndex(v = 3),org.jetbrains.kotlin.idea.stubindex.KotlinInnerTypeAliasClassIdIndex(v = 2),js.doc.modules(v = 2),dom.namespaceKey(v = 1),ts.external.module.name.index(v = 3),gr.method.name(v = 5),gr.annot.method.name(v = 5),vue.global.filters.index(v = 25),KotlinOverridableInternalMembersShortNameIndex(v = 2),JS.framework.markers.index(v = 2),JS.class.super(v = 5),kotlin.primeIndexKey(v = 2),js.gcl.modules(v = 2),KotlinProbablyInjectedFunctionShortNameIndex(v = 2),KotlinTopLevelTypeAliasByPackageIndex(v = 2),KotlinTopLevelExtensionsByReceiverTypeIndex(v = 4),java.anonymous.baseref(v = 2),js.symbol.qualified.names.index(v = 1),vue.options.index(v = 25),java.module.name(v = 4),java.class.fqn(v = 1),ts.global.exported.index(v = 2),Css.attr(v = 2),JS.class.implements(v = 3),org.jetbrains.kotlin.idea.stubindex.KotlinMultifileClassPartIndex(v = 2),org.jetbrains.kotlin.idea.stubindex.KotlinTopLevelTypeAliasFqNameIndex(v = 2),es6.assignment.index(v = 2),org.jetbrains.kotlin.idea.stubindex.KotlinTopLevelClassByPackageIndex(v = 2),java.class.extlist(v = 3),org.jetbrains.kotlin.idea.stubindex.KotlinTopLevelFunctionFqnNameIndex(v = 3),java.record.component.name(v = 2),org.jetbrains.kotlin.idea.stubindex.KotlinSubclassObjectNameIndex(v = 3),JS.global.qualified.elements(v = 3),KotlinTopLevelPropertyByPackageIndex(v = 2),JS.base.types.index(v = 3),KotlinProbablyNothingPropertyShortNameIndex(v = 2),vue.url.index(v = 25),org.jetbrains.kotlin.idea.stubindex.KotlinFileFacadeFqNameIndex(v = 2),KotlinExtensionsInObjectsByReceiverTypeIndex(v = 2),JS.subclass.stub.index(v = 2),java.method.name(v = 2),postcss.custom.media(v = 2),Css.custom.mixin(v = 2),gr.script.class(v = 5),vue.components.index(v = 25),vue.extends.binding.index(v = 25),Scss.mixin(v = 3),js.qualified.shortName(v = 4),sql.table.shortName(v = 3),vue.global.directives.index(v = 25),vue.composition.app.index(v = 25),js.namespace.index(v = 2),org.jetbrains.kotlin.idea.stubindex.KotlinFunctionShortNameIndex(v = 3),Css.class(v = 3),sql.names(v = 21),Less.variables(v = 2),org.jetbrains.kotlin.idea.stubindex.KotlinPropertyShortNameIndex(v = 2),gr.class.super(v = 5),KotlinTopLevelExpectFunctionFqNameIndex(v = 2),js.lazy.packages(v = 3),js.typedef.index2(v = 2),ts.external.module.index(v = 3),js.used.remote.modules(v = 2),vuex.store.index(v = 25),Scss.function(v = 3),gr.anonymous.class(v = 6),org.jetbrains.kotlin.idea.stubindex.KotlinClassShortNameIndex(v = 3),postcss.custom.selector(v = 2),org.jetbrains.kotlin.idea.stubindex.KotlinFullClassNameIndex(v = 3),KotlinFileFacadeClassByPackageIndex(v = 2),amd.requirePaths.index(v = 2),js.nonglobal.symbol.index(v = 2),redis.dml.shortName(v = 3),KotlinTopLevelFunctionByPackageIndex(v = 2),sql.column.name(v = 3),KotlinTopLevelExpectPropertyFqNameIndex(v = 2),org.jetbrains.kotlin.idea.stubindex.KotlinAnnotationsIndex(v = 3),org.jetbrains.kotlin.idea.stubindex.KotlinJvmNameAnnotationIndex(v = 2),Scss.variable(v = 2),properties.index(v = 2),js.local.namespace.members.index(v = 2)
2026-02-16 13:54:18,153 [   2014]   INFO - #c.i.u.i.IndexDataInitializer - Index data initialization done: 175 ms. Initialized stub indexes: {vue.url.index, js.used.remote.modules, org.jetbrains.kotlin.idea.stubindex.KotlinSuperClassIndex, es6.exported.index, js.local.namespace.members.index, java.method.name, org.jetbrains.kotlin.idea.stubindex.KotlinFileFacadeShortNameIndex, js.symbol.index2, js.gcl.modules, Css.class, org.jetbrains.kotlin.idea.stubindex.KotlinFilePartClassIndex, sql.column.name, js.symbol.qualified.names.index, vue.global.filters.index, org.jetbrains.kotlin.idea.stubindex.KotlinTopLevelFunctionFqnNameIndex, org.jetbrains.kotlin.idea.stubindex.KotlinTopLevelPropertyFqnNameIndex, JS.class.super, js.imported.bindings.index, java.class.extlist, ts.external.module.name.index, Css.id, vue.extends.binding.index, Scss.variable, gr.script.class, Scss.placeholder.selector, redis.dml.shortName, ts.global.exported.index, es6.assignment.index, Css.ampersand.selector, js.element.qualifiedName, js.generics.index, Css.attr, jvm.static.member.type, KotlinProbablyInjectedFunctionShortNameIndex, org.jetbrains.kotlin.idea.stubindex.KotlinMultifileClassPartIndex, java.annotations, org.jetbrains.kotlin.idea.stubindex.KotlinClassShortNameIndex, org.jetbrains.kotlin.idea.stubindex.KotlinTopLevelTypeAliasFqNameIndex, js.export.default.react.component.index, java.method.parameter.types, org.jetbrains.kotlin.idea.stubindex.KotlinExactPackagesIndex, KotlinTopLevelTypeAliasByPackageIndex, gr.method.name, org.jetbrains.kotlin.idea.stubindex.KotlinScriptFqnIndex, Css.custom.property, vue.components.index, js.lazy.packages, KotlinTopLevelExpectFunctionFqNameIndex, org.jetbrains.kotlin.idea.stubindex.KotlinTopLevelClassByPackageIndex, gr.script.fqn.s, gr.class.super, Css.custom.variable, java.record.component.name, gr.class.fqn.s, vue.id.index, vue.composition.app.index, js.namespace.index, gr.anonymous.class, gr.annot.members, ts.embedded.content.index, dom.elementClass, ts.local.classes, vue.mixin.binding.index, java.class.fqn, JS.global.qualified.elements, properties.index, Scss.function, org.jetbrains.kotlin.idea.stubindex.KotlinFunctionShortNameIndex, es6.side.effect.import.index, org.jetbrains.kotlin.idea.stubindex.KotlinAnnotationsIndex, org.jetbrains.kotlin.idea.stubindex.KotlinFullClassNameIndex, js.typedef.index2, JS.base.types.index, org.jetbrains.kotlin.idea.stubindex.KotlinPropertyShortNameIndex, org.jetbrains.kotlin.idea.stubindex.KotlinFileFacadeFqNameIndex, java.module.name, js.global.symbol.index, amd.baseUrl.index, KotlinTopLevelExtensionsByReceiverTypeIndex, java.anonymous.baseref, js.qualified.shortName, KotlinTopLevelExpectPropertyFqNameIndex, js.class.index2, JS.subclass.stub.index, gr.annot.method.name, ts.external.module.index, KotlinTopLevelPropertyByPackageIndex, kotlin.primeIndexKey, KotlinProbablyContractedFunctionShortNameIndex, java.unnamed.class, sql.table.shortName, sql.names, jvm.static.member.name, Less.variables, KotlinProbablyNothingFunctionShortNameIndex, postcss.custom.selector, java.class.shortname, org.jetbrains.kotlin.idea.stubindex.KotlinJvmNameAnnotationIndex, KotlinExtensionsInObjectsByReceiverTypeIndex, KotlinTypeAliasByExpansionShortNameIndex, KotlinTopLevelFunctionByPackageIndex, js.nonglobal.symbol.index, JS.framework.markers.index, js.doc.modules, Css.custom.mixin, js.exported.index, js.amd.modules, org.jetbrains.kotlin.idea.stubindex.KotlinTypeAliasShortNameIndex, org.jetbrains.kotlin.idea.stubindex.KotlinSubclassObjectNameIndex, org.jetbrains.kotlin.idea.stubindex.KotlinInnerTypeAliasClassIdIndex, KotlinProbablyNothingPropertyShortNameIndex, amd.requirePaths.index, java.field.name, JS.class.implements, KotlinFileFacadeClassByPackageIndex, postcss.custom.media, Scss.mixin, KotlinOverridableInternalMembersShortNameIndex, vue.global.directives.index, vue.options.index, gr.field.name, vuex.store.index, Less.mixins, dom.namespaceKey}.
2026-02-16 13:54:18,438 [   2299]   INFO - STDOUT - By using this linter, you agree to
2026-02-16 13:54:18,438 [   2299]   INFO - STDOUT - - JetBrains Privacy Policy (https://jb.gg/jetbrains-privacy-policy)
2026-02-16 13:54:18,438 [   2299]   INFO - STDOUT - - Qodana Linters Agreement (https://www.jetbrains.com/legal/docs/agreements/qodana/license/)
2026-02-16 13:54:18,439 [   2300]   INFO - STDOUT - Licensed to JetBrains Team
2026-02-16 13:54:18,439 [   2300]   INFO - STDOUT - Subscription is active until June 30, 2026.
2026-02-16 13:54:18,439 [   2300]   INFO - STDOUT - Qodana license plan: Ultimate Plus
2026-02-16 13:54:18,446 [   2307]   WARN - org.jline - Unable to create a system terminal, creating a dumb terminal (enable debug logging for more information)
2026-02-16 13:54:18,463 [   2324]   WARN - org.jline - Unable to create a system terminal, creating a dumb terminal (enable debug logging for more information)
2026-02-16 13:54:18,467 [   2328]   INFO - STDOUT -                                         
2026-02-16 13:54:18,467 [   2328]   INFO - STDOUT -           _              _       
2026-02-16 13:54:18,468 [   2329]   INFO - STDOUT -          /\ \           /\ \        Qodana for JVM 2025.3.3 Preview
2026-02-16 13:54:18,468 [   2329]   INFO - STDOUT -         /  \ \         /  \ \       Documentation
2026-02-16 13:54:18,468 [   2329]   INFO - STDOUT -        / /\ \ \       / /\ \ \      https://jb.gg/qodana-docs
2026-02-16 13:54:18,468 [   2329]   INFO - STDOUT -       / / /\ \ \     / / /\ \ \     Contact us at
2026-02-16 13:54:18,468 [   2329]   INFO - STDOUT -      / / /  \ \_\   / / /  \ \_\    qodana-support@jetbrains.com
2026-02-16 13:54:18,468 [   2329]   INFO - STDOUT -     / / / _ / / /  / / /   / / /    Or via our issue tracker
2026-02-16 13:54:18,468 [   2329]   INFO - STDOUT -    / / / /\ \/ /  / / /   / / /     https://jb.gg/qodana-issue
2026-02-16 13:54:18,468 [   2329]   INFO - STDOUT -   / / /__\ \ \/  / / /___/ / /      Or share your feedback at our forum
2026-02-16 13:54:18,468 [   2329]   INFO - STDOUT -  / / /____\ \ \ / / /____\/ /       https://jb.gg/qodana-forum
2026-02-16 13:54:18,468 [   2329]   INFO - STDOUT -  \/________\_\/ \/_________/     
2026-02-16 13:54:18,468 [   2329]   INFO - STDOUT -                                                    
2026-02-16 13:54:18,469 [   2330]   INFO - STDOUT -                                         
2026-02-16 13:54:18,469 [   2330]   INFO - STDOUT - Starting up Qodana for JVM 2025.3.3 Preview (build QDJVM-253.31399)…done.
2026-02-16 13:54:30,533 [  14394]   INFO - #o.j.q.j.j.QodanaConfigJdkService - Setting up JDK '21' from Qodana config
2026-02-16 13:54:30,572 [  14433]   INFO - #c.i.o.p.i.j.JdkAuto - Looking for a local SDK for JDK with name 21
2026-02-16 13:54:30,599 [  14460]   INFO - #c.i.o.p.i.j.JdkAuto - The following local JDKs were found: [/opt/idea/jbr, 21.0.10, 21]
2026-02-16 13:54:30,673 [  14534]   INFO - #c.i.w.i.i.j.s.JpsGlobalModelSynchronizerImpl - Loading global entities com.intellij.platform.workspace.jps.entities.SdkEntity from files
2026-02-16 13:54:30,674 [  14535]   INFO - #c.i.w.i.i.j.s.JpsGlobalModelSynchronizerImpl - Loading global entities com.intellij.platform.workspace.jps.entities.LibraryEntity from files
2026-02-16 13:54:30,709 [  14570]   INFO - #c.i.u.s.JBUIScale - Computed user scale factor: 1.0 (IDE-managed HiDPI)
2026-02-16 13:54:31,067 [  14928]   INFO - #c.i.w.i.i.GlobalWorkspaceModel - Global model updated to version 2 in 14 ms: Adding SDK: 21 JavaSDK
2026-02-16 13:54:31,067 [  14928]   INFO - #c.i.o.p.i.UnknownMissingSdkFixLocal - Automatically set Sdk SdkLookup{JDK, name=21} to /opt/idea/jbr
2026-02-16 13:54:31,067 [  14928]   INFO - #o.j.q.j.j.QodanaConfigJdkService - Setting up JDK '21' from Qodana config completed
2026-02-16 13:54:31,071 [  14932]   INFO - #o.j.q.s.i.r.ConsoleLog - Preparing for the Project opening stage ...
2026-02-16 13:54:31,071 [  14932]   INFO - STDOUT - Opening project…Preparing for the Project opening stage ...
2026-02-16 13:54:31,088 [  14949]   INFO - #c.i.i.i.ProjectUtil - Opening existing project with .idea at /data/project
2026-02-16 13:54:31,104 [  14965]   INFO - #c.i.p.p.ProjectEntitiesStorage - Creating entity for project ProjectId(id=45r85qh3agrrbglsusgp)
2026-02-16 13:54:31,111 [  14972]   INFO - #c.i.p.p.ProjectEntitiesStorage - Entity for project ProjectId(id=45r85qh3agrrbglsusgp) created successfully
2026-02-16 13:54:31,122 [  14983]   INFO - #c.i.c.ComponentStoreImpl - Project store initialization started for path: /data/project and template: null
2026-02-16 13:54:31,166 [  15027]   INFO - #c.i.c.ComponentStoreImpl - Project store initialized with paths: [Macro(key=$PROJECT_CONFIG_DIR$, value=/data/project/.idea), Macro(key=$WORKSPACE_FILE$, value=/data/project/.idea/workspace.xml), Macro(key=$PROJECT_FILE$, value=/data/project/.idea/misc.xml), Macro(key=$CACHE_FILE$, value=/data/cache/idea/253/projects/project.15375f63/cache-state.xml), Macro(key=$PRODUCT_WORKSPACE_FILE$, value=/root/.config/idea/workspace/34jFNVRP1mvQHeF1ZhaD1SREEFz.xml)]
2026-02-16 13:54:31,179 [  15040]   INFO - #c.i.w.i.i.GlobalWorkspaceModel - Project java-basics is added to the list of initializing and open projects
2026-02-16 13:54:31,179 [  15040]   INFO - #c.i.w.i.i.l.m.ModuleBridgeLoaderService - Workspace model loaded without cache. Loading real project state into workspace model. Thread[#68,DefaultDispatcher-worker-36,5,main]
2026-02-16 13:54:31,247 [  15108]   INFO - #c.i.w.i.i.EntitiesOrphanageImpl - Update orphanage. 0 modules added
2026-02-16 13:54:31,250 [  15111]   INFO - #c.i.w.i.i.WorkspaceModelImpl - Project model updated to version 1 in 61 ms: Change entity sources to externally imported
2026-02-16 13:54:31,326 [  15187]   INFO - #c.i.w.i.i.GlobalWorkspaceModel - Sync global entities with mutable entity storage
2026-02-16 13:54:31,352 [  15213]   INFO - #c.i.w.i.i.j.s.JpsProjectModelSynchronizer - Attempt 1: Apply JPS storage (iml files)
2026-02-16 13:54:31,377 [  15238]   INFO - #c.i.c.m.CodeInsightContextEnabling - multiverse is enabled
2026-02-16 13:54:31,414 [  15275]   INFO - #c.i.w.i.i.GlobalWorkspaceModel - During global workspace model update the changes were also applied to project: java-basics
2026-02-16 13:54:31,414 [  15275]   INFO - #c.i.w.i.i.GlobalWorkspaceModel - Global model updated to version 3 in 1 ms: Sync entities from project java-basics with global storage
2026-02-16 13:54:31,414 [  15275]   INFO - #c.i.w.i.i.EntitiesOrphanageImpl - Update orphanage. 0 modules added
2026-02-16 13:54:31,424 [  15285]   INFO - #c.i.w.i.i.WorkspaceModelImpl - Project model updated to version 2
2026-02-16 13:54:31,425 [  15286]   INFO - #c.i.w.i.i.EntitiesOrphanageImpl - Update orphanage. 1 modules added
2026-02-16 13:54:31,425 [  15286]   INFO - #c.i.w.i.i.j.s.JpsProjectModelSynchronizer - Attempt 1: Changes were successfully applied
2026-02-16 13:54:31,482 [  15343]   INFO - #c.i.w.i.i.EntitiesOrphanageImpl - Update orphanage. 0 modules added
2026-02-16 13:54:31,483 [  15344]   INFO - #c.i.w.i.i.WorkspaceModelImpl - Project model updated to version 3 in 10 ms: Module model commit
2026-02-16 13:54:31,513 [  15374]   INFO - #c.i.w.i.i.EntitiesOrphanageImpl - Update orphanage. 0 modules added
2026-02-16 13:54:31,514 [  15375]   INFO - #c.i.w.i.i.WorkspaceModelImpl - Project model updated to version 4 in 18 ms: Root model commit
2026-02-16 13:54:31,561 [  15422]   INFO - #c.i.p.c.ProjectCodeStyleSettingsManager - Initialized from default code style settings.
2026-02-16 13:54:31,571 [  15432]   INFO - #c.i.w.i.i.EntitiesOrphanageImpl - Update orphanage. 0 modules added
2026-02-16 13:54:31,571 [  15432]   INFO - #c.i.w.i.i.WorkspaceModelImpl - Project model updated to version 5 in 3 ms: Add project root /data/project to project java-basics
2026-02-16 13:54:31,572 [  15433]   INFO - #c.i.o.p.i.ProjectManagerImpl - Project java-basics was added to the list of open projects
2026-02-16 13:54:31,592 [  15453]   INFO - #c.i.o.p.MergingQueueGuiExecutor - Running task: (dumb mode task) com.intellij.openapi.project.InitialDumbTaskRequiredForSmartMode@2246a05f
2026-02-16 13:54:31,593 [  15454]   INFO - #c.i.o.p.DumbServiceMergingTaskQueue - Initializing DumbServiceMergingTaskQueue...
2026-02-16 13:54:31,594 [  15455]   INFO - #c.i.o.p.DumbServiceMergingTaskQueue - Running initialization condition: com.intellij.indexing.shared.download.SharedIndexDownloadedCondition@44d4c116
2026-02-16 13:54:31,595 [  15456]   INFO - #c.i.o.p.DumbServiceMergingTaskQueue - Finished: com.intellij.indexing.shared.download.SharedIndexDownloadedCondition@44d4c116
2026-02-16 13:54:31,598 [  15459]   INFO - STDOUT - 'external-system' is in progress...
2026-02-16 13:54:31,600 [  15461]   INFO - #c.i.o.p.InitialDumbTaskRequiredForSmartMode - Running task required for smart mode: com.intellij.indexing.shared.platform.impl.OnDiskSharedIndexChunkLocator@73b6ff16
2026-02-16 13:54:31,600 [  15461]   INFO - #c.i.o.p.InitialDumbTaskRequiredForSmartMode - Finished task required for smart mode: com.intellij.indexing.shared.platform.impl.OnDiskSharedIndexChunkLocator@73b6ff16
2026-02-16 13:54:31,601 [  15462]   INFO - #c.i.o.p.InitialDumbTaskRequiredForSmartMode - Running task required for smart mode: com.intellij.util.indexing.ProjectFileBasedIndexStartupActivity@3ea4b938
2026-02-16 13:54:31,604 [  15465]   INFO - #c.i.u.i.FileBasedIndexImpl - Indexes are already loaded
2026-02-16 13:54:31,607 [  15468]   INFO - #c.i.u.i.p.IncrementalProjectIndexableFilesFilterHolder - PersistentProjectIndexableFilesFilterFactory is chosen as indexable files filter factory for project: java-basics
2026-02-16 13:54:31,612 [  15473]   INFO - #c.i.u.i.FileBasedIndexImpl - Indexes are already loaded
2026-02-16 13:54:31,622 [  15483]   INFO - #c.i.u.i.d.AppIndexingDependenciesService - Invalidating all indexing flags. Reason: App fingerprint changed: FingerprintImpl(fingerprint=0) to FingerprintImpl(fingerprint=8723910003805701852)
2026-02-16 13:54:31,629 [  15490]   INFO - #c.i.o.e.s.p.m.ExternalProjectsDataStorage - Load external projects data in 3 millis (read time: 2)
2026-02-16 13:54:31,638 [  15499]   INFO - #c.i.u.i.UnindexedFilesScanner - Full scanning on startup will NOT be skipped for project java-basics because of following unsatisfied conditions:
FILTER_IS_NOT_UP_TO_DATE: Persistent indexable files filter is NOT up-to-date because of following unsatisfied conditions: [IS_FILTER_LOADED_FROM_DISK, FILTER_IS_NOT_INVALIDATED, INDEXING_REQUEST_ID_DID_NOT_CHANGE_AFTER_LAST_SCANNING]
2026-02-16 13:54:31,661 [  15522]   INFO - #c.i.o.p.UnindexedFilesScannerExecutor - [15375f63] Running task: com.intellij.util.indexing.UnindexedFilesScannerExecutorImpl$ScheduledScanningTask@4d4de83e
2026-02-16 13:54:31,662 [  15523]   INFO - #c.i.o.a.i.NonBlockingReadActionImpl - OTel monitoring for NonBlockingReadAction is enabled
2026-02-16 13:54:31,663 [  15524]   INFO - #c.i.w.i.i.EntitiesOrphanageImpl - Update orphanage. 0 modules added
2026-02-16 13:54:31,665 [  15526]   INFO - #c.i.w.i.i.WorkspaceModelImpl - Project model updated to version 6 in 16 ms: ConstantEntitiesCheckActivity
2026-02-16 13:54:31,666 [  15527]   INFO - #c.i.o.p.InitialDumbTaskRequiredForSmartMode - Finished task required for smart mode: com.intellij.util.indexing.ProjectFileBasedIndexStartupActivity@3ea4b938
2026-02-16 13:54:31,666 [  15527]   INFO - #c.i.o.p.InitialDumbTaskRequiredForSmartMode - Running task required for smart mode: com.intellij.util.indexing.FileBasedIndexInfrastructureExtensionStartup@b8ef6dd
2026-02-16 13:54:31,668 [  15529]   INFO - #c.i.i.s.p.i.SharedIndexChunkConfigurationImpl - Chunk bundled-jdk-30f59d01ecdd-26cb7f24e5b0-intellij.indexing.shared.core-QDJVM-253.29648 is not found and is not registered for project 'java-basics'
2026-02-16 13:54:31,678 [  15539]   INFO - #o.j.k.g.s.s.r.GradleBuildRootIndex - /data/project: null -> org.jetbrains.kotlin.gradle.scripting.shared.roots.New@30332633
2026-02-16 13:54:31,685 [  15546]   INFO - #c.i.o.v.i.p.NewMappings - VCS Root: [Git] - [<Project>]
2026-02-16 13:54:31,686 [  15547]   INFO - #c.i.o.v.i.p.NewMappings - VCS Root: [Git] - [/data/project/subproject]
2026-02-16 13:54:31,710 [  15571]   INFO - #c.i.i.s.p.i.SharedIndexChunkConfigurationImpl - Chunk bundled-js-predefined-d6986cc7102b-9b0f141eb926-JavaScript-QDJVM-253.29648 is not found and is not registered for project 'java-basics'
2026-02-16 13:54:31,714 [  15575]   WARN - #c.i.i.s.p.i.SharedIndexInfrastructure - Skipped 2 shared indexes: bundled-jdk-30f59d01ecdd-26cb7f24e5b0-intellij.indexing.shared.core-QDJVM-253.29648, bundled-js-predefined-d6986cc7102b-9b0f141eb926-JavaScript-QDJVM-253.29648
2026-02-16 13:54:31,714 [  15575]   INFO - #c.i.u.i.d.ProjectIndexingDependenciesService - Requesting heavy scanning on project open. Reason: Shared indexes could not load 2 chunks. Invalidate indexing flag in project [java-basics] and continue.
2026-02-16 13:54:31,715 [  15576]   INFO - #c.i.o.p.InitialDumbTaskRequiredForSmartMode - Finished task required for smart mode: com.intellij.util.indexing.FileBasedIndexInfrastructureExtensionStartup@b8ef6dd
2026-02-16 13:54:31,715 [  15576]   INFO - #c.i.o.p.InitialDumbTaskRequiredForSmartMode - Running task required for smart mode: com.intellij.util.indexing.DumbModeWhileScanningSubscriber@2b2cbec1
2026-02-16 13:54:31,717 [  15578]   INFO - #c.i.o.p.InitialDumbTaskRequiredForSmartMode - Finished task required for smart mode: com.intellij.util.indexing.DumbModeWhileScanningSubscriber@2b2cbec1
2026-02-16 13:54:31,717 [  15578]   INFO - #c.i.o.p.InitialDumbTaskRequiredForSmartMode - Running task required for smart mode: com.intellij.ide.projectWizard.generators.SdkPreIndexingRequiredForSmartModeActivity@5f8c764b
2026-02-16 13:54:31,719 [  15580]   INFO - #c.i.o.p.InitialDumbTaskRequiredForSmartMode - Finished task required for smart mode: com.intellij.ide.projectWizard.generators.SdkPreIndexingRequiredForSmartModeActivity@5f8c764b
2026-02-16 13:54:31,719 [  15580]   INFO - #c.i.o.p.MergingQueueGuiExecutor - Task finished: (dumb mode task) com.intellij.openapi.project.InitialDumbTaskRequiredForSmartMode@2246a05f
2026-02-16 13:54:31,782 [  15643]   INFO - #o.j.k.i.PluginStartupActivity - Kotlin plugin mode: K2
2026-02-16 13:54:31,788 [  15649]   INFO - #git4idea.commands.GitHandler - [/data/project] git -c core.quotepath=false -c log.showSignature=false version
2026-02-16 13:54:31,795 [  15656]   INFO - #git4idea.commands.GitHandler - git version 2.39.5
2026-02-16 13:54:31,800 [  15661]   INFO - #git4idea.config.GitExecutableFileTester - Git version for /usr/bin/git: 2.39.5.0 (UNIX)
2026-02-16 13:54:31,819 [  15680]   INFO - #c.i.u.i.UnindexedFilesScanner - [15375f63] scanning stage (scanning id=0): DelayedPushProperties
2026-02-16 13:54:31,826 [  15687]   INFO - #c.i.o.v.i.p.NewMappings - Mapped Roots: 1
2026-02-16 13:54:31,828 [  15689]   INFO - #c.i.u.i.FileBasedIndexImpl - Indexes are already loaded
2026-02-16 13:54:31,830 [  15691]   INFO - #c.i.c.CompilerWorkspaceConfiguration - Available processors: 8
2026-02-16 13:54:31,831 [  15692]   INFO - #c.i.u.i.UnindexedFilesScanner - [15375f63] Started scanning for indexing of java-basics. Reason: On project open
2026-02-16 13:54:31,832 [  15693]   INFO - #c.i.u.i.UnindexedFilesScanner - [15375f63] scanning stage (scanning id=0): CreatingIterators
2026-02-16 13:54:31,915 [  15776]   WARN - #o.j.i.maven - MavenProjectsTree is inconsistent
2026-02-16 13:54:31,919 [  15780]   INFO - #o.j.i.maven - Updating index list for project Project(name=java-basics, containerState=COMPONENT_CREATED, componentStore=/data/project)
2026-02-16 13:54:31,920 [  15781]   INFO - #o.j.i.maven - updating index list for Project(name=java-basics, containerState=COMPONENT_CREATED, componentStore=/data/project) - will add repository local:local:/data/cache/.m2, before was null
2026-02-16 13:54:31,928 [  15789]   INFO - #o.j.i.maven - Starting update maven index for local:local:/data/cache/.m2
2026-02-16 13:54:31,940 [  15801]   INFO - #o.j.i.maven - GAV index updated for repo /data/cache/.m2, 0 files processed in 0 groups in 1 millis, succeed = true
2026-02-16 13:54:31,975 [  15836]   INFO - #c.i.o.v.i.p.NewMappings - Mapped Roots: 2
2026-02-16 13:54:31,975 [  15836]   INFO - #c.i.o.v.i.p.NewMappings - Detected mapped Root: [Git] - [/data/project]
2026-02-16 13:54:31,975 [  15836]   INFO - #c.i.o.p.DumbServiceImpl - exit dumb mode [java-basics]
2026-02-16 13:54:31,991 [  15852]   INFO - #o.j.q.s.i.r.ConsoleLog - Setting project JDK 21
2026-02-16 13:54:31,993 [  15854]   INFO - STDOUT - Setting project JDK 21
2026-02-16 13:54:31,994 [  15855]   INFO - #o.j.q.j.j.SdkRootsFixActivity - Set resolve roots for SDK 21 Version:java version "21.0.10" Path:(/opt/idea/jbr)
2026-02-16 13:54:31,995 [  15856]   INFO - #c.i.j.d.b.r.HostToClientMessagingService - New subscription for ClientId(value=Host)
2026-02-16 13:54:31,995 [  15856]   INFO - #c.i.p.d.i.f.FrontendXBreakpointManager - Breakpoint created for XBreakpointId(uid=1)
2026-02-16 13:54:31,996 [  15857]   INFO - #c.i.p.d.i.f.FrontendXBreakpointManager - Breakpoint created for XBreakpointId(uid=2)
2026-02-16 13:54:31,996 [  15857]   INFO - #c.i.j.d.f.r.HostRequestListenerActivity - Connected to host
2026-02-16 13:54:32,001 [  15862]   INFO - #c.i.i.s.IdeStartupScripts - 0 startup script(s) found
2026-02-16 13:54:32,020 [  15881]   INFO - #c.i.d.PerformanceWatcherImpl - Post-startup activities under progress took 428ms; general responsiveness: ok; EDT responsiveness: ok
2026-02-16 13:54:32,022 [  15883]   WARN - #o.j.i.maven - updateAllMavenProjects started: incremental=false, MavenProjectsManager.onProjectStartup java-basics
2026-02-16 13:54:32,046 [  15907]   INFO - STDOUT - [IDE]: Task 'Analyzing project to enable smart features' ended
2026-02-16 13:54:32,269 [  16130]   INFO - #c.i.l.t.l.TypeScriptLibraryProviderImpl - Start refreshing typescript libraries
2026-02-16 13:54:32,299 [  16160]   INFO - #c.i.u.i.UnindexedFilesScanner - [15375f63] scanning stage (scanning id=0): CollectingIndexableFiles
2026-02-16 13:54:32,311 [  16172]   INFO - #c.i.u.i.UnindexedFilesScanner - Scanning of java-basics uses 8 scanning threads
2026-02-16 13:54:32,312 [  16173]   INFO - #c.i.l.t.l.TypeScriptLibraryProviderImpl - End refreshing typescript libraries
2026-02-16 13:54:32,319 [  16180]   INFO - #c.i.w.i.i.EntitiesOrphanageImpl - Update orphanage. 0 modules added
2026-02-16 13:54:32,320 [  16181]   INFO - #c.i.w.i.i.WorkspaceModelImpl - Project model updated to version 7 in 2 ms: setOrClearProjectSdkName: SdkId(name=21, type=JavaSDK)
2026-02-16 13:54:32,326 [  16187]   INFO - #c.i.w.i.i.EntitiesOrphanageImpl - Update orphanage. 0 modules added
2026-02-16 13:54:32,327 [  16188]   INFO - #c.i.w.i.i.WorkspaceModelImpl - Project model updated to version 8 in 5 ms: Sync global entities with project: java-basics
2026-02-16 13:54:32,327 [  16188]   INFO - #c.i.w.i.i.GlobalWorkspaceModel - During global workspace model update the changes were also applied to project: java-basics
2026-02-16 13:54:32,327 [  16188]   INFO - #c.i.w.i.i.GlobalWorkspaceModel - Global model updated to version 4 in 7 ms: Modifying SDK SdkId(name=21, type=JavaSDK)
2026-02-16 13:54:32,329 [  16190]   INFO - STDOUT - [IDE]: Task 'Importing 'project' Gradle Project' started
2026-02-16 13:54:32,474 [  16335]   INFO - #c.i.p.t.TemplateLanguageStubBaseVersion - Template stub version: 12361794
  StubVersion(Language: Properties, value: 0)
  StubVersion(Language: Groovy, value: 52)
  StubVersion(Language: HTML, value: 1123678)
  StubVersion(Language: CSS, value: 38)
  StubVersion(Language: SCSS, value: 39)
  StubVersion(Language: SASS, value: 39)
  StubVersion(Language: SQL, value: 35)
  StubVersion(Language: MongoDB, value: 35)
  StubVersion(Language: Redis, value: 35)
  StubVersion(Language: MySQL, value: 35)
  StubVersion(Language: SQLite, value: 35)
  StubVersion(Language: PostgreSQL, value: 35)
  StubVersion(Language: SQL92, value: 35)
  StubVersion(Language: GenericSQL, value: 35)
  StubVersion(Language: Oracle, value: 35)
  StubVersion(Language: NetSuite, value: 35)
  StubVersion(Language: OracleSqlPlus, value: 35)
  StubVersion(Language: TSQL, value: 35)
  StubVersion(Language: Sybase, value: 35)
  StubVersion(Language: MariaDB, value: 35)
  StubVersion(Language: CassandraQL, value: 35)
  StubVersion(Language: ClickHouse, value: 35)
  StubVersion(Language: DB2_IS, value: 35)
  StubVersion(Language: DB2, value: 35)
  StubVersion(Language: DB2_ZOS, value: 35)
  StubVersion(Language: Derby, value: 35)
  StubVersion(Language: Exasol, value: 35)
  StubVersion(Language: Greenplum, value: 35)
  StubVersion(Language: H2, value: 35)
  StubVersion(Language: HiveQL, value: 35)
  StubVersion(Language: HSQLDB, value: 35)
  StubVersion(Language: Redshift, value: 35)
  StubVersion(Language: Snowflake, value: 35)
  StubVersion(Language: SparkSQL, value: 35)
  StubVersion(Language: Vertica, value: 35)
  StubVersion(Language: BigQuery, value: 35)
  StubVersion(Language: CouchbaseQuery, value: 35)
  StubVersion(Language: Cockroach, value: 35)
  StubVersion(Language: Dynamo, value: 35)
  StubVersion(Language: JAVA, value: 66)
  StubVersion(Language: JavaScript, value: 1123637)
  StubVersion(Language: TypeScript, value: 1123637)
  StubVersion(Language: ECMAScript 6, value: 1123637)
  StubVersion(Language: TypeScript JSX, value: 1123637)
  StubVersion(Language: Flow JS, value: 1123637)
  StubVersion(Language: MongoJSExt, value: 1123637)
  StubVersion(Language: HttpClientHandlerJavaScriptDialect, value: 1123637)
  StubVersion(Language: Vue, value: 1123688)
  StubVersion(Language: VueJS, value: 1123637)
  StubVersion(Language: VueTS, value: 1123637)
  StubVersion(Language: LESS, value: 38)
  StubVersion(Language: kotlin, value: 227)
  StubVersion(Language: PostCSS, value: 41)
2026-02-16 13:54:32,485 [  16346]   INFO - #c.i.o.e.u.ExternalSystemUtil - External project [/data/project] resolution task started
2026-02-16 13:54:32,496 [  16357]   INFO - STDOUT - [Gradle]: Gradle resolve stage started java-basics:15375f63, working dir: /data/project
2026-02-16 13:54:32,595 [  16456]   INFO - #o.j.i.maven - preimport statistics: linked: 1 of 1 with total 1 modules interpolated 15 of 15, 0 modules added. This statistics calculated for 0 millis
2026-02-16 13:54:32,605 [  16466]   INFO - #o.j.p.g.GradleManager - Instructing gradle to use java from /opt/idea/jbr
2026-02-16 13:54:32,612 [  16473]   INFO - #o.j.i.maven - Importing Maven project using Workspace API
2026-02-16 13:54:32,626 [  16487]   INFO - #o.j.p.g.GradleManager - Instructing gradle to use java from /opt/idea/jbr
2026-02-16 13:54:32,668 [  16529]   WARN - #c.i.o.e.c.i.EditorColorsManagerImpl - resource not found: colorSchemes/SqlDefault.xml
2026-02-16 13:54:32,668 [  16529]   WARN - #c.i.o.e.c.i.EditorColorsManagerImpl - resource not found: colorSchemes/sassDefault.xml
2026-02-16 13:54:32,671 [  16532]   WARN - #c.i.o.e.c.i.EditorColorsManagerImpl - resource not found: colorSchemes/SqlDarcula.xml
2026-02-16 13:54:32,723 [  16584]   INFO - #c.i.i.s.p.i.SharedIndexChunkConfigurationImpl - Chunk bundled-jdk-30f59d01ecdd-2fc7cc6b9a17-intellij.indexing.shared.core-QDJVM-253.31399 is registered for project 'java-basics: matching: (fb=96, stub=126), incompatible: (fb=1, stub=0), unknown: (fb=10, stub=13), 
2026-02-16 13:54:32,738 [  16599]   WARN - #c.i.s.SpellCheckerManager - Couldn't load dictionary vue.dic with loader 'class org.jetbrains.vuejs.spellchecker.VueSpellcheckingDictionaryProvider'
2026-02-16 13:54:32,821 [  16682]   INFO - #c.i.i.s.p.i.SharedIndexChunkConfigurationImpl - Chunk bundled-js-predefined-d6986cc7102b-9b0f141eb926-JavaScript-QDJVM-253.31399 is registered for project 'java-basics: matching: (fb=64, stub=117), incompatible: (fb=4, stub=0), unknown: (fb=30, stub=43), 
2026-02-16 13:54:32,822 [  16683]   INFO - #c.i.i.s.p.i.BundledSharedIndexPostStartupActivity - Attached 2 pre-built shared indexes: bundled-jdk-30f59d01ecdd-2fc7cc6b9a17-intellij.indexing.shared.core-QDJVM-253.31399, bundled-js-predefined-d6986cc7102b-9b0f141eb926-JavaScript-QDJVM-253.31399
2026-02-16 13:54:32,941 [  16802]   INFO - #c.i.w.i.i.EntitiesOrphanageImpl - Update orphanage. 0 modules added
2026-02-16 13:54:32,942 [  16803]   INFO - #c.i.w.i.i.WorkspaceModelImpl - Project model updated to version 9 in 35 ms: The Gradle project sync
  phase = INITIAL_PHASE
  taskId = RESOLVE_PROJECT:2
  projectPath = /data/project
2026-02-16 13:54:32,977 [  16838]   INFO - #c.i.u.i.IndexingReasonExplanationLogger - Scheduling indexing of sass_selector.scss (id=102) by request of indexes: [filetypes->NOT_INDEXED(not indexed),Trigram.Index->NOT_INDEXED(not indexed),IdIndex->NOT_INDEXED(not indexed),Stubs->NOT_INDEXED(not indexed),]. Scanner has updated file sass_selector.scss (id=102) with appliers: [SingleIndexValueApplier{indexId=filetypes, inputId=102, fileInfo='sass_selector.scss(id=102)'}] and removers: []; 
2026-02-16 13:54:32,978 [  16839]   INFO - #c.i.u.i.IndexingReasonExplanationLogger - Scheduling indexing of sass_math.scss (id=100) by request of indexes: [filetypes->NOT_INDEXED(not indexed),Trigram.Index->NOT_INDEXED(not indexed),IdIndex->NOT_INDEXED(not indexed),Stubs->NOT_INDEXED(not indexed),]. Scanner has updated file sass_math.scss (id=100) with appliers: [SingleIndexValueApplier{indexId=filetypes, inputId=100, fileInfo='sass_math.scss(id=100)'}] and removers: []; 
2026-02-16 13:54:32,978 [  16839]   INFO - #c.i.u.i.IndexingReasonExplanationLogger - Scheduling indexing of sass_meta.scss (id=101) by request of indexes: [filetypes->NOT_INDEXED(not indexed),Trigram.Index->NOT_INDEXED(not indexed),IdIndex->NOT_INDEXED(not indexed),Stubs->NOT_INDEXED(not indexed),]. Scanner has updated file sass_meta.scss (id=101) with appliers: [SingleIndexValueApplier{indexId=filetypes, inputId=101, fileInfo='sass_meta.scss(id=101)'}] and removers: []; 
2026-02-16 13:54:32,978 [  16839]   INFO - #c.i.u.i.IndexingReasonExplanationLogger - Scheduling indexing of sass_color.scss (id=97) by request of indexes: [filetypes->NOT_INDEXED(not indexed),Trigram.Index->NOT_INDEXED(not indexed),IdIndex->NOT_INDEXED(not indexed),Stubs->NOT_INDEXED(not indexed),]. Scanner has updated file sass_color.scss (id=97) with appliers: [SingleIndexValueApplier{indexId=filetypes, inputId=97, fileInfo='sass_color.scss(id=97)'}] and removers: []; 
2026-02-16 13:54:32,978 [  16839]   INFO - #c.i.u.i.IndexingReasonExplanationLogger - Scheduling indexing of sass_list.scss (id=98) by request of indexes: [filetypes->NOT_INDEXED(not indexed),Trigram.Index->NOT_INDEXED(not indexed),IdIndex->NOT_INDEXED(not indexed),Stubs->NOT_INDEXED(not indexed),]. Scanner has updated file sass_list.scss (id=98) with appliers: [SingleIndexValueApplier{indexId=filetypes, inputId=98, fileInfo='sass_list.scss(id=98)'}] and removers: []; 
2026-02-16 13:54:32,979 [  16840]   INFO - #c.i.u.i.IndexingReasonExplanationLogger - Scheduling indexing of sass_functions.scss (id=96) by request of indexes: [filetypes->NOT_INDEXED(not indexed),Trigram.Index->NOT_INDEXED(not indexed),IdIndex->NOT_INDEXED(not indexed),Stubs->NOT_INDEXED(not indexed),]. Scanner has updated file sass_functions.scss (id=96) with appliers: [SingleIndexValueApplier{indexId=filetypes, inputId=96, fileInfo='sass_functions.scss(id=96)'}] and removers: []; 
2026-02-16 13:54:32,979 [  16840]   INFO - #c.i.u.i.IndexingReasonExplanationLogger - Scheduling indexing of sass_string.scss (id=103) by request of indexes: [filetypes->NOT_INDEXED(not indexed),Trigram.Index->NOT_INDEXED(not indexed),IdIndex->NOT_INDEXED(not indexed),Stubs->NOT_INDEXED(not indexed),]. Scanner has updated file sass_string.scss (id=103) with appliers: [SingleIndexValueApplier{indexId=filetypes, inputId=103, fileInfo='sass_string.scss(id=103)'}] and removers: []; 
2026-02-16 13:54:32,987 [  16848]   INFO - #c.i.u.i.IndexingReasonExplanationLogger - Scheduling indexing of sass_map.scss (id=99) by request of indexes: [filetypes->NOT_INDEXED(not indexed),Trigram.Index->NOT_INDEXED(not indexed),IdIndex->NOT_INDEXED(not indexed),Stubs->NOT_INDEXED(not indexed),]. Scanner has updated file sass_map.scss (id=99) with appliers: [SingleIndexValueApplier{indexId=filetypes, inputId=99, fileInfo='sass_map.scss(id=99)'}] and removers: []; 
2026-02-16 13:54:32,994 [  16855]   INFO - #c.i.u.i.IndexingReasonExplanationLogger - Scheduling indexing of annotation.kotlin_builtins (id=3472) by request of indexes: [org.jetbrains.kotlin.idea.vfilefinder.KotlinPartialPackageNamesIndex->NOT_INDEXED(not indexed),org.jetbrains.kotlin.idea.vfilefinder.KotlinMetadataFileIndex->NOT_INDEXED(not indexed),org.jetbrains.kotlin.idea.vfilefinder.KotlinMetadataFilePackageIndex->NOT_INDEXED(not indexed),org.jetbrains.kotlin.idea.vfilefinder.KotlinBuiltInsMetadataIndex->NOT_INDEXED(not indexed),KotlinTopLevelCallableByPackageShortNameIndex->NOT_INDEXED(not indexed),KotlinTopLevelClassLikeDeclarationByPackageShortNameIndex->NOT_INDEXED(not indexed),KotlinBinaryRootToPackageIndex->NOT_INDEXED(not indexed),filetypes->NOT_INDEXED(not indexed),Stubs->NOT_INDEXED(not indexed),]. Scanner has updated file annotation.kotlin_builtins (id=3472) with appliers: [SingleIndexValueApplier{indexId=filetypes, inputId=3472, fileInfo='annotation.kotlin_builtins(id=3472)'}] and removers: []; 
2026-02-16 13:54:32,994 [  16855]   INFO - #c.i.u.i.IndexingReasonExplanationLogger - Scheduling indexing of ranges.kotlin_builtins (id=3470) by request of indexes: [org.jetbrains.kotlin.idea.vfilefinder.KotlinPartialPackageNamesIndex->NOT_INDEXED(not indexed),org.jetbrains.kotlin.idea.vfilefinder.KotlinMetadataFileIndex->NOT_INDEXED(not indexed),org.jetbrains.kotlin.idea.vfilefinder.KotlinMetadataFilePackageIndex->NOT_INDEXED(not indexed),org.jetbrains.kotlin.idea.vfilefinder.KotlinBuiltInsMetadataIndex->NOT_INDEXED(not indexed),KotlinTopLevelCallableByPackageShortNameIndex->NOT_INDEXED(not indexed),KotlinTopLevelClassLikeDeclarationByPackageShortNameIndex->NOT_INDEXED(not indexed),KotlinBinaryRootToPackageIndex->NOT_INDEXED(not indexed),filetypes->NOT_INDEXED(not indexed),Stubs->NOT_INDEXED(not indexed),]. Scanner has updated file ranges.kotlin_builtins (id=3470) with appliers: [SingleIndexValueApplier{indexId=filetypes, inputId=3470, fileInfo='ranges.kotlin_builtins(id=3470)'}] and removers: []; 
2026-02-16 13:54:33,005 [  16866]   INFO - #o.j.i.maven - Retrying to fast-apply to Workspace Model...
2026-02-16 13:54:33,046 [  16907]   INFO - #c.i.w.i.i.EntitiesOrphanageImpl - Update orphanage. 0 modules added
2026-02-16 13:54:33,064 [  16925]   INFO - STDOUT - Downloading https://services.gradle.org/distributions/gradle-8.2.1-bin.zip
2026-02-16 13:54:33,066 [  16927]   INFO - #c.i.w.i.i.WorkspaceModelImpl - Project model updated to version 10: Maven update project model
2026-02-16 13:54:33,071 [  16932]   INFO - #o.j.i.m.i.w.WorkspaceProjectImporter - Project model updated to version 10 (attempts: 2, previous version: 8)
2026-02-16 13:54:33,074 [  16935]   INFO - #c.i.p.i.c.i.i.JavaIdIndexer - skipSourceFilesInLibraries: false (registry: 'ide.index.id.skip.java.sources.in.libs')
2026-02-16 13:54:33,087 [  16948]   INFO - #o.j.i.maven - [maven import] applying models to workspace model took 472ms
2026-02-16 13:54:33,528 [  17389]   INFO - #c.i.e.r.RemoteProcessSupport - Starring remote process. Existing info not found, creating PendingInfo:<DeferredCoroutine{Active}@52ebec4c,>
2026-02-16 13:54:33,537 [  17398]   INFO - #o.j.i.maven - Using extension org.jetbrains.idea.maven.maven3.Maven3Support@1c035c67 to start MavenServer
2026-02-16 13:54:33,596 [  17457]   INFO - #c.i.u.i.IndexingReasonExplanationLogger - Scanner has updated file thai_dict (id=19064) with appliers: [SingleIndexValueApplier{indexId=filetypes, inputId=19064, fileInfo='thai_dict(id=19064)'}] and removers: []; 
2026-02-16 13:54:33,606 [  17467]   INFO - #c.i.e.r.RemoteProcessSupport - Remote process system:/opt/idea/jbr/bin/java -Djava.awt.headless=true -Dmaven.defaultProjectBuilder.disableGlobalModelCache=true -Ddelegate.ssl.to.ide=true -Didea.version=2025.3.3 -Didea.maven.embedder.version=3.9.11 -Xmx768m -Dsun.rmi.server.exceptionTrace=true -Dmaven.ext.class.path=/opt/idea/plugins/maven/lib/maven-event-listener.jar -Dfile.encoding=UTF-8 -Dsun.stdout.encoding=UTF-8 -Dsun.stderr.encoding=UTF-8 -classpath /opt/idea/plugins/repository-search/lib/maven-model.jar:/opt/idea/plugins/maven/lib/maven-server.jar:/opt/idea/plugins/maven/lib/maven-server-telemetry.jar:/opt/idea/lib/opentelemetry.jar:/opt/idea/plugins/maven/lib/maven-telemetry-lib/jackson-core-2.16.0.jar:/opt/idea/plugins/maven/lib/maven3-server-common.jar:/opt/idea/plugins/maven/lib/maven3-server-lib/archetype-descriptor-2.2.jar:/opt/idea/plugins/maven/lib/maven3-server-lib/maven-dependency-tree-1.2.jar:/opt/idea/plugins/maven/lib/maven3-server-lib/lucene-core-2.4.1.jar:/opt/idea/plugins/maven/lib/maven3-server-lib/archetype-common-2.2.jar:/opt/idea/plugins/maven/lib/maven3-server-lib/archetype-catalog-2.2.jar:/opt/idea/plugins/maven/lib/maven3-server-lib/nexus-indexer-3.0.4.jar:/opt/idea/plugins/maven/lib/maven3-server-lib/nexus-indexer-artifact-1.0.1.jar:/opt/idea/plugins/maven/lib/maven3-server.jar:/opt/idea/plugins/maven/lib/maven36-server.jar:/opt/idea/plugins/maven/lib/maven3/lib/maven-embedder-3.9.11.jar:/opt/idea/plugins/maven/lib/maven3/lib/httpclient-4.5.14.jar:/opt/idea/plugins/maven/lib/maven3/lib/httpcore-4.4.16.jar:/opt/idea/plugins/maven/lib/maven3/lib/plexus-component-annotations-2.2.0.jar:/opt/idea/plugins/maven/lib/maven3/lib/wagon-http-shared-3.5.3.jar:/opt/idea/plugins/maven/lib/maven3/lib/maven-resolver-impl-1.9.24.jar:/opt/idea/plugins/maven/lib/maven3/lib/maven-compat-3.9.11.jar:/opt/idea/plugins/maven/lib/maven3/lib/wagon-file-3.5.3.jar:/opt/idea/plugins/maven/lib/maven3/lib/org.eclipse.sisu.inject-0.9.0.M4.jar:/opt/idea/plugins/maven/lib/maven3/lib/wagon-http-3.5.3.jar:/opt/idea/plugins/maven/lib/maven3/lib/plexus-sec-dispatcher-2.0.jar:/opt/idea/plugins/maven/lib/maven3/lib/maven-plugin-api-3.9.11.jar:/opt/idea/plugins/maven/lib/maven3/lib/maven-repository-metadata-3.9.11.jar:/opt/idea/plugins/maven/lib/maven3/lib/plexus-cipher-2.0.jar:/opt/idea/plugins/maven/lib/maven3/lib/failureaccess-1.0.3.jar:/opt/idea/plugins/maven/lib/maven3/lib/jansi-2.4.2.jar:/opt/idea/plugins/maven/lib/maven3/lib/maven-settings-builder-3.9.11.jar:/opt/idea/plugins/maven/lib/maven3/lib/javax.annotation-api-1.3.2.jar:/opt/idea/plugins/maven/lib/maven3/lib/plexus-interpolation-1.28.jar:/opt/idea/plugins/maven/lib/maven3/lib/maven-shared-utils-3.4.2.jar:/opt/idea/plugins/maven/lib/maven3/lib/maven-resolver-provider-3.9.11.jar:/opt/idea/plugins/maven/lib/maven3/lib/maven-model-builder-3.9.11.jar:/opt/idea/plugins/maven/lib/maven3/lib/gson-2.13.1.jar:/opt/idea/plugins/maven/lib/maven3/lib/slf4j-api-1.7.36.jar:/opt/idea/plugins/maven/lib/maven3/lib/commons-cli-1.9.0.jar:/opt/idea/plugins/maven/lib/maven3/lib/jcl-over-slf4j-1.7.36.jar:/opt/idea/plugins/maven/lib/maven3/lib/plexus-utils-3.6.0.jar:/opt/idea/plugins/maven/lib/maven3/lib/guava-33.4.8-jre.jar:/opt/idea/plugins/maven/lib/maven3/lib/maven-resolver-spi-1.9.24.jar:/opt/idea/plugins/maven/lib/maven3/lib/aopalliance-1.0.jar:/opt/idea/plugins/maven/lib/maven3/lib/guice-5.1.0-classes.jar:/opt/idea/plugins/maven/lib/maven3/lib/maven-resolver-named-locks-1.9.24.jar:/opt/idea/plugins/maven/lib/maven3/lib/maven-resolver-connector-basic-1.9.24.jar:/opt/idea/plugins/maven/lib/maven3/lib/maven-resolver-util-1.9.24.jar:/opt/idea/plugins/maven/lib/maven3/lib/jspecify-1.0.0.jar:/opt/idea/plugins/maven/lib/maven3/lib/maven-core-3.9.11.jar:/opt/idea/plugins/maven/lib/maven3/lib/maven-model-3.9.11.jar:/opt/idea/plugins/maven/lib/maven3/lib/org.eclipse.sisu.plexus-0.9.0.M4.jar:/opt/idea/plugins/maven/lib/maven3/lib/javax.inject-1.jar:/opt/idea/plugins/maven/lib/maven3/lib/maven-resolver-transport-http-1.9.24.jar:/opt/idea/plugins/maven/lib/maven3/lib/maven-settings-3.9.11.jar:/opt/idea/plugins/maven/lib/maven3/lib/maven-resolver-transport-file-1.9.24.jar:/opt/idea/plugins/maven/lib/maven3/lib/error_prone_annotations-2.38.0.jar:/opt/idea/plugins/maven/lib/maven3/lib/wagon-provider-api-3.5.3.jar:/opt/idea/plugins/maven/lib/maven3/lib/maven-resolver-api-1.9.24.jar:/opt/idea/plugins/maven/lib/maven3/lib/maven-artifact-3.9.11.jar:/opt/idea/plugins/maven/lib/maven3/lib/asm-9.8.jar:/opt/idea/plugins/maven/lib/maven3/lib/commons-codec-1.18.0.jar:/opt/idea/plugins/maven/lib/maven3/lib/maven-builder-support-3.9.11.jar:/opt/idea/plugins/maven/lib/maven3/lib/maven-resolver-transport-wagon-1.9.24.jar:/opt/idea/plugins/maven/lib/maven3/boot/plexus-classworlds-2.9.0.jar:/opt/idea/plugins/maven/lib/maven3/boot/plexus-classworlds.license:/opt/idea/lib/util_rt.jar:/opt/idea/lib/annotations.jar:/opt/idea/lib/util-8.jar org.jetbrains.idea.maven.server.RemoteMavenServer36

2026-02-16 13:54:33,607 [  17468]   INFO - #c.i.e.r.RemoteProcessSupport - Staring remote process, startNotified received, creating PendingInfo: <DeferredCoroutine{Active}@52ebec4c,>
2026-02-16 13:54:33,608 [  17469]   INFO - #o.j.i.maven - Sent token to maven server
2026-02-16 13:54:33,629 [  17490]   INFO - #c.i.u.i.IndexingReasonExplanationLogger - Scanner has updated file metadata.bin (id=16881) with appliers: [SingleIndexValueApplier{indexId=filetypes, inputId=16881, fileInfo='metadata.bin(id=16881)'}] and removers: []; 
2026-02-16 13:54:33,648 [  17509]   INFO - #c.i.u.i.IndexingReasonExplanationLogger - Scanner has updated file LineBreakIteratorData_th (id=19042) with appliers: [SingleIndexValueApplier{indexId=filetypes, inputId=19042, fileInfo='LineBreakIteratorData_th(id=19042)'}] and removers: []; 
2026-02-16 13:54:33,650 [  17511]   INFO - #c.i.u.i.IndexingReasonExplanationLogger - Scanner has updated file WordBreakIteratorData_th (id=19158) with appliers: [SingleIndexValueApplier{indexId=filetypes, inputId=19158, fileInfo='WordBreakIteratorData_th(id=19158)'}] and removers: []; 
2026-02-16 13:54:33,688 [  17549]   INFO - #c.i.u.i.IndexingReasonExplanationLogger - Scanner has updated file qodana (id=4744) with appliers: [SingleIndexValueApplier{indexId=filetypes, inputId=4744, fileInfo='qodana(id=4744)'}] and removers: []; 
2026-02-16 13:54:33,692 [  17553]   INFO - #c.i.p.i.c.i.i.JavaIdIndexer - skipSourceFilesInLibraries: false (registry: 'ide.index.id.skip.java.sources.in.libs')
2026-02-16 13:54:33,711 [  17572]   INFO - #c.i.u.i.IndexingReasonExplanationLogger - Scanner has updated file gradle-wrapper.jar (id=5953) with appliers: [SingleIndexValueApplier{indexId=filetypes, inputId=5953, fileInfo='gradle-wrapper.jar(id=5953)'}] and removers: []; 
2026-02-16 13:54:33,748 [  17609]   INFO - STDOUT - [IDE]: Task 'Resolving SDKs' started
2026-02-16 13:54:33,749 [  17610]   INFO - STDOUT - [IDE]: Validating existing SDKs
2026-02-16 13:54:33,753 [  17614]   INFO - STDOUT - [IDE]: Task 'Resolving SDKs' ended in 5 ms
2026-02-16 13:54:33,768 [  17629]   INFO - #c.i.u.i.IndexingReasonExplanationLogger - Scanner has updated file sjis0213.dat (id=51087) with appliers: [SingleIndexValueApplier{indexId=filetypes, inputId=51087, fileInfo='sjis0213.dat(id=51087)'}] and removers: []; 
2026-02-16 13:54:33,850 [  17711]   INFO - #c.i.u.i.IndexingReasonExplanationLogger - Scanner has updated file arrow.png (id=49471) with appliers: [SingleIndexValueApplier{indexId=filetypes, inputId=49471, fileInfo='arrow.png(id=49471)'}] and removers: []; 
2026-02-16 13:54:33,851 [  17712]   INFO - #c.i.u.i.IndexingReasonExplanationLogger - Scanner has updated file triangle.png (id=49473) with appliers: [SingleIndexValueApplier{indexId=filetypes, inputId=49473, fileInfo='triangle.png(id=49473)'}] and removers: []; 
2026-02-16 13:54:33,851 [  17712]   INFO - #c.i.u.i.IndexingReasonExplanationLogger - Scanner has updated file breakpoint.png (id=49472) with appliers: [SingleIndexValueApplier{indexId=filetypes, inputId=49472, fileInfo='breakpoint.png(id=49472)'}] and removers: []; 
2026-02-16 13:54:34,116 [  17977]   INFO - #c.i.e.r.RemoteProcessSupport - Started remote process on: 127.0.0.1:41504with service port 45837 and id = Maven36ServerImpl7958a45a
2026-02-16 13:54:34,632 [  18493]   INFO - #c.i.u.i.UnindexedFilesScanner - [15375f63] Scanning completed for java-basics. Number of scanned files: 32849; number of files for indexing: 32518
2026-02-16 13:54:34,633 [  18494]   INFO - #c.i.o.p.InitialVfsRefreshService - 15375f63: marking roots for initial VFS refresh
2026-02-16 13:54:34,634 [  18495]   INFO - #c.i.o.p.InitialVfsRefreshService - 15375f63: starting initial VFS refresh of 3 roots
2026-02-16 13:54:34,734 [  18595]   INFO - #c.i.o.p.InitialVfsRefreshService - 15375f63: initial VFS refresh finished in 99 ms
2026-02-16 13:54:34,742 [  18603]   INFO - #c.i.o.p.UnindexedFilesScannerExecutor - [15375f63] Task finished (scanning id=0): com.intellij.util.indexing.UnindexedFilesScannerExecutorImpl$ScheduledScanningTask@4d4de83e
2026-02-16 13:54:34,743 [  18604]   INFO - #c.i.o.p.DumbServiceImpl - enter dumb mode [java-basics]
2026-02-16 13:54:34,744 [  18605]   INFO - #c.i.o.p.UnindexedFilesScannerExecutor - [15375f63] Running task: com.intellij.util.indexing.UnindexedFilesScannerExecutorImpl$ScheduledScanningTask@35414987
2026-02-16 13:54:34,744 [  18605]   INFO - #c.i.u.i.UnindexedFilesScanner - [15375f63] scanning stage (scanning id=1): DelayedPushProperties
2026-02-16 13:54:34,744 [  18605]   INFO - #c.i.u.i.FileBasedIndexImpl - Indexes are already loaded
2026-02-16 13:54:34,744 [  18605]   INFO - #c.i.o.p.MergingQueueGuiExecutor - Running task: (dumb mode task) UnindexedFilesIndexer[java-basics, reasons: [On project open]]
2026-02-16 13:54:34,751 [  18612]   INFO - #c.i.u.i.UnindexedFilesScanner - [15375f63] Started scanning for indexing of java-basics. Reason: Merged changes in: "Custom kind roots from entity (sass_functions.scss, sass_color.scss, sass_list.scss, ..., empty)" with Changes from WorkspaceFileIndex with changes in: "Module 'project' (all roots)" with changes in: "Module 'java-basics' (all roots)"
2026-02-16 13:54:34,752 [  18613]   INFO - #c.i.u.i.UnindexedFilesScanner - [15375f63] scanning stage (scanning id=1): CreatingIterators
2026-02-16 13:54:34,752 [  18613]   INFO - #c.i.u.i.UnindexedFilesScanner - [15375f63] scanning stage (scanning id=1): CollectingIndexableFiles
2026-02-16 13:54:34,752 [  18613]   INFO - #c.i.u.i.UnindexedFilesScanner - Scanning of java-basics uses 8 scanning threads
2026-02-16 13:54:34,756 [  18617]   INFO - #c.i.u.i.IndexingReasonExplanationLogger - Scheduling indexing of flavormap.properties (id=36278) by request of indexes: [SpringBootPropertiesImports->NOT_INDEXED(not indexed),Trigram.Index->NOT_INDEXED(not indexed),IdIndex->NOT_INDEXED(not indexed),Stubs->NOT_INDEXED(not indexed),]. 
2026-02-16 13:54:34,756 [  18617]   INFO - #c.i.u.i.IndexingReasonExplanationLogger - Scheduling indexing of BuildInEditorProvider.class (id=39313) by request of indexes: [bytecodeAnalysis->NOT_INDEXED(not indexed),org.jetbrains.kotlin.idea.versions.KotlinJvmMetadataVersionIndex->NOT_INDEXED(not indexed),org.jetbrains.kotlin.idea.vfilefinder.KotlinPartialPackageNamesIndex->NOT_INDEXED(not indexed),org.jetbrains.kotlin.idea.vfilefinder.KotlinClassFileIndex->NOT_INDEXED(not indexed),KotlinTopLevelCallableByPackageShortNameIndex->NOT_INDEXED(not indexed),KotlinTopLevelClassLikeDeclarationByPackageShortNameIndex->NOT_INDEXED(not indexed),KotlinBinaryRootToPackageIndex->NOT_INDEXED(not indexed),Stubs->NOT_INDEXED(not indexed),]. 
2026-02-16 13:54:34,756 [  18617]   INFO - #c.i.u.i.IndexingReasonExplanationLogger - Scheduling indexing of ExternalEditor.class (id=39315) by request of indexes: [bytecodeAnalysis->NOT_INDEXED(not indexed),org.jetbrains.kotlin.idea.versions.KotlinJvmMetadataVersionIndex->NOT_INDEXED(not indexed),org.jetbrains.kotlin.idea.vfilefinder.KotlinPartialPackageNamesIndex->NOT_INDEXED(not indexed),org.jetbrains.kotlin.idea.vfilefinder.KotlinClassFileIndex->NOT_INDEXED(not indexed),KotlinTopLevelCallableByPackageShortNameIndex->NOT_INDEXED(not indexed),KotlinTopLevelClassLikeDeclarationByPackageShortNameIndex->NOT_INDEXED(not indexed),KotlinBinaryRootToPackageIndex->NOT_INDEXED(not indexed),Stubs->NOT_INDEXED(not indexed),]. 
2026-02-16 13:54:34,756 [  18617]   INFO - #c.i.u.i.IndexingReasonExplanationLogger - Scheduling indexing of DataFlavorUtil.class (id=36232) by request of indexes: [bytecodeAnalysis->NOT_INDEXED(not indexed),org.jetbrains.kotlin.idea.versions.KotlinJvmMetadataVersionIndex->NOT_INDEXED(not indexed),org.jetbrains.kotlin.idea.vfilefinder.KotlinPartialPackageNamesIndex->NOT_INDEXED(not indexed),org.jetbrains.kotlin.idea.vfilefinder.KotlinClassFileIndex->NOT_INDEXED(not indexed),KotlinTopLevelCallableByPackageShortNameIndex->NOT_INDEXED(not indexed),KotlinTopLevelClassLikeDeclarationByPackageShortNameIndex->NOT_INDEXED(not indexed),KotlinBinaryRootToPackageIndex->NOT_INDEXED(not indexed),Stubs->NOT_INDEXED(not indexed),]. 
2026-02-16 13:54:34,757 [  18618]   INFO - #c.i.u.i.IndexingReasonExplanationLogger - Scheduling indexing of ExternalEditor$1.class (id=39314) by request of indexes: [bytecodeAnalysis->NOT_INDEXED(not indexed),org.jetbrains.kotlin.idea.versions.KotlinJvmMetadataVersionIndex->NOT_INDEXED(not indexed),org.jetbrains.kotlin.idea.vfilefinder.KotlinPartialPackageNamesIndex->NOT_INDEXED(not indexed),org.jetbrains.kotlin.idea.vfilefinder.KotlinClassFileIndex->NOT_INDEXED(not indexed),KotlinTopLevelCallableByPackageShortNameIndex->NOT_INDEXED(not indexed),KotlinTopLevelClassLikeDeclarationByPackageShortNameIndex->NOT_INDEXED(not indexed),KotlinBinaryRootToPackageIndex->NOT_INDEXED(not indexed),Stubs->NOT_INDEXED(not indexed),]. 
2026-02-16 13:54:34,757 [  18618]   INFO - #c.i.u.i.IndexingReasonExplanationLogger - Scheduling indexing of DataFlavorUtil$RMI.class (id=36197) by request of indexes: [bytecodeAnalysis->NOT_INDEXED(not indexed),org.jetbrains.kotlin.idea.versions.KotlinJvmMetadataVersionIndex->NOT_INDEXED(not indexed),org.jetbrains.kotlin.idea.vfilefinder.KotlinPartialPackageNamesIndex->NOT_INDEXED(not indexed),org.jetbrains.kotlin.idea.vfilefinder.KotlinClassFileIndex->NOT_INDEXED(not indexed),KotlinTopLevelCallableByPackageShortNameIndex->NOT_INDEXED(not indexed),KotlinTopLevelClassLikeDeclarationByPackageShortNameIndex->NOT_INDEXED(not indexed),KotlinBinaryRootToPackageIndex->NOT_INDEXED(not indexed),Stubs->NOT_INDEXED(not indexed),]. 
2026-02-16 13:54:34,757 [  18618]   INFO - #c.i.u.i.IndexingReasonExplanationLogger - Scheduling indexing of module-info.class (id=39305) by request of indexes: [bytecodeAnalysis->NOT_INDEXED(not indexed),org.jetbrains.kotlin.idea.versions.KotlinJvmMetadataVersionIndex->NOT_INDEXED(not indexed),org.jetbrains.kotlin.idea.vfilefinder.KotlinPartialPackageNamesIndex->NOT_INDEXED(not indexed),org.jetbrains.kotlin.idea.vfilefinder.KotlinClassFileIndex->NOT_INDEXED(not indexed),KotlinTopLevelCallableByPackageShortNameIndex->NOT_INDEXED(not indexed),KotlinTopLevelClassLikeDeclarationByPackageShortNameIndex->NOT_INDEXED(not indexed),KotlinBinaryRootToPackageIndex->NOT_INDEXED(not indexed),Stubs->NOT_INDEXED(not indexed),]. 
2026-02-16 13:54:34,758 [  18619]   INFO - #c.i.u.i.IndexingReasonExplanationLogger - Scheduling indexing of DesktopDatatransferService.class (id=36230) by request of indexes: [bytecodeAnalysis->NOT_INDEXED(not indexed),org.jetbrains.kotlin.idea.versions.KotlinJvmMetadataVersionIndex->NOT_INDEXED(not indexed),org.jetbrains.kotlin.idea.vfilefinder.KotlinPartialPackageNamesIndex->NOT_INDEXED(not indexed),org.jetbrains.kotlin.idea.vfilefinder.KotlinClassFileIndex->NOT_INDEXED(not indexed),KotlinTopLevelCallableByPackageShortNameIndex->NOT_INDEXED(not indexed),KotlinTopLevelClassLikeDeclarationByPackageShortNameIndex->NOT_INDEXED(not indexed),KotlinBinaryRootToPackageIndex->NOT_INDEXED(not indexed),Stubs->NOT_INDEXED(not indexed),]. 
2026-02-16 13:54:34,758 [  18619]   INFO - #c.i.u.i.IndexingReasonExplanationLogger - Scheduling indexing of DataFlavorUtil$CharsetComparator.class (id=36201) by request of indexes: [bytecodeAnalysis->NOT_INDEXED(not indexed),org.jetbrains.kotlin.idea.versions.KotlinJvmMetadataVersionIndex->NOT_INDEXED(not indexed),org.jetbrains.kotlin.idea.vfilefinder.KotlinPartialPackageNamesIndex->NOT_INDEXED(not indexed),org.jetbrains.kotlin.idea.vfilefinder.KotlinClassFileIndex->NOT_INDEXED(not indexed),KotlinTopLevelCallableByPackageShortNameIndex->NOT_INDEXED(not indexed),KotlinTopLevelClassLikeDeclarationByPackageShortNameIndex->NOT_INDEXED(not indexed),KotlinBinaryRootToPackageIndex->NOT_INDEXED(not indexed),Stubs->NOT_INDEXED(not indexed),]. 
2026-02-16 13:54:34,761 [  18622]   INFO - #c.i.u.i.IndexingReasonExplanationLogger - Scheduling indexing of DataFlavorUtil$DataFlavorComparator.class (id=36236) by request of indexes: [bytecodeAnalysis->NOT_INDEXED(not indexed),org.jetbrains.kotlin.idea.versions.KotlinJvmMetadataVersionIndex->NOT_INDEXED(not indexed),org.jetbrains.kotlin.idea.vfilefinder.KotlinPartialPackageNamesIndex->NOT_INDEXED(not indexed),org.jetbrains.kotlin.idea.vfilefinder.KotlinClassFileIndex->NOT_INDEXED(not indexed),KotlinTopLevelCallableByPackageShortNameIndex->NOT_INDEXED(not indexed),KotlinTopLevelClassLikeDeclarationByPackageShortNameIndex->NOT_INDEXED(not indexed),KotlinBinaryRootToPackageIndex->NOT_INDEXED(not indexed),Stubs->NOT_INDEXED(not indexed),]. 
2026-02-16 13:54:35,100 [  18961]   INFO - #c.i.d.u.SqlDialects - SQL dialects initialized in 13 ms
2026-02-16 13:54:35,267 [  19128]   INFO - #c.i.u.i.IndexingReasonExplanationLogger - Scanner has updated file chromedriver (id=8438) with appliers: [SingleIndexValueApplier{indexId=filetypes, inputId=8438, fileInfo='chromedriver(id=8438)'}] and removers: []; 
2026-02-16 13:54:35,290 [  19151]   INFO - #c.i.u.i.IndexingReasonExplanationLogger - Scanner has updated file chromedriver.exe (id=8440) with appliers: [SingleIndexValueApplier{indexId=filetypes, inputId=8440, fileInfo='chromedriver.exe(id=8440)'}] and removers: []; 
2026-02-16 13:54:35,336 [  19197]   INFO - #c.i.u.i.IndexingReasonExplanationLogger - Scanner has updated file chromedriver_linux (id=8441) with appliers: [SingleIndexValueApplier{indexId=filetypes, inputId=8441, fileInfo='chromedriver_linux(id=8441)'}] and removers: []; 
2026-02-16 13:54:35,338 [  19199]   INFO - #c.i.u.i.IndexingReasonExplanationLogger - Scanner has updated file .name (id=9229) with appliers: [SingleIndexValueApplier{indexId=filetypes, inputId=9229, fileInfo='.name(id=9229)'}] and removers: []; 
2026-02-16 13:54:35,338 [  19199]   INFO - #c.i.u.i.IndexingReasonExplanationLogger - Scanner has updated file shelved.patch (id=12485) with appliers: [SingleIndexValueApplier{indexId=filetypes, inputId=12485, fileInfo='shelved.patch(id=12485)'}] and removers: []; 
2026-02-16 13:54:35,338 [  19199]   INFO - #c.i.u.i.IndexingReasonExplanationLogger - Scanner has updated file Uncommitted_changes_before_Checkout_at_10_09_2025__16_20__Changes_.xml (id=112) with appliers: [SingleIndexValueApplier{indexId=filetypes, inputId=112, fileInfo='Uncommitted_changes_before_Checkout_at_10_09_2025__16_20__Changes_.xml(id=112)'}] and removers: []; 
2026-02-16 13:54:35,339 [  19200]   INFO - #c.i.u.i.IndexingReasonExplanationLogger - Scanner has updated file java-basics.main.iml (id=12988) with appliers: [SingleIndexValueApplier{indexId=filetypes, inputId=12988, fileInfo='java-basics.main.iml(id=12988)'}] and removers: []; 
2026-02-16 13:54:35,339 [  19200]   INFO - #c.i.u.i.IndexingReasonExplanationLogger - Scanner has updated file java-basics.test.iml (id=12986) with appliers: [SingleIndexValueApplier{indexId=filetypes, inputId=12986, fileInfo='java-basics.test.iml(id=12986)'}] and removers: []; 
2026-02-16 13:54:35,339 [  19200]   INFO - #c.i.u.i.IndexingReasonExplanationLogger - Scanner has updated file vcs.xml (id=9239) with appliers: [SingleIndexValueApplier{indexId=filetypes, inputId=9239, fileInfo='vcs.xml(id=9239)'}] and removers: []; 
2026-02-16 13:54:35,340 [  19201]   INFO - #c.i.u.i.IndexingReasonExplanationLogger - Scanner has updated file misc.xml (id=9227) with appliers: [SingleIndexValueApplier{indexId=filetypes, inputId=9227, fileInfo='misc.xml(id=9227)'}] and removers: []; 
2026-02-16 13:54:35,526 [  19387]   INFO - #c.i.u.i.UnindexedFilesScanner - [15375f63] Scanning completed for java-basics. Number of scanned files: 32714; number of files for indexing: 32257
2026-02-16 13:54:35,530 [  19391]   INFO - #c.i.o.p.UnindexedFilesScannerExecutor - [15375f63] Task finished (scanning id=1): com.intellij.util.indexing.UnindexedFilesScannerExecutorImpl$ScheduledScanningTask@35414987
2026-02-16 13:54:35,532 [  19393]   INFO - #c.i.u.i.FileBasedIndexImpl - Indexes are already loaded
2026-02-16 13:54:35,540 [  19401]   INFO - #c.i.u.i.c.IndexUpdateRunner - Using 8 workers for indexing and 4 for writing indexes
2026-02-16 13:54:35,595 [  19456]   INFO - #c.i.c.m.CodeInsightContextEnabling - multiverse is enabled
2026-02-16 13:54:37,039 [  20900]   INFO - #c.i.w.i.i.EntitiesOrphanageImpl - Update orphanage. 0 modules added
2026-02-16 13:54:37,039 [  20900]   INFO - #c.i.w.i.i.WorkspaceModelImpl - Project model updated to version 11 in 1 ms: Add project root /data/project to project java-basics
2026-02-16 13:54:37,074 [  20935]   INFO - #o.j.p.g.j.IdeVersionedDataUpdater - Updating version compatibility for org.jetbrains.plugins.gradle.jvmcompat.GradleCompatibilitySupportUpdater. Last update was: 0. Update interval: 1d Url to update https://download.jetbrains.com/resources/intellij/plugins/gradle/v1/compatibility.json
2026-02-16 13:54:37,082 [  20943]   INFO - #o.j.q.s.QodanaLinterBackgroundStartupActivity - Executed Qodana backgroundPostStartupActivity
2026-02-16 13:54:37,111 [  20972]   INFO - #o.j.j.b.i.CompilerReferenceIndex - backward reference index version doesn't exist
2026-02-16 13:54:37,124 [  20985]   INFO - #c.i.c.b.IsUpToDateCheckStartupActivity - suitable consumer is not found
2026-02-16 13:54:38,711 [  22572]   INFO - #c.i.l.t.t.TypeScriptCompilerEvaluationFacadeImpl - 'Use types from server' option for VueClassicTypeScriptService state: false
2026-02-16 13:54:38,713 [  22574]   INFO - #c.i.l.t.t.TypeScriptCompilerEvaluationFacadeImpl - 'Use types from server' option for VuePluginTypeScriptService state: false
2026-02-16 13:54:38,714 [  22575]   INFO - #c.i.l.t.t.TypeScriptCompilerEvaluationFacadeImpl - 'Use types from server' option for TypeScriptServerServiceImpl state: false
2026-02-16 13:54:38,996 [  22857]   INFO - #o.j.p.g.j.IdeVersionedDataUpdater - IDE versioned data for org.jetbrains.plugins.gradle.jvmcompat.GradleCompatibilitySupportUpdater was updated
2026-02-16 13:54:41,343 [  25204]   INFO - #c.i.u.i.c.IndexUpdateRunner - Coroutine 2 finished gracefully
2026-02-16 13:54:41,343 [  25204]   INFO - #c.i.u.i.c.IndexUpdateRunner - Coroutine 3 finished gracefully
2026-02-16 13:54:41,344 [  25205]   INFO - #c.i.u.i.c.IndexUpdateRunner - Coroutine 4 finished gracefully
2026-02-16 13:54:41,348 [  25209]   INFO - #c.i.u.i.c.IndexUpdateRunner - Coroutine 7 finished gracefully
2026-02-16 13:54:41,424 [  25285]   INFO - #c.i.u.i.c.IndexUpdateRunner - Coroutine 0 finished gracefully
2026-02-16 13:54:41,474 [  25335]   INFO - #c.i.u.i.c.IndexUpdateRunner - Coroutine 5 finished gracefully
2026-02-16 13:54:41,506 [  25367]   INFO - #c.i.u.i.c.IndexUpdateRunner - Coroutine 1 finished gracefully
2026-02-16 13:54:41,634 [  25495]   INFO - #c.i.u.i.c.IndexUpdateRunner - Coroutine 6 finished gracefully
2026-02-16 13:54:41,680 [  25541]   INFO - #c.i.u.i.ProjectChangedFilesScanner - Retrieving changed during indexing files of java-basics : 97 to update, calculated in 10ms
2026-02-16 13:54:41,757 [  25618]   INFO - #c.i.u.i.c.IndexUpdateRunner - Coroutine 4 finished gracefully
2026-02-16 13:54:41,759 [  25620]   INFO - #c.i.u.i.c.IndexUpdateRunner - Coroutine 2 finished gracefully
2026-02-16 13:54:41,760 [  25621]   INFO - #c.i.u.i.c.IndexUpdateRunner - Coroutine 0 finished gracefully
2026-02-16 13:54:41,761 [  25622]   INFO - #c.i.u.i.c.IndexUpdateRunner - Coroutine 7 finished gracefully
2026-02-16 13:54:41,761 [  25622]   INFO - #c.i.u.i.c.IndexUpdateRunner - Coroutine 3 finished gracefully
2026-02-16 13:54:41,761 [  25622]   INFO - #c.i.u.i.c.IndexUpdateRunner - Coroutine 5 finished gracefully
2026-02-16 13:54:41,844 [  25705]   INFO - #c.i.u.i.c.IndexUpdateRunner - Coroutine 1 finished gracefully
2026-02-16 13:54:41,860 [  25721]   INFO - #c.i.u.i.c.IndexUpdateRunner - Coroutine 6 finished gracefully
2026-02-16 13:54:41,882 [  25743]   INFO - #c.i.u.i.UnindexedFilesIndexer - Finished for java-basics. Unindexed files update took 6347ms; general responsiveness: ok; EDT responsiveness: ok
2026-02-16 13:54:41,884 [  25745]   INFO - #c.i.o.p.MergingQueueGuiExecutor - Task finished: (dumb mode task) UnindexedFilesIndexer[java-basics, reasons: [On project open]]
2026-02-16 13:54:41,887 [  25748]   INFO - #c.i.o.p.MergingQueueGuiExecutor - Running task: (dumb mode task) UnindexedFilesIndexer[java-basics, reasons: [Merged changes in: "Custom kind roots from entity (sass_functions.scss, sass_color.scss, sass_list.scss, ..., empty)" with Changes from WorkspaceFileIndex with changes in: "Module 'project' (all roots)" with changes in: "Module 'java-basics' (all roots)"]]
2026-02-16 13:54:41,888 [  25749]   INFO - #c.i.u.i.FileBasedIndexImpl - Indexes are already loaded
2026-02-16 13:54:41,888 [  25749]   INFO - #c.i.u.i.c.IndexUpdateRunner - Using 8 workers for indexing and 4 for writing indexes
2026-02-16 13:54:41,889 [  25750]   INFO - #c.i.u.i.ProjectChangedFilesScanner - Retrieving changed during indexing files of java-basics : 0 to update, calculated in 0ms
2026-02-16 13:54:41,889 [  25750]   INFO - #c.i.u.i.UnindexedFilesIndexer - Finished for java-basics. Unindexed files update took 0ms; general responsiveness: ok; EDT responsiveness: ok
2026-02-16 13:54:41,889 [  25750]   INFO - #c.i.o.p.MergingQueueGuiExecutor - Task finished: (dumb mode task) UnindexedFilesIndexer[java-basics, reasons: [Merged changes in: "Custom kind roots from entity (sass_functions.scss, sass_color.scss, sass_list.scss, ..., empty)" with Changes from WorkspaceFileIndex with changes in: "Module 'project' (all roots)" with changes in: "Module 'java-basics' (all roots)"]]
2026-02-16 13:54:41,889 [  25750]   INFO - #c.i.o.p.DumbServiceImpl - exit dumb mode [java-basics]
2026-02-16 13:54:41,889 [  25750]   INFO - STDOUT - ........................................................................................[IDE]: Task 'Analyzing project to enable smart features' ended
2026-02-16 13:54:41,983 [  25844]   INFO - #c.i.i.b.BookmarksManager - no state loaded for new bookmarks
2026-02-16 13:54:41,984 [  25845]   INFO - #c.i.i.b.BookmarkManager - no state loaded for old bookmarks
2026-02-16 13:54:41,994 [  25855]   INFO - #c.i.i.f.FavoritesManager - no state loaded for old favorites
2026-02-16 13:54:42,083 [  25944]   INFO - #o.j.k.i.script - [KOTLIN_SCRIPTING] Loading script definitions: classes=[], classpath=[]
2026-02-16 13:54:42,312 [  26173]   INFO - #c.i.j.n.n.WorkingDirectoryDependentNpmPackageVersionManager - Version fetched successfully: 10.9.4; command: /usr/local/bin/npm --version, duration: 164ms
2026-02-16 13:54:44,809 [  28670]   INFO - STDOUT - ..................................
2026-02-16 13:54:44,811 [  28672]   INFO - STDOUT - [Gradle]: Download https://services.gradle.org/distributions/gradle-8.2.1-bin.zip, took 11 s 745 ms
2026-02-16 13:54:45,760 [  29621]   INFO - #o.j.p.g.s.e.GradleExecutionHelper - Passing command-line to Gradle Tooling API: --init-script /tmp/ijMapper1.gradle --init-script /tmp/ijIdeaPluginConfigurator1.gradle -Didea.gradle.download.sources=false -Didea.sync.active=true -Didea.resolveSourceSetDependencies=true -Porg.gradle.kotlin.dsl.provider.cid=760640141346 -Didea.gradle.download.sources.force=false -Pkotlin.mpp.enableIntransitiveMetadataConfiguration=true --init-script /tmp/ijInit1.gradle -Didea.active=true -Didea.version=2025.3.3 -Didea.vendor.name=JetBrains
2026-02-16 13:54:46,342 [  30203]   INFO - STDOUT - [Gradle]: Starting Gradle Daemon...
2026-02-16 13:54:46,810 [  30671]   INFO - STDOUT - [Gradle]: Gradle Daemon started in 467 ms
2026-02-16 13:54:52,478 [  36339]   INFO - STDOUT - [Gradle]: Download https://plugins.gradle.org/m2/org/jetbrains/kotlinx/kover/org.jetbrains.kotlinx.kover.gradle.plugin/0.7.3/org.jetbrains.kotlinx.kover.gradle.plugin-0.7.3.pom, took 147 ms
2026-02-16 13:54:53,293 [  37154]   INFO - STDOUT - [Gradle]: Download https://plugins.gradle.org/m2/io/freefair/gradle/lombok-plugin/8.1.0/lombok-plugin-8.1.0.pom, took 790 ms
2026-02-16 13:54:53,517 [  37378]   INFO - STDOUT - [Gradle]: Download https://plugins.gradle.org/m2/io/freefair/gradle/lombok-plugin/8.1.0/lombok-plugin-8.1.0.module, took 218 ms
2026-02-16 13:54:53,963 [  37824]   INFO - STDOUT - [Gradle]: Download https://plugins.gradle.org/m2/io/freefair/gradle/aspectj-plugin/5.1.1/aspectj-plugin-5.1.1.pom, took 211 ms
2026-02-16 13:54:54,126 [  37987]   INFO - STDOUT - [Gradle]: Download https://plugins.gradle.org/m2/org/jetbrains/kotlinx/kover-gradle-plugin/0.7.3/kover-gradle-plugin-0.7.3.pom, took 62 ms
2026-02-16 13:54:54,192 [  38053]   INFO - STDOUT - [Gradle]: Download https://plugins.gradle.org/m2/org/jetbrains/kotlinx/kover-gradle-plugin/0.7.3/kover-gradle-plugin-0.7.3.module, took 62 ms
2026-02-16 13:54:54,246 [  38107]   INFO - STDOUT - [Gradle]: Download https://plugins.gradle.org/m2/com/squareup/okio/okio/2.7.0/okio-2.7.0.pom, took 52 ms
2026-02-16 13:54:54,298 [  38159]   INFO - STDOUT - [Gradle]: Download https://plugins.gradle.org/m2/com/squareup/okio/okio/2.7.0/okio-2.7.0.module, took 47 ms
2026-02-16 13:54:54,348 [  38209]   INFO - STDOUT - [Gradle]: Download https://plugins.gradle.org/m2/org/jetbrains/kotlin/kotlin-stdlib/1.3.70/kotlin-stdlib-1.3.70.pom, took 45 ms
2026-02-16 13:54:54,377 [  38238]   INFO - STDOUT - [Gradle]: Download https://plugins.gradle.org/m2/org/jetbrains/kotlin/kotlin-stdlib-common/1.3.70/kotlin-stdlib-common-1.3.70.pom, took 74 ms
2026-02-16 13:54:54,480 [  38341]   INFO - STDOUT - [Gradle]: Download https://plugins.gradle.org/m2/org/jetbrains/annotations/13.0/annotations-13.0.pom, took 58 ms
2026-02-16 13:54:55,924 [  39785]   INFO - STDOUT - [Gradle]: Download https://plugins.gradle.org/m2/io/qameta/allure/allure-gradle/2.8.0/allure-gradle-2.8.0.jar, took 74 ms
2026-02-16 13:54:55,947 [  39808]   INFO - STDOUT - [Gradle]: Download https://plugins.gradle.org/m2/org/jetbrains/kotlin/kotlin-stdlib-common/1.3.70/kotlin-stdlib-common-1.3.70.jar, took 90 ms
2026-02-16 13:54:55,995 [  39856]   INFO - STDOUT - [Gradle]: Download https://plugins.gradle.org/m2/io/freefair/gradle/lombok-plugin/8.1.0/lombok-plugin-8.1.0.jar, took 127 ms
2026-02-16 13:54:56,004 [  39865]   INFO - STDOUT - [Gradle]: Download https://plugins.gradle.org/m2/io/freefair/gradle/aspectj-plugin/5.1.1/aspectj-plugin-5.1.1.jar, took 128 ms
2026-02-16 13:54:56,052 [  39913]   INFO - STDOUT - [Gradle]: Download https://plugins.gradle.org/m2/org/jetbrains/kotlinx/kover-gradle-plugin/0.7.3/kover-gradle-plugin-0.7.3.jar, took 165 ms
2026-02-16 13:54:56,064 [  39925]   INFO - STDOUT - [Gradle]: Download https://plugins.gradle.org/m2/org/jetbrains/annotations/13.0/annotations-13.0.jar, took 173 ms
2026-02-16 13:54:56,108 [  39969]   INFO - STDOUT - [Gradle]: Download https://plugins.gradle.org/m2/com/squareup/okio/okio/2.7.0/okio-2.7.0.jar, took 224 ms
2026-02-16 13:54:56,223 [  40084]   INFO - STDOUT - [Gradle]: Download https://plugins.gradle.org/m2/org/jetbrains/kotlin/kotlin-stdlib/1.3.70/kotlin-stdlib-1.3.70.jar, took 313 ms
2026-02-16 13:54:56,738 [  40599]   INFO - STDOUT - [Gradle]: 
2026-02-16 13:54:56,738 [  40599]   INFO - STDOUT - [Gradle]: > Configure project :
2026-02-16 13:54:56,739 [  40600]   INFO - STDOUT - [Gradle]: 
2026-02-16 13:54:56,739 [  40600]   INFO - STDOUT - [Gradle]: from build root
2026-02-16 13:54:56,740 [  40601]   INFO - STDOUT - [Gradle]: 
2026-02-16 13:54:56,792 [  40653]   INFO - STDOUT - [Gradle]: Download https://repo.maven.apache.org/maven2/org/aspectj/aspectjweaver/1.8.10/aspectjweaver-1.8.10.pom, took 67 ms
2026-02-16 13:54:57,021 [  40882]   INFO - STDOUT - [Gradle]: Download https://repo.maven.apache.org/maven2/org/aspectj/aspectjweaver/1.8.10/aspectjweaver-1.8.10.jar, took 196 ms
2026-02-16 13:54:57,136 [  40997]   INFO - STDOUT - [Gradle]: 
2026-02-16 13:54:57,138 [  40999]   INFO - STDOUT - [Gradle]: > Task :prepareKotlinBuildScriptModel
2026-02-16 13:54:57,139 [  41000]   INFO - STDOUT - [Gradle]:  UP-TO-DATE
2026-02-16 13:54:57,140 [  41001]   INFO - STDOUT - [Gradle]: 
2026-02-16 13:54:57,238 [  41099]   INFO - STDOUT - [Gradle]: from task root
2026-02-16 13:54:57,239 [  41100]   INFO - STDOUT - [Gradle]: 
2026-02-16 13:54:57,240 [  41101]   INFO - STDOUT - [Gradle]: from 2
2026-02-16 13:54:57,241 [  41102]   INFO - STDOUT - [Gradle]: 
2026-02-16 13:54:57,346 [  41207]   INFO - STDOUT - [Gradle]: Download https://repo.maven.apache.org/maven2/org/assertj/assertj-core/3.19.0/assertj-core-3.19.0.pom, took 49 ms
2026-02-16 13:54:57,348 [  41209]   INFO - STDOUT - [Gradle]: Download https://repo.maven.apache.org/maven2/com/typesafe/config/1.4.1/config-1.4.1.pom, took 54 ms
2026-02-16 13:54:57,349 [  41210]   INFO - STDOUT - [Gradle]: Download https://repo.maven.apache.org/maven2/org/projectlombok/lombok/1.18.28/lombok-1.18.28.pom, took 53 ms
2026-02-16 13:54:57,353 [  41214]   INFO - STDOUT - [Gradle]: Download https://repo.maven.apache.org/maven2/org/assertj/assertj-parent-pom/2.2.10/assertj-parent-pom-2.2.10.pom, took 26 ms
2026-02-16 13:54:57,367 [  41228]   INFO - STDOUT - [Gradle]: Download https://repo.maven.apache.org/maven2/org/junit/junit-bom/5.7.0/junit-bom-5.7.0.module, took 27 ms
2026-02-16 13:54:57,438 [  41299]   INFO - STDOUT - [Gradle]: Download https://repo.maven.apache.org/maven2/org/junit/platform/junit-platform-launcher/1.7.0/junit-platform-launcher-1.7.0.module, took 23 ms
2026-02-16 13:54:57,441 [  41302]   INFO - STDOUT - [Gradle]: Download https://repo.maven.apache.org/maven2/org/junit/jupiter/junit-jupiter-engine/5.7.0/junit-jupiter-engine-5.7.0.module, took 22 ms
2026-02-16 13:54:57,445 [  41306]   INFO - STDOUT - [Gradle]: Download https://repo.maven.apache.org/maven2/org/junit/junit-bom/5.6.3/junit-bom-5.6.3.pom, took 27 ms
2026-02-16 13:54:57,446 [  41307]   INFO - STDOUT - [Gradle]: Download https://repo.maven.apache.org/maven2/org/junit/jupiter/junit-jupiter-params/5.7.0/junit-jupiter-params-5.7.0.module, took 25 ms
2026-02-16 13:54:57,448 [  41309]   INFO - STDOUT - [Gradle]: Download https://repo.maven.apache.org/maven2/org/junit/junit-bom/5.6.3/junit-bom-5.6.3.module, took 35 ms
2026-02-16 13:54:57,508 [  41369]   INFO - STDOUT - [Gradle]: Download https://repo.maven.apache.org/maven2/org/junit/platform/junit-platform-engine/1.7.0/junit-platform-engine-1.7.0.module, took 25 ms
2026-02-16 13:54:57,565 [  41426]   INFO - STDOUT - [Gradle]: Download https://repo.maven.apache.org/maven2/org/junit/jupiter/junit-jupiter-api/5.7.0/junit-jupiter-api-5.7.0.module, took 21 ms
2026-02-16 13:54:57,681 [  41542]   INFO - STDOUT - [Gradle]: Download https://repo.maven.apache.org/maven2/org/junit/platform/junit-platform-commons/1.7.0/junit-platform-commons-1.7.0.module, took 24 ms
2026-02-16 13:54:57,710 [  41571]   INFO - STDOUT - [Gradle]: Download https://repo.maven.apache.org/maven2/org/junit/platform/junit-platform-commons/1.7.0/junit-platform-commons-1.7.0.jar, took 50 ms
2026-02-16 13:54:57,825 [  41686]   INFO - STDOUT - [Gradle]: Download https://repo.maven.apache.org/maven2/org/junit/platform/junit-platform-engine/1.7.0/junit-platform-engine-1.7.0.jar, took 129 ms
2026-02-16 13:54:57,833 [  41694]   INFO - STDOUT - [Gradle]: Download https://repo.maven.apache.org/maven2/org/aspectj/aspectjrt/1.9.6/aspectjrt-1.9.6.jar, took 84 ms
2026-02-16 13:54:57,859 [  41720]   INFO - STDOUT - [Gradle]: Download https://repo.maven.apache.org/maven2/org/junit/platform/junit-platform-launcher/1.7.0/junit-platform-launcher-1.7.0.jar, took 182 ms
2026-02-16 13:54:57,865 [  41726]   INFO - STDOUT - [Gradle]: Download https://repo.maven.apache.org/maven2/org/junit/jupiter/junit-jupiter-engine/5.7.0/junit-jupiter-engine-5.7.0.jar, took 187 ms
2026-02-16 13:54:57,870 [  41731]   INFO - STDOUT - [Gradle]: Download https://repo.maven.apache.org/maven2/org/junit/jupiter/junit-jupiter-api/5.7.0/junit-jupiter-api-5.7.0.jar, took 192 ms
2026-02-16 13:54:57,875 [  41736]   INFO - STDOUT - [Gradle]: Download https://repo.maven.apache.org/maven2/com/typesafe/config/1.4.1/config-1.4.1.jar, took 202 ms
2026-02-16 13:54:57,941 [  41802]   INFO - STDOUT - [Gradle]: Download https://repo.maven.apache.org/maven2/org/junit/jupiter/junit-jupiter-params/5.7.0/junit-jupiter-params-5.7.0.jar, took 264 ms
2026-02-16 13:54:57,947 [  41808]   INFO - STDOUT - [Gradle]: Download https://repo.maven.apache.org/maven2/org/opentest4j/opentest4j/1.2.0/opentest4j-1.2.0.jar, took 90 ms
2026-02-16 13:54:57,948 [  41809]   INFO - STDOUT - [Gradle]: Download https://repo.maven.apache.org/maven2/org/apiguardian/apiguardian-api/1.1.0/apiguardian-api-1.1.0.jar, took 135 ms
2026-02-16 13:54:58,204 [  42065]   INFO - STDOUT - [Gradle]: Download https://repo.maven.apache.org/maven2/org/projectlombok/lombok/1.18.28/lombok-1.18.28.jar, took 393 ms
2026-02-16 13:54:58,596 [  42457]   INFO - STDOUT - [Gradle]: Download https://repo.maven.apache.org/maven2/org/assertj/assertj-core/3.19.0/assertj-core-3.19.0.jar, took 904 ms
2026-02-16 13:54:58,629 [  42490]   INFO - STDOUT - [Gradle]: Download https://repo.maven.apache.org/maven2/com/fasterxml/jackson/core/jackson-annotations/2.10.4/jackson-annotations-2.10.4.pom, took 43 ms
2026-02-16 13:54:58,673 [  42534]   INFO - STDOUT - [Gradle]: Download https://repo.maven.apache.org/maven2/com/fasterxml/jackson/core/jackson-core/2.10.4/jackson-core-2.10.4.pom, took 47 ms
2026-02-16 13:54:58,679 [  42540]   INFO - STDOUT - [Gradle]: Download https://repo.maven.apache.org/maven2/com/fasterxml/jackson/jackson-parent/2.10/jackson-parent-2.10.pom, took 24 ms
2026-02-16 13:54:58,679 [  42540]   INFO - STDOUT - [Gradle]: Download https://repo.maven.apache.org/maven2/com/fasterxml/jackson/jackson-base/2.10.4/jackson-base-2.10.4.pom, took 21 ms
2026-02-16 13:54:58,727 [  42588]   INFO - STDOUT - [Gradle]: Download https://repo.maven.apache.org/maven2/com/fasterxml/oss-parent/38/oss-parent-38.pom, took 28 ms
2026-02-16 13:54:58,729 [  42590]   INFO - STDOUT - [Gradle]: Download https://repo.maven.apache.org/maven2/com/fasterxml/jackson/jackson-bom/2.10.4/jackson-bom-2.10.4.pom, took 28 ms
2026-02-16 13:54:58,768 [  42629]   INFO - STDOUT - [Gradle]: Download https://repo.maven.apache.org/maven2/com/fasterxml/jackson/core/jackson-annotations/2.10.4/jackson-annotations-2.10.4.jar, took 27 ms
2026-02-16 13:54:58,785 [  42646]   INFO - STDOUT - [Gradle]: Download https://repo.maven.apache.org/maven2/com/fasterxml/jackson/core/jackson-core/2.10.4/jackson-core-2.10.4.jar, took 60 ms
2026-02-16 13:54:58,844 [  42705]   INFO - STDOUT - [Gradle]: Download https://repo.maven.apache.org/maven2/org/projectlombok/lombok/1.18.16/lombok-1.18.16.pom, took 57 ms
2026-02-16 13:54:59,044 [  42905]   INFO - STDOUT - [Gradle]: Download https://repo.maven.apache.org/maven2/org/projectlombok/lombok/1.18.16/lombok-1.18.16.jar, took 191 ms
2026-02-16 13:54:59,199 [  43060]   INFO - #c.i.p.c.i.PolyContextDiscoveryInfo$1 - Notifying that PolyContext may have changed due to roots changes.
2026-02-16 13:54:59,199 [  43060]   INFO - #c.i.o.p.UnindexedFilesScannerExecutor - [15375f63] Running task: com.intellij.util.indexing.UnindexedFilesScannerExecutorImpl$ScheduledScanningTask@7fd4f7d5
2026-02-16 13:54:59,205 [  43066]   INFO - #c.i.w.i.i.EntitiesOrphanageImpl - Update orphanage. 0 modules added
2026-02-16 13:54:59,206 [  43067]   INFO - #c.i.w.i.i.WorkspaceModelImpl - Project model updated to version 12 in 14 ms: The Gradle project sync
  phase = PROJECT_MODEL_PHASE
  taskId = RESOLVE_PROJECT:2
  projectPath = /data/project
2026-02-16 13:54:59,209 [  43070]   INFO - #c.i.o.p.UnindexedFilesScannerExecutor - [15375f63] Skipping task: com.intellij.util.indexing.UnindexedFilesScannerExecutorImpl$ScheduledScanningTask@7fd4f7d5
2026-02-16 13:54:59,210 [  43071]   INFO - #c.i.o.p.UnindexedFilesScannerExecutor - [15375f63] Running task: com.intellij.util.indexing.UnindexedFilesScannerExecutorImpl$ScheduledScanningTask@243118b9
2026-02-16 13:54:59,212 [  43073]   INFO - #c.i.u.i.UnindexedFilesScanner - [15375f63] scanning stage (scanning id=2): DelayedPushProperties
2026-02-16 13:54:59,214 [  43075]   INFO - #c.i.u.i.FileBasedIndexImpl - Indexes are already loaded
2026-02-16 13:54:59,215 [  43076]   INFO - #c.i.u.i.UnindexedFilesScanner - [15375f63] Started scanning for indexing of java-basics. Reason: changes in: "Module 'project.java-basics' (all roots)"
2026-02-16 13:54:59,215 [  43076]   INFO - #c.i.u.i.UnindexedFilesScanner - [15375f63] scanning stage (scanning id=2): CreatingIterators
2026-02-16 13:54:59,215 [  43076]   INFO - #c.i.u.i.UnindexedFilesScanner - [15375f63] scanning stage (scanning id=2): CollectingIndexableFiles
2026-02-16 13:54:59,215 [  43076]   INFO - #c.i.u.i.UnindexedFilesScanner - Scanning of java-basics uses 8 scanning threads
2026-02-16 13:54:59,216 [  43077]   INFO - STDOUT - [Gradle]: 
2026-02-16 13:54:59,216 [  43077]   INFO - STDOUT - [Gradle]: Deprecated Gradle features were used in this build, making it incompatible with Gradle 9.0.
2026-02-16 13:54:59,216 [  43077]   INFO - STDOUT - [Gradle]: 
2026-02-16 13:54:59,217 [  43078]   INFO - STDOUT - [Gradle]: 
2026-02-16 13:54:59,217 [  43078]   INFO - STDOUT - [Gradle]: You can use '--warning-mode all' to show the individual deprecation warnings and determine if they come from your own scripts or plugins.
2026-02-16 13:54:59,217 [  43078]   INFO - STDOUT - [Gradle]: 
2026-02-16 13:54:59,218 [  43079]   INFO - STDOUT - [Gradle]: 
2026-02-16 13:54:59,219 [  43080]   INFO - STDOUT - [Gradle]: For more on this, please refer to https://docs.gradle.org/8.2.1/userguide/command_line_interface.html#sec:command_line_warnings in the Gradle documentation.
2026-02-16 13:54:59,219 [  43080]   INFO - STDOUT - [Gradle]: 
2026-02-16 13:54:59,220 [  43081]   INFO - STDOUT - [Gradle]: 
2026-02-16 13:54:59,221 [  43082]   INFO - STDOUT - [Gradle]: BUILD SUCCESSFUL
2026-02-16 13:54:59,221 [  43082]   INFO - STDOUT - [Gradle]:  in 13s
2026-02-16 13:54:59,221 [  43082]   INFO - STDOUT - [Gradle]: 
2026-02-16 13:54:59,234 [  43095]   INFO - #c.i.p.c.i.PolyContextDiscoveryInfo$1 - Notifying that PolyContext may have changed due to roots changes.
2026-02-16 13:54:59,236 [  43097]   INFO - #c.i.w.i.i.EntitiesOrphanageImpl - Update orphanage. 1 modules added
2026-02-16 13:54:59,236 [  43097]   INFO - #c.i.w.i.i.ContentRootAdder - Move content roots for 1 modules from orphanage to storage
2026-02-16 13:54:59,237 [  43098]   INFO - #c.i.w.i.i.SourceRootAdder - Move source roots for 0 modules from orphanage to storage
2026-02-16 13:54:59,237 [  43098]   INFO - #c.i.w.i.i.ExcludeRootAdder - Move exclude roots for 0 modules from orphanage to storage
2026-02-16 13:54:59,239 [  43100]   INFO - #c.i.p.c.i.PolyContextDiscoveryInfo$1 - Notifying that PolyContext may have changed due to roots changes.
2026-02-16 13:54:59,240 [  43101]   INFO - #c.i.w.i.i.EntitiesOrphanageImpl - Update orphanage. 0 modules added
2026-02-16 13:54:59,240 [  43101]   INFO - #c.i.w.i.i.WorkspaceModelImpl - Project model updated to version 14 in 4 ms: Move orphan elements
2026-02-16 13:54:59,241 [  43102]   INFO - #c.i.w.i.i.WorkspaceModelImpl - Project model updated to version 14 in 14 ms: The Gradle project sync
  phase = SOURCE_SET_MODEL_PHASE
  taskId = RESOLVE_PROJECT:2
  projectPath = /data/project
2026-02-16 13:54:59,245 [  43106]   INFO - #c.i.u.i.IndexingReasonExplanationLogger - Scheduling indexing of RestTestApplication1.java (id=5897) by request of indexes: [java.binary.plus.expression->NOT_INDEXED(not indexed),java.null.method.argument->NOT_INDEXED(not indexed),java.fun.expression->NOT_INDEXED(not indexed),PropertyCodeReferenceIndex->NOT_INDEXED(not indexed),HashFragmentIndex->NOT_INDEXED(not indexed),Stubs->NOT_INDEXED(not indexed),]. 
2026-02-16 13:54:59,250 [  43111]   INFO - #c.i.u.i.IndexingReasonExplanationLogger - Scheduling indexing of RestTestApplicationTests1.java (id=5939) by request of indexes: [java.binary.plus.expression->NOT_INDEXED(not indexed),java.null.method.argument->NOT_INDEXED(not indexed),java.fun.expression->NOT_INDEXED(not indexed),PropertyCodeReferenceIndex->NOT_INDEXED(not indexed),HashFragmentIndex->NOT_INDEXED(not indexed),Stubs->NOT_INDEXED(not indexed),]. 
2026-02-16 13:54:59,251 [  43112]   INFO - #c.i.u.i.IndexingReasonExplanationLogger - Scheduling indexing of build.gradle (id=5887) by request of indexes: [HashFragmentIndex->NOT_INDEXED(not indexed),]. 
2026-02-16 13:54:59,251 [  43112]   INFO - #c.i.u.i.IndexingReasonExplanationLogger - Scheduling indexing of settings.gradle (id=5884) by request of indexes: [HashFragmentIndex->NOT_INDEXED(not indexed),]. 
2026-02-16 13:54:59,256 [  43117]   INFO - #c.i.w.i.i.EntitiesOrphanageImpl - Update orphanage. 0 modules added
2026-02-16 13:54:59,256 [  43117]   INFO - #c.i.w.i.i.WorkspaceModelImpl - Project model updated to version 15 in 3 ms: The Gradle project sync
  phase = ADDITIONAL_MODEL_PHASE
  taskId = RESOLVE_PROJECT:2
  projectPath = /data/project
2026-02-16 13:54:59,335 [  43196]   INFO - #c.i.u.i.UnindexedFilesScanner - [15375f63] Scanning completed for java-basics. Number of scanned files: 331; number of files for indexing: 4
2026-02-16 13:54:59,336 [  43197]   INFO - #c.i.o.p.UnindexedFilesScannerExecutor - [15375f63] Task finished (scanning id=2): com.intellij.util.indexing.UnindexedFilesScannerExecutorImpl$ScheduledScanningTask@243118b9
2026-02-16 13:54:59,337 [  43198]   INFO - #c.i.o.p.DumbServiceImpl - enter dumb mode [java-basics]
2026-02-16 13:54:59,338 [  43199]   INFO - #c.i.o.p.UnindexedFilesScannerExecutor - [15375f63] Running task: com.intellij.util.indexing.UnindexedFilesScannerExecutorImpl$ScheduledScanningTask@4b36f5dd
2026-02-16 13:54:59,338 [  43199]   INFO - #c.i.u.i.UnindexedFilesScanner - [15375f63] scanning stage (scanning id=3): DelayedPushProperties
2026-02-16 13:54:59,339 [  43200]   INFO - #c.i.o.p.MergingQueueGuiExecutor - Running task: (dumb mode task) UnindexedFilesIndexer[java-basics, reasons: [changes in: "Module 'project.java-basics' (all roots)"]]
2026-02-16 13:54:59,339 [  43200]   INFO - #c.i.u.i.FileBasedIndexImpl - Indexes are already loaded
2026-02-16 13:54:59,346 [  43207]   INFO - #c.i.u.i.UnindexedFilesScanner - [15375f63] Started scanning for indexing of java-basics. Reason: Merged changes in: "Module 'java-basics.test' (all roots)", "Module 'java-basics.main' (all roots)" with changes in: "Module 'java-basics.main' (main)"
2026-02-16 13:54:59,346 [  43207]   INFO - #c.i.u.i.UnindexedFilesScanner - [15375f63] scanning stage (scanning id=3): CreatingIterators
2026-02-16 13:54:59,347 [  43208]   INFO - #c.i.u.i.UnindexedFilesScanner - [15375f63] scanning stage (scanning id=3): CollectingIndexableFiles
2026-02-16 13:54:59,347 [  43208]   INFO - #c.i.u.i.UnindexedFilesScanner - Scanning of java-basics uses 8 scanning threads
2026-02-16 13:54:59,354 [  43215]   INFO - #c.i.u.i.IndexingReasonExplanationLogger - Scheduling indexing of RestTestApplication1.java (id=5897) by request of indexes: [IdIndex->OUT_DATED(stamp(-2) != indexCreationStamp(1771250061659)),java.binary.plus.expression->NOT_INDEXED(not indexed),java.null.method.argument->NOT_INDEXED(not indexed),java.fun.expression->NOT_INDEXED(not indexed),PropertyCodeReferenceIndex->NOT_INDEXED(not indexed),Trigram.Index->OUT_DATED(stamp(-2) != indexCreationStamp(1771250067659)),HashFragmentIndex->NOT_INDEXED(not indexed),Stubs->NOT_INDEXED(not indexed),]. 
2026-02-16 13:54:59,355 [  43216]   INFO - #c.i.u.i.IndexingReasonExplanationLogger - Scheduling indexing of RestTestApplicationTests1.java (id=5939) by request of indexes: [IdIndex->OUT_DATED(stamp(-2) != indexCreationStamp(1771250061659)),java.binary.plus.expression->NOT_INDEXED(not indexed),java.null.method.argument->NOT_INDEXED(not indexed),java.fun.expression->NOT_INDEXED(not indexed),PropertyCodeReferenceIndex->NOT_INDEXED(not indexed),Trigram.Index->OUT_DATED(stamp(-2) != indexCreationStamp(1771250067659)),HashFragmentIndex->NOT_INDEXED(not indexed),Stubs->NOT_INDEXED(not indexed),]. 
2026-02-16 13:54:59,355 [  43216]   INFO - #c.i.u.i.IndexingReasonExplanationLogger - Scheduling indexing of build.gradle (id=5887) by request of indexes: [HashFragmentIndex->NOT_INDEXED(not indexed),]. 
2026-02-16 13:54:59,355 [  43216]   INFO - #c.i.u.i.IndexingReasonExplanationLogger - Scheduling indexing of settings.gradle (id=5884) by request of indexes: [HashFragmentIndex->NOT_INDEXED(not indexed),]. 
2026-02-16 13:54:59,358 [  43219]   INFO - #c.i.u.i.UnindexedFilesScanner - [15375f63] Scanning completed for java-basics. Number of scanned files: 136; number of files for indexing: 4
2026-02-16 13:54:59,360 [  43221]   INFO - #c.i.o.p.UnindexedFilesScannerExecutor - [15375f63] Task finished (scanning id=3): com.intellij.util.indexing.UnindexedFilesScannerExecutorImpl$ScheduledScanningTask@4b36f5dd
2026-02-16 13:54:59,360 [  43221]   INFO - #c.i.u.i.FileBasedIndexImpl - Indexes are already loaded
2026-02-16 13:54:59,361 [  43222]   INFO - #c.i.u.i.c.IndexUpdateRunner - Using 8 workers for indexing and 4 for writing indexes
2026-02-16 13:54:59,362 [  43223]   INFO - #c.i.u.i.c.IndexUpdateRunner - Coroutine 2 finished gracefully
2026-02-16 13:54:59,363 [  43224]   INFO - #c.i.u.i.c.IndexUpdateRunner - Coroutine 5 finished gracefully
2026-02-16 13:54:59,363 [  43224]   INFO - #c.i.u.i.c.IndexUpdateRunner - Coroutine 7 finished gracefully
2026-02-16 13:54:59,363 [  43224]   INFO - #c.i.u.i.c.IndexUpdateRunner - Coroutine 6 finished gracefully
2026-02-16 13:54:59,367 [  43228]   INFO - #c.i.u.i.c.IndexUpdateRunner - Coroutine 3 finished gracefully
2026-02-16 13:54:59,368 [  43229]   INFO - #c.i.u.i.c.IndexUpdateRunner - Coroutine 1 finished gracefully
2026-02-16 13:54:59,369 [  43230]   INFO - #c.i.u.i.c.IndexUpdateRunner - Coroutine 0 finished gracefully
2026-02-16 13:54:59,369 [  43230]   INFO - #c.i.u.i.c.IndexUpdateRunner - Coroutine 4 finished gracefully
2026-02-16 13:54:59,375 [  43236]   INFO - STDOUT - [Gradle]: Gradle resolve stage finished with success: java-basics:15375f63
2026-02-16 13:54:59,396 [  43257]   INFO - #c.i.u.i.ProjectChangedFilesScanner - Retrieving changed during indexing files of java-basics : 113 to update, calculated in 5ms
2026-02-16 13:54:59,403 [  43264]   INFO - #o.j.k.g.s.s.r.GradleBuildRootIndex - /data/project: org.jetbrains.kotlin.gradle.scripting.shared.roots.New@30332633 -> org.jetbrains.kotlin.gradle.scripting.shared.roots.Imported@4d874588
2026-02-16 13:54:59,404 [  43265]   INFO - #c.i.o.e.u.ExternalSystemUtil - External project [/data/project] resolution task executed in 26918 ms.
2026-02-16 13:54:59,406 [  43267]   INFO - STDOUT - [Gradle]: Gradle data import stage started: java-basics:15375f63
2026-02-16 13:54:59,442 [  43303]   INFO - STDOUT - [IDE]: Gradle: Importing gradle bridge data                                                                                        0%
2026-02-16 13:54:59,444 [  43305]   INFO - #c.i.o.e.s.p.IdeModifiableModelsProviderImpl - Ide modifiable models provider, create builder from version 15
2026-02-16 13:54:59,447 [  43308]   INFO - STDOUT - [IDE]: Gradle: Importing module data                                                                                               0%
2026-02-16 13:54:59,464 [  43325]   INFO - STDOUT - [IDE]: Gradle: Importing native target data                                                                                        2%
2026-02-16 13:54:59,464 [  43325]   INFO - STDOUT - [IDE]: Gradle: Importing kotlin target data                                                                     .                  5%
2026-02-16 13:54:59,466 [  43327]   INFO - STDOUT - [IDE]: Gradle: Importing kotlin fragment data                                                                   .                  8%
2026-02-16 13:54:59,466 [  43327]   INFO - STDOUT - [IDE]: Gradle: Importing gradle project build script data                                                       ..                 11%
2026-02-16 13:54:59,469 [  43330]   INFO - STDOUT - [IDE]: Gradle: Importing gradle source set data                                                                 ..                 13%
2026-02-16 13:54:59,473 [  43334]   INFO - STDOUT - [IDE]: Gradle: Importing gradle bridge module data                                                              ...                16%
2026-02-16 13:54:59,475 [  43336]   INFO - STDOUT - [IDE]: Gradle: Importing project data                                                                           ...                19%
2026-02-16 13:54:59,476 [  43337]   INFO - STDOUT - [IDE]: Gradle: Importing project data                                                                           ....               22%
2026-02-16 13:54:59,477 [  43338]   INFO - STDOUT - [IDE]: Gradle: Importing java project data                                                                      ....               22%
2026-02-16 13:54:59,483 [  43344]   INFO - STDOUT - [IDE]: Gradle: Importing project sdk data                                                                       ....               25%
2026-02-16 13:54:59,488 [  43349]   INFO - STDOUT - [IDE]: Gradle: Importing composite build data                                                                   .....              27%
2026-02-16 13:54:59,492 [  43353]   INFO - STDOUT - [IDE]: Gradle: Importing java module data                                                                       .....              30%
2026-02-16 13:54:59,493 [  43354]   INFO - STDOUT - [IDE]: Gradle: Importing module sdk data                                                                        ......             33%
2026-02-16 13:54:59,493 [  43354]   INFO - STDOUT - [IDE]: Gradle: Importing library data                                                                           ......             36%
2026-02-16 13:54:59,513 [  43374]   INFO - #c.i.u.i.c.IndexUpdateRunner - Coroutine 0 finished gracefully
2026-02-16 13:54:59,516 [  43377]   INFO - #c.i.u.i.c.IndexUpdateRunner - Coroutine 7 finished gracefully
2026-02-16 13:54:59,516 [  43377]   INFO - #c.i.u.i.c.IndexUpdateRunner - Coroutine 3 finished gracefully
2026-02-16 13:54:59,517 [  43378]   INFO - #c.i.u.i.c.IndexUpdateRunner - Coroutine 1 finished gracefully
2026-02-16 13:54:59,517 [  43378]   INFO - #c.i.u.i.c.IndexUpdateRunner - Coroutine 4 finished gracefully
2026-02-16 13:54:59,517 [  43378]   INFO - #c.i.u.i.c.IndexUpdateRunner - Coroutine 5 finished gracefully
2026-02-16 13:54:59,517 [  43378]   INFO - #c.i.u.i.c.IndexUpdateRunner - Coroutine 6 finished gracefully
2026-02-16 13:54:59,517 [  43378]   INFO - #c.i.u.i.c.IndexUpdateRunner - Coroutine 2 finished gracefully
2026-02-16 13:54:59,535 [  43396]   INFO - STDOUT - [IDE]: Gradle: Importing content root data                                                                      .......            38%
2026-02-16 13:54:59,539 [  43400]   INFO - #c.i.u.i.UnindexedFilesIndexer - Finished for java-basics. Unindexed files update took 179ms; general responsiveness: ok; EDT responsiveness: ok
2026-02-16 13:54:59,540 [  43401]   INFO - #c.i.o.p.MergingQueueGuiExecutor - Task finished: (dumb mode task) UnindexedFilesIndexer[java-basics, reasons: [changes in: "Module 'project.java-basics' (all roots)"]]
2026-02-16 13:54:59,594 [  43455]   INFO - #c.i.o.p.MergingQueueGuiExecutor - Running task: (dumb mode task) UnindexedFilesIndexer[java-basics, reasons: [Merged changes in: "Module 'java-basics.test' (all roots)", "Module 'java-basics.main' (all roots)" with changes in: "Module 'java-basics.main' (main)"]]
2026-02-16 13:54:59,595 [  43456]   INFO - #c.i.u.i.FileBasedIndexImpl - Indexes are already loaded
2026-02-16 13:54:59,595 [  43456]   INFO - #c.i.u.i.c.IndexUpdateRunner - Using 8 workers for indexing and 4 for writing indexes
2026-02-16 13:54:59,596 [  43457]   INFO - #c.i.u.i.ProjectChangedFilesScanner - Retrieving changed during indexing files of java-basics : 0 to update, calculated in 0ms
2026-02-16 13:54:59,596 [  43457]   INFO - #c.i.u.i.UnindexedFilesIndexer - Finished for java-basics. Unindexed files update took 0ms; general responsiveness: ok; EDT responsiveness: ok
2026-02-16 13:54:59,597 [  43458]   INFO - #c.i.o.p.MergingQueueGuiExecutor - Task finished: (dumb mode task) UnindexedFilesIndexer[java-basics, reasons: [Merged changes in: "Module 'java-basics.test' (all roots)", "Module 'java-basics.main' (all roots)" with changes in: "Module 'java-basics.main' (main)"]]
2026-02-16 13:54:59,597 [  43458]   INFO - #c.i.o.p.MergingQueueGuiExecutor - Running task: (dumb mode task) com.intellij.openapi.roots.impl.PushedFilePropertiesUpdaterImpl$MyDumbModeTask@71086c0a (reason: Push on VFS changes)
2026-02-16 13:54:59,603 [  43464]   INFO - STDOUT - [IDE]: Gradle: Importing kotlin output paths data                                                               .......            41%
2026-02-16 13:54:59,603 [  43464]   INFO - STDOUT - [IDE]: Gradle: Importing kotlin output paths data                                                               ........           44%
2026-02-16 13:54:59,603 [  43464]   INFO - STDOUT - [IDE]: Gradle: Importing module dependency data                                                                 ........           44%
2026-02-16 13:54:59,605 [  43466]   INFO - STDOUT - [IDE]: Gradle: Importing library dependency data                                                                ........           47%
2026-02-16 13:54:59,606 [  43467]   INFO - #c.i.o.p.MergingQueueGuiExecutor - Task finished: (dumb mode task) com.intellij.openapi.roots.impl.PushedFilePropertiesUpdaterImpl$MyDumbModeTask@71086c0a (reason: Push on VFS changes)
2026-02-16 13:54:59,606 [  43467]   INFO - #c.i.o.p.DumbServiceImpl - exit dumb mode [java-basics]
2026-02-16 13:54:59,608 [  43469]   INFO - STDOUT - [IDE]: Gradle: Importing dependency accessors model                                                             .........          50%
2026-02-16 13:54:59,608 [  43469]   INFO - STDOUT - [IDE]: Gradle: Importing version catalogs model                                                                 .........          52%
2026-02-16 13:54:59,609 [  43470]   INFO - STDOUT - [IDE]: Task 'Analyzing project to enable smart features' ended
2026-02-16 13:54:59,609 [  43470]   INFO - STDOUT - [IDE]: Gradle: Importing build script classpath data                                                            ..........         55%
2026-02-16 13:54:59,626 [  43487]   INFO - #c.i.w.i.i.EntitiesOrphanageImpl - Update orphanage. 0 modules added
2026-02-16 13:54:59,627 [  43488]   INFO - #c.i.w.i.i.WorkspaceModelImpl - Project model updated to version 16 in 4 ms: AbstractExternalSystemLocalSettings async update
2026-02-16 13:54:59,628 [  43489]   INFO - STDOUT - [IDE]: Gradle: Importing gradle extensions                                                                      ..........         58%
2026-02-16 13:54:59,630 [  43491]   INFO - STDOUT - [IDE]: Gradle: Importing task data                                                                              ...........        61%
2026-02-16 13:54:59,630 [  43491]   INFO - STDOUT - [IDE]: Gradle: Importing java manifest data                                                                     ...........        63%
2026-02-16 13:54:59,630 [  43491]   INFO - STDOUT - [IDE]: Gradle: Importing java manifest data                                                                     ............       66%
2026-02-16 13:54:59,630 [  43491]   INFO - STDOUT - [IDE]: Gradle: Importing external project                                                                       ............       66%
2026-02-16 13:54:59,631 [  43492]   INFO - STDOUT - [IDE]: Gradle: Importing configuration data                                                                     ............       69%
2026-02-16 13:54:59,631 [  43492]   INFO - STDOUT - [IDE]: Gradle: Importing test data                                                                              .............      72%
2026-02-16 13:54:59,631 [  43492]   INFO - STDOUT - [IDE]: Gradle: Importing project dependencies                                                                   .............      75%
2026-02-16 13:54:59,632 [  43493]   INFO - STDOUT - [IDE]: Gradle: Importing annotation processing data                                                             ..............     77%
2026-02-16 13:54:59,639 [  43500]   INFO - STDOUT - [IDE]: Gradle: Importing annotation processing data$ annotation processor output                                ..............     80%
2026-02-16 13:54:59,639 [  43500]   INFO - STDOUT - [IDE]: Gradle: Importing web configuration model data                                                           ...............    83%
2026-02-16 13:54:59,641 [  43502]   INFO - #o.j.i.maven - Updating index list for project Project(name=java-basics, containerState=COMPONENT_CREATED, componentStore=/data/project)
2026-02-16 13:54:59,642 [  43503]   INFO - #o.j.i.maven - updating index list for Project(name=java-basics, containerState=COMPONENT_CREATED, componentStore=/data/project) - local:local:/data/cache/.m2 remains the same, nothing to update
2026-02-16 13:54:59,645 [  43506]   INFO - STDOUT - [IDE]: Gradle: Importing external system operation descriptor                                                   ...............    86%
2026-02-16 13:54:59,645 [  43506]   INFO - STDOUT - [IDE]: Gradle: Importing external system operation descriptor                                                   ................   88%
2026-02-16 13:54:59,645 [  43506]   INFO - STDOUT - [IDE]: Gradle: Importing ear configuration model data                                                           ................   88%
2026-02-16 13:54:59,645 [  43506]   INFO - STDOUT - [IDE]: Gradle: Importing maven repository data                                                                  ................   91%
2026-02-16 13:54:59,645 [  43506]   INFO - STDOUT - [IDE]: Gradle: Importing project repository data                                                                .................  94%
2026-02-16 13:54:59,677 [  43538]   INFO - #c.i.w.i.i.EntitiesOrphanageImpl - Update orphanage. 0 modules added
2026-02-16 13:54:59,677 [  43538]   INFO - #c.i.w.i.i.WorkspaceModelImpl - Project model updated to version 17 in 1 ms: Commit artifact manager
2026-02-16 13:54:59,688 [  43549]   INFO - #c.i.o.p.UnindexedFilesScannerExecutor - [15375f63] Running task: com.intellij.util.indexing.UnindexedFilesScannerExecutorImpl$ScheduledScanningTask@585affe1
2026-02-16 13:54:59,688 [  43549]   INFO - #c.i.w.i.i.EntitiesOrphanageImpl - Update orphanage. 0 modules added
2026-02-16 13:54:59,689 [  43550]   INFO - #c.i.o.p.DumbServiceImpl - enter dumb mode [java-basics]
2026-02-16 13:54:59,689 [  43550]   INFO - #c.i.w.i.i.WorkspaceModelImpl - Project model updated to version 18 in 12 ms: External system: commit model
2026-02-16 13:54:59,690 [  43551]   INFO - #c.i.p.c.i.PolyContextDiscoveryInfo$1 - Notifying that PolyContext may have changed due to roots changes.
2026-02-16 13:54:59,691 [  43552]   INFO - STDOUT - [Gradle]: Gradle data import stage finished with success: java-basics:15375f63
2026-02-16 13:54:59,695 [  43556]   INFO - #c.i.u.i.UnindexedFilesScanner - [15375f63] scanning stage (scanning id=4): DelayedPushProperties
2026-02-16 13:54:59,695 [  43556]   INFO - #c.i.o.p.MergingQueueGuiExecutor - Running task: (dumb mode task) com.intellij.openapi.roots.impl.PushedFilePropertiesUpdaterImpl$MyDumbModeTask@15c56f40 (reason: Push all on [com.intellij.openapi.roots.impl.JavaLanguageLevelPusher@67a8d5a3])
2026-02-16 13:54:59,696 [  43557]   INFO - STDOUT - [Gradle]: Gradle data import(final tasks) stage started: java-basics:15375f63
2026-02-16 13:54:59,697 [  43558]   INFO - #c.i.o.p.MergingQueueGuiExecutor - Task finished: (dumb mode task) com.intellij.openapi.roots.impl.PushedFilePropertiesUpdaterImpl$MyDumbModeTask@15c56f40 (reason: Push all on [com.intellij.openapi.roots.impl.JavaLanguageLevelPusher@67a8d5a3])
2026-02-16 13:54:59,701 [  43562]   INFO - #c.i.o.p.DumbServiceImpl - exit dumb mode [java-basics]
2026-02-16 13:54:59,712 [  43573]   INFO - STDOUT - [IDE]: Task 'Analyzing project to enable smart features' ended
2026-02-16 13:54:59,716 [  43577]   INFO - #c.i.w.i.i.EntitiesOrphanageImpl - Update orphanage. 0 modules added
2026-02-16 13:54:59,716 [  43577]   INFO - #c.i.w.i.i.WorkspaceModelImpl - Project model updated to version 19 in 1 ms: AbstractExternalSystemLocalSettings async update
2026-02-16 13:54:59,744 [  43605]   INFO - #c.i.u.i.FileBasedIndexImpl - Indexes are already loaded
2026-02-16 13:54:59,744 [  43605]   INFO - #c.i.u.i.UnindexedFilesScanner - [15375f63] Started scanning for indexing of java-basics. Reason: Changes from WorkspaceFileIndex
2026-02-16 13:54:59,744 [  43605]   INFO - #c.i.u.i.UnindexedFilesScanner - [15375f63] scanning stage (scanning id=4): CreatingIterators
2026-02-16 13:54:59,744 [  43605]   INFO - #c.i.u.i.UnindexedFilesScanner - [15375f63] scanning stage (scanning id=4): CollectingIndexableFiles
2026-02-16 13:54:59,744 [  43605]   INFO - #c.i.u.i.UnindexedFilesScanner - Scanning of java-basics uses 8 scanning threads
2026-02-16 13:54:59,751 [  43612]   INFO - #c.i.u.i.IndexingReasonExplanationLogger - Scanner has updated file opentest4j-1.2.0.jar (id=78036) with appliers: [SingleIndexValueApplier{indexId=java.auto.module.name, inputId=78036, fileInfo='opentest4j-1.2.0.jar(id=78036)'}] and removers: []; 
2026-02-16 13:54:59,751 [  43612]   INFO - #c.i.u.i.IndexingReasonExplanationLogger - Scanner has updated file junit-platform-launcher-1.7.0.jar (id=77985) with appliers: [SingleIndexValueApplier{indexId=java.auto.module.name, inputId=77985, fileInfo='junit-platform-launcher-1.7.0.jar(id=77985)'}] and removers: []; 
2026-02-16 13:54:59,751 [  43612]   INFO - #c.i.u.i.IndexingReasonExplanationLogger - Scanner has updated file junit-platform-commons-1.7.0.jar (id=78030) with appliers: [SingleIndexValueApplier{indexId=java.auto.module.name, inputId=78030, fileInfo='junit-platform-commons-1.7.0.jar(id=78030)'}] and removers: []; 
2026-02-16 13:54:59,751 [  43612]   INFO - #c.i.u.i.IndexingReasonExplanationLogger - Scheduling indexing of LruCache.class (id=78069) by request of indexes: [bytecodeAnalysis->NOT_INDEXED(not indexed),org.jetbrains.kotlin.idea.versions.KotlinJvmMetadataVersionIndex->NOT_INDEXED(not indexed),org.jetbrains.kotlin.idea.vfilefinder.KotlinPartialPackageNamesIndex->NOT_INDEXED(not indexed),org.jetbrains.kotlin.idea.vfilefinder.KotlinClassFileIndex->NOT_INDEXED(not indexed),KotlinTopLevelCallableByPackageShortNameIndex->NOT_INDEXED(not indexed),KotlinTopLevelClassLikeDeclarationByPackageShortNameIndex->NOT_INDEXED(not indexed),KotlinBinaryRootToPackageIndex->NOT_INDEXED(not indexed),filetypes->NOT_INDEXED(not indexed),Stubs->NOT_INDEXED(not indexed),]. Scanner has updated file LruCache.class (id=78069) with appliers: [SingleIndexValueApplier{indexId=filetypes, inputId=78069, fileInfo='LruCache.class(id=78069)'}] and removers: []; 
2026-02-16 13:54:59,751 [  43612]   INFO - #c.i.u.i.IndexingReasonExplanationLogger - Scheduling indexing of ClassUtils.class (id=78072) by request of indexes: [bytecodeAnalysis->NOT_INDEXED(not indexed),org.jetbrains.kotlin.idea.versions.KotlinJvmMetadataVersionIndex->NOT_INDEXED(not indexed),org.jetbrains.kotlin.idea.vfilefinder.KotlinPartialPackageNamesIndex->NOT_INDEXED(not indexed),org.jetbrains.kotlin.idea.vfilefinder.KotlinClassFileIndex->NOT_INDEXED(not indexed),KotlinTopLevelCallableByPackageShortNameIndex->NOT_INDEXED(not indexed),KotlinTopLevelClassLikeDeclarationByPackageShortNameIndex->NOT_INDEXED(not indexed),KotlinBinaryRootToPackageIndex->NOT_INDEXED(not indexed),filetypes->NOT_INDEXED(not indexed),Stubs->NOT_INDEXED(not indexed),]. Scanner has updated file ClassUtils.class (id=78072) with appliers: [SingleIndexValueApplier{indexId=filetypes, inputId=78072, fileInfo='ClassUtils.class(id=78072)'}] and removers: []; 
2026-02-16 13:54:59,752 [  43613]   INFO - #c.i.u.i.IndexingReasonExplanationLogger - Scheduling indexing of ClassFilter.class (id=78067) by request of indexes: [bytecodeAnalysis->NOT_INDEXED(not indexed),org.jetbrains.kotlin.idea.versions.KotlinJvmMetadataVersionIndex->NOT_INDEXED(not indexed),org.jetbrains.kotlin.idea.vfilefinder.KotlinPartialPackageNamesIndex->NOT_INDEXED(not indexed),org.jetbrains.kotlin.idea.vfilefinder.KotlinClassFileIndex->NOT_INDEXED(not indexed),KotlinTopLevelCallableByPackageShortNameIndex->NOT_INDEXED(not indexed),KotlinTopLevelClassLikeDeclarationByPackageShortNameIndex->NOT_INDEXED(not indexed),KotlinBinaryRootToPackageIndex->NOT_INDEXED(not indexed),filetypes->NOT_INDEXED(not indexed),Stubs->NOT_INDEXED(not indexed),]. Scanner has updated file ClassFilter.class (id=78067) with appliers: [SingleIndexValueApplier{indexId=filetypes, inputId=78067, fileInfo='ClassFilter.class(id=78067)'}] and removers: []; 
2026-02-16 13:54:59,752 [  43613]   INFO - #c.i.u.i.IndexingReasonExplanationLogger - Scheduling indexing of ModuleUtils.class (id=78075) by request of indexes: [bytecodeAnalysis->NOT_INDEXED(not indexed),org.jetbrains.kotlin.idea.versions.KotlinJvmMetadataVersionIndex->NOT_INDEXED(not indexed),org.jetbrains.kotlin.idea.vfilefinder.KotlinPartialPackageNamesIndex->NOT_INDEXED(not indexed),org.jetbrains.kotlin.idea.vfilefinder.KotlinClassFileIndex->NOT_INDEXED(not indexed),KotlinTopLevelCallableByPackageShortNameIndex->NOT_INDEXED(not indexed),KotlinTopLevelClassLikeDeclarationByPackageShortNameIndex->NOT_INDEXED(not indexed),KotlinBinaryRootToPackageIndex->NOT_INDEXED(not indexed),filetypes->NOT_INDEXED(not indexed),Stubs->NOT_INDEXED(not indexed),]. Scanner has updated file ModuleUtils.class (id=78075) with appliers: [SingleIndexValueApplier{indexId=filetypes, inputId=78075, fileInfo='ModuleUtils.class(id=78075)'}] and removers: []; 
2026-02-16 13:54:59,752 [  43613]   INFO - #c.i.u.i.IndexingReasonExplanationLogger - Scheduling indexing of StringUtils.class (id=78088) by request of indexes: [bytecodeAnalysis->NOT_INDEXED(not indexed),org.jetbrains.kotlin.idea.versions.KotlinJvmMetadataVersionIndex->NOT_INDEXED(not indexed),org.jetbrains.kotlin.idea.vfilefinder.KotlinPartialPackageNamesIndex->NOT_INDEXED(not indexed),org.jetbrains.kotlin.idea.vfilefinder.KotlinClassFileIndex->NOT_INDEXED(not indexed),KotlinTopLevelCallableByPackageShortNameIndex->NOT_INDEXED(not indexed),KotlinTopLevelClassLikeDeclarationByPackageShortNameIndex->NOT_INDEXED(not indexed),KotlinBinaryRootToPackageIndex->NOT_INDEXED(not indexed),filetypes->NOT_INDEXED(not indexed),Stubs->NOT_INDEXED(not indexed),]. Scanner has updated file StringUtils.class (id=78088) with appliers: [SingleIndexValueApplier{indexId=filetypes, inputId=78088, fileInfo='StringUtils.class(id=78088)'}] and removers: []; 
2026-02-16 13:54:59,752 [  43613]   INFO - #c.i.u.i.IndexingReasonExplanationLogger - Scheduling indexing of PackageUtils.class (id=78078) by request of indexes: [bytecodeAnalysis->NOT_INDEXED(not indexed),org.jetbrains.kotlin.idea.versions.KotlinJvmMetadataVersionIndex->NOT_INDEXED(not indexed),org.jetbrains.kotlin.idea.vfilefinder.KotlinPartialPackageNamesIndex->NOT_INDEXED(not indexed),org.jetbrains.kotlin.idea.vfilefinder.KotlinClassFileIndex->NOT_INDEXED(not indexed),KotlinTopLevelCallableByPackageShortNameIndex->NOT_INDEXED(not indexed),KotlinTopLevelClassLikeDeclarationByPackageShortNameIndex->NOT_INDEXED(not indexed),KotlinBinaryRootToPackageIndex->NOT_INDEXED(not indexed),filetypes->NOT_INDEXED(not indexed),Stubs->NOT_INDEXED(not indexed),]. Scanner has updated file PackageUtils.class (id=78078) with appliers: [SingleIndexValueApplier{indexId=filetypes, inputId=78078, fileInfo='PackageUtils.class(id=78078)'}] and removers: []; 
2026-02-16 13:54:59,753 [  43614]   INFO - #c.i.u.i.IndexingReasonExplanationLogger - Scheduling indexing of RuntimeUtils.class (id=78068) by request of indexes: [bytecodeAnalysis->NOT_INDEXED(not indexed),org.jetbrains.kotlin.idea.versions.KotlinJvmMetadataVersionIndex->NOT_INDEXED(not indexed),org.jetbrains.kotlin.idea.vfilefinder.KotlinPartialPackageNamesIndex->NOT_INDEXED(not indexed),org.jetbrains.kotlin.idea.vfilefinder.KotlinClassFileIndex->NOT_INDEXED(not indexed),KotlinTopLevelCallableByPackageShortNameIndex->NOT_INDEXED(not indexed),KotlinTopLevelClassLikeDeclarationByPackageShortNameIndex->NOT_INDEXED(not indexed),KotlinBinaryRootToPackageIndex->NOT_INDEXED(not indexed),filetypes->NOT_INDEXED(not indexed),Stubs->NOT_INDEXED(not indexed),]. Scanner has updated file RuntimeUtils.class (id=78068) with appliers: [SingleIndexValueApplier{indexId=filetypes, inputId=78068, fileInfo='RuntimeUtils.class(id=78068)'}] and removers: []; 
2026-02-16 13:54:59,753 [  43614]   INFO - #c.i.u.i.IndexingReasonExplanationLogger - Scheduling indexing of CloseablePath.class (id=78082) by request of indexes: [bytecodeAnalysis->NOT_INDEXED(not indexed),org.jetbrains.kotlin.idea.versions.KotlinJvmMetadataVersionIndex->NOT_INDEXED(not indexed),org.jetbrains.kotlin.idea.vfilefinder.KotlinPartialPackageNamesIndex->NOT_INDEXED(not indexed),org.jetbrains.kotlin.idea.vfilefinder.KotlinClassFileIndex->NOT_INDEXED(not indexed),KotlinTopLevelCallableByPackageShortNameIndex->NOT_INDEXED(not indexed),KotlinTopLevelClassLikeDeclarationByPackageShortNameIndex->NOT_INDEXED(not indexed),KotlinBinaryRootToPackageIndex->NOT_INDEXED(not indexed),filetypes->NOT_INDEXED(not indexed),Stubs->NOT_INDEXED(not indexed),]. Scanner has updated file CloseablePath.class (id=78082) with appliers: [SingleIndexValueApplier{indexId=filetypes, inputId=78082, fileInfo='CloseablePath.class(id=78082)'}] and removers: []; 
2026-02-16 13:54:59,753 [  43614]   INFO - #c.i.u.i.IndexingReasonExplanationLogger - Scheduling indexing of FunctionUtils.class (id=78071) by request of indexes: [bytecodeAnalysis->NOT_INDEXED(not indexed),org.jetbrains.kotlin.idea.versions.KotlinJvmMetadataVersionIndex->NOT_INDEXED(not indexed),org.jetbrains.kotlin.idea.vfilefinder.KotlinPartialPackageNamesIndex->NOT_INDEXED(not indexed),org.jetbrains.kotlin.idea.vfilefinder.KotlinClassFileIndex->NOT_INDEXED(not indexed),KotlinTopLevelCallableByPackageShortNameIndex->NOT_INDEXED(not indexed),KotlinTopLevelClassLikeDeclarationByPackageShortNameIndex->NOT_INDEXED(not indexed),KotlinBinaryRootToPackageIndex->NOT_INDEXED(not indexed),filetypes->NOT_INDEXED(not indexed),Stubs->NOT_INDEXED(not indexed),]. Scanner has updated file FunctionUtils.class (id=78071) with appliers: [SingleIndexValueApplier{indexId=filetypes, inputId=78071, fileInfo='FunctionUtils.class(id=78071)'}] and removers: []; 
2026-02-16 13:54:59,753 [  43614]   INFO - #c.i.u.i.IndexingReasonExplanationLogger - Scheduling indexing of LauncherConfig.class (id=78198) by request of indexes: [bytecodeAnalysis->NOT_INDEXED(not indexed),org.jetbrains.kotlin.idea.versions.KotlinJvmMetadataVersionIndex->NOT_INDEXED(not indexed),org.jetbrains.kotlin.idea.vfilefinder.KotlinPartialPackageNamesIndex->NOT_INDEXED(not indexed),org.jetbrains.kotlin.idea.vfilefinder.KotlinClassFileIndex->NOT_INDEXED(not indexed),KotlinTopLevelCallableByPackageShortNameIndex->NOT_INDEXED(not indexed),KotlinTopLevelClassLikeDeclarationByPackageShortNameIndex->NOT_INDEXED(not indexed),KotlinBinaryRootToPackageIndex->NOT_INDEXED(not indexed),filetypes->NOT_INDEXED(not indexed),Stubs->NOT_INDEXED(not indexed),]. Scanner has updated file LauncherConfig.class (id=78198) with appliers: [SingleIndexValueApplier{indexId=filetypes, inputId=78198, fileInfo='LauncherConfig.class(id=78198)'}] and removers: []; 
2026-02-16 13:54:59,753 [  43614]   INFO - #c.i.u.i.IndexingReasonExplanationLogger - Scanner has updated file config-1.4.1.jar (id=77997) with appliers: [SingleIndexValueApplier{indexId=java.auto.module.name, inputId=77997, fileInfo='config-1.4.1.jar(id=77997)'}] and removers: []; 
2026-02-16 13:54:59,754 [  43615]   INFO - #c.i.u.i.IndexingReasonExplanationLogger - Scanner has updated file jackson-core-2.10.4.jar (id=78047) with appliers: [SingleIndexValueApplier{indexId=java.auto.module.name, inputId=78047, fileInfo='jackson-core-2.10.4.jar(id=78047)'}] and removers: []; 
2026-02-16 13:54:59,759 [  43620]   INFO - #c.i.u.i.IndexingReasonExplanationLogger - Scanner has updated file apiguardian-api-1.1.0.jar (id=78025) with appliers: [SingleIndexValueApplier{indexId=java.auto.module.name, inputId=78025, fileInfo='apiguardian-api-1.1.0.jar(id=78025)'}] and removers: []; 
2026-02-16 13:54:59,761 [  43622]   INFO - #c.i.u.i.IndexingReasonExplanationLogger - Scanner has updated file junit-jupiter-params-5.7.0.jar (id=77979) with appliers: [SingleIndexValueApplier{indexId=java.auto.module.name, inputId=77979, fileInfo='junit-jupiter-params-5.7.0.jar(id=77979)'}] and removers: []; 
2026-02-16 13:54:59,765 [  43626]   INFO - #c.i.u.i.IndexingReasonExplanationLogger - Scanner has updated file junit-platform-engine-1.7.0.jar (id=78014) with appliers: [SingleIndexValueApplier{indexId=java.auto.module.name, inputId=78014, fileInfo='junit-platform-engine-1.7.0.jar(id=78014)'}] and removers: []; 
2026-02-16 13:54:59,767 [  43628]   INFO - #c.i.u.i.IndexingReasonExplanationLogger - Scanner has updated file aspectjrt-1.9.6.jar (id=78003) with appliers: [SingleIndexValueApplier{indexId=java.auto.module.name, inputId=78003, fileInfo='aspectjrt-1.9.6.jar(id=78003)'}] and removers: []; 
2026-02-16 13:54:59,767 [  43628]   INFO - #c.i.u.i.IndexingReasonExplanationLogger - Scanner has updated file junit-jupiter-api-5.7.0.jar (id=78019) with appliers: [SingleIndexValueApplier{indexId=java.auto.module.name, inputId=78019, fileInfo='junit-jupiter-api-5.7.0.jar(id=78019)'}] and removers: []; 
2026-02-16 13:54:59,901 [  43762]   INFO - STDOUT - [Gradle]: Gradle data import(final tasks) stage finished: java-basics:15375f63
2026-02-16 13:54:59,917 [  43778]   INFO - STDOUT - [IDE]: Task 'Importing 'project' Gradle Project' ended in 27 s 606 ms
2026-02-16 13:54:59,955 [  43816]   INFO - #c.i.u.i.UnindexedFilesScanner - [15375f63] Scanning completed for java-basics. Number of scanned files: 6571; number of files for indexing: 4987
2026-02-16 13:54:59,956 [  43817]   INFO - #c.i.o.p.UnindexedFilesScannerExecutor - [15375f63] Task finished (scanning id=4): com.intellij.util.indexing.UnindexedFilesScannerExecutorImpl$ScheduledScanningTask@585affe1
2026-02-16 13:54:59,956 [  43817]   INFO - #c.i.o.p.DumbServiceImpl - enter dumb mode [java-basics]
2026-02-16 13:54:59,957 [  43818]   INFO - #c.i.o.p.UnindexedFilesScannerExecutor - [15375f63] Running task: com.intellij.util.indexing.UnindexedFilesScannerExecutorImpl$ScheduledScanningTask@6f9bbba8
2026-02-16 13:54:59,958 [  43819]   INFO - #c.i.u.i.UnindexedFilesScanner - [15375f63] scanning stage (scanning id=5): DelayedPushProperties
2026-02-16 13:54:59,958 [  43819]   INFO - #c.i.u.i.FileBasedIndexImpl - Indexes are already loaded
2026-02-16 13:54:59,958 [  43819]   INFO - #c.i.u.i.UnindexedFilesScanner - [15375f63] Started scanning for indexing of java-basics. Reason: changes in: "Module 'java-basics.main' (all roots)", "Module 'java-basics.test' (all roots)", "Module 'java-basics' (project)"
2026-02-16 13:54:59,958 [  43819]   INFO - #c.i.u.i.UnindexedFilesScanner - [15375f63] scanning stage (scanning id=5): CreatingIterators
2026-02-16 13:54:59,959 [  43820]   INFO - #c.i.u.i.UnindexedFilesScanner - [15375f63] scanning stage (scanning id=5): CollectingIndexableFiles
2026-02-16 13:54:59,959 [  43820]   INFO - #c.i.u.i.UnindexedFilesScanner - Scanning of java-basics uses 8 scanning threads
2026-02-16 13:54:59,959 [  43820]   INFO - #c.i.o.p.MergingQueueGuiExecutor - Running task: (dumb mode task) UnindexedFilesIndexer[java-basics, reasons: [Changes from WorkspaceFileIndex]]
2026-02-16 13:54:59,968 [  43829]   INFO - #c.i.u.i.IndexingReasonExplanationLogger - Scheduling indexing of allure-maven.html (id=79450) by request of indexes: [Trigram.Index->NOT_INDEXED(not indexed),fileIncludes->NOT_INDEXED(not indexed),html5.custom.attributes.index->NOT_INDEXED(not indexed),CssIndex->NOT_INDEXED(not indexed),css.template.selectors->NOT_INDEXED(not indexed),js.implicit.elements.index->NOT_INDEXED(not indexed),js.custom.single.entry.index->NOT_INDEXED(not indexed),WebComponentsIndex->NOT_INDEXED(not indexed),filetypes->NOT_INDEXED(not indexed),IdIndex->NOT_INDEXED(not indexed),Stubs->NOT_INDEXED(not indexed),HtmlTagIdIndex->NOT_INDEXED(not indexed),HtmlScriptSrcIndex->NOT_INDEXED(not indexed),]. Scanner has updated file allure-maven.html (id=79450) with appliers: [SingleIndexValueApplier{indexId=filetypes, inputId=79450, fileInfo='allure-maven.html(id=79450)'}] and removers: []; 
2026-02-16 13:54:59,968 [  43829]   INFO - #c.i.u.i.IndexingReasonExplanationLogger - Scheduling indexing of Main.class (id=79551) by request of indexes: [bytecodeAnalysis->NOT_INDEXED(not indexed),org.jetbrains.kotlin.idea.versions.KotlinJvmMetadataVersionIndex->NOT_INDEXED(not indexed),org.jetbrains.kotlin.idea.vfilefinder.KotlinPartialPackageNamesIndex->NOT_INDEXED(not indexed),org.jetbrains.kotlin.idea.vfilefinder.KotlinClassFileIndex->NOT_INDEXED(not indexed),KotlinTopLevelCallableByPackageShortNameIndex->NOT_INDEXED(not indexed),KotlinTopLevelClassLikeDeclarationByPackageShortNameIndex->NOT_INDEXED(not indexed),KotlinBinaryRootToPackageIndex->NOT_INDEXED(not indexed),filetypes->NOT_INDEXED(not indexed),Stubs->NOT_INDEXED(not indexed),]. Scanner has updated file Main.class (id=79551) with appliers: [SingleIndexValueApplier{indexId=filetypes, inputId=79551, fileInfo='Main.class(id=79551)'}] and removers: []; 
2026-02-16 13:54:59,968 [  43829]   INFO - #c.i.u.i.IndexingReasonExplanationLogger - Scheduling indexing of User.class (id=79554) by request of indexes: [bytecodeAnalysis->NOT_INDEXED(not indexed),org.jetbrains.kotlin.idea.versions.KotlinJvmMetadataVersionIndex->NOT_INDEXED(not indexed),org.jetbrains.kotlin.idea.vfilefinder.KotlinPartialPackageNamesIndex->NOT_INDEXED(not indexed),org.jetbrains.kotlin.idea.vfilefinder.KotlinClassFileIndex->NOT_INDEXED(not indexed),KotlinTopLevelCallableByPackageShortNameIndex->NOT_INDEXED(not indexed),KotlinTopLevelClassLikeDeclarationByPackageShortNameIndex->NOT_INDEXED(not indexed),KotlinBinaryRootToPackageIndex->NOT_INDEXED(not indexed),filetypes->NOT_INDEXED(not indexed),Stubs->NOT_INDEXED(not indexed),]. Scanner has updated file User.class (id=79554) with appliers: [SingleIndexValueApplier{indexId=filetypes, inputId=79554, fileInfo='User.class(id=79554)'}] and removers: []; 
2026-02-16 13:54:59,968 [  43829]   INFO - #c.i.u.i.IndexingReasonExplanationLogger - Scheduling indexing of Smoke.class (id=79553) by request of indexes: [bytecodeAnalysis->NOT_INDEXED(not indexed),org.jetbrains.kotlin.idea.versions.KotlinJvmMetadataVersionIndex->NOT_INDEXED(not indexed),org.jetbrains.kotlin.idea.vfilefinder.KotlinPartialPackageNamesIndex->NOT_INDEXED(not indexed),org.jetbrains.kotlin.idea.vfilefinder.KotlinClassFileIndex->NOT_INDEXED(not indexed),KotlinTopLevelCallableByPackageShortNameIndex->NOT_INDEXED(not indexed),KotlinTopLevelClassLikeDeclarationByPackageShortNameIndex->NOT_INDEXED(not indexed),KotlinBinaryRootToPackageIndex->NOT_INDEXED(not indexed),filetypes->NOT_INDEXED(not indexed),Stubs->NOT_INDEXED(not indexed),]. Scanner has updated file Smoke.class (id=79553) with appliers: [SingleIndexValueApplier{indexId=filetypes, inputId=79553, fileInfo='Smoke.class(id=79553)'}] and removers: []; 
2026-02-16 13:54:59,969 [  43830]   INFO - #c.i.u.i.IndexingReasonExplanationLogger - Scheduling indexing of OrderTests.class (id=79556) by request of indexes: [bytecodeAnalysis->NOT_INDEXED(not indexed),org.jetbrains.kotlin.idea.versions.KotlinJvmMetadataVersionIndex->NOT_INDEXED(not indexed),org.jetbrains.kotlin.idea.vfilefinder.KotlinPartialPackageNamesIndex->NOT_INDEXED(not indexed),org.jetbrains.kotlin.idea.vfilefinder.KotlinClassFileIndex->NOT_INDEXED(not indexed),KotlinTopLevelCallableByPackageShortNameIndex->NOT_INDEXED(not indexed),KotlinTopLevelClassLikeDeclarationByPackageShortNameIndex->NOT_INDEXED(not indexed),KotlinBinaryRootToPackageIndex->NOT_INDEXED(not indexed),filetypes->NOT_INDEXED(not indexed),Stubs->NOT_INDEXED(not indexed),]. Scanner has updated file OrderTests.class (id=79556) with appliers: [SingleIndexValueApplier{indexId=filetypes, inputId=79556, fileInfo='OrderTests.class(id=79556)'}] and removers: []; 
2026-02-16 13:54:59,969 [  43830]   INFO - #c.i.u.i.IndexingReasonExplanationLogger - Scheduling indexing of OrderTests$Roles.class (id=79557) by request of indexes: [bytecodeAnalysis->NOT_INDEXED(not indexed),org.jetbrains.kotlin.idea.versions.KotlinJvmMetadataVersionIndex->NOT_INDEXED(not indexed),org.jetbrains.kotlin.idea.vfilefinder.KotlinPartialPackageNamesIndex->NOT_INDEXED(not indexed),org.jetbrains.kotlin.idea.vfilefinder.KotlinClassFileIndex->NOT_INDEXED(not indexed),KotlinTopLevelCallableByPackageShortNameIndex->NOT_INDEXED(not indexed),KotlinTopLevelClassLikeDeclarationByPackageShortNameIndex->NOT_INDEXED(not indexed),KotlinBinaryRootToPackageIndex->NOT_INDEXED(not indexed),filetypes->NOT_INDEXED(not indexed),Stubs->NOT_INDEXED(not indexed),]. Scanner has updated file OrderTests$Roles.class (id=79557) with appliers: [SingleIndexValueApplier{indexId=filetypes, inputId=79557, fileInfo='OrderTests$Roles.class(id=79557)'}] and removers: []; 
2026-02-16 13:54:59,969 [  43830]   INFO - #c.i.u.i.IndexingReasonExplanationLogger - Scheduling indexing of BaseTestWithOrder.class (id=79552) by request of indexes: [bytecodeAnalysis->NOT_INDEXED(not indexed),org.jetbrains.kotlin.idea.versions.KotlinJvmMetadataVersionIndex->NOT_INDEXED(not indexed),org.jetbrains.kotlin.idea.vfilefinder.KotlinPartialPackageNamesIndex->NOT_INDEXED(not indexed),org.jetbrains.kotlin.idea.vfilefinder.KotlinClassFileIndex->NOT_INDEXED(not indexed),KotlinTopLevelCallableByPackageShortNameIndex->NOT_INDEXED(not indexed),KotlinTopLevelClassLikeDeclarationByPackageShortNameIndex->NOT_INDEXED(not indexed),KotlinBinaryRootToPackageIndex->NOT_INDEXED(not indexed),filetypes->NOT_INDEXED(not indexed),Stubs->NOT_INDEXED(not indexed),]. Scanner has updated file BaseTestWithOrder.class (id=79552) with appliers: [SingleIndexValueApplier{indexId=filetypes, inputId=79552, fileInfo='BaseTestWithOrder.class(id=79552)'}] and removers: []; 
2026-02-16 13:54:59,969 [  43830]   INFO - #c.i.u.i.IndexingReasonExplanationLogger - Scheduling indexing of AuthorizationTests.class (id=79555) by request of indexes: [bytecodeAnalysis->NOT_INDEXED(not indexed),org.jetbrains.kotlin.idea.versions.KotlinJvmMetadataVersionIndex->NOT_INDEXED(not indexed),org.jetbrains.kotlin.idea.vfilefinder.KotlinPartialPackageNamesIndex->NOT_INDEXED(not indexed),org.jetbrains.kotlin.idea.vfilefinder.KotlinClassFileIndex->NOT_INDEXED(not indexed),KotlinTopLevelCallableByPackageShortNameIndex->NOT_INDEXED(not indexed),KotlinTopLevelClassLikeDeclarationByPackageShortNameIndex->NOT_INDEXED(not indexed),KotlinBinaryRootToPackageIndex->NOT_INDEXED(not indexed),filetypes->NOT_INDEXED(not indexed),Stubs->NOT_INDEXED(not indexed),]. Scanner has updated file AuthorizationTests.class (id=79555) with appliers: [SingleIndexValueApplier{indexId=filetypes, inputId=79555, fileInfo='AuthorizationTests.class(id=79555)'}] and removers: []; 
2026-02-16 13:54:59,969 [  43830]   INFO - #c.i.u.i.IndexingReasonExplanationLogger - Scheduling indexing of BaseTestWithAuthorization.class (id=79550) by request of indexes: [bytecodeAnalysis->NOT_INDEXED(not indexed),org.jetbrains.kotlin.idea.versions.KotlinJvmMetadataVersionIndex->NOT_INDEXED(not indexed),org.jetbrains.kotlin.idea.vfilefinder.KotlinPartialPackageNamesIndex->NOT_INDEXED(not indexed),org.jetbrains.kotlin.idea.vfilefinder.KotlinClassFileIndex->NOT_INDEXED(not indexed),KotlinTopLevelCallableByPackageShortNameIndex->NOT_INDEXED(not indexed),KotlinTopLevelClassLikeDeclarationByPackageShortNameIndex->NOT_INDEXED(not indexed),KotlinBinaryRootToPackageIndex->NOT_INDEXED(not indexed),filetypes->NOT_INDEXED(not indexed),Stubs->NOT_INDEXED(not indexed),]. Scanner has updated file BaseTestWithAuthorization.class (id=79550) with appliers: [SingleIndexValueApplier{indexId=filetypes, inputId=79550, fileInfo='BaseTestWithAuthorization.class(id=79550)'}] and removers: []; 
2026-02-16 13:54:59,970 [  43831]   INFO - #c.i.u.i.IndexingReasonExplanationLogger - Scheduling indexing of reqres.postman_collection.json (id=79517) by request of indexes: [filetypes->NOT_INDEXED(not indexed),Trigram.Index->NOT_INDEXED(not indexed),IdIndex->NOT_INDEXED(not indexed),json.file.root.values->NOT_INDEXED(not indexed),]. Scanner has updated file reqres.postman_collection.json (id=79517) with appliers: [SingleIndexValueApplier{indexId=filetypes, inputId=79517, fileInfo='reqres.postman_collection.json(id=79517)'}] and removers: []; 
2026-02-16 13:54:59,991 [  43852]   INFO - #c.i.u.i.IndexingReasonExplanationLogger - Scanner has updated file chromedriver (id=80055) with appliers: [SingleIndexValueApplier{indexId=filetypes, inputId=80055, fileInfo='chromedriver(id=80055)'}] and removers: []; 
2026-02-16 13:55:00,001 [  43862]   INFO - #c.i.u.i.IndexingReasonExplanationLogger - Scanner has updated file chromedriver.exe (id=80057) with appliers: [SingleIndexValueApplier{indexId=filetypes, inputId=80057, fileInfo='chromedriver.exe(id=80057)'}] and removers: []; 
2026-02-16 13:55:00,015 [  43876]   INFO - #c.i.u.i.IndexingReasonExplanationLogger - Scanner has updated file chromedriver_linux (id=80058) with appliers: [SingleIndexValueApplier{indexId=filetypes, inputId=80058, fileInfo='chromedriver_linux(id=80058)'}] and removers: []; 
2026-02-16 13:55:00,020 [  43881]   INFO - #c.i.u.i.IndexingReasonExplanationLogger - Scanner has updated file java-basics-1.0-SNAPSHOT.jar (id=79364) with appliers: [SingleIndexValueApplier{indexId=filetypes, inputId=79364, fileInfo='java-basics-1.0-SNAPSHOT.jar(id=79364)'}] and removers: []; 
2026-02-16 13:55:00,032 [  43893]   INFO - #c.i.u.i.UnindexedFilesScanner - [15375f63] Scanning completed for java-basics. Number of scanned files: 505; number of files for indexing: 90
2026-02-16 13:55:00,034 [  43895]   INFO - #c.i.o.p.UnindexedFilesScannerExecutor - [15375f63] Task finished (scanning id=5): com.intellij.util.indexing.UnindexedFilesScannerExecutorImpl$ScheduledScanningTask@6f9bbba8
2026-02-16 13:55:00,035 [  43896]   INFO - #c.i.u.i.FileBasedIndexImpl - Indexes are already loaded
2026-02-16 13:55:00,036 [  43897]   INFO - #c.i.u.i.c.IndexUpdateRunner - Using 8 workers for indexing and 4 for writing indexes
2026-02-16 13:55:00,529 [  44390]   INFO - #c.i.u.i.c.IndexUpdateRunner - Coroutine 2 finished gracefully
2026-02-16 13:55:00,530 [  44391]   INFO - #c.i.u.i.c.IndexUpdateRunner - Coroutine 3 finished gracefully
2026-02-16 13:55:00,532 [  44393]   INFO - #c.i.u.i.c.IndexUpdateRunner - Coroutine 6 finished gracefully
2026-02-16 13:55:00,532 [  44393]   INFO - #c.i.u.i.c.IndexUpdateRunner - Coroutine 4 finished gracefully
2026-02-16 13:55:00,532 [  44393]   INFO - #c.i.u.i.c.IndexUpdateRunner - Coroutine 7 finished gracefully
2026-02-16 13:55:00,533 [  44394]   INFO - #c.i.u.i.c.IndexUpdateRunner - Coroutine 0 finished gracefully
2026-02-16 13:55:00,533 [  44394]   INFO - #c.i.u.i.c.IndexUpdateRunner - Coroutine 5 finished gracefully
2026-02-16 13:55:00,533 [  44394]   INFO - #c.i.u.i.c.IndexUpdateRunner - Coroutine 1 finished gracefully
2026-02-16 13:55:00,559 [  44420]   INFO - #c.i.u.i.ProjectChangedFilesScanner - Retrieving changed during indexing files of java-basics : 0 to update, calculated in 0ms
2026-02-16 13:55:00,559 [  44420]   INFO - #c.i.u.i.UnindexedFilesIndexer - Finished for java-basics. Unindexed files update took 525ms; general responsiveness: ok; EDT responsiveness: ok
2026-02-16 13:55:00,559 [  44420]   INFO - #c.i.o.p.MergingQueueGuiExecutor - Task finished: (dumb mode task) UnindexedFilesIndexer[java-basics, reasons: [Changes from WorkspaceFileIndex]]
2026-02-16 13:55:00,560 [  44421]   INFO - #c.i.o.p.MergingQueueGuiExecutor - Running task: (dumb mode task) UnindexedFilesIndexer[java-basics, reasons: [changes in: "Module 'java-basics.main' (all roots)", "Module 'java-basics.test' (all roots)", "Module 'java-basics' (project)"]]
2026-02-16 13:55:00,560 [  44421]   INFO - #c.i.u.i.FileBasedIndexImpl - Indexes are already loaded
2026-02-16 13:55:00,560 [  44421]   INFO - #c.i.u.i.c.IndexUpdateRunner - Using 8 workers for indexing and 4 for writing indexes
2026-02-16 13:55:00,560 [  44421]   INFO - #c.i.u.i.ProjectChangedFilesScanner - Retrieving changed during indexing files of java-basics : 0 to update, calculated in 0ms
2026-02-16 13:55:00,560 [  44421]   INFO - #c.i.u.i.UnindexedFilesIndexer - Finished for java-basics. Unindexed files update took 0ms; general responsiveness: ok; EDT responsiveness: ok
2026-02-16 13:55:00,560 [  44421]   INFO - #c.i.o.p.MergingQueueGuiExecutor - Task finished: (dumb mode task) UnindexedFilesIndexer[java-basics, reasons: [changes in: "Module 'java-basics.main' (all roots)", "Module 'java-basics.test' (all roots)", "Module 'java-basics' (project)"]]
2026-02-16 13:55:00,561 [  44422]   INFO - #c.i.o.p.DumbServiceImpl - exit dumb mode [java-basics]
2026-02-16 13:55:00,561 [  44422]   INFO - STDOUT - [IDE]: Task 'Analyzing project to enable smart features' ended
2026-02-16 13:55:00,562 [  44423]   INFO - STDOUT - 'external-system' is completed.
2026-02-16 13:55:00,563 [  44424]   INFO - STDOUT - 'Maven' is in progress...
2026-02-16 13:55:01,079 [  44940]   INFO - #o.j.q.s.i.r.ConsoleLog - Keep running Project opening ... so far 30s
2026-02-16 13:55:01,079 [  44940]   INFO - STDOUT - Keep running Project opening ... so far 30s
2026-02-16 13:55:31,080 [  74941]   INFO - #o.j.q.s.i.r.ConsoleLog - Keep running Project opening ... so far 1m
2026-02-16 13:55:31,080 [  74941]   INFO - STDOUT - Keep running Project opening ... so far 1m
2026-02-16 13:55:31,677 [  75538]   INFO - #c.i.u.g.s.GistStorageImpl - Cleaning old huge-gists dirs from [/data/cache/idea/253/caches/huge-gists] ...
2026-02-16 13:55:31,678 [  75539]   INFO - #c.i.u.g.s.GistStorageImpl - Cleaning old huge-gists dirs finished
2026-02-16 13:55:41,894 [  85755]   INFO - #c.i.o.u.i.ExternalUpdateManager - update manager: -
2026-02-16 13:55:41,899 [  85760]   INFO - #c.i.o.w.i.X11UiUtil - Cannot get icon theme: Cannot run program "gsettings": Exec failed, error: 2 (No such file or directory) 
2026-02-16 13:56:01,081 [ 104942]   INFO - #o.j.q.s.i.r.ConsoleLog - Keep running Project opening ... so far 1m 30s
2026-02-16 13:56:01,081 [ 104942]   INFO - STDOUT - Keep running Project opening ... so far 1m 30s
2026-02-16 13:56:31,090 [ 134951]   INFO - #o.j.q.s.i.r.ConsoleLog - Keep running Project opening ... so far 2m
2026-02-16 13:56:31,090 [ 134951]   INFO - STDOUT - Keep running Project opening ... so far 2m
2026-02-16 13:56:51,947 [ 155808]   INFO - #o.j.i.maven - Importing Maven project using Workspace API
2026-02-16 13:56:51,947 [ 155808]   INFO - #o.j.i.maven - maven plugin resolution started: [org.apache.maven.plugins:maven-compiler-plugin:3.8.1, io.qameta.allure:allure-maven:2.10.0, org.apache.maven.plugins:maven-surefire-plugin:2.22.2, org.apache.maven.plugins:maven-install-plugin:3.1.2, org.apache.maven.plugins:maven-deploy-plugin:3.1.2, org.apache.maven.plugins:maven-resources-plugin:3.2.0, org.apache.maven.plugins:maven-failsafe-plugin:2.22.2, org.apache.maven.plugins:maven-site-plugin:3.12.1, org.apache.maven.plugins:maven-jar-plugin:3.4.1, org.apache.maven.plugins:maven-clean-plugin:3.2.0]
2026-02-16 13:56:52,015 [ 155876]   INFO - #c.i.o.p.UnindexedFilesScannerExecutor - [15375f63] Running task: com.intellij.util.indexing.UnindexedFilesScannerExecutorImpl$ScheduledScanningTask@1e239bfa
2026-02-16 13:56:52,015 [ 155876]   INFO - #c.i.p.c.i.PolyContextDiscoveryInfo$1 - Notifying that PolyContext may have changed due to roots changes.
2026-02-16 13:56:52,016 [ 155877]   INFO - #c.i.w.i.i.EntitiesOrphanageImpl - Update orphanage. 0 modules added
2026-02-16 13:56:52,018 [ 155879]   INFO - #c.i.w.i.i.WorkspaceModelImpl - Project model updated to version 20: Maven update project model
2026-02-16 13:56:52,026 [ 155887]   INFO - #o.j.i.m.i.w.WorkspaceProjectImporter - Project model updated to version 20 (attempts: 1, previous version: 19)
2026-02-16 13:56:52,027 [ 155888]   INFO - #o.j.i.maven - [maven import] applying models to workspace model took 81ms
2026-02-16 13:56:52,028 [ 155889]   INFO - #o.j.i.maven - Updating index list for project Project(name=java-basics, containerState=COMPONENT_CREATED, componentStore=/data/project)
2026-02-16 13:56:52,028 [ 155889]   INFO - #o.j.i.maven - updating index list for Project(name=java-basics, containerState=COMPONENT_CREATED, componentStore=/data/project) - local:local:/data/cache/.m2 remains the same, nothing to update
2026-02-16 13:56:52,035 [ 155896]   INFO - #c.i.u.i.UnindexedFilesScanner - [15375f63] scanning stage (scanning id=6): DelayedPushProperties
2026-02-16 13:56:52,041 [ 155902]   INFO - #c.i.u.i.FileBasedIndexImpl - Indexes are already loaded
2026-02-16 13:56:52,043 [ 155904]   INFO - #c.i.u.i.UnindexedFilesScanner - [15375f63] Started scanning for indexing of java-basics. Reason: Changes from WorkspaceFileIndex
2026-02-16 13:56:52,043 [ 155904]   INFO - #c.i.u.i.UnindexedFilesScanner - [15375f63] scanning stage (scanning id=6): CreatingIterators
2026-02-16 13:56:52,043 [ 155904]   INFO - #c.i.u.i.UnindexedFilesScanner - [15375f63] scanning stage (scanning id=6): CollectingIndexableFiles
2026-02-16 13:56:52,043 [ 155904]   INFO - #c.i.u.i.UnindexedFilesScanner - Scanning of java-basics uses 8 scanning threads
2026-02-16 13:56:52,092 [ 155953]   INFO - #c.i.o.p.DumbServiceImpl - enter dumb mode [java-basics]
2026-02-16 13:56:52,095 [ 155956]   INFO - #c.i.p.c.i.PolyContextDiscoveryInfo$1 - Notifying that PolyContext may have changed due to roots changes.
2026-02-16 13:56:52,097 [ 155958]   INFO - #c.i.o.p.MergingQueueGuiExecutor - Running task: (dumb mode task) com.intellij.openapi.roots.impl.PushedFilePropertiesUpdaterImpl$MyDumbModeTask@665b4e6c (reason: Push on VFS changes)
2026-02-16 13:56:52,098 [ 155959]   INFO - #c.i.u.i.IndexingReasonExplanationLogger - Scanner has updated file jakarta.activation-api-1.2.2.jar (id=85378) with appliers: [SingleIndexValueApplier{indexId=java.auto.module.name, inputId=85378, fileInfo='jakarta.activation-api-1.2.2.jar(id=85378)'}] and removers: []; 
2026-02-16 13:56:52,098 [ 155959]   INFO - #c.i.u.i.IndexingReasonExplanationLogger - Scheduling indexing of MimeType.class (id=85473) by request of indexes: [bytecodeAnalysis->NOT_INDEXED(not indexed),org.jetbrains.kotlin.idea.versions.KotlinJvmMetadataVersionIndex->NOT_INDEXED(not indexed),org.jetbrains.kotlin.idea.vfilefinder.KotlinPartialPackageNamesIndex->NOT_INDEXED(not indexed),org.jetbrains.kotlin.idea.vfilefinder.KotlinClassFileIndex->NOT_INDEXED(not indexed),KotlinTopLevelCallableByPackageShortNameIndex->NOT_INDEXED(not indexed),KotlinTopLevelClassLikeDeclarationByPackageShortNameIndex->NOT_INDEXED(not indexed),KotlinBinaryRootToPackageIndex->NOT_INDEXED(not indexed),filetypes->NOT_INDEXED(not indexed),Stubs->NOT_INDEXED(not indexed),]. Scanner has updated file MimeType.class (id=85473) with appliers: [SingleIndexValueApplier{indexId=filetypes, inputId=85473, fileInfo='MimeType.class(id=85473)'}] and removers: []; 
2026-02-16 13:56:52,099 [ 155960]   INFO - #c.i.u.i.IndexingReasonExplanationLogger - Scheduling indexing of CommandMap.class (id=85462) by request of indexes: [bytecodeAnalysis->NOT_INDEXED(not indexed),org.jetbrains.kotlin.idea.versions.KotlinJvmMetadataVersionIndex->NOT_INDEXED(not indexed),org.jetbrains.kotlin.idea.vfilefinder.KotlinPartialPackageNamesIndex->NOT_INDEXED(not indexed),org.jetbrains.kotlin.idea.vfilefinder.KotlinClassFileIndex->NOT_INDEXED(not indexed),KotlinTopLevelCallableByPackageShortNameIndex->NOT_INDEXED(not indexed),KotlinTopLevelClassLikeDeclarationByPackageShortNameIndex->NOT_INDEXED(not indexed),KotlinBinaryRootToPackageIndex->NOT_INDEXED(not indexed),filetypes->NOT_INDEXED(not indexed),Stubs->NOT_INDEXED(not indexed),]. Scanner has updated file CommandMap.class (id=85462) with appliers: [SingleIndexValueApplier{indexId=filetypes, inputId=85462, fileInfo='CommandMap.class(id=85462)'}] and removers: []; 
2026-02-16 13:56:52,100 [ 155961]   INFO - #c.i.u.i.IndexingReasonExplanationLogger - Scheduling indexing of DataSource.class (id=85466) by request of indexes: [bytecodeAnalysis->NOT_INDEXED(not indexed),org.jetbrains.kotlin.idea.versions.KotlinJvmMetadataVersionIndex->NOT_INDEXED(not indexed),org.jetbrains.kotlin.idea.vfilefinder.KotlinPartialPackageNamesIndex->NOT_INDEXED(not indexed),org.jetbrains.kotlin.idea.vfilefinder.KotlinClassFileIndex->NOT_INDEXED(not indexed),KotlinTopLevelCallableByPackageShortNameIndex->NOT_INDEXED(not indexed),KotlinTopLevelClassLikeDeclarationByPackageShortNameIndex->NOT_INDEXED(not indexed),KotlinBinaryRootToPackageIndex->NOT_INDEXED(not indexed),filetypes->NOT_INDEXED(not indexed),Stubs->NOT_INDEXED(not indexed),]. Scanner has updated file DataSource.class (id=85466) with appliers: [SingleIndexValueApplier{indexId=filetypes, inputId=85466, fileInfo='DataSource.class(id=85466)'}] and removers: []; 
2026-02-16 13:56:52,101 [ 155962]   INFO - #c.i.u.i.IndexingReasonExplanationLogger - Scanner has updated file javax.activation-api-1.2.0.jar (id=85372) with appliers: [SingleIndexValueApplier{indexId=java.auto.module.name, inputId=85372, fileInfo='javax.activation-api-1.2.0.jar(id=85372)'}] and removers: []; 
2026-02-16 13:56:52,101 [ 155962]   INFO - #c.i.u.i.IndexingReasonExplanationLogger - Scheduling indexing of MimeType.class (id=85437) by request of indexes: [bytecodeAnalysis->NOT_INDEXED(not indexed),org.jetbrains.kotlin.idea.versions.KotlinJvmMetadataVersionIndex->NOT_INDEXED(not indexed),org.jetbrains.kotlin.idea.vfilefinder.KotlinPartialPackageNamesIndex->NOT_INDEXED(not indexed),org.jetbrains.kotlin.idea.vfilefinder.KotlinClassFileIndex->NOT_INDEXED(not indexed),KotlinTopLevelCallableByPackageShortNameIndex->NOT_INDEXED(not indexed),KotlinTopLevelClassLikeDeclarationByPackageShortNameIndex->NOT_INDEXED(not indexed),KotlinBinaryRootToPackageIndex->NOT_INDEXED(not indexed),filetypes->NOT_INDEXED(not indexed),Stubs->NOT_INDEXED(not indexed),]. Scanner has updated file MimeType.class (id=85437) with appliers: [SingleIndexValueApplier{indexId=filetypes, inputId=85437, fileInfo='MimeType.class(id=85437)'}] and removers: []; 
2026-02-16 13:56:52,101 [ 155962]   INFO - #c.i.u.i.IndexingReasonExplanationLogger - Scheduling indexing of CommandMap.class (id=85427) by request of indexes: [bytecodeAnalysis->NOT_INDEXED(not indexed),org.jetbrains.kotlin.idea.versions.KotlinJvmMetadataVersionIndex->NOT_INDEXED(not indexed),org.jetbrains.kotlin.idea.vfilefinder.KotlinPartialPackageNamesIndex->NOT_INDEXED(not indexed),org.jetbrains.kotlin.idea.vfilefinder.KotlinClassFileIndex->NOT_INDEXED(not indexed),KotlinTopLevelCallableByPackageShortNameIndex->NOT_INDEXED(not indexed),KotlinTopLevelClassLikeDeclarationByPackageShortNameIndex->NOT_INDEXED(not indexed),KotlinBinaryRootToPackageIndex->NOT_INDEXED(not indexed),filetypes->NOT_INDEXED(not indexed),Stubs->NOT_INDEXED(not indexed),]. Scanner has updated file CommandMap.class (id=85427) with appliers: [SingleIndexValueApplier{indexId=filetypes, inputId=85427, fileInfo='CommandMap.class(id=85427)'}] and removers: []; 
2026-02-16 13:56:52,102 [ 155963]   INFO - #c.i.u.i.IndexingReasonExplanationLogger - Scheduling indexing of DataSource.class (id=85431) by request of indexes: [bytecodeAnalysis->NOT_INDEXED(not indexed),org.jetbrains.kotlin.idea.versions.KotlinJvmMetadataVersionIndex->NOT_INDEXED(not indexed),org.jetbrains.kotlin.idea.vfilefinder.KotlinPartialPackageNamesIndex->NOT_INDEXED(not indexed),org.jetbrains.kotlin.idea.vfilefinder.KotlinClassFileIndex->NOT_INDEXED(not indexed),KotlinTopLevelCallableByPackageShortNameIndex->NOT_INDEXED(not indexed),KotlinTopLevelClassLikeDeclarationByPackageShortNameIndex->NOT_INDEXED(not indexed),KotlinBinaryRootToPackageIndex->NOT_INDEXED(not indexed),filetypes->NOT_INDEXED(not indexed),Stubs->NOT_INDEXED(not indexed),]. Scanner has updated file DataSource.class (id=85431) with appliers: [SingleIndexValueApplier{indexId=filetypes, inputId=85431, fileInfo='DataSource.class(id=85431)'}] and removers: []; 
2026-02-16 13:56:52,103 [ 155964]   INFO - #c.i.u.i.IndexingReasonExplanationLogger - Scheduling indexing of CommandInfo.class (id=85429) by request of indexes: [bytecodeAnalysis->NOT_INDEXED(not indexed),org.jetbrains.kotlin.idea.versions.KotlinJvmMetadataVersionIndex->NOT_INDEXED(not indexed),org.jetbrains.kotlin.idea.vfilefinder.KotlinPartialPackageNamesIndex->NOT_INDEXED(not indexed),org.jetbrains.kotlin.idea.vfilefinder.KotlinClassFileIndex->NOT_INDEXED(not indexed),KotlinTopLevelCallableByPackageShortNameIndex->NOT_INDEXED(not indexed),KotlinTopLevelClassLikeDeclarationByPackageShortNameIndex->NOT_INDEXED(not indexed),KotlinBinaryRootToPackageIndex->NOT_INDEXED(not indexed),filetypes->NOT_INDEXED(not indexed),Stubs->NOT_INDEXED(not indexed),]. Scanner has updated file CommandInfo.class (id=85429) with appliers: [SingleIndexValueApplier{indexId=filetypes, inputId=85429, fileInfo='CommandInfo.class(id=85429)'}] and removers: []; 
2026-02-16 13:56:52,103 [ 155964]   INFO - #c.i.u.i.IndexingReasonExplanationLogger - Scheduling indexing of DataHandler.class (id=85436) by request of indexes: [bytecodeAnalysis->NOT_INDEXED(not indexed),org.jetbrains.kotlin.idea.versions.KotlinJvmMetadataVersionIndex->NOT_INDEXED(not indexed),org.jetbrains.kotlin.idea.vfilefinder.KotlinPartialPackageNamesIndex->NOT_INDEXED(not indexed),org.jetbrains.kotlin.idea.vfilefinder.KotlinClassFileIndex->NOT_INDEXED(not indexed),KotlinTopLevelCallableByPackageShortNameIndex->NOT_INDEXED(not indexed),KotlinTopLevelClassLikeDeclarationByPackageShortNameIndex->NOT_INDEXED(not indexed),KotlinBinaryRootToPackageIndex->NOT_INDEXED(not indexed),filetypes->NOT_INDEXED(not indexed),Stubs->NOT_INDEXED(not indexed),]. Scanner has updated file DataHandler.class (id=85436) with appliers: [SingleIndexValueApplier{indexId=filetypes, inputId=85436, fileInfo='DataHandler.class(id=85436)'}] and removers: []; 
2026-02-16 13:56:52,104 [ 155965]   INFO - #c.i.u.i.IndexingReasonExplanationLogger - Scheduling indexing of FileTypeMap.class (id=85419) by request of indexes: [bytecodeAnalysis->NOT_INDEXED(not indexed),org.jetbrains.kotlin.idea.versions.KotlinJvmMetadataVersionIndex->NOT_INDEXED(not indexed),org.jetbrains.kotlin.idea.vfilefinder.KotlinPartialPackageNamesIndex->NOT_INDEXED(not indexed),org.jetbrains.kotlin.idea.vfilefinder.KotlinClassFileIndex->NOT_INDEXED(not indexed),KotlinTopLevelCallableByPackageShortNameIndex->NOT_INDEXED(not indexed),KotlinTopLevelClassLikeDeclarationByPackageShortNameIndex->NOT_INDEXED(not indexed),KotlinBinaryRootToPackageIndex->NOT_INDEXED(not indexed),filetypes->NOT_INDEXED(not indexed),Stubs->NOT_INDEXED(not indexed),]. Scanner has updated file FileTypeMap.class (id=85419) with appliers: [SingleIndexValueApplier{indexId=filetypes, inputId=85419, fileInfo='FileTypeMap.class(id=85419)'}] and removers: []; 
2026-02-16 13:56:52,104 [ 155965]   INFO - #c.i.u.i.IndexingReasonExplanationLogger - Scheduling indexing of CommandObject.class (id=85430) by request of indexes: [bytecodeAnalysis->NOT_INDEXED(not indexed),org.jetbrains.kotlin.idea.versions.KotlinJvmMetadataVersionIndex->NOT_INDEXED(not indexed),org.jetbrains.kotlin.idea.vfilefinder.KotlinPartialPackageNamesIndex->NOT_INDEXED(not indexed),org.jetbrains.kotlin.idea.vfilefinder.KotlinClassFileIndex->NOT_INDEXED(not indexed),KotlinTopLevelCallableByPackageShortNameIndex->NOT_INDEXED(not indexed),KotlinTopLevelClassLikeDeclarationByPackageShortNameIndex->NOT_INDEXED(not indexed),KotlinBinaryRootToPackageIndex->NOT_INDEXED(not indexed),filetypes->NOT_INDEXED(not indexed),Stubs->NOT_INDEXED(not indexed),]. Scanner has updated file CommandObject.class (id=85430) with appliers: [SingleIndexValueApplier{indexId=filetypes, inputId=85430, fileInfo='CommandObject.class(id=85430)'}] and removers: []; 
2026-02-16 13:56:52,105 [ 155966]   INFO - #c.i.o.p.MergingQueueGuiExecutor - Task finished: (dumb mode task) com.intellij.openapi.roots.impl.PushedFilePropertiesUpdaterImpl$MyDumbModeTask@665b4e6c (reason: Push on VFS changes)
2026-02-16 13:56:52,109 [ 155970]   INFO - #c.i.o.p.DumbServiceImpl - exit dumb mode [java-basics]
2026-02-16 13:56:52,110 [ 155971]   INFO - #c.i.u.i.IndexingReasonExplanationLogger - Scanner has updated file jaxb-api-2.3.1.jar (id=85384) with appliers: [SingleIndexValueApplier{indexId=java.auto.module.name, inputId=85384, fileInfo='jaxb-api-2.3.1.jar(id=85384)'}] and removers: []; 
2026-02-16 13:56:52,117 [ 155978]   INFO - #c.i.u.i.IndexingReasonExplanationLogger - Scanner has updated file activation-1.1.1.jar (id=85410) with appliers: [SingleIndexValueApplier{indexId=java.auto.module.name, inputId=85410, fileInfo='activation-1.1.1.jar(id=85410)'}] and removers: []; 
2026-02-16 13:56:52,118 [ 155979]   INFO - STDOUT - [IDE]: Task 'Analyzing project to enable smart features' ended
2026-02-16 13:56:52,118 [ 155979]   INFO - #c.i.u.i.IndexingReasonExplanationLogger - Scanner has updated file commons-logging-1.2.jar (id=85406) with appliers: [SingleIndexValueApplier{indexId=java.auto.module.name, inputId=85406, fileInfo='commons-logging-1.2.jar(id=85406)'}] and removers: []; 
2026-02-16 13:56:52,133 [ 155994]   INFO - #c.i.o.p.DumbServiceImpl - enter dumb mode [java-basics]
2026-02-16 13:56:52,135 [ 155996]   INFO - #c.i.p.c.i.PolyContextDiscoveryInfo$1 - Notifying that PolyContext may have changed due to roots changes.
2026-02-16 13:56:52,137 [ 155998]   INFO - #c.i.o.p.MergingQueueGuiExecutor - Running task: (dumb mode task) com.intellij.openapi.roots.impl.PushedFilePropertiesUpdaterImpl$MyDumbModeTask@3b16d6d2 (reason: Push on VFS changes)
2026-02-16 13:56:52,140 [ 156001]   INFO - #c.i.o.p.MergingQueueGuiExecutor - Task finished: (dumb mode task) com.intellij.openapi.roots.impl.PushedFilePropertiesUpdaterImpl$MyDumbModeTask@3b16d6d2 (reason: Push on VFS changes)
2026-02-16 13:56:52,146 [ 156007]   INFO - #c.i.o.p.DumbServiceImpl - exit dumb mode [java-basics]
2026-02-16 13:56:52,152 [ 156013]   INFO - #c.i.u.i.IndexingReasonExplanationLogger - Scanner has updated file commons-codec-1.9.jar (id=85401) with appliers: [SingleIndexValueApplier{indexId=java.auto.module.name, inputId=85401, fileInfo='commons-codec-1.9.jar(id=85401)'}] and removers: []; 
2026-02-16 13:56:52,152 [ 156013]   INFO - #c.i.u.i.IndexingReasonExplanationLogger - Scanner has updated file jakarta.xml.bind-api-2.3.3.jar (id=85390) with appliers: [SingleIndexValueApplier{indexId=java.auto.module.name, inputId=85390, fileInfo='jakarta.xml.bind-api-2.3.3.jar(id=85390)'}] and removers: []; 
2026-02-16 13:56:52,153 [ 156014]   INFO - STDOUT - [IDE]: Task 'Analyzing project to enable smart features' ended
2026-02-16 13:56:52,186 [ 156047]   INFO - #c.i.o.p.DumbServiceImpl - enter dumb mode [java-basics]
2026-02-16 13:56:52,188 [ 156049]   INFO - #c.i.p.c.i.PolyContextDiscoveryInfo$1 - Notifying that PolyContext may have changed due to roots changes.
2026-02-16 13:56:52,191 [ 156052]   INFO - #c.i.o.p.MergingQueueGuiExecutor - Running task: (dumb mode task) com.intellij.openapi.roots.impl.PushedFilePropertiesUpdaterImpl$MyDumbModeTask@7c275b70 (reason: Push on VFS changes)
2026-02-16 13:56:52,194 [ 156055]   INFO - #c.i.o.p.MergingQueueGuiExecutor - Task finished: (dumb mode task) com.intellij.openapi.roots.impl.PushedFilePropertiesUpdaterImpl$MyDumbModeTask@7c275b70 (reason: Push on VFS changes)
2026-02-16 13:56:52,196 [ 156057]   INFO - #c.i.o.p.DumbServiceImpl - exit dumb mode [java-basics]
2026-02-16 13:56:52,202 [ 156063]   INFO - STDOUT - [IDE]: Task 'Analyzing project to enable smart features' ended
2026-02-16 13:56:52,224 [ 156085]   INFO - #c.i.u.i.IndexingReasonExplanationLogger - Scanner has updated file byte-buddy-1.10.19.jar (id=85396) with appliers: [SingleIndexValueApplier{indexId=java.auto.module.name, inputId=85396, fileInfo='byte-buddy-1.10.19.jar(id=85396)'}] and removers: []; 
2026-02-16 13:56:52,277 [ 156138]   INFO - #c.i.u.i.UnindexedFilesScanner - [15375f63] Scanning completed for java-basics. Number of scanned files: 3064; number of files for indexing: 3064
2026-02-16 13:56:52,278 [ 156139]   INFO - #c.i.o.p.UnindexedFilesScannerExecutor - [15375f63] Task finished (scanning id=6): com.intellij.util.indexing.UnindexedFilesScannerExecutorImpl$ScheduledScanningTask@1e239bfa
2026-02-16 13:56:52,279 [ 156140]   INFO - #c.i.o.p.DumbServiceImpl - enter dumb mode [java-basics]
2026-02-16 13:56:52,280 [ 156141]   INFO - #c.i.o.p.UnindexedFilesScannerExecutor - [15375f63] Running task: com.intellij.util.indexing.UnindexedFilesScannerExecutorImpl$ScheduledScanningTask@6b0d074c
2026-02-16 13:56:52,280 [ 156141]   INFO - #c.i.u.i.UnindexedFilesScanner - [15375f63] scanning stage (scanning id=7): DelayedPushProperties
2026-02-16 13:56:52,281 [ 156142]   INFO - #c.i.u.i.FileBasedIndexImpl - Indexes are already loaded
2026-02-16 13:56:52,282 [ 156143]   INFO - #c.i.u.i.UnindexedFilesScanner - [15375f63] Started scanning for indexing of java-basics. Reason: Merged changes in: "Module 'java-basics' (project)" with Changes from WorkspaceFileIndex with Changes from WorkspaceFileIndex with Changes from WorkspaceFileIndex with Changes from WorkspaceFileIndex with Changes from WorkspaceFileIndex with Changes from WorkspaceFileIndex
2026-02-16 13:56:52,283 [ 156144]   INFO - #c.i.u.i.UnindexedFilesScanner - [15375f63] scanning stage (scanning id=7): CreatingIterators
2026-02-16 13:56:52,283 [ 156144]   INFO - #c.i.u.i.UnindexedFilesScanner - [15375f63] scanning stage (scanning id=7): CollectingIndexableFiles
2026-02-16 13:56:52,284 [ 156145]   INFO - #c.i.u.i.UnindexedFilesScanner - Scanning of java-basics uses 8 scanning threads
2026-02-16 13:56:52,285 [ 156146]   INFO - #c.i.o.p.MergingQueueGuiExecutor - Running task: (dumb mode task) UnindexedFilesIndexer[java-basics, reasons: [Changes from WorkspaceFileIndex]]
2026-02-16 13:56:52,285 [ 156146]   INFO - #c.i.u.i.IndexingReasonExplanationLogger - Scanner has updated file selenium-chromium-driver-4.0.0-beta-1.jar (id=86065) with appliers: [SingleIndexValueApplier{indexId=java.auto.module.name, inputId=86065, fileInfo='selenium-chromium-driver-4.0.0-beta-1.jar(id=86065)'}] and removers: []; 
2026-02-16 13:56:52,285 [ 156146]   INFO - #c.i.u.i.IndexingReasonExplanationLogger - Scheduling indexing of ChromiumDriver.class (id=90359) by request of indexes: [bytecodeAnalysis->NOT_INDEXED(not indexed),org.jetbrains.kotlin.idea.versions.KotlinJvmMetadataVersionIndex->NOT_INDEXED(not indexed),org.jetbrains.kotlin.idea.vfilefinder.KotlinPartialPackageNamesIndex->NOT_INDEXED(not indexed),org.jetbrains.kotlin.idea.vfilefinder.KotlinClassFileIndex->NOT_INDEXED(not indexed),KotlinTopLevelCallableByPackageShortNameIndex->NOT_INDEXED(not indexed),KotlinTopLevelClassLikeDeclarationByPackageShortNameIndex->NOT_INDEXED(not indexed),KotlinBinaryRootToPackageIndex->NOT_INDEXED(not indexed),filetypes->NOT_INDEXED(not indexed),Stubs->NOT_INDEXED(not indexed),]. Scanner has updated file ChromiumDriver.class (id=90359) with appliers: [SingleIndexValueApplier{indexId=filetypes, inputId=90359, fileInfo='ChromiumDriver.class(id=90359)'}] and removers: []; 
2026-02-16 13:56:52,285 [ 156146]   INFO - #c.i.u.i.IndexingReasonExplanationLogger - Scheduling indexing of ChromiumOptions.class (id=90361) by request of indexes: [bytecodeAnalysis->NOT_INDEXED(not indexed),org.jetbrains.kotlin.idea.versions.KotlinJvmMetadataVersionIndex->NOT_INDEXED(not indexed),org.jetbrains.kotlin.idea.vfilefinder.KotlinPartialPackageNamesIndex->NOT_INDEXED(not indexed),org.jetbrains.kotlin.idea.vfilefinder.KotlinClassFileIndex->NOT_INDEXED(not indexed),KotlinTopLevelCallableByPackageShortNameIndex->NOT_INDEXED(not indexed),KotlinTopLevelClassLikeDeclarationByPackageShortNameIndex->NOT_INDEXED(not indexed),KotlinBinaryRootToPackageIndex->NOT_INDEXED(not indexed),filetypes->NOT_INDEXED(not indexed),Stubs->NOT_INDEXED(not indexed),]. Scanner has updated file ChromiumOptions.class (id=90361) with appliers: [SingleIndexValueApplier{indexId=filetypes, inputId=90361, fileInfo='ChromiumOptions.class(id=90361)'}] and removers: []; 
2026-02-16 13:56:52,286 [ 156147]   INFO - #c.i.u.i.IndexingReasonExplanationLogger - Scheduling indexing of ChromiumDriverInfo.class (id=90357) by request of indexes: [bytecodeAnalysis->NOT_INDEXED(not indexed),org.jetbrains.kotlin.idea.versions.KotlinJvmMetadataVersionIndex->NOT_INDEXED(not indexed),org.jetbrains.kotlin.idea.vfilefinder.KotlinPartialPackageNamesIndex->NOT_INDEXED(not indexed),org.jetbrains.kotlin.idea.vfilefinder.KotlinClassFileIndex->NOT_INDEXED(not indexed),KotlinTopLevelCallableByPackageShortNameIndex->NOT_INDEXED(not indexed),KotlinTopLevelClassLikeDeclarationByPackageShortNameIndex->NOT_INDEXED(not indexed),KotlinBinaryRootToPackageIndex->NOT_INDEXED(not indexed),filetypes->NOT_INDEXED(not indexed),Stubs->NOT_INDEXED(not indexed),]. Scanner has updated file ChromiumDriverInfo.class (id=90357) with appliers: [SingleIndexValueApplier{indexId=filetypes, inputId=90357, fileInfo='ChromiumDriverInfo.class(id=90357)'}] and removers: []; 
2026-02-16 13:56:52,286 [ 156147]   INFO - #c.i.u.i.IndexingReasonExplanationLogger - Scheduling indexing of ChromiumDriverCommand.class (id=90363) by request of indexes: [bytecodeAnalysis->NOT_INDEXED(not indexed),org.jetbrains.kotlin.idea.versions.KotlinJvmMetadataVersionIndex->NOT_INDEXED(not indexed),org.jetbrains.kotlin.idea.vfilefinder.KotlinPartialPackageNamesIndex->NOT_INDEXED(not indexed),org.jetbrains.kotlin.idea.vfilefinder.KotlinClassFileIndex->NOT_INDEXED(not indexed),KotlinTopLevelCallableByPackageShortNameIndex->NOT_INDEXED(not indexed),KotlinTopLevelClassLikeDeclarationByPackageShortNameIndex->NOT_INDEXED(not indexed),KotlinBinaryRootToPackageIndex->NOT_INDEXED(not indexed),filetypes->NOT_INDEXED(not indexed),Stubs->NOT_INDEXED(not indexed),]. Scanner has updated file ChromiumDriverCommand.class (id=90363) with appliers: [SingleIndexValueApplier{indexId=filetypes, inputId=90363, fileInfo='ChromiumDriverCommand.class(id=90363)'}] and removers: []; 
2026-02-16 13:56:52,286 [ 156147]   INFO - #c.i.u.i.IndexingReasonExplanationLogger - Scanner has updated file groovy-json-3.0.6.jar (id=86221) with appliers: [SingleIndexValueApplier{indexId=java.auto.module.name, inputId=86221, fileInfo='groovy-json-3.0.6.jar(id=86221)'}] and removers: []; 
2026-02-16 13:56:52,287 [ 156148]   INFO - #c.i.u.i.IndexingReasonExplanationLogger - Scheduling indexing of ChromiumDevToolsLocator.class (id=90352) by request of indexes: [bytecodeAnalysis->NOT_INDEXED(not indexed),org.jetbrains.kotlin.idea.versions.KotlinJvmMetadataVersionIndex->NOT_INDEXED(not indexed),org.jetbrains.kotlin.idea.vfilefinder.KotlinPartialPackageNamesIndex->NOT_INDEXED(not indexed),org.jetbrains.kotlin.idea.vfilefinder.KotlinClassFileIndex->NOT_INDEXED(not indexed),KotlinTopLevelCallableByPackageShortNameIndex->NOT_INDEXED(not indexed),KotlinTopLevelClassLikeDeclarationByPackageShortNameIndex->NOT_INDEXED(not indexed),KotlinBinaryRootToPackageIndex->NOT_INDEXED(not indexed),filetypes->NOT_INDEXED(not indexed),Stubs->NOT_INDEXED(not indexed),]. Scanner has updated file ChromiumDevToolsLocator.class (id=90352) with appliers: [SingleIndexValueApplier{indexId=filetypes, inputId=90352, fileInfo='ChromiumDevToolsLocator.class(id=90352)'}] and removers: []; 
2026-02-16 13:56:52,287 [ 156148]   INFO - #c.i.u.i.IndexingReasonExplanationLogger - Scheduling indexing of ChromiumDriverCommandExecutor.class (id=90355) by request of indexes: [bytecodeAnalysis->NOT_INDEXED(not indexed),org.jetbrains.kotlin.idea.versions.KotlinJvmMetadataVersionIndex->NOT_INDEXED(not indexed),org.jetbrains.kotlin.idea.vfilefinder.KotlinPartialPackageNamesIndex->NOT_INDEXED(not indexed),org.jetbrains.kotlin.idea.vfilefinder.KotlinClassFileIndex->NOT_INDEXED(not indexed),KotlinTopLevelCallableByPackageShortNameIndex->NOT_INDEXED(not indexed),KotlinTopLevelClassLikeDeclarationByPackageShortNameIndex->NOT_INDEXED(not indexed),KotlinBinaryRootToPackageIndex->NOT_INDEXED(not indexed),filetypes->NOT_INDEXED(not indexed),Stubs->NOT_INDEXED(not indexed),]. Scanner has updated file ChromiumDriverCommandExecutor.class (id=90355) with appliers: [SingleIndexValueApplier{indexId=filetypes, inputId=90355, fileInfo='ChromiumDriverCommandExecutor.class(id=90355)'}] and removers: []; 
2026-02-16 13:56:52,287 [ 156148]   INFO - #c.i.u.i.IndexingReasonExplanationLogger - Scheduling indexing of IO.class (id=90453) by request of indexes: [bytecodeAnalysis->NOT_INDEXED(not indexed),org.jetbrains.kotlin.idea.versions.KotlinJvmMetadataVersionIndex->NOT_INDEXED(not indexed),org.jetbrains.kotlin.idea.vfilefinder.KotlinPartialPackageNamesIndex->NOT_INDEXED(not indexed),org.jetbrains.kotlin.idea.vfilefinder.KotlinClassFileIndex->NOT_INDEXED(not indexed),KotlinTopLevelCallableByPackageShortNameIndex->NOT_INDEXED(not indexed),KotlinTopLevelClassLikeDeclarationByPackageShortNameIndex->NOT_INDEXED(not indexed),KotlinBinaryRootToPackageIndex->NOT_INDEXED(not indexed),filetypes->NOT_INDEXED(not indexed),Stubs->NOT_INDEXED(not indexed),]. Scanner has updated file IO.class (id=90453) with appliers: [SingleIndexValueApplier{indexId=filetypes, inputId=90453, fileInfo='IO.class(id=90453)'}] and removers: []; 
2026-02-16 13:56:52,288 [ 156149]   INFO - #c.i.u.i.IndexingReasonExplanationLogger - Scheduling indexing of Chr.class (id=90456) by request of indexes: [bytecodeAnalysis->NOT_INDEXED(not indexed),org.jetbrains.kotlin.idea.versions.KotlinJvmMetadataVersionIndex->NOT_INDEXED(not indexed),org.jetbrains.kotlin.idea.vfilefinder.KotlinPartialPackageNamesIndex->NOT_INDEXED(not indexed),org.jetbrains.kotlin.idea.vfilefinder.KotlinClassFileIndex->NOT_INDEXED(not indexed),KotlinTopLevelCallableByPackageShortNameIndex->NOT_INDEXED(not indexed),KotlinTopLevelClassLikeDeclarationByPackageShortNameIndex->NOT_INDEXED(not indexed),KotlinBinaryRootToPackageIndex->NOT_INDEXED(not indexed),filetypes->NOT_INDEXED(not indexed),Stubs->NOT_INDEXED(not indexed),]. Scanner has updated file Chr.class (id=90456) with appliers: [SingleIndexValueApplier{indexId=filetypes, inputId=90456, fileInfo='Chr.class(id=90456)'}] and removers: []; 
2026-02-16 13:56:52,288 [ 156149]   INFO - #c.i.u.i.IndexingReasonExplanationLogger - Scheduling indexing of Sys.class (id=90455) by request of indexes: [bytecodeAnalysis->NOT_INDEXED(not indexed),org.jetbrains.kotlin.idea.versions.KotlinJvmMetadataVersionIndex->NOT_INDEXED(not indexed),org.jetbrains.kotlin.idea.vfilefinder.KotlinPartialPackageNamesIndex->NOT_INDEXED(not indexed),org.jetbrains.kotlin.idea.vfilefinder.KotlinClassFileIndex->NOT_INDEXED(not indexed),KotlinTopLevelCallableByPackageShortNameIndex->NOT_INDEXED(not indexed),KotlinTopLevelClassLikeDeclarationByPackageShortNameIndex->NOT_INDEXED(not indexed),KotlinBinaryRootToPackageIndex->NOT_INDEXED(not indexed),filetypes->NOT_INDEXED(not indexed),Stubs->NOT_INDEXED(not indexed),]. Scanner has updated file Sys.class (id=90455) with appliers: [SingleIndexValueApplier{indexId=filetypes, inputId=90455, fileInfo='Sys.class(id=90455)'}] and removers: []; 
2026-02-16 13:56:52,288 [ 156149]   INFO - #c.i.u.i.IndexingReasonExplanationLogger - Scanner has updated file commons-exec-1.3.jar (id=86164) with appliers: [SingleIndexValueApplier{indexId=java.auto.module.name, inputId=86164, fileInfo='commons-exec-1.3.jar(id=86164)'}] and removers: []; 
2026-02-16 13:56:52,288 [ 156149]   INFO - #c.i.u.i.IndexingReasonExplanationLogger - Scheduling indexing of Type.class (id=90446) by request of indexes: [bytecodeAnalysis->NOT_INDEXED(not indexed),org.jetbrains.kotlin.idea.versions.KotlinJvmMetadataVersionIndex->NOT_INDEXED(not indexed),org.jetbrains.kotlin.idea.vfilefinder.KotlinPartialPackageNamesIndex->NOT_INDEXED(not indexed),org.jetbrains.kotlin.idea.vfilefinder.KotlinClassFileIndex->NOT_INDEXED(not indexed),KotlinTopLevelCallableByPackageShortNameIndex->NOT_INDEXED(not indexed),KotlinTopLevelClassLikeDeclarationByPackageShortNameIndex->NOT_INDEXED(not indexed),KotlinBinaryRootToPackageIndex->NOT_INDEXED(not indexed),filetypes->NOT_INDEXED(not indexed),Stubs->NOT_INDEXED(not indexed),]. Scanner has updated file Type.class (id=90446) with appliers: [SingleIndexValueApplier{indexId=filetypes, inputId=90446, fileInfo='Type.class(id=90446)'}] and removers: []; 
2026-02-16 13:56:52,288 [ 156149]   INFO - #c.i.u.i.IndexingReasonExplanationLogger - Scanner has updated file hamcrest-2.1.jar (id=86151) with appliers: [SingleIndexValueApplier{indexId=java.auto.module.name, inputId=86151, fileInfo='hamcrest-2.1.jar(id=86151)'}] and removers: []; 
2026-02-16 13:56:52,289 [ 156150]   INFO - #c.i.u.i.IndexingReasonExplanationLogger - Scanner has updated file selenium-support-4.0.0-beta-1.jar (id=86099) with appliers: [SingleIndexValueApplier{indexId=java.auto.module.name, inputId=86099, fileInfo='selenium-support-4.0.0-beta-1.jar(id=86099)'}] and removers: []; 
2026-02-16 13:56:52,290 [ 156151]   INFO - #c.i.u.i.IndexingReasonExplanationLogger - Scanner has updated file junit-platform-launcher-1.7.0.jar (id=86057) with appliers: [SingleIndexValueApplier{indexId=java.auto.module.name, inputId=86057, fileInfo='junit-platform-launcher-1.7.0.jar(id=86057)'}] and removers: []; 
2026-02-16 13:56:52,291 [ 156152]   INFO - #c.i.u.i.IndexingReasonExplanationLogger - Scanner has updated file groovy-xml-3.0.6.jar (id=86018) with appliers: [SingleIndexValueApplier{indexId=java.auto.module.name, inputId=86018, fileInfo='groovy-xml-3.0.6.jar(id=86018)'}] and removers: []; 
2026-02-16 13:56:52,292 [ 156153]   INFO - #c.i.u.i.IndexingReasonExplanationLogger - Scanner has updated file httpcore-4.4.6.jar (id=86179) with appliers: [SingleIndexValueApplier{indexId=java.auto.module.name, inputId=86179, fileInfo='httpcore-4.4.6.jar(id=86179)'}] and removers: []; 
2026-02-16 13:56:52,293 [ 156154]   INFO - #c.i.u.i.IndexingReasonExplanationLogger - Scanner has updated file selenium-chrome-driver-4.0.0-beta-1.jar (id=86217) with appliers: [SingleIndexValueApplier{indexId=java.auto.module.name, inputId=86217, fileInfo='selenium-chrome-driver-4.0.0-beta-1.jar(id=86217)'}] and removers: []; 
2026-02-16 13:56:52,300 [ 156161]   INFO - #c.i.u.i.IndexingReasonExplanationLogger - Scanner has updated file junit-jupiter-params-5.7.0.jar (id=86040) with appliers: [SingleIndexValueApplier{indexId=java.auto.module.name, inputId=86040, fileInfo='junit-jupiter-params-5.7.0.jar(id=86040)'}] and removers: []; 
2026-02-16 13:56:52,323 [ 156184]   INFO - #c.i.p.c.i.PolyContextDiscoveryInfo$1 - Notifying that PolyContext may have changed due to roots changes.
2026-02-16 13:56:52,763 [ 156624]   INFO - #c.i.u.i.UnindexedFilesScanner - [15375f63] Scanning completed for java-basics. Number of scanned files: 26645; number of files for indexing: 25446
2026-02-16 13:56:52,764 [ 156625]   INFO - #c.i.o.p.UnindexedFilesScannerExecutor - [15375f63] Task finished (scanning id=7): com.intellij.util.indexing.UnindexedFilesScannerExecutorImpl$ScheduledScanningTask@6b0d074c
2026-02-16 13:56:52,765 [ 156626]   INFO - #c.i.u.i.FileBasedIndexImpl - Indexes are already loaded
2026-02-16 13:56:52,765 [ 156626]   INFO - #c.i.u.i.c.IndexUpdateRunner - Using 8 workers for indexing and 4 for writing indexes
2026-02-16 13:56:55,451 [ 159312]   INFO - #c.i.u.i.c.IndexUpdateRunner - Coroutine 3 finished gracefully
2026-02-16 13:56:55,452 [ 159313]   INFO - #c.i.u.i.c.IndexUpdateRunner - Coroutine 4 finished gracefully
2026-02-16 13:56:55,452 [ 159313]   INFO - #c.i.u.i.c.IndexUpdateRunner - Coroutine 6 finished gracefully
2026-02-16 13:56:55,452 [ 159313]   INFO - #c.i.u.i.c.IndexUpdateRunner - Coroutine 7 finished gracefully
2026-02-16 13:56:55,452 [ 159313]   INFO - #c.i.u.i.c.IndexUpdateRunner - Coroutine 1 finished gracefully
2026-02-16 13:56:55,452 [ 159313]   INFO - #c.i.u.i.c.IndexUpdateRunner - Coroutine 2 finished gracefully
2026-02-16 13:56:55,452 [ 159313]   INFO - #c.i.u.i.c.IndexUpdateRunner - Coroutine 0 finished gracefully
2026-02-16 13:56:55,467 [ 159328]   INFO - #c.i.u.i.c.IndexUpdateRunner - Coroutine 5 finished gracefully
2026-02-16 13:56:55,499 [ 159360]   INFO - #c.i.u.i.ProjectChangedFilesScanner - Retrieving changed during indexing files of java-basics : 156 to update, calculated in 10ms
2026-02-16 13:56:55,802 [ 159663]   INFO - #c.i.u.i.c.IndexUpdateRunner - Coroutine 2 finished gracefully
2026-02-16 13:56:55,802 [ 159663]   INFO - #c.i.u.i.c.IndexUpdateRunner - Coroutine 3 finished gracefully
2026-02-16 13:56:55,803 [ 159664]   INFO - #c.i.u.i.c.IndexUpdateRunner - Coroutine 6 finished gracefully
2026-02-16 13:56:55,805 [ 159666]   INFO - #c.i.u.i.c.IndexUpdateRunner - Coroutine 5 finished gracefully
2026-02-16 13:56:55,805 [ 159666]   INFO - #c.i.u.i.c.IndexUpdateRunner - Coroutine 4 finished gracefully
2026-02-16 13:56:55,813 [ 159674]   INFO - #c.i.u.i.c.IndexUpdateRunner - Coroutine 1 finished gracefully
2026-02-16 13:56:55,816 [ 159677]   INFO - #c.i.u.i.c.IndexUpdateRunner - Coroutine 7 finished gracefully
2026-02-16 13:56:55,817 [ 159678]   INFO - #c.i.u.i.c.IndexUpdateRunner - Coroutine 0 finished gracefully
2026-02-16 13:56:55,839 [ 159700]   INFO - #c.i.u.i.UnindexedFilesIndexer - Finished for java-basics. Unindexed files update took 3075ms; general responsiveness: ok; EDT responsiveness: ok
2026-02-16 13:56:55,839 [ 159700]   INFO - #c.i.o.p.MergingQueueGuiExecutor - Task finished: (dumb mode task) UnindexedFilesIndexer[java-basics, reasons: [Changes from WorkspaceFileIndex]]
2026-02-16 13:56:55,840 [ 159701]   INFO - #c.i.o.p.MergingQueueGuiExecutor - Running task: (dumb mode task) com.intellij.openapi.roots.impl.PushedFilePropertiesUpdaterImpl$MyDumbModeTask@8f78aa9 (reason: Push on VFS changes)
2026-02-16 13:56:55,840 [ 159701]   INFO - #c.i.o.p.UnindexedFilesScannerExecutor - [15375f63] Running task: com.intellij.util.indexing.UnindexedFilesScannerExecutorImpl$ScheduledScanningTask@67746419
2026-02-16 13:56:55,840 [ 159701]   INFO - #c.i.u.i.UnindexedFilesScanner - [15375f63] scanning stage (scanning id=8): DelayedPushProperties
2026-02-16 13:56:55,843 [ 159704]   INFO - #c.i.u.i.FileBasedIndexImpl - Indexes are already loaded
2026-02-16 13:56:55,843 [ 159704]   INFO - #c.i.u.i.UnindexedFilesScanner - [15375f63] Started scanning for indexing of java-basics. Reason: Merged Changes from WorkspaceFileIndex with Changes from WorkspaceFileIndex
2026-02-16 13:56:55,843 [ 159704]   INFO - #c.i.u.i.UnindexedFilesScanner - [15375f63] scanning stage (scanning id=8): CreatingIterators
2026-02-16 13:56:55,844 [ 159705]   INFO - #c.i.u.i.UnindexedFilesScanner - [15375f63] scanning stage (scanning id=8): CollectingIndexableFiles
2026-02-16 13:56:55,844 [ 159705]   INFO - #c.i.u.i.UnindexedFilesScanner - Scanning of java-basics uses 8 scanning threads
2026-02-16 13:56:55,844 [ 159705]   INFO - #c.i.o.p.MergingQueueGuiExecutor - Task finished: (dumb mode task) com.intellij.openapi.roots.impl.PushedFilePropertiesUpdaterImpl$MyDumbModeTask@8f78aa9 (reason: Push on VFS changes)
2026-02-16 13:56:55,845 [ 159706]   INFO - #c.i.o.p.MergingQueueGuiExecutor - Running task: (dumb mode task) UnindexedFilesIndexer[java-basics, reasons: [Merged changes in: "Module 'java-basics' (project)" with Changes from WorkspaceFileIndex with Changes from WorkspaceFileIndex with Changes from WorkspaceFileIndex with Changes from WorkspaceFileIndex with Changes from WorkspaceFileIndex with Changes from WorkspaceFileIndex]]
2026-02-16 13:56:55,941 [ 159802]   INFO - #c.i.u.i.UnindexedFilesScanner - [15375f63] Scanning completed for java-basics. Number of scanned files: 7552; number of files for indexing: 0
2026-02-16 13:56:55,942 [ 159803]   INFO - #c.i.u.i.PerProjectIndexingQueue - Finished for java-basics. No files to index with loading content.
2026-02-16 13:56:55,942 [ 159803]   INFO - #c.i.o.p.UnindexedFilesScannerExecutor - [15375f63] Task finished (scanning id=8): com.intellij.util.indexing.UnindexedFilesScannerExecutorImpl$ScheduledScanningTask@67746419
2026-02-16 13:56:55,942 [ 159803]   INFO - #c.i.u.i.FileBasedIndexImpl - Indexes are already loaded
2026-02-16 13:56:55,942 [ 159803]   INFO - #c.i.u.i.c.IndexUpdateRunner - Using 8 workers for indexing and 4 for writing indexes
2026-02-16 13:56:55,944 [ 159805]   INFO - #c.i.u.i.ProjectChangedFilesScanner - Retrieving changed during indexing files of java-basics : 0 to update, calculated in 0ms
2026-02-16 13:56:55,944 [ 159805]   INFO - #c.i.u.i.UnindexedFilesIndexer - Finished for java-basics. Unindexed files update took 0ms; general responsiveness: ok; EDT responsiveness: ok
2026-02-16 13:56:55,944 [ 159805]   INFO - #c.i.o.p.MergingQueueGuiExecutor - Task finished: (dumb mode task) UnindexedFilesIndexer[java-basics, reasons: [Merged changes in: "Module 'java-basics' (project)" with Changes from WorkspaceFileIndex with Changes from WorkspaceFileIndex with Changes from WorkspaceFileIndex with Changes from WorkspaceFileIndex with Changes from WorkspaceFileIndex with Changes from WorkspaceFileIndex]]
2026-02-16 13:56:55,945 [ 159806]   INFO - #c.i.o.p.DumbServiceImpl - exit dumb mode [java-basics]
2026-02-16 13:56:55,945 [ 159806]   INFO - STDOUT - [IDE]: Task 'Analyzing project to enable smart features' ended
2026-02-16 13:57:01,113 [ 164974]   INFO - #o.j.q.s.i.r.ConsoleLog - Keep running Project opening ... so far 2m 30s
2026-02-16 13:57:01,114 [ 164975]   INFO - STDOUT - Keep running Project opening ... so far 2m 30s
2026-02-16 13:57:31,119 [ 194980]   INFO - #o.j.q.s.i.r.ConsoleLog - Keep running Project opening ... so far 3m
2026-02-16 13:57:31,120 [ 194981]   INFO - STDOUT - Keep running Project opening ... so far 3m
2026-02-16 13:58:01,122 [ 224983]   INFO - #o.j.q.s.i.r.ConsoleLog - Keep running Project opening ... so far 3m 30s
2026-02-16 13:58:01,123 [ 224984]   INFO - STDOUT - Keep running Project opening ... so far 3m 30s
2026-02-16 13:58:23,022 [ 246883]   INFO - #o.j.i.maven - maven plugin resolution finished, unresolved: []
2026-02-16 13:58:23,265 [ 247126]   WARN - #o.j.i.maven - updateAllMavenProjects finished: incremental=false, MavenProjectsManager.onProjectStartup java-basics
2026-02-16 13:58:23,265 [ 247126]   WARN - #o.j.i.maven - updateAllMavenProjects started: incremental=true, MavenProjectAware.reloadProject, undefined modifications java-basics
2026-02-16 13:58:23,274 [ 247135]   INFO - #o.j.i.maven - preimport statistics: linked: 1 of 1 with total 1 modules interpolated 15 of 15, 0 modules added. This statistics calculated for 0 millis
2026-02-16 13:58:23,315 [ 247176]   INFO - #o.j.i.maven - Importing Maven project using Workspace API
2026-02-16 13:58:23,316 [ 247177]   INFO - #o.j.i.maven - [maven import] applying models to workspace model took 0ms
2026-02-16 13:58:23,323 [ 247184]   INFO - #o.j.i.maven - Updating index list for project Project(name=java-basics, containerState=COMPONENT_CREATED, componentStore=/data/project)
2026-02-16 13:58:23,325 [ 247186]   INFO - #o.j.i.maven - updating index list for Project(name=java-basics, containerState=COMPONENT_CREATED, componentStore=/data/project) - local:local:/data/cache/.m2 remains the same, nothing to update
2026-02-16 13:58:23,348 [ 247209]   WARN - #o.j.i.maven - updateAllMavenProjects finished: incremental=true, MavenProjectAware.reloadProject, undefined modifications java-basics
2026-02-16 13:58:23,597 [ 247458]   INFO - #c.i.o.p.DumbServiceImpl - enter dumb mode [java-basics]
2026-02-16 13:58:23,601 [ 247462]   INFO - STDOUT - 'Maven' is completed.
2026-02-16 13:58:23,605 [ 247466]   INFO - STDOUT - 'Queries for MergingUpdateQueue' is in progress...
2026-02-16 13:58:23,617 [ 247478]   INFO - #c.i.o.p.MergingQueueGuiExecutor - Running task: (dumb mode task) com.intellij.openapi.roots.impl.PushedFilePropertiesUpdaterImpl$MyDumbModeTask@4c4fb5e3 (reason: Push on VFS changes)
2026-02-16 13:58:23,627 [ 247488]   INFO - #c.i.o.p.MergingQueueGuiExecutor - Task finished: (dumb mode task) com.intellij.openapi.roots.impl.PushedFilePropertiesUpdaterImpl$MyDumbModeTask@4c4fb5e3 (reason: Push on VFS changes)
2026-02-16 13:58:23,628 [ 247489]   INFO - #c.i.o.p.MergingQueueGuiExecutor - Running task: (dumb mode task) UnindexedFilesIndexer[java-basics, reasons: [On refresh of files in java-basics]]
2026-02-16 13:58:23,630 [ 247491]   INFO - #c.i.u.i.FileBasedIndexImpl - Indexes are already loaded
2026-02-16 13:58:23,632 [ 247493]   INFO - #c.i.u.i.c.IndexUpdateRunner - Using 8 workers for indexing and 4 for writing indexes
2026-02-16 13:58:23,650 [ 247511]   INFO - #c.i.u.i.ProjectChangedFilesScanner - Retrieving changed during indexing files of java-basics : 18 to update, calculated in 22ms
2026-02-16 13:58:23,717 [ 247578]   INFO - #c.i.u.i.c.IndexUpdateRunner - Coroutine 2 finished gracefully
2026-02-16 13:58:23,720 [ 247581]   INFO - #c.i.u.i.c.IndexUpdateRunner - Coroutine 0 finished gracefully
2026-02-16 13:58:23,721 [ 247582]   INFO - #c.i.u.i.c.IndexUpdateRunner - Coroutine 1 finished gracefully
2026-02-16 13:58:23,726 [ 247587]   INFO - #c.i.u.i.c.IndexUpdateRunner - Coroutine 5 finished gracefully
2026-02-16 13:58:23,732 [ 247593]   INFO - #c.i.u.i.c.IndexUpdateRunner - Coroutine 4 finished gracefully
2026-02-16 13:58:23,733 [ 247594]   INFO - #c.i.u.i.c.IndexUpdateRunner - Coroutine 6 finished gracefully
2026-02-16 13:58:23,738 [ 247599]   INFO - #c.i.u.i.c.IndexUpdateRunner - Coroutine 3 finished gracefully
2026-02-16 13:58:23,744 [ 247605]   INFO - #c.i.u.i.c.IndexUpdateRunner - Coroutine 7 finished gracefully
2026-02-16 13:58:23,767 [ 247628]   INFO - #c.i.u.i.UnindexedFilesIndexer - Finished for java-basics. Unindexed files update took 139ms; general responsiveness: ok; EDT responsiveness: ok
2026-02-16 13:58:23,768 [ 247629]   INFO - #c.i.o.p.MergingQueueGuiExecutor - Task finished: (dumb mode task) UnindexedFilesIndexer[java-basics, reasons: [On refresh of files in java-basics]]
2026-02-16 13:58:23,770 [ 247631]   INFO - #c.i.o.p.DumbServiceImpl - exit dumb mode [java-basics]
2026-02-16 13:58:23,771 [ 247632]   INFO - STDOUT - [IDE]: Task 'Analyzing project to enable smart features' ended
2026-02-16 13:58:23,908 [ 247769]   INFO - STDOUT - 'Queries for MergingUpdateQueue' is completed.
2026-02-16 13:58:23,916 [ 247777]   INFO - #c.i.w.i.i.j.s.JpsGlobalModelSynchronizerImpl - Saving global entities com.intellij.platform.workspace.jps.entities.SdkEntity to files
2026-02-16 13:58:23,922 [ 247783]   INFO - #c.i.w.i.i.j.s.JpsGlobalModelSynchronizerImpl - Saving global entities com.intellij.platform.workspace.jps.entities.LibraryEntity to files
2026-02-16 13:58:24,142 [ 248003]   INFO - #c.i.a.o.PathMacrosImpl - Saved path macros: {MAVEN_REPOSITORY=/data/cache/.m2}
2026-02-16 13:58:24,182 [ 248043]   INFO - #c.i.c.ComponentStoreImpl - Saving appEventLogAllowedList took 20 ms, ExtensionsRootType took 18 ms, FeatureUsageStatistics took 24 ms, FileTypeManager took 19 ms
2026-02-16 13:58:24,213 [ 248074]   INFO - #c.i.w.i.i.j.s.JpsGlobalModelSynchronizerImpl - Saving global entities com.intellij.platform.workspace.jps.entities.SdkEntity to files
2026-02-16 13:58:24,216 [ 248077]   INFO - #c.i.w.i.i.j.s.JpsGlobalModelSynchronizerImpl - Saving global entities com.intellij.platform.workspace.jps.entities.LibraryEntity to files
2026-02-16 13:58:24,231 [ 248092]   INFO - #c.i.a.o.PathMacrosImpl - Saved path macros: {MAVEN_REPOSITORY=/data/cache/.m2}
2026-02-16 13:58:24,302 [ 248163]   INFO - #c.i.o.e.s.p.m.ExternalProjectsDataStorage - Save external projects data in 46 ms
2026-02-16 13:58:24,393 [ 248254]   INFO - #c.i.c.ComponentStoreImpl - Saving Project(name=java-basics, containerState=COMPONENT_CREATED, componentStore=/data/project)KotlinCommonCompilerArguments took 16 ms, XDebuggerManager took 17 ms
2026-02-16 13:58:24,432 [ 248293]   INFO - #c.i.o.p.DumbServiceImpl - enter dumb mode [java-basics]
2026-02-16 13:58:24,438 [ 248299]   INFO - #c.i.o.p.MergingQueueGuiExecutor - Running task: (dumb mode task) com.intellij.openapi.roots.impl.PushedFilePropertiesUpdaterImpl$MyDumbModeTask@4fb5e44c (reason: Push on VFS changes)
2026-02-16 13:58:24,441 [ 248302]   INFO - #c.i.o.p.MergingQueueGuiExecutor - Task finished: (dumb mode task) com.intellij.openapi.roots.impl.PushedFilePropertiesUpdaterImpl$MyDumbModeTask@4fb5e44c (reason: Push on VFS changes)
2026-02-16 13:58:24,441 [ 248302]   INFO - #c.i.o.p.DumbServiceImpl - exit dumb mode [java-basics]
2026-02-16 13:58:24,442 [ 248303]   INFO - STDOUT - [IDE]: Task 'Analyzing project to enable smart features' ended
2026-02-16 13:58:24,452 [ 248313]   INFO - STDOUT - Configuration phase 0 is completed. Initiating another phase to cover possible side effects...
2026-02-16 13:58:24,454 [ 248315]   INFO - STDOUT - All configuration phases are completed.
2026-02-16 13:58:24,455 [ 248316]   INFO - STDOUT - 'external-system' is in progress...
2026-02-16 13:58:24,458 [ 248319]   INFO - STDOUT - 'external-system' is completed.
2026-02-16 13:58:24,459 [ 248320]   INFO - STDOUT - 'Queries for MergingUpdateQueue' is in progress...
2026-02-16 13:58:25,285 [ 249146]   INFO - STDOUT - 'Queries for MergingUpdateQueue' is completed.
2026-02-16 13:58:25,286 [ 249147]   INFO - #c.i.w.i.i.j.s.JpsGlobalModelSynchronizerImpl - Saving global entities com.intellij.platform.workspace.jps.entities.SdkEntity to files
2026-02-16 13:58:25,287 [ 249148]   INFO - #c.i.w.i.i.j.s.JpsGlobalModelSynchronizerImpl - Saving global entities com.intellij.platform.workspace.jps.entities.LibraryEntity to files
2026-02-16 13:58:25,339 [ 249200]   INFO - #c.i.a.o.PathMacrosImpl - Saved path macros: {MAVEN_REPOSITORY=/data/cache/.m2}
2026-02-16 13:58:25,363 [ 249224]   INFO - #c.i.w.i.i.j.s.JpsGlobalModelSynchronizerImpl - Saving global entities com.intellij.platform.workspace.jps.entities.SdkEntity to files
2026-02-16 13:58:25,365 [ 249226]   INFO - #c.i.w.i.i.j.s.JpsGlobalModelSynchronizerImpl - Saving global entities com.intellij.platform.workspace.jps.entities.LibraryEntity to files
2026-02-16 13:58:25,373 [ 249234]   INFO - #c.i.a.o.PathMacrosImpl - Saved path macros: {MAVEN_REPOSITORY=/data/cache/.m2}
2026-02-16 13:58:25,374 [ 249235]   INFO - STDOUT - Configuration phase 1 is completed. Initiating another phase to cover possible side effects...
2026-02-16 13:58:25,375 [ 249236]   INFO - STDOUT - All configuration phases are completed.
2026-02-16 13:58:25,375 [ 249236]   INFO - STDOUT - 'Queries for MergingUpdateQueue' is in progress...
2026-02-16 13:58:26,387 [ 250248]   INFO - STDOUT - 'Queries for MergingUpdateQueue' is completed.
2026-02-16 13:58:26,388 [ 250249]   INFO - #c.i.w.i.i.j.s.JpsGlobalModelSynchronizerImpl - Saving global entities com.intellij.platform.workspace.jps.entities.SdkEntity to files
2026-02-16 13:58:26,389 [ 250250]   INFO - #c.i.w.i.i.j.s.JpsGlobalModelSynchronizerImpl - Saving global entities com.intellij.platform.workspace.jps.entities.LibraryEntity to files
2026-02-16 13:58:26,439 [ 250300]   INFO - #c.i.a.o.PathMacrosImpl - Saved path macros: {MAVEN_REPOSITORY=/data/cache/.m2}
2026-02-16 13:58:26,464 [ 250325]   INFO - #c.i.w.i.i.j.s.JpsGlobalModelSynchronizerImpl - Saving global entities com.intellij.platform.workspace.jps.entities.SdkEntity to files
2026-02-16 13:58:26,464 [ 250325]   INFO - #c.i.w.i.i.j.s.JpsGlobalModelSynchronizerImpl - Saving global entities com.intellij.platform.workspace.jps.entities.LibraryEntity to files
2026-02-16 13:58:26,469 [ 250330]   INFO - #c.i.a.o.PathMacrosImpl - Saved path macros: {MAVEN_REPOSITORY=/data/cache/.m2}
2026-02-16 13:58:26,473 [ 250334]   INFO - STDOUT - Configuration phase 2 is completed. Initiating another phase to cover possible side effects...
2026-02-16 13:58:26,473 [ 250334]   INFO - STDOUT - All configuration phases are completed.
2026-02-16 13:58:26,517 [ 250378]   INFO - #o.j.q.s.i.r.ConsoleLog - The Project opening stage completed in 3m 55s
2026-02-16 13:58:26,517 [ 250378]   INFO - STDOUT - The Project opening stage completed in 3m 55s
2026-02-16 13:58:26,518 [ 250379]   INFO - STDOUT - done.
2026-02-16 13:58:26,613 [ 250474]   INFO - #c.i.o.p.DumbServiceImpl - enter dumb mode [java-basics]
2026-02-16 13:58:26,615 [ 250476]   INFO - #o.j.q.s.i.r.ConsoleLog - Preparing for the Project configuration stage ...
2026-02-16 13:58:26,616 [ 250477]   INFO - STDOUT - Preparing for the Project configuration stage ...
2026-02-16 13:58:26,616 [ 250477]   INFO - #c.i.o.p.MergingQueueGuiExecutor - Running task: (dumb mode task) com.intellij.openapi.roots.impl.PushedFilePropertiesUpdaterImpl$MyDumbModeTask@5bbaf6a5 (reason: Push on VFS changes)
2026-02-16 13:58:26,616 [ 250477]   INFO - STDOUT - 'external-system' is in progress...
2026-02-16 13:58:26,617 [ 250478]   INFO - #c.i.o.p.MergingQueueGuiExecutor - Task finished: (dumb mode task) com.intellij.openapi.roots.impl.PushedFilePropertiesUpdaterImpl$MyDumbModeTask@5bbaf6a5 (reason: Push on VFS changes)
2026-02-16 13:58:26,618 [ 250479]   INFO - #c.i.o.p.MergingQueueGuiExecutor - Running task: (dumb mode task) UnindexedFilesIndexer[java-basics, reasons: [On refresh of files in java-basics]]
2026-02-16 13:58:26,618 [ 250479]   INFO - #c.i.u.i.FileBasedIndexImpl - Indexes are already loaded
2026-02-16 13:58:26,618 [ 250479]   INFO - #c.i.u.i.c.IndexUpdateRunner - Using 8 workers for indexing and 4 for writing indexes
2026-02-16 13:58:26,618 [ 250479]   INFO - STDOUT - 'external-system' is completed.
2026-02-16 13:58:26,618 [ 250479]   INFO - STDOUT - 'Queries for MergingUpdateQueue' is in progress...
2026-02-16 13:58:26,619 [ 250480]   INFO - #c.i.u.i.ProjectChangedFilesScanner - Retrieving changed during indexing files of java-basics : 6 to update, calculated in 1ms
2026-02-16 13:58:26,620 [ 250481]   INFO - #c.i.u.i.c.IndexUpdateRunner - Coroutine 7 finished gracefully
2026-02-16 13:58:26,620 [ 250481]   INFO - #c.i.u.i.c.IndexUpdateRunner - Coroutine 5 finished gracefully
2026-02-16 13:58:26,620 [ 250481]   INFO - #c.i.u.i.c.IndexUpdateRunner - Coroutine 3 finished gracefully
2026-02-16 13:58:26,621 [ 250482]   INFO - #c.i.u.i.c.IndexUpdateRunner - Coroutine 2 finished gracefully
2026-02-16 13:58:26,626 [ 250487]   INFO - #c.i.u.i.c.IndexUpdateRunner - Coroutine 6 finished gracefully
2026-02-16 13:58:26,637 [ 250498]   INFO - #c.i.u.i.c.IndexUpdateRunner - Coroutine 0 finished gracefully
2026-02-16 13:58:26,641 [ 250502]   INFO - #c.i.u.i.c.IndexUpdateRunner - Coroutine 1 finished gracefully
2026-02-16 13:58:26,643 [ 250504]   INFO - #c.i.u.i.c.IndexUpdateRunner - Coroutine 4 finished gracefully
2026-02-16 13:58:26,669 [ 250530]   INFO - #c.i.u.i.UnindexedFilesIndexer - Finished for java-basics. Unindexed files update took 51ms; general responsiveness: ok; EDT responsiveness: ok
2026-02-16 13:58:26,669 [ 250530]   INFO - #c.i.o.p.MergingQueueGuiExecutor - Task finished: (dumb mode task) UnindexedFilesIndexer[java-basics, reasons: [On refresh of files in java-basics]]
2026-02-16 13:58:26,670 [ 250531]   INFO - #c.i.o.p.DumbServiceImpl - exit dumb mode [java-basics]
2026-02-16 13:58:26,671 [ 250532]   INFO - STDOUT - [IDE]: Task 'Analyzing project to enable smart features' ended
2026-02-16 13:58:27,531 [ 251392]   INFO - STDOUT - 'Queries for MergingUpdateQueue' is completed.
2026-02-16 13:58:27,533 [ 251394]   INFO - #c.i.w.i.i.j.s.JpsGlobalModelSynchronizerImpl - Saving global entities com.intellij.platform.workspace.jps.entities.SdkEntity to files
2026-02-16 13:58:27,534 [ 251395]   INFO - #c.i.w.i.i.j.s.JpsGlobalModelSynchronizerImpl - Saving global entities com.intellij.platform.workspace.jps.entities.LibraryEntity to files
2026-02-16 13:58:27,583 [ 251444]   INFO - #c.i.a.o.PathMacrosImpl - Saved path macros: {MAVEN_REPOSITORY=/data/cache/.m2}
2026-02-16 13:58:27,606 [ 251467]   INFO - #c.i.w.i.i.j.s.JpsGlobalModelSynchronizerImpl - Saving global entities com.intellij.platform.workspace.jps.entities.SdkEntity to files
2026-02-16 13:58:27,606 [ 251467]   INFO - #c.i.w.i.i.j.s.JpsGlobalModelSynchronizerImpl - Saving global entities com.intellij.platform.workspace.jps.entities.LibraryEntity to files
2026-02-16 13:58:27,611 [ 251472]   INFO - #c.i.a.o.PathMacrosImpl - Saved path macros: {MAVEN_REPOSITORY=/data/cache/.m2}
2026-02-16 13:58:27,613 [ 251474]   INFO - STDOUT - Configuration phase 0 is completed. Initiating another phase to cover possible side effects...
2026-02-16 13:58:27,613 [ 251474]   INFO - STDOUT - All configuration phases are completed.
2026-02-16 13:58:27,613 [ 251474]   INFO - STDOUT - 'Queries for MergingUpdateQueue' is in progress...
2026-02-16 13:58:28,643 [ 252504]   INFO - STDOUT - 'Queries for MergingUpdateQueue' is completed.
2026-02-16 13:58:28,644 [ 252505]   INFO - #c.i.w.i.i.j.s.JpsGlobalModelSynchronizerImpl - Saving global entities com.intellij.platform.workspace.jps.entities.SdkEntity to files
2026-02-16 13:58:28,646 [ 252507]   INFO - #c.i.w.i.i.j.s.JpsGlobalModelSynchronizerImpl - Saving global entities com.intellij.platform.workspace.jps.entities.LibraryEntity to files
2026-02-16 13:58:28,696 [ 252557]   INFO - #c.i.a.o.PathMacrosImpl - Saved path macros: {MAVEN_REPOSITORY=/data/cache/.m2}
2026-02-16 13:58:28,719 [ 252580]   INFO - #c.i.w.i.i.j.s.JpsGlobalModelSynchronizerImpl - Saving global entities com.intellij.platform.workspace.jps.entities.SdkEntity to files
2026-02-16 13:58:28,719 [ 252580]   INFO - #c.i.w.i.i.j.s.JpsGlobalModelSynchronizerImpl - Saving global entities com.intellij.platform.workspace.jps.entities.LibraryEntity to files
2026-02-16 13:58:28,724 [ 252585]   INFO - #c.i.a.o.PathMacrosImpl - Saved path macros: {MAVEN_REPOSITORY=/data/cache/.m2}
2026-02-16 13:58:28,727 [ 252588]   INFO - STDOUT - Configuration phase 1 is completed. Initiating another phase to cover possible side effects...
2026-02-16 13:58:28,727 [ 252588]   INFO - STDOUT - All configuration phases are completed.
2026-02-16 13:58:28,727 [ 252588]   INFO - STDOUT - 'Queries for MergingUpdateQueue' is in progress...
2026-02-16 13:58:29,754 [ 253615]   INFO - STDOUT - 'Queries for MergingUpdateQueue' is completed.
2026-02-16 13:58:29,756 [ 253617]   INFO - #c.i.w.i.i.j.s.JpsGlobalModelSynchronizerImpl - Saving global entities com.intellij.platform.workspace.jps.entities.SdkEntity to files
2026-02-16 13:58:29,756 [ 253617]   INFO - #c.i.w.i.i.j.s.JpsGlobalModelSynchronizerImpl - Saving global entities com.intellij.platform.workspace.jps.entities.LibraryEntity to files
2026-02-16 13:58:29,806 [ 253667]   INFO - #c.i.a.o.PathMacrosImpl - Saved path macros: {MAVEN_REPOSITORY=/data/cache/.m2}
2026-02-16 13:58:29,831 [ 253692]   INFO - #c.i.w.i.i.j.s.JpsGlobalModelSynchronizerImpl - Saving global entities com.intellij.platform.workspace.jps.entities.SdkEntity to files
2026-02-16 13:58:29,831 [ 253692]   INFO - #c.i.w.i.i.j.s.JpsGlobalModelSynchronizerImpl - Saving global entities com.intellij.platform.workspace.jps.entities.LibraryEntity to files
2026-02-16 13:58:29,836 [ 253697]   INFO - #c.i.a.o.PathMacrosImpl - Saved path macros: {MAVEN_REPOSITORY=/data/cache/.m2}
2026-02-16 13:58:29,838 [ 253699]   INFO - STDOUT - Configuration phase 2 is completed. Initiating another phase to cover possible side effects...
2026-02-16 13:58:29,839 [ 253700]   INFO - STDOUT - All configuration phases are completed.
2026-02-16 13:58:29,863 [ 253724]   INFO - #o.j.q.s.i.r.s.QodanaProjectLoader - Configured project
2026-02-16 13:58:29,953 [ 253814]   INFO - #o.j.q.s.i.r.ConsoleLog - The Project configuration stage completed in 3s
2026-02-16 13:58:29,953 [ 253814]   INFO - STDOUT - The Project configuration stage completed in 3s
2026-02-16 13:58:29,954 [ 253815]   INFO - o.j.q.i.linter - Loading dynamic inspections (FlexInspect)
2026-02-16 13:58:29,954 [ 253815]   INFO - o.j.q.i.linter - FlexInspect: finished loading
- total number of inspection.kts files: 0}
- number of compiled inspection.kts files: 0}
- number of inspections from compiled inspection.kts files: 0}
- number of failed to compile inspection.kts files: 0} 
2026-02-16 13:58:31,385 [ 255246]   INFO - STDOUT - Initializing project…Inspecting with the 'qodana.recommended' profile
2026-02-16 13:58:31,455 [ 255316]   INFO - #o.j.q.s.p.QodanaProfile - The 'qodana.sanity' profile is configured for sanity checks
2026-02-16 13:58:31,803 [ 255664]   WARN - #c.j.q.s.m.SarifReport - Missing description for tool MysqlLoadDataPath in taxonomy MySQL
2026-02-16 13:58:31,996 [ 255857]   WARN - #c.j.q.s.m.SarifReport - Missing description for tool SqlUnmatchedForwardDeclaration in taxonomy Oracle
2026-02-16 13:58:32,007 [ 255868]   WARN - #c.j.q.s.m.SarifReport - Missing description for tool MongoJSResolve in taxonomy MongoJS
2026-02-16 13:58:32,070 [ 255931]   WARN - #c.j.q.s.m.SarifReport - Missing description for tool MongoJSDeprecation in taxonomy MongoJS
2026-02-16 13:58:32,089 [ 255950]   WARN - #c.j.q.s.m.SarifReport - Missing description for tool PgSelectFromProcedure in taxonomy PostgreSQL
2026-02-16 13:58:32,106 [ 255967]   WARN - #c.j.q.s.m.SarifReport - Missing description for tool MssqlBuiltin in taxonomy SQL server
2026-02-16 13:58:32,137 [ 255998]   WARN - #c.j.q.s.m.SarifReport - Missing description for tool SqlOverload in taxonomy Oracle
2026-02-16 13:58:32,158 [ 256019]   WARN - #c.j.q.s.m.SarifReport - Missing description for tool MysqlSpaceAfterFunctionName in taxonomy MySQL
2026-02-16 13:58:32,181 [ 256042]   WARN - #c.j.q.s.m.SarifReport - Missing description for tool MysqlParsing in taxonomy MySQL
2026-02-16 13:58:32,245 [ 256106]   WARN - #c.j.q.s.m.SarifReport - Missing description for tool SqlMissingBody in taxonomy Oracle
2026-02-16 13:58:32,328 [ 256189]   WARN - #c.j.q.s.m.SarifReport - Missing description for tool MsOrderBy in taxonomy SQL server
2026-02-16 13:58:32,687 [ 256548]   INFO - #o.j.q.s.i.r.ConsoleLog - Preparing for the Project analysis stage ...
2026-02-16 13:58:32,688 [ 256549]   INFO - STDOUT - Preparing for the Project analysis stage ...
2026-02-16 13:58:32,772 [ 256633]   INFO - #c.i.a.AnalysisScope - Scanning scope took 46 ms
2026-02-16 13:58:32,783 [ 256644]   INFO - #c.i.d.c.i.CheckDependencyLicensesInspectionGlobal - Starting com.intellij.dependencyAnalysis.core.inspection.CheckDependencyLicensesInspectionGlobal
2026-02-16 13:58:32,787 [ 256648]   INFO - #c.i.d.c.m.DependencyAnalysis - Collect data
2026-02-16 13:58:32,801 [ 256662]   INFO - #c.i.d.c.m.ProjectAnalyzer - JVM start analyze
2026-02-16 13:58:32,805 [ 256666]   INFO - #c.i.d.j.JvmProjectAnalyzer - java-basics is analyzing
2026-02-16 13:58:32,805 [ 256666]   INFO - #c.i.d.j.JvmProjectAnalyzer - java-basics.main is analyzing
2026-02-16 13:58:36,617 [ 260478]   INFO - #c.i.d.c.m.ProjectAnalyzer - JVM end analyze
2026-02-16 13:58:36,621 [ 260482]   INFO - #c.i.d.c.m.DependencyAnalysis - Obtained ProjectMetadata
2026-02-16 13:58:36,625 [ 260486]   INFO - #c.i.d.c.i.CheckDependencyLicensesInspectionGlobal - Ending com.intellij.dependencyAnalysis.core.inspection.CheckDependencyLicensesInspectionGlobal
2026-02-16 13:58:36,632 [ 260493]   INFO - #c.i.c.e.GlobalJavaInspectionContextImpl - Processing external usages finished in 0 ms
2026-02-16 13:58:36,642 [ 260503]   INFO - #o.j.q.j.c.JvmCoverageInspection - Coverage for XMLReportEngine - provided 1 files
2026-02-16 13:58:36,646 [ 260507]   INFO - #o.j.q.s.i.c.CoverageInspectionBase - Engine XML Report - accepted 0 files
2026-02-16 13:58:36,646 [ 260507]   INFO - #o.j.q.s.i.c.CoverageInspectionBase - Engine XML Report - loaded 0 coverage suites
2026-02-16 13:58:36,646 [ 260507]   INFO - #o.j.q.s.i.c.CoverageInspectionBase - Coverage for JavaCoverageEngine - provided 1 files
2026-02-16 13:58:36,649 [ 260510]   INFO - #o.j.q.s.i.c.CoverageInspectionBase - Engine Java Coverage - accepted 0 files
2026-02-16 13:58:36,649 [ 260510]   INFO - #o.j.q.s.i.c.CoverageInspectionBase - Engine Java Coverage - loaded 0 coverage suites
2026-02-16 13:58:36,921 [ 260782]   INFO - STDOUT - Analyzing code 1%
2026-02-16 13:58:36,921 [ 260782]   INFO - STDOUT - Analyzing code 1%
2026-02-16 13:58:36,921 [ 260782]   INFO - STDOUT - Analyzing code 1%
2026-02-16 13:58:37,021 [ 260882]   INFO - #o.j.q.s.i.r.AsyncInspectionToolResultWriter - Async result writer started
2026-02-16 13:58:37,026 [ 260887]   INFO - STDOUT - Analyzing code 2%
2026-02-16 13:58:37,166 [ 261027]   INFO - #c.i.x.Html5SchemaProvider - HTML5_SCHEMA_LOCATION = /opt/idea/lib/modules/intellij.relaxng.jar!/resources/html5-schema/html5.rnc
2026-02-16 13:58:37,181 [ 261042]   INFO - #c.i.i.s.DeviceIdManager - Generating new Device ID for 'PackageChecker'
2026-02-16 13:58:37,196 [ 261057]   INFO - #c.i.p.m.MavenProjectDependenciesModel - Start collecting all modules
2026-02-16 13:58:37,196 [ 261057]   INFO - #c.i.p.g.GradleProjectDependenciesModel - Start collecting all modules
2026-02-16 13:58:37,205 [ 261066]   INFO - #c.i.p.m.ProjectDependenciesModuleAggregator - Supported models after update: [IntellijProjectDependenciesModel, MavenProjectDependenciesModel, GradleProjectDependenciesModel]
2026-02-16 13:58:37,208 [ 261069]   INFO - #c.i.p.m.MavenProjectDependenciesModel - Finish collecting all modules, count of found modules: 1
2026-02-16 13:58:37,209 [ 261070]   INFO - #c.i.p.g.GradleProjectDependenciesModel - Finish collecting all modules, count of found modules: 2
2026-02-16 13:58:37,211 [ 261072]   INFO - #c.i.p.m.i.ProjectDependenciesModelImpl - Count of declared packages: null, imported packages: null
2026-02-16 13:58:37,293 [ 261154]   INFO - #c.i.p.m.i.ProjectDependenciesModelImpl - Count of declared packages: null, imported packages: 124
2026-02-16 13:58:37,430 [ 261291]   INFO - #c.i.p.m.i.ProjectDependenciesModelImpl - Count of declared packages: 110, imported packages: 124
2026-02-16 13:58:37,869 [ 261730]   INFO - STDOUT - Analyzing code 3%
2026-02-16 13:58:38,247 [ 262108]   INFO - STDOUT - Analyzing code 4%
2026-02-16 13:58:38,782 [ 262643]   INFO - STDOUT - Analyzing code 5%
2026-02-16 13:58:38,833 [ 262694]   WARN - #c.i.j.d.a.j.l.t.c.JavaExpressionEvaluator - Unresolved method in call PsiMethodCallExpression:super(message) at CircuitBreaker1.java:117:13-27
2026-02-16 13:58:39,152 [ 263013]   INFO - STDOUT - Analyzing code 6%
2026-02-16 13:58:39,339 [ 263200]   INFO - STDOUT - Analyzing code 7%
2026-02-16 13:58:39,536 [ 263397]   INFO - STDOUT - Analyzing code 8%
2026-02-16 13:58:39,771 [ 263632]   INFO - STDOUT - Analyzing code 9%
2026-02-16 13:58:39,933 [ 263794]   INFO - STDOUT - Analyzing code 10%
2026-02-16 13:58:40,069 [ 263930]   INFO - STDOUT - Analyzing code 11%
2026-02-16 13:58:40,226 [ 264087]   INFO - STDOUT - Analyzing code 12%
2026-02-16 13:58:40,302 [ 264163]   WARN - #c.i.j.d.a.j.l.t.c.JavaExpressionEvaluator - Unresolved method in call PsiMethodCallExpression:user.getRole() at UserRepository1.java:65:33-47
2026-02-16 13:58:40,317 [ 264178]   WARN - #c.i.j.d.a.j.l.t.c.JavaExpressionEvaluator - Unresolved method in call PsiMethodCallExpression:user.verifyPassword(password) at UserService1.java:55:27-56
2026-02-16 13:58:40,318 [ 264179]   WARN - #c.i.j.d.a.j.l.t.c.JavaExpressionEvaluator - Unresolved method in call PsiMethodCallExpression:user.login() at UserService1.java:58:13-25
2026-02-16 13:58:40,323 [ 264184]   WARN - #c.i.j.d.a.j.l.t.c.JavaExpressionEvaluator - Unresolved method in call PsiMethodCallExpression:user.deactivate() at UserService1.java:71:9-26
2026-02-16 13:58:40,325 [ 264186]   WARN - #c.i.j.d.a.j.l.t.c.JavaExpressionEvaluator - Unresolved method in call PsiMethodCallExpression:user.promoteToAdmin() at UserService1.java:81:9-30
2026-02-16 13:58:40,410 [ 264271]   INFO - STDOUT - Analyzing code 13%
2026-02-16 13:58:40,497 [ 264358]   INFO - STDOUT - Analyzing code 14%
2026-02-16 13:58:40,626 [ 264487]   INFO - STDOUT - Analyzing code 15%
2026-02-16 13:58:40,790 [ 264651]   INFO - STDOUT - Analyzing code 16%
2026-02-16 13:58:41,149 [ 265010]   INFO - STDOUT - Analyzing code 17%
2026-02-16 13:58:41,416 [ 265277]   INFO - STDOUT - Analyzing code 18%
2026-02-16 13:58:41,447 [ 265308]   INFO - STDOUT - Analyzing code 19%
2026-02-16 13:58:41,516 [ 265377]   INFO - STDOUT - Analyzing code 20%
2026-02-16 13:58:41,686 [ 265547]   INFO - STDOUT - Analyzing code 21%
2026-02-16 13:58:41,730 [ 265591]   INFO - STDOUT - Analyzing code 22%
2026-02-16 13:58:41,796 [ 265657]   INFO - STDOUT - Analyzing code 23%
2026-02-16 13:58:42,030 [ 265891]   INFO - STDOUT - Analyzing code 24%
2026-02-16 13:58:42,066 [ 265927]   INFO - STDOUT - Analyzing code 25%
2026-02-16 13:58:42,152 [ 266013]   INFO - STDOUT - Analyzing code 26%
2026-02-16 13:58:42,300 [ 266161]   INFO - STDOUT - Analyzing code 27%
2026-02-16 13:58:42,335 [ 266196]   INFO - STDOUT - Analyzing code 28%
2026-02-16 13:58:42,532 [ 266393]   WARN - #c.i.j.d.a.j.l.t.c.JavaExpressionEvaluator - Unresolved method in call PsiMethodCallExpression:user.verifyPassword(password) at AuthenticationManager1.java:48:14-43
2026-02-16 13:58:42,534 [ 266395]   WARN - #c.i.j.d.a.j.l.t.c.JavaExpressionEvaluator - Unresolved method in call PsiMethodCallExpression:user.login() at AuthenticationManager1.java:61:9-21
2026-02-16 13:58:42,534 [ 266395]   WARN - #c.i.j.d.a.j.l.t.c.JavaExpressionEvaluator - Unresolved method in call PsiMethodCallExpression:user.getRole() at AuthenticationManager1.java:104:16-30
2026-02-16 13:58:42,534 [ 266395]   WARN - #c.i.j.d.a.j.l.t.c.JavaExpressionEvaluator - Unresolved method in call PsiMethodCallExpression:user.getRole().hasPermission(permission) at AuthenticationManager1.java:104:16-56
2026-02-16 13:58:42,632 [ 266493]   INFO - STDOUT - Analyzing code 29%
2026-02-16 13:58:42,744 [ 266605]   INFO - STDOUT - Analyzing code 30%
2026-02-16 13:58:42,819 [ 266680]   INFO - STDOUT - Analyzing code 31%
2026-02-16 13:58:43,174 [ 267035]   INFO - STDOUT - Analyzing code 32%
2026-02-16 13:58:43,371 [ 267232]   INFO - STDOUT - Analyzing code 33%
2026-02-16 13:58:43,567 [ 267428]   INFO - STDOUT - Analyzing code 34%
2026-02-16 13:58:43,636 [ 267497]   INFO - STDOUT - Analyzing code 35%
2026-02-16 13:58:44,210 [ 268071]   INFO - STDOUT - Analyzing code 36%
2026-02-16 13:58:44,337 [ 268198]   INFO - STDOUT - Analyzing code 37%
2026-02-16 13:58:44,465 [ 268326]   INFO - STDOUT - Analyzing code 38%
2026-02-16 13:58:44,795 [ 268656]   INFO - STDOUT - Analyzing code 39%
2026-02-16 13:58:44,822 [ 268683]   INFO - STDOUT - Analyzing code 40%
2026-02-16 13:58:45,585 [ 269446]   INFO - STDOUT - Analyzing code 41%
2026-02-16 13:58:45,721 [ 269582]   INFO - STDOUT - Analyzing code 42%
2026-02-16 13:58:45,744 [ 269605]   INFO - STDOUT - Analyzing code 43%
2026-02-16 13:58:45,857 [ 269718]   INFO - STDOUT - Analyzing code 44%
2026-02-16 13:58:46,001 [ 269862]   INFO - STDOUT - Analyzing code 45%
2026-02-16 13:58:46,492 [ 270353]   INFO - STDOUT - Analyzing code 46%
2026-02-16 13:58:46,668 [ 270529]   INFO - STDOUT - Analyzing code 47%
2026-02-16 13:58:46,812 [ 270673]   INFO - STDOUT - Analyzing code 48%
2026-02-16 13:58:46,864 [ 270725]   INFO - STDOUT - Analyzing code 49%
2026-02-16 13:58:46,963 [ 270824]   INFO - STDOUT - Analyzing code 50%
2026-02-16 13:58:47,039 [ 270900]   INFO - STDOUT - Analyzing code 51%
2026-02-16 13:58:47,174 [ 271035]   INFO - STDOUT - Analyzing code 52%
2026-02-16 13:58:47,284 [ 271145]   INFO - STDOUT - Analyzing code 53%
2026-02-16 13:58:47,346 [ 271207]   INFO - STDOUT - Analyzing code 54%
2026-02-16 13:58:47,368 [ 271229]   INFO - STDOUT - Analyzing code 55%
2026-02-16 13:58:47,417 [ 271278]   INFO - STDOUT - Analyzing code 56%
2026-02-16 13:58:47,499 [ 271360]   INFO - STDOUT - Analyzing code 57%
2026-02-16 13:58:47,565 [ 271426]   INFO - STDOUT - Analyzing code 58%
2026-02-16 13:58:48,483 [ 272344]   INFO - #o.j.q.s.i.r.ConsoleLog - The Project analysis stage completed in 15s
2026-02-16 13:58:48,483 [ 272344]   INFO - STDOUT - The Project analysis stage completed in 15s
2026-02-16 13:58:48,511 [ 272372]   INFO - #c.i.d.c.m.DependencyAnalysisDescriber - Running Dependency Analysis project describer
2026-02-16 13:58:48,519 [ 272380]   INFO - #c.i.d.c.m.DependencyAnalysisDescriber - Writing file: /data/results/projectStructure/qodana.spdx.json
2026-02-16 13:58:48,520 [ 272381]   INFO - #c.i.d.c.m.DependencyAnalysisDescriber - Writing file: /data/results/projectStructure/thirdPartySoftwareList.xml
2026-02-16 13:58:48,520 [ 272381]   INFO - #c.i.d.c.m.DependencyAnalysisDescriber - Writing file: /data/results/projectStructure/thirdPartySoftwareList.json
2026-02-16 13:58:48,520 [ 272381]   INFO - #c.i.d.c.m.DependencyAnalysisDescriber - Writing file: /data/results/projectStructure/thirdPartySoftwareList.html
2026-02-16 13:58:48,520 [ 272381]   INFO - #c.i.d.c.m.DependencyAnalysisDescriber - Writing file: /data/results/projectStructure/thirdPartySoftwareList.md
2026-02-16 13:58:48,521 [ 272382]   INFO - #c.i.d.c.m.DependencyAnalysisDescriber - Writing file: /data/results/projectStructure/thirdPartySoftwareList.csv
2026-02-16 13:58:48,521 [ 272382]   INFO - #c.i.d.c.m.DependencyAnalysisDescriber - Writing file: /data/results/projectStructure/projectMetadata.json
2026-02-16 13:58:48,521 [ 272382]   INFO - #c.i.d.c.m.DependencyAnalysisDescriber - Writing file: /data/results/projectStructure/licenseRules.json
2026-02-16 13:58:48,521 [ 272382]   INFO - #c.i.d.c.m.DependencyAnalysisDescriber - Writing file: /data/results/projectStructure/licenseDict.json
2026-02-16 13:58:48,522 [ 272383]   INFO - #c.i.d.c.m.DependencyAnalysisDescriber - Writing file: /data/results/projectStructure/third-party-libraries.json
2026-02-16 13:58:48,671 [ 272532]   INFO - #o.j.q.s.s.n.RuntimeNotificationCollector$NotificationReportContributor - No tool errors to report to sarif file
2026-02-16 13:58:48,672 [ 272533]   WARN - #o.j.q.s.s.GitReportContributor - Unable to find the remote url, please set the environment variable QODANA_REMOTE_URL
2026-02-16 13:58:48,672 [ 272533]   WARN - #o.j.q.s.s.GitReportContributor - Unable to parse the repository url, please set the environment variable QODANA_REPO_URL, should start with https://
2026-02-16 13:58:48,722 [ 272583]   INFO - STDOUT - 
2026-02-16 13:58:48,723 [ 272584]   INFO - STDOUT - Qodana - Sanity summary
2026-02-16 13:58:48,723 [ 272584]   INFO - STDOUT - Analysis results: 5 problems detected
2026-02-16 13:58:48,725 [ 272586]   INFO - STDOUT - 5 suspicious problems were detected during Sanity Check. Probably there are some troubles with corresponding inspections. You may fix the problems or exclude the files containing them from the analysis
2026-02-16 13:58:48,725 [ 272586]   INFO - STDOUT - --------------------------------------------------------------------------------------------
2026-02-16 13:58:48,725 [ 272586]   INFO - STDOUT - File                                                    Inspection  Severity  Problems count
2026-02-16 13:58:48,725 [ 272586]   INFO - STDOUT - --------------------------------------------------------------------------------------------
2026-02-16 13:58:48,725 [ 272586]   INFO - STDOUT - OneClass1.java                                         Java sanity  Critical               4
2026-02-16 13:58:48,725 [ 272586]   INFO - STDOUT - оооооо1.java                                           Java sanity  Critical               1
2026-02-16 13:58:48,725 [ 272586]   INFO - STDOUT - --------------------------------------------------------------------------------------------
2026-02-16 13:58:48,725 [ 272586]   INFO - STDOUT - 
2026-02-16 13:58:48,726 [ 272587]   INFO - STDOUT - 
2026-02-16 13:58:48,726 [ 272587]   INFO - STDOUT - 
2026-02-16 13:58:48,726 [ 272587]   INFO - STDOUT - Qodana - Detailed summary
2026-02-16 13:58:48,726 [ 272587]   INFO - STDOUT - Analysis results: 245 problems detected
2026-02-16 13:58:48,726 [ 272587]   INFO - STDOUT - By severity: Critical - 31, High - 205, Moderate - 9
2026-02-16 13:58:48,726 [ 272587]   INFO - STDOUT - ----------------------------------------------------------------------------
2026-02-16 13:58:48,726 [ 272587]   INFO - STDOUT - Name                                                Severity  Problems count
2026-02-16 13:58:48,726 [ 272587]   INFO - STDOUT - ----------------------------------------------------------------------------
2026-02-16 13:58:48,726 [ 272587]   INFO - STDOUT - Overly complex class                                Critical              24
2026-02-16 13:58:48,726 [ 272587]   INFO - STDOUT - Overly coupled class                                Critical               5
2026-02-16 13:58:48,727 [ 272588]   INFO - STDOUT - Hardcoded passwords                                 Critical               1
2026-02-16 13:58:48,727 [ 272588]   INFO - STDOUT - Vulnerable declared dependency                      Critical               1
2026-02-16 13:58:48,727 [ 272588]   INFO - STDOUT - Single class import                                     High             141
2026-02-16 13:58:48,727 [ 272588]   INFO - STDOUT - Lombok @Getter may be used                              High              17
2026-02-16 13:58:48,727 [ 272588]   INFO - STDOUT - Unused assignment                                       High              11
2026-02-16 13:58:48,727 [ 272588]   INFO - STDOUT - Vulnerable declared dependency                          High               9
2026-02-16 13:58:48,727 [ 272588]   INFO - STDOUT - Field may be 'final'                                    High               8
2026-02-16 13:58:48,727 [ 272588]   INFO - STDOUT - Lombok @Setter may be used                              High               5
2026-02-16 13:58:48,729 [ 272590]   INFO - STDOUT - Method is identical to its super method                 High               3
2026-02-16 13:58:48,729 [ 272590]   INFO - STDOUT - Constant values                                         High               2
2026-02-16 13:58:48,729 [ 272590]   INFO - STDOUT - String comparison using '==', instead of 'equals()      High               2
2026-02-16 13:58:48,729 [ 272590]   INFO - STDOUT - '                                                                           
2026-02-16 13:58:48,729 [ 272590]   INFO - STDOUT - 'InputStream' and 'OutputStream' can be constructe      High               1
2026-02-16 13:58:48,729 [ 272590]   INFO - STDOUT - d using 'Files' methods                                                     
2026-02-16 13:58:48,729 [ 272590]   INFO - STDOUT - Call to 'printStackTrace()'                             High               1
2026-02-16 13:58:48,729 [ 272590]   INFO - STDOUT - Class naming convention                                 High               1
2026-02-16 13:58:48,729 [ 272590]   INFO - STDOUT - Non-final field in 'enum'                               High               1
2026-02-16 13:58:48,729 [ 272590]   INFO - STDOUT - Redundant 'String' operation                            High               1
2026-02-16 13:58:48,729 [ 272590]   INFO - STDOUT - Redundant call to 'String.format()'                     High               1
2026-02-16 13:58:48,729 [ 272590]   INFO - STDOUT - Redundant local variable                                High               1
2026-02-16 13:58:48,730 [ 272591]   INFO - STDOUT - Vulnerable declared dependency                      Moderate               6
2026-02-16 13:58:48,730 [ 272591]   INFO - STDOUT - Constant values                                     Moderate               2
2026-02-16 13:58:48,730 [ 272591]   INFO - STDOUT - Method can be extracted                             Moderate               1
2026-02-16 13:58:48,730 [ 272591]   INFO - STDOUT - ----------------------------------------------------------------------------
2026-02-16 13:58:48,730 [ 272591]   INFO - STDOUT - 
2026-02-16 13:58:48,731 [ 272592]   INFO - STDOUT - 
2026-02-16 13:58:48,731 [ 272592]   INFO - STDOUT - Qodana - Coverage summary
2026-02-16 13:58:48,731 [ 272592]   INFO - STDOUT - WARNING! No coverage was computed, probably coverage file does not match the sources. Please check your settings
2026-02-16 13:58:48,732 [ 272593]   INFO - STDOUT - 
2026-02-16 13:58:48,822 [ 272683]   INFO - #o.j.q.s.i.r.QodanaInspectionApplication - sessionId: 26021613-0d7b23c7bb14
2026-02-16 13:58:50,849 [ 274710]   INFO - STDOUT - The report is uploaded to https://qodana.cloud/projects/p45aW/reports/ay2ylJ
2026-02-16 13:58:50,970 [ 274831]   INFO - #c.i.u.i.PersistentDirtyFilesQueue - Dirty file ids stored. Size: 0. Index: 0 Path: /data/cache/idea/253/index/dirty-file-queues/15375f63
2026-02-16 13:58:50,975 [ 274836]   INFO - #c.i.p.p.ProjectEntitiesStorage - Project ProjectId(id=45r85qh3agrrbglsusgp) is disposed, removing entity
2026-02-16 13:58:50,977 [ 274838]   INFO - #c.i.j.d.b.r.HostToClientMessagingSession - Shutting down client ClientId(value=Host) communication
2026-02-16 13:58:50,978 [ 274839]   INFO - #c.i.p.d.i.f.FrontendXBreakpointManager - Breakpoint removed for XBreakpointId(uid=1)
2026-02-16 13:58:50,978 [ 274839]   INFO - #c.i.p.d.i.f.FrontendXBreakpointManager - Breakpoint removed for XBreakpointId(uid=2)
2026-02-16 13:58:50,982 [ 274843]   INFO - #c.i.w.i.i.GlobalWorkspaceModel - Project java-basics is removed from the list of initializing and open projects. Project was disposed.
2026-02-16 13:58:51,004 [ 274865]   INFO - #c.i.c.b.CompilerReferenceServiceBase - backward reference index reader is closed (didn't exist)
2026-02-16 13:58:51,088 [ 274949]   INFO - #c.i.e.r.RemoteProcessSupport - Terminating: 127.0.0.1:41504/Maven36ServerImpl7958a45a
2026-02-16 13:58:51,088 [ 274949]   INFO - #c.i.e.r.RemoteProcessSupport - Remote process will terminate: null message = null
2026-02-16 13:58:51,103 [ 274964]   INFO - #c.i.w.i.i.j.s.JpsGlobalModelSynchronizerImpl - Saving global entities com.intellij.platform.workspace.jps.entities.SdkEntity to files
2026-02-16 13:58:51,103 [ 274964]   INFO - #c.i.w.i.i.j.s.JpsGlobalModelSynchronizerImpl - Saving global entities com.intellij.platform.workspace.jps.entities.LibraryEntity to files
2026-02-16 13:58:51,109 [ 274970]   INFO - #c.i.a.o.PathMacrosImpl - Saved path macros: {MAVEN_REPOSITORY=/data/cache/.m2}
2026-02-16 13:58:51,128 [ 274989]   INFO - #c.i.i.s.e.u.EventLogExternalUploader - Statistics. Started external process for uploading event log
2026-02-16 13:58:51,135 [ 274996]   INFO - #c.i.o.f.i.FileTypeDetectionService - 2601 auto-detected files. Detection took 901 ms
2026-02-16 13:58:51,142 [ 275003]   INFO - #o.j.i.BuiltInServer - web server stopped
2026-02-16 13:58:51,144 [ 275005]   INFO - #c.i.u.i.FileBasedIndexImpl - Index dispose started
2026-02-16 13:58:51,154 [ 275015]   INFO - #c.i.u.i.PersistentDirtyFilesQueue - Dirty file ids stored. Size: 10. Index: 10 Path: /data/cache/idea/253/index/dirty-file-ids
2026-02-16 13:58:51,182 [ 275043]   INFO - #c.i.p.s.StubIndexImpl - StubIndexExtension-s were unloaded
2026-02-16 13:58:51,182 [ 275043]   INFO - #c.i.p.s.SerializationManagerImpl - Start shutting down /data/cache/idea/253/index/rep.names
2026-02-16 13:58:51,183 [ 275044]   INFO - #c.i.p.s.SerializationManagerImpl - Finished shutting down /data/cache/idea/253/index/rep.names
2026-02-16 13:58:51,183 [ 275044]   INFO - #c.i.u.i.FileBasedIndexImpl - Index dispose completed in 39ms.
2026-02-16 13:58:51,205 [ 275066]   INFO - #c.i.o.v.n.p.PersistentFSImpl - VFS dispose started
2026-02-16 13:58:51,206 [ 275067]   INFO - #c.i.o.v.n.p.FSRecordsImpl - VFS closing
2026-02-16 13:58:51,207 [ 275068]   INFO - #c.i.o.v.n.p.PersistentFSImpl - VFS dispose completed in 1 ms.
2026-02-16 13:58:51,225 [ 275086]   INFO - #c.i.p.i.b.AppStarter - ------------------------------------------------------ IDE SHUTDOWN ------------------------------------------------------
