# OpenTelemetry Metrics report: .csv, 4 fields: 
# <metric name>, <period start, nanoseconds>, <period end, nanoseconds>, <metric value>
# See CsvMetricsExporter for details.
# 
# NAME, PERIOD_START_NANOS, PERIOD_END_NANOS, VALUE
JVM.usedNativeBytes,1771250056838000000,1771250116855000000,467272608
JVM.totalCpuTimeMs,1771250056838000000,1771250116855000000,88910
MEM.ramPlusSwapMinusFileMappingsBytes,1771250056838000000,1771250116855000000,2641989632
JVM.maxHeapBytes,1771250056838000000,1771250116855000000,28840034304
JVM.committedHeapBytes,1771250056838000000,1771250116855000000,1291845632
JVM.totalBytesAllocated,1771250056838000000,1771250116855000000,8953202392
JVM.newThreadsCount,1771250056838000000,1771250116855000000,396
JVM.totalSafepointCount,1771250056838000000,1771250116855000000,400
JVM.totalDirectByteBuffersBytes,1771250056838000000,1771250116855000000,650475508
JVM.usedHeapBytes,1771250056838000000,1771250116855000000,509403480
JVM.GC.collectionTimesMs,1771250056838000000,1771250116855000000,408
JVM.totalTimeToSafepointsMs,1771250056838000000,1771250116855000000,296
JVM.GC.collections,1771250056838000000,1771250116855000000,51
JVM.maxThreadCount,1771250056838000000,1771250116855000000,231
JVM.totalTimeAtSafepointsMs,1771250056838000000,1771250116855000000,579
JVM.threadCount,1771250056838000000,1771250116855000000,153
OS.loadAverage,1771250056838000000,1771250116855000000,3.20166015625
MEM.fileMappingsRamBytes,1771250056838000000,1771250116855000000,696586240
MEM.ramBytes,1771250056838000000,1771250116855000000,3338575872
MEM.ramMinusFileMappingsBytes,1771250056838000000,1771250116855000000,2641989632
LowMemory.gcLoad,1771250056838000000,1771250116855000000,0.0
parser.ECMAScript.6.size.bytes,1771250056838000000,1771250116855000000,4555814
parser.JSON.size.bytes,1771250056838000000,1771250116855000000,503
parser.Groovy.size.bytes,1771250056838000000,1771250116855000000,12777
lexer.SCSS.size.bytes,1771250056838000000,1771250116855000000,21698
parser.SCSS.time.ns,1771250056838000000,1771250116855000000,58627001
parser.XML.time.ns,1771250056838000000,1771250116855000000,10624959
lexer.JAVA.time.ns,1771250056838000000,1771250116855000000,63313460
lexer.XML.time.ns,1771250056838000000,1771250116855000000,2305250
parser.HTML.time.ns,1771250056838000000,1771250116855000000,121841834
lexer.JSON.time.ns,1771250056838000000,1771250116855000000,2797834
writeAction.count,1771250056838000000,1771250116855000000,75
writeAction.median.wait.ms,1771250056838000000,1771250116855000000,300
writeAction.wait.ms,1771250056838000000,1771250116855000000,347
lexer.JAVA.size.bytes,1771250056838000000,1771250116855000000,442217
parser.SCSS.size.bytes,1771250056838000000,1771250116855000000,21698
parser.JSON.time.ns,1771250056838000000,1771250116855000000,17129416
parser.Groovy.time.ns,1771250056838000000,1771250116855000000,101063626
DiskQueryRelay.taskExecutionTotalTimeUs,1771250056838000000,1771250116855000000,6961722
parser.CSS.time.ns,1771250056838000000,1771250116855000000,314825912
lexer.Groovy.time.ns,1771250056838000000,1771250116855000000,1912708
parser.CSS.size.bytes,1771250056838000000,1771250116855000000,2767198
lexer.Flow.JS.time.ns,1771250056838000000,1771250116855000000,32725460
lexer.Groovy.size.bytes,1771250056838000000,1771250116855000000,12777
lexer.ECMAScript.6.time.ns,1771250056838000000,1771250116855000000,97522082
lexer.Flow.JS.size.bytes,1771250056838000000,1771250116855000000,140172
lexer.SCSS.time.ns,1771250056838000000,1771250116855000000,7887365
writeAction.max.wait.ms,1771250056838000000,1771250116855000000,138
parser.Lombok.Config.time.ns,1771250056838000000,1771250116855000000,517292
parser.Flow.JS.time.ns,1771250056838000000,1771250116855000000,418559540
DiskQueryRelay.taskWaitingTotalTimeUs,1771250056838000000,1771250116855000000,9764363
lexer.Lombok.Config.time.ns,1771250056838000000,1771250116855000000,83125
DiskQueryRelay.tasksExecuted,1771250056838000000,1771250116855000000,54154
lexer.CSS.size.bytes,1771250056838000000,1771250116855000000,2767198
parser.ECMAScript.6.time.ns,1771250056838000000,1771250116855000000,501612752
parser.XML.size.bytes,1771250056838000000,1771250116855000000,39199
parser.JAVA.time.ns,1771250056838000000,1771250116855000000,398847171
parser.JAVA.size.bytes,1771250056838000000,1771250116855000000,665705
lexer.HTML.time.ns,1771250056838000000,1771250116855000000,419433628
LowMemory.gcOverloaded,1771250056838000000,1771250116855000000,0
lexer.JSON.size.bytes,1771250056838000000,1771250116855000000,503
lexer.XML.size.bytes,1771250056838000000,1771250116855000000,39199
lexer.ECMAScript.6.size.bytes,1771250056838000000,1771250116855000000,1234903
lexer.HTML.size.bytes,1771250056838000000,1771250116855000000,649429
parser.Flow.JS.size.bytes,1771250056838000000,1771250116855000000,140172
lexer.CSS.time.ns,1771250056838000000,1771250116855000000,75224729
parser.Lombok.Config.size.bytes,1771250056838000000,1771250116855000000,137
parser.HTML.size.bytes,1771250056838000000,1771250116855000000,649429
lexer.Lombok.Config.size.bytes,1771250056838000000,1771250116855000000,137
DiskQueryRelay.tasksRequested,1771250056838000000,1771250116855000000,54154
compiler.ArtifactModifiableModelBridge.commit.ms,1771250056838000000,1771250116855000000,3
compiler.ArtifactModifiableModelBridge.getArtifactsByType.ms,1771250056838000000,1771250116855000000,0
compiler.ArtifactModifiableModelBridge.getArtifacts.ms,1771250056838000000,1771250116855000000,0
compiler.ArtifactManagerBridge.getArtifacts.ms,1771250056838000000,1771250116855000000,0
compiler.ArtifactVirtualFileListener.propertyChanged.ms,1771250056838000000,1771250116855000000,0
compiler.ArtifactModifiableModelBridge.findArtifacts.ms,1771250056838000000,1771250116855000000,0
compiler.ArtifactManagerBridge.dropMappings.ms,1771250056838000000,1771250116855000000,0
compiler.ArtifactManagerBridge.addArtifact.ms,1771250056838000000,1771250116855000000,0
compiler.ArtifactManagerBridge.commit.ms,1771250056838000000,1771250116855000000,3
compiler.ArtifactManagerBridge.findArtifact.ms,1771250056838000000,1771250116855000000,0
compiler.ArtifactModifiableModelBridge.dispose.ms,1771250056838000000,1771250116855000000,0
compiler.ArtifactManagerBridge.getArtifactsByType.ms,1771250056838000000,1771250116855000000,0
compiler.ArtifactModifiableModelBridge.addArtifact.ms,1771250056838000000,1771250116855000000,0
compiler.ArtifactVirtualFileListener.filePathChanged.ms,1771250056838000000,1771250116855000000,0
compiler.ArtifactManagerBridge.initBridges.ms,1771250056838000000,1771250116855000000,0
workspaceModel.to.snapshot.ms,1771250056838000000,1771250116855000000,3
workspaceModel.updates.ms,1771250056838000000,1771250116855000000,204
workspaceModel.cachedValueWithParameters.from.cache.count,1771250056838000000,1771250116855000000,0
workspaceModel.replace.project.model.ms,1771250056838000000,1771250116855000000,49
workspaceModel.cachedValueWithParameters.calculated.count,1771250056838000000,1771250116855000000,0
workspaceModel.workspaceFileIndexData.updateDirtyEntities.ms,1771250056838000000,1771250116855000000,0
workspaceModel.initializing.ms,1771250056838000000,1771250116855000000,30
workspaceModel.workspaceFileIndexData.getDirectoriesByPackageName.ms,1771250056838000000,1771250116855000000,0
workspaceModel.pre.handlers.ms,1771250056838000000,1771250116855000000,1
workspaceModel.workspaceFileIndexData.init.ms,1771250056838000000,1771250116855000000,3
workspaceModel.init.bridges.ms,1771250056838000000,1771250116855000000,34
workspaceModel.collect.changes.ms,1771250056838000000,1771250116855000000,0
workspaceModel.workspaceFileIndexContributor.registerFileSets.ms,1771250056838000000,1771250116855000000,31
workspaceModel.workspaceFileIndexData.instances.count,1771250056838000000,1771250116855000000,1
workspaceModel.updates.precise.ms,1771250056838000000,1771250116855000000,25
workspaceModel.entityStorageSnapshotImpl.instances.count,1771250056838000000,1771250116855000000,62
workspaceModel.full.replace.project.model.ms,1771250056838000000,1771250116855000000,64
workspaceModel.cachedValueWithParameters.total.get.count,1771250056838000000,1771250116855000000,0
workspaceModel.workspaceFileIndexData.processFileSets.ms,1771250056838000000,1771250116855000000,0
workspaceModel.cachedValue.total.get.count,1771250056838000000,1771250116855000000,4127
workspaceModel.on.before.changed.ms,1771250056838000000,1771250116855000000,73
workspaceModel.check.recursive.update.ms,1771250056838000000,1771250116855000000,2
workspaceModel.workspaceFileIndexData.getFileInfo.ms,1771250056838000000,1771250116855000000,623
workspaceModel.cachedValue.from.cache.count,1771250056838000000,1771250116855000000,3972
workspaceModel.update.unloaded.entities.ms,1771250056838000000,1771250116855000000,0
workspaceModel.workspaceFileIndexData.visitFileSets.ms,1771250056838000000,1771250116855000000,23
workspaceModel.cachedValue.clear.count,1771250056838000000,1771250116855000000,2
workspaceModel.workspaceFileIndexData.markDirty.ms,1771250056838000000,1771250116855000000,0
workspaceModel.updates.count,1771250056838000000,1771250116855000000,17
workspaceModel.cachedValueWithParameters.clear.count,1771250056838000000,1771250116855000000,0
workspaceModel.workspaceFileIndexData.onEntitiesChanged.ms,1771250056838000000,1771250116855000000,35
workspaceModel.cachedValue.calculated.count,1771250056838000000,1771250116855000000,155
workspaceModel.loading.from.cache.ms,1771250056838000000,1771250116855000000,1
workspaceModel.workspaceFileIndexData.getPackageName.ms,1771250056838000000,1771250116855000000,0
workspaceModel.on.changed.ms,1771250056838000000,1771250116855000000,138
workspaceModel.loading.total.ms,1771250056838000000,1771250116855000000,3
cacheStateStorage.get.duration,1771250056838000000,1771250116855000000,0
cacheStateStorage.set.counter,1771250056838000000,1771250116855000000,3
cacheStateStorage.set.duration,1771250056838000000,1771250116855000000,12
cacheStateStorage.get.counter,1771250056838000000,1771250116855000000,18
FileChannelInterruptsRetryer.totalRetriedAttempts,1771250056838000000,1771250116855000000,0
DirectByteBufferAllocator.totalSizeOfBuffersAllocatedInBytes,1771250056838000000,1771250116855000000,630194176
DirectByteBufferAllocator.hits,1771250056838000000,1771250116855000000,518
FilePageCache.pageHits,1771250056838000000,1771250116855000000,0
FilePageCache.pageLoads,1771250056838000000,1771250116855000000,602
StreamlinedBlobStorage.recordsDeleted,1771250056838000000,1771250116855000000,9
StreamlinedBlobStorage.recordsAllocated,1771250056838000000,1771250116855000000,68982
FilePageCache.maxCacheSizeInBytes,1771250056838000000,1771250116855000000,629145600
FilePageCache.maxRegisteredFiles,1771250056838000000,1771250116855000000,1824
MappedFileStorage.totalTimeSpentOnMappingUs,1771250056838000000,1771250116855000000,256147
DirectByteBufferAllocator.misses,1771250056838000000,1771250116855000000,601
DirectByteBufferAllocator.reclaimed,1771250056838000000,1771250116855000000,519
FilePageCache.totalPageDisposalsUs,1771250056838000000,1771250116855000000,621
StorageLockContext.competingThreads.90P,1771250056838000000,1771250116855000000,0
FilePageCache.disposedBuffers,1771250056838000000,1771250116855000000,519
FilePageCache.pageFastCacheHits,1771250056838000000,1771250116855000000,2966479
StreamlinedBlobStorage.totalLiveRecordsPayloadBytes,1771250056838000000,1771250116855000000,2793058
StreamlinedBlobStorage.recordsRelocated,1771250056838000000,1771250116855000000,0
MappedFileStorage.totalBytesMapped,1771250056838000000,1771250116855000000,202637312
MappedFileStorage.totalPagesMapped,1771250056838000000,1771250116855000000,16
DirectByteBufferAllocator.disposed,1771250056838000000,1771250116855000000,0
MappedFileStorage.storages,1771250056838000000,1771250116855000000,16
StorageLockContext.competingThreads.avg,1771250056838000000,1771250116855000000,0.025423728813559324
FilePageCache.pageLoadsAboveSizeThreshold,1771250056838000000,1771250116855000000,517
FilePageCache.capacityInBytes,1771250056838000000,1771250116855000000,629145600
StreamlinedBlobStorage.totalLiveRecordsCapacityBytes,1771250056838000000,1771250116855000000,5692429
StorageLockContext.competingThreads.max,1771250056838000000,1771250116855000000,2
FilePageCache.totalPageLoadsUs,1771250056838000000,1771250116855000000,473856
DirectByteBufferAllocator.totalSizeOfBuffersCachedInBytes,1771250056838000000,1771250116855000000,1048576
FilePageCache.uncachedFileAccess,1771250056838000000,1771250116855000000,2012
VFS.rootsCount,1771250056838000000,1771250116855000000,210.0
VFS.folderCaseSensitivityReads,1771250056838000000,1771250116855000000,337
VFS.contentStorage.recordsReadDecompressed,1771250056838000000,1771250116855000000,11
VFS.cache.segmentsCreated,1771250056838000000,1771250116855000000,168
FileNameCache.queries,1771250056838000000,1771250116855000000,3867904
VFS.contentStorage.recordsStored,1771250056838000000,1771250116855000000,44
VFS.invertedFileNameIndex.requests,1771250056838000000,1771250116855000000,12
VFS.fileChildByName,1771250056838000000,1771250116855000000,17633
VFS.fileByIdCache.misses,1771250056838000000,1771250116855000000,15
FileNameCache.totalMisses,1771250056838000000,1771250116855000000,27392
VFS.contentStorage.recordsRead,1771250056838000000,1771250116855000000,33
VFS.cache.directoriesCreated,1771250056838000000,1771250116855000000,4601
VFS.fileByIdCache.hits,1771250056838000000,1771250116855000000,1
VFS.cache.filesCreated,1771250056838000000,1771250116855000000,132627
VFS.contentStorage.recordsStoredCompressed,1771250056838000000,1771250116855000000,6
VFS.contentStorage.recordsDecompressionTimeUs,1771250056838000000,1771250116855000000,18609
VFS.contentStorage.recordsStoredSize,1771250056838000000,1771250116855000000,225707
VFS.cache.segments,1771250056838000000,1771250116855000000,167.0
VFS.contentStorage.recordsDeduplicated,1771250056838000000,1771250116855000000,8
VFS.contentStorage.recordsUncompressedSize,1771250056838000000,1771250116855000000,458036
VFS.contentStorage.recordsReadSize,1771250056838000000,1771250116855000000,890918
workspaceModel.moduleBridgeLoader.loading.modules.ms,1771250056838000000,1771250116855000000,247
workspaceModel.mutableEntityStorage.remove.entity.ms,1771250056838000000,1771250116855000000,8
jps.project.serializers.load.ms,1771250056838000000,1771250116855000000,64
workspaceModel.mutableEntityStorage.entities.ms,1771250056838000000,1771250116855000000,1
workspaceModel.moduleManagerBridge.build.module.graph.ms,1771250056838000000,1771250116855000000,1
workspaceModel.mutableEntityStorage.put.entity.ms,1771250056838000000,1771250116855000000,30
workspaceModel.do.save.caches.ms,1771250056838000000,1771250116855000000,79
jps.modifiable.module.model.bridge.renaming.ms,1771250056838000000,1771250116855000000,0
workspaceModel.load.cache.from.file.ms,1771250056838000000,1771250116855000000,0
jps.modifiable.module.model.bridge.new.module.ms,1771250056838000000,1771250116855000000,11
jps.artifact.entities.serializer.save.entities.ms,1771250056838000000,1771250116855000000,0
jps.save.global.entities.ms,1771250056838000000,1771250116855000000,0
workspaceModel.moduleBridge.before.changed.ms,1771250056838000000,1771250116855000000,0
jps.module.iml.entities.serializer.load.entities.ms,1771250056838000000,1771250116855000000,45
workspaceModel.load.cache.metadata.from.file.ms,1771250056838000000,1771250116855000000,0
workspaceModel.global.updates.count,1771250056838000000,1771250116855000000,3
workspaceModel.mutableEntityStorage.replace.by.source.ms,1771250056838000000,1771250116855000000,30
workspaceModel.mutableEntityStorage.referrers.ms,1771250056838000000,1771250116855000000,0
workspaceModel.mutableEntityStorage.modify.entity.ms,1771250056838000000,1771250116855000000,58
workspaceModel.global.apply.state.to.project.builder.ms,1771250056838000000,1771250116855000000,5
jps.facet.change.listener.init.bridge.ms,1771250056838000000,1771250116855000000,8
workspaceModel.global.apply.state.to.project.ms,1771250056838000000,1771250116855000000,5
workspaceModel.moduleManagerBridge.get.modules.ms,1771250056838000000,1771250116855000000,1
workspaceModel.mutableEntityStorage.mutable.ext.mapping.ms,1771250056838000000,1771250116855000000,0
workspaceModel.save.cache.to.file.ms,1771250056838000000,1771250116855000000,282
workspaceModel.mutableEntityStorage.mutable.vfurl.index.ms,1771250056838000000,1771250116855000000,0
jps.global.get.library.by.name.ms,1771250056838000000,1771250116855000000,0
workspaceModel.orphan.listener.update.ms,1771250056838000000,1771250116855000000,8
workspaceModel.mutableEntityStorage.to.snapshot.ms,1771250056838000000,1771250116855000000,5
jps.global.handle.changed.events.ms,1771250056838000000,1771250116855000000,0
workspaceModel.moduleManagerBridge.load.module.ms,1771250056838000000,1771250116855000000,0
workspaceModel.moduleManagerBridge.new.nonPersistent.module.ms,1771250056838000000,1771250116855000000,0
workspaceModel.mutableEntityStorage.add.entity.ms,1771250056838000000,1771250116855000000,88
jps.load.project.to.empty.storage.ms,1771250056838000000,1771250116855000000,150
workspaceModel.mutableEntityStorage.has.same.entities.ms,1771250056838000000,1771250116855000000,0
jps.global.get.library.ms,1771250056838000000,1771250116855000000,0
jps.modifiable.module.model.bridge.disposing.ms,1771250056838000000,1771250116855000000,0
workspaceModel.mutableEntityStorage.entities.by.source.ms,1771250056838000000,1771250116855000000,0
jps.artifact.entities.serializer.load.entities.ms,1771250056838000000,1771250116855000000,2
workspaceModel.moduleManagerBridge.create.module.instance.ms,1771250056838000000,1771250116855000000,4
workspaceModel.moduleBridge.update.option.ms,1771250056838000000,1771250116855000000,1
jps.project.serializers.save.ms,1771250056838000000,1771250116855000000,0
jps.global.handle.before.change.events.ms,1771250056838000000,1771250116855000000,0
jps.global.get.libraries.ms,1771250056838000000,1771250116855000000,1
jps.library.entities.serializer.save.entities.ms,1771250056838000000,1771250116855000000,0
jps.facet.change.listener.process.change.events.ms,1771250056838000000,1771250116855000000,1
workspaceModel.mutableEntityStorage.changeLog.addReplaceEventForNewParent.ms,1771250056838000000,1771250116855000000,0
workspaceModel.mutableEntityStorage.instances.count,1771250056838000000,1771250116855000000,86
workspaceModel.moduleManagerBridge.load.all.modules.ms,1771250056838000000,1771250116855000000,3
workspaceModel.delayed.project.synchronizer.sync.ms,1771250056838000000,1771250116855000000,0
workspaceModel.moduleManagerBridge.newModule.ms,1771250056838000000,1771250116855000000,20
jps.facet.change.listener.before.change.events.ms,1771250056838000000,1771250116855000000,0
jps.save.changed.project.entities.ms,1771250056838000000,1771250116855000000,0
jps.apply.loaded.storage.ms,1771250056838000000,1771250116855000000,76
workspaceModel.moduleBridge.facet.initialization.ms,1771250056838000000,1771250116855000000,0
workspaceModel.moduleManagerBridge.set.unloadedModules.ms,1771250056838000000,1771250116855000000,0
jps.storage.jps.conf.reader.load.component.ms,1771250056838000000,1771250116855000000,8
workspaceModel.mutableEntityStorage.resolve.ms,1771250056838000000,1771250116855000000,0
jps.load.initial.state.ms,1771250056838000000,1771250116855000000,19
jps.module.dependency.index.workspace.model.listener.on.changed.ms,1771250056838000000,1771250116855000000,5
workspaceModel.mutableEntityStorage.apply.changes.from.ms,1771250056838000000,1771250116855000000,12
workspaceModel.global.updates.ms,1771250056838000000,1771250116855000000,22
workspaceModel.mutableEntityStorage.changeLog.addReplaceEventForRemovedParent.ms,1771250056838000000,1771250116855000000,0
jps.global.initialize.library.bridges.after.loading.ms,1771250056838000000,1771250116855000000,1
jps.modifiable.module.model.bridge.load.module.ms,1771250056838000000,1771250116855000000,0
jps.library.entities.serializer.load.entities.ms,1771250056838000000,1771250116855000000,2
workspaceModel.mutableEntityStorage.hasReferrers.ms,1771250056838000000,1771250116855000000,0
workspaceModel.mutableEntityStorage.collect.changes.ms,1771250056838000000,1771250116855000000,2
workspaceModel.sync.entities.ms,1771250056838000000,1771250116855000000,2
jps.reload.project.entities.ms,1771250056838000000,1771250116855000000,0
jps.global.initialize.library.bridges.ms,1771250056838000000,1771250116855000000,1
jps.app.storage.content.reader.load.component.ms,1771250056838000000,1771250116855000000,1
workspaceModel.mutableEntityStorage.changeLog.addReplaceEventForRemovedChild.ms,1771250056838000000,1771250116855000000,0
jps.module.iml.entities.serializer.save.entities.ms,1771250056838000000,1771250116855000000,0
workspaceModel.mutableEntityStorage.changeLog.addReplaceEventForNewChild.ms,1771250056838000000,1771250116855000000,4
NonBlockingReadAction.finalizedExecutionsCount,1771250056838000000,1771250116855000000,114
FlushQueue.waitingTime90PNs,1771250056838000000,1771250116855000000,1105919
FlushQueue.waitingTimeAvgNs,1771250056838000000,1771250116855000000,6849117.609934258
FlushQueue.executionTimeMaxNs,1771250056838000000,1771250116855000000,27648851967
FlushQueue.queueSizeAvg,1771250056838000000,1771250116855000000,0.47236425614803995
FlushQueue.executionTimeAvgNs,1771250056838000000,1771250116855000000,7399711.230581934
NonBlockingReadAction.finalizedExecutionTimeUs,1771250056838000000,1771250116855000000,170157
FlushQueue.tasksExecuted,1771250056838000000,1771250116855000000,4107
FlushQueue.waitingTimeMaxNs,1771250056838000000,1771250116855000000,396361727
AWTEventQueue.dispatchTimeTotalNS,1771250056838000000,1771250116855000000,2804422601
AWTEventQueue.eventsDispatched,1771250056838000000,1771250116855000000,7543
FlushQueue.queueSizeMax,1771250056838000000,1771250116855000000,20
AWTEventQueue.dispatchTime90PNs,1771250056838000000,1771250116855000000,185343
WriteAction.executionsCount,1771250056838000000,1771250116855000000,75
AWTEventQueue.dispatchTimeAvgNs,1771250056838000000,1771250116855000000,371556.3271907729
FlushQueue.executionTime90PNs,1771250056838000000,1771250116855000000,168959
AWTEventQueue.dispatchTimeMaxNs,1771250056838000000,1771250116855000000,394264575
NonBlockingReadAction.failedExecutionsCount,1771250056838000000,1771250116855000000,5
FlushQueue.queueSize90P,1771250056838000000,1771250116855000000,1
NonBlockingReadAction.failedExecutionTimeUs,1771250056838000000,1771250116855000000,268279
ReadAction.executionsCount,1771250056838000000,1771250116855000000,351941
Indexing.writesQueuedMin,1771250056838000000,1771250116855000000,0
Indexes.stubs.lookupDuration90PMs,1771250056838000000,1771250116855000000,0.0
Indexing.totalTimeIndexersSleptMs,1771250056838000000,1771250116855000000,9811
Indexes.stubs.lookups,1771250056838000000,1771250116855000000,2569
Indexing.writer_2.totalTimeSpentWritingMs,1771250056838000000,1771250116855000000,2812
Indexing.cache.totalCacheMisses,1771250056838000000,1771250116855000000,781713
Indexing.cache.totalCacheAccesses,1771250056838000000,1771250116855000000,1462554
Indexing.writer_3.totalTimeSpentWritingMs,1771250056838000000,1771250116855000000,4421
Indexes.entries.lookupDurationMaxMs,1771250056838000000,1771250116855000000,15.0
Indexes.allKeys.lookupDurationAvgMs,1771250056838000000,1771250116855000000,4.0
Indexing.writesQueuedMax,1771250056838000000,1771250116855000000,1351
Indexing.writer_1.totalTimeSpentWritingMs,1771250056838000000,1771250116855000000,494
Indexes.allKeys.lookupDuration90PMs,1771250056838000000,1771250116855000000,8.0
Indexing.writesQueuedAvg,1771250056838000000,1771250116855000000,53.87155963302752
Indexing.writer_0.totalTimeSpentWritingMs,1771250056838000000,1771250116855000000,592
Indexes.allKeys.lookupDurationMaxMs,1771250056838000000,1771250116855000000,8.0
Indexes.stubs.lookupDurationAvgMs,1771250056838000000,1771250116855000000,0.020630595562475672
Indexes.entries.lookups,1771250056838000000,1771250116855000000,20
Indexes.entries.lookupDuration90PMs,1771250056838000000,1771250116855000000,1.0
Indexes.allKeys.lookups,1771250056838000000,1771250116855000000,2
Indexes.stubs.lookupDurationMaxMs,1771250056838000000,1771250116855000000,15.0
Indexing.cache.totalCacheEvicted,1771250056838000000,1771250116855000000,780579
Indexes.entries.lookupDurationAvgMs,1771250056838000000,1771250116855000000,0.9
JVM.usedNativeBytes,1771250116855000000,1771250176858000000,473200880
JVM.totalCpuTimeMs,1771250116855000000,1771250176858000000,2870
MEM.ramPlusSwapMinusFileMappingsBytes,1771250116855000000,1771250176858000000,2641539072
JVM.maxHeapBytes,1771250116855000000,1771250176858000000,28840034304
JVM.committedHeapBytes,1771250116855000000,1771250176858000000,1291845632
JVM.totalBytesAllocated,1771250116855000000,1771250176858000000,62453992
JVM.newThreadsCount,1771250116855000000,1771250176858000000,27
JVM.totalSafepointCount,1771250116855000000,1771250176858000000,36
JVM.totalDirectByteBuffersBytes,1771250116855000000,1771250176858000000,639607068
JVM.usedHeapBytes,1771250116855000000,1771250176858000000,593289560
JVM.GC.collectionTimesMs,1771250116855000000,1771250176858000000,0
JVM.totalTimeToSafepointsMs,1771250116855000000,1771250176858000000,2
JVM.GC.collections,1771250116855000000,1771250176858000000,0
JVM.maxThreadCount,1771250116855000000,1771250176858000000,231
JVM.totalTimeAtSafepointsMs,1771250116855000000,1771250176858000000,3
JVM.threadCount,1771250116855000000,1771250176858000000,94
OS.loadAverage,1771250116855000000,1771250176858000000,2.1494140625
MEM.fileMappingsRamBytes,1771250116855000000,1771250176858000000,697200640
MEM.ramBytes,1771250116855000000,1771250176858000000,3338739712
MEM.ramMinusFileMappingsBytes,1771250116855000000,1771250176858000000,2641539072
LowMemory.gcLoad,1771250116855000000,1771250176858000000,0.0
writeAction.count,1771250116855000000,1771250176858000000,0
writeAction.median.wait.ms,1771250116855000000,1771250176858000000,300
writeAction.wait.ms,1771250116855000000,1771250176858000000,0
DiskQueryRelay.taskExecutionTotalTimeUs,1771250116855000000,1771250176858000000,0
writeAction.max.wait.ms,1771250116855000000,1771250176858000000,138
DiskQueryRelay.taskWaitingTotalTimeUs,1771250116855000000,1771250176858000000,0
DiskQueryRelay.tasksExecuted,1771250116855000000,1771250176858000000,0
LowMemory.gcOverloaded,1771250116855000000,1771250176858000000,0
DiskQueryRelay.tasksRequested,1771250116855000000,1771250176858000000,0
compiler.ArtifactModifiableModelBridge.commit.ms,1771250116855000000,1771250176858000000,3
compiler.ArtifactModifiableModelBridge.getArtifactsByType.ms,1771250116855000000,1771250176858000000,0
compiler.ArtifactModifiableModelBridge.getArtifacts.ms,1771250116855000000,1771250176858000000,0
compiler.ArtifactManagerBridge.getArtifacts.ms,1771250116855000000,1771250176858000000,0
compiler.ArtifactVirtualFileListener.propertyChanged.ms,1771250116855000000,1771250176858000000,0
compiler.ArtifactModifiableModelBridge.findArtifacts.ms,1771250116855000000,1771250176858000000,0
compiler.ArtifactManagerBridge.dropMappings.ms,1771250116855000000,1771250176858000000,0
compiler.ArtifactManagerBridge.addArtifact.ms,1771250116855000000,1771250176858000000,0
compiler.ArtifactManagerBridge.commit.ms,1771250116855000000,1771250176858000000,0
compiler.ArtifactManagerBridge.findArtifact.ms,1771250116855000000,1771250176858000000,0
compiler.ArtifactModifiableModelBridge.dispose.ms,1771250116855000000,1771250176858000000,0
compiler.ArtifactManagerBridge.getArtifactsByType.ms,1771250116855000000,1771250176858000000,0
compiler.ArtifactModifiableModelBridge.addArtifact.ms,1771250116855000000,1771250176858000000,0
compiler.ArtifactVirtualFileListener.filePathChanged.ms,1771250116855000000,1771250176858000000,0
compiler.ArtifactManagerBridge.initBridges.ms,1771250116855000000,1771250176858000000,0
workspaceModel.to.snapshot.ms,1771250116855000000,1771250176858000000,0
workspaceModel.updates.ms,1771250116855000000,1771250176858000000,0
workspaceModel.cachedValueWithParameters.from.cache.count,1771250116855000000,1771250176858000000,0
workspaceModel.replace.project.model.ms,1771250116855000000,1771250176858000000,0
workspaceModel.cachedValueWithParameters.calculated.count,1771250116855000000,1771250176858000000,0
workspaceModel.workspaceFileIndexData.updateDirtyEntities.ms,1771250116855000000,1771250176858000000,0
workspaceModel.initializing.ms,1771250116855000000,1771250176858000000,0
workspaceModel.workspaceFileIndexData.getDirectoriesByPackageName.ms,1771250116855000000,1771250176858000000,0
workspaceModel.pre.handlers.ms,1771250116855000000,1771250176858000000,0
workspaceModel.workspaceFileIndexData.init.ms,1771250116855000000,1771250176858000000,0
workspaceModel.init.bridges.ms,1771250116855000000,1771250176858000000,0
workspaceModel.collect.changes.ms,1771250116855000000,1771250176858000000,0
workspaceModel.workspaceFileIndexContributor.registerFileSets.ms,1771250116855000000,1771250176858000000,0
workspaceModel.workspaceFileIndexData.instances.count,1771250116855000000,1771250176858000000,0
workspaceModel.updates.precise.ms,1771250116855000000,1771250176858000000,0
workspaceModel.entityStorageSnapshotImpl.instances.count,1771250116855000000,1771250176858000000,0
workspaceModel.full.replace.project.model.ms,1771250116855000000,1771250176858000000,0
workspaceModel.cachedValueWithParameters.total.get.count,1771250116855000000,1771250176858000000,0
workspaceModel.workspaceFileIndexData.processFileSets.ms,1771250116855000000,1771250176858000000,0
workspaceModel.cachedValue.total.get.count,1771250116855000000,1771250176858000000,0
workspaceModel.on.before.changed.ms,1771250116855000000,1771250176858000000,0
workspaceModel.check.recursive.update.ms,1771250116855000000,1771250176858000000,0
workspaceModel.workspaceFileIndexData.getFileInfo.ms,1771250116855000000,1771250176858000000,0
workspaceModel.cachedValue.from.cache.count,1771250116855000000,1771250176858000000,0
workspaceModel.update.unloaded.entities.ms,1771250116855000000,1771250176858000000,0
workspaceModel.workspaceFileIndexData.visitFileSets.ms,1771250116855000000,1771250176858000000,0
workspaceModel.cachedValue.clear.count,1771250116855000000,1771250176858000000,0
workspaceModel.workspaceFileIndexData.markDirty.ms,1771250116855000000,1771250176858000000,0
workspaceModel.updates.count,1771250116855000000,1771250176858000000,0
workspaceModel.cachedValueWithParameters.clear.count,1771250116855000000,1771250176858000000,0
workspaceModel.workspaceFileIndexData.onEntitiesChanged.ms,1771250116855000000,1771250176858000000,0
workspaceModel.cachedValue.calculated.count,1771250116855000000,1771250176858000000,0
workspaceModel.loading.from.cache.ms,1771250116855000000,1771250176858000000,0
workspaceModel.workspaceFileIndexData.getPackageName.ms,1771250116855000000,1771250176858000000,0
workspaceModel.on.changed.ms,1771250116855000000,1771250176858000000,0
workspaceModel.loading.total.ms,1771250116855000000,1771250176858000000,0
cacheStateStorage.get.duration,1771250116855000000,1771250176858000000,0
cacheStateStorage.set.counter,1771250116855000000,1771250176858000000,1
cacheStateStorage.set.duration,1771250116855000000,1771250176858000000,0
cacheStateStorage.get.counter,1771250116855000000,1771250176858000000,1
FileChannelInterruptsRetryer.totalRetriedAttempts,1771250116855000000,1771250176858000000,0
DirectByteBufferAllocator.totalSizeOfBuffersAllocatedInBytes,1771250116855000000,1771250176858000000,630194176
DirectByteBufferAllocator.hits,1771250116855000000,1771250176858000000,0
FilePageCache.pageHits,1771250116855000000,1771250176858000000,0
FilePageCache.pageLoads,1771250116855000000,1771250176858000000,0
StreamlinedBlobStorage.recordsDeleted,1771250116855000000,1771250176858000000,0
StreamlinedBlobStorage.recordsAllocated,1771250116855000000,1771250176858000000,0
FilePageCache.maxCacheSizeInBytes,1771250116855000000,1771250176858000000,629145600
FilePageCache.maxRegisteredFiles,1771250116855000000,1771250176858000000,1824
MappedFileStorage.totalTimeSpentOnMappingUs,1771250116855000000,1771250176858000000,256147
DirectByteBufferAllocator.misses,1771250116855000000,1771250176858000000,0
DirectByteBufferAllocator.reclaimed,1771250116855000000,1771250176858000000,0
FilePageCache.totalPageDisposalsUs,1771250116855000000,1771250176858000000,0
StorageLockContext.competingThreads.90P,1771250116855000000,1771250176858000000,0
FilePageCache.disposedBuffers,1771250116855000000,1771250176858000000,0
FilePageCache.pageFastCacheHits,1771250116855000000,1771250176858000000,0
StreamlinedBlobStorage.totalLiveRecordsPayloadBytes,1771250116855000000,1771250176858000000,0
StreamlinedBlobStorage.recordsRelocated,1771250116855000000,1771250176858000000,0
MappedFileStorage.totalBytesMapped,1771250116855000000,1771250176858000000,202637312
MappedFileStorage.totalPagesMapped,1771250116855000000,1771250176858000000,16
DirectByteBufferAllocator.disposed,1771250116855000000,1771250176858000000,0
MappedFileStorage.storages,1771250116855000000,1771250176858000000,16
StorageLockContext.competingThreads.avg,1771250116855000000,1771250176858000000,0.0
FilePageCache.pageLoadsAboveSizeThreshold,1771250116855000000,1771250176858000000,0
FilePageCache.capacityInBytes,1771250116855000000,1771250176858000000,629145600
StreamlinedBlobStorage.totalLiveRecordsCapacityBytes,1771250116855000000,1771250176858000000,0
StorageLockContext.competingThreads.max,1771250116855000000,1771250176858000000,0
FilePageCache.totalPageLoadsUs,1771250116855000000,1771250176858000000,0
DirectByteBufferAllocator.totalSizeOfBuffersCachedInBytes,1771250116855000000,1771250176858000000,1048576
FilePageCache.uncachedFileAccess,1771250116855000000,1771250176858000000,0
VFS.rootsCount,1771250116855000000,1771250176858000000,210.0
VFS.folderCaseSensitivityReads,1771250116855000000,1771250176858000000,0
VFS.contentStorage.recordsReadDecompressed,1771250116855000000,1771250176858000000,0
VFS.cache.segmentsCreated,1771250116855000000,1771250176858000000,0
FileNameCache.queries,1771250116855000000,1771250176858000000,0
VFS.contentStorage.recordsStored,1771250116855000000,1771250176858000000,0
VFS.invertedFileNameIndex.requests,1771250116855000000,1771250176858000000,0
VFS.fileChildByName,1771250116855000000,1771250176858000000,0
VFS.fileByIdCache.misses,1771250116855000000,1771250176858000000,0
FileNameCache.totalMisses,1771250116855000000,1771250176858000000,0
VFS.contentStorage.recordsRead,1771250116855000000,1771250176858000000,0
VFS.cache.directoriesCreated,1771250116855000000,1771250176858000000,0
VFS.fileByIdCache.hits,1771250116855000000,1771250176858000000,0
VFS.cache.filesCreated,1771250116855000000,1771250176858000000,0
VFS.contentStorage.recordsStoredCompressed,1771250116855000000,1771250176858000000,0
VFS.contentStorage.recordsDecompressionTimeUs,1771250116855000000,1771250176858000000,0
VFS.contentStorage.recordsStoredSize,1771250116855000000,1771250176858000000,0
VFS.cache.segments,1771250116855000000,1771250176858000000,167.0
VFS.contentStorage.recordsDeduplicated,1771250116855000000,1771250176858000000,0
VFS.contentStorage.recordsUncompressedSize,1771250116855000000,1771250176858000000,0
VFS.contentStorage.recordsReadSize,1771250116855000000,1771250176858000000,0
workspaceModel.moduleBridgeLoader.loading.modules.ms,1771250116855000000,1771250176858000000,0
workspaceModel.mutableEntityStorage.remove.entity.ms,1771250116855000000,1771250176858000000,0
jps.project.serializers.load.ms,1771250116855000000,1771250176858000000,0
workspaceModel.mutableEntityStorage.entities.ms,1771250116855000000,1771250176858000000,0
workspaceModel.moduleManagerBridge.build.module.graph.ms,1771250116855000000,1771250176858000000,0
workspaceModel.mutableEntityStorage.put.entity.ms,1771250116855000000,1771250176858000000,0
workspaceModel.do.save.caches.ms,1771250116855000000,1771250176858000000,0
jps.modifiable.module.model.bridge.renaming.ms,1771250116855000000,1771250176858000000,0
workspaceModel.load.cache.from.file.ms,1771250116855000000,1771250176858000000,0
jps.modifiable.module.model.bridge.new.module.ms,1771250116855000000,1771250176858000000,0
jps.artifact.entities.serializer.save.entities.ms,1771250116855000000,1771250176858000000,0
jps.save.global.entities.ms,1771250116855000000,1771250176858000000,0
workspaceModel.moduleBridge.before.changed.ms,1771250116855000000,1771250176858000000,0
jps.module.iml.entities.serializer.load.entities.ms,1771250116855000000,1771250176858000000,0
workspaceModel.load.cache.metadata.from.file.ms,1771250116855000000,1771250176858000000,0
workspaceModel.global.updates.count,1771250116855000000,1771250176858000000,0
workspaceModel.mutableEntityStorage.replace.by.source.ms,1771250116855000000,1771250176858000000,0
workspaceModel.mutableEntityStorage.referrers.ms,1771250116855000000,1771250176858000000,0
workspaceModel.mutableEntityStorage.modify.entity.ms,1771250116855000000,1771250176858000000,0
workspaceModel.global.apply.state.to.project.builder.ms,1771250116855000000,1771250176858000000,0
jps.facet.change.listener.init.bridge.ms,1771250116855000000,1771250176858000000,0
workspaceModel.global.apply.state.to.project.ms,1771250116855000000,1771250176858000000,0
workspaceModel.moduleManagerBridge.get.modules.ms,1771250116855000000,1771250176858000000,0
workspaceModel.mutableEntityStorage.mutable.ext.mapping.ms,1771250116855000000,1771250176858000000,0
workspaceModel.save.cache.to.file.ms,1771250116855000000,1771250176858000000,0
workspaceModel.mutableEntityStorage.mutable.vfurl.index.ms,1771250116855000000,1771250176858000000,0
jps.global.get.library.by.name.ms,1771250116855000000,1771250176858000000,0
workspaceModel.orphan.listener.update.ms,1771250116855000000,1771250176858000000,0
workspaceModel.mutableEntityStorage.to.snapshot.ms,1771250116855000000,1771250176858000000,0
jps.global.handle.changed.events.ms,1771250116855000000,1771250176858000000,0
workspaceModel.moduleManagerBridge.load.module.ms,1771250116855000000,1771250176858000000,0
workspaceModel.moduleManagerBridge.new.nonPersistent.module.ms,1771250116855000000,1771250176858000000,0
workspaceModel.mutableEntityStorage.add.entity.ms,1771250116855000000,1771250176858000000,0
jps.load.project.to.empty.storage.ms,1771250116855000000,1771250176858000000,0
workspaceModel.mutableEntityStorage.has.same.entities.ms,1771250116855000000,1771250176858000000,0
jps.global.get.library.ms,1771250116855000000,1771250176858000000,0
jps.modifiable.module.model.bridge.disposing.ms,1771250116855000000,1771250176858000000,0
workspaceModel.mutableEntityStorage.entities.by.source.ms,1771250116855000000,1771250176858000000,0
jps.artifact.entities.serializer.load.entities.ms,1771250116855000000,1771250176858000000,0
workspaceModel.moduleManagerBridge.create.module.instance.ms,1771250116855000000,1771250176858000000,0
workspaceModel.moduleBridge.update.option.ms,1771250116855000000,1771250176858000000,0
jps.project.serializers.save.ms,1771250116855000000,1771250176858000000,0
jps.global.handle.before.change.events.ms,1771250116855000000,1771250176858000000,0
jps.global.get.libraries.ms,1771250116855000000,1771250176858000000,0
jps.library.entities.serializer.save.entities.ms,1771250116855000000,1771250176858000000,0
jps.facet.change.listener.process.change.events.ms,1771250116855000000,1771250176858000000,0
workspaceModel.mutableEntityStorage.changeLog.addReplaceEventForNewParent.ms,1771250116855000000,1771250176858000000,0
workspaceModel.mutableEntityStorage.instances.count,1771250116855000000,1771250176858000000,0
workspaceModel.moduleManagerBridge.load.all.modules.ms,1771250116855000000,1771250176858000000,0
workspaceModel.delayed.project.synchronizer.sync.ms,1771250116855000000,1771250176858000000,0
workspaceModel.moduleManagerBridge.newModule.ms,1771250116855000000,1771250176858000000,0
jps.facet.change.listener.before.change.events.ms,1771250116855000000,1771250176858000000,0
jps.save.changed.project.entities.ms,1771250116855000000,1771250176858000000,0
jps.apply.loaded.storage.ms,1771250116855000000,1771250176858000000,0
workspaceModel.moduleBridge.facet.initialization.ms,1771250116855000000,1771250176858000000,0
workspaceModel.moduleManagerBridge.set.unloadedModules.ms,1771250116855000000,1771250176858000000,0
jps.storage.jps.conf.reader.load.component.ms,1771250116855000000,1771250176858000000,0
workspaceModel.mutableEntityStorage.resolve.ms,1771250116855000000,1771250176858000000,0
jps.load.initial.state.ms,1771250116855000000,1771250176858000000,0
jps.module.dependency.index.workspace.model.listener.on.changed.ms,1771250116855000000,1771250176858000000,0
workspaceModel.mutableEntityStorage.apply.changes.from.ms,1771250116855000000,1771250176858000000,0
workspaceModel.global.updates.ms,1771250116855000000,1771250176858000000,0
workspaceModel.mutableEntityStorage.changeLog.addReplaceEventForRemovedParent.ms,1771250116855000000,1771250176858000000,0
jps.global.initialize.library.bridges.after.loading.ms,1771250116855000000,1771250176858000000,0
jps.modifiable.module.model.bridge.load.module.ms,1771250116855000000,1771250176858000000,0
jps.library.entities.serializer.load.entities.ms,1771250116855000000,1771250176858000000,0
workspaceModel.mutableEntityStorage.hasReferrers.ms,1771250116855000000,1771250176858000000,0
workspaceModel.mutableEntityStorage.collect.changes.ms,1771250116855000000,1771250176858000000,0
workspaceModel.sync.entities.ms,1771250116855000000,1771250176858000000,0
jps.reload.project.entities.ms,1771250116855000000,1771250176858000000,0
jps.global.initialize.library.bridges.ms,1771250116855000000,1771250176858000000,0
jps.app.storage.content.reader.load.component.ms,1771250116855000000,1771250176858000000,0
workspaceModel.mutableEntityStorage.changeLog.addReplaceEventForRemovedChild.ms,1771250116855000000,1771250176858000000,0
jps.module.iml.entities.serializer.save.entities.ms,1771250116855000000,1771250176858000000,0
workspaceModel.mutableEntityStorage.changeLog.addReplaceEventForNewChild.ms,1771250116855000000,1771250176858000000,0
NonBlockingReadAction.finalizedExecutionsCount,1771250116855000000,1771250176858000000,0
FlushQueue.waitingTime90PNs,1771250116855000000,1771250176858000000,389119
FlushQueue.waitingTimeAvgNs,1771250116855000000,1771250176858000000,265050.60536398465
FlushQueue.executionTimeMaxNs,1771250116855000000,1771250176858000000,3620863
FlushQueue.queueSizeAvg,1771250116855000000,1771250176858000000,0.5306513409961686
FlushQueue.executionTimeAvgNs,1771250116855000000,1771250176858000000,154437.40996168583
NonBlockingReadAction.finalizedExecutionTimeUs,1771250116855000000,1771250176858000000,0
FlushQueue.tasksExecuted,1771250116855000000,1771250176858000000,522
FlushQueue.waitingTimeMaxNs,1771250116855000000,1771250176858000000,3358719
AWTEventQueue.dispatchTimeTotalNS,1771250116855000000,1771250176858000000,132820965
AWTEventQueue.eventsDispatched,1771250116855000000,1771250176858000000,620
FlushQueue.queueSizeMax,1771250116855000000,1771250176858000000,2
AWTEventQueue.dispatchTime90PNs,1771250116855000000,1771250176858000000,458751
WriteAction.executionsCount,1771250116855000000,1771250176858000000,0
AWTEventQueue.dispatchTimeAvgNs,1771250116855000000,1771250176858000000,214218.63225806452
FlushQueue.executionTime90PNs,1771250116855000000,1771250176858000000,313343
AWTEventQueue.dispatchTimeMaxNs,1771250116855000000,1771250176858000000,3751935
NonBlockingReadAction.failedExecutionsCount,1771250116855000000,1771250176858000000,0
FlushQueue.queueSize90P,1771250116855000000,1771250176858000000,2
NonBlockingReadAction.failedExecutionTimeUs,1771250116855000000,1771250176858000000,0
ReadAction.executionsCount,1771250116855000000,1771250176858000000,3
Indexing.writesQueuedMin,1771250116855000000,1771250176858000000,0
Indexes.stubs.lookupDuration90PMs,1771250116855000000,1771250176858000000,0.0
Indexing.totalTimeIndexersSleptMs,1771250116855000000,1771250176858000000,0
Indexes.stubs.lookups,1771250116855000000,1771250176858000000,0
Indexing.writer_2.totalTimeSpentWritingMs,1771250116855000000,1771250176858000000,0
Indexing.cache.totalCacheMisses,1771250116855000000,1771250176858000000,0
Indexing.cache.totalCacheAccesses,1771250116855000000,1771250176858000000,0
Indexing.writer_3.totalTimeSpentWritingMs,1771250116855000000,1771250176858000000,0
Indexes.entries.lookupDurationMaxMs,1771250116855000000,1771250176858000000,0.0
Indexes.allKeys.lookupDurationAvgMs,1771250116855000000,1771250176858000000,0.0
Indexing.writesQueuedMax,1771250116855000000,1771250176858000000,0
Indexing.writer_1.totalTimeSpentWritingMs,1771250116855000000,1771250176858000000,0
Indexes.allKeys.lookupDuration90PMs,1771250116855000000,1771250176858000000,0.0
Indexing.writesQueuedAvg,1771250116855000000,1771250176858000000,0.0
Indexing.writer_0.totalTimeSpentWritingMs,1771250116855000000,1771250176858000000,0
Indexes.allKeys.lookupDurationMaxMs,1771250116855000000,1771250176858000000,0.0
Indexes.stubs.lookupDurationAvgMs,1771250116855000000,1771250176858000000,0.0
Indexes.entries.lookups,1771250116855000000,1771250176858000000,0
Indexes.entries.lookupDuration90PMs,1771250116855000000,1771250176858000000,0.0
Indexes.allKeys.lookups,1771250116855000000,1771250176858000000,0
Indexes.stubs.lookupDurationMaxMs,1771250116855000000,1771250176858000000,0.0
Indexing.cache.totalCacheEvicted,1771250116855000000,1771250176858000000,0
Indexes.entries.lookupDurationAvgMs,1771250116855000000,1771250176858000000,0.0
JVM.usedNativeBytes,1771250176858000000,1771250236884000000,485001632
JVM.totalCpuTimeMs,1771250176858000000,1771250236884000000,24830
MEM.ramPlusSwapMinusFileMappingsBytes,1771250176858000000,1771250236884000000,2830278656
JVM.maxHeapBytes,1771250176858000000,1771250236884000000,28840034304
JVM.committedHeapBytes,1771250176858000000,1771250236884000000,1459617792
JVM.totalBytesAllocated,1771250176858000000,1771250236884000000,4077005392
JVM.newThreadsCount,1771250176858000000,1771250236884000000,44
JVM.totalSafepointCount,1771250176858000000,1771250236884000000,75
JVM.totalDirectByteBuffersBytes,1771250176858000000,1771250236884000000,637439336
JVM.usedHeapBytes,1771250176858000000,1771250236884000000,635390416
JVM.GC.collectionTimesMs,1771250176858000000,1771250236884000000,123
JVM.totalTimeToSafepointsMs,1771250176858000000,1771250236884000000,28
JVM.GC.collections,1771250176858000000,1771250236884000000,8
JVM.maxThreadCount,1771250176858000000,1771250236884000000,231
JVM.totalTimeAtSafepointsMs,1771250176858000000,1771250236884000000,155
JVM.threadCount,1771250176858000000,1771250236884000000,83
OS.loadAverage,1771250176858000000,1771250236884000000,2.03515625
MEM.fileMappingsRamBytes,1771250176858000000,1771250236884000000,702398464
MEM.ramBytes,1771250176858000000,1771250236884000000,3532677120
MEM.ramMinusFileMappingsBytes,1771250176858000000,1771250236884000000,2830278656
LowMemory.gcLoad,1771250176858000000,1771250236884000000,0.0
parser.ECMAScript.6.size.bytes,1771250176858000000,1771250236884000000,410371
parser.XML.time.ns,1771250176858000000,1771250236884000000,32290703
lexer.JAVA.time.ns,1771250176858000000,1771250236884000000,3831164
lexer.XML.time.ns,1771250176858000000,1771250236884000000,9296793
parser.HTML.time.ns,1771250176858000000,1771250236884000000,48882539
writeAction.count,1771250176858000000,1771250236884000000,34
parser.FTL..time.ns,1771250176858000000,1771250236884000000,1397958
lexer.FTL..time.ns,1771250176858000000,1771250236884000000,481250
writeAction.median.wait.ms,1771250176858000000,1771250236884000000,300
writeAction.wait.ms,1771250176858000000,1771250236884000000,33
lexer.JAVA.size.bytes,1771250176858000000,1771250236884000000,151302
parser.FTL..size.bytes,1771250176858000000,1771250236884000000,1440
DiskQueryRelay.taskExecutionTotalTimeUs,1771250176858000000,1771250236884000000,3549578
parser.CSS.time.ns,1771250176858000000,1771250236884000000,10063992
lexer.FTL..size.bytes,1771250176858000000,1771250236884000000,1440
parser.CSS.size.bytes,1771250176858000000,1771250236884000000,37413
lexer.ECMAScript.6.time.ns,1771250176858000000,1771250236884000000,2376501
writeAction.max.wait.ms,1771250176858000000,1771250236884000000,138
DiskQueryRelay.taskWaitingTotalTimeUs,1771250176858000000,1771250236884000000,6633278
DiskQueryRelay.tasksExecuted,1771250176858000000,1771250236884000000,48829
lexer.CSS.size.bytes,1771250176858000000,1771250236884000000,37413
parser.ECMAScript.6.time.ns,1771250176858000000,1771250236884000000,35452445
parser.XML.size.bytes,1771250176858000000,1771250236884000000,429637
parser.JAVA.time.ns,1771250176858000000,1771250236884000000,98636577
parser.JAVA.size.bytes,1771250176858000000,1771250236884000000,231057
lexer.HTML.time.ns,1771250176858000000,1771250236884000000,411231415
LowMemory.gcOverloaded,1771250176858000000,1771250236884000000,0
lexer.XML.size.bytes,1771250176858000000,1771250236884000000,429637
lexer.ECMAScript.6.size.bytes,1771250176858000000,1771250236884000000,99667
lexer.HTML.size.bytes,1771250176858000000,1771250236884000000,324432
lexer.CSS.time.ns,1771250176858000000,1771250236884000000,1554207
parser.HTML.size.bytes,1771250176858000000,1771250236884000000,324432
DiskQueryRelay.tasksRequested,1771250176858000000,1771250236884000000,48830
compiler.ArtifactModifiableModelBridge.commit.ms,1771250176858000000,1771250236884000000,3
compiler.ArtifactModifiableModelBridge.getArtifactsByType.ms,1771250176858000000,1771250236884000000,0
compiler.ArtifactModifiableModelBridge.getArtifacts.ms,1771250176858000000,1771250236884000000,0
compiler.ArtifactManagerBridge.getArtifacts.ms,1771250176858000000,1771250236884000000,0
compiler.ArtifactVirtualFileListener.propertyChanged.ms,1771250176858000000,1771250236884000000,0
compiler.ArtifactModifiableModelBridge.findArtifacts.ms,1771250176858000000,1771250236884000000,0
compiler.ArtifactManagerBridge.dropMappings.ms,1771250176858000000,1771250236884000000,0
compiler.ArtifactManagerBridge.addArtifact.ms,1771250176858000000,1771250236884000000,0
compiler.ArtifactManagerBridge.commit.ms,1771250176858000000,1771250236884000000,0
compiler.ArtifactManagerBridge.findArtifact.ms,1771250176858000000,1771250236884000000,0
compiler.ArtifactModifiableModelBridge.dispose.ms,1771250176858000000,1771250236884000000,0
compiler.ArtifactManagerBridge.getArtifactsByType.ms,1771250176858000000,1771250236884000000,0
compiler.ArtifactModifiableModelBridge.addArtifact.ms,1771250176858000000,1771250236884000000,0
compiler.ArtifactVirtualFileListener.filePathChanged.ms,1771250176858000000,1771250236884000000,0
compiler.ArtifactManagerBridge.initBridges.ms,1771250176858000000,1771250236884000000,0
workspaceModel.to.snapshot.ms,1771250176858000000,1771250236884000000,0
workspaceModel.updates.ms,1771250176858000000,1771250236884000000,0
workspaceModel.cachedValueWithParameters.from.cache.count,1771250176858000000,1771250236884000000,0
workspaceModel.replace.project.model.ms,1771250176858000000,1771250236884000000,19
workspaceModel.cachedValueWithParameters.calculated.count,1771250176858000000,1771250236884000000,0
workspaceModel.workspaceFileIndexData.updateDirtyEntities.ms,1771250176858000000,1771250236884000000,81
workspaceModel.initializing.ms,1771250176858000000,1771250236884000000,0
workspaceModel.workspaceFileIndexData.getDirectoriesByPackageName.ms,1771250176858000000,1771250236884000000,0
workspaceModel.pre.handlers.ms,1771250176858000000,1771250236884000000,0
workspaceModel.workspaceFileIndexData.init.ms,1771250176858000000,1771250236884000000,0
workspaceModel.init.bridges.ms,1771250176858000000,1771250236884000000,2
workspaceModel.collect.changes.ms,1771250176858000000,1771250236884000000,0
workspaceModel.workspaceFileIndexContributor.registerFileSets.ms,1771250176858000000,1771250236884000000,172
workspaceModel.workspaceFileIndexData.instances.count,1771250176858000000,1771250236884000000,0
workspaceModel.updates.precise.ms,1771250176858000000,1771250236884000000,0
workspaceModel.entityStorageSnapshotImpl.instances.count,1771250176858000000,1771250236884000000,4
workspaceModel.full.replace.project.model.ms,1771250176858000000,1771250236884000000,0
workspaceModel.cachedValueWithParameters.total.get.count,1771250176858000000,1771250236884000000,0
workspaceModel.workspaceFileIndexData.processFileSets.ms,1771250176858000000,1771250236884000000,0
workspaceModel.cachedValue.total.get.count,1771250176858000000,1771250236884000000,5994
workspaceModel.on.before.changed.ms,1771250176858000000,1771250236884000000,1
workspaceModel.check.recursive.update.ms,1771250176858000000,1771250236884000000,0
workspaceModel.workspaceFileIndexData.getFileInfo.ms,1771250176858000000,1771250236884000000,155
workspaceModel.cachedValue.from.cache.count,1771250176858000000,1771250236884000000,5868
workspaceModel.update.unloaded.entities.ms,1771250176858000000,1771250236884000000,0
workspaceModel.workspaceFileIndexData.visitFileSets.ms,1771250176858000000,1771250236884000000,0
workspaceModel.cachedValue.clear.count,1771250176858000000,1771250236884000000,0
workspaceModel.workspaceFileIndexData.markDirty.ms,1771250176858000000,1771250236884000000,0
workspaceModel.updates.count,1771250176858000000,1771250236884000000,0
workspaceModel.cachedValueWithParameters.clear.count,1771250176858000000,1771250236884000000,0
workspaceModel.workspaceFileIndexData.onEntitiesChanged.ms,1771250176858000000,1771250236884000000,13
workspaceModel.cachedValue.calculated.count,1771250176858000000,1771250236884000000,126
workspaceModel.loading.from.cache.ms,1771250176858000000,1771250236884000000,0
workspaceModel.workspaceFileIndexData.getPackageName.ms,1771250176858000000,1771250236884000000,0
workspaceModel.on.changed.ms,1771250176858000000,1771250236884000000,3
workspaceModel.loading.total.ms,1771250176858000000,1771250236884000000,0
cacheStateStorage.get.duration,1771250176858000000,1771250236884000000,0
cacheStateStorage.set.counter,1771250176858000000,1771250236884000000,0
cacheStateStorage.set.duration,1771250176858000000,1771250236884000000,0
cacheStateStorage.get.counter,1771250176858000000,1771250236884000000,0
FileChannelInterruptsRetryer.totalRetriedAttempts,1771250176858000000,1771250236884000000,0
DirectByteBufferAllocator.totalSizeOfBuffersAllocatedInBytes,1771250176858000000,1771250236884000000,630194176
DirectByteBufferAllocator.hits,1771250176858000000,1771250236884000000,23
FilePageCache.pageHits,1771250176858000000,1771250236884000000,37438
FilePageCache.pageLoads,1771250176858000000,1771250236884000000,0
StreamlinedBlobStorage.recordsDeleted,1771250176858000000,1771250236884000000,1
StreamlinedBlobStorage.recordsAllocated,1771250176858000000,1771250236884000000,31212
FilePageCache.maxCacheSizeInBytes,1771250176858000000,1771250236884000000,629145600
FilePageCache.maxRegisteredFiles,1771250176858000000,1771250236884000000,1824
MappedFileStorage.totalTimeSpentOnMappingUs,1771250176858000000,1771250236884000000,256147
DirectByteBufferAllocator.misses,1771250176858000000,1771250236884000000,0
DirectByteBufferAllocator.reclaimed,1771250176858000000,1771250236884000000,23
FilePageCache.totalPageDisposalsUs,1771250176858000000,1771250236884000000,8
StorageLockContext.competingThreads.90P,1771250176858000000,1771250236884000000,0
FilePageCache.disposedBuffers,1771250176858000000,1771250236884000000,23
FilePageCache.pageFastCacheHits,1771250176858000000,1771250236884000000,2548473
StreamlinedBlobStorage.totalLiveRecordsPayloadBytes,1771250176858000000,1771250236884000000,417090
StreamlinedBlobStorage.recordsRelocated,1771250176858000000,1771250236884000000,0
MappedFileStorage.totalBytesMapped,1771250176858000000,1771250236884000000,202637312
MappedFileStorage.totalPagesMapped,1771250176858000000,1771250236884000000,16
DirectByteBufferAllocator.disposed,1771250176858000000,1771250236884000000,0
MappedFileStorage.storages,1771250176858000000,1771250236884000000,16
StorageLockContext.competingThreads.avg,1771250176858000000,1771250236884000000,0.008333333333333333
FilePageCache.pageLoadsAboveSizeThreshold,1771250176858000000,1771250236884000000,23
FilePageCache.capacityInBytes,1771250176858000000,1771250236884000000,629145600
StreamlinedBlobStorage.totalLiveRecordsCapacityBytes,1771250176858000000,1771250236884000000,2199130
StorageLockContext.competingThreads.max,1771250176858000000,1771250236884000000,1
FilePageCache.totalPageLoadsUs,1771250176858000000,1771250236884000000,9740
DirectByteBufferAllocator.totalSizeOfBuffersCachedInBytes,1771250176858000000,1771250236884000000,1048576
FilePageCache.uncachedFileAccess,1771250176858000000,1771250236884000000,140
VFS.rootsCount,1771250176858000000,1771250236884000000,317.0
VFS.folderCaseSensitivityReads,1771250176858000000,1771250236884000000,275
VFS.contentStorage.recordsReadDecompressed,1771250176858000000,1771250236884000000,8
VFS.cache.segmentsCreated,1771250176858000000,1771250236884000000,62
FileNameCache.queries,1771250176858000000,1771250236884000000,2871104
VFS.contentStorage.recordsStored,1771250176858000000,1771250236884000000,4
VFS.invertedFileNameIndex.requests,1771250176858000000,1771250236884000000,0
VFS.fileChildByName,1771250176858000000,1771250236884000000,19677
VFS.fileByIdCache.misses,1771250176858000000,1771250236884000000,6
FileNameCache.totalMisses,1771250176858000000,1771250236884000000,30720
VFS.contentStorage.recordsRead,1771250176858000000,1771250236884000000,12
VFS.cache.directoriesCreated,1771250176858000000,1771250236884000000,2441
VFS.fileByIdCache.hits,1771250176858000000,1771250236884000000,7
VFS.cache.filesCreated,1771250176858000000,1771250236884000000,148860
VFS.contentStorage.recordsStoredCompressed,1771250176858000000,1771250236884000000,3
VFS.contentStorage.recordsDecompressionTimeUs,1771250176858000000,1771250236884000000,1169
VFS.contentStorage.recordsStoredSize,1771250176858000000,1771250236884000000,74743
VFS.cache.segments,1771250176858000000,1771250236884000000,229.0
VFS.contentStorage.recordsDeduplicated,1771250176858000000,1771250236884000000,0
VFS.contentStorage.recordsUncompressedSize,1771250176858000000,1771250236884000000,144053
VFS.contentStorage.recordsReadSize,1771250176858000000,1771250236884000000,399979
workspaceModel.moduleBridgeLoader.loading.modules.ms,1771250176858000000,1771250236884000000,0
workspaceModel.mutableEntityStorage.remove.entity.ms,1771250176858000000,1771250236884000000,0
jps.project.serializers.load.ms,1771250176858000000,1771250236884000000,0
workspaceModel.mutableEntityStorage.entities.ms,1771250176858000000,1771250236884000000,0
workspaceModel.moduleManagerBridge.build.module.graph.ms,1771250176858000000,1771250236884000000,0
workspaceModel.mutableEntityStorage.put.entity.ms,1771250176858000000,1771250236884000000,3
workspaceModel.do.save.caches.ms,1771250176858000000,1771250236884000000,26
jps.modifiable.module.model.bridge.renaming.ms,1771250176858000000,1771250236884000000,0
workspaceModel.load.cache.from.file.ms,1771250176858000000,1771250236884000000,0
jps.modifiable.module.model.bridge.new.module.ms,1771250176858000000,1771250236884000000,0
jps.artifact.entities.serializer.save.entities.ms,1771250176858000000,1771250236884000000,0
jps.save.global.entities.ms,1771250176858000000,1771250236884000000,0
workspaceModel.moduleBridge.before.changed.ms,1771250176858000000,1771250236884000000,0
jps.module.iml.entities.serializer.load.entities.ms,1771250176858000000,1771250236884000000,0
workspaceModel.load.cache.metadata.from.file.ms,1771250176858000000,1771250236884000000,0
workspaceModel.global.updates.count,1771250176858000000,1771250236884000000,0
workspaceModel.mutableEntityStorage.replace.by.source.ms,1771250176858000000,1771250236884000000,12
workspaceModel.mutableEntityStorage.referrers.ms,1771250176858000000,1771250236884000000,0
workspaceModel.mutableEntityStorage.modify.entity.ms,1771250176858000000,1771250236884000000,16
workspaceModel.global.apply.state.to.project.builder.ms,1771250176858000000,1771250236884000000,0
jps.facet.change.listener.init.bridge.ms,1771250176858000000,1771250236884000000,0
workspaceModel.global.apply.state.to.project.ms,1771250176858000000,1771250236884000000,0
workspaceModel.moduleManagerBridge.get.modules.ms,1771250176858000000,1771250236884000000,0
workspaceModel.mutableEntityStorage.mutable.ext.mapping.ms,1771250176858000000,1771250236884000000,0
workspaceModel.save.cache.to.file.ms,1771250176858000000,1771250236884000000,24
workspaceModel.mutableEntityStorage.mutable.vfurl.index.ms,1771250176858000000,1771250236884000000,1
jps.global.get.library.by.name.ms,1771250176858000000,1771250236884000000,0
workspaceModel.orphan.listener.update.ms,1771250176858000000,1771250236884000000,0
workspaceModel.mutableEntityStorage.to.snapshot.ms,1771250176858000000,1771250236884000000,0
jps.global.handle.changed.events.ms,1771250176858000000,1771250236884000000,0
workspaceModel.moduleManagerBridge.load.module.ms,1771250176858000000,1771250236884000000,0
workspaceModel.moduleManagerBridge.new.nonPersistent.module.ms,1771250176858000000,1771250236884000000,0
workspaceModel.mutableEntityStorage.add.entity.ms,1771250176858000000,1771250236884000000,10
jps.load.project.to.empty.storage.ms,1771250176858000000,1771250236884000000,0
workspaceModel.mutableEntityStorage.has.same.entities.ms,1771250176858000000,1771250236884000000,0
jps.global.get.library.ms,1771250176858000000,1771250236884000000,0
jps.modifiable.module.model.bridge.disposing.ms,1771250176858000000,1771250236884000000,0
workspaceModel.mutableEntityStorage.entities.by.source.ms,1771250176858000000,1771250236884000000,1
jps.artifact.entities.serializer.load.entities.ms,1771250176858000000,1771250236884000000,0
workspaceModel.moduleManagerBridge.create.module.instance.ms,1771250176858000000,1771250236884000000,0
workspaceModel.moduleBridge.update.option.ms,1771250176858000000,1771250236884000000,0
jps.project.serializers.save.ms,1771250176858000000,1771250236884000000,0
jps.global.handle.before.change.events.ms,1771250176858000000,1771250236884000000,0
jps.global.get.libraries.ms,1771250176858000000,1771250236884000000,0
jps.library.entities.serializer.save.entities.ms,1771250176858000000,1771250236884000000,0
jps.facet.change.listener.process.change.events.ms,1771250176858000000,1771250236884000000,0
workspaceModel.mutableEntityStorage.changeLog.addReplaceEventForNewParent.ms,1771250176858000000,1771250236884000000,0
workspaceModel.mutableEntityStorage.instances.count,1771250176858000000,1771250236884000000,5
workspaceModel.moduleManagerBridge.load.all.modules.ms,1771250176858000000,1771250236884000000,0
workspaceModel.delayed.project.synchronizer.sync.ms,1771250176858000000,1771250236884000000,0
workspaceModel.moduleManagerBridge.newModule.ms,1771250176858000000,1771250236884000000,0
jps.facet.change.listener.before.change.events.ms,1771250176858000000,1771250236884000000,0
jps.save.changed.project.entities.ms,1771250176858000000,1771250236884000000,0
jps.apply.loaded.storage.ms,1771250176858000000,1771250236884000000,0
workspaceModel.moduleBridge.facet.initialization.ms,1771250176858000000,1771250236884000000,0
workspaceModel.moduleManagerBridge.set.unloadedModules.ms,1771250176858000000,1771250236884000000,0
jps.storage.jps.conf.reader.load.component.ms,1771250176858000000,1771250236884000000,0
workspaceModel.mutableEntityStorage.resolve.ms,1771250176858000000,1771250236884000000,0
jps.load.initial.state.ms,1771250176858000000,1771250236884000000,0
jps.module.dependency.index.workspace.model.listener.on.changed.ms,1771250176858000000,1771250236884000000,0
workspaceModel.mutableEntityStorage.apply.changes.from.ms,1771250176858000000,1771250236884000000,0
workspaceModel.global.updates.ms,1771250176858000000,1771250236884000000,0
workspaceModel.mutableEntityStorage.changeLog.addReplaceEventForRemovedParent.ms,1771250176858000000,1771250236884000000,1
jps.global.initialize.library.bridges.after.loading.ms,1771250176858000000,1771250236884000000,0
jps.modifiable.module.model.bridge.load.module.ms,1771250176858000000,1771250236884000000,0
jps.library.entities.serializer.load.entities.ms,1771250176858000000,1771250236884000000,0
workspaceModel.mutableEntityStorage.hasReferrers.ms,1771250176858000000,1771250236884000000,0
workspaceModel.mutableEntityStorage.collect.changes.ms,1771250176858000000,1771250236884000000,0
workspaceModel.sync.entities.ms,1771250176858000000,1771250236884000000,0
jps.reload.project.entities.ms,1771250176858000000,1771250236884000000,0
jps.global.initialize.library.bridges.ms,1771250176858000000,1771250236884000000,0
jps.app.storage.content.reader.load.component.ms,1771250176858000000,1771250236884000000,0
workspaceModel.mutableEntityStorage.changeLog.addReplaceEventForRemovedChild.ms,1771250176858000000,1771250236884000000,0
jps.module.iml.entities.serializer.save.entities.ms,1771250176858000000,1771250236884000000,0
workspaceModel.mutableEntityStorage.changeLog.addReplaceEventForNewChild.ms,1771250176858000000,1771250236884000000,1
NonBlockingReadAction.finalizedExecutionsCount,1771250176858000000,1771250236884000000,23
FlushQueue.waitingTime90PNs,1771250176858000000,1771250236884000000,782335
FlushQueue.waitingTimeAvgNs,1771250176858000000,1771250236884000000,557754.0214987715
FlushQueue.executionTimeMaxNs,1771250176858000000,1771250236884000000,47710207
FlushQueue.queueSizeAvg,1771250176858000000,1771250236884000000,4.915233415233415
FlushQueue.executionTimeAvgNs,1771250176858000000,1771250236884000000,175567.06633906634
NonBlockingReadAction.finalizedExecutionTimeUs,1771250176858000000,1771250236884000000,31670
FlushQueue.tasksExecuted,1771250176858000000,1771250236884000000,1628
FlushQueue.waitingTimeMaxNs,1771250176858000000,1771250236884000000,49807359
AWTEventQueue.dispatchTimeTotalNS,1771250176858000000,1771250236884000000,352252794
AWTEventQueue.eventsDispatched,1771250176858000000,1771250236884000000,760
FlushQueue.queueSizeMax,1771250176858000000,1771250236884000000,28
AWTEventQueue.dispatchTime90PNs,1771250176858000000,1771250236884000000,479231
WriteAction.executionsCount,1771250176858000000,1771250236884000000,34
AWTEventQueue.dispatchTimeAvgNs,1771250176858000000,1771250236884000000,463415.8052631579
FlushQueue.executionTime90PNs,1771250176858000000,1771250236884000000,222207
AWTEventQueue.dispatchTimeMaxNs,1771250176858000000,1771250236884000000,47710207
NonBlockingReadAction.failedExecutionsCount,1771250176858000000,1771250236884000000,6
FlushQueue.queueSize90P,1771250176858000000,1771250236884000000,13
NonBlockingReadAction.failedExecutionTimeUs,1771250176858000000,1771250236884000000,5229
ReadAction.executionsCount,1771250176858000000,1771250236884000000,177090
Indexing.writesQueuedMin,1771250176858000000,1771250236884000000,0
Indexes.stubs.lookupDuration90PMs,1771250176858000000,1771250236884000000,0.0
Indexing.totalTimeIndexersSleptMs,1771250176858000000,1771250236884000000,0
Indexes.stubs.lookups,1771250176858000000,1771250236884000000,0
Indexing.writer_2.totalTimeSpentWritingMs,1771250176858000000,1771250236884000000,1667
Indexing.cache.totalCacheMisses,1771250176858000000,1771250236884000000,581692
Indexing.cache.totalCacheAccesses,1771250176858000000,1771250236884000000,1199415
Indexing.writer_3.totalTimeSpentWritingMs,1771250176858000000,1771250236884000000,1350
Indexes.entries.lookupDurationMaxMs,1771250176858000000,1771250236884000000,1.0
Indexes.allKeys.lookupDurationAvgMs,1771250176858000000,1771250236884000000,0.0
Indexing.writesQueuedMax,1771250176858000000,1771250236884000000,32
Indexing.writer_1.totalTimeSpentWritingMs,1771250176858000000,1771250236884000000,178
Indexes.allKeys.lookupDuration90PMs,1771250176858000000,1771250236884000000,0.0
Indexing.writesQueuedAvg,1771250176858000000,1771250236884000000,0.36363636363636365
Indexing.writer_0.totalTimeSpentWritingMs,1771250176858000000,1771250236884000000,249
Indexes.allKeys.lookupDurationMaxMs,1771250176858000000,1771250236884000000,0.0
Indexes.stubs.lookupDurationAvgMs,1771250176858000000,1771250236884000000,0.0
Indexes.entries.lookups,1771250176858000000,1771250236884000000,9
Indexes.entries.lookupDuration90PMs,1771250176858000000,1771250236884000000,1.0
Indexes.allKeys.lookups,1771250176858000000,1771250236884000000,1
Indexes.stubs.lookupDurationMaxMs,1771250176858000000,1771250236884000000,0.0
Indexing.cache.totalCacheEvicted,1771250176858000000,1771250236884000000,581692
Indexes.entries.lookupDurationAvgMs,1771250176858000000,1771250236884000000,0.1111111111111111
JVM.usedNativeBytes,1771250236884000000,1771250296884000000,486075856
JVM.totalCpuTimeMs,1771250236884000000,1771250296884000000,2280
MEM.ramPlusSwapMinusFileMappingsBytes,1771250236884000000,1771250296884000000,2828103680
JVM.maxHeapBytes,1771250236884000000,1771250296884000000,28840034304
JVM.committedHeapBytes,1771250236884000000,1771250296884000000,1459617792
JVM.totalBytesAllocated,1771250236884000000,1771250296884000000,30883496
JVM.newThreadsCount,1771250236884000000,1771250296884000000,0
JVM.totalSafepointCount,1771250236884000000,1771250296884000000,29
JVM.totalDirectByteBuffersBytes,1771250236884000000,1771250296884000000,631942102
JVM.usedHeapBytes,1771250236884000000,1771250296884000000,652167632
JVM.GC.collectionTimesMs,1771250236884000000,1771250296884000000,0
JVM.totalTimeToSafepointsMs,1771250236884000000,1771250296884000000,1
JVM.GC.collections,1771250236884000000,1771250296884000000,0
JVM.maxThreadCount,1771250236884000000,1771250296884000000,231
JVM.totalTimeAtSafepointsMs,1771250236884000000,1771250296884000000,1
JVM.threadCount,1771250236884000000,1771250296884000000,53
OS.loadAverage,1771250236884000000,1771250296884000000,1.68310546875
MEM.fileMappingsRamBytes,1771250236884000000,1771250296884000000,702398464
MEM.ramBytes,1771250236884000000,1771250296884000000,3530502144
MEM.ramMinusFileMappingsBytes,1771250236884000000,1771250296884000000,2828103680
LowMemory.gcLoad,1771250236884000000,1771250296884000000,0.0
writeAction.count,1771250236884000000,1771250296884000000,0
writeAction.median.wait.ms,1771250236884000000,1771250296884000000,300
writeAction.wait.ms,1771250236884000000,1771250296884000000,0
DiskQueryRelay.taskExecutionTotalTimeUs,1771250236884000000,1771250296884000000,0
writeAction.max.wait.ms,1771250236884000000,1771250296884000000,138
DiskQueryRelay.taskWaitingTotalTimeUs,1771250236884000000,1771250296884000000,0
DiskQueryRelay.tasksExecuted,1771250236884000000,1771250296884000000,0
LowMemory.gcOverloaded,1771250236884000000,1771250296884000000,0
DiskQueryRelay.tasksRequested,1771250236884000000,1771250296884000000,0
compiler.ArtifactModifiableModelBridge.commit.ms,1771250236884000000,1771250296884000000,3
compiler.ArtifactModifiableModelBridge.getArtifactsByType.ms,1771250236884000000,1771250296884000000,0
compiler.ArtifactModifiableModelBridge.getArtifacts.ms,1771250236884000000,1771250296884000000,0
compiler.ArtifactManagerBridge.getArtifacts.ms,1771250236884000000,1771250296884000000,0
compiler.ArtifactVirtualFileListener.propertyChanged.ms,1771250236884000000,1771250296884000000,0
compiler.ArtifactModifiableModelBridge.findArtifacts.ms,1771250236884000000,1771250296884000000,0
compiler.ArtifactManagerBridge.dropMappings.ms,1771250236884000000,1771250296884000000,0
compiler.ArtifactManagerBridge.addArtifact.ms,1771250236884000000,1771250296884000000,0
compiler.ArtifactManagerBridge.commit.ms,1771250236884000000,1771250296884000000,0
compiler.ArtifactManagerBridge.findArtifact.ms,1771250236884000000,1771250296884000000,0
compiler.ArtifactModifiableModelBridge.dispose.ms,1771250236884000000,1771250296884000000,0
compiler.ArtifactManagerBridge.getArtifactsByType.ms,1771250236884000000,1771250296884000000,0
compiler.ArtifactModifiableModelBridge.addArtifact.ms,1771250236884000000,1771250296884000000,0
compiler.ArtifactVirtualFileListener.filePathChanged.ms,1771250236884000000,1771250296884000000,0
compiler.ArtifactManagerBridge.initBridges.ms,1771250236884000000,1771250296884000000,0
workspaceModel.to.snapshot.ms,1771250236884000000,1771250296884000000,0
workspaceModel.updates.ms,1771250236884000000,1771250296884000000,0
workspaceModel.cachedValueWithParameters.from.cache.count,1771250236884000000,1771250296884000000,0
workspaceModel.replace.project.model.ms,1771250236884000000,1771250296884000000,0
workspaceModel.cachedValueWithParameters.calculated.count,1771250236884000000,1771250296884000000,0
workspaceModel.workspaceFileIndexData.updateDirtyEntities.ms,1771250236884000000,1771250296884000000,0
workspaceModel.initializing.ms,1771250236884000000,1771250296884000000,0
workspaceModel.workspaceFileIndexData.getDirectoriesByPackageName.ms,1771250236884000000,1771250296884000000,0
workspaceModel.pre.handlers.ms,1771250236884000000,1771250296884000000,0
workspaceModel.workspaceFileIndexData.init.ms,1771250236884000000,1771250296884000000,0
workspaceModel.init.bridges.ms,1771250236884000000,1771250296884000000,0
workspaceModel.collect.changes.ms,1771250236884000000,1771250296884000000,0
workspaceModel.workspaceFileIndexContributor.registerFileSets.ms,1771250236884000000,1771250296884000000,0
workspaceModel.workspaceFileIndexData.instances.count,1771250236884000000,1771250296884000000,0
workspaceModel.updates.precise.ms,1771250236884000000,1771250296884000000,0
workspaceModel.entityStorageSnapshotImpl.instances.count,1771250236884000000,1771250296884000000,0
workspaceModel.full.replace.project.model.ms,1771250236884000000,1771250296884000000,0
workspaceModel.cachedValueWithParameters.total.get.count,1771250236884000000,1771250296884000000,0
workspaceModel.workspaceFileIndexData.processFileSets.ms,1771250236884000000,1771250296884000000,0
workspaceModel.cachedValue.total.get.count,1771250236884000000,1771250296884000000,0
workspaceModel.on.before.changed.ms,1771250236884000000,1771250296884000000,0
workspaceModel.check.recursive.update.ms,1771250236884000000,1771250296884000000,0
workspaceModel.workspaceFileIndexData.getFileInfo.ms,1771250236884000000,1771250296884000000,0
workspaceModel.cachedValue.from.cache.count,1771250236884000000,1771250296884000000,0
workspaceModel.update.unloaded.entities.ms,1771250236884000000,1771250296884000000,0
workspaceModel.workspaceFileIndexData.visitFileSets.ms,1771250236884000000,1771250296884000000,0
workspaceModel.cachedValue.clear.count,1771250236884000000,1771250296884000000,0
workspaceModel.workspaceFileIndexData.markDirty.ms,1771250236884000000,1771250296884000000,0
workspaceModel.updates.count,1771250236884000000,1771250296884000000,0
workspaceModel.cachedValueWithParameters.clear.count,1771250236884000000,1771250296884000000,0
workspaceModel.workspaceFileIndexData.onEntitiesChanged.ms,1771250236884000000,1771250296884000000,0
workspaceModel.cachedValue.calculated.count,1771250236884000000,1771250296884000000,0
workspaceModel.loading.from.cache.ms,1771250236884000000,1771250296884000000,0
workspaceModel.workspaceFileIndexData.getPackageName.ms,1771250236884000000,1771250296884000000,0
workspaceModel.on.changed.ms,1771250236884000000,1771250296884000000,0
workspaceModel.loading.total.ms,1771250236884000000,1771250296884000000,0
cacheStateStorage.get.duration,1771250236884000000,1771250296884000000,0
cacheStateStorage.set.counter,1771250236884000000,1771250296884000000,0
cacheStateStorage.set.duration,1771250236884000000,1771250296884000000,0
cacheStateStorage.get.counter,1771250236884000000,1771250296884000000,0
FileChannelInterruptsRetryer.totalRetriedAttempts,1771250236884000000,1771250296884000000,0
DirectByteBufferAllocator.totalSizeOfBuffersAllocatedInBytes,1771250236884000000,1771250296884000000,630194176
DirectByteBufferAllocator.hits,1771250236884000000,1771250296884000000,0
FilePageCache.pageHits,1771250236884000000,1771250296884000000,0
FilePageCache.pageLoads,1771250236884000000,1771250296884000000,0
StreamlinedBlobStorage.recordsDeleted,1771250236884000000,1771250296884000000,0
StreamlinedBlobStorage.recordsAllocated,1771250236884000000,1771250296884000000,0
FilePageCache.maxCacheSizeInBytes,1771250236884000000,1771250296884000000,629145600
FilePageCache.maxRegisteredFiles,1771250236884000000,1771250296884000000,1824
MappedFileStorage.totalTimeSpentOnMappingUs,1771250236884000000,1771250296884000000,256147
DirectByteBufferAllocator.misses,1771250236884000000,1771250296884000000,0
DirectByteBufferAllocator.reclaimed,1771250236884000000,1771250296884000000,0
FilePageCache.totalPageDisposalsUs,1771250236884000000,1771250296884000000,0
StorageLockContext.competingThreads.90P,1771250236884000000,1771250296884000000,0
FilePageCache.disposedBuffers,1771250236884000000,1771250296884000000,0
FilePageCache.pageFastCacheHits,1771250236884000000,1771250296884000000,0
StreamlinedBlobStorage.totalLiveRecordsPayloadBytes,1771250236884000000,1771250296884000000,0
StreamlinedBlobStorage.recordsRelocated,1771250236884000000,1771250296884000000,0
MappedFileStorage.totalBytesMapped,1771250236884000000,1771250296884000000,202637312
MappedFileStorage.totalPagesMapped,1771250236884000000,1771250296884000000,16
DirectByteBufferAllocator.disposed,1771250236884000000,1771250296884000000,0
MappedFileStorage.storages,1771250236884000000,1771250296884000000,16
StorageLockContext.competingThreads.avg,1771250236884000000,1771250296884000000,0.0
FilePageCache.pageLoadsAboveSizeThreshold,1771250236884000000,1771250296884000000,0
FilePageCache.capacityInBytes,1771250236884000000,1771250296884000000,629145600
StreamlinedBlobStorage.totalLiveRecordsCapacityBytes,1771250236884000000,1771250296884000000,0
StorageLockContext.competingThreads.max,1771250236884000000,1771250296884000000,0
FilePageCache.totalPageLoadsUs,1771250236884000000,1771250296884000000,0
DirectByteBufferAllocator.totalSizeOfBuffersCachedInBytes,1771250236884000000,1771250296884000000,1048576
FilePageCache.uncachedFileAccess,1771250236884000000,1771250296884000000,0
VFS.rootsCount,1771250236884000000,1771250296884000000,317.0
VFS.folderCaseSensitivityReads,1771250236884000000,1771250296884000000,0
VFS.contentStorage.recordsReadDecompressed,1771250236884000000,1771250296884000000,0
VFS.cache.segmentsCreated,1771250236884000000,1771250296884000000,0
FileNameCache.queries,1771250236884000000,1771250296884000000,0
VFS.contentStorage.recordsStored,1771250236884000000,1771250296884000000,0
VFS.invertedFileNameIndex.requests,1771250236884000000,1771250296884000000,0
VFS.fileChildByName,1771250236884000000,1771250296884000000,0
VFS.fileByIdCache.misses,1771250236884000000,1771250296884000000,0
FileNameCache.totalMisses,1771250236884000000,1771250296884000000,0
VFS.contentStorage.recordsRead,1771250236884000000,1771250296884000000,0
VFS.cache.directoriesCreated,1771250236884000000,1771250296884000000,0
VFS.fileByIdCache.hits,1771250236884000000,1771250296884000000,0
VFS.cache.filesCreated,1771250236884000000,1771250296884000000,0
VFS.contentStorage.recordsStoredCompressed,1771250236884000000,1771250296884000000,0
VFS.contentStorage.recordsDecompressionTimeUs,1771250236884000000,1771250296884000000,0
VFS.contentStorage.recordsStoredSize,1771250236884000000,1771250296884000000,0
VFS.cache.segments,1771250236884000000,1771250296884000000,229.0
VFS.contentStorage.recordsDeduplicated,1771250236884000000,1771250296884000000,0
VFS.contentStorage.recordsUncompressedSize,1771250236884000000,1771250296884000000,0
VFS.contentStorage.recordsReadSize,1771250236884000000,1771250296884000000,0
workspaceModel.moduleBridgeLoader.loading.modules.ms,1771250236884000000,1771250296884000000,0
workspaceModel.mutableEntityStorage.remove.entity.ms,1771250236884000000,1771250296884000000,0
jps.project.serializers.load.ms,1771250236884000000,1771250296884000000,0
workspaceModel.mutableEntityStorage.entities.ms,1771250236884000000,1771250296884000000,0
workspaceModel.moduleManagerBridge.build.module.graph.ms,1771250236884000000,1771250296884000000,0
workspaceModel.mutableEntityStorage.put.entity.ms,1771250236884000000,1771250296884000000,0
workspaceModel.do.save.caches.ms,1771250236884000000,1771250296884000000,0
jps.modifiable.module.model.bridge.renaming.ms,1771250236884000000,1771250296884000000,0
workspaceModel.load.cache.from.file.ms,1771250236884000000,1771250296884000000,0
jps.modifiable.module.model.bridge.new.module.ms,1771250236884000000,1771250296884000000,0
jps.artifact.entities.serializer.save.entities.ms,1771250236884000000,1771250296884000000,0
jps.save.global.entities.ms,1771250236884000000,1771250296884000000,0
workspaceModel.moduleBridge.before.changed.ms,1771250236884000000,1771250296884000000,0
jps.module.iml.entities.serializer.load.entities.ms,1771250236884000000,1771250296884000000,0
workspaceModel.load.cache.metadata.from.file.ms,1771250236884000000,1771250296884000000,0
workspaceModel.global.updates.count,1771250236884000000,1771250296884000000,0
workspaceModel.mutableEntityStorage.replace.by.source.ms,1771250236884000000,1771250296884000000,0
workspaceModel.mutableEntityStorage.referrers.ms,1771250236884000000,1771250296884000000,0
workspaceModel.mutableEntityStorage.modify.entity.ms,1771250236884000000,1771250296884000000,0
workspaceModel.global.apply.state.to.project.builder.ms,1771250236884000000,1771250296884000000,0
jps.facet.change.listener.init.bridge.ms,1771250236884000000,1771250296884000000,0
workspaceModel.global.apply.state.to.project.ms,1771250236884000000,1771250296884000000,0
workspaceModel.moduleManagerBridge.get.modules.ms,1771250236884000000,1771250296884000000,0
workspaceModel.mutableEntityStorage.mutable.ext.mapping.ms,1771250236884000000,1771250296884000000,0
workspaceModel.save.cache.to.file.ms,1771250236884000000,1771250296884000000,0
workspaceModel.mutableEntityStorage.mutable.vfurl.index.ms,1771250236884000000,1771250296884000000,0
jps.global.get.library.by.name.ms,1771250236884000000,1771250296884000000,0
workspaceModel.orphan.listener.update.ms,1771250236884000000,1771250296884000000,0
workspaceModel.mutableEntityStorage.to.snapshot.ms,1771250236884000000,1771250296884000000,0
jps.global.handle.changed.events.ms,1771250236884000000,1771250296884000000,0
workspaceModel.moduleManagerBridge.load.module.ms,1771250236884000000,1771250296884000000,0
workspaceModel.moduleManagerBridge.new.nonPersistent.module.ms,1771250236884000000,1771250296884000000,0
workspaceModel.mutableEntityStorage.add.entity.ms,1771250236884000000,1771250296884000000,0
jps.load.project.to.empty.storage.ms,1771250236884000000,1771250296884000000,0
workspaceModel.mutableEntityStorage.has.same.entities.ms,1771250236884000000,1771250296884000000,0
jps.global.get.library.ms,1771250236884000000,1771250296884000000,0
jps.modifiable.module.model.bridge.disposing.ms,1771250236884000000,1771250296884000000,0
workspaceModel.mutableEntityStorage.entities.by.source.ms,1771250236884000000,1771250296884000000,0
jps.artifact.entities.serializer.load.entities.ms,1771250236884000000,1771250296884000000,0
workspaceModel.moduleManagerBridge.create.module.instance.ms,1771250236884000000,1771250296884000000,0
workspaceModel.moduleBridge.update.option.ms,1771250236884000000,1771250296884000000,0
jps.project.serializers.save.ms,1771250236884000000,1771250296884000000,0
jps.global.handle.before.change.events.ms,1771250236884000000,1771250296884000000,0
jps.global.get.libraries.ms,1771250236884000000,1771250296884000000,0
jps.library.entities.serializer.save.entities.ms,1771250236884000000,1771250296884000000,0
jps.facet.change.listener.process.change.events.ms,1771250236884000000,1771250296884000000,0
workspaceModel.mutableEntityStorage.changeLog.addReplaceEventForNewParent.ms,1771250236884000000,1771250296884000000,0
workspaceModel.mutableEntityStorage.instances.count,1771250236884000000,1771250296884000000,0
workspaceModel.moduleManagerBridge.load.all.modules.ms,1771250236884000000,1771250296884000000,0
workspaceModel.delayed.project.synchronizer.sync.ms,1771250236884000000,1771250296884000000,0
workspaceModel.moduleManagerBridge.newModule.ms,1771250236884000000,1771250296884000000,0
jps.facet.change.listener.before.change.events.ms,1771250236884000000,1771250296884000000,0
jps.save.changed.project.entities.ms,1771250236884000000,1771250296884000000,0
jps.apply.loaded.storage.ms,1771250236884000000,1771250296884000000,0
workspaceModel.moduleBridge.facet.initialization.ms,1771250236884000000,1771250296884000000,0
workspaceModel.moduleManagerBridge.set.unloadedModules.ms,1771250236884000000,1771250296884000000,0
jps.storage.jps.conf.reader.load.component.ms,1771250236884000000,1771250296884000000,0
workspaceModel.mutableEntityStorage.resolve.ms,1771250236884000000,1771250296884000000,0
jps.load.initial.state.ms,1771250236884000000,1771250296884000000,0
jps.module.dependency.index.workspace.model.listener.on.changed.ms,1771250236884000000,1771250296884000000,0
workspaceModel.mutableEntityStorage.apply.changes.from.ms,1771250236884000000,1771250296884000000,0
workspaceModel.global.updates.ms,1771250236884000000,1771250296884000000,0
workspaceModel.mutableEntityStorage.changeLog.addReplaceEventForRemovedParent.ms,1771250236884000000,1771250296884000000,0
jps.global.initialize.library.bridges.after.loading.ms,1771250236884000000,1771250296884000000,0
jps.modifiable.module.model.bridge.load.module.ms,1771250236884000000,1771250296884000000,0
jps.library.entities.serializer.load.entities.ms,1771250236884000000,1771250296884000000,0
workspaceModel.mutableEntityStorage.hasReferrers.ms,1771250236884000000,1771250296884000000,0
workspaceModel.mutableEntityStorage.collect.changes.ms,1771250236884000000,1771250296884000000,0
workspaceModel.sync.entities.ms,1771250236884000000,1771250296884000000,0
jps.reload.project.entities.ms,1771250236884000000,1771250296884000000,0
jps.global.initialize.library.bridges.ms,1771250236884000000,1771250296884000000,0
jps.app.storage.content.reader.load.component.ms,1771250236884000000,1771250296884000000,0
workspaceModel.mutableEntityStorage.changeLog.addReplaceEventForRemovedChild.ms,1771250236884000000,1771250296884000000,0
jps.module.iml.entities.serializer.save.entities.ms,1771250236884000000,1771250296884000000,0
workspaceModel.mutableEntityStorage.changeLog.addReplaceEventForNewChild.ms,1771250236884000000,1771250296884000000,0
NonBlockingReadAction.finalizedExecutionsCount,1771250236884000000,1771250296884000000,0
FlushQueue.waitingTime90PNs,1771250236884000000,1771250296884000000,364543
FlushQueue.waitingTimeAvgNs,1771250236884000000,1771250296884000000,263930.0645773979
FlushQueue.executionTimeMaxNs,1771250236884000000,1771250296884000000,2867199
FlushQueue.queueSizeAvg,1771250236884000000,1771250296884000000,2.573599240265907
FlushQueue.executionTimeAvgNs,1771250236884000000,1771250296884000000,70895.07312440645
NonBlockingReadAction.finalizedExecutionTimeUs,1771250236884000000,1771250296884000000,0
FlushQueue.tasksExecuted,1771250236884000000,1771250296884000000,1053
FlushQueue.waitingTimeMaxNs,1771250236884000000,1771250296884000000,5734399
AWTEventQueue.dispatchTimeTotalNS,1771250236884000000,1771250296884000000,124982211
AWTEventQueue.eventsDispatched,1771250236884000000,1771250296884000000,642
FlushQueue.queueSizeMax,1771250236884000000,1771250296884000000,17
AWTEventQueue.dispatchTime90PNs,1771250236884000000,1771250296884000000,389119
WriteAction.executionsCount,1771250236884000000,1771250296884000000,0
AWTEventQueue.dispatchTimeAvgNs,1771250236884000000,1771250296884000000,194679.77570093458
FlushQueue.executionTime90PNs,1771250236884000000,1771250296884000000,240639
AWTEventQueue.dispatchTimeMaxNs,1771250236884000000,1771250296884000000,5799935
NonBlockingReadAction.failedExecutionsCount,1771250236884000000,1771250296884000000,0
FlushQueue.queueSize90P,1771250236884000000,1771250296884000000,6
NonBlockingReadAction.failedExecutionTimeUs,1771250236884000000,1771250296884000000,0
ReadAction.executionsCount,1771250236884000000,1771250296884000000,3
Indexing.writesQueuedMin,1771250236884000000,1771250296884000000,0
Indexes.stubs.lookupDuration90PMs,1771250236884000000,1771250296884000000,0.0
Indexing.totalTimeIndexersSleptMs,1771250236884000000,1771250296884000000,0
Indexes.stubs.lookups,1771250236884000000,1771250296884000000,0
Indexing.writer_2.totalTimeSpentWritingMs,1771250236884000000,1771250296884000000,0
Indexing.cache.totalCacheMisses,1771250236884000000,1771250296884000000,0
Indexing.cache.totalCacheAccesses,1771250236884000000,1771250296884000000,0
Indexing.writer_3.totalTimeSpentWritingMs,1771250236884000000,1771250296884000000,0
Indexes.entries.lookupDurationMaxMs,1771250236884000000,1771250296884000000,0.0
Indexes.allKeys.lookupDurationAvgMs,1771250236884000000,1771250296884000000,0.0
Indexing.writesQueuedMax,1771250236884000000,1771250296884000000,0
Indexing.writer_1.totalTimeSpentWritingMs,1771250236884000000,1771250296884000000,0
Indexes.allKeys.lookupDuration90PMs,1771250236884000000,1771250296884000000,0.0
Indexing.writesQueuedAvg,1771250236884000000,1771250296884000000,0.0
Indexing.writer_0.totalTimeSpentWritingMs,1771250236884000000,1771250296884000000,0
Indexes.allKeys.lookupDurationMaxMs,1771250236884000000,1771250296884000000,0.0
Indexes.stubs.lookupDurationAvgMs,1771250236884000000,1771250296884000000,0.0
Indexes.entries.lookups,1771250236884000000,1771250296884000000,0
Indexes.entries.lookupDuration90PMs,1771250236884000000,1771250296884000000,0.0
Indexes.allKeys.lookups,1771250236884000000,1771250296884000000,0
Indexes.stubs.lookupDurationMaxMs,1771250236884000000,1771250296884000000,0.0
Indexing.cache.totalCacheEvicted,1771250236884000000,1771250296884000000,0
Indexes.entries.lookupDurationAvgMs,1771250236884000000,1771250296884000000,0.0
JVM.usedNativeBytes,1771250296884000000,1771250331209000000,673604256
JVM.totalCpuTimeMs,1771250296884000000,1771250331209000000,97630
MEM.ramPlusSwapMinusFileMappingsBytes,1771250296884000000,1771250331209000000,4835831808
JVM.maxHeapBytes,1771250296884000000,1771250331209000000,28840034304
JVM.committedHeapBytes,1771250296884000000,1771250331209000000,3221225472
JVM.totalBytesAllocated,1771250296884000000,1771250331209000000,11975384664
JVM.newThreadsCount,1771250296884000000,1771250331209000000,107
JVM.totalSafepointCount,1771250296884000000,1771250331209000000,354
JVM.totalDirectByteBuffersBytes,1771250296884000000,1771250331209000000,51863419
JVM.usedHeapBytes,1771250296884000000,1771250331209000000,1670497664
JVM.GC.collectionTimesMs,1771250296884000000,1771250331209000000,614
JVM.totalTimeToSafepointsMs,1771250296884000000,1771250331209000000,293
JVM.GC.collections,1771250296884000000,1771250331209000000,18
JVM.maxThreadCount,1771250296884000000,1771250331209000000,231
JVM.totalTimeAtSafepointsMs,1771250296884000000,1771250331209000000,737
JVM.threadCount,1771250296884000000,1771250331209000000,100
OS.loadAverage,1771250296884000000,1771250331209000000,4.16796875
MEM.fileMappingsRamBytes,1771250296884000000,1771250331209000000,908189696
MEM.ramBytes,1771250296884000000,1771250331209000000,5744021504
MEM.ramMinusFileMappingsBytes,1771250296884000000,1771250331209000000,4835831808
lexer.Properties.size.bytes,1771250296884000000,1771250331209000000,17033
LowMemory.gcLoad,1771250296884000000,1771250331209000000,0.0
parser.ECMAScript.6.size.bytes,1771250296884000000,1771250331209000000,128268
parser.JSON.size.bytes,1771250296884000000,1771250331209000000,9280283
lexer.IgnoreLang.time.ns,1771250296884000000,1771250331209000000,121209
parser.Groovy.size.bytes,1771250296884000000,1771250331209000000,13057
parser.IgnoreLang.size.bytes,1771250296884000000,1771250331209000000,444
parser.Shell.Script.time.ns,1771250296884000000,1771250331209000000,115257708
parser.Shell.Script.size.bytes,1771250296884000000,1771250331209000000,24940
parser.XML.time.ns,1771250296884000000,1771250331209000000,104059334
lexer.JAVA.time.ns,1771250296884000000,1771250331209000000,22821323
lexer.XML.time.ns,1771250296884000000,1771250331209000000,26054959
parser.RegExp.time.ns,1771250296884000000,1771250331209000000,1053166
parser.HTML.time.ns,1771250296884000000,1771250331209000000,114111290
parser.JQuery-CSS.size.bytes,1771250296884000000,1771250331209000000,1320
lexer.JSON.time.ns,1771250296884000000,1771250331209000000,124519546
writeAction.count,1771250296884000000,1771250331209000000,25
parser.yaml.time.ns,1771250296884000000,1771250331209000000,10772416
lexer.Shell.Script.time.ns,1771250296884000000,1771250331209000000,1578583
parser.SVG.time.ns,1771250296884000000,1771250331209000000,557541
lexer.textmate.time.ns,1771250296884000000,1771250331209000000,151333
writeAction.median.wait.ms,1771250296884000000,1771250331209000000,300
writeAction.wait.ms,1771250296884000000,1771250331209000000,10
parser.IgnoreLang.time.ns,1771250296884000000,1771250331209000000,1362750
lexer.Properties.time.ns,1771250296884000000,1771250331209000000,243129
lexer.JAVA.size.bytes,1771250296884000000,1771250331209000000,243112
parser.SVG.size.bytes,1771250296884000000,1771250331209000000,17961
parser.JSON.time.ns,1771250296884000000,1771250331209000000,874727547
lexer.IgnoreLang.size.bytes,1771250296884000000,1771250331209000000,444
lexer.yaml.time.ns,1771250296884000000,1771250331209000000,2635124
parser.Groovy.time.ns,1771250296884000000,1771250331209000000,74705864
DiskQueryRelay.taskExecutionTotalTimeUs,1771250296884000000,1771250331209000000,1688940
parser.CSS.time.ns,1771250296884000000,1771250331209000000,45351870
lexer.Groovy.time.ns,1771250296884000000,1771250331209000000,3909681
parser.Properties.size.bytes,1771250296884000000,1771250331209000000,17033
parser.textmate.time.ns,1771250296884000000,1771250331209000000,568000
parser.textmate.size.bytes,1771250296884000000,1771250331209000000,2300905
parser.CSS.size.bytes,1771250296884000000,1771250331209000000,156335
lexer.Shell.Script.size.bytes,1771250296884000000,1771250331209000000,24940
lexer.Groovy.size.bytes,1771250296884000000,1771250331209000000,13057
lexer.ECMAScript.6.time.ns,1771250296884000000,1771250331209000000,152167
parser.Properties.time.ns,1771250296884000000,1771250331209000000,1762333
writeAction.max.wait.ms,1771250296884000000,1771250331209000000,138
parser.JQuery-CSS.time.ns,1771250296884000000,1771250331209000000,1791666
lexer.RegExp.time.ns,1771250296884000000,1771250331209000000,1581332
parser.Lombok.Config.time.ns,1771250296884000000,1771250331209000000,61834
DiskQueryRelay.taskWaitingTotalTimeUs,1771250296884000000,1771250331209000000,3810541
lexer.Lombok.Config.time.ns,1771250296884000000,1771250331209000000,25792
DiskQueryRelay.tasksExecuted,1771250296884000000,1771250331209000000,13466
lexer.CSS.size.bytes,1771250296884000000,1771250331209000000,156335
parser.ECMAScript.6.time.ns,1771250296884000000,1771250331209000000,34078300
lexer.RegExp.size.bytes,1771250296884000000,1771250331209000000,163
parser.XML.size.bytes,1771250296884000000,1771250331209000000,1468550
parser.RegExp.size.bytes,1771250296884000000,1771250331209000000,163
lexer.textmate.size.bytes,1771250296884000000,1771250331209000000,2300905
lexer.JQuery-CSS.time.ns,1771250296884000000,1771250331209000000,130881
lexer.yaml.size.bytes,1771250296884000000,1771250331209000000,11676
parser.JAVA.time.ns,1771250296884000000,1771250331209000000,241042025
lexer.SVG.size.bytes,1771250296884000000,1771250331209000000,17961
parser.JAVA.size.bytes,1771250296884000000,1771250331209000000,251404
lexer.HTML.time.ns,1771250296884000000,1771250331209000000,156435954
LowMemory.gcOverloaded,1771250296884000000,1771250331209000000,0
lexer.JQuery-CSS.size.bytes,1771250296884000000,1771250331209000000,1320
parser.yaml.size.bytes,1771250296884000000,1771250331209000000,11676
lexer.JSON.size.bytes,1771250296884000000,1771250331209000000,9678919
lexer.XML.size.bytes,1771250296884000000,1771250331209000000,1468550
lexer.ECMAScript.6.size.bytes,1771250296884000000,1771250331209000000,7342
lexer.SVG.time.ns,1771250296884000000,1771250331209000000,383417
lexer.HTML.size.bytes,1771250296884000000,1771250331209000000,1468562
lexer.CSS.time.ns,1771250296884000000,1771250331209000000,9168788
parser.Lombok.Config.size.bytes,1771250296884000000,1771250331209000000,137
parser.HTML.size.bytes,1771250296884000000,1771250331209000000,1468562
lexer.Lombok.Config.size.bytes,1771250296884000000,1771250331209000000,137
DiskQueryRelay.tasksRequested,1771250296884000000,1771250331209000000,13836
compiler.ArtifactModifiableModelBridge.commit.ms,1771250296884000000,1771250331209000000,3
compiler.ArtifactModifiableModelBridge.getArtifactsByType.ms,1771250296884000000,1771250331209000000,0
compiler.ArtifactModifiableModelBridge.getArtifacts.ms,1771250296884000000,1771250331209000000,0
compiler.ArtifactManagerBridge.getArtifacts.ms,1771250296884000000,1771250331209000000,0
compiler.ArtifactVirtualFileListener.propertyChanged.ms,1771250296884000000,1771250331209000000,0
compiler.ArtifactModifiableModelBridge.findArtifacts.ms,1771250296884000000,1771250331209000000,0
compiler.ArtifactManagerBridge.dropMappings.ms,1771250296884000000,1771250331209000000,0
compiler.ArtifactManagerBridge.addArtifact.ms,1771250296884000000,1771250331209000000,0
compiler.ArtifactManagerBridge.commit.ms,1771250296884000000,1771250331209000000,0
compiler.ArtifactManagerBridge.findArtifact.ms,1771250296884000000,1771250331209000000,0
compiler.ArtifactModifiableModelBridge.dispose.ms,1771250296884000000,1771250331209000000,0
compiler.ArtifactManagerBridge.getArtifactsByType.ms,1771250296884000000,1771250331209000000,0
compiler.ArtifactModifiableModelBridge.addArtifact.ms,1771250296884000000,1771250331209000000,0
compiler.ArtifactVirtualFileListener.filePathChanged.ms,1771250296884000000,1771250331209000000,0
compiler.ArtifactManagerBridge.initBridges.ms,1771250296884000000,1771250331209000000,0
workspaceModel.to.snapshot.ms,1771250296884000000,1771250331209000000,0
workspaceModel.updates.ms,1771250296884000000,1771250331209000000,0
workspaceModel.cachedValueWithParameters.from.cache.count,1771250296884000000,1771250331209000000,826
workspaceModel.replace.project.model.ms,1771250296884000000,1771250331209000000,0
workspaceModel.cachedValueWithParameters.calculated.count,1771250296884000000,1771250331209000000,1
workspaceModel.workspaceFileIndexData.updateDirtyEntities.ms,1771250296884000000,1771250331209000000,0
workspaceModel.initializing.ms,1771250296884000000,1771250331209000000,0
workspaceModel.workspaceFileIndexData.getDirectoriesByPackageName.ms,1771250296884000000,1771250331209000000,14
workspaceModel.pre.handlers.ms,1771250296884000000,1771250331209000000,0
workspaceModel.workspaceFileIndexData.init.ms,1771250296884000000,1771250331209000000,0
workspaceModel.init.bridges.ms,1771250296884000000,1771250331209000000,0
workspaceModel.collect.changes.ms,1771250296884000000,1771250331209000000,0
workspaceModel.workspaceFileIndexContributor.registerFileSets.ms,1771250296884000000,1771250331209000000,0
workspaceModel.workspaceFileIndexData.instances.count,1771250296884000000,1771250331209000000,0
workspaceModel.updates.precise.ms,1771250296884000000,1771250331209000000,0
workspaceModel.entityStorageSnapshotImpl.instances.count,1771250296884000000,1771250331209000000,1
workspaceModel.full.replace.project.model.ms,1771250296884000000,1771250331209000000,0
workspaceModel.cachedValueWithParameters.total.get.count,1771250296884000000,1771250331209000000,827
workspaceModel.workspaceFileIndexData.processFileSets.ms,1771250296884000000,1771250331209000000,0
workspaceModel.cachedValue.total.get.count,1771250296884000000,1771250331209000000,10313
workspaceModel.on.before.changed.ms,1771250296884000000,1771250331209000000,0
workspaceModel.check.recursive.update.ms,1771250296884000000,1771250331209000000,0
workspaceModel.workspaceFileIndexData.getFileInfo.ms,1771250296884000000,1771250331209000000,456
workspaceModel.cachedValue.from.cache.count,1771250296884000000,1771250331209000000,10309
workspaceModel.update.unloaded.entities.ms,1771250296884000000,1771250331209000000,0
workspaceModel.workspaceFileIndexData.visitFileSets.ms,1771250296884000000,1771250331209000000,1
workspaceModel.cachedValue.clear.count,1771250296884000000,1771250331209000000,0
workspaceModel.workspaceFileIndexData.markDirty.ms,1771250296884000000,1771250331209000000,0
workspaceModel.updates.count,1771250296884000000,1771250331209000000,0
workspaceModel.cachedValueWithParameters.clear.count,1771250296884000000,1771250331209000000,0
workspaceModel.workspaceFileIndexData.onEntitiesChanged.ms,1771250296884000000,1771250331209000000,0
workspaceModel.cachedValue.calculated.count,1771250296884000000,1771250331209000000,4
workspaceModel.loading.from.cache.ms,1771250296884000000,1771250331209000000,1
workspaceModel.workspaceFileIndexData.getPackageName.ms,1771250296884000000,1771250331209000000,3
workspaceModel.on.changed.ms,1771250296884000000,1771250331209000000,0
workspaceModel.loading.total.ms,1771250296884000000,1771250331209000000,2
cacheStateStorage.get.duration,1771250296884000000,1771250331209000000,0
cacheStateStorage.set.counter,1771250296884000000,1771250331209000000,131
cacheStateStorage.set.duration,1771250296884000000,1771250331209000000,27
cacheStateStorage.get.counter,1771250296884000000,1771250331209000000,0
FileChannelInterruptsRetryer.totalRetriedAttempts,1771250296884000000,1771250331209000000,0
DirectByteBufferAllocator.totalSizeOfBuffersAllocatedInBytes,1771250296884000000,1771250331209000000,41943040
DirectByteBufferAllocator.hits,1771250296884000000,1771250331209000000,33
FilePageCache.pageHits,1771250296884000000,1771250331209000000,2339
FilePageCache.pageLoads,1771250296884000000,1771250331209000000,0
FilePageCache.maxCacheSizeInBytes,1771250296884000000,1771250331209000000,629145600
FilePageCache.maxRegisteredFiles,1771250296884000000,1771250331209000000,1827
DirectByteBufferAllocator.misses,1771250296884000000,1771250331209000000,0
DirectByteBufferAllocator.reclaimed,1771250296884000000,1771250331209000000,72
FilePageCache.totalPageDisposalsUs,1771250296884000000,1771250331209000000,25
StorageLockContext.competingThreads.90P,1771250296884000000,1771250331209000000,0
FilePageCache.disposedBuffers,1771250296884000000,1771250331209000000,633
FilePageCache.pageFastCacheHits,1771250296884000000,1771250331209000000,72314
DirectByteBufferAllocator.disposed,1771250296884000000,1771250331209000000,561
StorageLockContext.competingThreads.avg,1771250296884000000,1771250331209000000,0.0
FilePageCache.pageLoadsAboveSizeThreshold,1771250296884000000,1771250331209000000,33
FilePageCache.capacityInBytes,1771250296884000000,1771250331209000000,629145600
StorageLockContext.competingThreads.max,1771250296884000000,1771250331209000000,0
FilePageCache.totalPageLoadsUs,1771250296884000000,1771250331209000000,77681
DirectByteBufferAllocator.totalSizeOfBuffersCachedInBytes,1771250296884000000,1771250331209000000,41943040
FilePageCache.uncachedFileAccess,1771250296884000000,1771250331209000000,58
workspaceModel.moduleBridgeLoader.loading.modules.ms,1771250296884000000,1771250331209000000,0
workspaceModel.mutableEntityStorage.remove.entity.ms,1771250296884000000,1771250331209000000,0
jps.project.serializers.load.ms,1771250296884000000,1771250331209000000,0
workspaceModel.mutableEntityStorage.entities.ms,1771250296884000000,1771250331209000000,0
workspaceModel.moduleManagerBridge.build.module.graph.ms,1771250296884000000,1771250331209000000,0
workspaceModel.mutableEntityStorage.put.entity.ms,1771250296884000000,1771250331209000000,0
workspaceModel.do.save.caches.ms,1771250296884000000,1771250331209000000,0
jps.modifiable.module.model.bridge.renaming.ms,1771250296884000000,1771250331209000000,0
workspaceModel.load.cache.from.file.ms,1771250296884000000,1771250331209000000,1
jps.modifiable.module.model.bridge.new.module.ms,1771250296884000000,1771250331209000000,0
jps.artifact.entities.serializer.save.entities.ms,1771250296884000000,1771250331209000000,0
jps.save.global.entities.ms,1771250296884000000,1771250331209000000,34
workspaceModel.moduleBridge.before.changed.ms,1771250296884000000,1771250331209000000,0
jps.module.iml.entities.serializer.load.entities.ms,1771250296884000000,1771250331209000000,0
workspaceModel.load.cache.metadata.from.file.ms,1771250296884000000,1771250331209000000,0
workspaceModel.global.updates.count,1771250296884000000,1771250331209000000,0
workspaceModel.mutableEntityStorage.replace.by.source.ms,1771250296884000000,1771250331209000000,0
workspaceModel.mutableEntityStorage.referrers.ms,1771250296884000000,1771250331209000000,0
workspaceModel.mutableEntityStorage.modify.entity.ms,1771250296884000000,1771250331209000000,0
workspaceModel.global.apply.state.to.project.builder.ms,1771250296884000000,1771250331209000000,0
jps.facet.change.listener.init.bridge.ms,1771250296884000000,1771250331209000000,0
workspaceModel.global.apply.state.to.project.ms,1771250296884000000,1771250331209000000,0
workspaceModel.moduleManagerBridge.get.modules.ms,1771250296884000000,1771250331209000000,0
workspaceModel.mutableEntityStorage.mutable.ext.mapping.ms,1771250296884000000,1771250331209000000,0
workspaceModel.save.cache.to.file.ms,1771250296884000000,1771250331209000000,0
jps.app.storage.content.writer.save.component.ms,1771250296884000000,1771250331209000000,6
workspaceModel.mutableEntityStorage.mutable.vfurl.index.ms,1771250296884000000,1771250331209000000,0
jps.global.get.library.by.name.ms,1771250296884000000,1771250331209000000,0
workspaceModel.orphan.listener.update.ms,1771250296884000000,1771250331209000000,0
workspaceModel.mutableEntityStorage.to.snapshot.ms,1771250296884000000,1771250331209000000,0
jps.global.handle.changed.events.ms,1771250296884000000,1771250331209000000,0
workspaceModel.moduleManagerBridge.load.module.ms,1771250296884000000,1771250331209000000,0
workspaceModel.moduleManagerBridge.new.nonPersistent.module.ms,1771250296884000000,1771250331209000000,0
workspaceModel.mutableEntityStorage.add.entity.ms,1771250296884000000,1771250331209000000,0
jps.load.project.to.empty.storage.ms,1771250296884000000,1771250331209000000,0
workspaceModel.mutableEntityStorage.has.same.entities.ms,1771250296884000000,1771250331209000000,0
jps.global.get.library.ms,1771250296884000000,1771250331209000000,0
jps.modifiable.module.model.bridge.disposing.ms,1771250296884000000,1771250331209000000,0
workspaceModel.mutableEntityStorage.entities.by.source.ms,1771250296884000000,1771250331209000000,0
jps.artifact.entities.serializer.load.entities.ms,1771250296884000000,1771250331209000000,0
workspaceModel.moduleManagerBridge.create.module.instance.ms,1771250296884000000,1771250331209000000,0
workspaceModel.moduleBridge.update.option.ms,1771250296884000000,1771250331209000000,0
jps.project.serializers.save.ms,1771250296884000000,1771250331209000000,32
jps.global.handle.before.change.events.ms,1771250296884000000,1771250331209000000,0
jps.global.get.libraries.ms,1771250296884000000,1771250331209000000,1
jps.library.entities.serializer.save.entities.ms,1771250296884000000,1771250331209000000,5
jps.facet.change.listener.process.change.events.ms,1771250296884000000,1771250331209000000,0
workspaceModel.mutableEntityStorage.changeLog.addReplaceEventForNewParent.ms,1771250296884000000,1771250331209000000,0
workspaceModel.mutableEntityStorage.instances.count,1771250296884000000,1771250331209000000,1
workspaceModel.moduleManagerBridge.load.all.modules.ms,1771250296884000000,1771250331209000000,0
workspaceModel.delayed.project.synchronizer.sync.ms,1771250296884000000,1771250331209000000,0
workspaceModel.moduleManagerBridge.newModule.ms,1771250296884000000,1771250331209000000,0
jps.facet.change.listener.before.change.events.ms,1771250296884000000,1771250331209000000,0
jps.save.changed.project.entities.ms,1771250296884000000,1771250331209000000,32
jps.apply.loaded.storage.ms,1771250296884000000,1771250331209000000,0
workspaceModel.moduleBridge.facet.initialization.ms,1771250296884000000,1771250331209000000,0
workspaceModel.moduleManagerBridge.set.unloadedModules.ms,1771250296884000000,1771250331209000000,0
jps.storage.jps.conf.reader.load.component.ms,1771250296884000000,1771250331209000000,0
workspaceModel.mutableEntityStorage.resolve.ms,1771250296884000000,1771250331209000000,0
jps.load.initial.state.ms,1771250296884000000,1771250331209000000,0
jps.module.dependency.index.workspace.model.listener.on.changed.ms,1771250296884000000,1771250331209000000,0
workspaceModel.mutableEntityStorage.apply.changes.from.ms,1771250296884000000,1771250331209000000,0
workspaceModel.global.updates.ms,1771250296884000000,1771250331209000000,0
workspaceModel.mutableEntityStorage.changeLog.addReplaceEventForRemovedParent.ms,1771250296884000000,1771250331209000000,0
jps.global.initialize.library.bridges.after.loading.ms,1771250296884000000,1771250331209000000,0
jps.modifiable.module.model.bridge.load.module.ms,1771250296884000000,1771250331209000000,0
jps.library.entities.serializer.load.entities.ms,1771250296884000000,1771250331209000000,0
workspaceModel.mutableEntityStorage.hasReferrers.ms,1771250296884000000,1771250331209000000,0
workspaceModel.mutableEntityStorage.collect.changes.ms,1771250296884000000,1771250331209000000,0
workspaceModel.sync.entities.ms,1771250296884000000,1771250331209000000,0
jps.reload.project.entities.ms,1771250296884000000,1771250331209000000,0
jps.global.initialize.library.bridges.ms,1771250296884000000,1771250331209000000,0
jps.app.storage.content.reader.load.component.ms,1771250296884000000,1771250331209000000,0
workspaceModel.mutableEntityStorage.changeLog.addReplaceEventForRemovedChild.ms,1771250296884000000,1771250331209000000,0
jps.module.iml.entities.serializer.save.entities.ms,1771250296884000000,1771250331209000000,15
workspaceModel.mutableEntityStorage.changeLog.addReplaceEventForNewChild.ms,1771250296884000000,1771250331209000000,0
NonBlockingReadAction.finalizedExecutionsCount,1771250296884000000,1771250331209000000,293
NonBlockingReadAction.finalizedExecutionTimeUs,1771250296884000000,1771250331209000000,306762
AWTEventQueue.dispatchTimeTotalNS,1771250296884000000,1771250331209000000,603022557
NonBlockingReadAction.failedExecutionsCount,1771250296884000000,1771250331209000000,0
NonBlockingReadAction.failedExecutionTimeUs,1771250296884000000,1771250331209000000,0
Indexing.writesQueuedMin,1771250296884000000,1771250331209000000,0
Indexes.stubs.lookupDuration90PMs,1771250296884000000,1771250331209000000,0.0
Indexing.totalTimeIndexersSleptMs,1771250296884000000,1771250331209000000,0
Indexes.stubs.lookups,1771250296884000000,1771250331209000000,108104
Indexing.writer_2.totalTimeSpentWritingMs,1771250296884000000,1771250331209000000,1
Indexing.cache.totalCacheMisses,1771250296884000000,1771250331209000000,92808
Indexing.cache.totalCacheAccesses,1771250296884000000,1771250331209000000,280295
Indexing.writer_3.totalTimeSpentWritingMs,1771250296884000000,1771250331209000000,5
Indexes.entries.lookupDurationMaxMs,1771250296884000000,1771250331209000000,17.0
Indexes.allKeys.lookupDurationAvgMs,1771250296884000000,1771250331209000000,0.0
Indexing.writesQueuedMax,1771250296884000000,1771250331209000000,0
Indexing.writer_1.totalTimeSpentWritingMs,1771250296884000000,1771250331209000000,32
Indexes.allKeys.lookupDuration90PMs,1771250296884000000,1771250331209000000,0.0
Indexing.writesQueuedAvg,1771250296884000000,1771250331209000000,0.0
Indexing.writer_0.totalTimeSpentWritingMs,1771250296884000000,1771250331209000000,24
Indexes.allKeys.lookupDurationMaxMs,1771250296884000000,1771250331209000000,0.0
Indexes.stubs.lookupDurationAvgMs,1771250296884000000,1771250331209000000,0.0148902604411724
Indexes.entries.lookups,1771250296884000000,1771250331209000000,7461
Indexes.entries.lookupDuration90PMs,1771250296884000000,1771250331209000000,0.0
Indexes.allKeys.lookups,1771250296884000000,1771250331209000000,1
Indexes.stubs.lookupDurationMaxMs,1771250296884000000,1771250331209000000,77.0
Indexing.cache.totalCacheEvicted,1771250296884000000,1771250331209000000,93942
Indexes.entries.lookupDurationAvgMs,1771250296884000000,1771250331209000000,0.06620209059233449
