2026-02-17 09:08:37,327 [     30]   INFO - #c.i.p.i.b.AppStarter - ------------------------------------------------------ IDE STARTED ------------------------------------------------------
2026-02-17 09:08:37,347 [     50]   INFO - #c.i.p.i.b.AppStarter - loading shell environment is turned off
2026-02-17 09:08:37,375 [     78]   INFO - #c.i.p.i.b.AppStarter - Will skip the config import to directory "/root/.config/idea" (exists = true). Current entries: "options", "ide.vmoptions".
2026-02-17 09:08:37,404 [    107]   INFO - #c.i.p.i.b.AppStarter - JNA library (64-bit) loaded in 54 ms
2026-02-17 09:08:37,433 [    136]   INFO - #c.i.p.i.b.AppStarter - IDE: Qodana for JVM (build #QDJVM-253.30432, Tue, 17 Feb 2026 09:08:37 GMT)
2026-02-17 09:08:37,434 [    137]   INFO - #c.i.p.i.b.AppStarter - OS: Linux (6.10.14-linuxkit)
2026-02-17 09:08:37,434 [    137]   INFO - #c.i.p.i.b.AppStarter - JRE: 21.0.9+10-b1163.94, amd64 (JetBrains s.r.o.)
2026-02-17 09:08:37,435 [    138]   INFO - #c.i.p.i.b.AppStarter - JVM: 21.0.9+10-b1163.94 (OpenJDK 64-Bit Server VM)
2026-02-17 09:08:37,449 [    152]   INFO - #c.i.p.i.b.AppStarter - PID: 78
2026-02-17 09:08:37,450 [    153]   INFO - #c.i.p.i.b.AppStarter - desktop: null
2026-02-17 09:08:37,450 [    153]   INFO - #c.i.p.i.b.AppStarter - toolkit: sun.awt.HeadlessToolkit
2026-02-17 09:08:37,493 [    196]   INFO - #c.i.p.i.b.AppStarter - JVM options: [abort, vfprintf, -XX:ErrorFile=/root/java_error_in_idea_%p.log, -XX:HeapDumpPath=/root/java_error_in_idea.hprof, -Xms128m, -XX:JbrShrinkingGcMaxHeapFreeRatio=40, -XX:ReservedCodeCacheSize=512m, -XX:+HeapDumpOnOutOfMemoryError, -XX:-OmitStackTraceInFastThrow, -XX:CICompilerCount=2, -XX:+IgnoreUnrecognizedVMOptions, -XX:+UnlockDiagnosticVMOptions, -XX:TieredOldPercentage=100000, -ea, -Dsun.io.useCanonCaches=false, -Dsun.java2d.metal=true, -Djbr.catch.SIGABRT=true, -Djdk.http.auth.tunneling.disabledSchemes="", -Djdk.attach.allowAttachSelf=true, -Djdk.module.illegalAccess.silent=true, -Djdk.nio.maxCachedBufferSize=2097152, -Djava.util.zip.use.nio.for.zip.file.access=true, -Dkotlinx.coroutines.debug=off, -Djava.nio.file.spi.DefaultFileSystemProvider=com.intellij.platform.core.nio.fs.MultiRoutingFileSystemProvider, -Dintellij.plugins.custom.built.in.repository.url=https://buildserver.labs.intellij.net/guestAuth/repository/download/ijplatform_IjPlatform253_IdeaInstallersBuild/855112805:id/IU-plugins/plugins.xml,https://buildserver.labs.intellij.net/guestAuth/repository/download/ijplatform_IjPlatform253_IdeaInstallersBuild/855112805:id/IU-plugins/auto-uploading/plugins.xml, -Dsun.tools.attach.tmp.only=true, -Dawt.lock.fair=true, -Djava.awt.headless=true, -Didea.log.path=/mnt/agent/work/f61562d81fdc0461/logs/plugins/, -Ddisabled.plugins.file.path=/opt/idea/disabled_plugins.txt, -Didea.config.path=/root/.config/idea, -Didea.headless.enable.statistics=true, -Didea.headless.statistics.device.id=200820300000000-5bdb-7ee4-9f5d-6bfcda02bf94, -Didea.headless.statistics.salt=36f620b84288008fdf0f2c8107a65bd8, -Didea.log.path=/data/results/log, -Didea.plugins.path=/data/cache/plugins/253, -Didea.system.path=/data/cache/idea/253, -Dplugin.path=/opt/idea/custom-plugins/android,/opt/idea/custom-plugins/android-compose-ide-plugin,/opt/idea/custom-plugins/dependencyAnalysis,/opt/idea/custom-plugins/devkit,/opt/idea/custom-plugins/hardcodedPasswords,/opt/idea/custom-plugins/uiDesigner,/opt/idea/custom-plugins/webp, -Dqodana.automation.guid=b0dabd66-8a16-4e2f-abb6-cbf4d36de5ee, -Dqodana.coverage.input=/data/coverage, -XX:MaxRAMPercentage=70, -Xlog:gc*:/data/results/log/gc.log, -Djb.vmOptionsFile=/root/.config/idea/ide.vmoptions, -Djava.system.class.loader=com.intellij.util.lang.PathClassLoader, -Didea.vendor.name=JetBrains, -Didea.paths.selector=IntelliJIdea2025.3, -Djna.boot.library.path=/opt/idea/lib/jna/amd64, -Djna.nosys=true, -Djna.noclasspath=true, -Dpty4j.preferred.native.folder=/opt/idea/lib/pty4j, -Dio.netty.allocator.type=pooled, -Dskiko.library.path=/opt/idea/lib/skiko-awt-runtime-all, -Dintellij.platform.runtime.repository.path=/opt/idea/modules/module-descriptors.dat, -Dsplash=true, -Daether.connector.resumeDownloads=false, -Dcompose.swing.render.on.graphics=true, --add-opens=java.base/java.io=ALL-UNNAMED, --add-opens=java.base/java.lang=ALL-UNNAMED, --add-opens=java.base/java.lang.ref=ALL-UNNAMED, --add-opens=java.base/java.lang.reflect=ALL-UNNAMED, --add-opens=java.base/java.net=ALL-UNNAMED, --add-opens=java.base/java.nio=ALL-UNNAMED, --add-opens=java.base/java.nio.charset=ALL-UNNAMED, --add-opens=java.base/java.text=ALL-UNNAMED, --add-opens=java.base/java.time=ALL-UNNAMED, --add-opens=java.base/java.util=ALL-UNNAMED, --add-opens=java.base/java.util.concurrent=ALL-UNNAMED, --add-opens=java.base/java.util.concurrent.atomic=ALL-UNNAMED, --add-opens=java.base/java.util.concurrent.locks=ALL-UNNAMED, --add-opens=java.base/jdk.internal.ref=ALL-UNNAMED, --add-opens=java.base/jdk.internal.vm=ALL-UNNAMED, --add-opens=java.base/sun.net.dns=ALL-UNNAMED, --add-opens=java.base/sun.nio=ALL-UNNAMED, --add-opens=java.base/sun.nio.ch=ALL-UNNAMED, --add-opens=java.base/sun.nio.fs=ALL-UNNAMED, --add-opens=java.base/sun.security.ssl=ALL-UNNAMED, --add-opens=java.base/sun.security.util=ALL-UNNAMED, --add-opens=java.desktop/com.sun.java.swing=ALL-UNNAMED, --add-opens=java.desktop/com.sun.java.swing.plaf.gtk=ALL-UNNAMED, --add-opens=java.desktop/java.awt=ALL-UNNAMED, --add-opens=java.desktop/java.awt.dnd.peer=ALL-UNNAMED, --add-opens=java.desktop/java.awt.event=ALL-UNNAMED, --add-opens=java.desktop/java.awt.font=ALL-UNNAMED, --add-opens=java.desktop/java.awt.image=ALL-UNNAMED, --add-opens=java.desktop/java.awt.peer=ALL-UNNAMED, --add-opens=java.desktop/javax.swing=ALL-UNNAMED, --add-opens=java.desktop/javax.swing.plaf.basic=ALL-UNNAMED, --add-opens=java.desktop/javax.swing.text=ALL-UNNAMED, --add-opens=java.desktop/javax.swing.text.html=ALL-UNNAMED, --add-opens=java.desktop/javax.swing.text.html.parser=ALL-UNNAMED, --add-opens=java.desktop/sun.awt=ALL-UNNAMED, --add-opens=java.desktop/sun.awt.X11=ALL-UNNAMED, --add-opens=java.desktop/sun.awt.datatransfer=ALL-UNNAMED, --add-opens=java.desktop/sun.awt.image=ALL-UNNAMED, --add-opens=java.desktop/sun.font=ALL-UNNAMED, --add-opens=java.desktop/sun.java2d=ALL-UNNAMED, --add-opens=java.desktop/sun.swing=ALL-UNNAMED, --add-opens=java.management/sun.management=ALL-UNNAMED, --add-opens=jdk.attach/sun.tools.attach=ALL-UNNAMED, --add-opens=jdk.compiler/com.sun.tools.javac.api=ALL-UNNAMED, --add-opens=jdk.internal.jvmstat/sun.jvmstat.monitor=ALL-UNNAMED, --add-opens=jdk.jdi/com.sun.tools.jdi=ALL-UNNAMED, -Dqodana.application=true, -Dintellij.platform.load.app.info.from.resources=true, -Dfus.internal.reduce.initial.delay=true, -Didea.headless.statistics.max.files.to.send=5000, -Djava.awt.headless=true, -Didea.qodana.thirdpartyplugins.accept=true, -Dide.warmup.use.predicates=false, -Dvcs.log.index.enable=false, -Didea.job.launcher.without.timeout=true, -Dscanning.in.smart.mode=false, -Deap.login.enabled=false, -Dsdk.download.consent=true, -Dide.activity.tracking.enable.debug=true, -Deslint.service.expiration.timeout.ms=5000, -Dphp.additional.library.manager.new.updater=true, -Dide.region.url.mapping.expiration.timeout=7200, -Dexternal.system.auto.import.headless.async=true, -Dmaven.default.headless.import=true, -Dide.do.not.check.ls.on.startup=true, -Dintellij.console.use.severe.log.level=true, -Dqodana.product.name=Qodana for JVM, -Dqodana.build.number=QDJVM-253.30432, -Dqodana.eap=false, -Dide.native.launcher=true]
2026-02-17 09:08:37,500 [    203]   INFO - #c.i.p.i.b.AppStarter - args: qodana --config-dir /tmp/qd-effective-config-2849103232 /data/project /data/results
2026-02-17 09:08:37,501 [    204]   INFO - #c.i.p.i.b.AppStarter - library path: /usr/java/packages/lib:/usr/lib64:/lib64:/lib:/usr/lib
2026-02-17 09:08:37,501 [    204]   INFO - #c.i.p.i.b.AppStarter - boot library path: /opt/idea/jbr/lib
2026-02-17 09:08:37,517 [    220]   INFO - #c.i.p.i.b.AppStarter - locale=en_US JNU=UTF-8 file.encoding=UTF-8
    idea.home.path=/opt/idea
    idea.config.path=/root/.config/idea
    idea.system.path=/data/cache/idea/253
    idea.plugins.path=/data/cache/plugins/253 -> java.nio.file.NoSuchFileException: /data/cache/plugins/253
    idea.log.path=/data/results/log
2026-02-17 09:08:37,541 [    244]   INFO - #c.i.p.i.b.AppStarter - CPU cores: 8; ForkJoinPool.commonPool: java.util.concurrent.ForkJoinPool@5dd05231[Running, parallelism = 8, size = 0, active = 0, running = 0, steals = 0, tasks = 0, submissions = 0]; factory: com.intellij.concurrency.IdeaForkJoinWorkerThreadFactory@768944be
2026-02-17 09:08:40,457 [   3160]   WARN - #c.i.i.p.PluginManager - Dist index is missing or corrupted; an OLD, DEPRECATED, SOON-TO-BE-UNSUPPORTED implementation will be used
2026-02-17 09:08:42,534 [   5237]   INFO - #c.i.i.p.PluginManager - Ignoring cached broken plugins file from an earlier IDE build (IU-253.30432)
2026-02-17 09:08:42,825 [   5528]   INFO - #c.i.i.p.PluginManager - Plugin set resolution:
Module intellij.textmate.frontend.split is not enabled because dependency intellij.platform.frontend.split is not available
Module intellij.json.frontend.split is not enabled because dependency intellij.platform.frontend.split is not available
Module intellij.yaml.frontend.split is not enabled because dependency intellij.platform.frontend.split is not available
Module intellij.sh.frontend.split is not enabled because dependency intellij.platform.frontend.split is not available
Module intellij.properties/copyright is not enabled because dependency com.intellij.copyright is not available
Module intellij.sh.python is not enabled because dependency com.intellij.modules.python is not available
Module intellij.sh.markdown is not enabled because dependency org.intellij.plugins.markdown is not available
Module intellij.sh.copyright is not enabled because dependency com.intellij.copyright is not available
Module intellij.sh.terminal is not enabled because dependency org.jetbrains.plugins.terminal is not available
Module intellij.yaml.helm is not enabled because dependency org.jetbrains.plugins.go-template is not available
Module intellij.editorconfig.frontend.split is not enabled because dependency intellij.platform.frontend.split is not available
Module intellij.platform.identifiers.highlighting.backend is not enabled because dependency com.jetbrains.codeWithMe is not available
Module intellij.css.watcher is not enabled because dependency com.intellij.plugins.watcher is not available
Module intellij.css.frontend.split is not enabled because dependency intellij.platform.frontend.split is not available
Module intellij.css.copyright is not enabled because dependency com.intellij.copyright is not available
Module intellij.less/copyright is not enabled because dependency intellij.css.copyright is not available
Module intellij.less/watcher is not enabled because dependency com.intellij.plugins.watcher is not available
Module intellij.sass.watcher is not enabled because dependency com.intellij.plugins.watcher is not available
Module intellij.sass.frontend.split is not enabled because dependency intellij.css.frontend.split is not available
Module intellij.sass.copyright is not enabled because dependency intellij.css.copyright is not available
Module intellij.platform.images.copyright is not enabled because dependency com.intellij.copyright is not available
Module intellij.javascript.debugger.webDeployment is not enabled because dependency com.jetbrains.plugins.webDeployment is not available
Module intellij.database.frontend.split is not enabled because dependency intellij.platform.frontend.split is not available
Module intellij.database.sql.copyright is not enabled because dependency com.intellij.copyright is not available
Module intellij.database.completionMlRanking is not enabled because dependency com.intellij.completion.ml.ranking is not available
Module intellij.database.docker is not enabled because dependency intellij.clouds.docker is not available
Module intellij.database.diagrams is not enabled because dependency com.intellij.diagram is not available
Module intellij.microservices.jvm.cron is not enabled because dependency com.intellij.cron is not available
Module intellij.microservices.jvm.yaml is not enabled because dependency intellij.microservices.jvm.cron is not available
Module intellij.java.terminal is not enabled because dependency org.jetbrains.plugins.terminal is not available
Module intellij.java.performancePlugin is not enabled because dependency intellij.performanceTesting.vcs is not available
Module intellij.java.featuresTrainer is not enabled because dependency training is not available
Module intellij.groovy/byte-code-viewer is not enabled because dependency ByteCodeViewer is not available
Module intellij.groovy/ant is not enabled because dependency AntSupport is not available
Module intellij.spring.boot.initializr/auto-testing is not enabled because dependency com.jetbrains.performancePlugin is not available
Module intellij.kotlin.devkit.k1 is not enabled because dependency com.intellij.modules.kotlin.k1 is not available
Module intellij.devkit.workspaceModel.k1 is not enabled because dependency com.intellij.modules.kotlin.k1 is not available
Module intellij.kotlin.performanceExtendedPlugin is not enabled because dependency intellij.performanceTesting.vcs is not available
Module intellij.kotlin.jvm.decompiler is not enabled because dependency org.jetbrains.java.decompiler is not available
Module intellij.kotlin.featuresTrainer is not enabled because dependency intellij.java.featuresTrainer is not available
Module intellij.kotlin.completion.ml is not enabled because dependency com.intellij.completion.ml.ranking is not available
Module intellij.kotlin.copyright is not enabled because dependency com.intellij.copyright is not available
Module kotlin-ultimate.profiler is not enabled because dependency com.intellij.LineProfiler is not available
Module intellij.ktor/swagger is not enabled because dependency com.intellij.swagger is not available
Module intellij.ktor/markdown is not enabled because dependency org.intellij.plugins.markdown is not available
Module intellij.android.gradle.dsl.declarative is not enabled because dependency com.android.tools.gradle.dcl is not available
Module intellij.toml.frontend.split is not enabled because dependency intellij.platform.frontend.split is not available
Module intellij.spring.graph is not enabled because dependency com.intellij.diagram is not available
Module intellij.javaee.cdi/diagram is not enabled because dependency com.intellij.diagram is not available
Module intellij.javaee.jax.rs/swagger is not enabled because dependency com.intellij.swagger is not available
Module intellij.webDeployment.transport is not enabled because dependency com.jetbrains.plugins.webDeployment is not available
Module intellij.spring.integration.core/diagram is not enabled because dependency intellij.spring.graph is not available
Module intellij.spring.boot.cron is not enabled because dependency intellij.microservices.jvm.cron is not available
Module intellij.spring.boot.cron.yaml is not enabled because dependency intellij.spring.boot.cron is not available
Module intellij.spring.boot.cron.properties is not enabled because dependency intellij.spring.boot.cron is not available
Module intellij.spring.boot.rewrite is not enabled because dependency com.intellij.openRewrite is not available
Module intellij.spring.boot.run.diagram is not enabled because dependency intellij.spring.graph is not available
Module intellij.httpClient.grpc is not enabled because dependency idea.plugin.protoeditor is not available
Module intellij.httpClient.injection.graphql is not enabled because dependency com.intellij.lang.jsgraphql is not available
Module intellij.spring.jsf is not enabled because dependency com.intellij.jsf is not available
Module intellij.javaee.jsp.base.impl/copyright is not enabled because dependency com.intellij.copyright is not available
Module intellij.javaee.jsp.base.impl/servers is not enabled because dependency com.intellij.javaee.app.servers.integration is not available
Module intellij.postcss/copyright is not enabled because dependency intellij.css.copyright is not available
Module intellij.spring.data.liquibase is not enabled because dependency com.intellij.liquibase is not available
Module intellij.javaee.persistence.diagram is not enabled because dependency com.intellij.diagram is not available
Module intellij.javaee.jpa.diagram is not enabled because dependency intellij.javaee.persistence.diagram is not available
Module intellij.grazie.markdown is not enabled because dependency org.intellij.plugins.markdown is not available
Module intellij.java.ide.customization/training is not enabled because dependency intellij.java.featuresTrainer is not available
Module kotlin-ultimate.native-debugger is not enabled because dependency intellij.cidr.runner is not available
Module kotlin-ultimate.ultimate-native is not enabled because dependency kotlin-ultimate.native-debugger is not available
Module intellij.vcs.git/terminal is not enabled because dependency org.jetbrains.plugins.terminal is not available
Module intellij.javascript.debugger.webstorm.specific is not enabled because dependency com.intellij.modules.webstorm is not available
Module intellij.aqua.runners.cypress is not enabled because dependency intellij.sh.terminal is not available
Module intellij.javascript.backend/diagrams is not enabled because dependency com.intellij.diagram is not available
Module intellij.qodana.jvm.swagger is not enabled because dependency com.intellij.swagger is not available
Module intellij.qodana.python.community is not enabled because dependency com.intellij.modules.python is not available
Module intellij.qodana.cpp is not enabled because dependency intellij.clion.radler.core is not available
Module intellij.qodana.python.coverage is not enabled because dependency intellij.python is not available
Module intellij.qodana.php is not enabled because dependency com.jetbrains.php is not available
Module intellij.qodana.go is not enabled because dependency intellij.go.coverage is not available
Module intellij.hardcodedPasswords.go is not enabled because dependency org.jetbrains.plugins.go is not available
Module intellij.hardcodedPasswords.python is not enabled because dependency com.intellij.modules.python is not available
Module intellij.hardcodedPasswords.php is not enabled because dependency com.jetbrains.php is not available
Module intellij.dependencyAnalysis.dotnet is not enabled because dependency intellij.rider is not available
Module intellij.dependencyAnalysis.go is not enabled because dependency org.jetbrains.plugins.go is not available
Module intellij.dependencyAnalysis.python is not enabled because dependency Pythonid is not available
Module intellij.dependencyAnalysis.php is not enabled because dependency com.jetbrains.php is not available
Module intellij.vuejs.markdown is not enabled because dependency intellij.markdown is not available
Module intellij.vuejs.copyright is not enabled because dependency com.intellij.copyright is not available
Module intellij.vuejs.prettier is not enabled because dependency intellij.prettierJS is not available
Module intellij.packageChecker.php is not enabled because dependency com.jetbrains.php is not available
Module intellij.packageChecker.python is not enabled because dependency com.intellij.modules.python is not available
Module intellij.packageChecker.go is not enabled because dependency org.jetbrains.plugins.go is not available
Module intellij.packageChecker.amper is not enabled because dependency org.jetbrains.amper is not available
Module intellij.spring.mvc.impl/swagger is not enabled because dependency com.intellij.swagger is not available
Module intellij.spring.mvc.impl/thymeleaf is not enabled because dependency intellij.thymeleaf.paid is not available
Module intellij.microservices.diagrams is not enabled because dependency com.intellij.diagram is not available
2026-02-17 09:08:42,963 [   5666]   INFO - #c.i.i.p.PluginManager - Loaded bundled plugins: IDEA CORE (253.30432), TextMate Bundles (253.30432.0), JSON (253.30432.0), YAML (253.30432.0), Database Tools and SQL (253.30432.0), JavaScript and TypeScript (253.30432.0), Properties (253.30432.0), DevKit Runtime (253.30432.0), Java (253.30432.0), Shell Script (253.30432.0), Data Editor Support (253.30432.0), Qodana (253.30432.0), Mercurial (253.30432.0), Gradle (253.30432.0), EditorConfig (253.30432.0), JetBrains Ultimate (253.30432.0), Spring (253.30432.0), CSS (253.30432.0), Artifacts Repository Search (253.30432.0), Less (253.30432.0), Sass (253.30432.0), Images (253.30432.0), JavaScript Debugger (253.30432.0), JVM Microservices Frameworks (253.30432.0), Jakarta EE: JPA Model (253.30432.0), FreeMarker (253.30432.0), AOP Pointcut Language (253.30432.0), Lombok (253.30432.0), JUnit (253.30432.0), Groovy (253.30432.0), Eclipse Interoperability (253.30432.0), Spring Initializr (253.30432.0), Kotlin (253.30432.0-IJ), Ktor (253.30432.0), Gradle DSL API (253.30432.0), Jakarta EE Platform (253.30432.0), HTML Tools (253.30432.0), Toml (253.30432.0), Java Internationalization (253.30432.0), Spring Messaging (253.30432.0), Jakarta EE: Contexts and Dependency Injection (CDI) (253.30432.0), Spring Security (253.30432.0), Jakarta EE: RESTful Web Services (JAX-RS) (253.30432.0), Spring Integration Patterns (253.30432.0), Spring Cloud (253.30432.0), Spring Boot (253.30432.0), JSONPath (253.30432.0), HTTP Client (253.30432.0), Jakarta EE: Expression Language (EL) (253.30432.0), Jakarta EE: Server Pages (JSP) (253.30432.0), PostCSS (253.30432.0), XPathView + XSLT (253.30432.0), Hibernate (253.30432.0), Spring Data (253.30432.0), Jakarta EE: Persistence (JPA) (253.30432.0), JVM Persistence Frameworks (253.30432.0), TestNG (253.30432.0), Code Coverage for Java (253.30432.0), Jakarta EE: Web/Servlets (253.30432.0), Natural Languages (253.30432.0), Java IDE Customization (253.30432.0), Apache Velocity (253.30432.0), Configuration Script (253.30432.0), Shared Indexes (253.30432.0), Shared Project Indexes (253.30432.0), Git (253.30432.0), Maven (253.30432.0), Gradle for Java (253.30432.0), Webpack (253.30432.0), Polymer & Web Components (253.30432.0), React (253.30432.0), Vite (253.30432.0), Next.js (253.30432.0), Karma (253.30432.0), Node.js (253.30432.0), JavaScript Intention Power Pack (253.30432.0), Vue.js (253.30432.0), Package Checker (253.30432.0), Jakarta EE: Bean Validation (253.30432.0), Spring Web (253.30432.0), Endpoints (253.30432.0)
2026-02-17 09:08:42,965 [   5668]   INFO - #c.i.i.p.PluginManager - Loaded custom plugins: Plugin DevKit (253.30432.0), WebP Support (253.30432.0), Swing UI Designer (253.30432.0), Android (253.30432.0), Jetpack Compose (253.30432.0), Hardcoded Passwords (253.30432.0), Dependency Analysis (253.30432.0)
2026-02-17 09:08:43,216 [   5919]   INFO - #c.i.i.p.DisabledPluginsState - Plugins to enable: [com.intellij.modules.ultimate],  was already enabled, nothing changed
2026-02-17 09:08:43,219 [   5922]   INFO - #c.i.i.p.DisabledPluginsState - Plugins to enable: [com.intellij.modules.ultimate],  was already enabled, nothing changed
2026-02-17 09:08:43,243 [   5946]   INFO - #c.i.o.u.LowMemoryWatcherManager - Use ExponentiallySmoothingTracker(90000 ms)
2026-02-17 09:08:43,260 [   5963]   INFO - #c.i.o.u.LowMemoryWatcherManager - Subscribing to MemoryPool[G1 Old Gen]{max: 28840034304, threshold: 27398031360 (0.95 * max)}
2026-02-17 09:08:43,266 [   5969]   INFO - #c.i.o.u.LowMemoryWatcherManager - Schedule GC-time updating: each 15000ms
2026-02-17 09:08:43,816 [   6519]   INFO - #o.j.q.s.i.s.QodanaApplicationStarter - Command line arguments: [qodana, --config-dir, /tmp/qd-effective-config-2849103232, /data/project, /data/results]
2026-02-17 09:08:43,873 [   6576]   INFO - #c.i.u.i.PageCacheUtils - File page caching params:
	DEFAULT_PAGE_SIZE: 10485760
	Direct memory to use, max: 28819062784
	FilePageCache: regular
	Regular FilePageCache: 629145600 bytes
	DirectByteBuffers pool: 104857600 bytes
2026-02-17 09:08:44,053 [   6756]   INFO - #c.i.u.s.JBUIScale - System scale factor: 1.0 (IDE-managed HiDPI)
2026-02-17 09:08:44,102 [   6805]   INFO - #c.i.l.LocalizationStateServiceImpl - [i18n] Localization property from registry is null
2026-02-17 09:08:44,124 [   6827]   INFO - #c.i.p.e.i.f.EelMultiRoutingFileSystemBackendInitializationService - Eel MultiRoutingFileSystem backend is initialized
2026-02-17 09:08:44,132 [   6835]   INFO - #c.i.o.v.n.i.VfsData - Use SoftReference in VFS cache: true
2026-02-17 09:08:44,537 [   7240]   INFO - #c.i.o.v.n.p.PersistentFSLoader - VFS uses names enumerator over mmapped file
2026-02-17 09:08:44,720 [   7423]   INFO - #c.i.o.v.n.p.PersistentFSLoader - VFS uses streamlined attributes storage (over mmapped file)
2026-02-17 09:08:44,795 [   7498]   INFO - #c.i.o.v.n.p.PersistentFSLoader - VFS uses content storage over memory-mapped file, with compression algo: LZ4[ > 8000b ]
2026-02-17 09:08:44,803 [   7506]   INFO - #c.i.o.v.n.p.PersistentFSLoader - VFS uses OverMMappedFile(pageSize=67108864, acquireStorageOwnership=true) storage for main file records table
2026-02-17 09:08:45,734 [   8437]   INFO - #c.i.a.o.PathMacrosImpl - Loaded path macros: {MAVEN_REPOSITORY=/data/cache/.m2}
2026-02-17 09:08:46,368 [   9071]   INFO - #c.i.o.v.n.p.PersistentFSLoader - VFS: impl (expected) version=846400, 0 file records, 0 content blobs
2026-02-17 09:08:46,401 [   9104]   INFO - #c.i.o.v.n.p.FSRecordsImpl - VFS scanned: file-by-name index was populated
2026-02-17 09:08:46,403 [   9106]   INFO - #c.i.o.v.n.p.FSRecordsImpl - VFS initialized: 2103 ms, 0 failed attempts, 0 error(s) were recovered
2026-02-17 09:08:46,453 [   9156]   INFO - #c.i.o.v.n.p.PersistentFSImpl - VFS.MAX_FILE_LENGTH_TO_CACHE: 1048576
2026-02-17 09:08:46,835 [   9538]   INFO - c.i.p.i.IdeFingerprint - Calculated dependencies fingerprint in 3155 ms (hash=1nq3e3m93w7vd, buildTime=1771319317, appVersion=QDJVM-253.30432)
2026-02-17 09:08:47,188 [   9891]   INFO - #c.i.p.k.b.BackendKernelServiceKt - Backend started Kernel
2026-02-17 09:08:47,276 [   9979]   INFO - #c.i.i.p.ExpiredPluginsState - Plugins to skip: []
2026-02-17 09:08:47,278 [   9981]   INFO - #c.i.i.s.StatisticsRegionSettingsServiceImpl - Statistics. Region code is not_set
2026-02-17 09:08:47,292 [   9995]   INFO - #fleet.kernel.Transactor - Duration: 84.124917ms, change from: fleet.tracing.runtime.Span$Noop@7a4b8d67
2026-02-17 09:08:47,426 [  10129]   INFO - #c.i.p.trialPromotion - IDE is not managed
2026-02-17 09:08:47,448 [  10151]   INFO - #c.i.o.v.n.p.FSRecords - VFS health-check enabled: first after 600000 ms, and each following 43200000 ms, wrap in RA: true
2026-02-17 09:08:47,561 [  10264]   INFO - #c.i.s.c.m.SettingsRepositoryToSettingsSyncMigration - No data from settingsRepository in 'settingsRepository' folder => no migration needed
2026-02-17 09:08:47,579 [  10282]   INFO - #c.i.i.s.e.StatisticsEventLoggerProvider - Initialize event logger provider for 'FUS'
2026-02-17 09:08:47,609 [  10312]   INFO - #c.i.i.s.e.StatisticsEventLoggerProvider - Initialize event logger provider for 'MP'
2026-02-17 09:08:47,623 [  10326]   INFO - #c.i.i.s.e.StatisticsEventLoggerProvider - Initialize event logger provider for 'TRACE'
2026-02-17 09:08:47,633 [  10336]   INFO - #c.i.i.s.e.StatisticsEventLoggerProvider - Initialize event logger provider for 'ML'
2026-02-17 09:08:47,715 [  10418]   INFO - #fleet.kernel.Transactor - Very long change!!! Duration: 393.597875ms, change from: fleet.tracing.runtime.Span$Noop@7a4b8d67
2026-02-17 09:08:50,467 [  13170]   INFO - #c.i.i.s.DeviceIdManager - Generating new Device ID for 'MP'
2026-02-17 09:08:50,491 [  13194]   INFO - #c.i.i.s.e.EventLogConfiguration - Generating new salt for MP
2026-02-17 09:08:50,533 [  13236]   INFO - #o.j.i.BuiltInServerManager - built-in server started, port 63342
2026-02-17 09:08:50,682 [  13385]   INFO - #c.i.u.n.s.CertificateManager - Default SSL context initialized
2026-02-17 09:08:51,420 [  14123]   INFO - #c.i.u.i.c.d.IndexWriter - Use com.intellij.util.indexing.contentQueue.dev.MultiThreadedWithSuspendIndexWriter@4a8e3e60 as (parallel) index writer implementation
2026-02-17 09:08:51,441 [  14144]   INFO - #c.i.u.i.i.SlruIndexStorageCacheProvider - SLRU cache will be used for indexes
2026-02-17 09:08:51,445 [  14148]   INFO - #c.i.u.i.i.MapIndexStorageCacheProvider$Companion - Default index storage cache provider [com.intellij.util.indexing.impl.SlruIndexStorageCacheProvider@266cb694] is used
2026-02-17 09:08:51,533 [  14236]   INFO - #c.i.u.i.FileBasedIndexImpl - Loading indexes
2026-02-17 09:08:51,622 [  14325]   INFO - #c.i.o.v.i.l.NativeFileWatcherImpl - Native file watcher is disabled
2026-02-17 09:08:51,712 [  14415]   INFO - #c.i.i.s.p.i.SharedIndexMainZipStorage - Shared Indexes Storage is opened and empty
2026-02-17 09:08:52,268 [  14971]   INFO - #c.i.f.n.TrigramIndexFilter - Filter exclude extensions is enabled: CustomizableExcludeExtensions([com.intellij.java.JavaLibrarySourcesExcludingIndexFilterExtension@6db0d891])
2026-02-17 09:08:52,270 [  14973]   INFO - #c.i.u.i.i.s.IndexStorageLayoutLocator - Layout 'default' will be used to for 'TodoIndex' index (applicable providers: [default, fake-storage])
2026-02-17 09:08:52,271 [  14974]   INFO - #c.i.u.i.i.s.IndexStorageLayoutLocator - Layout 'default' will be used to for 'Stubs' index (applicable providers: [default, fake-storage])
2026-02-17 09:08:52,271 [  14974]   INFO - #c.i.u.i.i.s.IndexStorageLayoutLocator - Layout 'default' will be used to for 'FilenameIndex' index (applicable providers: [default, fake-storage])
2026-02-17 09:08:52,272 [  14975]   INFO - #c.i.u.i.i.s.IndexStorageLayoutLocator - Layout 'default' will be used to for 'fileIncludes' index (applicable providers: [default, fake-storage])
2026-02-17 09:08:52,272 [  14975]   INFO - #c.i.u.i.i.s.IndexStorageLayoutLocator - Layout 'default' will be used to for 'filetypes' index (applicable providers: [default, fake-storage])
2026-02-17 09:08:52,272 [  14975]   INFO - #c.i.u.i.i.s.IndexStorageLayoutLocator - Layout 'default' will be used to for 'Trigram.Index' index (applicable providers: [default, fake-storage]), shards = 1
2026-02-17 09:08:52,272 [  14975]   INFO - #c.i.u.i.i.s.IndexStorageLayoutLocator - Layout 'default' will be used to for 'IdIndex' index (applicable providers: [default, fake-storage]), shards = 1
2026-02-17 09:08:52,328 [  15031]   INFO - #c.i.u.i.i.s.IndexStorageLayoutLocator - Layout 'default' will be used to for 'HashFragmentIndex' index (applicable providers: [default, fake-storage])
2026-02-17 09:08:52,338 [  15041]   INFO - #c.i.u.i.i.s.IndexStorageLayoutLocator - Layout 'default' will be used to for 'FrameworkDetectionIndex' index (applicable providers: [default, fake-storage])
2026-02-17 09:08:52,563 [  15266]   INFO - #c.i.u.i.i.s.IndexStorageLayoutLocator - Layout 'default' will be used to for 'sql.types.count.index' index (applicable providers: [default, fake-storage])
2026-02-17 09:08:52,576 [  15279]   INFO - #c.i.u.i.i.s.IndexStorageLayoutLocator - Layout 'default' will be used to for 'sql.routine.index' index (applicable providers: [default, fake-storage])
2026-02-17 09:08:52,606 [  15309]   INFO - #c.i.u.i.i.s.IndexStorageLayoutLocator - Layout 'default' will be used to for 'XmlTagNames' index (applicable providers: [default, fake-storage])
2026-02-17 09:08:52,619 [  15322]   INFO - #c.i.u.i.i.s.IndexStorageLayoutLocator - Layout 'default' will be used to for 'XmlNamespaces' index (applicable providers: [default, fake-storage])
2026-02-17 09:08:52,695 [  15398]   INFO - #c.i.u.i.i.s.IndexStorageLayoutLocator - Layout 'default' will be used to for 'RelaxSymbolIndex' index (applicable providers: [default, fake-storage])
2026-02-17 09:08:52,697 [  15400]   INFO - #c.i.u.i.i.s.IndexStorageLayoutLocator - Layout 'default' will be used to for 'SchemaTypeInheritance' index (applicable providers: [default, fake-storage])
2026-02-17 09:08:52,704 [  15407]   INFO - #c.i.u.i.i.s.IndexStorageLayoutLocator - Layout 'default' will be used to for 'xmlProperties' index (applicable providers: [default, fake-storage])
2026-02-17 09:08:52,715 [  15418]   INFO - #c.i.u.i.i.s.IndexStorageLayoutLocator - Layout 'default' will be used to for 'editorconfig.index.name' index (applicable providers: [default, fake-storage])
2026-02-17 09:08:52,719 [  15422]   INFO - #c.i.u.i.i.s.IndexStorageLayoutLocator - Layout 'default' will be used to for 'DomFileIndex' index (applicable providers: [default, fake-storage])
2026-02-17 09:08:52,720 [  15423]   INFO - #c.i.u.i.i.s.IndexStorageLayoutLocator - Layout 'default' will be used to for 'html5.custom.attributes.index' index (applicable providers: [default, fake-storage])
2026-02-17 09:08:52,723 [  15426]   INFO - #c.i.u.i.i.s.IndexStorageLayoutLocator - Layout 'default' will be used to for 'json.file.root.values' index (applicable providers: [default, fake-storage])
2026-02-17 09:08:52,756 [  15459]   INFO - #c.i.u.i.i.s.IndexStorageLayoutLocator - Layout 'default' will be used to for 'CssIndex' index (applicable providers: [default, fake-storage])
2026-02-17 09:08:52,781 [  15484]   INFO - #c.i.u.i.i.s.IndexStorageLayoutLocator - Layout 'default' will be used to for 'css.template.selectors' index (applicable providers: [default, fake-storage])
2026-02-17 09:08:52,813 [  15516]   INFO - #c.i.u.i.i.s.IndexStorageLayoutLocator - Layout 'default' will be used to for 'CompassFunctionsIndex' index (applicable providers: [default, fake-storage])
2026-02-17 09:08:52,834 [  15537]   INFO - #c.i.u.i.i.s.IndexStorageLayoutLocator - Layout 'default' will be used to for 'java.auto.module.name' index (applicable providers: [default, fake-storage])
2026-02-17 09:08:52,835 [  15538]   INFO - #c.i.u.i.i.s.IndexStorageLayoutLocator - Layout 'default' will be used to for 'java.null.method.argument' index (applicable providers: [default, fake-storage])
2026-02-17 09:08:52,845 [  15548]   INFO - #c.i.u.i.i.s.IndexStorageLayoutLocator - Layout 'default' will be used to for 'java.source.module.name' index (applicable providers: [default, fake-storage])
2026-02-17 09:08:53,089 [  15792]   INFO - #c.i.u.i.i.s.IndexStorageLayoutLocator - Layout 'default' will be used to for 'java.fun.expression' index (applicable providers: [default, fake-storage])
2026-02-17 09:08:53,094 [  15797]   INFO - #c.i.u.i.i.s.IndexStorageLayoutLocator - Layout 'default' will be used to for 'PluginIdModuleIndex' index (applicable providers: [default, fake-storage])
2026-02-17 09:08:53,097 [  15800]   INFO - #c.i.u.i.i.s.IndexStorageLayoutLocator - Layout 'default' will be used to for 'PluginIdDependenciesIndex' index (applicable providers: [default, fake-storage])
2026-02-17 09:08:53,101 [  15804]   INFO - #c.i.u.i.i.s.IndexStorageLayoutLocator - Layout 'default' will be used to for 'IdeaPluginRegistrationIndex' index (applicable providers: [default, fake-storage])
2026-02-17 09:08:53,104 [  15807]   INFO - #c.i.u.i.i.s.IndexStorageLayoutLocator - Layout 'default' will be used to for 'bytecodeAnalysis' index (applicable providers: [default, fake-storage])
2026-02-17 09:08:53,107 [  15810]   INFO - #c.i.u.i.i.s.IndexStorageLayoutLocator - Layout 'default' will be used to for 'java.binary.plus.expression' index (applicable providers: [default, fake-storage])
2026-02-17 09:08:53,108 [  15811]   INFO - #c.i.u.i.i.s.IndexStorageLayoutLocator - Layout 'default' will be used to for 'devkit.ExtensionPointClassIndex' index (applicable providers: [default, fake-storage])
2026-02-17 09:08:53,112 [  15815]   INFO - #c.i.u.i.i.s.IndexStorageLayoutLocator - Layout 'default' will be used to for 'devkit.ExtensionPointIndex' index (applicable providers: [default, fake-storage])
2026-02-17 09:08:53,165 [  15868]   INFO - #c.i.u.i.i.s.IndexStorageLayoutLocator - Layout 'default' will be used to for 'PropertyCodeReferenceIndex' index (applicable providers: [default, fake-storage])
2026-02-17 09:08:53,218 [  15921]   INFO - #c.i.u.i.i.s.IndexStorageLayoutLocator - Layout 'default' will be used to for 'com.intellij.jpa.jpb.model.EntityRegisterFileIndex' index (applicable providers: [default, fake-storage])
2026-02-17 09:08:53,239 [  15942]   INFO - #c.i.u.i.i.s.IndexStorageLayoutLocator - Layout 'default' will be used to for 'FtlFileIndex' index (applicable providers: [default, fake-storage])
2026-02-17 09:08:53,240 [  15943]   INFO - #c.i.u.i.i.s.IndexStorageLayoutLocator - Layout 'default' will be used to for 'org.jetbrains.kotlin.idea.versions.KotlinJvmMetadataVersionIndex' index (applicable providers: [default, fake-storage])
2026-02-17 09:08:53,251 [  15954]   INFO - #c.i.u.i.i.s.IndexStorageLayoutLocator - Layout 'default' will be used to for 'org.jetbrains.kotlin.idea.versions.KotlinJsMetadataVersionIndex' index (applicable providers: [default, fake-storage])
2026-02-17 09:08:53,256 [  15959]   INFO - #c.i.u.i.i.s.IndexStorageLayoutLocator - Layout 'default' will be used to for 'org.jetbrains.kotlin.idea.vfilefinder.KotlinPartialPackageNamesIndex' index (applicable providers: [default, fake-storage])
2026-02-17 09:08:53,258 [  15961]   INFO - #c.i.u.i.i.s.IndexStorageLayoutLocator - Layout 'default' will be used to for 'LombokConfigIndex' index (applicable providers: [default, fake-storage])
2026-02-17 09:08:53,263 [  15966]   INFO - #c.i.u.i.i.s.IndexStorageLayoutLocator - Layout 'default' will be used to for 'org.jetbrains.kotlin.idea.vfilefinder.KotlinClassFileIndex' index (applicable providers: [default, fake-storage])
2026-02-17 09:08:53,267 [  15970]   INFO - #c.i.u.i.i.s.IndexStorageLayoutLocator - Layout 'default' will be used to for 'org.jetbrains.kotlin.idea.vfilefinder.KotlinJavaScriptMetaFileIndex' index (applicable providers: [default, fake-storage])
2026-02-17 09:08:53,347 [  16050]   INFO - #c.i.u.i.i.s.IndexStorageLayoutLocator - Layout 'default' will be used to for 'org.jetbrains.kotlin.idea.vfilefinder.KotlinMetadataFileIndex' index (applicable providers: [default, fake-storage])
2026-02-17 09:08:53,367 [  16070]   INFO - #c.i.u.i.i.s.IndexStorageLayoutLocator - Layout 'default' will be used to for 'org.jetbrains.kotlin.idea.vfilefinder.KotlinMetadataFilePackageIndex' index (applicable providers: [default, fake-storage])
2026-02-17 09:08:53,385 [  16088]   INFO - #c.i.u.i.i.s.IndexStorageLayoutLocator - Layout 'default' will be used to for 'org.jetbrains.kotlin.idea.vfilefinder.KotlinModuleMappingIndex' index (applicable providers: [default, fake-storage])
2026-02-17 09:08:53,431 [  16134]   INFO - #c.i.u.i.i.s.IndexStorageLayoutLocator - Layout 'default' will be used to for 'KotlinPackageSourcesMemberNamesIndex' index (applicable providers: [default, fake-storage])
2026-02-17 09:08:53,441 [  16144]   INFO - #c.i.u.i.i.s.IndexStorageLayoutLocator - Layout 'default' will be used to for 'org.jetbrains.kotlin.idea.vfilefinder.KotlinStdlibIndex' index (applicable providers: [default, fake-storage])
2026-02-17 09:08:53,441 [  16144]   INFO - #c.i.u.i.i.s.IndexStorageLayoutLocator - Layout 'default' will be used to for 'org.jetbrains.kotlin.idea.vfilefinder.KotlinJvmModuleAnnotationsIndex' index (applicable providers: [default, fake-storage])
2026-02-17 09:08:53,441 [  16144]   INFO - #c.i.u.i.i.s.IndexStorageLayoutLocator - Layout 'default' will be used to for 'org.jetbrains.kotlin.idea.vfilefinder.KotlinBuiltInsMetadataIndex' index (applicable providers: [default, fake-storage])
2026-02-17 09:08:53,442 [  16145]   INFO - #c.i.u.i.i.s.IndexStorageLayoutLocator - Layout 'default' will be used to for 'org.jetbrains.kotlin.idea.vfilefinder.KlibMetaFileIndex' index (applicable providers: [default, fake-storage])
2026-02-17 09:08:53,455 [  16158]   INFO - #c.i.u.i.i.s.IndexStorageLayoutLocator - Layout 'default' will be used to for 'KotlinTopLevelCallableByPackageShortNameIndex' index (applicable providers: [default, fake-storage])
2026-02-17 09:08:53,459 [  16162]   INFO - #c.i.u.i.i.s.IndexStorageLayoutLocator - Layout 'default' will be used to for 'KotlinBinaryRootToPackageIndex' index (applicable providers: [default, fake-storage])
2026-02-17 09:08:53,469 [  16172]   INFO - #c.i.u.i.i.s.IndexStorageLayoutLocator - Layout 'default' will be used to for 'KotlinTopLevelClassLikeDeclarationByPackageShortNameIndex' index (applicable providers: [default, fake-storage])
2026-02-17 09:08:53,502 [  16205]   INFO - #c.i.u.i.i.s.IndexStorageLayoutLocator - Layout 'default' will be used to for 'HtmlTagIdIndex' index (applicable providers: [default, fake-storage])
2026-02-17 09:08:53,531 [  16234]   INFO - #c.i.u.i.i.s.IndexStorageLayoutLocator - Layout 'default' will be used to for 'com.intellij.uiDesigner.FormClassIndex' index (applicable providers: [default, fake-storage])
2026-02-17 09:08:53,540 [  16243]   INFO - #c.i.u.i.i.s.IndexStorageLayoutLocator - Layout 'default' will be used to for 'SpringXmlBeansIndex' index (applicable providers: [default, fake-storage])
2026-02-17 09:08:53,551 [  16254]   INFO - #c.i.u.i.i.s.IndexStorageLayoutLocator - Layout 'default' will be used to for 'spring.spiFileIndex' index (applicable providers: [default, fake-storage])
2026-02-17 09:08:53,553 [  16256]   INFO - #c.i.u.i.i.s.IndexStorageLayoutLocator - Layout 'default' will be used to for 'SpringBootPropertiesImports' index (applicable providers: [default, fake-storage])
2026-02-17 09:08:53,556 [  16259]   INFO - #c.i.u.i.i.s.IndexStorageLayoutLocator - Layout 'default' will be used to for 'spring.autoConfigureMetadataIndex' index (applicable providers: [default, fake-storage])
2026-02-17 09:08:53,564 [  16267]   INFO - #c.i.u.i.i.s.IndexStorageLayoutLocator - Layout 'default' will be used to for 'spring.boot.importsFileIndex' index (applicable providers: [default, fake-storage])
2026-02-17 09:08:53,590 [  16293]   INFO - #c.i.u.i.i.s.IndexStorageLayoutLocator - Layout 'default' will be used to for 'SpringBootYamlImports' index (applicable providers: [default, fake-storage])
2026-02-17 09:08:53,618 [  16321]   INFO - #c.i.u.i.i.s.IndexStorageLayoutLocator - Layout 'default' will be used to for 'http.request.completion.host' index (applicable providers: [default, fake-storage])
2026-02-17 09:08:53,620 [  16323]   INFO - #c.i.u.i.i.s.IndexStorageLayoutLocator - Layout 'default' will be used to for 'http.request.execution.environment' index (applicable providers: [default, fake-storage])
2026-02-17 09:08:53,624 [  16327]   INFO - #c.i.u.i.i.s.IndexStorageLayoutLocator - Layout 'default' will be used to for 'http.request.headers.values.index' index (applicable providers: [default, fake-storage])
2026-02-17 09:08:53,652 [  16355]   INFO - #c.i.u.i.i.s.IndexStorageLayoutLocator - Layout 'default' will be used to for 'http.request.name.index' index (applicable providers: [default, fake-storage])
2026-02-17 09:08:53,659 [  16362]   INFO - #c.i.u.i.i.s.IndexStorageLayoutLocator - Layout 'default' will be used to for 'XsltSymbolIndex' index (applicable providers: [default, fake-storage])
2026-02-17 09:08:53,660 [  16363]   INFO - #c.i.u.i.i.s.IndexStorageLayoutLocator - Layout 'default' will be used to for 'taglibUris' index (applicable providers: [default, fake-storage])
2026-02-17 09:08:53,667 [  16370]   INFO - #c.i.u.i.i.s.IndexStorageLayoutLocator - Layout 'default' will be used to for 'VtlFileIndex' index (applicable providers: [default, fake-storage])
2026-02-17 09:08:53,669 [  16372]   INFO - #c.i.u.i.i.s.IndexStorageLayoutLocator - Layout 'default' will be used to for 'js.test.names' index (applicable providers: [default, fake-storage])
2026-02-17 09:08:53,708 [  16411]   INFO - #c.i.u.i.i.s.IndexStorageLayoutLocator - Layout 'default' will be used to for 'js.package.index' index (applicable providers: [default, fake-storage])
2026-02-17 09:08:53,708 [  16411]   INFO - #c.i.u.i.i.s.IndexStorageLayoutLocator - Layout 'default' will be used to for 'js.custom.single.entry.index' index (applicable providers: [default, fake-storage])
2026-02-17 09:08:53,712 [  16415]   INFO - #c.i.u.i.i.s.IndexStorageLayoutLocator - Layout 'default' will be used to for 'js.implicit.elements.index' index (applicable providers: [default, fake-storage])
2026-02-17 09:08:53,741 [  16444]   INFO - #c.i.u.i.i.s.IndexStorageLayoutLocator - Layout 'default' will be used to for 'js.string.literal.words.index' index (applicable providers: [default, fake-storage])
2026-02-17 09:08:53,771 [  16474]   INFO - #c.i.u.i.i.s.IndexStorageLayoutLocator - Layout 'default' will be used to for 'TypeScriptExternalPathCandidates' index (applicable providers: [default, fake-storage])
2026-02-17 09:08:53,776 [  16479]   INFO - #c.i.u.i.i.s.IndexStorageLayoutLocator - Layout 'default' will be used to for 'js.test.names.extensible' index (applicable providers: [default, fake-storage])
2026-02-17 09:08:53,778 [  16481]   INFO - #c.i.u.i.i.s.IndexStorageLayoutLocator - Layout 'default' will be used to for 'HtmlScriptSrcIndex' index (applicable providers: [default, fake-storage])
2026-02-17 09:08:53,783 [  16486]   INFO - #c.i.u.i.i.s.IndexStorageLayoutLocator - Layout 'default' will be used to for 'com.android.tools.idea.model.AndroidManifestIndex.NAME' index (applicable providers: [default, fake-storage])
2026-02-17 09:08:53,789 [  16492]   INFO - #c.i.u.i.i.s.IndexStorageLayoutLocator - Layout 'default' will be used to for 'WebComponentsIndex' index (applicable providers: [default, fake-storage])
2026-02-17 09:08:53,800 [  16503]   INFO - #c.i.u.i.i.s.IndexStorageLayoutLocator - Layout 'default' will be used to for 'com.android.tools.idea.dagger.index.DaggerIndex' index (applicable providers: [default, fake-storage])
2026-02-17 09:08:53,802 [  16505]   INFO - #c.i.u.i.i.s.IndexStorageLayoutLocator - Layout 'default' will be used to for 'BindingXmlIndex' index (applicable providers: [default, fake-storage])
2026-02-17 09:08:53,821 [  16524]   INFO - #c.i.u.i.i.s.IndexStorageLayoutLocator - Layout 'default' will be used to for 'NavXmlIndex' index (applicable providers: [default, fake-storage])
2026-02-17 09:08:53,840 [  16543]   INFO - #c.i.u.i.i.s.IndexStorageLayoutLocator - Layout 'default' will be used to for 'VueNoScriptFilesIndex' index (applicable providers: [default, fake-storage])
2026-02-17 09:08:53,848 [  16551]   INFO - #c.i.u.i.i.s.IndexStorageLayoutLocator - Layout 'default' will be used to for 'VueComponentStylesIndex' index (applicable providers: [default, fake-storage])
2026-02-17 09:08:54,025 [  16728]   INFO - #c.i.u.i.FileBasedIndexImpl - Indices to be built:org.jetbrains.kotlin.idea.vfilefinder.KotlinPartialPackageNamesIndex(v = 5),VueComponentStylesIndex(v = 2),BindingXmlIndex(v = 12),XmlTagNames(v = 1),IdIndex(v = 22),css.template.selectors(v = 38),java.null.method.argument(v = 1),org.jetbrains.kotlin.idea.vfilefinder.KotlinMetadataFilePackageIndex(v = 2),Stubs(v = 46),SchemaTypeInheritance(v = 2),PluginIdModuleIndex(v = 13),xmlProperties(v = 2),http.request.execution.environment(v = 3),com.intellij.jpa.jpb.model.EntityRegisterFileIndex(v = 0),js.implicit.elements.index(v = 1123652),http.request.name.index(v = 2),FrameworkDetectionIndex(v = 65536),SpringXmlBeansIndex(v = 661),js.custom.single.entry.index(v = 1123642),RelaxSymbolIndex(v = 0),LombokConfigIndex(v = 15),json.file.root.values(v = 5),devkit.ExtensionPointIndex(v = 12),com.intellij.uiDesigner.FormClassIndex(v = 0),org.jetbrains.kotlin.idea.vfilefinder.KotlinStdlibIndex(v = 2),HashFragmentIndex(v = 19111503),org.jetbrains.kotlin.idea.vfilefinder.KotlinClassFileIndex(v = 3),sql.types.count.index(v = 0),HtmlScriptSrcIndex(v = 1),org.jetbrains.kotlin.idea.vfilefinder.KotlinJavaScriptMetaFileIndex(v = 4),TypeScriptExternalPathCandidates(v = 0),WebComponentsIndex(v = 5),spring.boot.importsFileIndex(v = 1),XmlNamespaces(v = 8),js.string.literal.words.index(v = 4),editorconfig.index.name(v = 5),IdeaPluginRegistrationIndex(v = 20),spring.spiFileIndex(v = 3),HtmlTagIdIndex(v = 3),SpringBootYamlImports(v = 0),http.request.headers.values.index(v = 4),KotlinPackageSourcesMemberNamesIndex(v = 2),js.test.names(v = 25),org.jetbrains.kotlin.idea.vfilefinder.KotlinBuiltInsMetadataIndex(v = 4),KotlinTopLevelCallableByPackageShortNameIndex(v = 3),java.binary.plus.expression(v = 4),PluginIdDependenciesIndex(v = 17),KotlinBinaryRootToPackageIndex(v = 7),CssIndex(v = 43),VueNoScriptFilesIndex(v = 12),PropertyCodeReferenceIndex(v = 0),bytecodeAnalysis(v = 11),FilenameIndex(v = 258),org.jetbrains.kotlin.idea.vfilefinder.KotlinModuleMappingIndex(v = 5),filetypes(v = 4096),java.source.module.name(v = 4),org.jetbrains.kotlin.idea.vfilefinder.KotlinJvmModuleAnnotationsIndex(v = 1),taglibUris(v = 7),sql.routine.index(v = 1),java.auto.module.name(v = 6),devkit.ExtensionPointClassIndex(v = 12),http.request.completion.host(v = 5),CompassFunctionsIndex(v = 41),DomFileIndex(v = 0),org.jetbrains.kotlin.idea.versions.KotlinJsMetadataVersionIndex(v = 3),fileIncludes(v = 6),js.package.index(v = 12),Trigram.Index(v = 4),org.jetbrains.kotlin.idea.vfilefinder.KotlinMetadataFileIndex(v = 2),org.jetbrains.kotlin.idea.versions.KotlinJvmMetadataVersionIndex(v = 5),VtlFileIndex(v = 1),NavXmlIndex(v = 11),html5.custom.attributes.index(v = 1),com.android.tools.idea.model.AndroidManifestIndex.NAME(v = 10),SpringBootPropertiesImports(v = 0),org.jetbrains.kotlin.idea.vfilefinder.KlibMetaFileIndex(v = 4),FtlFileIndex(v = 5),js.test.names.extensible(v = 257237),com.android.tools.idea.dagger.index.DaggerIndex(v = 4),KotlinTopLevelClassLikeDeclarationByPackageShortNameIndex(v = 3),TodoIndex(v = 13),java.fun.expression(v = 6),XsltSymbolIndex(v = 0),spring.autoConfigureMetadataIndex(v = 2)
2026-02-17 09:08:54,032 [  16735]   INFO - #c.i.u.i.FileBasedIndexImpl - Using simple flusher for indexes
2026-02-17 09:08:54,073 [  16776]   INFO - STDOUT - By using this linter, you agree to
2026-02-17 09:08:54,074 [  16777]   INFO - STDOUT - - JetBrains Privacy Policy (https://jb.gg/jetbrains-privacy-policy)
2026-02-17 09:08:54,076 [  16779]   INFO - STDOUT - - Qodana Linters Agreement (https://www.jetbrains.com/legal/docs/agreements/qodana/license/)
2026-02-17 09:08:54,077 [  16780]   INFO - STDOUT - Licensed to JetBrains Team
2026-02-17 09:08:54,077 [  16780]   INFO - STDOUT - Subscription is active until June 30, 2026.
2026-02-17 09:08:54,077 [  16780]   INFO - STDOUT - Qodana license plan: Ultimate Plus
2026-02-17 09:08:54,080 [  16783]   INFO - #c.i.u.i.IndexDataInitializer - Index data initialization done: 2510 ms. Initialized indexes: [FilenameIndex, Trigram.Index, HashFragmentIndex, IdIndex, TodoIndex, fileIncludes, sql.routine.index, sql.types.count.index, filetypes, FrameworkDetectionIndex, XmlTagNames, XmlNamespaces, RelaxSymbolIndex, xmlProperties, SchemaTypeInheritance, json.file.root.values, DomFileIndex, html5.custom.attributes.index, CssIndex, java.null.method.argument, java.source.module.name, Stubs, CompassFunctionsIndex, css.template.selectors, java.auto.module.name, editorconfig.index.name, PluginIdDependenciesIndex, bytecodeAnalysis, devkit.ExtensionPointIndex, IdeaPluginRegistrationIndex, PluginIdModuleIndex, java.binary.plus.expression, java.fun.expression, devkit.ExtensionPointClassIndex, PropertyCodeReferenceIndex, com.intellij.jpa.jpb.model.EntityRegisterFileIndex, org.jetbrains.kotlin.idea.versions.KotlinJsMetadataVersionIndex, FtlFileIndex, LombokConfigIndex, org.jetbrains.kotlin.idea.vfilefinder.KotlinClassFileIndex, org.jetbrains.kotlin.idea.versions.KotlinJvmMetadataVersionIndex, org.jetbrains.kotlin.idea.vfilefinder.KotlinJavaScriptMetaFileIndex, org.jetbrains.kotlin.idea.vfilefinder.KotlinPartialPackageNamesIndex, org.jetbrains.kotlin.idea.vfilefinder.KotlinModuleMappingIndex, org.jetbrains.kotlin.idea.vfilefinder.KotlinMetadataFilePackageIndex, org.jetbrains.kotlin.idea.vfilefinder.KotlinMetadataFileIndex, org.jetbrains.kotlin.idea.vfilefinder.KotlinBuiltInsMetadataIndex, org.jetbrains.kotlin.idea.vfilefinder.KotlinStdlibIndex, org.jetbrains.kotlin.idea.vfilefinder.KlibMetaFileIndex, KotlinPackageSourcesMemberNamesIndex, org.jetbrains.kotlin.idea.vfilefinder.KotlinJvmModuleAnnotationsIndex, KotlinTopLevelCallableByPackageShortNameIndex, KotlinBinaryRootToPackageIndex, KotlinTopLevelClassLikeDeclarationByPackageShortNameIndex, HtmlTagIdIndex, com.intellij.uiDesigner.FormClassIndex, SpringBootPropertiesImports, spring.autoConfigureMetadataIndex, SpringXmlBeansIndex, spring.spiFileIndex, spring.boot.importsFileIndex, SpringBootYamlImports, http.request.completion.host, http.request.headers.values.index, http.request.execution.environment, http.request.name.index, js.test.names, js.package.index, XsltSymbolIndex, taglibUris, js.custom.single.entry.index, js.implicit.elements.index, VtlFileIndex, js.string.literal.words.index, js.test.names.extensible, TypeScriptExternalPathCandidates, BindingXmlIndex, HtmlScriptSrcIndex, com.android.tools.idea.model.AndroidManifestIndex.NAME, WebComponentsIndex, NavXmlIndex, VueNoScriptFilesIndex, VueComponentStylesIndex, com.android.tools.idea.dagger.index.DaggerIndex].
2026-02-17 09:08:54,205 [  16908]   WARN - org.jline - Unable to create a system terminal, creating a dumb terminal (enable debug logging for more information)
2026-02-17 09:08:54,629 [  17332]   WARN - org.jline - Unable to create a system terminal, creating a dumb terminal (enable debug logging for more information)
2026-02-17 09:08:54,683 [  17386]   INFO - STDOUT -                                         
2026-02-17 09:08:54,684 [  17387]   INFO - STDOUT -           _              _       
2026-02-17 09:08:54,711 [  17414]   INFO - STDOUT -          /\ \           /\ \        Qodana for JVM 2025.3.3 Preview
2026-02-17 09:08:54,714 [  17417]   INFO - STDOUT -         /  \ \         /  \ \       Documentation
2026-02-17 09:08:54,716 [  17419]   INFO - STDOUT -        / /\ \ \       / /\ \ \      https://jb.gg/qodana-docs
2026-02-17 09:08:54,726 [  17429]   INFO - STDOUT -       / / /\ \ \     / / /\ \ \     Contact us at
2026-02-17 09:08:54,726 [  17429]   INFO - STDOUT -      / / /  \ \_\   / / /  \ \_\    qodana-support@jetbrains.com
2026-02-17 09:08:54,727 [  17430]   INFO - STDOUT -     / / / _ / / /  / / /   / / /    Or via our issue tracker
2026-02-17 09:08:54,728 [  17431]   INFO - STDOUT -    / / / /\ \/ /  / / /   / / /     https://jb.gg/qodana-issue
2026-02-17 09:08:54,729 [  17432]   INFO - STDOUT -   / / /__\ \ \/  / / /___/ / /      Or share your feedback at our forum
2026-02-17 09:08:54,730 [  17433]   INFO - STDOUT -  / / /____\ \ \ / / /____\/ /       https://jb.gg/qodana-forum
2026-02-17 09:08:54,730 [  17433]   INFO - STDOUT -  \/________\_\/ \/_________/     
2026-02-17 09:08:54,731 [  17434]   INFO - STDOUT -                                                    
2026-02-17 09:08:54,732 [  17435]   INFO - STDOUT -                                         
2026-02-17 09:08:54,732 [  17435]   INFO - STDOUT - Starting up Qodana for JVM 2025.3.3 Preview (build QDJVM-253.30432)…done.
2026-02-17 09:08:56,405 [  19108]   INFO - #c.i.p.s.StubIndexImpl - Following stub indices will be built:Css.id(v = 2),org.jetbrains.kotlin.idea.stubindex.KotlinScriptFqnIndex(v = 2),js.local.namespace.members.index(v = 2),Css.custom.property(v = 2),amd.baseUrl.index(v = 2),org.jetbrains.kotlin.idea.stubindex.KotlinInnerTypeAliasClassIdIndex(v = 2),ts.external.module.name.index(v = 3),Scss.variable(v = 2),gr.annot.members(v = 5),js.lazy.packages(v = 3),vue.url.index(v = 25),js.element.qualifiedName(v = 3),org.jetbrains.kotlin.idea.stubindex.KotlinPropertyShortNameIndex(v = 2),vue.mixin.binding.index(v = 25),KotlinTopLevelExtensionsByReceiverTypeIndex(v = 4),org.jetbrains.kotlin.idea.stubindex.KotlinTypeAliasShortNameIndex(v = 2),vue.extends.binding.index(v = 25),java.method.parameter.types(v = 3),java.field.name(v = 2),sql.column.name(v = 3),java.record.component.name(v = 2),es6.assignment.index(v = 2),redis.dml.shortName(v = 3),org.jetbrains.kotlin.idea.stubindex.KotlinTopLevelFunctionFqnNameIndex(v = 3),JS.global.qualified.elements(v = 3),sql.names(v = 21),KotlinTopLevelExpectFunctionFqNameIndex(v = 2),sql.table.shortName(v = 3),js.amd.modules(v = 2),gr.field.name(v = 5),org.jetbrains.kotlin.idea.stubindex.KotlinFilePartClassIndex(v = 2),KotlinExtensionsInObjectsByReceiverTypeIndex(v = 2),java.annotations(v = 2),org.jetbrains.kotlin.idea.stubindex.KotlinFileFacadeShortNameIndex(v = 3),java.class.fqn(v = 1),js.symbol.index2(v = 6),gr.anonymous.class(v = 6),KotlinOverridableInternalMembersShortNameIndex(v = 2),dom.namespaceKey(v = 1),org.jetbrains.kotlin.idea.stubindex.KotlinFullClassNameIndex(v = 3),KotlinTypeAliasByExpansionShortNameIndex(v = 2),Css.custom.variable(v = 3),Scss.function(v = 3),js.symbol.qualified.names.index(v = 1),js.used.remote.modules(v = 2),js.imported.bindings.index(v = 2),KotlinProbablyInjectedFunctionShortNameIndex(v = 2),jvm.static.member.type(v = 2),Less.variables(v = 2),JS.base.types.index(v = 3),KotlinProbablyNothingFunctionShortNameIndex(v = 2),es6.side.effect.import.index(v = 3),org.jetbrains.kotlin.idea.stubindex.KotlinAnnotationsIndex(v = 3),vue.global.filters.index(v = 25),org.jetbrains.kotlin.idea.stubindex.KotlinExactPackagesIndex(v = 2),org.jetbrains.kotlin.idea.stubindex.KotlinSuperClassIndex(v = 2),Scss.mixin(v = 3),js.nonglobal.symbol.index(v = 2),vuex.store.index(v = 25),ts.embedded.content.index(v = 2),Css.custom.mixin(v = 2),java.unnamed.class(v = 2),java.module.name(v = 4),js.qualified.shortName(v = 4),properties.index(v = 2),Css.class(v = 3),js.generics.index(v = 2),gr.class.fqn.s(v = 5),org.jetbrains.kotlin.idea.stubindex.KotlinMultifileClassPartIndex(v = 2),vue.composition.app.index(v = 25),js.gcl.modules(v = 2),org.jetbrains.kotlin.idea.stubindex.KotlinClassShortNameIndex(v = 3),org.jetbrains.kotlin.idea.stubindex.KotlinFileFacadeFqNameIndex(v = 2),KotlinTopLevelExpectPropertyFqNameIndex(v = 2),postcss.custom.media(v = 2),js.doc.modules(v = 2),java.method.name(v = 2),dom.elementClass(v = 0),JS.subclass.stub.index(v = 2),JS.framework.markers.index(v = 2),org.jetbrains.kotlin.idea.stubindex.KotlinJvmNameAnnotationIndex(v = 2),KotlinTopLevelPropertyByPackageIndex(v = 2),KotlinProbablyContractedFunctionShortNameIndex(v = 2),js.namespace.index(v = 2),kotlin.primeIndexKey(v = 2),vue.global.directives.index(v = 25),java.anonymous.baseref(v = 2),gr.script.class(v = 5),Scss.placeholder.selector(v = 2),org.jetbrains.kotlin.idea.stubindex.KotlinTopLevelPropertyFqnNameIndex(v = 3),amd.requirePaths.index(v = 2),java.class.shortname(v = 4),org.jetbrains.kotlin.idea.stubindex.KotlinFunctionShortNameIndex(v = 3),postcss.custom.selector(v = 2),ts.external.module.index(v = 3),js.global.symbol.index(v = 2),KotlinTopLevelTypeAliasByPackageIndex(v = 2),KotlinProbablyNothingPropertyShortNameIndex(v = 2),ts.local.classes(v = 2),org.jetbrains.kotlin.idea.stubindex.KotlinSubclassObjectNameIndex(v = 3),es6.exported.index(v = 3),js.exported.index(v = 2),JS.class.implements(v = 3),Css.ampersand.selector(v = 2),KotlinFileFacadeClassByPackageIndex(v = 2),gr.class.super(v = 5),KotlinTopLevelFunctionByPackageIndex(v = 2),js.class.index2(v = 3),js.export.default.react.component.index(v = 2),gr.annot.method.name(v = 5),org.jetbrains.kotlin.idea.stubindex.KotlinTopLevelClassByPackageIndex(v = 2),JS.class.super(v = 5),vue.components.index(v = 25),Less.mixins(v = 2),ts.global.exported.index(v = 2),gr.script.fqn.s(v = 5),jvm.static.member.name(v = 2),java.class.extlist(v = 3),js.typedef.index2(v = 2),gr.method.name(v = 5),vue.options.index(v = 25),vue.id.index(v = 25),Css.attr(v = 2),org.jetbrains.kotlin.idea.stubindex.KotlinTopLevelTypeAliasFqNameIndex(v = 2)
2026-02-17 09:08:56,447 [  19150]   INFO - #c.i.u.i.IndexDataInitializer - Index data initialization done: 2365 ms. Initialized stub indexes: {org.jetbrains.kotlin.idea.stubindex.KotlinSuperClassIndex, java.unnamed.class, js.local.namespace.members.index, gr.class.super, JS.class.implements, gr.annot.members, ts.external.module.index, vue.global.filters.index, js.used.remote.modules, es6.assignment.index, org.jetbrains.kotlin.idea.stubindex.KotlinExactPackagesIndex, js.imported.bindings.index, org.jetbrains.kotlin.idea.stubindex.KotlinFileFacadeFqNameIndex, java.class.shortname, org.jetbrains.kotlin.idea.stubindex.KotlinTopLevelTypeAliasFqNameIndex, js.element.qualifiedName, KotlinExtensionsInObjectsByReceiverTypeIndex, java.method.parameter.types, Css.custom.mixin, org.jetbrains.kotlin.idea.stubindex.KotlinFileFacadeShortNameIndex, KotlinOverridableInternalMembersShortNameIndex, sql.column.name, sql.table.shortName, java.class.extlist, KotlinTopLevelExtensionsByReceiverTypeIndex, KotlinProbablyInjectedFunctionShortNameIndex, java.method.name, vue.options.index, KotlinFileFacadeClassByPackageIndex, vue.id.index, gr.script.class, org.jetbrains.kotlin.idea.stubindex.KotlinAnnotationsIndex, js.generics.index, org.jetbrains.kotlin.idea.stubindex.KotlinScriptFqnIndex, Less.variables, JS.global.qualified.elements, JS.subclass.stub.index, Scss.placeholder.selector, Css.ampersand.selector, org.jetbrains.kotlin.idea.stubindex.KotlinTopLevelFunctionFqnNameIndex, properties.index, js.exported.index, amd.requirePaths.index, org.jetbrains.kotlin.idea.stubindex.KotlinTopLevelPropertyFqnNameIndex, Css.id, java.field.name, dom.namespaceKey, java.module.name, Css.custom.variable, js.qualified.shortName, gr.annot.method.name, vue.composition.app.index, org.jetbrains.kotlin.idea.stubindex.KotlinSubclassObjectNameIndex, org.jetbrains.kotlin.idea.stubindex.KotlinTopLevelClassByPackageIndex, gr.anonymous.class, es6.exported.index, js.symbol.qualified.names.index, js.nonglobal.symbol.index, jvm.static.member.name, gr.class.fqn.s, KotlinTopLevelExpectFunctionFqNameIndex, js.gcl.modules, vue.global.directives.index, vuex.store.index, dom.elementClass, postcss.custom.selector, js.global.symbol.index, org.jetbrains.kotlin.idea.stubindex.KotlinFullClassNameIndex, JS.class.super, KotlinProbablyNothingFunctionShortNameIndex, org.jetbrains.kotlin.idea.stubindex.KotlinClassShortNameIndex, java.class.fqn, KotlinTopLevelTypeAliasByPackageIndex, org.jetbrains.kotlin.idea.stubindex.KotlinFunctionShortNameIndex, JS.base.types.index, gr.field.name, gr.method.name, js.lazy.packages, org.jetbrains.kotlin.idea.stubindex.KotlinJvmNameAnnotationIndex, js.typedef.index2, org.jetbrains.kotlin.idea.stubindex.KotlinInnerTypeAliasClassIdIndex, Scss.mixin, KotlinTopLevelFunctionByPackageIndex, jvm.static.member.type, org.jetbrains.kotlin.idea.stubindex.KotlinPropertyShortNameIndex, ts.local.classes, ts.embedded.content.index, Css.custom.property, Scss.variable, org.jetbrains.kotlin.idea.stubindex.KotlinFilePartClassIndex, Css.attr, vue.mixin.binding.index, KotlinProbablyNothingPropertyShortNameIndex, KotlinTopLevelPropertyByPackageIndex, js.export.default.react.component.index, amd.baseUrl.index, org.jetbrains.kotlin.idea.stubindex.KotlinTypeAliasShortNameIndex, Less.mixins, vue.url.index, sql.names, java.record.component.name, JS.framework.markers.index, KotlinProbablyContractedFunctionShortNameIndex, vue.extends.binding.index, postcss.custom.media, kotlin.primeIndexKey, js.namespace.index, Css.class, js.amd.modules, java.annotations, KotlinTopLevelExpectPropertyFqNameIndex, ts.global.exported.index, redis.dml.shortName, js.symbol.index2, js.doc.modules, java.anonymous.baseref, vue.components.index, js.class.index2, KotlinTypeAliasByExpansionShortNameIndex, ts.external.module.name.index, gr.script.fqn.s, es6.side.effect.import.index, Scss.function, org.jetbrains.kotlin.idea.stubindex.KotlinMultifileClassPartIndex}.
2026-02-17 09:09:06,752 [  29455]   INFO - #o.j.q.j.j.QodanaConfigJdkService - Setting up JDK '21' from Qodana config
2026-02-17 09:09:06,906 [  29609]   WARN - #c.i.o.p.i.j.JdkAuto - Multiple SdkType candidates kotlin.sequences.TransformingSequence@3500045e. Proceeding with a first candidate: JavaSDK
2026-02-17 09:09:06,991 [  29694]   INFO - #c.i.o.p.i.j.JdkAuto - Looking for a local SDK for JDK with name 21
2026-02-17 09:09:07,148 [  29851]   INFO - #c.i.o.p.i.j.JdkAuto - The following local JDKs were found: [/opt/idea/jbr, 21.0.9, 21], [/root/.jdks/corretto-17, 17.0.15, 17], [/root/.jdks/corretto-11, 11.0.27, 11]
2026-02-17 09:09:07,550 [  30253]   INFO - #c.i.w.i.i.j.s.JpsGlobalModelSynchronizerImpl - Loading global entities com.intellij.platform.workspace.jps.entities.SdkEntity from files
2026-02-17 09:09:07,555 [  30258]   INFO - #c.i.w.i.i.j.s.JpsGlobalModelSynchronizerImpl - Loading global entities com.intellij.platform.workspace.jps.entities.LibraryEntity from files
2026-02-17 09:09:07,768 [  30471]   INFO - #c.i.u.s.JBUIScale - Computed user scale factor: 1.0 (IDE-managed HiDPI)
2026-02-17 09:09:12,868 [  35571]   INFO - #c.i.w.i.i.GlobalWorkspaceModel - Global model updated to version 2 in 118 ms: Adding SDK: 21 JavaSDK
2026-02-17 09:09:12,879 [  35582]   INFO - #c.i.o.p.i.UnknownMissingSdkFixLocal - Automatically set Sdk SdkLookup{JDK, name=21} to /opt/idea/jbr
2026-02-17 09:09:12,881 [  35584]   INFO - #o.j.q.j.j.QodanaConfigJdkService - Setting up JDK '21' from Qodana config completed
2026-02-17 09:09:12,926 [  35629]   INFO - #o.j.q.s.i.r.ConsoleLog - Preparing for the Project opening stage ...
2026-02-17 09:09:12,927 [  35630]   INFO - STDOUT - Opening project…Preparing for the Project opening stage ...
2026-02-17 09:09:13,049 [  35752]   INFO - #c.i.i.i.ProjectUtil - Opening existing project with .idea at /data/project
2026-02-17 09:09:13,143 [  35846]   INFO - #c.i.p.p.ProjectEntitiesStorage - Creating entity for project ProjectId(id=ob9tdktom5o5h14p2gem)
2026-02-17 09:09:13,215 [  35918]   INFO - #c.i.p.p.ProjectEntitiesStorage - Entity for project ProjectId(id=ob9tdktom5o5h14p2gem) created successfully
2026-02-17 09:09:14,040 [  36743]   INFO - #c.i.c.ComponentStoreImpl - Project store initialization started for path: /data/project and template: null
2026-02-17 09:09:14,527 [  37230]   INFO - #c.i.c.ComponentStoreImpl - Project store initialized with paths: [Macro(key=$PROJECT_CONFIG_DIR$, value=/data/project/.idea), Macro(key=$WORKSPACE_FILE$, value=/data/project/.idea/workspace.xml), Macro(key=$PROJECT_FILE$, value=/data/project/.idea/misc.xml), Macro(key=$CACHE_FILE$, value=/data/cache/idea/253/projects/project.15375f63/cache-state.xml), Macro(key=$PRODUCT_WORKSPACE_FILE$, value=/root/.config/idea/workspace/34jFNVRP1mvQHeF1ZhaD1SREEFz.xml)]
2026-02-17 09:09:14,620 [  37323]   INFO - #c.i.w.i.i.GlobalWorkspaceModel - Project java-basics is added to the list of initializing and open projects
2026-02-17 09:09:14,627 [  37330]   INFO - #c.i.w.i.i.l.m.ModuleBridgeLoaderService - Workspace model loaded without cache. Loading real project state into workspace model. Thread[#91,DefaultDispatcher-worker-59,5,main]
2026-02-17 09:09:14,937 [  37640]   INFO - #c.i.w.i.i.EntitiesOrphanageImpl - Update orphanage. 0 modules added
2026-02-17 09:09:14,961 [  37664]   INFO - #c.i.w.i.i.WorkspaceModelImpl - Project model updated to version 1 in 248 ms: Change entity sources to externally imported
2026-02-17 09:09:15,387 [  38090]   INFO - #c.i.w.i.i.GlobalWorkspaceModel - Sync global entities with mutable entity storage
2026-02-17 09:09:15,483 [  38186]   INFO - #c.i.w.i.i.j.s.JpsProjectModelSynchronizer - Attempt 1: Apply JPS storage (iml files)
2026-02-17 09:09:15,590 [  38293]   INFO - #c.i.c.m.CodeInsightContextEnabling - multiverse is enabled
2026-02-17 09:09:15,819 [  38522]   INFO - #c.i.w.i.i.GlobalWorkspaceModel - During global workspace model update the changes were also applied to project: java-basics
2026-02-17 09:09:15,820 [  38523]   INFO - #c.i.w.i.i.GlobalWorkspaceModel - Global model updated to version 3 in 11 ms: Sync entities from project java-basics with global storage
2026-02-17 09:09:15,820 [  38523]   INFO - #c.i.w.i.i.EntitiesOrphanageImpl - Update orphanage. 0 modules added
2026-02-17 09:09:15,875 [  38578]   INFO - #c.i.w.i.i.WorkspaceModelImpl - Project model updated to version 2
2026-02-17 09:09:15,883 [  38586]   INFO - #c.i.w.i.i.EntitiesOrphanageImpl - Update orphanage. 1 modules added
2026-02-17 09:09:15,886 [  38589]   INFO - #c.i.w.i.i.j.s.JpsProjectModelSynchronizer - Attempt 1: Changes were successfully applied
2026-02-17 09:09:16,310 [  39013]   INFO - #c.i.w.i.i.EntitiesOrphanageImpl - Update orphanage. 0 modules added
2026-02-17 09:09:16,318 [  39021]   INFO - #c.i.w.i.i.WorkspaceModelImpl - Project model updated to version 3 in 56 ms: Module model commit
2026-02-17 09:09:16,423 [  39126]   INFO - #c.i.p.c.ProjectCodeStyleSettingsManager - Initialized from default code style settings.
2026-02-17 09:09:16,509 [  39212]   INFO - #c.i.w.i.i.EntitiesOrphanageImpl - Update orphanage. 0 modules added
2026-02-17 09:09:16,513 [  39216]   INFO - #c.i.w.i.i.WorkspaceModelImpl - Project model updated to version 4 in 115 ms: Root model commit
2026-02-17 09:09:16,964 [  39667]   INFO - #c.i.w.i.i.EntitiesOrphanageImpl - Update orphanage. 0 modules added
2026-02-17 09:09:16,967 [  39670]   INFO - #c.i.w.i.i.WorkspaceModelImpl - Project model updated to version 5 in 21 ms: Add project root /data/project to project java-basics
2026-02-17 09:09:16,970 [  39673]   INFO - #c.i.o.p.i.ProjectManagerImpl - Project java-basics was added to the list of open projects
2026-02-17 09:09:17,090 [  39793]   INFO - #c.i.o.p.MergingQueueGuiExecutor - Running task: (dumb mode task) com.intellij.openapi.project.InitialDumbTaskRequiredForSmartMode@39e46927
2026-02-17 09:09:17,117 [  39820]   INFO - #c.i.o.p.DumbServiceMergingTaskQueue - Initializing DumbServiceMergingTaskQueue...
2026-02-17 09:09:17,131 [  39834]   INFO - #c.i.o.p.DumbServiceMergingTaskQueue - Running initialization condition: com.intellij.indexing.shared.download.SharedIndexDownloadedCondition@25e43452
2026-02-17 09:09:17,138 [  39841]   INFO - #c.i.o.p.DumbServiceMergingTaskQueue - Finished: com.intellij.indexing.shared.download.SharedIndexDownloadedCondition@25e43452
2026-02-17 09:09:17,161 [  39864]   INFO - STDOUT - 'external-system' is in progress...
2026-02-17 09:09:17,181 [  39884]   INFO - #c.i.o.p.InitialDumbTaskRequiredForSmartMode - Running task required for smart mode: com.intellij.indexing.shared.platform.impl.OnDiskSharedIndexChunkLocator@53cb3f3e
2026-02-17 09:09:17,193 [  39896]   INFO - #c.i.o.p.InitialDumbTaskRequiredForSmartMode - Finished task required for smart mode: com.intellij.indexing.shared.platform.impl.OnDiskSharedIndexChunkLocator@53cb3f3e
2026-02-17 09:09:17,197 [  39900]   INFO - #c.i.o.p.InitialDumbTaskRequiredForSmartMode - Running task required for smart mode: com.intellij.util.indexing.ProjectFileBasedIndexStartupActivity@d06c46
2026-02-17 09:09:17,210 [  39913]   INFO - #c.i.u.i.FileBasedIndexImpl - Indexes are already loaded
2026-02-17 09:09:17,236 [  39939]   INFO - #c.i.u.i.p.IncrementalProjectIndexableFilesFilterHolder - PersistentProjectIndexableFilesFilterFactory is chosen as indexable files filter factory for project: java-basics
2026-02-17 09:09:17,238 [  39941]   INFO - #c.i.o.e.s.p.m.ExternalProjectsDataStorage - Load external projects data in 16 millis (read time: 3)
2026-02-17 09:09:17,260 [  39963]   INFO - #c.i.u.i.FileBasedIndexImpl - Indexes are already loaded
2026-02-17 09:09:17,310 [  40013]   INFO - #c.i.u.i.d.AppIndexingDependenciesService - Invalidating all indexing flags. Reason: App fingerprint changed: FingerprintImpl(fingerprint=0) to FingerprintImpl(fingerprint=7861085105076549337)
2026-02-17 09:09:17,364 [  40067]   INFO - #c.i.o.v.i.p.NewMappings - VCS Root: [Git] - [<Project>]
2026-02-17 09:09:17,367 [  40070]   INFO - #c.i.o.v.i.p.NewMappings - VCS Root: [Git] - [/data/project/subproject]
2026-02-17 09:09:17,386 [  40089]   INFO - #c.i.u.i.UnindexedFilesScanner - Full scanning on startup will NOT be skipped for project java-basics because of following unsatisfied conditions:
FILTER_IS_NOT_UP_TO_DATE: Persistent indexable files filter is NOT up-to-date because of following unsatisfied conditions: [IS_FILTER_LOADED_FROM_DISK, FILTER_IS_NOT_INVALIDATED, INDEXING_REQUEST_ID_DID_NOT_CHANGE_AFTER_LAST_SCANNING]
2026-02-17 09:09:17,530 [  40233]   INFO - #c.i.w.i.i.EntitiesOrphanageImpl - Update orphanage. 0 modules added
2026-02-17 09:09:17,537 [  40240]   INFO - #c.i.o.a.i.NonBlockingReadActionImpl - OTel monitoring for NonBlockingReadAction is enabled
2026-02-17 09:09:17,539 [  40242]   INFO - #c.i.o.p.UnindexedFilesScannerExecutor - [15375f63] Running task: com.intellij.util.indexing.UnindexedFilesScannerExecutorImpl$ScheduledScanningTask@6ac54bbb
2026-02-17 09:09:17,542 [  40245]   INFO - #c.i.w.i.i.WorkspaceModelImpl - Project model updated to version 6 in 161 ms: ConstantEntitiesCheckActivity
2026-02-17 09:09:17,553 [  40256]   INFO - #c.i.o.p.InitialDumbTaskRequiredForSmartMode - Finished task required for smart mode: com.intellij.util.indexing.ProjectFileBasedIndexStartupActivity@d06c46
2026-02-17 09:09:17,553 [  40256]   INFO - #c.i.o.p.InitialDumbTaskRequiredForSmartMode - Running task required for smart mode: com.intellij.util.indexing.FileBasedIndexInfrastructureExtensionStartup@443c06b1
2026-02-17 09:09:17,568 [  40271]   INFO - #c.i.o.p.InitialDumbTaskRequiredForSmartMode - Finished task required for smart mode: com.intellij.util.indexing.FileBasedIndexInfrastructureExtensionStartup@443c06b1
2026-02-17 09:09:17,571 [  40274]   INFO - #c.i.o.p.InitialDumbTaskRequiredForSmartMode - Running task required for smart mode: com.intellij.util.indexing.DumbModeWhileScanningSubscriber@ae15a8f
2026-02-17 09:09:17,577 [  40280]   INFO - #c.i.o.p.InitialDumbTaskRequiredForSmartMode - Finished task required for smart mode: com.intellij.util.indexing.DumbModeWhileScanningSubscriber@ae15a8f
2026-02-17 09:09:17,579 [  40282]   INFO - #c.i.o.p.InitialDumbTaskRequiredForSmartMode - Running task required for smart mode: com.intellij.ide.projectWizard.generators.SdkPreIndexingRequiredForSmartModeActivity@30ecf782
2026-02-17 09:09:17,587 [  40290]   INFO - #c.i.o.p.InitialDumbTaskRequiredForSmartMode - Finished task required for smart mode: com.intellij.ide.projectWizard.generators.SdkPreIndexingRequiredForSmartModeActivity@30ecf782
2026-02-17 09:09:17,588 [  40291]   INFO - #c.i.o.p.InitialDumbTaskRequiredForSmartMode - Running task required for smart mode: com.android.tools.idea.res.ResourceFolderRepositoryFileCacheImpl$PopulateCachesActivity@22f304f6
2026-02-17 09:09:18,363 [  41066]   INFO - #fleet.kernel.Transactor - Very long change!!! Duration: 341.754166ms, change from: fleet.tracing.runtime.Span$Noop@7a4b8d67
2026-02-17 09:09:19,231 [  41934]   INFO - #o.j.k.i.PluginStartupActivity - Kotlin plugin mode: K2
2026-02-17 09:09:19,391 [  42094]   INFO - #fleet.kernel.Transactor - Duration: 90.986875ms, change from: fleet.tracing.runtime.Span$Noop@7a4b8d67
2026-02-17 09:09:19,500 [  42203]   INFO - #git4idea.commands.GitHandler - [/data/project] git -c core.quotepath=false -c log.showSignature=false version
2026-02-17 09:09:19,810 [  42513]   INFO - #git4idea.commands.GitHandler - git version 2.39.5
2026-02-17 09:09:19,903 [  42606]   INFO - #c.i.j.d.b.r.HostToClientMessagingService - New subscription for ClientId(value=Host)
2026-02-17 09:09:19,935 [  42638]   INFO - #c.i.j.d.f.r.HostRequestListenerActivity - Connected to host
2026-02-17 09:09:19,990 [  42693]   WARN - #o.j.i.maven - MavenProjectsTree is inconsistent
2026-02-17 09:09:20,030 [  42733]   INFO - #o.j.i.maven - Updating index list for project Project(name=java-basics, containerState=COMPONENT_CREATED, componentStore=/data/project)
2026-02-17 09:09:20,046 [  42749]   INFO - #git4idea.config.GitExecutableFileTester - Git version for /usr/bin/git: 2.39.5.0 (UNIX)
2026-02-17 09:09:20,054 [  42757]   INFO - #o.j.i.maven - updating index list for Project(name=java-basics, containerState=COMPONENT_CREATED, componentStore=/data/project) - will add repository local:local:/data/cache/.m2, before was null
2026-02-17 09:09:20,056 [  42759]   WARN - #o.j.i.maven - updateAllMavenProjects started: incremental=false, MavenProjectsManager.onProjectStartup java-basics
2026-02-17 09:09:20,079 [  42782]   INFO - #o.j.i.maven - Starting update maven index for local:local:/data/cache/.m2
2026-02-17 09:09:20,251 [  42954]   INFO - #o.j.i.maven - GAV index updated for repo /data/cache/.m2, 0 files processed in 0 groups in 81 millis, succeed = true
2026-02-17 09:09:20,841 [  43544]   INFO - #o.j.k.g.s.s.r.GradleBuildRootIndex - /data/project: null -> org.jetbrains.kotlin.gradle.scripting.shared.roots.New@71a2f5cc
2026-02-17 09:09:20,884 [  43587]   INFO - #c.i.o.v.i.p.NewMappings - Mapped Roots: 1
2026-02-17 09:09:20,902 [  43605]   INFO - #c.i.o.p.InitialDumbTaskRequiredForSmartMode - Finished task required for smart mode: com.android.tools.idea.res.ResourceFolderRepositoryFileCacheImpl$PopulateCachesActivity@22f304f6
2026-02-17 09:09:20,920 [  43623]   INFO - #c.i.o.p.MergingQueueGuiExecutor - Task finished: (dumb mode task) com.intellij.openapi.project.InitialDumbTaskRequiredForSmartMode@39e46927
2026-02-17 09:09:21,157 [  43860]   INFO - #com.android.tools.idea.adblib.AdbFileLocationTracker - Registering project to adblib channel provider: Project(name=java-basics, containerState=COMPONENT_CREATED, componentStore=/data/project)
2026-02-17 09:09:21,410 [  44113]   INFO - #c.i.o.v.i.p.NewMappings - Mapped Roots: 2
2026-02-17 09:09:21,412 [  44115]   INFO - #c.i.o.v.i.p.NewMappings - Detected mapped Root: [Git] - [/data/project]
2026-02-17 09:09:21,460 [  44163]   INFO - #o.j.q.s.i.r.ConsoleLog - Setting project JDK 21
2026-02-17 09:09:21,465 [  44168]   INFO - STDOUT - Setting project JDK 21
2026-02-17 09:09:21,480 [  44183]   INFO - #o.j.q.j.j.SdkRootsFixActivity - Set resolve roots for SDK 21 Version:java version "21.0.9" Path:(/opt/idea/jbr)
2026-02-17 09:09:21,601 [  44304]   INFO - #c.i.p.d.i.f.FrontendXBreakpointManager - Breakpoint created for XBreakpointId(uid=1)
2026-02-17 09:09:21,605 [  44308]   INFO - #c.i.p.d.i.f.FrontendXBreakpointManager - Breakpoint created for XBreakpointId(uid=2)
2026-02-17 09:09:21,831 [  44534]   INFO - #c.i.u.i.UnindexedFilesScanner - [15375f63] scanning stage (scanning id=0): DelayedPushProperties
2026-02-17 09:09:21,908 [  44611]   INFO - #c.i.u.i.FileBasedIndexImpl - Indexes are already loaded
2026-02-17 09:09:21,948 [  44651]   INFO - #fleet.kernel.Transactor - Duration: 88.593708ms, change from: fleet.tracing.runtime.Span$Noop@7a4b8d67
2026-02-17 09:09:21,988 [  44691]   INFO - #c.i.u.i.UnindexedFilesScanner - [15375f63] Started scanning for indexing of java-basics. Reason: On project open
2026-02-17 09:09:21,992 [  44695]   INFO - STDOUT - [IDE]: Task 'Importing 'project' Gradle Project' started
2026-02-17 09:09:22,010 [  44713]   INFO - #c.i.u.i.UnindexedFilesScanner - [15375f63] scanning stage (scanning id=0): CreatingIterators
2026-02-17 09:09:22,467 [  45170]   INFO - #c.i.i.s.IdeStartupScripts - 0 startup script(s) found
2026-02-17 09:09:22,590 [  45293]   INFO - #c.i.d.PerformanceWatcherImpl - Post-startup activities under progress took 5528ms; general responsiveness: ok; EDT responsiveness: ok
2026-02-17 09:09:27,287 [  49990]   INFO - #c.i.l.t.l.TypeScriptLibraryProviderImpl - Start refreshing typescript libraries
2026-02-17 09:09:27,390 [  50093]   INFO - #c.i.p.t.TemplateLanguageStubBaseVersion - Template stub version: 12361794
  StubVersion(Language: Properties, value: 0)
  StubVersion(Language: Groovy, value: 52)
  StubVersion(Language: HTML, value: 1123678)
  StubVersion(Language: CSS, value: 38)
  StubVersion(Language: SCSS, value: 39)
  StubVersion(Language: SASS, value: 39)
  StubVersion(Language: SQL, value: 35)
  StubVersion(Language: MongoDB, value: 35)
  StubVersion(Language: Redis, value: 35)
  StubVersion(Language: MySQL, value: 35)
  StubVersion(Language: SQLite, value: 35)
  StubVersion(Language: PostgreSQL, value: 35)
  StubVersion(Language: SQL92, value: 35)
  StubVersion(Language: GenericSQL, value: 35)
  StubVersion(Language: Oracle, value: 35)
  StubVersion(Language: NetSuite, value: 35)
  StubVersion(Language: OracleSqlPlus, value: 35)
  StubVersion(Language: TSQL, value: 35)
  StubVersion(Language: Sybase, value: 35)
  StubVersion(Language: MariaDB, value: 35)
  StubVersion(Language: CassandraQL, value: 35)
  StubVersion(Language: ClickHouse, value: 35)
  StubVersion(Language: DB2_IS, value: 35)
  StubVersion(Language: DB2, value: 35)
  StubVersion(Language: DB2_ZOS, value: 35)
  StubVersion(Language: Derby, value: 35)
  StubVersion(Language: Exasol, value: 35)
  StubVersion(Language: Greenplum, value: 35)
  StubVersion(Language: H2, value: 35)
  StubVersion(Language: HiveQL, value: 35)
  StubVersion(Language: HSQLDB, value: 35)
  StubVersion(Language: Redshift, value: 35)
  StubVersion(Language: Snowflake, value: 35)
  StubVersion(Language: SparkSQL, value: 35)
  StubVersion(Language: Vertica, value: 35)
  StubVersion(Language: BigQuery, value: 35)
  StubVersion(Language: CouchbaseQuery, value: 35)
  StubVersion(Language: Cockroach, value: 35)
  StubVersion(Language: Dynamo, value: 35)
  StubVersion(Language: JAVA, value: 66)
  StubVersion(Language: JavaScript, value: 1123637)
  StubVersion(Language: TypeScript, value: 1123637)
  StubVersion(Language: ECMAScript 6, value: 1123637)
  StubVersion(Language: TypeScript JSX, value: 1123637)
  StubVersion(Language: Flow JS, value: 1123637)
  StubVersion(Language: MongoJSExt, value: 1123637)
  StubVersion(Language: HttpClientHandlerJavaScriptDialect, value: 1123637)
  StubVersion(Language: Vue, value: 1123688)
  StubVersion(Language: VueJS, value: 1123637)
  StubVersion(Language: VueTS, value: 1123637)
  StubVersion(Language: LESS, value: 38)
  StubVersion(Language: kotlin, value: 227)
  StubVersion(Language: PostCSS, value: 41)
2026-02-17 09:09:27,858 [  50561]   INFO - #c.i.u.i.UnindexedFilesScanner - [15375f63] scanning stage (scanning id=0): CollectingIndexableFiles
2026-02-17 09:09:27,987 [  50690]   INFO - #c.i.u.i.UnindexedFilesScanner - Scanning of java-basics uses 8 scanning threads
2026-02-17 09:09:27,993 [  50696]   INFO - #c.i.o.p.DumbServiceImpl - exit dumb mode [java-basics]
2026-02-17 09:09:28,325 [  51028]   INFO - #fleet.kernel.Transactor - Duration: 91.879501ms, change from: fleet.tracing.runtime.Span$Noop@7a4b8d67
2026-02-17 09:09:28,553 [  51256]   INFO - STDOUT - [IDE]: Task 'Analyzing project to enable smart features' ended
2026-02-17 09:09:28,557 [  51260]   INFO - STDOUT - [IDE]: Task 'Resolving SDKs' started
2026-02-17 09:09:28,557 [  51260]   INFO - STDOUT - [IDE]: Validating existing SDKs
2026-02-17 09:09:28,582 [  51285]   INFO - #fleet.kernel.Transactor - Duration: 85.437ms, change from: fleet.tracing.runtime.Span$Noop@7a4b8d67
2026-02-17 09:09:28,611 [  51314]   INFO - #c.i.l.t.l.TypeScriptLibraryProviderImpl - End refreshing typescript libraries
2026-02-17 09:09:28,746 [  51449]   INFO - STDOUT - [IDE]: Task 'Resolving SDKs' ended in 197 ms
2026-02-17 09:09:28,823 [  51526]   INFO - #c.i.w.i.i.EntitiesOrphanageImpl - Update orphanage. 0 modules added
2026-02-17 09:09:28,842 [  51545]   INFO - #c.i.w.i.i.WorkspaceModelImpl - Project model updated to version 7 in 79 ms: setOrClearProjectSdkName: SdkId(name=21, type=JavaSDK)
2026-02-17 09:09:29,069 [  51772]   INFO - #c.i.w.i.i.EntitiesOrphanageImpl - Update orphanage. 0 modules added
2026-02-17 09:09:29,082 [  51785]   INFO - #c.i.w.i.i.WorkspaceModelImpl - Project model updated to version 8 in 124 ms: Sync global entities with project: java-basics
2026-02-17 09:09:29,083 [  51786]   INFO - #c.i.w.i.i.GlobalWorkspaceModel - During global workspace model update the changes were also applied to project: java-basics
2026-02-17 09:09:29,084 [  51787]   INFO - #c.i.w.i.i.GlobalWorkspaceModel - Global model updated to version 4 in 209 ms: Modifying SDK SdkId(name=21, type=JavaSDK)
2026-02-17 09:09:30,429 [  53132]   INFO - #o.j.p.g.j.IdeVersionedDataUpdater - Updating version compatibility for org.jetbrains.plugins.gradle.jvmcompat.GradleCompatibilitySupportUpdater. Last update was: 0. Update interval: 1d Url to update https://download.jetbrains.com/resources/intellij/plugins/gradle/v1/compatibility.json
2026-02-17 09:09:30,635 [  53338]   INFO - #c.i.o.e.u.ExternalSystemUtil - External project [/data/project] resolution task started
2026-02-17 09:09:31,429 [  54132]   INFO - #c.i.i.s.p.i.SharedIndexChunkConfigurationImpl - Chunk bundled-jdk-30f59d01ecdd-2fc7cc6b9a17-intellij.indexing.shared.core-QDJVM-253.30432 is registered for project 'java-basics: matching: (fb=96, stub=126), incompatible: (fb=1, stub=0), unknown: (fb=10, stub=13), 
2026-02-17 09:09:31,646 [  54349]   INFO - #o.j.j.b.i.CompilerReferenceIndex - backward reference index version doesn't exist
2026-02-17 09:09:31,800 [  54503]   INFO - #c.i.c.b.IsUpToDateCheckStartupActivity - suitable consumer is not found
2026-02-17 09:09:31,970 [  54673]   INFO - #o.j.i.maven - preimport statistics: linked: 1 of 1 with total 1 modules interpolated 15 of 15, 0 modules added. This statistics calculated for 7 millis
2026-02-17 09:09:32,025 [  54728]   INFO - #o.j.i.maven - Importing Maven project using Workspace API
2026-02-17 09:09:32,260 [  54963]   INFO - STDOUT - [Gradle]: Gradle resolve stage started java-basics:15375f63, working dir: /data/project
2026-02-17 09:09:32,421 [  55124]   INFO - #com.android.tools.idea.gradle.project.sync.GradleSyncStateHolder$SyncStateUpdater - onStart(RESOLVE_PROJECT:2, /data/project)
2026-02-17 09:09:32,429 [  55132]   INFO - #com.android.tools.idea.gradle.project.sync.GradleSyncStateHolder$SyncStateUpdaterService - trackTask(RESOLVE_PROJECT:2, /data/project)
2026-02-17 09:09:32,469 [  55172]   INFO - #com.android.tools.idea.gradle.project.sync.GradleSyncStateHolder - Started (TRIGGER_UNKNOWN) sync with Gradle for project 'java-basics'.
2026-02-17 09:09:32,573 [  55276]   INFO - #c.i.u.i.IndexingReasonExplanationLogger - Scheduling indexing of sass_selector.scss (id=102) by request of indexes: [Trigram.Index->NOT_INDEXED(not indexed),IdIndex->NOT_INDEXED(not indexed),filetypes->NOT_INDEXED(not indexed),Stubs->NOT_INDEXED(not indexed),]. Scanner has updated file sass_selector.scss (id=102) with appliers: [SingleIndexValueApplier{indexId=filetypes, inputId=102, fileInfo='sass_selector.scss(id=102)'}] and removers: []; 
2026-02-17 09:09:32,579 [  55282]   INFO - #c.i.u.i.IndexingReasonExplanationLogger - Scheduling indexing of sass_list.scss (id=98) by request of indexes: [Trigram.Index->NOT_INDEXED(not indexed),IdIndex->NOT_INDEXED(not indexed),filetypes->NOT_INDEXED(not indexed),Stubs->NOT_INDEXED(not indexed),]. Scanner has updated file sass_list.scss (id=98) with appliers: [SingleIndexValueApplier{indexId=filetypes, inputId=98, fileInfo='sass_list.scss(id=98)'}] and removers: []; 
2026-02-17 09:09:32,580 [  55283]   INFO - #c.i.u.i.IndexingReasonExplanationLogger - Scheduling indexing of sass_string.scss (id=103) by request of indexes: [Trigram.Index->NOT_INDEXED(not indexed),IdIndex->NOT_INDEXED(not indexed),filetypes->NOT_INDEXED(not indexed),Stubs->NOT_INDEXED(not indexed),]. Scanner has updated file sass_string.scss (id=103) with appliers: [SingleIndexValueApplier{indexId=filetypes, inputId=103, fileInfo='sass_string.scss(id=103)'}] and removers: []; 
2026-02-17 09:09:32,580 [  55283]   INFO - #c.i.u.i.IndexingReasonExplanationLogger - Scheduling indexing of sass_meta.scss (id=101) by request of indexes: [Trigram.Index->NOT_INDEXED(not indexed),IdIndex->NOT_INDEXED(not indexed),filetypes->NOT_INDEXED(not indexed),Stubs->NOT_INDEXED(not indexed),]. Scanner has updated file sass_meta.scss (id=101) with appliers: [SingleIndexValueApplier{indexId=filetypes, inputId=101, fileInfo='sass_meta.scss(id=101)'}] and removers: []; 
2026-02-17 09:09:32,581 [  55284]   INFO - #c.i.u.i.IndexingReasonExplanationLogger - Scheduling indexing of sass_color.scss (id=97) by request of indexes: [Trigram.Index->NOT_INDEXED(not indexed),IdIndex->NOT_INDEXED(not indexed),filetypes->NOT_INDEXED(not indexed),Stubs->NOT_INDEXED(not indexed),]. Scanner has updated file sass_color.scss (id=97) with appliers: [SingleIndexValueApplier{indexId=filetypes, inputId=97, fileInfo='sass_color.scss(id=97)'}] and removers: []; 
2026-02-17 09:09:32,581 [  55284]   INFO - #c.i.u.i.IndexingReasonExplanationLogger - Scheduling indexing of sass_math.scss (id=100) by request of indexes: [Trigram.Index->NOT_INDEXED(not indexed),IdIndex->NOT_INDEXED(not indexed),filetypes->NOT_INDEXED(not indexed),Stubs->NOT_INDEXED(not indexed),]. Scanner has updated file sass_math.scss (id=100) with appliers: [SingleIndexValueApplier{indexId=filetypes, inputId=100, fileInfo='sass_math.scss(id=100)'}] and removers: []; 
2026-02-17 09:09:32,585 [  55288]   INFO - #c.i.u.i.IndexingReasonExplanationLogger - Scheduling indexing of sass_functions.scss (id=96) by request of indexes: [Trigram.Index->NOT_INDEXED(not indexed),IdIndex->NOT_INDEXED(not indexed),filetypes->NOT_INDEXED(not indexed),Stubs->NOT_INDEXED(not indexed),]. Scanner has updated file sass_functions.scss (id=96) with appliers: [SingleIndexValueApplier{indexId=filetypes, inputId=96, fileInfo='sass_functions.scss(id=96)'}] and removers: []; 
2026-02-17 09:09:32,618 [  55321]   INFO - #c.i.u.i.IndexingReasonExplanationLogger - Scheduling indexing of sass_map.scss (id=99) by request of indexes: [Trigram.Index->NOT_INDEXED(not indexed),IdIndex->NOT_INDEXED(not indexed),filetypes->NOT_INDEXED(not indexed),Stubs->NOT_INDEXED(not indexed),]. Scanner has updated file sass_map.scss (id=99) with appliers: [SingleIndexValueApplier{indexId=filetypes, inputId=99, fileInfo='sass_map.scss(id=99)'}] and removers: []; 
2026-02-17 09:09:32,745 [  55448]   INFO - #c.i.u.i.IndexingReasonExplanationLogger - Scheduling indexing of reflect.kotlin_builtins (id=2465) by request of indexes: [org.jetbrains.kotlin.idea.vfilefinder.KotlinPartialPackageNamesIndex->NOT_INDEXED(not indexed),org.jetbrains.kotlin.idea.vfilefinder.KotlinMetadataFilePackageIndex->NOT_INDEXED(not indexed),org.jetbrains.kotlin.idea.vfilefinder.KotlinMetadataFileIndex->NOT_INDEXED(not indexed),org.jetbrains.kotlin.idea.vfilefinder.KotlinBuiltInsMetadataIndex->NOT_INDEXED(not indexed),KotlinTopLevelCallableByPackageShortNameIndex->NOT_INDEXED(not indexed),KotlinBinaryRootToPackageIndex->NOT_INDEXED(not indexed),KotlinTopLevelClassLikeDeclarationByPackageShortNameIndex->NOT_INDEXED(not indexed),filetypes->NOT_INDEXED(not indexed),Stubs->NOT_INDEXED(not indexed),]. Scanner has updated file reflect.kotlin_builtins (id=2465) with appliers: [SingleIndexValueApplier{indexId=filetypes, inputId=2465, fileInfo='reflect.kotlin_builtins(id=2465)'}] and removers: []; 
2026-02-17 09:09:32,760 [  55463]   INFO - #c.i.u.i.IndexingReasonExplanationLogger - Scheduling indexing of internal.kotlin_builtins (id=2467) by request of indexes: [org.jetbrains.kotlin.idea.vfilefinder.KotlinPartialPackageNamesIndex->NOT_INDEXED(not indexed),org.jetbrains.kotlin.idea.vfilefinder.KotlinMetadataFilePackageIndex->NOT_INDEXED(not indexed),org.jetbrains.kotlin.idea.vfilefinder.KotlinMetadataFileIndex->NOT_INDEXED(not indexed),org.jetbrains.kotlin.idea.vfilefinder.KotlinBuiltInsMetadataIndex->NOT_INDEXED(not indexed),KotlinTopLevelCallableByPackageShortNameIndex->NOT_INDEXED(not indexed),KotlinBinaryRootToPackageIndex->NOT_INDEXED(not indexed),KotlinTopLevelClassLikeDeclarationByPackageShortNameIndex->NOT_INDEXED(not indexed),filetypes->NOT_INDEXED(not indexed),Stubs->NOT_INDEXED(not indexed),]. Scanner has updated file internal.kotlin_builtins (id=2467) with appliers: [SingleIndexValueApplier{indexId=filetypes, inputId=2467, fileInfo='internal.kotlin_builtins(id=2467)'}] and removers: []; 
2026-02-17 09:09:33,028 [  55731]   INFO - #c.i.p.i.c.i.i.JavaIdIndexer - skipSourceFilesInLibraries: false (registry: 'ide.index.id.skip.java.sources.in.libs')
2026-02-17 09:09:40,191 [  62894]   INFO - #fleet.kernel.Transactor - Very long change!!! Duration: 238.639042ms, change from: fleet.tracing.runtime.Span$Noop@7a4b8d67
2026-02-17 09:09:40,508 [  63211]   WARN - #c.i.s.SpellCheckerManager - Couldn't load dictionary vue.dic with loader 'class org.jetbrains.vuejs.spellchecker.VueSpellcheckingDictionaryProvider'
2026-02-17 09:09:41,007 [  63710]   INFO - #o.j.p.g.j.IdeVersionedDataUpdater - IDE versioned data for org.jetbrains.plugins.gradle.jvmcompat.GradleCompatibilitySupportUpdater was updated
2026-02-17 09:09:42,056 [  64759]   INFO - #o.j.p.g.GradleManager - Instructing gradle to use java from /opt/idea/jbr
2026-02-17 09:09:42,209 [  64912]   INFO - #c.i.i.s.p.i.SharedIndexChunkConfigurationImpl - Chunk bundled-js-predefined-d6986cc7102b-9b0f141eb926-JavaScript-QDJVM-253.30432 is registered for project 'java-basics: matching: (fb=64, stub=117), incompatible: (fb=4, stub=0), unknown: (fb=30, stub=43), 
2026-02-17 09:09:42,233 [  64936]   INFO - #o.j.p.g.GradleManager - Instructing gradle to use java from /opt/idea/jbr
2026-02-17 09:09:42,241 [  64944]   INFO - #o.j.q.s.QodanaLinterBackgroundStartupActivity - Executed Qodana backgroundPostStartupActivity
2026-02-17 09:09:42,290 [  64993]   INFO - #c.i.i.s.p.i.BundledSharedIndexPostStartupActivity - Attached 2 pre-built shared indexes: bundled-jdk-30f59d01ecdd-2fc7cc6b9a17-intellij.indexing.shared.core-QDJVM-253.30432, bundled-js-predefined-d6986cc7102b-9b0f141eb926-JavaScript-QDJVM-253.30432
2026-02-17 09:09:42,569 [  65272]   INFO - #c.i.d.u.SqlDialects - SQL dialects initialized in 197 ms
2026-02-17 09:09:42,805 [  65508]   WARN - #c.i.o.e.c.i.EditorColorsManagerImpl - resource not found: colorSchemes/SqlDefault.xml
2026-02-17 09:09:42,809 [  65512]   WARN - #c.i.o.e.c.i.EditorColorsManagerImpl - resource not found: colorSchemes/sassDefault.xml
2026-02-17 09:09:42,830 [  65533]   WARN - #c.i.o.e.c.i.EditorColorsManagerImpl - resource not found: colorSchemes/SqlDarcula.xml
2026-02-17 09:09:42,954 [  65657]   INFO - #o.j.q.s.i.r.ConsoleLog - Keep running Project opening ... so far 30s
2026-02-17 09:09:42,975 [  65678]   INFO - STDOUT - Keep running Project opening ... so far 30s
2026-02-17 09:09:44,869 [  67572]   INFO - #c.i.u.i.IndexingReasonExplanationLogger - Scanner has updated file thai_dict (id=24616) with appliers: [SingleIndexValueApplier{indexId=filetypes, inputId=24616, fileInfo='thai_dict(id=24616)'}] and removers: []; 
2026-02-17 09:09:45,078 [  67781]   INFO - #c.i.u.i.IndexingReasonExplanationLogger - Scanner has updated file metadata.bin (id=11269) with appliers: [SingleIndexValueApplier{indexId=filetypes, inputId=11269, fileInfo='metadata.bin(id=11269)'}] and removers: []; 
2026-02-17 09:09:45,107 [  67810]   INFO - #c.i.u.i.IndexingReasonExplanationLogger - Scanner has updated file qodana (id=5814) with appliers: [SingleIndexValueApplier{indexId=filetypes, inputId=5814, fileInfo='qodana(id=5814)'}] and removers: []; 
2026-02-17 09:09:45,183 [  67886]   INFO - #c.i.p.i.c.i.i.JavaIdIndexer - skipSourceFilesInLibraries: false (registry: 'ide.index.id.skip.java.sources.in.libs')
2026-02-17 09:09:45,436 [  68139]   INFO - #c.i.u.i.IndexingReasonExplanationLogger - Scanner has updated file LineBreakIteratorData_th (id=24594) with appliers: [SingleIndexValueApplier{indexId=filetypes, inputId=24594, fileInfo='LineBreakIteratorData_th(id=24594)'}] and removers: []; 
2026-02-17 09:09:45,444 [  68147]   INFO - #c.i.u.i.IndexingReasonExplanationLogger - Scanner has updated file WordBreakIteratorData_th (id=24710) with appliers: [SingleIndexValueApplier{indexId=filetypes, inputId=24710, fileInfo='WordBreakIteratorData_th(id=24710)'}] and removers: []; 
2026-02-17 09:09:45,635 [  68338]   INFO - #c.i.u.i.IndexingReasonExplanationLogger - Scanner has updated file gradle-wrapper.jar (id=6697) with appliers: [SingleIndexValueApplier{indexId=filetypes, inputId=6697, fileInfo='gradle-wrapper.jar(id=6697)'}] and removers: []; 
2026-02-17 09:09:46,837 [  69540]   INFO - #c.i.u.i.IndexingReasonExplanationLogger - Scanner has updated file chromedriver (id=7183) with appliers: [SingleIndexValueApplier{indexId=filetypes, inputId=7183, fileInfo='chromedriver(id=7183)'}] and removers: []; 
2026-02-17 09:09:46,983 [  69686]   INFO - #c.i.u.i.IndexingReasonExplanationLogger - Scanner has updated file chromedriver.exe (id=7185) with appliers: [SingleIndexValueApplier{indexId=filetypes, inputId=7185, fileInfo='chromedriver.exe(id=7185)'}] and removers: []; 
2026-02-17 09:09:47,171 [  69874]   INFO - #c.i.u.i.IndexingReasonExplanationLogger - Scanner has updated file chromedriver_linux (id=7186) with appliers: [SingleIndexValueApplier{indexId=filetypes, inputId=7186, fileInfo='chromedriver_linux(id=7186)'}] and removers: []; 
2026-02-17 09:09:47,231 [  69934]   INFO - #c.i.u.i.IndexingReasonExplanationLogger - Scanner has updated file .name (id=7225) with appliers: [SingleIndexValueApplier{indexId=filetypes, inputId=7225, fileInfo='.name(id=7225)'}] and removers: []; 
2026-02-17 09:09:53,665 [  76368]   INFO - #c.i.w.i.i.EntitiesOrphanageImpl - Update orphanage. 0 modules added
2026-02-17 09:09:53,675 [  76378]   INFO - #c.i.w.i.i.WorkspaceModelImpl - Project model updated to version 9 in 27 ms: Add project root /data/project to project java-basics
2026-02-17 09:09:54,988 [  77691]   INFO - #o.j.i.maven - Retrying to fast-apply to Workspace Model...
2026-02-17 09:09:55,366 [  78069]   INFO - #c.i.p.c.i.PolyContextDiscoveryInfo$1 - Notifying that PolyContext may have changed due to roots changes.
2026-02-17 09:09:55,401 [  78104]   INFO - #c.i.w.i.i.EntitiesOrphanageImpl - Update orphanage. 0 modules added
2026-02-17 09:09:55,414 [  78117]   INFO - #c.i.w.i.i.WorkspaceModelImpl - Project model updated to version 10 in 353 ms: The Gradle project sync
  phase = INITIAL_PHASE
  taskId = RESOLVE_PROJECT:2
  projectPath = /data/project
2026-02-17 09:09:56,774 [  79477]   INFO - #c.i.c.CompilerWorkspaceConfiguration - Available processors: 8
2026-02-17 09:09:57,556 [  80259]   INFO - #o.j.i.maven - Retrying to fast-apply to Workspace Model...
2026-02-17 09:09:57,558 [  80261]   INFO - #o.j.i.maven - Failed to fast-apply to Workspace Model in 2 attempts, fallback to slower apply in WriteAction
2026-02-17 09:09:57,918 [  80621]   INFO - STDOUT - Downloading https://services.gradle.org/distributions/gradle-8.2.1-bin.zip
2026-02-17 09:09:58,344 [  81047]   INFO - #c.i.p.c.i.PolyContextDiscoveryInfo$1 - Notifying that PolyContext may have changed due to roots changes.
2026-02-17 09:09:58,353 [  81056]   INFO - #c.i.w.i.i.EntitiesOrphanageImpl - Update orphanage. 0 modules added
2026-02-17 09:09:58,438 [  81141]   INFO - #c.i.w.i.i.WorkspaceModelImpl - Project model updated to version 11 in 519 ms: Maven update project model
2026-02-17 09:09:58,491 [  81194]   INFO - #o.j.i.m.i.w.WorkspaceProjectImporter - Project model updated to version 11 (attempts: 3, previous version: 8)
2026-02-17 09:09:58,540 [  81243]   INFO - #o.j.i.maven - [maven import] applying models to workspace model took 26516ms
2026-02-17 09:09:58,637 [  81340]   INFO - #fleet.kernel.Transactor - Duration: 52.318667ms, change from: fleet.tracing.runtime.Span$Noop@7a4b8d67
2026-02-17 09:09:59,452 [  82155]   INFO - #fleet.kernel.Transactor - Duration: 68.980750ms, change from: fleet.tracing.runtime.Span$Noop@7a4b8d67
2026-02-17 09:09:59,703 [  82406]   INFO - #c.i.e.r.RemoteProcessSupport - Starring remote process. Existing info not found, creating PendingInfo:<DeferredCoroutine{Active}@17779ac,>
2026-02-17 09:09:59,748 [  82451]   INFO - #o.j.i.maven - Using extension org.jetbrains.idea.maven.maven3.Maven3Support@413c06d0 to start MavenServer
2026-02-17 09:10:00,147 [  82850]   INFO - #c.i.e.r.RemoteProcessSupport - Remote process system:/opt/idea/jbr/bin/java -Djava.awt.headless=true -Dmaven.defaultProjectBuilder.disableGlobalModelCache=true -Ddelegate.ssl.to.ide=true -Didea.version=2025.3.3 -Didea.maven.embedder.version=3.9.11 -Xmx768m -Dsun.rmi.server.exceptionTrace=true -Dmaven.ext.class.path=/opt/idea/plugins/maven/lib/maven-event-listener.jar -Dfile.encoding=UTF-8 -Dsun.stdout.encoding=UTF-8 -Dsun.stderr.encoding=UTF-8 -classpath /opt/idea/plugins/repository-search/lib/maven-model.jar:/opt/idea/plugins/maven/lib/maven-server.jar:/opt/idea/plugins/maven/lib/maven-server-telemetry.jar:/opt/idea/lib/opentelemetry.jar:/opt/idea/plugins/maven/lib/maven-telemetry-lib/jackson-core-2.16.0.jar:/opt/idea/plugins/maven/lib/maven3-server-common.jar:/opt/idea/plugins/maven/lib/maven3-server-lib/archetype-descriptor-2.2.jar:/opt/idea/plugins/maven/lib/maven3-server-lib/maven-dependency-tree-1.2.jar:/opt/idea/plugins/maven/lib/maven3-server-lib/lucene-core-2.4.1.jar:/opt/idea/plugins/maven/lib/maven3-server-lib/archetype-common-2.2.jar:/opt/idea/plugins/maven/lib/maven3-server-lib/archetype-catalog-2.2.jar:/opt/idea/plugins/maven/lib/maven3-server-lib/nexus-indexer-3.0.4.jar:/opt/idea/plugins/maven/lib/maven3-server-lib/nexus-indexer-artifact-1.0.1.jar:/opt/idea/plugins/maven/lib/maven3-server.jar:/opt/idea/plugins/maven/lib/maven36-server.jar:/opt/idea/plugins/maven/lib/maven3/lib/maven-embedder-3.9.11.jar:/opt/idea/plugins/maven/lib/maven3/lib/httpclient-4.5.14.jar:/opt/idea/plugins/maven/lib/maven3/lib/httpcore-4.4.16.jar:/opt/idea/plugins/maven/lib/maven3/lib/plexus-component-annotations-2.2.0.jar:/opt/idea/plugins/maven/lib/maven3/lib/wagon-http-shared-3.5.3.jar:/opt/idea/plugins/maven/lib/maven3/lib/maven-resolver-impl-1.9.24.jar:/opt/idea/plugins/maven/lib/maven3/lib/maven-compat-3.9.11.jar:/opt/idea/plugins/maven/lib/maven3/lib/wagon-file-3.5.3.jar:/opt/idea/plugins/maven/lib/maven3/lib/org.eclipse.sisu.inject-0.9.0.M4.jar:/opt/idea/plugins/maven/lib/maven3/lib/wagon-http-3.5.3.jar:/opt/idea/plugins/maven/lib/maven3/lib/plexus-sec-dispatcher-2.0.jar:/opt/idea/plugins/maven/lib/maven3/lib/maven-plugin-api-3.9.11.jar:/opt/idea/plugins/maven/lib/maven3/lib/maven-repository-metadata-3.9.11.jar:/opt/idea/plugins/maven/lib/maven3/lib/plexus-cipher-2.0.jar:/opt/idea/plugins/maven/lib/maven3/lib/failureaccess-1.0.3.jar:/opt/idea/plugins/maven/lib/maven3/lib/jansi-2.4.2.jar:/opt/idea/plugins/maven/lib/maven3/lib/maven-settings-builder-3.9.11.jar:/opt/idea/plugins/maven/lib/maven3/lib/javax.annotation-api-1.3.2.jar:/opt/idea/plugins/maven/lib/maven3/lib/plexus-interpolation-1.28.jar:/opt/idea/plugins/maven/lib/maven3/lib/maven-shared-utils-3.4.2.jar:/opt/idea/plugins/maven/lib/maven3/lib/maven-resolver-provider-3.9.11.jar:/opt/idea/plugins/maven/lib/maven3/lib/maven-model-builder-3.9.11.jar:/opt/idea/plugins/maven/lib/maven3/lib/gson-2.13.1.jar:/opt/idea/plugins/maven/lib/maven3/lib/slf4j-api-1.7.36.jar:/opt/idea/plugins/maven/lib/maven3/lib/commons-cli-1.9.0.jar:/opt/idea/plugins/maven/lib/maven3/lib/jcl-over-slf4j-1.7.36.jar:/opt/idea/plugins/maven/lib/maven3/lib/plexus-utils-3.6.0.jar:/opt/idea/plugins/maven/lib/maven3/lib/guava-33.4.8-jre.jar:/opt/idea/plugins/maven/lib/maven3/lib/maven-resolver-spi-1.9.24.jar:/opt/idea/plugins/maven/lib/maven3/lib/aopalliance-1.0.jar:/opt/idea/plugins/maven/lib/maven3/lib/guice-5.1.0-classes.jar:/opt/idea/plugins/maven/lib/maven3/lib/maven-resolver-named-locks-1.9.24.jar:/opt/idea/plugins/maven/lib/maven3/lib/maven-resolver-connector-basic-1.9.24.jar:/opt/idea/plugins/maven/lib/maven3/lib/maven-resolver-util-1.9.24.jar:/opt/idea/plugins/maven/lib/maven3/lib/jspecify-1.0.0.jar:/opt/idea/plugins/maven/lib/maven3/lib/maven-core-3.9.11.jar:/opt/idea/plugins/maven/lib/maven3/lib/maven-model-3.9.11.jar:/opt/idea/plugins/maven/lib/maven3/lib/org.eclipse.sisu.plexus-0.9.0.M4.jar:/opt/idea/plugins/maven/lib/maven3/lib/javax.inject-1.jar:/opt/idea/plugins/maven/lib/maven3/lib/maven-resolver-transport-http-1.9.24.jar:/opt/idea/plugins/maven/lib/maven3/lib/maven-settings-3.9.11.jar:/opt/idea/plugins/maven/lib/maven3/lib/maven-resolver-transport-file-1.9.24.jar:/opt/idea/plugins/maven/lib/maven3/lib/error_prone_annotations-2.38.0.jar:/opt/idea/plugins/maven/lib/maven3/lib/wagon-provider-api-3.5.3.jar:/opt/idea/plugins/maven/lib/maven3/lib/maven-resolver-api-1.9.24.jar:/opt/idea/plugins/maven/lib/maven3/lib/maven-artifact-3.9.11.jar:/opt/idea/plugins/maven/lib/maven3/lib/asm-9.8.jar:/opt/idea/plugins/maven/lib/maven3/lib/commons-codec-1.18.0.jar:/opt/idea/plugins/maven/lib/maven3/lib/maven-builder-support-3.9.11.jar:/opt/idea/plugins/maven/lib/maven3/lib/maven-resolver-transport-wagon-1.9.24.jar:/opt/idea/plugins/maven/lib/maven3/boot/plexus-classworlds-2.9.0.jar:/opt/idea/plugins/maven/lib/maven3/boot/plexus-classworlds.license:/opt/idea/lib/util_rt.jar:/opt/idea/lib/annotations.jar:/opt/idea/lib/util-8.jar org.jetbrains.idea.maven.server.RemoteMavenServer36

2026-02-17 09:10:00,153 [  82856]   INFO - #c.i.e.r.RemoteProcessSupport - Staring remote process, startNotified received, creating PendingInfo: <DeferredCoroutine{Active}@17779ac,>
2026-02-17 09:10:00,162 [  82865]   INFO - #o.j.i.maven - Sent token to maven server
2026-02-17 09:10:01,559 [  84262]   INFO - #fleet.kernel.Transactor - Duration: 93.347084ms, change from: fleet.tracing.runtime.Span$Noop@7a4b8d67
2026-02-17 09:10:03,188 [  85891]   INFO - #c.i.e.r.RemoteProcessSupport - Started remote process on: 127.0.0.1:64891with service port 46403 and id = Maven36ServerImpl6db57794
2026-02-17 09:10:08,091 [  90794]   INFO - #c.i.u.i.UnindexedFilesScanner - [15375f63] Scanning completed for java-basics. Number of scanned files: 33299; number of files for indexing: 32832
2026-02-17 09:10:08,097 [  90800]   INFO - #c.i.o.p.InitialVfsRefreshService - 15375f63: marking roots for initial VFS refresh
2026-02-17 09:10:08,118 [  90821]   INFO - #c.i.o.p.InitialVfsRefreshService - 15375f63: starting initial VFS refresh of 3 roots
2026-02-17 09:10:09,028 [  91731]   INFO - #c.i.o.p.DumbServiceImpl - enter dumb mode [java-basics]
2026-02-17 09:10:09,134 [  91837]   INFO - #c.i.o.a.i.ApplicationImpl - LONG VFS PROCESSING. Topic=BulkFileListener, offender=class org.editorconfig.configmanagement.EditorConfigEncodingCache$VfsListener, message=after, time=59ms
2026-02-17 09:10:09,277 [  91980]   INFO - #c.i.o.p.InitialVfsRefreshService - 15375f63: initial VFS refresh finished in 1146 ms
2026-02-17 09:10:09,449 [  92152]   INFO - #c.i.o.p.MergingQueueGuiExecutor - Running task: (dumb mode task) com.intellij.openapi.roots.impl.PushedFilePropertiesUpdaterImpl$MyDumbModeTask@11154864 (reason: Push on VFS changes)
2026-02-17 09:10:09,456 [  92159]   INFO - #c.i.o.p.UnindexedFilesScannerExecutor - [15375f63] Task finished (scanning id=0): com.intellij.util.indexing.UnindexedFilesScannerExecutorImpl$ScheduledScanningTask@6ac54bbb
2026-02-17 09:10:09,493 [  92196]   INFO - #c.i.o.p.UnindexedFilesScannerExecutor - [15375f63] Running task: com.intellij.util.indexing.UnindexedFilesScannerExecutorImpl$ScheduledScanningTask@47067dca
2026-02-17 09:10:09,499 [  92202]   INFO - #c.i.u.i.UnindexedFilesScanner - [15375f63] scanning stage (scanning id=1): DelayedPushProperties
2026-02-17 09:10:09,935 [  92638]   INFO - #fleet.kernel.Transactor - Very long change!!! Duration: 311.950083ms, change from: fleet.tracing.runtime.Span$Noop@7a4b8d67
2026-02-17 09:10:10,389 [  93092]   INFO - #fleet.kernel.Transactor - Very long change!!! Duration: 362.377208ms, change from: fleet.tracing.runtime.Span$Noop@7a4b8d67
2026-02-17 09:10:10,503 [  93206]   INFO - #fleet.kernel.Transactor - Duration: 106.791375ms, change from: fleet.tracing.runtime.Span$Noop@7a4b8d67
2026-02-17 09:10:10,708 [  93411]   INFO - #c.i.u.i.FileBasedIndexImpl - Indexes are already loaded
2026-02-17 09:10:11,569 [  94272]   INFO - #c.i.o.p.MergingQueueGuiExecutor - Task finished: (dumb mode task) com.intellij.openapi.roots.impl.PushedFilePropertiesUpdaterImpl$MyDumbModeTask@11154864 (reason: Push on VFS changes)
2026-02-17 09:10:11,577 [  94280]   INFO - #c.i.o.p.MergingQueueGuiExecutor - Running task: (dumb mode task) UnindexedFilesIndexer[java-basics, reasons: [On project open, On refresh of files in java-basics (x2)]]
2026-02-17 09:10:11,610 [  94313]   INFO - #c.i.u.i.UnindexedFilesScanner - [15375f63] Started scanning for indexing of java-basics. Reason: Merged Changes from WorkspaceFileIndex with changes in: "Module 'project' (all roots)" with changes in: "Module 'java-basics' (all roots)"
2026-02-17 09:10:11,613 [  94316]   INFO - #c.i.u.i.UnindexedFilesScanner - [15375f63] scanning stage (scanning id=1): CreatingIterators
2026-02-17 09:10:11,616 [  94319]   INFO - #c.i.u.i.UnindexedFilesScanner - [15375f63] scanning stage (scanning id=1): CollectingIndexableFiles
2026-02-17 09:10:11,617 [  94320]   INFO - #c.i.u.i.UnindexedFilesScanner - Scanning of java-basics uses 8 scanning threads
2026-02-17 09:10:11,768 [  94471]   INFO - #c.i.u.i.IndexingReasonExplanationLogger - Scheduling indexing of Sockets.class (id=9601) by request of indexes: [bytecodeAnalysis->NOT_INDEXED(not indexed),org.jetbrains.kotlin.idea.vfilefinder.KotlinClassFileIndex->NOT_INDEXED(not indexed),org.jetbrains.kotlin.idea.versions.KotlinJvmMetadataVersionIndex->NOT_INDEXED(not indexed),org.jetbrains.kotlin.idea.vfilefinder.KotlinPartialPackageNamesIndex->NOT_INDEXED(not indexed),KotlinTopLevelCallableByPackageShortNameIndex->NOT_INDEXED(not indexed),KotlinBinaryRootToPackageIndex->NOT_INDEXED(not indexed),KotlinTopLevelClassLikeDeclarationByPackageShortNameIndex->NOT_INDEXED(not indexed),Stubs->NOT_INDEXED(not indexed),]. 
2026-02-17 09:10:11,771 [  94474]   INFO - #c.i.u.i.IndexingReasonExplanationLogger - Scheduling indexing of VmEvent.class (id=8158) by request of indexes: [bytecodeAnalysis->NOT_INDEXED(not indexed),org.jetbrains.kotlin.idea.vfilefinder.KotlinClassFileIndex->NOT_INDEXED(not indexed),org.jetbrains.kotlin.idea.versions.KotlinJvmMetadataVersionIndex->NOT_INDEXED(not indexed),org.jetbrains.kotlin.idea.vfilefinder.KotlinPartialPackageNamesIndex->NOT_INDEXED(not indexed),KotlinTopLevelCallableByPackageShortNameIndex->NOT_INDEXED(not indexed),KotlinBinaryRootToPackageIndex->NOT_INDEXED(not indexed),KotlinTopLevelClassLikeDeclarationByPackageShortNameIndex->NOT_INDEXED(not indexed),Stubs->NOT_INDEXED(not indexed),]. 
2026-02-17 09:10:11,771 [  94474]   INFO - #c.i.u.i.IndexingReasonExplanationLogger - Scheduling indexing of Rect.class (id=63125) by request of indexes: [bytecodeAnalysis->NOT_INDEXED(not indexed),org.jetbrains.kotlin.idea.vfilefinder.KotlinClassFileIndex->NOT_INDEXED(not indexed),org.jetbrains.kotlin.idea.versions.KotlinJvmMetadataVersionIndex->NOT_INDEXED(not indexed),org.jetbrains.kotlin.idea.vfilefinder.KotlinPartialPackageNamesIndex->NOT_INDEXED(not indexed),KotlinTopLevelCallableByPackageShortNameIndex->NOT_INDEXED(not indexed),KotlinBinaryRootToPackageIndex->NOT_INDEXED(not indexed),KotlinTopLevelClassLikeDeclarationByPackageShortNameIndex->NOT_INDEXED(not indexed),Stubs->NOT_INDEXED(not indexed),]. 
2026-02-17 09:10:11,773 [  94476]   INFO - #c.i.u.i.IndexingReasonExplanationLogger - Scheduling indexing of HttpServerProvider.class (id=38943) by request of indexes: [bytecodeAnalysis->NOT_INDEXED(not indexed),org.jetbrains.kotlin.idea.vfilefinder.KotlinClassFileIndex->NOT_INDEXED(not indexed),org.jetbrains.kotlin.idea.versions.KotlinJvmMetadataVersionIndex->NOT_INDEXED(not indexed),org.jetbrains.kotlin.idea.vfilefinder.KotlinPartialPackageNamesIndex->NOT_INDEXED(not indexed),KotlinTopLevelCallableByPackageShortNameIndex->NOT_INDEXED(not indexed),KotlinBinaryRootToPackageIndex->NOT_INDEXED(not indexed),KotlinTopLevelClassLikeDeclarationByPackageShortNameIndex->NOT_INDEXED(not indexed),Stubs->NOT_INDEXED(not indexed),]. 
2026-02-17 09:10:11,773 [  94476]   INFO - #c.i.u.i.IndexingReasonExplanationLogger - Scheduling indexing of NTLMClient.class (id=40923) by request of indexes: [bytecodeAnalysis->NOT_INDEXED(not indexed),org.jetbrains.kotlin.idea.vfilefinder.KotlinClassFileIndex->NOT_INDEXED(not indexed),org.jetbrains.kotlin.idea.versions.KotlinJvmMetadataVersionIndex->NOT_INDEXED(not indexed),org.jetbrains.kotlin.idea.vfilefinder.KotlinPartialPackageNamesIndex->NOT_INDEXED(not indexed),KotlinTopLevelCallableByPackageShortNameIndex->NOT_INDEXED(not indexed),KotlinBinaryRootToPackageIndex->NOT_INDEXED(not indexed),KotlinTopLevelClassLikeDeclarationByPackageShortNameIndex->NOT_INDEXED(not indexed),Stubs->NOT_INDEXED(not indexed),]. 
2026-02-17 09:10:11,773 [  94476]   INFO - #c.i.u.i.IndexingReasonExplanationLogger - Scheduling indexing of Platform.class (id=71535) by request of indexes: [bytecodeAnalysis->NOT_INDEXED(not indexed),org.jetbrains.kotlin.idea.vfilefinder.KotlinClassFileIndex->NOT_INDEXED(not indexed),org.jetbrains.kotlin.idea.versions.KotlinJvmMetadataVersionIndex->NOT_INDEXED(not indexed),org.jetbrains.kotlin.idea.vfilefinder.KotlinPartialPackageNamesIndex->NOT_INDEXED(not indexed),KotlinTopLevelCallableByPackageShortNameIndex->NOT_INDEXED(not indexed),KotlinBinaryRootToPackageIndex->NOT_INDEXED(not indexed),KotlinTopLevelClassLikeDeclarationByPackageShortNameIndex->NOT_INDEXED(not indexed),Stubs->NOT_INDEXED(not indexed),]. 
2026-02-17 09:10:11,774 [  94477]   INFO - #c.i.u.i.IndexingReasonExplanationLogger - Scheduling indexing of CommandLine.class (id=39183) by request of indexes: [bytecodeAnalysis->NOT_INDEXED(not indexed),org.jetbrains.kotlin.idea.vfilefinder.KotlinClassFileIndex->NOT_INDEXED(not indexed),org.jetbrains.kotlin.idea.versions.KotlinJvmMetadataVersionIndex->NOT_INDEXED(not indexed),org.jetbrains.kotlin.idea.vfilefinder.KotlinPartialPackageNamesIndex->NOT_INDEXED(not indexed),KotlinTopLevelCallableByPackageShortNameIndex->NOT_INDEXED(not indexed),KotlinBinaryRootToPackageIndex->NOT_INDEXED(not indexed),KotlinTopLevelClassLikeDeclarationByPackageShortNameIndex->NOT_INDEXED(not indexed),Stubs->NOT_INDEXED(not indexed),]. 
2026-02-17 09:10:11,786 [  94489]   INFO - #c.i.u.i.IndexingReasonExplanationLogger - Scheduling indexing of HostEvent.class (id=8161) by request of indexes: [bytecodeAnalysis->NOT_INDEXED(not indexed),org.jetbrains.kotlin.idea.vfilefinder.KotlinClassFileIndex->NOT_INDEXED(not indexed),org.jetbrains.kotlin.idea.versions.KotlinJvmMetadataVersionIndex->NOT_INDEXED(not indexed),org.jetbrains.kotlin.idea.vfilefinder.KotlinPartialPackageNamesIndex->NOT_INDEXED(not indexed),KotlinTopLevelCallableByPackageShortNameIndex->NOT_INDEXED(not indexed),KotlinBinaryRootToPackageIndex->NOT_INDEXED(not indexed),KotlinTopLevelClassLikeDeclarationByPackageShortNameIndex->NOT_INDEXED(not indexed),Stubs->NOT_INDEXED(not indexed),]. 
2026-02-17 09:10:11,787 [  94490]   INFO - #c.i.u.i.IndexingReasonExplanationLogger - Scheduling indexing of EdDSASignature.class (id=59154) by request of indexes: [bytecodeAnalysis->NOT_INDEXED(not indexed),org.jetbrains.kotlin.idea.vfilefinder.KotlinClassFileIndex->NOT_INDEXED(not indexed),org.jetbrains.kotlin.idea.versions.KotlinJvmMetadataVersionIndex->NOT_INDEXED(not indexed),org.jetbrains.kotlin.idea.vfilefinder.KotlinPartialPackageNamesIndex->NOT_INDEXED(not indexed),KotlinTopLevelCallableByPackageShortNameIndex->NOT_INDEXED(not indexed),KotlinBinaryRootToPackageIndex->NOT_INDEXED(not indexed),KotlinTopLevelClassLikeDeclarationByPackageShortNameIndex->NOT_INDEXED(not indexed),Stubs->NOT_INDEXED(not indexed),]. 
2026-02-17 09:10:11,790 [  94493]   INFO - #c.i.u.i.IndexingReasonExplanationLogger - Scheduling indexing of Sockets$QuickAck.class (id=9610) by request of indexes: [bytecodeAnalysis->NOT_INDEXED(not indexed),org.jetbrains.kotlin.idea.vfilefinder.KotlinClassFileIndex->NOT_INDEXED(not indexed),org.jetbrains.kotlin.idea.versions.KotlinJvmMetadataVersionIndex->NOT_INDEXED(not indexed),org.jetbrains.kotlin.idea.vfilefinder.KotlinPartialPackageNamesIndex->NOT_INDEXED(not indexed),KotlinTopLevelCallableByPackageShortNameIndex->NOT_INDEXED(not indexed),KotlinBinaryRootToPackageIndex->NOT_INDEXED(not indexed),KotlinTopLevelClassLikeDeclarationByPackageShortNameIndex->NOT_INDEXED(not indexed),Stubs->NOT_INDEXED(not indexed),]. 
2026-02-17 09:10:12,978 [  95681]   INFO - #o.j.q.s.i.r.ConsoleLog - Keep running Project opening ... so far 1m
2026-02-17 09:10:12,979 [  95682]   INFO - STDOUT - ........................................................................................................Keep running Project opening ... so far 1m
2026-02-17 09:10:15,134 [  97837]   INFO - STDOUT - ..................
2026-02-17 09:10:15,170 [  97873]   INFO - STDOUT - [Gradle]: Download https://services.gradle.org/distributions/gradle-8.2.1-bin.zip, took 17 s 223 ms
2026-02-17 09:10:16,403 [  99106]   INFO - #fleet.kernel.Transactor - Duration: 169.112167ms, change from: fleet.tracing.runtime.Span$Noop@7a4b8d67
2026-02-17 09:10:17,662 [ 100365]   INFO - #c.i.u.i.UnindexedFilesScanner - [15375f63] Scanning completed for java-basics. Number of scanned files: 32727; number of files for indexing: 32264
2026-02-17 09:10:17,755 [ 100458]   INFO - #c.i.o.p.UnindexedFilesScannerExecutor - [15375f63] Task finished (scanning id=1): com.intellij.util.indexing.UnindexedFilesScannerExecutorImpl$ScheduledScanningTask@47067dca
2026-02-17 09:10:17,761 [ 100464]   INFO - #c.i.u.i.FileBasedIndexImpl - Indexes are already loaded
2026-02-17 09:10:17,842 [ 100545]   INFO - #c.i.u.i.c.IndexUpdateRunner - Using 8 workers for indexing and 4 for writing indexes
2026-02-17 09:10:18,496 [ 101199]   INFO - #c.i.c.m.CodeInsightContextEnabling - multiverse is enabled
2026-02-17 09:10:20,825 [ 103528]   INFO - #c.i.u.g.s.GistStorageImpl - Cleaning old huge-gists dirs from [/data/cache/idea/253/caches/huge-gists] ...
2026-02-17 09:10:20,834 [ 103537]   INFO - #c.i.u.g.s.GistStorageImpl - Cleaning old huge-gists dirs finished
2026-02-17 09:10:30,680 [ 113383]   INFO - #com.android.tools.idea.gradle.project.common.GradleInitScripts - init script file sync.studio.tooling contents "import org.gradle.util.GradleVersion\ninitscript {\n  dependencies {\n    classpath files([mapPath('/opt/idea/custom-plugins/android/lib/android-gradle.jar'), mapPath('/opt/idea/custom-plugins/android/lib/android-gradle.jar'), mapPath('/opt/idea/lib/util-8.jar')])\n  }\n}\nif (GradleVersion.current().baseVersion >= GradleVersion.version(\"8.8\")) {\n  gradle.lifecycle.beforeProject { Project project ->\n    project.apply plugin: com.android.ide.gradle.model.builder.AndroidStudioToolingPlugin\n  }\n} else {\n  allprojects {\n    apply plugin: com.android.ide.gradle.model.builder.AndroidStudioToolingPlugin\n  }\n}\n"
2026-02-17 09:10:31,886 [ 114589]   INFO - #o.j.p.g.s.e.GradleExecutionHelper - Passing command-line to Gradle Tooling API: --init-script /tmp/ijMapper1.gradle --init-script /tmp/ijIdeaPluginConfigurator1.gradle -Didea.gradle.download.sources=false -Didea.sync.active=true -Didea.resolveSourceSetDependencies=true -Porg.gradle.kotlin.dsl.provider.cid=320723095313 --init-script /tmp/sync.studio.tooling.gradle -Djava.awt.headless=true --continue --stacktrace -Pandroid.injected.build.model.only=true -Pandroid.injected.build.model.only.advanced=true -Pandroid.injected.invoked.from.ide=true -Pandroid.injected.build.model.only.versioned=3 -Pandroid.studio.version=253.30432.0 -Pandroid.injected.build.model.disable.src.download=true -Pidea.gradle.do.not.build.tasks=false -Pandroid.injected.avoid.task.registration=false -Didea.gradle.download.sources.force=false -Pkotlin.mpp.enableIntransitiveMetadataConfiguration=true --init-script /tmp/ijInit1.gradle -Didea.active=true -Didea.version=2025.3.3 -Didea.vendor.name=JetBrains
2026-02-17 09:10:42,990 [ 125693]   INFO - #o.j.q.s.i.r.ConsoleLog - Keep running Project opening ... so far 1m 30s
2026-02-17 09:10:43,008 [ 125711]   INFO - STDOUT - Keep running Project opening ... so far 1m 30s
2026-02-17 09:10:55,577 [ 138280]   INFO - STDOUT - [Gradle]: Starting Gradle Daemon...
2026-02-17 09:11:02,063 [ 144766]   INFO - #c.i.u.i.c.IndexUpdateRunner - File has been excluded: #7502
2026-02-17 09:11:02,105 [ 144808]   INFO - #c.i.u.i.c.IndexUpdateRunner - File has been excluded: #7520
2026-02-17 09:11:02,106 [ 144809]   INFO - #c.i.u.i.c.IndexUpdateRunner - File has been excluded: #7523
2026-02-17 09:11:02,116 [ 144819]   INFO - #c.i.u.i.c.IndexUpdateRunner - File has been excluded: #7522
2026-02-17 09:11:02,121 [ 144824]   INFO - #c.i.u.i.c.IndexUpdateRunner - File has been excluded: #7525
2026-02-17 09:11:02,133 [ 144836]   INFO - #c.i.u.i.c.IndexUpdateRunner - File has been excluded: #7526
2026-02-17 09:11:02,136 [ 144839]   INFO - #c.i.u.i.c.IndexUpdateRunner - File has been excluded: #7521
2026-02-17 09:11:02,141 [ 144844]   INFO - #c.i.u.i.c.IndexUpdateRunner - File has been excluded: #7524
2026-02-17 09:11:02,147 [ 144850]   INFO - #c.i.u.i.c.IndexUpdateRunner - File has been excluded: #7519
2026-02-17 09:11:02,159 [ 144862]   INFO - #c.i.u.i.c.IndexUpdateRunner - File has been excluded: #7504
2026-02-17 09:11:02,277 [ 144980]   INFO - #c.i.u.i.c.IndexUpdateRunner - File has been excluded: #7751
2026-02-17 09:11:02,295 [ 144998]   INFO - #c.i.u.i.c.IndexUpdateRunner - File has been excluded: #7750
2026-02-17 09:11:02,359 [ 145062]   INFO - #c.i.u.i.c.IndexUpdateRunner - File has been excluded: #7808
2026-02-17 09:11:02,415 [ 145118]   INFO - #c.i.u.i.c.IndexUpdateRunner - File has been excluded: #7807
2026-02-17 09:11:02,563 [ 145266]   INFO - #c.i.u.i.c.IndexUpdateRunner - File has been excluded: #8014
2026-02-17 09:11:02,576 [ 145279]   INFO - #c.i.u.i.c.IndexUpdateRunner - File has been excluded: #8016
2026-02-17 09:11:02,591 [ 145294]   INFO - #c.i.u.i.c.IndexUpdateRunner - File has been excluded: #8018
2026-02-17 09:11:02,608 [ 145311]   INFO - #c.i.u.i.c.IndexUpdateRunner - File has been excluded: #8017
2026-02-17 09:11:02,615 [ 145318]   INFO - #c.i.u.i.c.IndexUpdateRunner - File has been excluded: #8015
2026-02-17 09:11:02,643 [ 145346]   INFO - #c.i.u.i.c.IndexUpdateRunner - File has been excluded: #8021
2026-02-17 09:11:02,655 [ 145358]   INFO - #c.i.u.i.c.IndexUpdateRunner - File has been excluded: #8020
2026-02-17 09:11:02,658 [ 145361]   INFO - #c.i.u.i.c.IndexUpdateRunner - File has been excluded: #8019
2026-02-17 09:11:02,675 [ 145378]   INFO - #c.i.u.i.c.IndexUpdateRunner - File has been excluded: #8085
2026-02-17 09:11:02,693 [ 145396]   INFO - #c.i.u.i.c.IndexUpdateRunner - File has been excluded: #8086
2026-02-17 09:11:02,722 [ 145425]   INFO - #c.i.u.i.c.IndexUpdateRunner - File has been excluded: #8091
2026-02-17 09:11:02,734 [ 145437]   INFO - #c.i.u.i.c.IndexUpdateRunner - File has been excluded: #8088
2026-02-17 09:11:02,745 [ 145448]   INFO - #c.i.u.i.c.IndexUpdateRunner - File has been excluded: #8090
2026-02-17 09:11:02,758 [ 145461]   INFO - #c.i.u.i.c.IndexUpdateRunner - File has been excluded: #8087
2026-02-17 09:11:02,763 [ 145466]   INFO - #c.i.u.i.c.IndexUpdateRunner - File has been excluded: #8089
2026-02-17 09:11:02,770 [ 145473]   INFO - #c.i.u.i.c.IndexUpdateRunner - File has been excluded: #8006
2026-02-17 09:11:02,777 [ 145480]   INFO - #c.i.u.i.c.IndexUpdateRunner - File has been excluded: #8011
2026-02-17 09:11:02,793 [ 145496]   INFO - #c.i.u.i.c.IndexUpdateRunner - File has been excluded: #8005
2026-02-17 09:11:02,798 [ 145501]   INFO - #c.i.u.i.c.IndexUpdateRunner - File has been excluded: #8008
2026-02-17 09:11:02,811 [ 145514]   INFO - #c.i.u.i.c.IndexUpdateRunner - File has been excluded: #8013
2026-02-17 09:11:02,886 [ 145589]   INFO - #c.i.u.i.c.IndexUpdateRunner - File has been excluded: #8183
2026-02-17 09:11:02,906 [ 145609]   INFO - #c.i.u.i.c.IndexUpdateRunner - File has been excluded: #8185
2026-02-17 09:11:02,921 [ 145624]   INFO - #c.i.u.i.c.IndexUpdateRunner - File has been excluded: #8187
2026-02-17 09:11:02,935 [ 145638]   INFO - #c.i.u.i.c.IndexUpdateRunner - File has been excluded: #8186
2026-02-17 09:11:02,956 [ 145659]   INFO - #c.i.u.i.c.IndexUpdateRunner - File has been excluded: #8184
2026-02-17 09:11:02,996 [ 145699]   INFO - #c.i.u.i.c.IndexUpdateRunner - File has been excluded: #8260
2026-02-17 09:11:03,010 [ 145713]   INFO - #c.i.u.i.c.IndexUpdateRunner - File has been excluded: #8261
2026-02-17 09:11:03,907 [ 146610]   INFO - #c.i.u.i.c.IndexUpdateRunner - File has been excluded: #8176
2026-02-17 09:11:04,024 [ 146727]   INFO - #c.i.u.i.c.IndexUpdateRunner - File has been excluded: #8180
2026-02-17 09:11:04,025 [ 146728]   INFO - #c.i.u.i.c.IndexUpdateRunner - File has been excluded: #8177
2026-02-17 09:11:04,025 [ 146728]   INFO - #c.i.u.i.c.IndexUpdateRunner - File has been excluded: #8178
2026-02-17 09:11:04,025 [ 146728]   INFO - #c.i.u.i.c.IndexUpdateRunner - File has been excluded: #8182
2026-02-17 09:11:04,026 [ 146729]   INFO - #c.i.u.i.c.IndexUpdateRunner - File has been excluded: #8002
2026-02-17 09:11:04,026 [ 146729]   INFO - #c.i.u.i.c.IndexUpdateRunner - File has been excluded: #8682
2026-02-17 09:11:04,026 [ 146729]   INFO - #c.i.u.i.c.IndexUpdateRunner - File has been excluded: #8681
2026-02-17 09:11:04,027 [ 146730]   INFO - #c.i.u.i.c.IndexUpdateRunner - File has been excluded: #8683
2026-02-17 09:11:04,027 [ 146730]   INFO - #c.i.u.i.c.IndexUpdateRunner - File has been excluded: #8685
2026-02-17 09:11:04,027 [ 146730]   INFO - #c.i.u.i.c.IndexUpdateRunner - File has been excluded: #8684
2026-02-17 09:11:04,028 [ 146731]   INFO - #c.i.u.i.c.IndexUpdateRunner - File has been excluded: #8680
2026-02-17 09:11:04,090 [ 146793]   INFO - #c.i.u.i.c.IndexUpdateRunner - File has been excluded: #8804
2026-02-17 09:11:04,092 [ 146795]   INFO - #c.i.u.i.c.IndexUpdateRunner - File has been excluded: #8493
2026-02-17 09:11:04,093 [ 146796]   INFO - #c.i.u.i.c.IndexUpdateRunner - File has been excluded: #8529
2026-02-17 09:11:04,101 [ 146804]   INFO - #c.i.u.i.c.IndexUpdateRunner - File has been excluded: #9101
2026-02-17 09:11:04,106 [ 146809]   INFO - #c.i.u.i.c.IndexUpdateRunner - File has been excluded: #9100
2026-02-17 09:11:04,112 [ 146815]   INFO - #c.i.u.i.c.IndexUpdateRunner - File has been excluded: #9102
2026-02-17 09:11:04,121 [ 146824]   INFO - #c.i.u.i.c.IndexUpdateRunner - File has been excluded: #9030
2026-02-17 09:11:04,131 [ 146834]   INFO - #c.i.u.i.c.IndexUpdateRunner - File has been excluded: #9031
2026-02-17 09:11:04,136 [ 146839]   INFO - #c.i.u.i.c.IndexUpdateRunner - File has been excluded: #9027
2026-02-17 09:11:04,152 [ 146855]   INFO - #c.i.u.i.c.IndexUpdateRunner - File has been excluded: #9175
2026-02-17 09:11:04,159 [ 146862]   INFO - #c.i.u.i.c.IndexUpdateRunner - File has been excluded: #7991
2026-02-17 09:11:04,242 [ 146945]   INFO - #c.i.u.i.c.IndexUpdateRunner - File has been excluded: #7989
2026-02-17 09:11:04,333 [ 147036]   INFO - #c.i.u.i.c.IndexUpdateRunner - File has been excluded: #7988
2026-02-17 09:11:04,334 [ 147037]   INFO - #c.i.u.i.c.IndexUpdateRunner - File has been excluded: #9351
2026-02-17 09:11:04,335 [ 147038]   INFO - #c.i.u.i.c.IndexUpdateRunner - File has been excluded: #9318
2026-02-17 09:11:04,349 [ 147052]   INFO - #c.i.u.i.c.IndexUpdateRunner - File has been excluded: #9354
2026-02-17 09:11:04,351 [ 147054]   INFO - #c.i.u.i.c.IndexUpdateRunner - File has been excluded: #9353
2026-02-17 09:11:04,353 [ 147056]   INFO - #c.i.u.i.c.IndexUpdateRunner - File has been excluded: #9352
2026-02-17 09:11:04,354 [ 147057]   INFO - #c.i.u.i.c.IndexUpdateRunner - File has been excluded: #9319
2026-02-17 09:11:04,375 [ 147078]   INFO - #c.i.u.i.c.IndexUpdateRunner - File has been excluded: #9432
2026-02-17 09:11:04,572 [ 147275]   INFO - #c.i.u.i.c.IndexUpdateRunner - File has been excluded: #9457
2026-02-17 09:11:04,721 [ 147424]   INFO - #c.i.u.i.c.IndexUpdateRunner - File has been excluded: #9455
2026-02-17 09:11:04,736 [ 147439]   INFO - #c.i.u.i.c.IndexUpdateRunner - File has been excluded: #9434
2026-02-17 09:11:04,745 [ 147448]   INFO - #c.i.u.i.c.IndexUpdateRunner - File has been excluded: #9458
2026-02-17 09:11:04,762 [ 147465]   INFO - #c.i.u.i.c.IndexUpdateRunner - File has been excluded: #9453
2026-02-17 09:11:04,784 [ 147487]   INFO - #c.i.u.i.c.IndexUpdateRunner - File has been excluded: #9447
2026-02-17 09:11:04,799 [ 147502]   INFO - #c.i.u.i.c.IndexUpdateRunner - File has been excluded: #9448
2026-02-17 09:11:04,810 [ 147513]   INFO - #c.i.u.i.c.IndexUpdateRunner - File has been excluded: #9444
2026-02-17 09:11:04,966 [ 147669]   INFO - STDOUT - [Gradle]: Gradle Daemon started in 9 s 302 ms
2026-02-17 09:11:05,130 [ 147833]   INFO - #c.i.u.i.c.IndexUpdateRunner - File has been excluded: #9445
2026-02-17 09:11:05,302 [ 148005]   INFO - #c.i.u.i.c.IndexUpdateRunner - File has been excluded: #9456
2026-02-17 09:11:05,318 [ 148021]   INFO - #c.i.u.i.c.IndexUpdateRunner - File has been excluded: #9449
2026-02-17 09:11:05,345 [ 148048]   INFO - #c.i.u.i.c.IndexUpdateRunner - File has been excluded: #9451
2026-02-17 09:11:05,369 [ 148072]   INFO - #c.i.u.i.c.IndexUpdateRunner - File has been excluded: #9436
2026-02-17 09:11:05,430 [ 148133]   INFO - #c.i.l.t.t.TypeScriptCompilerEvaluationFacadeImpl - 'Use types from server' option for VueClassicTypeScriptService state: false
2026-02-17 09:11:05,435 [ 148138]   INFO - #c.i.l.t.t.TypeScriptCompilerEvaluationFacadeImpl - 'Use types from server' option for VuePluginTypeScriptService state: false
2026-02-17 09:11:05,435 [ 148138]   INFO - #c.i.l.t.t.TypeScriptCompilerEvaluationFacadeImpl - 'Use types from server' option for TypeScriptServerServiceImpl state: false
2026-02-17 09:11:05,447 [ 148150]   INFO - #c.i.u.i.c.IndexUpdateRunner - File has been excluded: #9446
2026-02-17 09:11:05,456 [ 148159]   INFO - #c.i.u.i.c.IndexUpdateRunner - File has been excluded: #9452
2026-02-17 09:11:05,462 [ 148165]   INFO - #c.i.u.i.c.IndexUpdateRunner - File has been excluded: #9450
2026-02-17 09:11:05,487 [ 148190]   INFO - #c.i.u.i.c.IndexUpdateRunner - File has been excluded: #9454
2026-02-17 09:11:13,014 [ 155717]   INFO - #o.j.q.s.i.r.ConsoleLog - Keep running Project opening ... so far 2m
2026-02-17 09:11:13,044 [ 155747]   INFO - STDOUT - Keep running Project opening ... so far 2m
2026-02-17 09:11:43,041 [ 185744]   INFO - #o.j.q.s.i.r.ConsoleLog - Keep running Project opening ... so far 2m 30s
2026-02-17 09:11:43,065 [ 185768]   INFO - STDOUT - Keep running Project opening ... so far 2m 30s
2026-02-17 09:11:46,820 [ 189523]   INFO - #c.i.u.i.c.IndexUpdateRunner - Coroutine 5 finished gracefully
2026-02-17 09:11:46,822 [ 189525]   INFO - #c.i.u.i.c.IndexUpdateRunner - Coroutine 6 finished gracefully
2026-02-17 09:11:46,832 [ 189535]   INFO - #c.i.u.i.c.IndexUpdateRunner - Coroutine 4 finished gracefully
2026-02-17 09:11:46,897 [ 189600]   INFO - #c.i.u.i.c.IndexUpdateRunner - Coroutine 7 finished gracefully
2026-02-17 09:11:46,914 [ 189617]   INFO - #c.i.u.i.c.IndexUpdateRunner - Coroutine 2 finished gracefully
2026-02-17 09:11:46,936 [ 189639]   INFO - #c.i.u.i.c.IndexUpdateRunner - Coroutine 1 finished gracefully
2026-02-17 09:11:46,973 [ 189676]   INFO - #c.i.u.i.c.IndexUpdateRunner - Coroutine 3 finished gracefully
2026-02-17 09:11:47,005 [ 189708]   INFO - #c.i.u.i.c.IndexUpdateRunner - Coroutine 0 finished gracefully
2026-02-17 09:11:48,643 [ 191346]   INFO - #c.i.u.i.ProjectChangedFilesScanner - Retrieving changed during indexing files of java-basics : 100 to update, calculated in 1130ms
2026-02-17 09:11:51,301 [ 194004]   INFO - #c.i.u.i.c.IndexUpdateRunner - Coroutine 6 finished gracefully
2026-02-17 09:11:51,318 [ 194021]   INFO - #c.i.u.i.c.IndexUpdateRunner - Coroutine 7 finished gracefully
2026-02-17 09:11:51,320 [ 194023]   INFO - #c.i.u.i.c.IndexUpdateRunner - Coroutine 4 finished gracefully
2026-02-17 09:11:51,322 [ 194025]   INFO - #c.i.u.i.c.IndexUpdateRunner - Coroutine 3 finished gracefully
2026-02-17 09:11:51,768 [ 194471]   INFO - #c.i.u.i.c.IndexUpdateRunner - Coroutine 0 finished gracefully
2026-02-17 09:11:51,781 [ 194484]   INFO - #c.i.u.i.c.IndexUpdateRunner - Coroutine 2 finished gracefully
2026-02-17 09:11:52,282 [ 194985]   INFO - #c.i.u.i.c.IndexUpdateRunner - Coroutine 5 finished gracefully
2026-02-17 09:11:52,348 [ 195051]   INFO - #c.i.u.i.c.IndexUpdateRunner - Coroutine 1 finished gracefully
2026-02-17 09:11:52,395 [ 195098]   INFO - #c.i.u.i.UnindexedFilesIndexer - Finished for java-basics. Unindexed files update took 94581ms; general responsiveness: ok; EDT responsiveness: ok
2026-02-17 09:11:54,302 [ 197005]   INFO - #c.i.o.p.MergingQueueGuiExecutor - Task finished: (dumb mode task) UnindexedFilesIndexer[java-basics, reasons: [On project open, On refresh of files in java-basics (x2)]]
2026-02-17 09:11:54,370 [ 197073]   INFO - #c.i.o.p.MergingQueueGuiExecutor - Running task: (dumb mode task) UnindexedFilesIndexer[java-basics, reasons: [Merged Changes from WorkspaceFileIndex with changes in: "Module 'project' (all roots)" with changes in: "Module 'java-basics' (all roots)"]]
2026-02-17 09:11:54,442 [ 197145]   INFO - #c.i.u.i.FileBasedIndexImpl - Indexes are already loaded
2026-02-17 09:11:54,480 [ 197183]   INFO - #c.i.u.i.c.IndexUpdateRunner - Using 8 workers for indexing and 4 for writing indexes
2026-02-17 09:11:54,510 [ 197213]   INFO - #c.i.u.i.ProjectChangedFilesScanner - Retrieving changed during indexing files of java-basics : 0 to update, calculated in 18ms
2026-02-17 09:11:54,516 [ 197219]   INFO - #c.i.u.i.UnindexedFilesIndexer - Finished for java-basics. Unindexed files update took 47ms; general responsiveness: ok; EDT responsiveness: ok
2026-02-17 09:11:54,533 [ 197236]   INFO - #c.i.o.p.MergingQueueGuiExecutor - Task finished: (dumb mode task) UnindexedFilesIndexer[java-basics, reasons: [Merged Changes from WorkspaceFileIndex with changes in: "Module 'project' (all roots)" with changes in: "Module 'java-basics' (all roots)"]]
2026-02-17 09:11:54,613 [ 197316]   INFO - #c.i.o.p.DumbServiceImpl - exit dumb mode [java-basics]
2026-02-17 09:11:54,889 [ 197592]   INFO - STDOUT - [IDE]: Task 'Analyzing project to enable smart features' ended
2026-02-17 09:11:57,250 [ 199953]   INFO - #c.i.i.b.BookmarksManager - no state loaded for new bookmarks
2026-02-17 09:11:57,283 [ 199986]   INFO - #c.i.i.b.BookmarkManager - no state loaded for old bookmarks
2026-02-17 09:12:00,707 [ 203410]   INFO - #o.j.k.i.script - [KOTLIN_SCRIPTING] Loading script definitions: classes=[], classpath=[]
2026-02-17 09:12:00,877 [ 203580]   INFO - #c.i.i.f.FavoritesManager - no state loaded for old favorites
2026-02-17 09:12:02,091 [ 204794]   INFO - #c.i.j.n.n.WorkingDirectoryDependentNpmPackageVersionManager - Version fetched successfully: 10.9.4; command: /usr/local/bin/npm --version, duration: 1124ms
2026-02-17 09:12:11,355 [ 214058]   INFO - STDOUT - [Gradle]: Download https://plugins.gradle.org/m2/org/jetbrains/kotlinx/kover/org.jetbrains.kotlinx.kover.gradle.plugin/0.7.3/org.jetbrains.kotlinx.kover.gradle.plugin-0.7.3.pom, took 726 ms
2026-02-17 09:12:13,063 [ 215766]   INFO - #o.j.q.s.i.r.ConsoleLog - Keep running Project opening ... so far 3m
2026-02-17 09:12:13,064 [ 215767]   INFO - STDOUT - Keep running Project opening ... so far 3m
2026-02-17 09:12:13,555 [ 216258]   INFO - STDOUT - [Gradle]: Download https://plugins.gradle.org/m2/io/freefair/gradle/lombok-plugin/8.1.0/lombok-plugin-8.1.0.pom, took 2 s 40 ms
2026-02-17 09:12:14,052 [ 216755]   INFO - STDOUT - [Gradle]: Download https://plugins.gradle.org/m2/io/freefair/gradle/lombok-plugin/8.1.0/lombok-plugin-8.1.0.module, took 439 ms
2026-02-17 09:12:14,736 [ 217439]   INFO - STDOUT - [Gradle]: Download https://plugins.gradle.org/m2/io/freefair/gradle/aspectj-plugin/5.1.1/aspectj-plugin-5.1.1.pom, took 280 ms
2026-02-17 09:12:15,297 [ 218000]   INFO - STDOUT - [Gradle]: Download https://plugins.gradle.org/m2/org/jetbrains/kotlinx/kover-gradle-plugin/0.7.3/kover-gradle-plugin-0.7.3.pom, took 254 ms
2026-02-17 09:12:15,584 [ 218287]   INFO - STDOUT - [Gradle]: Download https://plugins.gradle.org/m2/org/jetbrains/kotlinx/kover-gradle-plugin/0.7.3/kover-gradle-plugin-0.7.3.module, took 261 ms
2026-02-17 09:12:15,751 [ 218454]   INFO - STDOUT - [Gradle]: Download https://plugins.gradle.org/m2/com/squareup/okio/okio/2.7.0/okio-2.7.0.pom, took 141 ms
2026-02-17 09:12:15,914 [ 218617]   INFO - STDOUT - [Gradle]: Download https://plugins.gradle.org/m2/com/squareup/okio/okio/2.7.0/okio-2.7.0.module, took 139 ms
2026-02-17 09:12:16,108 [ 218811]   INFO - STDOUT - [Gradle]: Download https://plugins.gradle.org/m2/org/jetbrains/kotlin/kotlin-stdlib/1.3.70/kotlin-stdlib-1.3.70.pom, took 127 ms
2026-02-17 09:12:16,170 [ 218873]   INFO - STDOUT - [Gradle]: Download https://plugins.gradle.org/m2/org/jetbrains/kotlin/kotlin-stdlib-common/1.3.70/kotlin-stdlib-common-1.3.70.pom, took 179 ms
2026-02-17 09:12:16,339 [ 219042]   INFO - STDOUT - [Gradle]: Download https://plugins.gradle.org/m2/org/jetbrains/annotations/13.0/annotations-13.0.pom, took 83 ms
2026-02-17 09:12:18,086 [ 220789]   INFO - STDOUT - [Gradle]: Download https://plugins.gradle.org/m2/org/jetbrains/annotations/13.0/annotations-13.0.jar, took 149 ms
2026-02-17 09:12:18,331 [ 221034]   INFO - STDOUT - [Gradle]: Download https://plugins.gradle.org/m2/com/squareup/okio/okio/2.7.0/okio-2.7.0.jar, took 276 ms
2026-02-17 09:12:18,545 [ 221248]   INFO - STDOUT - [Gradle]: Download https://plugins.gradle.org/m2/io/qameta/allure/allure-gradle/2.8.0/allure-gradle-2.8.0.jar, took 367 ms
2026-02-17 09:12:18,789 [ 221492]   INFO - #fleet.kernel.Transactor - Duration: 166.004459ms, change from: fleet.tracing.runtime.Span$Noop@7a4b8d67
2026-02-17 09:12:18,928 [ 221631]   INFO - STDOUT - [Gradle]: Download https://plugins.gradle.org/m2/org/jetbrains/kotlin/kotlin-stdlib-common/1.3.70/kotlin-stdlib-common-1.3.70.jar, took 396 ms
2026-02-17 09:12:18,983 [ 221686]   INFO - STDOUT - [Gradle]: Download https://plugins.gradle.org/m2/io/freefair/gradle/aspectj-plugin/5.1.1/aspectj-plugin-5.1.1.jar, took 407 ms
2026-02-17 09:12:19,339 [ 222042]   INFO - STDOUT - [Gradle]: Download https://plugins.gradle.org/m2/org/jetbrains/kotlinx/kover-gradle-plugin/0.7.3/kover-gradle-plugin-0.7.3.jar, took 632 ms
2026-02-17 09:12:20,072 [ 222775]   INFO - STDOUT - [Gradle]: Download https://plugins.gradle.org/m2/org/jetbrains/kotlin/kotlin-stdlib/1.3.70/kotlin-stdlib-1.3.70.jar, took 799 ms
2026-02-17 09:12:20,164 [ 222867]   INFO - STDOUT - [Gradle]: Download https://plugins.gradle.org/m2/io/freefair/gradle/lombok-plugin/8.1.0/lombok-plugin-8.1.0.jar, took 976 ms
2026-02-17 09:12:26,879 [ 229582]   INFO - STDOUT - [Gradle]: 
2026-02-17 09:12:26,885 [ 229588]   INFO - STDOUT - [Gradle]: > Configure project :
2026-02-17 09:12:26,886 [ 229589]   INFO - STDOUT - [Gradle]: 
2026-02-17 09:12:26,889 [ 229592]   INFO - STDOUT - [Gradle]: from build root
2026-02-17 09:12:26,891 [ 229594]   INFO - STDOUT - [Gradle]: 
2026-02-17 09:12:28,567 [ 231270]   INFO - STDOUT - [Gradle]: Download https://repo.maven.apache.org/maven2/org/aspectj/aspectjweaver/1.8.10/aspectjweaver-1.8.10.pom, took 881 ms
2026-02-17 09:12:29,816 [ 232519]   INFO - #fleet.kernel.Transactor - Duration: 193.357376ms, change from: fleet.tracing.runtime.Span$Noop@7a4b8d67
2026-02-17 09:12:30,308 [ 233011]   INFO - STDOUT - [Gradle]: Download https://repo.maven.apache.org/maven2/org/aspectj/aspectjweaver/1.8.10/aspectjweaver-1.8.10.jar, took 238 ms
2026-02-17 09:12:31,277 [ 233980]   INFO - STDOUT - [Gradle]: 
2026-02-17 09:12:31,283 [ 233986]   INFO - STDOUT - [Gradle]: > Task :prepareKotlinBuildScriptModel
2026-02-17 09:12:31,284 [ 233987]   INFO - STDOUT - [Gradle]:  UP-TO-DATE
2026-02-17 09:12:31,290 [ 233993]   INFO - STDOUT - [Gradle]: 
2026-02-17 09:12:31,676 [ 234379]   INFO - STDOUT - [Gradle]: from 2
2026-02-17 09:12:31,679 [ 234382]   INFO - STDOUT - [Gradle]: 
2026-02-17 09:12:32,173 [ 234876]   INFO - STDOUT - [Gradle]: from task root
2026-02-17 09:12:32,180 [ 234883]   INFO - STDOUT - [Gradle]: 
2026-02-17 09:12:34,014 [ 236717]   INFO - STDOUT - [Gradle]: Download https://repo.maven.apache.org/maven2/org/projectlombok/lombok/1.18.28/lombok-1.18.28.pom, took 401 ms
2026-02-17 09:12:34,439 [ 237142]   INFO - STDOUT - [Gradle]: Download https://repo.maven.apache.org/maven2/org/junit/junit-bom/5.7.0/junit-bom-5.7.0.module, took 34 ms
2026-02-17 09:12:34,564 [ 237267]   INFO - STDOUT - [Gradle]: Download https://repo.maven.apache.org/maven2/org/junit/platform/junit-platform-launcher/1.7.0/junit-platform-launcher-1.7.0.module, took 33 ms
2026-02-17 09:12:34,570 [ 237273]   INFO - STDOUT - [Gradle]: Download https://repo.maven.apache.org/maven2/org/junit/jupiter/junit-jupiter-engine/5.7.0/junit-jupiter-engine-5.7.0.module, took 33 ms
2026-02-17 09:12:34,586 [ 237289]   INFO - STDOUT - [Gradle]: Download https://repo.maven.apache.org/maven2/org/junit/jupiter/junit-jupiter-params/5.7.0/junit-jupiter-params-5.7.0.module, took 52 ms
2026-02-17 09:12:34,708 [ 237411]   INFO - STDOUT - [Gradle]: Download https://repo.maven.apache.org/maven2/org/junit/junit-bom/5.6.3/junit-bom-5.6.3.module, took 36 ms
2026-02-17 09:12:34,971 [ 237674]   INFO - STDOUT - [Gradle]: Download https://repo.maven.apache.org/maven2/org/junit/platform/junit-platform-engine/1.7.0/junit-platform-engine-1.7.0.module, took 32 ms
2026-02-17 09:12:35,200 [ 237903]   INFO - STDOUT - [Gradle]: Download https://repo.maven.apache.org/maven2/org/junit/jupiter/junit-jupiter-api/5.7.0/junit-jupiter-api-5.7.0.module, took 139 ms
2026-02-17 09:12:35,886 [ 238589]   INFO - STDOUT - [Gradle]: Download https://repo.maven.apache.org/maven2/org/junit/platform/junit-platform-commons/1.7.0/junit-platform-commons-1.7.0.module, took 64 ms
2026-02-17 09:12:37,367 [ 240070]   INFO - STDOUT - [Gradle]: Download https://repo.maven.apache.org/maven2/org/junit/platform/junit-platform-commons/1.7.0/junit-platform-commons-1.7.0.jar, took 179 ms
2026-02-17 09:12:37,376 [ 240079]   INFO - STDOUT - [Gradle]: Download https://repo.maven.apache.org/maven2/org/junit/platform/junit-platform-launcher/1.7.0/junit-platform-launcher-1.7.0.jar, took 179 ms
2026-02-17 09:12:37,490 [ 240193]   INFO - STDOUT - [Gradle]: Download https://repo.maven.apache.org/maven2/org/junit/platform/junit-platform-engine/1.7.0/junit-platform-engine-1.7.0.jar, took 188 ms
2026-02-17 09:12:37,739 [ 240442]   INFO - STDOUT - [Gradle]: Download https://repo.maven.apache.org/maven2/org/junit/jupiter/junit-jupiter-engine/5.7.0/junit-jupiter-engine-5.7.0.jar, took 210 ms
2026-02-17 09:12:38,115 [ 240818]   INFO - STDOUT - [Gradle]: Download https://repo.maven.apache.org/maven2/org/junit/jupiter/junit-jupiter-params/5.7.0/junit-jupiter-params-5.7.0.jar, took 250 ms
2026-02-17 09:12:38,460 [ 241163]   INFO - STDOUT - [Gradle]: Download https://repo.maven.apache.org/maven2/org/aspectj/aspectjrt/1.9.6/aspectjrt-1.9.6.jar, took 130 ms
2026-02-17 09:12:38,669 [ 241372]   INFO - STDOUT - [Gradle]: Download https://repo.maven.apache.org/maven2/org/opentest4j/opentest4j/1.2.0/opentest4j-1.2.0.jar, took 74 ms
2026-02-17 09:12:38,677 [ 241380]   INFO - STDOUT - [Gradle]: Download https://repo.maven.apache.org/maven2/org/apiguardian/apiguardian-api/1.1.0/apiguardian-api-1.1.0.jar, took 77 ms
2026-02-17 09:12:39,756 [ 242459]   INFO - #fleet.kernel.Transactor - Very long change!!! Duration: 301.484958ms, change from: fleet.tracing.runtime.Span$Noop@7a4b8d67
2026-02-17 09:12:40,122 [ 242825]   INFO - #fleet.kernel.Transactor - Duration: 113.374583ms, change from: fleet.tracing.runtime.Span$Noop@7a4b8d67
2026-02-17 09:12:40,842 [ 243545]   INFO - STDOUT - [Gradle]: Download https://repo.maven.apache.org/maven2/org/junit/jupiter/junit-jupiter-api/5.7.0/junit-jupiter-api-5.7.0.jar, took 511 ms
2026-02-17 09:12:41,036 [ 243739]   INFO - STDOUT - [Gradle]: Download https://repo.maven.apache.org/maven2/org/projectlombok/lombok/1.18.28/lombok-1.18.28.jar, took 287 ms
2026-02-17 09:12:41,292 [ 243995]   INFO - STDOUT - [Gradle]: Download https://repo.maven.apache.org/maven2/org/assertj/assertj-core/3.19.0/assertj-core-3.19.0.jar, took 654 ms
2026-02-17 09:12:41,880 [ 244583]   INFO - STDOUT - [Gradle]: 
2026-02-17 09:12:41,898 [ 244601]   INFO - STDOUT - [Gradle]: Deprecated Gradle features were used in this build, making it incompatible with Gradle 9.0.
2026-02-17 09:12:41,898 [ 244601]   INFO - STDOUT - [Gradle]: 
2026-02-17 09:12:41,902 [ 244605]   INFO - STDOUT - [Gradle]: 
2026-02-17 09:12:41,906 [ 244609]   INFO - STDOUT - [Gradle]: You can use '--warning-mode all' to show the individual deprecation warnings and determine if they come from your own scripts or plugins.
2026-02-17 09:12:41,907 [ 244610]   INFO - STDOUT - [Gradle]: 
2026-02-17 09:12:41,909 [ 244612]   INFO - STDOUT - [Gradle]: 
2026-02-17 09:12:41,912 [ 244615]   INFO - STDOUT - [Gradle]: For more on this, please refer to https://docs.gradle.org/8.2.1/userguide/command_line_interface.html#sec:command_line_warnings in the Gradle documentation.
2026-02-17 09:12:41,914 [ 244617]   INFO - STDOUT - [Gradle]: 
2026-02-17 09:12:41,916 [ 244619]   INFO - STDOUT - [Gradle]: 
2026-02-17 09:12:41,918 [ 244621]   INFO - STDOUT - [Gradle]: BUILD SUCCESSFUL
2026-02-17 09:12:41,920 [ 244623]   INFO - STDOUT - [Gradle]:  in 2m 8s
2026-02-17 09:12:41,922 [ 244625]   INFO - STDOUT - [Gradle]: 
2026-02-17 09:12:42,463 [ 245166]   INFO - #c.i.o.p.UnindexedFilesScannerExecutor - [15375f63] Running task: com.intellij.util.indexing.UnindexedFilesScannerExecutorImpl$ScheduledScanningTask@7e19c6c8
2026-02-17 09:12:42,477 [ 245180]   INFO - #c.i.p.c.i.PolyContextDiscoveryInfo$1 - Notifying that PolyContext may have changed due to roots changes.
2026-02-17 09:12:42,493 [ 245196]   INFO - #c.i.w.i.i.EntitiesOrphanageImpl - Update orphanage. 0 modules added
2026-02-17 09:12:42,504 [ 245207]   INFO - #c.i.w.i.i.WorkspaceModelImpl - Project model updated to version 12 in 220 ms: The Gradle project sync
  phase = PROJECT_MODEL_PHASE
  taskId = RESOLVE_PROJECT:2
  projectPath = /data/project
2026-02-17 09:12:42,537 [ 245240]   INFO - #c.i.o.p.UnindexedFilesScannerExecutor - [15375f63] Skipping task: com.intellij.util.indexing.UnindexedFilesScannerExecutorImpl$ScheduledScanningTask@7e19c6c8
2026-02-17 09:12:42,561 [ 245264]   INFO - #c.i.o.p.UnindexedFilesScannerExecutor - [15375f63] Running task: com.intellij.util.indexing.UnindexedFilesScannerExecutorImpl$ScheduledScanningTask@75b357d4
2026-02-17 09:12:42,569 [ 245272]   INFO - #c.i.u.i.UnindexedFilesScanner - [15375f63] scanning stage (scanning id=2): DelayedPushProperties
2026-02-17 09:12:42,634 [ 245337]   INFO - #c.i.u.i.FileBasedIndexImpl - Indexes are already loaded
2026-02-17 09:12:42,641 [ 245344]   INFO - #c.i.u.i.UnindexedFilesScanner - [15375f63] Started scanning for indexing of java-basics. Reason: changes in: "Module 'project.java-basics' (all roots)"
2026-02-17 09:12:42,645 [ 245348]   INFO - #c.i.u.i.UnindexedFilesScanner - [15375f63] scanning stage (scanning id=2): CreatingIterators
2026-02-17 09:12:42,645 [ 245348]   INFO - #c.i.u.i.UnindexedFilesScanner - [15375f63] scanning stage (scanning id=2): CollectingIndexableFiles
2026-02-17 09:12:42,649 [ 245352]   INFO - #c.i.u.i.UnindexedFilesScanner - Scanning of java-basics uses 8 scanning threads
2026-02-17 09:12:42,965 [ 245668]   INFO - #c.i.p.c.i.PolyContextDiscoveryInfo$1 - Notifying that PolyContext may have changed due to roots changes.
2026-02-17 09:12:42,987 [ 245690]   INFO - #c.i.w.i.i.EntitiesOrphanageImpl - Update orphanage. 1 modules added
2026-02-17 09:12:42,993 [ 245696]   INFO - #c.i.w.i.i.ContentRootAdder - Move content roots for 1 modules from orphanage to storage
2026-02-17 09:12:43,000 [ 245703]   INFO - #c.i.w.i.i.SourceRootAdder - Move source roots for 0 modules from orphanage to storage
2026-02-17 09:12:43,002 [ 245705]   INFO - #c.i.w.i.i.ExcludeRootAdder - Move exclude roots for 0 modules from orphanage to storage
2026-02-17 09:12:43,017 [ 245720]   INFO - #c.i.p.c.i.PolyContextDiscoveryInfo$1 - Notifying that PolyContext may have changed due to roots changes.
2026-02-17 09:12:43,021 [ 245724]   INFO - #c.i.w.i.i.EntitiesOrphanageImpl - Update orphanage. 0 modules added
2026-02-17 09:12:43,025 [ 245728]   INFO - #c.i.w.i.i.WorkspaceModelImpl - Project model updated to version 14 in 34 ms: Move orphan elements
2026-02-17 09:12:43,028 [ 245731]   INFO - #c.i.w.i.i.WorkspaceModelImpl - Project model updated to version 14 in 167 ms: The Gradle project sync
  phase = SOURCE_SET_MODEL_PHASE
  taskId = RESOLVE_PROJECT:2
  projectPath = /data/project
2026-02-17 09:12:43,066 [ 245769]   INFO - #o.j.q.s.i.r.ConsoleLog - Keep running Project opening ... so far 3m 30s
2026-02-17 09:12:43,075 [ 245778]   INFO - STDOUT - Keep running Project opening ... so far 3m 30s
2026-02-17 09:12:44,694 [ 247397]   INFO - #c.i.w.i.i.EntitiesOrphanageImpl - Update orphanage. 0 modules added
2026-02-17 09:12:44,722 [ 247425]   INFO - #c.i.w.i.i.WorkspaceModelImpl - Project model updated to version 15 in 760 ms: The Gradle project sync
  phase = ADDITIONAL_MODEL_PHASE
  taskId = RESOLVE_PROJECT:2
  projectPath = /data/project
2026-02-17 09:12:45,538 [ 248241]   INFO - #c.i.u.i.UnindexedFilesScanner - [15375f63] Scanning completed for java-basics. Number of scanned files: 431; number of files for indexing: 0
2026-02-17 09:12:45,591 [ 248294]   INFO - #c.i.u.i.PerProjectIndexingQueue - Finished for java-basics. No files to index with loading content.
2026-02-17 09:12:45,598 [ 248301]   INFO - #c.i.o.p.UnindexedFilesScannerExecutor - [15375f63] Task finished (scanning id=2): com.intellij.util.indexing.UnindexedFilesScannerExecutorImpl$ScheduledScanningTask@75b357d4
2026-02-17 09:12:45,646 [ 248349]   INFO - #c.i.o.p.UnindexedFilesScannerExecutor - [15375f63] Running task: com.intellij.util.indexing.UnindexedFilesScannerExecutorImpl$ScheduledScanningTask@42d69d0c
2026-02-17 09:12:45,654 [ 248357]   INFO - #c.i.u.i.UnindexedFilesScanner - [15375f63] scanning stage (scanning id=3): DelayedPushProperties
2026-02-17 09:12:45,658 [ 248361]   INFO - #c.i.u.i.FileBasedIndexImpl - Indexes are already loaded
2026-02-17 09:12:45,676 [ 248379]   INFO - #c.i.u.i.UnindexedFilesScanner - [15375f63] Started scanning for indexing of java-basics. Reason: Merged changes in: "Module 'java-basics.test' (all roots)", "Module 'java-basics.main' (all roots)" with changes in: "Module 'java-basics.main' (main)"
2026-02-17 09:12:45,676 [ 248379]   INFO - #c.i.u.i.UnindexedFilesScanner - [15375f63] scanning stage (scanning id=3): CreatingIterators
2026-02-17 09:12:45,677 [ 248380]   INFO - #c.i.u.i.UnindexedFilesScanner - [15375f63] scanning stage (scanning id=3): CollectingIndexableFiles
2026-02-17 09:12:45,677 [ 248380]   INFO - #c.i.u.i.UnindexedFilesScanner - Scanning of java-basics uses 8 scanning threads
2026-02-17 09:12:45,843 [ 248546]   INFO - #fleet.kernel.Transactor - Very long change!!! Duration: 285.815417ms, change from: fleet.tracing.runtime.Span$Noop@7a4b8d67
2026-02-17 09:12:45,916 [ 248619]   INFO - STDOUT - [Gradle]: Gradle resolve stage finished with success: java-basics:15375f63
2026-02-17 09:12:45,962 [ 248665]   INFO - #fleet.kernel.Transactor - Duration: 86.213584ms, change from: fleet.tracing.runtime.Span$Noop@7a4b8d67
2026-02-17 09:12:46,154 [ 248857]   INFO - #c.i.u.i.IndexingReasonExplanationLogger - Scheduling indexing of RestTestApplication1.java (id=6668) by request of indexes: [java.null.method.argument->NOT_INDEXED(not indexed),java.binary.plus.expression->NOT_INDEXED(not indexed),java.fun.expression->NOT_INDEXED(not indexed),PropertyCodeReferenceIndex->NOT_INDEXED(not indexed),HashFragmentIndex->NOT_INDEXED(not indexed),Stubs->NOT_INDEXED(not indexed),]. 
2026-02-17 09:12:46,206 [ 248909]   INFO - #com.android.tools.idea.gradle.project.sync.GradleSyncStateHolder$SyncStateUpdater - onSuccess(RESOLVE_PROJECT:2)
2026-02-17 09:12:46,208 [ 248911]   INFO - #com.android.tools.idea.gradle.project.sync.GradleSyncStateHolder - Started setup of project 'java-basics'.
2026-02-17 09:12:46,210 [ 248913]   INFO - #c.i.u.i.IndexingReasonExplanationLogger - Scheduling indexing of RestTestApplicationTests1.java (id=6677) by request of indexes: [java.null.method.argument->NOT_INDEXED(not indexed),java.binary.plus.expression->NOT_INDEXED(not indexed),java.fun.expression->NOT_INDEXED(not indexed),PropertyCodeReferenceIndex->NOT_INDEXED(not indexed),HashFragmentIndex->NOT_INDEXED(not indexed),Stubs->NOT_INDEXED(not indexed),]. 
2026-02-17 09:12:46,235 [ 248938]   INFO - #o.j.i.maven - Importing Maven project using Workspace API
2026-02-17 09:12:46,261 [ 248964]   INFO - #o.j.i.maven - maven plugin resolution started: [org.apache.maven.plugins:maven-site-plugin:3.12.1, org.apache.maven.plugins:maven-failsafe-plugin:2.22.2, org.apache.maven.plugins:maven-deploy-plugin:3.1.2, org.apache.maven.plugins:maven-jar-plugin:3.4.1, org.apache.maven.plugins:maven-compiler-plugin:3.8.1, org.apache.maven.plugins:maven-resources-plugin:3.2.0, org.apache.maven.plugins:maven-clean-plugin:3.2.0, io.qameta.allure:allure-maven:2.10.0, org.apache.maven.plugins:maven-surefire-plugin:2.22.2, org.apache.maven.plugins:maven-install-plugin:3.1.2]
2026-02-17 09:12:46,305 [ 249008]   INFO - #c.i.u.i.IndexingReasonExplanationLogger - Scheduling indexing of build.gradle (id=6659) by request of indexes: [HashFragmentIndex->NOT_INDEXED(not indexed),]. 
2026-02-17 09:12:46,315 [ 249018]   INFO - #c.i.u.i.IndexingReasonExplanationLogger - Scheduling indexing of settings.gradle (id=6656) by request of indexes: [HashFragmentIndex->NOT_INDEXED(not indexed),]. 
2026-02-17 09:12:46,433 [ 249136]   INFO - #o.j.k.g.s.s.r.GradleBuildRootIndex - /data/project: org.jetbrains.kotlin.gradle.scripting.shared.roots.New@71a2f5cc -> org.jetbrains.kotlin.gradle.scripting.shared.roots.Imported@21903a41
2026-02-17 09:12:46,446 [ 249149]   INFO - #c.i.o.e.u.ExternalSystemUtil - External project [/data/project] resolution task executed in 195837 ms.
2026-02-17 09:12:46,463 [ 249166]   INFO - #c.i.o.p.DumbServiceImpl - enter dumb mode [java-basics]
2026-02-17 09:12:46,536 [ 249239]   INFO - STDOUT - [Gradle]: Gradle data import stage started: java-basics:15375f63
2026-02-17 09:12:46,638 [ 249341]   INFO - #c.i.o.p.MergingQueueGuiExecutor - Running task: (dumb mode task) com.intellij.openapi.roots.impl.PushedFilePropertiesUpdaterImpl$MyDumbModeTask@72080e5 (reason: Push on VFS changes)
2026-02-17 09:12:46,687 [ 249390]   INFO - #c.i.u.i.UnindexedFilesScanner - [15375f63] Scanning completed for java-basics. Number of scanned files: 137; number of files for indexing: 4
2026-02-17 09:12:46,698 [ 249401]   INFO - #c.i.o.p.MergingQueueGuiExecutor - Task finished: (dumb mode task) com.intellij.openapi.roots.impl.PushedFilePropertiesUpdaterImpl$MyDumbModeTask@72080e5 (reason: Push on VFS changes)
2026-02-17 09:12:46,699 [ 249402]   INFO - #c.i.o.p.MergingQueueGuiExecutor - Running task: (dumb mode task) UnindexedFilesIndexer[java-basics, reasons: [On refresh of files in java-basics]]
2026-02-17 09:12:46,709 [ 249412]   INFO - #c.i.o.p.UnindexedFilesScannerExecutor - [15375f63] Task finished (scanning id=3): com.intellij.util.indexing.UnindexedFilesScannerExecutorImpl$ScheduledScanningTask@42d69d0c
2026-02-17 09:12:46,715 [ 249418]   INFO - #c.i.u.i.FileBasedIndexImpl - Indexes are already loaded
2026-02-17 09:12:46,720 [ 249423]   INFO - #c.i.u.i.c.IndexUpdateRunner - Using 8 workers for indexing and 4 for writing indexes
2026-02-17 09:12:47,143 [ 249846]   INFO - #c.i.u.i.c.IndexUpdateRunner - Coroutine 4 finished gracefully
2026-02-17 09:12:47,322 [ 250025]   INFO - #c.i.u.i.c.IndexUpdateRunner - Coroutine 7 finished gracefully
2026-02-17 09:12:47,322 [ 250025]   INFO - #c.i.u.i.c.IndexUpdateRunner - Coroutine 6 finished gracefully
2026-02-17 09:12:47,322 [ 250025]   INFO - #c.i.u.i.c.IndexUpdateRunner - Coroutine 3 finished gracefully
2026-02-17 09:12:48,286 [ 250989]   INFO - #fleet.kernel.Transactor - Very long change!!! Duration: 620.142042ms, change from: fleet.tracing.runtime.Span$Noop@7a4b8d67
2026-02-17 09:12:48,675 [ 251378]   INFO - STDOUT - [IDE]: Gradle: Importing gradle bridge data                                                                                        0%
2026-02-17 09:12:48,850 [ 251553]   INFO - #c.i.u.i.c.IndexUpdateRunner - Coroutine 2 finished gracefully
2026-02-17 09:12:48,870 [ 251573]   INFO - #c.i.o.e.s.p.IdeModifiableModelsProviderImpl - Ide modifiable models provider, create builder from version 15
2026-02-17 09:12:48,938 [ 251641]   INFO - #c.i.u.i.c.IndexUpdateRunner - Coroutine 1 finished gracefully
2026-02-17 09:12:49,218 [ 251921]   INFO - STDOUT - [IDE]: Gradle: Importing module data                                                                                               0%
2026-02-17 09:12:49,349 [ 252052]   INFO - #c.i.u.i.c.IndexUpdateRunner - Coroutine 5 finished gracefully
2026-02-17 09:12:49,350 [ 252053]   INFO - #c.i.u.i.c.IndexUpdateRunner - Coroutine 0 finished gracefully
2026-02-17 09:12:49,527 [ 252230]   INFO - STDOUT - [IDE]: Gradle: Importing native target data                                                                                        2%
2026-02-17 09:12:49,529 [ 252232]   INFO - STDOUT - [IDE]: Gradle: Importing kotlin target data                                                                                        4%
2026-02-17 09:12:49,533 [ 252236]   INFO - STDOUT - [IDE]: Gradle: Importing kotlin fragment data                                                                   .                  6%
2026-02-17 09:12:49,533 [ 252236]   INFO - STDOUT - [IDE]: Gradle: Importing gradle project build script data                                                       .                  9%
2026-02-17 09:12:49,541 [ 252244]   INFO - STDOUT - [IDE]: Gradle: Importing gradle source set data                                                                 ..                 11%
2026-02-17 09:12:49,767 [ 252470]   INFO - STDOUT - [IDE]: Gradle: Importing gradle bridge module data                                                              ..                 13%
2026-02-17 09:12:49,776 [ 252479]   INFO - STDOUT - [IDE]: Gradle: Importing project data                                                                           ..                 16%
2026-02-17 09:12:49,779 [ 252482]   INFO - STDOUT - [IDE]: Gradle: Importing java project data                                                                      ...                18%
2026-02-17 09:12:49,782 [ 252485]   INFO - STDOUT - [IDE]: Gradle: Importing java project data                                                                      ...                20%
2026-02-17 09:12:50,043 [ 252746]   INFO - #c.i.p.c.i.PolyContextDiscoveryInfo$1 - Notifying that PolyContext may have changed due to roots changes.
2026-02-17 09:12:50,053 [ 252756]   INFO - #c.i.w.i.i.EntitiesOrphanageImpl - Update orphanage. 0 modules added
2026-02-17 09:12:50,088 [ 252791]   INFO - #c.i.w.i.i.WorkspaceModelImpl - Project model updated to version 16: Maven update project model
2026-02-17 09:12:50,227 [ 252930]   INFO - #o.j.i.m.i.w.WorkspaceProjectImporter - Project model updated to version 16 (attempts: 1, previous version: 15)
2026-02-17 09:12:50,275 [ 252978]   INFO - #o.j.i.maven - [maven import] applying models to workspace model took 4040ms
2026-02-17 09:12:50,381 [ 253084]   INFO - #o.j.i.maven - Updating index list for project Project(name=java-basics, containerState=COMPONENT_CREATED, componentStore=/data/project)
2026-02-17 09:12:50,386 [ 253089]   INFO - #o.j.i.maven - updating index list for Project(name=java-basics, containerState=COMPONENT_CREATED, componentStore=/data/project) - local:local:/data/cache/.m2 remains the same, nothing to update
2026-02-17 09:12:50,486 [ 253189]   INFO - #fleet.kernel.Transactor - Duration: 72.794666ms, change from: fleet.tracing.runtime.Span$Noop@7a4b8d67
2026-02-17 09:12:50,622 [ 253325]   INFO - STDOUT - [IDE]: Gradle: Importing project sdk data                                                                       ...                20%
2026-02-17 09:12:50,791 [ 253494]   INFO - STDOUT - [IDE]: Gradle: Importing composite build data                                                                   ....               23%
2026-02-17 09:12:50,792 [ 253495]   INFO - STDOUT - [IDE]: Gradle: Importing java module data                                                                       ....               25%
2026-02-17 09:12:50,812 [ 253515]   INFO - STDOUT - [IDE]: Gradle: Importing module sdk data                                                                        .....              27%
2026-02-17 09:12:50,816 [ 253519]   INFO - STDOUT - [IDE]: Gradle: Importing library data                                                                           .....              30%
2026-02-17 09:12:52,591 [ 255294]   INFO - STDOUT - [IDE]: Gradle: Importing content root data                                                                      .....              32%
2026-02-17 09:12:52,767 [ 255470]   WARN - #c.i.o.v.i.VirtualFilePointerManagerImpl - VirtualFilePointerManagerImpl.prepareChange(1 events): 0ms.; total pointers: 5; afterElapsedMs: 1641ms.; eventList.size(): 2; toFirePointers.size(): 1; toUpdateNodes.size(): 1; eventList: [com.intellij.javascript.nodejs.library.node_modules.NodeModulesVfsEventsSession$processWhenAvailable$1@3032925c -> [(disposed)], Multicaster -> [(disposed)]]
2026-02-17 09:12:52,874 [ 255577]   INFO - #c.i.p.c.i.PolyContextDiscoveryInfo$1 - Notifying that PolyContext may have changed due to roots changes.
2026-02-17 09:12:53,159 [ 255862]   INFO - STDOUT - [IDE]: Gradle: Importing kotlin output paths data                                                               ......             34%
2026-02-17 09:12:53,166 [ 255869]   INFO - STDOUT - [IDE]: Gradle: Importing module dependency data                                                                 ......             37%
2026-02-17 09:12:53,416 [ 256119]   INFO - STDOUT - [IDE]: Gradle: Importing library dependency data                                                                .......            39%
2026-02-17 09:12:53,436 [ 256139]   INFO - STDOUT - [IDE]: Gradle: Importing library dependency data                                                                .......            41%
2026-02-17 09:12:53,602 [ 256305]   INFO - STDOUT - [IDE]: Gradle: Importing gradle module model                                                                    .......            41%
2026-02-17 09:12:54,231 [ 256934]   INFO - #c.i.p.c.i.PolyContextDiscoveryInfo$1 - Notifying that PolyContext may have changed due to roots changes.
2026-02-17 09:12:54,314 [ 257017]   INFO - #c.i.u.i.ProjectChangedFilesScanner - Retrieving changed during indexing files of java-basics : 116 to update, calculated in 4813ms
2026-02-17 09:12:54,887 [ 257590]   INFO - #fleet.kernel.Transactor - Very long change!!! Duration: 233.360250ms, change from: fleet.tracing.runtime.Span$Noop@7a4b8d67
2026-02-17 09:12:55,156 [ 257859]   INFO - STDOUT - [IDE]: Gradle: Importing dependency accessors model                                                             .......            44%
2026-02-17 09:12:55,168 [ 257871]   INFO - STDOUT - [IDE]: Gradle: Importing version catalogs model                                                                 ........           46%
2026-02-17 09:12:55,170 [ 257873]   INFO - STDOUT - [IDE]: Gradle: Importing build script classpath data                                                            ........           48%
2026-02-17 09:12:55,263 [ 257966]   INFO - #c.i.o.u.i.ExternalUpdateManager - update manager: -
2026-02-17 09:12:55,397 [ 258100]   INFO - #c.i.o.w.i.X11UiUtil - Cannot get icon theme: Cannot run program "gsettings": error=2, No such file or directory
2026-02-17 09:12:56,482 [ 259185]   INFO - #c.i.o.a.i.ApplicationImpl - LONG VFS PROCESSING. Topic=BulkFileListener, offender=class org.editorconfig.configmanagement.EditorConfigEncodingCache$VfsListener, message=after, time=590ms
2026-02-17 09:12:57,215 [ 259918]   INFO - #fleet.kernel.Transactor - Very long change!!! Duration: 514.625292ms, change from: fleet.tracing.runtime.Span$Noop@7a4b8d67
2026-02-17 09:12:57,872 [ 260575]   INFO - #c.i.p.c.i.PolyContextDiscoveryInfo$1 - Notifying that PolyContext may have changed due to roots changes.
2026-02-17 09:12:58,033 [ 260736]   WARN - #c.i.j.n.l.n.NodeModulesFileListener - Too many NodeModulesVfsEventsSession registered: 3
2026-02-17 09:12:58,709 [ 261412]   INFO - #c.i.w.i.i.EntitiesOrphanageImpl - Update orphanage. 0 modules added
2026-02-17 09:12:58,711 [ 261414]   INFO - #c.i.w.i.i.WorkspaceModelImpl - Project model updated to version 17 in 138 ms: AbstractExternalSystemLocalSettings async update
2026-02-17 09:12:58,803 [ 261506]   INFO - STDOUT - [IDE]: Gradle: Importing gradle extensions                                                                      .........          51%
2026-02-17 09:12:59,106 [ 261809]   INFO - STDOUT - [IDE]: Gradle: Importing ndk module model                                                                       .........          53%
2026-02-17 09:12:59,183 [ 261886]   INFO - #c.i.p.c.i.PolyContextDiscoveryInfo$1 - Notifying that PolyContext may have changed due to roots changes.
2026-02-17 09:12:59,260 [ 261963]   INFO - STDOUT - [IDE]: Gradle: Importing gradle android model data                                                              ..........         55%
2026-02-17 09:12:59,354 [ 262057]   INFO - STDOUT - [IDE]: Gradle: Importing ide composite build map                                                                ..........         58%
2026-02-17 09:12:59,356 [ 262059]   INFO - STDOUT - [IDE]: Gradle: Importing ide sync issue                                                                         ..........         60%
2026-02-17 09:12:59,357 [ 262060]   INFO - STDOUT - [IDE]: Gradle: Importing ide sync issue                                                                         ...........        62%
2026-02-17 09:12:59,488 [ 262191]   INFO - STDOUT - [IDE]: Gradle: Importing ide sync execution report                                                              ...........        62%
2026-02-17 09:12:59,489 [ 262192]   INFO - STDOUT - [IDE]: Gradle: Importing project cleanup model                                                                  ...........        65%
2026-02-17 09:12:59,490 [ 262193]   INFO - STDOUT - [IDE]: Gradle: Importing task data                                                                              ............       67%
2026-02-17 09:12:59,490 [ 262193]   INFO - STDOUT - [IDE]: Gradle: Importing java manifest data                                                                     ............       69%
2026-02-17 09:12:59,565 [ 262268]   INFO - STDOUT - [IDE]: Gradle: Importing external project                                                                       ............       72%
2026-02-17 09:12:59,571 [ 262274]   INFO - STDOUT - [IDE]: Gradle: Importing configuration data                                                                     .............      74%
2026-02-17 09:12:59,601 [ 262304]   INFO - STDOUT - [IDE]: Gradle: Importing test data                                                                              .............      76%
2026-02-17 09:12:59,604 [ 262307]   INFO - STDOUT - [IDE]: Gradle: Importing project dependencies                                                                   ..............     79%
2026-02-17 09:12:59,616 [ 262319]   INFO - STDOUT - [IDE]: Gradle: Importing annotation processing data                                                             ..............     81%
2026-02-17 09:12:59,621 [ 262324]   INFO - STDOUT - [IDE]: Gradle: Importing annotation processing data                                                             ...............    83%
2026-02-17 09:13:02,047 [ 264750]   INFO - #c.i.u.i.c.IndexUpdateRunner - Coroutine 7 finished gracefully
2026-02-17 09:13:02,126 [ 264829]   INFO - #c.i.u.i.c.IndexUpdateRunner - Coroutine 5 finished gracefully
2026-02-17 09:13:02,126 [ 264829]   INFO - #c.i.u.i.c.IndexUpdateRunner - Coroutine 3 finished gracefully
2026-02-17 09:13:02,127 [ 264830]   INFO - #c.i.u.i.c.IndexUpdateRunner - Coroutine 2 finished gracefully
2026-02-17 09:13:02,127 [ 264830]   INFO - #c.i.u.i.c.IndexUpdateRunner - Coroutine 0 finished gracefully
2026-02-17 09:13:02,127 [ 264830]   INFO - #c.i.u.i.c.IndexUpdateRunner - Coroutine 6 finished gracefully
2026-02-17 09:13:02,127 [ 264830]   INFO - #c.i.u.i.c.IndexUpdateRunner - Coroutine 1 finished gracefully
2026-02-17 09:13:02,128 [ 264831]   INFO - #c.i.u.i.c.IndexUpdateRunner - Coroutine 4 finished gracefully
2026-02-17 09:13:02,175 [ 264878]   INFO - #c.i.u.i.UnindexedFilesIndexer - Finished for java-basics. Unindexed files update took 15457ms; general responsiveness: ok; EDT responsiveness: ok
2026-02-17 09:13:02,245 [ 264948]   INFO - #c.i.o.p.MergingQueueGuiExecutor - Task finished: (dumb mode task) UnindexedFilesIndexer[java-basics, reasons: [On refresh of files in java-basics]]
2026-02-17 09:13:02,283 [ 264986]   INFO - #c.i.o.p.MergingQueueGuiExecutor - Running task: (dumb mode task) UnindexedFilesIndexer[java-basics, reasons: [Merged changes in: "Module 'java-basics.test' (all roots)", "Module 'java-basics.main' (all roots)" with changes in: "Module 'java-basics.main' (main)"]]
2026-02-17 09:13:02,305 [ 265008]   INFO - #c.i.o.p.UnindexedFilesScannerExecutor - [15375f63] Running task: com.intellij.util.indexing.UnindexedFilesScannerExecutorImpl$ScheduledScanningTask@39009803
2026-02-17 09:13:02,332 [ 265035]   INFO - #c.i.u.i.UnindexedFilesScanner - [15375f63] scanning stage (scanning id=4): DelayedPushProperties
2026-02-17 09:13:02,417 [ 265120]   INFO - STDOUT - [IDE]: Gradle: Importing annotation processing data$ annotation processor output                                ...............    83%
2026-02-17 09:13:02,418 [ 265121]   INFO - STDOUT - [IDE]: Gradle: Importing web configuration model data                                                           ...............    86%
2026-02-17 09:13:02,523 [ 265226]   INFO - #c.i.u.i.FileBasedIndexImpl - Indexes are already loaded
2026-02-17 09:13:02,793 [ 265496]   INFO - STDOUT - [IDE]: Gradle: Importing external system operation descriptor                                                   ...............    88%
2026-02-17 09:13:02,795 [ 265498]   INFO - STDOUT - [IDE]: Gradle: Importing ear configuration model data                                                           ................   90%
2026-02-17 09:13:02,804 [ 265507]   INFO - STDOUT - [IDE]: Gradle: Importing maven repository data                                                                  ................   93%
2026-02-17 09:13:02,805 [ 265508]   INFO - STDOUT - [IDE]: Gradle: Importing project repository data                                                                .................  95%
2026-02-17 09:13:02,826 [ 265529]   INFO - #fleet.kernel.Transactor - Very long change!!! Duration: 257.683625ms, change from: fleet.tracing.runtime.Span$Noop@7a4b8d67
2026-02-17 09:13:02,914 [ 265617]   INFO - #c.i.u.i.UnindexedFilesScanner - [15375f63] Started scanning for indexing of java-basics. Reason: Merged Changes from WorkspaceFileIndex with changes in: "Module 'java-basics' (project)" with Changes from WorkspaceFileIndex with Changes from WorkspaceFileIndex with Changes from WorkspaceFileIndex with Changes from WorkspaceFileIndex with Changes from WorkspaceFileIndex with Changes from WorkspaceFileIndex with Changes from WorkspaceFileIndex
2026-02-17 09:13:02,915 [ 265618]   INFO - #c.i.u.i.UnindexedFilesScanner - [15375f63] scanning stage (scanning id=4): CreatingIterators
2026-02-17 09:13:02,915 [ 265618]   INFO - #c.i.u.i.UnindexedFilesScanner - [15375f63] scanning stage (scanning id=4): CollectingIndexableFiles
2026-02-17 09:13:02,916 [ 265619]   INFO - #c.i.u.i.UnindexedFilesScanner - Scanning of java-basics uses 8 scanning threads
2026-02-17 09:13:03,253 [ 265956]   INFO - #c.i.u.i.IndexingReasonExplanationLogger - Scanner has updated file commons-codec-1.9.jar (id=78139) with appliers: [SingleIndexValueApplier{indexId=java.auto.module.name, inputId=78139, fileInfo='commons-codec-1.9.jar(id=78139)'}] and removers: []; 
2026-02-17 09:13:03,253 [ 265956]   INFO - #c.i.u.i.IndexingReasonExplanationLogger - Scanner has updated file javax.activation-api-1.2.0.jar (id=78128) with appliers: [SingleIndexValueApplier{indexId=java.auto.module.name, inputId=78128, fileInfo='javax.activation-api-1.2.0.jar(id=78128)'}] and removers: []; 
2026-02-17 09:13:03,253 [ 265956]   INFO - #c.i.u.i.IndexingReasonExplanationLogger - Scanner has updated file activation-1.1.1.jar (id=78155) with appliers: [SingleIndexValueApplier{indexId=java.auto.module.name, inputId=78155, fileInfo='activation-1.1.1.jar(id=78155)'}] and removers: []; 
2026-02-17 09:13:03,254 [ 265957]   INFO - #c.i.u.i.IndexingReasonExplanationLogger - Scanner has updated file commons-logging-1.2.jar (id=78166) with appliers: [SingleIndexValueApplier{indexId=java.auto.module.name, inputId=78166, fileInfo='commons-logging-1.2.jar(id=78166)'}] and removers: []; 
2026-02-17 09:13:03,254 [ 265957]   INFO - #c.i.u.i.IndexingReasonExplanationLogger - Scanner has updated file jakarta.xml.bind-api-2.3.3.jar (id=78161) with appliers: [SingleIndexValueApplier{indexId=java.auto.module.name, inputId=78161, fileInfo='jakarta.xml.bind-api-2.3.3.jar(id=78161)'}] and removers: []; 
2026-02-17 09:13:03,254 [ 265957]   INFO - #c.i.u.i.IndexingReasonExplanationLogger - Scanner has updated file jaxb-api-2.3.1.jar (id=78134) with appliers: [SingleIndexValueApplier{indexId=java.auto.module.name, inputId=78134, fileInfo='jaxb-api-2.3.1.jar(id=78134)'}] and removers: []; 
2026-02-17 09:13:03,257 [ 265960]   INFO - #c.i.u.i.IndexingReasonExplanationLogger - Scanner has updated file jakarta.activation-api-1.2.2.jar (id=78145) with appliers: [SingleIndexValueApplier{indexId=java.auto.module.name, inputId=78145, fileInfo='jakarta.activation-api-1.2.2.jar(id=78145)'}] and removers: []; 
2026-02-17 09:13:03,293 [ 265996]   INFO - #c.i.u.i.IndexingReasonExplanationLogger - Scheduling indexing of Utils.class (id=78285) by request of indexes: [bytecodeAnalysis->NOT_INDEXED(not indexed),org.jetbrains.kotlin.idea.vfilefinder.KotlinClassFileIndex->NOT_INDEXED(not indexed),org.jetbrains.kotlin.idea.versions.KotlinJvmMetadataVersionIndex->NOT_INDEXED(not indexed),org.jetbrains.kotlin.idea.vfilefinder.KotlinPartialPackageNamesIndex->NOT_INDEXED(not indexed),KotlinTopLevelCallableByPackageShortNameIndex->NOT_INDEXED(not indexed),KotlinBinaryRootToPackageIndex->NOT_INDEXED(not indexed),KotlinTopLevelClassLikeDeclarationByPackageShortNameIndex->NOT_INDEXED(not indexed),filetypes->NOT_INDEXED(not indexed),Stubs->NOT_INDEXED(not indexed),]. Scanner has updated file Utils.class (id=78285) with appliers: [SingleIndexValueApplier{indexId=filetypes, inputId=78285, fileInfo='Utils.class(id=78285)'}] and removers: []; 
2026-02-17 09:13:03,294 [ 265997]   INFO - #c.i.u.i.IndexingReasonExplanationLogger - Scheduling indexing of Messages.class (id=78716) by request of indexes: [bytecodeAnalysis->NOT_INDEXED(not indexed),org.jetbrains.kotlin.idea.vfilefinder.KotlinClassFileIndex->NOT_INDEXED(not indexed),org.jetbrains.kotlin.idea.versions.KotlinJvmMetadataVersionIndex->NOT_INDEXED(not indexed),org.jetbrains.kotlin.idea.vfilefinder.KotlinPartialPackageNamesIndex->NOT_INDEXED(not indexed),KotlinTopLevelCallableByPackageShortNameIndex->NOT_INDEXED(not indexed),KotlinBinaryRootToPackageIndex->NOT_INDEXED(not indexed),KotlinTopLevelClassLikeDeclarationByPackageShortNameIndex->NOT_INDEXED(not indexed),filetypes->NOT_INDEXED(not indexed),Stubs->NOT_INDEXED(not indexed),]. Scanner has updated file Messages.class (id=78716) with appliers: [SingleIndexValueApplier{indexId=filetypes, inputId=78716, fileInfo='Messages.class(id=78716)'}] and removers: []; 
2026-02-17 09:13:03,294 [ 265997]   INFO - #c.i.u.i.IndexingReasonExplanationLogger - Scheduling indexing of TextEditor.class (id=78656) by request of indexes: [bytecodeAnalysis->NOT_INDEXED(not indexed),org.jetbrains.kotlin.idea.vfilefinder.KotlinClassFileIndex->NOT_INDEXED(not indexed),org.jetbrains.kotlin.idea.versions.KotlinJvmMetadataVersionIndex->NOT_INDEXED(not indexed),org.jetbrains.kotlin.idea.vfilefinder.KotlinPartialPackageNamesIndex->NOT_INDEXED(not indexed),KotlinTopLevelCallableByPackageShortNameIndex->NOT_INDEXED(not indexed),KotlinBinaryRootToPackageIndex->NOT_INDEXED(not indexed),KotlinTopLevelClassLikeDeclarationByPackageShortNameIndex->NOT_INDEXED(not indexed),filetypes->NOT_INDEXED(not indexed),Stubs->NOT_INDEXED(not indexed),]. Scanner has updated file TextEditor.class (id=78656) with appliers: [SingleIndexValueApplier{indexId=filetypes, inputId=78656, fileInfo='TextEditor.class(id=78656)'}] and removers: []; 
2026-02-17 09:13:03,295 [ 265998]   INFO - #c.i.u.i.IndexingReasonExplanationLogger - Scheduling indexing of Messages.class (id=78260) by request of indexes: [bytecodeAnalysis->NOT_INDEXED(not indexed),org.jetbrains.kotlin.idea.vfilefinder.KotlinClassFileIndex->NOT_INDEXED(not indexed),org.jetbrains.kotlin.idea.versions.KotlinJvmMetadataVersionIndex->NOT_INDEXED(not indexed),org.jetbrains.kotlin.idea.vfilefinder.KotlinPartialPackageNamesIndex->NOT_INDEXED(not indexed),KotlinTopLevelCallableByPackageShortNameIndex->NOT_INDEXED(not indexed),KotlinBinaryRootToPackageIndex->NOT_INDEXED(not indexed),KotlinTopLevelClassLikeDeclarationByPackageShortNameIndex->NOT_INDEXED(not indexed),filetypes->NOT_INDEXED(not indexed),Stubs->NOT_INDEXED(not indexed),]. Scanner has updated file Messages.class (id=78260) with appliers: [SingleIndexValueApplier{indexId=filetypes, inputId=78260, fileInfo='Messages.class(id=78260)'}] and removers: []; 
2026-02-17 09:13:03,295 [ 265998]   INFO - #c.i.u.i.IndexingReasonExplanationLogger - Scheduling indexing of MimeType.class (id=78318) by request of indexes: [bytecodeAnalysis->NOT_INDEXED(not indexed),org.jetbrains.kotlin.idea.vfilefinder.KotlinClassFileIndex->NOT_INDEXED(not indexed),org.jetbrains.kotlin.idea.versions.KotlinJvmMetadataVersionIndex->NOT_INDEXED(not indexed),org.jetbrains.kotlin.idea.vfilefinder.KotlinPartialPackageNamesIndex->NOT_INDEXED(not indexed),KotlinTopLevelCallableByPackageShortNameIndex->NOT_INDEXED(not indexed),KotlinBinaryRootToPackageIndex->NOT_INDEXED(not indexed),KotlinTopLevelClassLikeDeclarationByPackageShortNameIndex->NOT_INDEXED(not indexed),filetypes->NOT_INDEXED(not indexed),Stubs->NOT_INDEXED(not indexed),]. Scanner has updated file MimeType.class (id=78318) with appliers: [SingleIndexValueApplier{indexId=filetypes, inputId=78318, fileInfo='MimeType.class(id=78318)'}] and removers: []; 
2026-02-17 09:13:03,296 [ 265999]   INFO - #c.i.u.i.IndexingReasonExplanationLogger - Scheduling indexing of MimeType.class (id=78193) by request of indexes: [bytecodeAnalysis->NOT_INDEXED(not indexed),org.jetbrains.kotlin.idea.vfilefinder.KotlinClassFileIndex->NOT_INDEXED(not indexed),org.jetbrains.kotlin.idea.versions.KotlinJvmMetadataVersionIndex->NOT_INDEXED(not indexed),org.jetbrains.kotlin.idea.vfilefinder.KotlinPartialPackageNamesIndex->NOT_INDEXED(not indexed),KotlinTopLevelCallableByPackageShortNameIndex->NOT_INDEXED(not indexed),KotlinBinaryRootToPackageIndex->NOT_INDEXED(not indexed),KotlinTopLevelClassLikeDeclarationByPackageShortNameIndex->NOT_INDEXED(not indexed),filetypes->NOT_INDEXED(not indexed),Stubs->NOT_INDEXED(not indexed),]. Scanner has updated file MimeType.class (id=78193) with appliers: [SingleIndexValueApplier{indexId=filetypes, inputId=78193, fileInfo='MimeType.class(id=78193)'}] and removers: []; 
2026-02-17 09:13:03,296 [ 265999]   INFO - #c.i.u.i.IndexingReasonExplanationLogger - Scheduling indexing of NoOpLog.class (id=79049) by request of indexes: [bytecodeAnalysis->NOT_INDEXED(not indexed),org.jetbrains.kotlin.idea.vfilefinder.KotlinClassFileIndex->NOT_INDEXED(not indexed),org.jetbrains.kotlin.idea.versions.KotlinJvmMetadataVersionIndex->NOT_INDEXED(not indexed),org.jetbrains.kotlin.idea.vfilefinder.KotlinPartialPackageNamesIndex->NOT_INDEXED(not indexed),KotlinTopLevelCallableByPackageShortNameIndex->NOT_INDEXED(not indexed),KotlinBinaryRootToPackageIndex->NOT_INDEXED(not indexed),KotlinTopLevelClassLikeDeclarationByPackageShortNameIndex->NOT_INDEXED(not indexed),filetypes->NOT_INDEXED(not indexed),Stubs->NOT_INDEXED(not indexed),]. Scanner has updated file NoOpLog.class (id=79049) with appliers: [SingleIndexValueApplier{indexId=filetypes, inputId=79049, fileInfo='NoOpLog.class(id=79049)'}] and removers: []; 
2026-02-17 09:13:03,303 [ 266006]   INFO - #c.i.u.i.IndexingReasonExplanationLogger - Scheduling indexing of JAXBResult.class (id=78719) by request of indexes: [bytecodeAnalysis->NOT_INDEXED(not indexed),org.jetbrains.kotlin.idea.vfilefinder.KotlinClassFileIndex->NOT_INDEXED(not indexed),org.jetbrains.kotlin.idea.versions.KotlinJvmMetadataVersionIndex->NOT_INDEXED(not indexed),org.jetbrains.kotlin.idea.vfilefinder.KotlinPartialPackageNamesIndex->NOT_INDEXED(not indexed),KotlinTopLevelCallableByPackageShortNameIndex->NOT_INDEXED(not indexed),KotlinBinaryRootToPackageIndex->NOT_INDEXED(not indexed),KotlinTopLevelClassLikeDeclarationByPackageShortNameIndex->NOT_INDEXED(not indexed),filetypes->NOT_INDEXED(not indexed),Stubs->NOT_INDEXED(not indexed),]. Scanner has updated file JAXBResult.class (id=78719) with appliers: [SingleIndexValueApplier{indexId=filetypes, inputId=78719, fileInfo='JAXBResult.class(id=78719)'}] and removers: []; 
2026-02-17 09:13:03,306 [ 266009]   INFO - #c.i.u.i.IndexingReasonExplanationLogger - Scheduling indexing of BCodec.class (id=78284) by request of indexes: [bytecodeAnalysis->NOT_INDEXED(not indexed),org.jetbrains.kotlin.idea.vfilefinder.KotlinClassFileIndex->NOT_INDEXED(not indexed),org.jetbrains.kotlin.idea.versions.KotlinJvmMetadataVersionIndex->NOT_INDEXED(not indexed),org.jetbrains.kotlin.idea.vfilefinder.KotlinPartialPackageNamesIndex->NOT_INDEXED(not indexed),KotlinTopLevelCallableByPackageShortNameIndex->NOT_INDEXED(not indexed),KotlinBinaryRootToPackageIndex->NOT_INDEXED(not indexed),KotlinTopLevelClassLikeDeclarationByPackageShortNameIndex->NOT_INDEXED(not indexed),filetypes->NOT_INDEXED(not indexed),Stubs->NOT_INDEXED(not indexed),]. Scanner has updated file BCodec.class (id=78284) with appliers: [SingleIndexValueApplier{indexId=filetypes, inputId=78284, fileInfo='BCodec.class(id=78284)'}] and removers: []; 
2026-02-17 09:13:03,306 [ 266009]   INFO - #c.i.u.i.IndexingReasonExplanationLogger - Scheduling indexing of CommandMap.class (id=78307) by request of indexes: [bytecodeAnalysis->NOT_INDEXED(not indexed),org.jetbrains.kotlin.idea.vfilefinder.KotlinClassFileIndex->NOT_INDEXED(not indexed),org.jetbrains.kotlin.idea.versions.KotlinJvmMetadataVersionIndex->NOT_INDEXED(not indexed),org.jetbrains.kotlin.idea.vfilefinder.KotlinPartialPackageNamesIndex->NOT_INDEXED(not indexed),KotlinTopLevelCallableByPackageShortNameIndex->NOT_INDEXED(not indexed),KotlinBinaryRootToPackageIndex->NOT_INDEXED(not indexed),KotlinTopLevelClassLikeDeclarationByPackageShortNameIndex->NOT_INDEXED(not indexed),filetypes->NOT_INDEXED(not indexed),Stubs->NOT_INDEXED(not indexed),]. Scanner has updated file CommandMap.class (id=78307) with appliers: [SingleIndexValueApplier{indexId=filetypes, inputId=78307, fileInfo='CommandMap.class(id=78307)'}] and removers: []; 
2026-02-17 09:13:03,387 [ 266090]   INFO - #c.i.u.i.IndexingReasonExplanationLogger - Scanner has updated file byte-buddy-1.10.19.jar (id=78151) with appliers: [SingleIndexValueApplier{indexId=java.auto.module.name, inputId=78151, fileInfo='byte-buddy-1.10.19.jar(id=78151)'}] and removers: []; 
2026-02-17 09:13:03,499 [ 266202]   INFO - #c.i.u.i.IndexingReasonExplanationLogger - Scanner has updated file httpmime-4.5.3.jar (id=78750) with appliers: [SingleIndexValueApplier{indexId=java.auto.module.name, inputId=78750, fileInfo='httpmime-4.5.3.jar(id=78750)'}] and removers: []; 
2026-02-17 09:13:03,500 [ 266203]   INFO - #c.i.u.i.IndexingReasonExplanationLogger - Scanner has updated file selenium-http-4.0.0-beta-1.jar (id=78941) with appliers: [SingleIndexValueApplier{indexId=java.auto.module.name, inputId=78941, fileInfo='selenium-http-4.0.0-beta-1.jar(id=78941)'}] and removers: []; 
2026-02-17 09:13:03,682 [ 266385]   INFO - #c.i.w.i.i.EntitiesOrphanageImpl - Update orphanage. 0 modules added
2026-02-17 09:13:03,683 [ 266386]   INFO - #c.i.w.i.i.WorkspaceModelImpl - Project model updated to version 18 in 8 ms: Commit artifact manager
2026-02-17 09:13:05,466 [ 268169]   INFO - #c.i.w.i.i.EntitiesOrphanageImpl - Update orphanage. 0 modules added
2026-02-17 09:13:05,492 [ 268195]   INFO - #c.i.w.i.i.WorkspaceModelImpl - Project model updated to version 19 in 924 ms: External system: commit model
2026-02-17 09:13:05,498 [ 268201]   INFO - #c.i.p.c.i.PolyContextDiscoveryInfo$1 - Notifying that PolyContext may have changed due to roots changes.
2026-02-17 09:13:05,839 [ 268542]   INFO - #com.android.tools.idea.gradle.project.sync.GradleSyncStateHolder$DataImportListener - onImportFinished(/data/project)
2026-02-17 09:13:05,840 [ 268543]   INFO - #com.android.tools.idea.gradle.project.sync.GradleSyncStateHolder$SyncStateUpdaterService - stopTrackingTask(/data/project)
2026-02-17 09:13:05,849 [ 268552]   INFO - #com.android.tools.idea.gradle.project.sync.GradleSyncStateHolder$SyncStateUpdaterService - stopTrackingTask(RESOLVE_PROJECT:2)
2026-02-17 09:13:05,860 [ 268563]   INFO - STDOUT - [Gradle]: Gradle data import stage finished with success: java-basics:15375f63
2026-02-17 09:13:05,977 [ 268680]   INFO - #com.android.tools.idea.gradle.project.sync.GradleSyncStateHolder - Gradle sync finished in 3 m 33 s 378 ms
2026-02-17 09:13:06,435 [ 269138]   INFO - #fleet.kernel.Transactor - Very long change!!! Duration: 358.595583ms, change from: fleet.tracing.runtime.Span$Noop@7a4b8d67
2026-02-17 09:13:06,658 [ 269361]   INFO - STDOUT - [Gradle]: Gradle data import(final tasks) stage started: java-basics:15375f63
2026-02-17 09:13:06,837 [ 269540]   INFO - #c.i.w.i.i.EntitiesOrphanageImpl - Update orphanage. 0 modules added
2026-02-17 09:13:06,838 [ 269541]   INFO - #c.i.w.i.i.WorkspaceModelImpl - Project model updated to version 20 in 8 ms: AbstractExternalSystemLocalSettings async update
2026-02-17 09:13:08,574 [ 271277]   INFO - STDOUT - [Gradle]: Gradle data import(final tasks) stage finished: java-basics:15375f63
2026-02-17 09:13:08,725 [ 271428]   INFO - STDOUT - [IDE]: Task 'Importing 'project' Gradle Project' ended in 3 m 46 s 919 ms
2026-02-17 09:13:10,408 [ 273111]   INFO - #fleet.kernel.Transactor - Very long change!!! Duration: 459.050416ms, change from: fleet.tracing.runtime.Span$Noop@7a4b8d67
2026-02-17 09:13:12,805 [ 275508]   INFO - #c.i.u.i.UnindexedFilesScanner - [15375f63] Scanning completed for java-basics. Number of scanned files: 29883; number of files for indexing: 28622
2026-02-17 09:13:12,854 [ 275557]   INFO - #c.i.o.p.UnindexedFilesScannerExecutor - [15375f63] Task finished (scanning id=4): com.intellij.util.indexing.UnindexedFilesScannerExecutorImpl$ScheduledScanningTask@39009803
2026-02-17 09:13:12,855 [ 275558]   INFO - #c.i.u.i.FileBasedIndexImpl - Indexes are already loaded
2026-02-17 09:13:12,888 [ 275591]   INFO - #c.i.u.i.c.IndexUpdateRunner - Using 8 workers for indexing and 4 for writing indexes
2026-02-17 09:13:12,904 [ 275607]   INFO - #fleet.kernel.Transactor - Duration: 54.909834ms, change from: fleet.tracing.runtime.Span$Noop@7a4b8d67
2026-02-17 09:13:13,091 [ 275794]   INFO - #o.j.q.s.i.r.ConsoleLog - Keep running Project opening ... so far 4m
2026-02-17 09:13:13,110 [ 275813]   INFO - STDOUT - Keep running Project opening ... so far 4m
2026-02-17 09:13:25,235 [ 287938]   INFO - #fleet.kernel.Transactor - Duration: 181.724250ms, change from: fleet.tracing.runtime.Span$Noop@7a4b8d67
2026-02-17 09:13:33,716 [ 296419]   INFO - #fleet.kernel.Transactor - Duration: 54.493166ms, change from: fleet.tracing.runtime.Span$Noop@7a4b8d67
2026-02-17 09:13:43,120 [ 305823]   INFO - #o.j.q.s.i.r.ConsoleLog - Keep running Project opening ... so far 4m 30s
2026-02-17 09:13:43,128 [ 305831]   INFO - STDOUT - Keep running Project opening ... so far 4m 30s
2026-02-17 09:13:43,268 [ 305971]   INFO - #c.i.u.i.c.IndexUpdateRunner - Coroutine 3 finished gracefully
2026-02-17 09:13:43,270 [ 305973]   INFO - #c.i.u.i.c.IndexUpdateRunner - Coroutine 7 finished gracefully
2026-02-17 09:13:43,270 [ 305973]   INFO - #c.i.u.i.c.IndexUpdateRunner - Coroutine 5 finished gracefully
2026-02-17 09:13:43,270 [ 305973]   INFO - #c.i.u.i.c.IndexUpdateRunner - Coroutine 2 finished gracefully
2026-02-17 09:13:43,270 [ 305973]   INFO - #c.i.u.i.c.IndexUpdateRunner - Coroutine 4 finished gracefully
2026-02-17 09:13:43,271 [ 305974]   INFO - #c.i.u.i.c.IndexUpdateRunner - Coroutine 0 finished gracefully
2026-02-17 09:13:43,271 [ 305974]   INFO - #c.i.u.i.c.IndexUpdateRunner - Coroutine 1 finished gracefully
2026-02-17 09:13:43,423 [ 306126]   INFO - #c.i.u.i.c.IndexUpdateRunner - Coroutine 6 finished gracefully
2026-02-17 09:13:43,566 [ 306269]   INFO - #c.i.u.i.ProjectChangedFilesScanner - Retrieving changed during indexing files of java-basics : 55 to update, calculated in 94ms
2026-02-17 09:13:44,213 [ 306916]   INFO - #c.i.u.i.c.IndexUpdateRunner - Coroutine 6 finished gracefully
2026-02-17 09:13:44,215 [ 306918]   INFO - #c.i.u.i.c.IndexUpdateRunner - Coroutine 1 finished gracefully
2026-02-17 09:13:44,222 [ 306925]   INFO - #c.i.u.i.c.IndexUpdateRunner - Coroutine 7 finished gracefully
2026-02-17 09:13:44,229 [ 306932]   INFO - #c.i.u.i.c.IndexUpdateRunner - Coroutine 3 finished gracefully
2026-02-17 09:13:44,229 [ 306932]   INFO - #c.i.u.i.c.IndexUpdateRunner - Coroutine 0 finished gracefully
2026-02-17 09:13:44,230 [ 306933]   INFO - #c.i.u.i.c.IndexUpdateRunner - Coroutine 5 finished gracefully
2026-02-17 09:13:44,233 [ 306936]   INFO - #c.i.u.i.c.IndexUpdateRunner - Coroutine 2 finished gracefully
2026-02-17 09:13:44,249 [ 306952]   INFO - #c.i.u.i.c.IndexUpdateRunner - Coroutine 4 finished gracefully
2026-02-17 09:13:44,274 [ 306977]   INFO - #c.i.u.i.UnindexedFilesIndexer - Finished for java-basics. Unindexed files update took 31411ms; general responsiveness: ok; EDT responsiveness: ok
2026-02-17 09:13:44,329 [ 307032]   INFO - #c.i.o.p.MergingQueueGuiExecutor - Task finished: (dumb mode task) UnindexedFilesIndexer[java-basics, reasons: [Merged changes in: "Module 'java-basics.test' (all roots)", "Module 'java-basics.main' (all roots)" with changes in: "Module 'java-basics.main' (main)"]]
2026-02-17 09:13:44,358 [ 307061]   INFO - #c.i.o.p.UnindexedFilesScannerExecutor - [15375f63] Running task: com.intellij.util.indexing.UnindexedFilesScannerExecutorImpl$ScheduledScanningTask@3226c2b9
2026-02-17 09:13:44,370 [ 307073]   INFO - #c.i.u.i.UnindexedFilesScanner - [15375f63] scanning stage (scanning id=5): DelayedPushProperties
2026-02-17 09:13:44,402 [ 307105]   INFO - #c.i.u.i.FileBasedIndexImpl - Indexes are already loaded
2026-02-17 09:13:44,407 [ 307110]   INFO - #c.i.o.p.MergingQueueGuiExecutor - Running task: (dumb mode task) com.intellij.openapi.roots.impl.PushedFilePropertiesUpdaterImpl$MyDumbModeTask@3960b4d0 (reason: Push on VFS changes)
2026-02-17 09:13:44,408 [ 307111]   INFO - #c.i.u.i.UnindexedFilesScanner - [15375f63] Started scanning for indexing of java-basics. Reason: Merged Changes from WorkspaceFileIndex with changes in: "Module 'java-basics.main' (all roots)", "Module 'java-basics.test' (all roots)"
2026-02-17 09:13:44,409 [ 307112]   INFO - #c.i.u.i.UnindexedFilesScanner - [15375f63] scanning stage (scanning id=5): CreatingIterators
2026-02-17 09:13:44,410 [ 307113]   INFO - #c.i.u.i.UnindexedFilesScanner - [15375f63] scanning stage (scanning id=5): CollectingIndexableFiles
2026-02-17 09:13:44,415 [ 307118]   INFO - #c.i.u.i.UnindexedFilesScanner - Scanning of java-basics uses 8 scanning threads
2026-02-17 09:13:44,429 [ 307132]   INFO - #c.i.o.p.MergingQueueGuiExecutor - Task finished: (dumb mode task) com.intellij.openapi.roots.impl.PushedFilePropertiesUpdaterImpl$MyDumbModeTask@3960b4d0 (reason: Push on VFS changes)
2026-02-17 09:13:44,431 [ 307134]   INFO - #c.i.o.p.MergingQueueGuiExecutor - Running task: (dumb mode task) UnindexedFilesIndexer[java-basics, reasons: [Merged Changes from WorkspaceFileIndex with changes in: "Module 'java-basics' (project)" with Changes from WorkspaceFileIndex with Changes from WorkspaceFileIndex with Changes from WorkspaceFileIndex with Changes from WorkspaceFileIndex with Changes from WorkspaceFileIndex with Changes from WorkspaceFileIndex with Changes from WorkspaceFileIndex, On refresh of files in java-basics]]
2026-02-17 09:13:45,414 [ 308117]   INFO - #c.i.u.i.IndexingReasonExplanationLogger - Scanner has updated file jackson-core-2.10.4.jar (id=79020) with appliers: [SingleIndexValueApplier{indexId=java.auto.module.name, inputId=79020, fileInfo='jackson-core-2.10.4.jar(id=79020)'}] and removers: []; 
2026-02-17 09:13:45,509 [ 308212]   INFO - #c.i.u.i.IndexingReasonExplanationLogger - Scanner has updated file aspectjrt-1.9.6.jar (id=78845) with appliers: [SingleIndexValueApplier{indexId=java.auto.module.name, inputId=78845, fileInfo='aspectjrt-1.9.6.jar(id=78845)'}] and removers: []; 
2026-02-17 09:13:45,509 [ 308212]   INFO - #c.i.u.i.IndexingReasonExplanationLogger - Scanner has updated file lombok-1.18.16.jar (id=79024) with appliers: [SingleIndexValueApplier{indexId=java.auto.module.name, inputId=79024, fileInfo='lombok-1.18.16.jar(id=79024)'}] and removers: []; 
2026-02-17 09:13:45,509 [ 308212]   INFO - #c.i.u.i.IndexingReasonExplanationLogger - Scanner has updated file junit-jupiter-engine-5.7.0.jar (id=78740) with appliers: [SingleIndexValueApplier{indexId=java.auto.module.name, inputId=78740, fileInfo='junit-jupiter-engine-5.7.0.jar(id=78740)'}] and removers: []; 
2026-02-17 09:13:45,509 [ 308212]   INFO - #c.i.u.i.IndexingReasonExplanationLogger - Scanner has updated file jackson-annotations-2.10.4.jar (id=79011) with appliers: [SingleIndexValueApplier{indexId=java.auto.module.name, inputId=79011, fileInfo='jackson-annotations-2.10.4.jar(id=79011)'}] and removers: []; 
2026-02-17 09:13:45,516 [ 308219]   INFO - #c.i.u.i.IndexingReasonExplanationLogger - Scanner has updated file lombok-1.18.28.jar (id=78874) with appliers: [SingleIndexValueApplier{indexId=java.auto.module.name, inputId=78874, fileInfo='lombok-1.18.28.jar(id=78874)'}] and removers: []; 
2026-02-17 09:13:45,516 [ 308219]   INFO - #c.i.u.i.IndexingReasonExplanationLogger - Scanner has updated file junit-platform-engine-1.7.0.jar (id=78917) with appliers: [SingleIndexValueApplier{indexId=java.auto.module.name, inputId=78917, fileInfo='junit-platform-engine-1.7.0.jar(id=78917)'}] and removers: []; 
2026-02-17 09:13:45,522 [ 308225]   INFO - #c.i.u.i.IndexingReasonExplanationLogger - Scheduling indexing of CharTypes.class (id=85607) by request of indexes: [bytecodeAnalysis->NOT_INDEXED(not indexed),org.jetbrains.kotlin.idea.vfilefinder.KotlinClassFileIndex->NOT_INDEXED(not indexed),org.jetbrains.kotlin.idea.versions.KotlinJvmMetadataVersionIndex->NOT_INDEXED(not indexed),org.jetbrains.kotlin.idea.vfilefinder.KotlinPartialPackageNamesIndex->NOT_INDEXED(not indexed),KotlinTopLevelCallableByPackageShortNameIndex->NOT_INDEXED(not indexed),KotlinBinaryRootToPackageIndex->NOT_INDEXED(not indexed),KotlinTopLevelClassLikeDeclarationByPackageShortNameIndex->NOT_INDEXED(not indexed),filetypes->NOT_INDEXED(not indexed),Stubs->NOT_INDEXED(not indexed),]. Scanner has updated file CharTypes.class (id=85607) with appliers: [SingleIndexValueApplier{indexId=filetypes, inputId=85607, fileInfo='CharTypes.class(id=85607)'}] and removers: []; 
2026-02-17 09:13:45,522 [ 308225]   INFO - #c.i.u.i.IndexingReasonExplanationLogger - Scheduling indexing of Nulls.class (id=85382) by request of indexes: [bytecodeAnalysis->NOT_INDEXED(not indexed),org.jetbrains.kotlin.idea.vfilefinder.KotlinClassFileIndex->NOT_INDEXED(not indexed),org.jetbrains.kotlin.idea.versions.KotlinJvmMetadataVersionIndex->NOT_INDEXED(not indexed),org.jetbrains.kotlin.idea.vfilefinder.KotlinPartialPackageNamesIndex->NOT_INDEXED(not indexed),KotlinTopLevelCallableByPackageShortNameIndex->NOT_INDEXED(not indexed),KotlinBinaryRootToPackageIndex->NOT_INDEXED(not indexed),KotlinTopLevelClassLikeDeclarationByPackageShortNameIndex->NOT_INDEXED(not indexed),filetypes->NOT_INDEXED(not indexed),Stubs->NOT_INDEXED(not indexed),]. Scanner has updated file Nulls.class (id=85382) with appliers: [SingleIndexValueApplier{indexId=filetypes, inputId=85382, fileInfo='Nulls.class(id=85382)'}] and removers: []; 
2026-02-17 09:13:45,529 [ 308232]   INFO - #c.i.u.i.IndexingReasonExplanationLogger - Scheduling indexing of JupiterConfiguration.class (id=82331) by request of indexes: [bytecodeAnalysis->NOT_INDEXED(not indexed),org.jetbrains.kotlin.idea.vfilefinder.KotlinClassFileIndex->NOT_INDEXED(not indexed),org.jetbrains.kotlin.idea.versions.KotlinJvmMetadataVersionIndex->NOT_INDEXED(not indexed),org.jetbrains.kotlin.idea.vfilefinder.KotlinPartialPackageNamesIndex->NOT_INDEXED(not indexed),KotlinTopLevelCallableByPackageShortNameIndex->NOT_INDEXED(not indexed),KotlinBinaryRootToPackageIndex->NOT_INDEXED(not indexed),KotlinTopLevelClassLikeDeclarationByPackageShortNameIndex->NOT_INDEXED(not indexed),filetypes->NOT_INDEXED(not indexed),Stubs->NOT_INDEXED(not indexed),]. Scanner has updated file JupiterConfiguration.class (id=82331) with appliers: [SingleIndexValueApplier{indexId=filetypes, inputId=82331, fileInfo='JupiterConfiguration.class(id=82331)'}] and removers: []; 
2026-02-17 09:13:45,530 [ 308233]   INFO - #c.i.u.i.IndexingReasonExplanationLogger - Scheduling indexing of PrefixedConfigurationParameters.class (id=85106) by request of indexes: [bytecodeAnalysis->NOT_INDEXED(not indexed),org.jetbrains.kotlin.idea.vfilefinder.KotlinClassFileIndex->NOT_INDEXED(not indexed),org.jetbrains.kotlin.idea.versions.KotlinJvmMetadataVersionIndex->NOT_INDEXED(not indexed),org.jetbrains.kotlin.idea.vfilefinder.KotlinPartialPackageNamesIndex->NOT_INDEXED(not indexed),KotlinTopLevelCallableByPackageShortNameIndex->NOT_INDEXED(not indexed),KotlinBinaryRootToPackageIndex->NOT_INDEXED(not indexed),KotlinTopLevelClassLikeDeclarationByPackageShortNameIndex->NOT_INDEXED(not indexed),filetypes->NOT_INDEXED(not indexed),Stubs->NOT_INDEXED(not indexed),]. Scanner has updated file PrefixedConfigurationParameters.class (id=85106) with appliers: [SingleIndexValueApplier{indexId=filetypes, inputId=85106, fileInfo='PrefixedConfigurationParameters.class(id=85106)'}] and removers: []; 
2026-02-17 09:13:45,530 [ 308233]   INFO - #c.i.u.i.IndexingReasonExplanationLogger - Scheduling indexing of Advice.class (id=84186) by request of indexes: [bytecodeAnalysis->NOT_INDEXED(not indexed),org.jetbrains.kotlin.idea.vfilefinder.KotlinClassFileIndex->NOT_INDEXED(not indexed),org.jetbrains.kotlin.idea.versions.KotlinJvmMetadataVersionIndex->NOT_INDEXED(not indexed),org.jetbrains.kotlin.idea.vfilefinder.KotlinPartialPackageNamesIndex->NOT_INDEXED(not indexed),KotlinTopLevelCallableByPackageShortNameIndex->NOT_INDEXED(not indexed),KotlinBinaryRootToPackageIndex->NOT_INDEXED(not indexed),KotlinTopLevelClassLikeDeclarationByPackageShortNameIndex->NOT_INDEXED(not indexed),filetypes->NOT_INDEXED(not indexed),Stubs->NOT_INDEXED(not indexed),]. Scanner has updated file Advice.class (id=84186) with appliers: [SingleIndexValueApplier{indexId=filetypes, inputId=84186, fileInfo='Advice.class(id=84186)'}] and removers: []; 
2026-02-17 09:13:45,549 [ 308252]   INFO - #c.i.u.i.IndexingReasonExplanationLogger - Scheduling indexing of AjType.class (id=84223) by request of indexes: [bytecodeAnalysis->NOT_INDEXED(not indexed),org.jetbrains.kotlin.idea.vfilefinder.KotlinClassFileIndex->NOT_INDEXED(not indexed),org.jetbrains.kotlin.idea.versions.KotlinJvmMetadataVersionIndex->NOT_INDEXED(not indexed),org.jetbrains.kotlin.idea.vfilefinder.KotlinPartialPackageNamesIndex->NOT_INDEXED(not indexed),KotlinTopLevelCallableByPackageShortNameIndex->NOT_INDEXED(not indexed),KotlinBinaryRootToPackageIndex->NOT_INDEXED(not indexed),KotlinTopLevelClassLikeDeclarationByPackageShortNameIndex->NOT_INDEXED(not indexed),filetypes->NOT_INDEXED(not indexed),Stubs->NOT_INDEXED(not indexed),]. Scanner has updated file AjType.class (id=84223) with appliers: [SingleIndexValueApplier{indexId=filetypes, inputId=84223, fileInfo='AjType.class(id=84223)'}] and removers: []; 
2026-02-17 09:13:45,550 [ 308253]   INFO - #c.i.u.i.IndexingReasonExplanationLogger - Scheduling indexing of IOContext.class (id=85620) by request of indexes: [bytecodeAnalysis->NOT_INDEXED(not indexed),org.jetbrains.kotlin.idea.vfilefinder.KotlinClassFileIndex->NOT_INDEXED(not indexed),org.jetbrains.kotlin.idea.versions.KotlinJvmMetadataVersionIndex->NOT_INDEXED(not indexed),org.jetbrains.kotlin.idea.vfilefinder.KotlinPartialPackageNamesIndex->NOT_INDEXED(not indexed),KotlinTopLevelCallableByPackageShortNameIndex->NOT_INDEXED(not indexed),KotlinBinaryRootToPackageIndex->NOT_INDEXED(not indexed),KotlinTopLevelClassLikeDeclarationByPackageShortNameIndex->NOT_INDEXED(not indexed),filetypes->NOT_INDEXED(not indexed),Stubs->NOT_INDEXED(not indexed),]. Scanner has updated file IOContext.class (id=85620) with appliers: [SingleIndexValueApplier{indexId=filetypes, inputId=85620, fileInfo='IOContext.class(id=85620)'}] and removers: []; 
2026-02-17 09:13:45,550 [ 308253]   INFO - #c.i.u.i.IndexingReasonExplanationLogger - Scheduling indexing of CachingJupiterConfiguration.class (id=82336) by request of indexes: [bytecodeAnalysis->NOT_INDEXED(not indexed),org.jetbrains.kotlin.idea.vfilefinder.KotlinClassFileIndex->NOT_INDEXED(not indexed),org.jetbrains.kotlin.idea.versions.KotlinJvmMetadataVersionIndex->NOT_INDEXED(not indexed),org.jetbrains.kotlin.idea.vfilefinder.KotlinPartialPackageNamesIndex->NOT_INDEXED(not indexed),KotlinTopLevelCallableByPackageShortNameIndex->NOT_INDEXED(not indexed),KotlinBinaryRootToPackageIndex->NOT_INDEXED(not indexed),KotlinTopLevelClassLikeDeclarationByPackageShortNameIndex->NOT_INDEXED(not indexed),filetypes->NOT_INDEXED(not indexed),Stubs->NOT_INDEXED(not indexed),]. Scanner has updated file CachingJupiterConfiguration.class (id=82336) with appliers: [SingleIndexValueApplier{indexId=filetypes, inputId=82336, fileInfo='CachingJupiterConfiguration.class(id=82336)'}] and removers: []; 
2026-02-17 09:13:45,554 [ 308257]   INFO - #c.i.u.i.IndexingReasonExplanationLogger - Scheduling indexing of UTF8Writer.class (id=85621) by request of indexes: [bytecodeAnalysis->NOT_INDEXED(not indexed),org.jetbrains.kotlin.idea.vfilefinder.KotlinClassFileIndex->NOT_INDEXED(not indexed),org.jetbrains.kotlin.idea.versions.KotlinJvmMetadataVersionIndex->NOT_INDEXED(not indexed),org.jetbrains.kotlin.idea.vfilefinder.KotlinPartialPackageNamesIndex->NOT_INDEXED(not indexed),KotlinTopLevelCallableByPackageShortNameIndex->NOT_INDEXED(not indexed),KotlinBinaryRootToPackageIndex->NOT_INDEXED(not indexed),KotlinTopLevelClassLikeDeclarationByPackageShortNameIndex->NOT_INDEXED(not indexed),filetypes->NOT_INDEXED(not indexed),Stubs->NOT_INDEXED(not indexed),]. Scanner has updated file UTF8Writer.class (id=85621) with appliers: [SingleIndexValueApplier{indexId=filetypes, inputId=85621, fileInfo='UTF8Writer.class(id=85621)'}] and removers: []; 
2026-02-17 09:13:45,554 [ 308257]   INFO - #c.i.u.i.IndexingReasonExplanationLogger - Scheduling indexing of DefaultJupiterConfiguration.class (id=82334) by request of indexes: [bytecodeAnalysis->NOT_INDEXED(not indexed),org.jetbrains.kotlin.idea.vfilefinder.KotlinClassFileIndex->NOT_INDEXED(not indexed),org.jetbrains.kotlin.idea.versions.KotlinJvmMetadataVersionIndex->NOT_INDEXED(not indexed),org.jetbrains.kotlin.idea.vfilefinder.KotlinPartialPackageNamesIndex->NOT_INDEXED(not indexed),KotlinTopLevelCallableByPackageShortNameIndex->NOT_INDEXED(not indexed),KotlinBinaryRootToPackageIndex->NOT_INDEXED(not indexed),KotlinTopLevelClassLikeDeclarationByPackageShortNameIndex->NOT_INDEXED(not indexed),filetypes->NOT_INDEXED(not indexed),Stubs->NOT_INDEXED(not indexed),]. Scanner has updated file DefaultJupiterConfiguration.class (id=82334) with appliers: [SingleIndexValueApplier{indexId=filetypes, inputId=82334, fileInfo='DefaultJupiterConfiguration.class(id=82334)'}] and removers: []; 
2026-02-17 09:13:45,566 [ 308269]   INFO - #fleet.kernel.Transactor - Very long change!!! Duration: 810.461292ms, change from: fleet.tracing.runtime.Span$Noop@7a4b8d67
2026-02-17 09:13:45,578 [ 308281]   INFO - #c.i.u.i.IndexingReasonExplanationLogger - Scanner has updated file assertj-core-3.19.0.jar (id=78800) with appliers: [SingleIndexValueApplier{indexId=java.auto.module.name, inputId=78800, fileInfo='assertj-core-3.19.0.jar(id=78800)'}] and removers: []; 
2026-02-17 09:13:45,876 [ 308579]   INFO - #c.i.u.i.IndexingReasonExplanationLogger - Scanner has updated file opentest4j-1.2.0.jar (id=78993) with appliers: [SingleIndexValueApplier{indexId=java.auto.module.name, inputId=78993, fileInfo='opentest4j-1.2.0.jar(id=78993)'}] and removers: []; 
2026-02-17 09:13:45,887 [ 308590]   INFO - #c.i.u.i.IndexingReasonExplanationLogger - Scanner has updated file Excludes.SCL.lombok (id=85707) with appliers: [SingleIndexValueApplier{indexId=filetypes, inputId=85707, fileInfo='Excludes.SCL.lombok(id=85707)'}] and removers: []; 
2026-02-17 09:13:46,982 [ 309685]   INFO - #c.i.u.i.UnindexedFilesScanner - [15375f63] Scanning completed for java-basics. Number of scanned files: 6708; number of files for indexing: 4987
2026-02-17 09:13:47,052 [ 309755]   INFO - #c.i.o.p.UnindexedFilesScannerExecutor - [15375f63] Task finished (scanning id=5): com.intellij.util.indexing.UnindexedFilesScannerExecutorImpl$ScheduledScanningTask@3226c2b9
2026-02-17 09:13:47,055 [ 309758]   INFO - #c.i.u.i.FileBasedIndexImpl - Indexes are already loaded
2026-02-17 09:13:47,077 [ 309780]   INFO - #c.i.u.i.c.IndexUpdateRunner - Using 8 workers for indexing and 4 for writing indexes
2026-02-17 09:13:51,295 [ 313998]   INFO - #c.i.u.i.c.IndexUpdateRunner - Coroutine 6 finished gracefully
2026-02-17 09:13:51,297 [ 314000]   INFO - #c.i.u.i.c.IndexUpdateRunner - Coroutine 3 finished gracefully
2026-02-17 09:13:51,299 [ 314002]   INFO - #c.i.u.i.c.IndexUpdateRunner - Coroutine 4 finished gracefully
2026-02-17 09:13:51,299 [ 314002]   INFO - #c.i.u.i.c.IndexUpdateRunner - Coroutine 2 finished gracefully
2026-02-17 09:13:51,629 [ 314332]   INFO - #c.i.u.i.c.IndexUpdateRunner - Coroutine 5 finished gracefully
2026-02-17 09:13:51,730 [ 314433]   INFO - #c.i.u.i.c.IndexUpdateRunner - Coroutine 7 finished gracefully
2026-02-17 09:13:51,946 [ 314649]   INFO - #c.i.u.i.c.IndexUpdateRunner - Coroutine 0 finished gracefully
2026-02-17 09:13:51,948 [ 314651]   INFO - #c.i.u.i.c.IndexUpdateRunner - Coroutine 1 finished gracefully
2026-02-17 09:13:52,236 [ 314939]   INFO - #c.i.u.i.ProjectChangedFilesScanner - Retrieving changed during indexing files of java-basics : 55 to update, calculated in 203ms
2026-02-17 09:13:53,050 [ 315753]   INFO - #c.i.u.i.c.IndexUpdateRunner - Coroutine 2 finished gracefully
2026-02-17 09:13:53,054 [ 315757]   INFO - #c.i.u.i.c.IndexUpdateRunner - Coroutine 4 finished gracefully
2026-02-17 09:13:53,054 [ 315757]   INFO - #c.i.u.i.c.IndexUpdateRunner - Coroutine 7 finished gracefully
2026-02-17 09:13:53,059 [ 315762]   INFO - #c.i.u.i.c.IndexUpdateRunner - Coroutine 0 finished gracefully
2026-02-17 09:13:53,063 [ 315766]   INFO - #c.i.u.i.c.IndexUpdateRunner - Coroutine 3 finished gracefully
2026-02-17 09:13:53,065 [ 315768]   INFO - #c.i.u.i.c.IndexUpdateRunner - Coroutine 1 finished gracefully
2026-02-17 09:13:53,069 [ 315772]   INFO - #c.i.u.i.c.IndexUpdateRunner - Coroutine 5 finished gracefully
2026-02-17 09:13:53,092 [ 315795]   INFO - #c.i.u.i.c.IndexUpdateRunner - Coroutine 6 finished gracefully
2026-02-17 09:13:53,116 [ 315819]   INFO - #c.i.u.i.UnindexedFilesIndexer - Finished for java-basics. Unindexed files update took 6059ms; general responsiveness: ok; EDT responsiveness: ok
2026-02-17 09:13:53,166 [ 315869]   INFO - #c.i.o.p.MergingQueueGuiExecutor - Task finished: (dumb mode task) UnindexedFilesIndexer[java-basics, reasons: [Merged Changes from WorkspaceFileIndex with changes in: "Module 'java-basics' (project)" with Changes from WorkspaceFileIndex with Changes from WorkspaceFileIndex with Changes from WorkspaceFileIndex with Changes from WorkspaceFileIndex with Changes from WorkspaceFileIndex with Changes from WorkspaceFileIndex with Changes from WorkspaceFileIndex, On refresh of files in java-basics]]
2026-02-17 09:13:53,209 [ 315912]   INFO - #c.i.o.p.MergingQueueGuiExecutor - Running task: (dumb mode task) UnindexedFilesIndexer[java-basics, reasons: [Merged Changes from WorkspaceFileIndex with changes in: "Module 'java-basics.main' (all roots)", "Module 'java-basics.test' (all roots)"]]
2026-02-17 09:13:53,225 [ 315928]   INFO - #c.i.u.i.FileBasedIndexImpl - Indexes are already loaded
2026-02-17 09:13:53,235 [ 315938]   INFO - #c.i.u.i.c.IndexUpdateRunner - Using 8 workers for indexing and 4 for writing indexes
2026-02-17 09:13:53,236 [ 315939]   INFO - #c.i.u.i.ProjectChangedFilesScanner - Retrieving changed during indexing files of java-basics : 0 to update, calculated in 0ms
2026-02-17 09:13:53,236 [ 315939]   INFO - #c.i.u.i.UnindexedFilesIndexer - Finished for java-basics. Unindexed files update took 6ms; general responsiveness: ok; EDT responsiveness: ok
2026-02-17 09:13:53,239 [ 315942]   INFO - #c.i.o.p.MergingQueueGuiExecutor - Task finished: (dumb mode task) UnindexedFilesIndexer[java-basics, reasons: [Merged Changes from WorkspaceFileIndex with changes in: "Module 'java-basics.main' (all roots)", "Module 'java-basics.test' (all roots)"]]
2026-02-17 09:13:53,291 [ 315994]   INFO - #c.i.o.p.DumbServiceImpl - exit dumb mode [java-basics]
2026-02-17 09:13:53,505 [ 316208]   INFO - STDOUT - [IDE]: Task 'Analyzing project to enable smart features' ended
2026-02-17 09:13:54,285 [ 316988]   INFO - #o.j.i.maven - Updating index list for project Project(name=java-basics, containerState=COMPONENT_CREATED, componentStore=/data/project)
2026-02-17 09:13:54,287 [ 316990]   INFO - #o.j.i.maven - updating index list for Project(name=java-basics, containerState=COMPONENT_CREATED, componentStore=/data/project) - local:local:/data/cache/.m2 remains the same, nothing to update
2026-02-17 09:13:54,303 [ 317006]   INFO - STDOUT - 'external-system' is completed.
2026-02-17 09:13:54,305 [ 317008]   INFO - STDOUT - 'Maven' is in progress...
2026-02-17 09:14:13,135 [ 335838]   INFO - #o.j.q.s.i.r.ConsoleLog - Keep running Project opening ... so far 5m
2026-02-17 09:14:13,172 [ 335875]   INFO - STDOUT - Keep running Project opening ... so far 5m
2026-02-17 09:14:42,019 [ 364722]   INFO - #o.j.i.maven - maven plugin resolution finished, unresolved: []
2026-02-17 09:14:43,155 [ 365858]   WARN - #o.j.i.maven - updateAllMavenProjects finished: incremental=false, MavenProjectsManager.onProjectStartup java-basics
2026-02-17 09:14:43,174 [ 365877]   INFO - #o.j.q.s.i.r.ConsoleLog - Keep running Project opening ... so far 5m 30s
2026-02-17 09:14:43,175 [ 365878]   INFO - STDOUT - Keep running Project opening ... so far 5m 30s
2026-02-17 09:14:43,368 [ 366071]   INFO - STDOUT - 'Maven' is completed.
2026-02-17 09:14:43,369 [ 366072]   INFO - STDOUT - 'Queries for MergingUpdateQueue' is in progress...
2026-02-17 09:14:43,472 [ 366175]   INFO - STDOUT - 'Queries for MergingUpdateQueue' is completed.
2026-02-17 09:14:43,505 [ 366208]   INFO - #c.i.w.i.i.j.s.JpsGlobalModelSynchronizerImpl - Saving global entities com.intellij.platform.workspace.jps.entities.SdkEntity to files
2026-02-17 09:14:43,529 [ 366232]   INFO - #c.i.w.i.i.j.s.JpsGlobalModelSynchronizerImpl - Saving global entities com.intellij.platform.workspace.jps.entities.LibraryEntity to files
2026-02-17 09:14:43,722 [ 366425]   INFO - #c.i.c.ComponentStoreImpl - Saving default projectGradleLocalSettings took 21 ms, RunDashboard took 12 ms, RunManager took 12 ms
2026-02-17 09:14:45,067 [ 367770]   INFO - #c.i.u.i.p.ProjectIndexableFilesFilterHealthCheck - Following files are NOT indexable but they were found in filter. Errors count: 31531. Examples:
file id=112 path=/data/project/.gradle
file id=4693 path=/data/project/build
file id=4809 path=/data/project/build/generated
file id=4810 path=/data/project/build/generated/sources
file id=4835 path=/data/project/build/generated/sources/annotationProcessor
...
2026-02-17 09:14:45,166 [ 367869]   INFO - #c.i.a.o.PathMacrosImpl - Saved path macros: {MAVEN_REPOSITORY=/data/cache/.m2}
2026-02-17 09:14:45,360 [ 368063]   INFO - #c.i.c.ComponentStoreImpl - Saving appActionMacroManager took 25 ms, ConsoleFont took 28 ms, DebuggerSettings took 13 ms, EventLogAllowedList took 14 ms, ExtensionsRootType took 39 ms, FeatureUsageStatistics took 123 ms, FileTypeManager took 644 ms, FindSettings took 141 ms, GeneralSettings took 13 ms, GradleJvmSupportMatrix took 93 ms, GraziConfig took 28 ms, HttpConfigurable took 31 ms, InlayHintsSettings took 13 ms, InspectionProfileManager took 42 ms, JdkInstallerHistory took 15 ms, Logs.Categories took 26 ms, MavenWrapperMapping took 14 ms, NotRoamableUiSettings took 17 ms, ProfilerRunConfigurations took 29 ms, QodanaCloudUserState took 19 ms, RecentProjectsManager took 25 ms, TypeScriptExternalDefinitionsRegistry took 12 ms, UISettings took 14 ms, dataSourceStorageLocal took 14 ms
2026-02-17 09:14:45,491 [ 368194]   INFO - #c.i.w.i.i.j.s.JpsGlobalModelSynchronizerImpl - Saving global entities com.intellij.platform.workspace.jps.entities.SdkEntity to files
2026-02-17 09:14:45,518 [ 368221]   INFO - #c.i.w.i.i.j.s.JpsGlobalModelSynchronizerImpl - Saving global entities com.intellij.platform.workspace.jps.entities.LibraryEntity to files
2026-02-17 09:14:45,565 [ 368268]   INFO - #c.i.c.ComponentStoreImpl - Saving default projectRunManager took 19 ms
2026-02-17 09:14:45,752 [ 368455]   INFO - #fleet.kernel.Transactor - Duration: 105.882834ms, change from: fleet.tracing.runtime.Span$Noop@7a4b8d67
2026-02-17 09:14:45,796 [ 368499]   INFO - #c.i.a.o.PathMacrosImpl - Saved path macros: {MAVEN_REPOSITORY=/data/cache/.m2}
2026-02-17 09:14:45,819 [ 368522]   INFO - #c.i.c.ComponentStoreImpl - Saving appAndroidSdkPathStore took 18 ms, DefaultFont took 12 ms, FeatureUsageStatistics took 20 ms, FileTypeManager took 120 ms
2026-02-17 09:14:46,516 [ 369219]   INFO - #c.i.o.e.s.p.m.ExternalProjectsDataStorage - Save external projects data in 354 ms
2026-02-17 09:14:47,066 [ 369769]   INFO - #c.i.c.ComponentStoreImpl - Saving Project(name=java-basics, containerState=COMPONENT_CREATED, componentStore=/data/project)BookmarksManager took 11 ms, DependencyValidationManager took 19 ms, ExternalSystemProjectTracker took 18 ms, KotlinCommonCompilerArguments took 112 ms, RunManager took 22 ms, TaskManager took 52 ms, XDebuggerManager took 87 ms, YarnPnpManager took 11 ms, sourceFolderManager took 11 ms
2026-02-17 09:14:47,427 [ 370130]   INFO - #c.i.o.p.DumbServiceImpl - enter dumb mode [java-basics]
2026-02-17 09:14:47,539 [ 370242]   INFO - #c.i.o.p.MergingQueueGuiExecutor - Running task: (dumb mode task) com.intellij.openapi.roots.impl.PushedFilePropertiesUpdaterImpl$MyDumbModeTask@714b002d (reason: Push on VFS changes)
2026-02-17 09:14:48,378 [ 371081]   INFO - #c.i.o.p.MergingQueueGuiExecutor - Task finished: (dumb mode task) com.intellij.openapi.roots.impl.PushedFilePropertiesUpdaterImpl$MyDumbModeTask@714b002d (reason: Push on VFS changes)
2026-02-17 09:14:48,622 [ 371325]   INFO - #c.i.o.p.DumbServiceImpl - exit dumb mode [java-basics]
2026-02-17 09:14:49,025 [ 371728]   INFO - STDOUT - [IDE]: Task 'Analyzing project to enable smart features' ended
2026-02-17 09:14:49,711 [ 372414]   INFO - #c.i.o.c.i.s.StoreUtil - saveProjectsAndApp took 4225 ms
2026-02-17 09:14:49,718 [ 372421]   INFO - STDOUT - Configuration phase 0 is completed. Initiating another phase to cover possible side effects...
2026-02-17 09:14:49,719 [ 372422]   INFO - STDOUT - All configuration phases are completed.
2026-02-17 09:14:50,068 [ 372771]   INFO - #fleet.kernel.Transactor - Very long change!!! Duration: 298.152167ms, change from: fleet.tracing.runtime.Span$Noop@7a4b8d67
2026-02-17 09:14:50,636 [ 373339]   INFO - #c.i.i.s.e.c.EventLogStatisticsService - Statistics. Configuration url: https://resources.jetbrains.com/storage/fus/config/v4/FUS/QDJVM.json
2026-02-17 09:14:50,640 [ 373343]   INFO - #c.i.i.s.e.c.EventLogStatisticsService - Statistics. Configuration is reachable: true
2026-02-17 09:14:50,648 [ 373351]   INFO - #c.i.i.s.e.c.EventLogStatisticsService - Statistics. Send is enabled: true
2026-02-17 09:14:50,650 [ 373353]   INFO - #c.i.i.s.e.c.EventLogStatisticsService - Statistics. Configuration service url: https://analytics.services.jetbrains.com/fus/v5/send/
2026-02-17 09:14:50,661 [ 373364]   INFO - #c.i.i.s.e.c.EventLogStatisticsService - Statistics. Configuration metadata product url: https://resources.jetbrains.com/storage/ap/fus/metadata/tiger/FUS/groups/253/QDJVM.json
2026-02-17 09:14:50,863 [ 373566]   INFO - #o.j.q.s.i.r.ConsoleLog - The Project opening stage completed in 5m 37s
2026-02-17 09:14:50,864 [ 373567]   INFO - STDOUT - The Project opening stage completed in 5m 37s
2026-02-17 09:14:50,866 [ 373569]   INFO - STDOUT - done.
2026-02-17 09:14:51,479 [ 374182]   INFO - #c.i.o.p.DumbServiceImpl - enter dumb mode [java-basics]
2026-02-17 09:14:51,517 [ 374220]   INFO - #o.j.q.s.i.r.ConsoleLog - Preparing for the Project configuration stage ...
2026-02-17 09:14:51,519 [ 374222]   INFO - STDOUT - Preparing for the Project configuration stage ...
2026-02-17 09:14:51,525 [ 374228]   INFO - #c.i.o.p.MergingQueueGuiExecutor - Running task: (dumb mode task) com.intellij.openapi.roots.impl.PushedFilePropertiesUpdaterImpl$MyDumbModeTask@5da21b45 (reason: Push on VFS changes)
2026-02-17 09:14:51,533 [ 374236]   INFO - STDOUT - 'dumb-mode' is in progress...
2026-02-17 09:14:51,571 [ 374274]   INFO - #c.i.o.p.MergingQueueGuiExecutor - Task finished: (dumb mode task) com.intellij.openapi.roots.impl.PushedFilePropertiesUpdaterImpl$MyDumbModeTask@5da21b45 (reason: Push on VFS changes)
2026-02-17 09:14:51,572 [ 374275]   INFO - #c.i.o.p.MergingQueueGuiExecutor - Running task: (dumb mode task) UnindexedFilesIndexer[java-basics, reasons: [On refresh of files in java-basics]]
2026-02-17 09:14:51,573 [ 374276]   INFO - #c.i.u.i.FileBasedIndexImpl - Indexes are already loaded
2026-02-17 09:14:51,575 [ 374278]   INFO - #c.i.u.i.c.IndexUpdateRunner - Using 8 workers for indexing and 4 for writing indexes
2026-02-17 09:14:51,642 [ 374345]   INFO - #c.i.u.i.ProjectChangedFilesScanner - Retrieving changed during indexing files of java-basics : 21 to update, calculated in 66ms
2026-02-17 09:14:54,087 [ 376790]   INFO - #c.i.u.i.c.IndexUpdateRunner - Coroutine 4 finished gracefully
2026-02-17 09:14:54,353 [ 377056]   INFO - #c.i.u.i.c.IndexUpdateRunner - Coroutine 5 finished gracefully
2026-02-17 09:14:54,362 [ 377065]   INFO - #c.i.u.i.c.IndexUpdateRunner - Coroutine 3 finished gracefully
2026-02-17 09:14:54,373 [ 377076]   INFO - #c.i.u.i.c.IndexUpdateRunner - Coroutine 7 finished gracefully
2026-02-17 09:14:54,377 [ 377080]   INFO - #c.i.u.i.c.IndexUpdateRunner - Coroutine 6 finished gracefully
2026-02-17 09:14:54,381 [ 377084]   INFO - #c.i.u.i.c.IndexUpdateRunner - Coroutine 0 finished gracefully
2026-02-17 09:14:54,382 [ 377085]   INFO - #c.i.u.i.c.IndexUpdateRunner - Coroutine 1 finished gracefully
2026-02-17 09:14:54,407 [ 377110]   INFO - #c.i.u.i.c.IndexUpdateRunner - Coroutine 2 finished gracefully
2026-02-17 09:14:54,593 [ 377296]   INFO - #c.i.u.i.UnindexedFilesIndexer - Finished for java-basics. Unindexed files update took 3014ms; general responsiveness: ok; EDT responsiveness: ok
2026-02-17 09:14:54,658 [ 377361]   INFO - #c.i.o.p.MergingQueueGuiExecutor - Task finished: (dumb mode task) UnindexedFilesIndexer[java-basics, reasons: [On refresh of files in java-basics]]
2026-02-17 09:14:54,789 [ 377492]   INFO - #c.i.o.p.DumbServiceImpl - exit dumb mode [java-basics]
2026-02-17 09:14:54,988 [ 377691]   INFO - STDOUT - [IDE]: Task 'Analyzing project to enable smart features' ended
2026-02-17 09:14:54,990 [ 377693]   INFO - STDOUT - 'dumb-mode' is completed.
2026-02-17 09:14:55,058 [ 377761]   INFO - #c.i.w.i.i.j.s.JpsGlobalModelSynchronizerImpl - Saving global entities com.intellij.platform.workspace.jps.entities.SdkEntity to files
2026-02-17 09:14:55,180 [ 377883]   INFO - #c.i.w.i.i.j.s.JpsGlobalModelSynchronizerImpl - Saving global entities com.intellij.platform.workspace.jps.entities.LibraryEntity to files
2026-02-17 09:14:55,301 [ 378004]   INFO - #c.i.c.ComponentStoreImpl - Saving default projectGradleLocalSettings took 27 ms, GradleSettings took 13 ms, ProjectRunConfigurationManager took 14 ms
2026-02-17 09:14:55,682 [ 378385]   INFO - #c.i.a.o.PathMacrosImpl - Saved path macros: {MAVEN_REPOSITORY=/data/cache/.m2}
2026-02-17 09:14:55,745 [ 378448]   INFO - #c.i.c.ComponentStoreImpl - Saving appActionMacroManager took 16 ms, AdvancedSettings took 29 ms, AndroidSdkPathStore took 17 ms, ExtensionsRootType took 22 ms, FeatureUsageStatistics took 15 ms, FileTypeManager took 87 ms, GradleJvmSupportMatrix took 150 ms
2026-02-17 09:14:55,785 [ 378488]   INFO - #c.i.w.i.i.j.s.JpsGlobalModelSynchronizerImpl - Saving global entities com.intellij.platform.workspace.jps.entities.SdkEntity to files
2026-02-17 09:14:55,786 [ 378489]   INFO - #c.i.w.i.i.j.s.JpsGlobalModelSynchronizerImpl - Saving global entities com.intellij.platform.workspace.jps.entities.LibraryEntity to files
2026-02-17 09:14:55,804 [ 378507]   INFO - #c.i.c.ComponentStoreImpl - Saving default projectGradleLocalSettings took 11 ms
2026-02-17 09:14:55,987 [ 378690]   INFO - #c.i.a.o.PathMacrosImpl - Saved path macros: {MAVEN_REPOSITORY=/data/cache/.m2}
2026-02-17 09:14:56,027 [ 378730]   INFO - #c.i.c.ComponentStoreImpl - Saving appFeatureUsageStatistics took 22 ms, FileTypeManager took 78 ms, GradleJvmSupportMatrix took 12 ms
2026-02-17 09:14:56,055 [ 378758]   INFO - #fleet.kernel.Transactor - Duration: 124.141041ms, change from: fleet.tracing.runtime.Span$Noop@7a4b8d67
2026-02-17 09:14:56,195 [ 378898]   INFO - #c.i.i.s.e.c.EventLogStatisticsService - Statistics. Configuration options: {groupDataThreshold=10000000, dataThreshold=10000000, groupAlertThreshold=6000}
2026-02-17 09:14:56,199 [ 378902]   INFO - #c.i.c.ComponentStoreImpl - Saving Project(name=java-basics, containerState=COMPONENT_CREATED, componentStore=/data/project)AndroidGradleBuildConfiguration took 11 ms, AndroidProjectSystem took 12 ms, ChangeListManager took 11 ms, CompilerConfiguration took 12 ms, ExternalCompilerConfiguration took 22 ms, MavenImportPreferences took 15 ms, RunManager took 92 ms, TaskManager took 37 ms
2026-02-17 09:14:56,209 [ 378912]   INFO - STDOUT - Configuration phase 0 is completed. Initiating another phase to cover possible side effects...
2026-02-17 09:14:56,210 [ 378913]   INFO - STDOUT - All configuration phases are completed.
2026-02-17 09:14:56,211 [ 378914]   INFO - STDOUT - 'Queries for MergingUpdateQueue' is in progress...
2026-02-17 09:14:56,357 [ 379060]   INFO - #c.i.i.s.e.c.EventLogStatisticsService - Statistics. Starting sending 6e3d-4c28-a96c-28707a2b014e-253.30432-release.log to https://analytics.services.jetbrains.com/fus/v5/send/
2026-02-17 09:14:57,130 [ 379833]   INFO - STDOUT - 'Queries for MergingUpdateQueue' is completed.
2026-02-17 09:14:57,192 [ 379895]   INFO - #c.i.w.i.i.j.s.JpsGlobalModelSynchronizerImpl - Saving global entities com.intellij.platform.workspace.jps.entities.SdkEntity to files
2026-02-17 09:14:57,252 [ 379955]   INFO - #c.i.w.i.i.j.s.JpsGlobalModelSynchronizerImpl - Saving global entities com.intellij.platform.workspace.jps.entities.LibraryEntity to files
2026-02-17 09:14:57,391 [ 380094]   INFO - #c.i.c.ComponentStoreImpl - Saving default projectGradleLocalSettings took 58 ms, ProjectRunConfigurationManager took 13 ms
2026-02-17 09:14:57,726 [ 380429]   INFO - #c.i.a.o.PathMacrosImpl - Saved path macros: {MAVEN_REPOSITORY=/data/cache/.m2}
2026-02-17 09:14:57,844 [ 380547]   INFO - #c.i.c.ComponentStoreImpl - Saving appActionMacroManager took 55 ms, AdvancedSettings took 21 ms, AndroidSdkPathStore took 17 ms, ExtensionsRootType took 20 ms, FileTypeManager took 151 ms, GradleJvmSupportMatrix took 16 ms, HttpConfigurable took 17 ms, ProfilerRunConfigurations took 25 ms, TemplateDataLanguagePatterns took 12 ms, UsagesStatistic took 26 ms
2026-02-17 09:14:57,890 [ 380593]   INFO - #c.i.w.i.i.j.s.JpsGlobalModelSynchronizerImpl - Saving global entities com.intellij.platform.workspace.jps.entities.SdkEntity to files
2026-02-17 09:14:57,891 [ 380594]   INFO - #c.i.w.i.i.j.s.JpsGlobalModelSynchronizerImpl - Saving global entities com.intellij.platform.workspace.jps.entities.LibraryEntity to files
2026-02-17 09:14:58,011 [ 380714]   INFO - #c.i.a.o.PathMacrosImpl - Saved path macros: {MAVEN_REPOSITORY=/data/cache/.m2}
2026-02-17 09:14:58,034 [ 380737]   INFO - #c.i.c.ComponentStoreImpl - Saving appFileTypeManager took 63 ms
2026-02-17 09:14:58,208 [ 380911]   INFO - #fleet.kernel.Transactor - Duration: 141.217500ms, change from: fleet.tracing.runtime.Span$Noop@7a4b8d67
2026-02-17 09:14:58,324 [ 381027]   INFO - #c.i.c.ComponentStoreImpl - Saving Project(name=java-basics, containerState=COMPONENT_CREATED, componentStore=/data/project)CompilerConfiguration took 20 ms, ExternalCompilerConfiguration took 33 ms, RunManager took 75 ms, TaskManager took 30 ms, XDebuggerManager took 53 ms, sourceFolderManager took 12 ms
2026-02-17 09:14:58,347 [ 381050]   INFO - STDOUT - Configuration phase 1 is completed. Initiating another phase to cover possible side effects...
2026-02-17 09:14:58,348 [ 381051]   INFO - STDOUT - All configuration phases are completed.
2026-02-17 09:14:58,349 [ 381052]   INFO - STDOUT - 'Queries for MergingUpdateQueue' is in progress...
2026-02-17 09:14:59,064 [ 381767]   INFO - STDOUT - 'Queries for MergingUpdateQueue' is completed.
2026-02-17 09:14:59,066 [ 381769]   INFO - #c.i.w.i.i.j.s.JpsGlobalModelSynchronizerImpl - Saving global entities com.intellij.platform.workspace.jps.entities.SdkEntity to files
2026-02-17 09:14:59,068 [ 381771]   INFO - #c.i.w.i.i.j.s.JpsGlobalModelSynchronizerImpl - Saving global entities com.intellij.platform.workspace.jps.entities.LibraryEntity to files
2026-02-17 09:14:59,175 [ 381878]   INFO - #c.i.a.o.PathMacrosImpl - Saved path macros: {MAVEN_REPOSITORY=/data/cache/.m2}
2026-02-17 09:14:59,205 [ 381908]   INFO - #c.i.c.ComponentStoreImpl - Saving appFileTypeManager took 33 ms
2026-02-17 09:14:59,210 [ 381913]   INFO - #c.i.w.i.i.j.s.JpsGlobalModelSynchronizerImpl - Saving global entities com.intellij.platform.workspace.jps.entities.SdkEntity to files
2026-02-17 09:14:59,211 [ 381914]   INFO - #c.i.w.i.i.j.s.JpsGlobalModelSynchronizerImpl - Saving global entities com.intellij.platform.workspace.jps.entities.LibraryEntity to files
2026-02-17 09:14:59,269 [ 381972]   INFO - #c.i.a.o.PathMacrosImpl - Saved path macros: {MAVEN_REPOSITORY=/data/cache/.m2}
2026-02-17 09:14:59,278 [ 381981]   INFO - #c.i.c.ComponentStoreImpl - Saving appFileTypeManager took 26 ms
2026-02-17 09:14:59,282 [ 381985]   INFO - STDOUT - Configuration phase 2 is completed. Initiating another phase to cover possible side effects...
2026-02-17 09:14:59,283 [ 381986]   INFO - STDOUT - All configuration phases are completed.
2026-02-17 09:14:59,434 [ 382137]   INFO - #o.j.q.s.i.r.s.QodanaProjectLoader - Configured project
2026-02-17 09:14:59,666 [ 382369]   INFO - #c.i.i.s.e.c.EventLogStatisticsService - Statistics. Starting sending 4923-4b62-aa3d-2613cbf2c50e-253.30432-release.log to https://analytics.services.jetbrains.com/fus/v5/send/
2026-02-17 09:14:59,929 [ 382632]   INFO - #o.j.q.s.i.r.ConsoleLog - The Project configuration stage completed in 8s
2026-02-17 09:14:59,930 [ 382633]   INFO - STDOUT - The Project configuration stage completed in 8s
2026-02-17 09:14:59,938 [ 382641]   INFO - o.j.q.i.linter - Loading dynamic inspections (FlexInspect)
2026-02-17 09:14:59,943 [ 382646]   INFO - o.j.q.i.linter - FlexInspect: finished loading
- total number of inspection.kts files: 0}
- number of compiled inspection.kts files: 0}
- number of inspections from compiled inspection.kts files: 0}
- number of failed to compile inspection.kts files: 0} 
2026-02-17 09:15:08,993 [ 391696]   INFO - STDOUT - Initializing project…Inspecting with the 'qodana.recommended' profile
2026-02-17 09:15:09,824 [ 392527]   INFO - #o.j.q.s.p.QodanaProfile - The 'qodana.sanity' profile is configured for sanity checks
2026-02-17 09:15:13,846 [ 396549]   WARN - #c.j.q.s.m.SarifReport - Missing description for tool MysqlLoadDataPath in taxonomy MySQL
2026-02-17 09:15:17,276 [ 399979]   WARN - #c.j.q.s.m.SarifReport - Missing description for tool SqlUnmatchedForwardDeclaration in taxonomy Oracle
2026-02-17 09:15:17,458 [ 400161]   WARN - #c.j.q.s.m.SarifReport - Missing description for tool MongoJSResolve in taxonomy MongoJS
2026-02-17 09:15:18,407 [ 401110]   WARN - #c.j.q.s.m.SarifReport - Missing description for tool MongoJSDeprecation in taxonomy MongoJS
2026-02-17 09:15:18,700 [ 401403]   WARN - #c.j.q.s.m.SarifReport - Missing description for tool PgSelectFromProcedure in taxonomy PostgreSQL
2026-02-17 09:15:18,932 [ 401635]   WARN - #c.j.q.s.m.SarifReport - Missing description for tool MssqlBuiltin in taxonomy SQL server
2026-02-17 09:15:19,439 [ 402142]   WARN - #c.j.q.s.m.SarifReport - Missing description for tool SqlOverload in taxonomy Oracle
2026-02-17 09:15:19,763 [ 402466]   WARN - #c.j.q.s.m.SarifReport - Missing description for tool MysqlSpaceAfterFunctionName in taxonomy MySQL
2026-02-17 09:15:20,165 [ 402868]   WARN - #c.j.q.s.m.SarifReport - Missing description for tool MysqlParsing in taxonomy MySQL
2026-02-17 09:15:21,341 [ 404044]   WARN - #c.j.q.s.m.SarifReport - Missing description for tool SqlMissingBody in taxonomy Oracle
2026-02-17 09:15:22,018 [ 404721]   WARN - #c.j.q.s.m.SarifReport - Missing description for tool K2TypeParameterFindViewById in taxonomy Kotlin Android
2026-02-17 09:15:22,721 [ 405424]   WARN - #c.j.q.s.m.SarifReport - Missing description for tool MsOrderBy in taxonomy SQL server
2026-02-17 09:15:26,999 [ 409702]   INFO - #o.j.q.s.i.r.ConsoleLog - Preparing for the Project analysis stage ...
2026-02-17 09:15:27,007 [ 409710]   INFO - STDOUT - Preparing for the Project analysis stage ...
2026-02-17 09:15:27,818 [ 410521]   INFO - #c.i.a.AnalysisScope - Scanning scope took 594 ms
2026-02-17 09:15:27,904 [ 410607]   INFO - #c.i.d.c.i.CheckDependencyLicensesInspectionGlobal - Starting com.intellij.dependencyAnalysis.core.inspection.CheckDependencyLicensesInspectionGlobal
2026-02-17 09:15:27,930 [ 410633]   INFO - #c.i.d.c.m.DependencyAnalysis - Collect data
2026-02-17 09:15:27,992 [ 410695]   INFO - #c.i.d.c.m.ProjectAnalyzer - JVM start analyze
2026-02-17 09:15:28,025 [ 410728]   INFO - #c.i.d.j.JvmProjectAnalyzer - java-basics.main is analyzing
2026-02-17 09:15:28,025 [ 410728]   INFO - #c.i.d.j.JvmProjectAnalyzer - java-basics is analyzing
2026-02-17 09:15:43,526 [ 426229]   INFO - #c.i.d.c.m.ProjectAnalyzer - JVM end analyze
2026-02-17 09:15:43,566 [ 426269]   INFO - #c.i.d.c.m.DependencyAnalysis - Obtained ProjectMetadata
2026-02-17 09:15:43,605 [ 426308]   INFO - #c.i.d.c.i.CheckDependencyLicensesInspectionGlobal - Ending com.intellij.dependencyAnalysis.core.inspection.CheckDependencyLicensesInspectionGlobal
2026-02-17 09:15:43,709 [ 426412]   INFO - #c.i.c.e.GlobalJavaInspectionContextImpl - Processing external usages finished in 2 ms
2026-02-17 09:15:43,801 [ 426504]   INFO - #o.j.q.j.c.JvmCoverageInspection - Coverage for XMLReportEngine - provided 1 files
2026-02-17 09:15:44,279 [ 426982]   INFO - #o.j.q.s.i.c.CoverageInspectionBase - Engine XML Report - accepted 0 files
2026-02-17 09:15:44,320 [ 427023]   INFO - #o.j.q.s.i.c.CoverageInspectionBase - Engine XML Report - loaded 0 coverage suites
2026-02-17 09:15:44,320 [ 427023]   INFO - #o.j.q.s.i.c.CoverageInspectionBase - Coverage for JavaCoverageEngine - provided 1 files
2026-02-17 09:15:44,384 [ 427087]   INFO - #o.j.q.s.i.c.CoverageInspectionBase - Engine Java Coverage - accepted 0 files
2026-02-17 09:15:44,384 [ 427087]   INFO - #o.j.q.s.i.c.CoverageInspectionBase - Engine Java Coverage - loaded 0 coverage suites
2026-02-17 09:15:50,063 [ 432766]   INFO - #c.i.i.s.DeviceIdManager - Generating new Device ID for 'PackageChecker'
2026-02-17 09:15:51,058 [ 433761]   INFO - #c.i.p.m.MavenProjectDependenciesModel - Start collecting all modules
2026-02-17 09:15:51,059 [ 433762]   INFO - #c.i.p.g.GradleProjectDependenciesModel - Start collecting all modules
2026-02-17 09:15:51,059 [ 433762]   INFO - #c.i.p.m.ProjectDependenciesModuleAggregator - Supported models after update: [IntellijProjectDependenciesModel, GradleProjectDependenciesModel]
2026-02-17 09:15:51,060 [ 433763]   INFO - #c.i.p.m.i.ProjectDependenciesModelImpl - Count of declared packages: null, imported packages: null
2026-02-17 09:15:51,060 [ 433763]   INFO - #c.i.p.g.GradleProjectDependenciesModel - Finish collecting all modules, count of found modules: 2
2026-02-17 09:15:51,060 [ 433763]   INFO - #c.i.p.m.i.ProjectDependenciesModelImpl - Count of declared packages: null, imported packages: 108
2026-02-17 09:15:54,288 [ 436991]   INFO - #c.i.p.m.i.ProjectDependenciesModelImpl - Count of declared packages: 10, imported packages: 108
2026-02-17 09:15:57,035 [ 439738]   INFO - #o.j.q.s.i.r.ConsoleLog - Keep running Project analysis ... so far 30s
2026-02-17 09:15:57,070 [ 439773]   INFO - STDOUT - Keep running Project analysis ... so far 30s
2026-02-17 09:15:58,537 [ 441240]   INFO - STDOUT - Analyzing code 1%
2026-02-17 09:16:12,876 [ 455579]   INFO - #o.j.q.s.i.r.AsyncInspectionToolResultWriter - Async result writer started
2026-02-17 09:16:19,825 [ 462528]   INFO - STDOUT - Analyzing code 2%
2026-02-17 09:16:27,174 [ 469877]   INFO - #o.j.q.s.i.r.ConsoleLog - Keep running Project analysis ... so far 1m
2026-02-17 09:16:27,249 [ 469952]   INFO - STDOUT - Keep running Project analysis ... so far 1m
2026-02-17 09:16:29,599 [ 472302]   INFO - #c.i.x.Html5SchemaProvider - HTML5_SCHEMA_LOCATION = /opt/idea/lib/modules/intellij.relaxng.jar!/resources/html5-schema/html5.rnc
2026-02-17 09:16:33,516 [ 476219]   INFO - STDOUT - Analyzing code 3%
2026-02-17 09:16:36,590 [ 479293]   INFO - STDOUT - Analyzing code 4%
2026-02-17 09:16:40,606 [ 483309]   INFO - STDOUT - Analyzing code 5%
2026-02-17 09:16:40,616 [ 483319]   INFO - STDOUT - Analyzing code 5%
2026-02-17 09:16:44,638 [ 487341]   INFO - STDOUT - Analyzing code 6%
2026-02-17 09:16:55,812 [ 498515]   INFO - STDOUT - Analyzing code 7%
2026-02-17 09:16:55,889 [ 498592]   INFO - STDOUT - Analyzing code 7%
2026-02-17 09:16:57,366 [ 500069]   INFO - #o.j.q.s.i.r.ConsoleLog - Keep running Project analysis ... so far 1m 30s
2026-02-17 09:16:57,500 [ 500203]   INFO - STDOUT - Keep running Project analysis ... so far 1m 30s
2026-02-17 09:17:03,733 [ 506436]   INFO - STDOUT - Analyzing code 8%
2026-02-17 09:17:03,791 [ 506494]   INFO - STDOUT - Analyzing code 8%
2026-02-17 09:17:11,695 [ 514398]   INFO - STDOUT - Analyzing code 9%
2026-02-17 09:17:24,811 [ 527514]   INFO - STDOUT - Analyzing code 10%
2026-02-17 09:17:27,597 [ 530300]   INFO - #o.j.q.s.i.r.ConsoleLog - Keep running Project analysis ... so far 2m
2026-02-17 09:17:27,694 [ 530397]   INFO - STDOUT - Keep running Project analysis ... so far 2m
2026-02-17 09:17:32,850 [ 535553]   INFO - STDOUT - Analyzing code 11%
2026-02-17 09:17:44,369 [ 547072]   INFO - STDOUT - Analyzing code 12%
2026-02-17 09:17:51,454 [ 554157]   INFO - STDOUT - Analyzing code 13%
2026-02-17 09:17:56,506 [ 559209]   INFO - STDOUT - Analyzing code 14%
2026-02-17 09:17:57,796 [ 560499]   INFO - #o.j.q.s.i.r.ConsoleLog - Keep running Project analysis ... so far 2m 30s
2026-02-17 09:17:57,947 [ 560650]   INFO - STDOUT - Keep running Project analysis ... so far 2m 30s
2026-02-17 09:17:58,769 [ 561472]   INFO - STDOUT - Analyzing code 15%
2026-02-17 09:18:03,164 [ 565867]   INFO - STDOUT - Analyzing code 16%
2026-02-17 09:18:11,429 [ 574132]   INFO - STDOUT - Analyzing code 17%
2026-02-17 09:18:14,490 [ 577193]   INFO - STDOUT - Analyzing code 18%
2026-02-17 09:18:15,372 [ 578075]   INFO - STDOUT - Analyzing code 19%
2026-02-17 09:18:19,305 [ 582008]   INFO - STDOUT - Analyzing code 20%
2026-02-17 09:18:25,470 [ 588173]   INFO - STDOUT - Analyzing code 21%
2026-02-17 09:18:27,987 [ 590690]   INFO - #o.j.q.s.i.r.ConsoleLog - Keep running Project analysis ... so far 3m
2026-02-17 09:18:28,116 [ 590819]   INFO - STDOUT - Keep running Project analysis ... so far 3m
2026-02-17 09:18:30,358 [ 593061]   INFO - STDOUT - Analyzing code 22%
2026-02-17 09:18:40,703 [ 603406]   INFO - STDOUT - Analyzing code 23%
2026-02-17 09:18:44,841 [ 607544] SEVERE - #c.i.u.IdempotenceChecker - Non-idempotent computation: it returns different results when invoked multiple times or on different threads:
  KtLightMethodForDecompiledDeclaration of KtLightClassForDecompiledDeclaration of PsiFile:KoverReportsConfig.class != KtLightMethodForDecompiledDeclaration of KtLightClassForDecompiledDeclaration of PsiFile:KoverReportsConfig.class
  which is `.element` of org.jetbrains.plugins.groovy.lang.resolve.BaseMethodResolveResult@1d017 and org.jetbrains.plugins.groovy.lang.resolve.BaseMethodResolveResult@1d017
  which is `.0th element` of [org.jetbrains.plugins.groovy.lang.resolve.BaseMethodResolveResult@1d017] and [org.jetbrains.plugins.groovy.lang.resolve.BaseMethodResolveResult@1d017]

Recomputation gives [org.jetbrains.plugins.groovy.lang.resolve.BaseMethodResolveResult@1d017] (interface org.jetbrains.plugins.groovy.lang.psi.api.GroovyResolveResult[]) which is equivalent to 'existing'
Recomputation log:
  Resolving org.jetbrains.plugins.groovy.lang.resolve.references.GrExplicitMethodCallReference(Method call:null) of class org.jetbrains.plugins.groovy.lang.resolve.references.GrExplicitMethodCallReference (class org.jetbrains.plugins.groovy.lang.resolve.references.GrExplicitMethodCallReference) [Plugin: org.intellij.groovy]
com.intellij.diagnostic.PluginException: Non-idempotent computation: it returns different results when invoked multiple times or on different threads:
  KtLightMethodForDecompiledDeclaration of KtLightClassForDecompiledDeclaration of PsiFile:KoverReportsConfig.class != KtLightMethodForDecompiledDeclaration of KtLightClassForDecompiledDeclaration of PsiFile:KoverReportsConfig.class
  which is `.element` of org.jetbrains.plugins.groovy.lang.resolve.BaseMethodResolveResult@1d017 and org.jetbrains.plugins.groovy.lang.resolve.BaseMethodResolveResult@1d017
  which is `.0th element` of [org.jetbrains.plugins.groovy.lang.resolve.BaseMethodResolveResult@1d017] and [org.jetbrains.plugins.groovy.lang.resolve.BaseMethodResolveResult@1d017]

Recomputation gives [org.jetbrains.plugins.groovy.lang.resolve.BaseMethodResolveResult@1d017] (interface org.jetbrains.plugins.groovy.lang.psi.api.GroovyResolveResult[]) which is equivalent to 'existing'
Recomputation log:
  Resolving org.jetbrains.plugins.groovy.lang.resolve.references.GrExplicitMethodCallReference(Method call:null) of class org.jetbrains.plugins.groovy.lang.resolve.references.GrExplicitMethodCallReference (class org.jetbrains.plugins.groovy.lang.resolve.references.GrExplicitMethodCallReference) [Plugin: org.intellij.groovy]
	at com.intellij.diagnostic.PluginProblemReporterImpl.createPluginExceptionByClass(PluginProblemReporterImpl.java:23)
	at com.intellij.diagnostic.PluginException.createByClass(PluginException.java:90)
	at com.intellij.util.IdempotenceChecker.reportFailure(IdempotenceChecker.java:147)
	at com.intellij.util.IdempotenceChecker.checkEquivalence(IdempotenceChecker.java:130)
	at com.intellij.util.IdempotenceChecker.checkEquivalence(IdempotenceChecker.java:81)
	at com.intellij.psi.impl.source.resolve.ResolveCache.cache(ResolveCache.java:302)
	at com.intellij.psi.impl.source.resolve.ResolveCache.resolve(ResolveCache.java:232)
	at com.intellij.psi.impl.source.resolve.ResolveCache.resolveWithCaching(ResolveCache.java:276)
	at org.jetbrains.plugins.groovy.lang.psi.impl.TopInferenceContext.resolveWithCaching(TopInferenceContext.kt:23)
	at org.jetbrains.plugins.groovy.lang.psi.impl.InferenceContext.resolve(InferenceContext.java:44)
	at org.jetbrains.plugins.groovy.lang.resolve.api.GroovyCachingReference.resolve(GroovyCachingReference.kt:16)
	at org.jetbrains.plugins.groovy.lang.psi.api.GroovyReference.multiResolve(GroovyReference.java:41)
	at org.jetbrains.plugins.groovy.lang.psi.impl.statements.expressions.GrMethodCallImpl.multiResolveGroovy(GrMethodCallImpl.java:89)
	at org.jetbrains.plugins.groovy.lang.psi.api.statements.expressions.GrCall.resolveMethod(GrCall.java:41)
	at org.jetbrains.plugins.groovy.lang.psi.patterns.GroovyClosurePattern$inMethod$1.accepts(GroovyClosurePattern.kt:21)
	at org.jetbrains.plugins.groovy.lang.psi.patterns.GroovyClosurePattern$inMethod$1.accepts(GroovyClosurePattern.kt:16)
	at com.intellij.patterns.ObjectPattern.accepts(ObjectPattern.java:49)
	at com.intellij.patterns.ObjectPattern.accepts(ObjectPattern.java:38)
	at org.jetbrains.plugins.groovy.ext.logback.LogbackDelegatesToProvider.getDelegatesToInfo(LogbackDelegatesToProvider.kt:22)
	at org.jetbrains.plugins.groovy.lang.resolve.delegatesTo.GrDelegatesToUtilKt.doGetDelegatesToInfo(grDelegatesToUtil.kt:42)
	at org.jetbrains.plugins.groovy.lang.resolve.delegatesTo.GrDelegatesToUtilKt.access$doGetDelegatesToInfo(grDelegatesToUtil.kt:1)
	at org.jetbrains.plugins.groovy.lang.resolve.delegatesTo.GrDelegatesToUtilKt$getDelegatesToInfo$1.invoke(grDelegatesToUtil.kt:37)
	at org.jetbrains.plugins.groovy.lang.resolve.delegatesTo.GrDelegatesToUtilKt$getDelegatesToInfo$1.invoke(grDelegatesToUtil.kt:37)
	at org.jetbrains.plugins.groovy.lang.resolve.delegatesTo.GrDelegatesToUtilKt.getDelegatesToInfo$lambda$0(grDelegatesToUtil.kt:37)
	at com.intellij.psi.util.CachedValuesManager$PsiDependentHandlerProvider.compute(CachedValuesManager.java:166)
	at com.intellij.psi.util.CachedValuesManager$PsiDependentHandlerProvider.compute(CachedValuesManager.java:159)
	at com.intellij.psi.impl.PsiParameterizedCachedValue.doCompute(PsiParameterizedCachedValue.kt:24)
	at com.intellij.util.CachedValueBase.lambda$getValueWithLock$3(CachedValueBase.java:299)
	at com.intellij.util.CachedValueBase.computeData(CachedValueBase.java:37)
	at com.intellij.util.CachedValueBase.lambda$getValueWithLock$4(CachedValueBase.java:299)
	at com.intellij.openapi.util.RecursionManager$1.computePreventingRecursion(RecursionManager.java:113)
	at com.intellij.openapi.util.RecursionGuard.doPreventingRecursion(RecursionGuard.java:28)
	at com.intellij.openapi.util.RecursionManager.doPreventingRecursion(RecursionManager.java:68)
	at com.intellij.util.CachedValueBase.getValueWithLock(CachedValueBase.java:300)
	at com.intellij.psi.impl.PsiParameterizedCachedValue.getValue(PsiParameterizedCachedValue.kt:18)
	at com.intellij.psi.util.CachedValuesManager.getParameterizedCachedValue(CachedValuesManager.java:97)
	at com.intellij.psi.util.CachedValuesManager.getProjectPsiDependentCache(CachedValuesManager.java:156)
	at org.jetbrains.plugins.groovy.lang.psi.impl.TopInferenceContext.getCachedValue(TopInferenceContext.kt:19)
	at org.jetbrains.plugins.groovy.lang.resolve.delegatesTo.GrDelegatesToUtilKt.getDelegatesToInfo(grDelegatesToUtil.kt:37)
	at org.jetbrains.plugins.groovy.lang.psi.impl.FunctionalExpressionsKt.processDelegatesTo(functionalExpressions.kt:71)
	at org.jetbrains.plugins.groovy.lang.psi.impl.FunctionalExpressionsKt.processOwnerAndDelegate(functionalExpressions.kt:55)
	at org.jetbrains.plugins.groovy.lang.psi.impl.FunctionalExpressionsKt.processDeclarationsWithCallsite(functionalExpressions.kt:65)
	at org.jetbrains.plugins.groovy.lang.resolve.ResolveUtil.doProcessDeclarations(ResolveUtil.java:121)
	at org.jetbrains.plugins.groovy.lang.resolve.ResolveUtil.lambda$treeWalkUp$0(ResolveUtil.java:106)
	at com.intellij.psi.util.PsiTreeUtil.treeWalkUp(PsiTreeUtil.java:1333)
	at org.jetbrains.plugins.groovy.lang.resolve.ResolveUtil.treeWalkUp(ResolveUtil.java:104)
	at org.jetbrains.plugins.groovy.lang.resolve.ResolveUtilKt.treeWalkUp(ResolveUtil.kt:54)
	at org.jetbrains.plugins.groovy.lang.resolve.GrReferenceResolveRunner.resolveReferenceExpression(GrReferenceResolveRunner.kt:38)
	at org.jetbrains.plugins.groovy.lang.psi.impl.statements.expressions.GrReferenceExpressionReference.doResolveNonStatic(GrReferenceExpressionReference.kt:40)
	at org.jetbrains.plugins.groovy.lang.psi.impl.statements.expressions.GrRValueExpressionReference.doResolveNonStatic(GrReferenceExpressionReference.kt:51)
	at org.jetbrains.plugins.groovy.lang.psi.impl.statements.expressions.GrReferenceExpressionReference.doResolve(GrReferenceExpressionReference.kt:32)
	at org.jetbrains.plugins.groovy.lang.resolve.api.GroovyCachingReference$DefaultResolver.resolve(GroovyCachingReference.kt:21)
	at org.jetbrains.plugins.groovy.lang.resolve.api.GroovyCachingReference$DefaultResolver.resolve(GroovyCachingReference.kt:19)
	at com.intellij.psi.impl.source.resolve.ResolveCache.lambda$resolveWithCaching$5(ResolveCache.java:276)
	at com.intellij.openapi.util.Computable.get(Computable.java:16)
	at com.intellij.psi.impl.source.resolve.ResolveCache.lambda$loggingResolver$4(ResolveCache.java:242)
	at com.intellij.openapi.util.RecursionManager$1.computePreventingRecursion(RecursionManager.java:113)
	at com.intellij.openapi.util.RecursionGuard.doPreventingRecursion(RecursionGuard.java:28)
	at com.intellij.openapi.util.RecursionManager.doPreventingRecursion(RecursionManager.java:68)
	at com.intellij.psi.impl.source.resolve.ResolveCache.resolve(ResolveCache.java:220)
	at com.intellij.psi.impl.source.resolve.ResolveCache.resolveWithCaching(ResolveCache.java:276)
	at org.jetbrains.plugins.groovy.lang.psi.impl.TopInferenceContext.resolveWithCaching(TopInferenceContext.kt:23)
	at org.jetbrains.plugins.groovy.lang.psi.impl.InferenceContext.resolve(InferenceContext.java:44)
	at org.jetbrains.plugins.groovy.lang.resolve.api.GroovyCachingReference.resolve(GroovyCachingReference.kt:16)
	at org.jetbrains.plugins.groovy.lang.psi.impl.statements.expressions.GrReferenceExpressionImpl.lrResolve(GrReferenceExpressionImpl.java:548)
	at org.jetbrains.plugins.groovy.lang.psi.impl.statements.expressions.GrReferenceExpressionImpl.calculateType(GrReferenceExpressionImpl.java:261)
	at org.jetbrains.plugins.groovy.lang.psi.impl.statements.expressions.GrReferenceExpressionImpl.lambda$getType$0(GrReferenceExpressionImpl.java:337)
	at com.intellij.psi.util.CachedValuesManager$PsiDependentHandlerProvider.compute(CachedValuesManager.java:166)
	at com.intellij.psi.util.CachedValuesManager$PsiDependentHandlerProvider.compute(CachedValuesManager.java:159)
	at com.intellij.psi.impl.PsiParameterizedCachedValue.doCompute(PsiParameterizedCachedValue.kt:24)
	at com.intellij.util.CachedValueBase.lambda$getValueWithLock$3(CachedValueBase.java:299)
	at com.intellij.util.CachedValueBase.computeData(CachedValueBase.java:37)
	at com.intellij.util.CachedValueBase.lambda$getValueWithLock$4(CachedValueBase.java:299)
	at com.intellij.openapi.util.RecursionManager$1.computePreventingRecursion(RecursionManager.java:113)
	at com.intellij.openapi.util.RecursionGuard.doPreventingRecursion(RecursionGuard.java:28)
	at com.intellij.openapi.util.RecursionManager.doPreventingRecursion(RecursionManager.java:68)
	at com.intellij.util.CachedValueBase.getValueWithLock(CachedValueBase.java:300)
	at com.intellij.psi.impl.PsiParameterizedCachedValue.getValue(PsiParameterizedCachedValue.kt:18)
	at com.intellij.psi.util.CachedValuesManager.getParameterizedCachedValue(CachedValuesManager.java:97)
	at com.intellij.psi.util.CachedValuesManager.getProjectPsiDependentCache(CachedValuesManager.java:156)
	at org.jetbrains.plugins.groovy.lang.psi.impl.TopInferenceContext.getExpressionType(TopInferenceContext.kt:27)
	at org.jetbrains.plugins.groovy.lang.psi.impl.statements.expressions.GrReferenceExpressionImpl.getType(GrReferenceExpressionImpl.java:337)
	at org.jetbrains.plugins.groovy.lang.resolve.GrReferenceResolveRunner.processQualifier(GrReferenceResolveRunner.kt:61)
	at org.jetbrains.plugins.groovy.lang.resolve.GrReferenceResolveRunner.resolveReferenceExpression(GrReferenceResolveRunner.kt:49)
	at org.jetbrains.plugins.groovy.lang.psi.impl.statements.expressions.GrReferenceExpressionReference.doResolveNonStatic(GrReferenceExpressionReference.kt:40)
	at org.jetbrains.plugins.groovy.lang.psi.impl.statements.expressions.GrRValueExpressionReference.doResolveNonStatic(GrReferenceExpressionReference.kt:51)
	at org.jetbrains.plugins.groovy.lang.psi.impl.statements.expressions.GrReferenceExpressionReference.doResolve(GrReferenceExpressionReference.kt:32)
	at org.jetbrains.plugins.groovy.lang.resolve.api.GroovyCachingReference$DefaultResolver.resolve(GroovyCachingReference.kt:21)
	at org.jetbrains.plugins.groovy.lang.resolve.api.GroovyCachingReference$DefaultResolver.resolve(GroovyCachingReference.kt:19)
	at com.intellij.psi.impl.source.resolve.ResolveCache.lambda$resolveWithCaching$5(ResolveCache.java:276)
	at com.intellij.openapi.util.Computable.get(Computable.java:16)
	at com.intellij.psi.impl.source.resolve.ResolveCache.lambda$loggingResolver$4(ResolveCache.java:242)
	at com.intellij.openapi.util.RecursionManager$1.computePreventingRecursion(RecursionManager.java:113)
	at com.intellij.openapi.util.RecursionGuard.doPreventingRecursion(RecursionGuard.java:28)
	at com.intellij.openapi.util.RecursionManager.doPreventingRecursion(RecursionManager.java:68)
	at com.intellij.psi.impl.source.resolve.ResolveCache.resolve(ResolveCache.java:220)
	at com.intellij.psi.impl.source.resolve.ResolveCache.resolveWithCaching(ResolveCache.java:276)
	at org.jetbrains.plugins.groovy.lang.psi.impl.TopInferenceContext.resolveWithCaching(TopInferenceContext.kt:23)
	at org.jetbrains.plugins.groovy.lang.psi.impl.InferenceContext.resolve(InferenceContext.java:44)
	at org.jetbrains.plugins.groovy.lang.resolve.api.GroovyCachingReference.resolve(GroovyCachingReference.kt:16)
	at org.jetbrains.plugins.groovy.lang.psi.impl.statements.expressions.GrReferenceExpressionImpl.lrResolve(GrReferenceExpressionImpl.java:548)
	at org.jetbrains.plugins.groovy.lang.psi.impl.statements.expressions.GrReferenceExpressionImpl.calculateType(GrReferenceExpressionImpl.java:261)
	at org.jetbrains.plugins.groovy.lang.psi.impl.statements.expressions.GrReferenceExpressionImpl.lambda$getType$0(GrReferenceExpressionImpl.java:337)
	at com.intellij.psi.util.CachedValuesManager$PsiDependentHandlerProvider.compute(CachedValuesManager.java:166)
	at com.intellij.psi.util.CachedValuesManager$PsiDependentHandlerProvider.compute(CachedValuesManager.java:159)
	at com.intellij.psi.impl.PsiParameterizedCachedValue.doCompute(PsiParameterizedCachedValue.kt:24)
	at com.intellij.util.CachedValueBase.lambda$getValueWithLock$3(CachedValueBase.java:299)
	at com.intellij.util.CachedValueBase.computeData(CachedValueBase.java:37)
	at com.intellij.util.CachedValueBase.lambda$getValueWithLock$4(CachedValueBase.java:299)
	at com.intellij.openapi.util.RecursionManager$1.computePreventingRecursion(RecursionManager.java:113)
	at com.intellij.openapi.util.RecursionGuard.doPreventingRecursion(RecursionGuard.java:28)
	at com.intellij.openapi.util.RecursionManager.doPreventingRecursion(RecursionManager.java:68)
	at com.intellij.util.CachedValueBase.getValueWithLock(CachedValueBase.java:300)
	at com.intellij.psi.impl.PsiParameterizedCachedValue.getValue(PsiParameterizedCachedValue.kt:18)
	at com.intellij.psi.util.CachedValuesManager.getParameterizedCachedValue(CachedValuesManager.java:97)
	at com.intellij.psi.util.CachedValuesManager.getProjectPsiDependentCache(CachedValuesManager.java:156)
	at org.jetbrains.plugins.groovy.lang.psi.impl.TopInferenceContext.getExpressionType(TopInferenceContext.kt:27)
	at org.jetbrains.plugins.groovy.lang.psi.impl.statements.expressions.GrReferenceExpressionImpl.getType(GrReferenceExpressionImpl.java:337)
	at org.jetbrains.plugins.groovy.lang.resolve.GrReferenceResolveRunner.processQualifier(GrReferenceResolveRunner.kt:61)
	at org.jetbrains.plugins.groovy.lang.resolve.GrReferenceResolveRunner.resolveReferenceExpression(GrReferenceResolveRunner.kt:49)
	at org.jetbrains.plugins.groovy.lang.resolve.references.GrExplicitMethodCallReference.doResolve(GrExplicitMethodCallReference.kt:36)
	at org.jetbrains.plugins.groovy.lang.resolve.api.GroovyCachingReference$DefaultResolver.resolve(GroovyCachingReference.kt:21)
	at org.jetbrains.plugins.groovy.lang.resolve.api.GroovyCachingReference$DefaultResolver.resolve(GroovyCachingReference.kt:19)
	at com.intellij.psi.impl.source.resolve.ResolveCache.lambda$resolveWithCaching$5(ResolveCache.java:276)
	at com.intellij.openapi.util.Computable.get(Computable.java:16)
	at com.intellij.psi.impl.source.resolve.ResolveCache.lambda$loggingResolver$4(ResolveCache.java:242)
	at com.intellij.openapi.util.RecursionManager$1.computePreventingRecursion(RecursionManager.java:113)
	at com.intellij.openapi.util.RecursionGuard.doPreventingRecursion(RecursionGuard.java:28)
	at com.intellij.openapi.util.RecursionManager.doPreventingRecursion(RecursionManager.java:68)
	at com.intellij.psi.impl.source.resolve.ResolveCache.resolve(ResolveCache.java:220)
	at com.intellij.psi.impl.source.resolve.ResolveCache.resolveWithCaching(ResolveCache.java:276)
	at org.jetbrains.plugins.groovy.lang.psi.impl.TopInferenceContext.resolveWithCaching(TopInferenceContext.kt:23)
	at org.jetbrains.plugins.groovy.lang.psi.impl.InferenceContext.resolve(InferenceContext.java:44)
	at org.jetbrains.plugins.groovy.lang.resolve.api.GroovyCachingReference.resolve(GroovyCachingReference.kt:16)
	at org.jetbrains.plugins.groovy.lang.psi.api.GroovyReference.multiResolve(GroovyReference.java:41)
	at org.jetbrains.plugins.groovy.lang.psi.impl.statements.expressions.GrMethodCallImpl.multiResolveGroovy(GrMethodCallImpl.java:89)
	at org.jetbrains.plugins.groovy.lang.psi.api.statements.expressions.GrCall.advancedResolve(GrCall.java:45)
	at org.intellij.plugins.intelliLang.inject.groovy.GrConcatenationInjector.findLanguageParams(GrConcatenationInjector.java:88)
	at org.intellij.plugins.intelliLang.inject.groovy.GrConcatenationInjector.processInPlace(GrConcatenationInjector.java:57)
	at org.intellij.plugins.intelliLang.inject.groovy.GrConcatenationInjector.getLanguagesToInject(GrConcatenationInjector.java:53)
	at com.intellij.psi.impl.source.tree.injected.InjectedLanguageManagerImpl.processInPlaceInjectorsFor(InjectedLanguageManagerImpl.java:510)
	at com.intellij.psi.impl.source.tree.injected.InjectedLanguageUtilBase.probeElementsUpInner(InjectedLanguageUtilBase.java:238)
	at com.intellij.psi.impl.source.tree.injected.InjectedLanguageUtilBase.lambda$probeElementsUp$0(InjectedLanguageUtilBase.java:218)
	at com.intellij.openapi.application.impl.ReadActionCacheImpl$allowInWriteAction$1.invoke(ReadActionCacheImpl.kt:41)
	at com.intellij.openapi.application.impl.ReadActionCacheImpl$allowInWriteAction$1.invoke(ReadActionCacheImpl.kt:41)
	at com.intellij.openapi.application.impl.ReadActionCacheImpl.allowInWriteAction(ReadActionCacheImpl.kt:29)
	at com.intellij.openapi.application.impl.ReadActionCacheImpl.allowInWriteAction(ReadActionCacheImpl.kt:41)
	at com.intellij.psi.impl.source.tree.injected.InjectedLanguageUtilBase.probeElementsUp(InjectedLanguageUtilBase.java:217)
	at com.intellij.psi.impl.source.tree.injected.InjectedLanguageUtilBase.enumerate(InjectedLanguageUtilBase.java:160)
	at com.intellij.psi.impl.source.tree.injected.InjectedLanguageManagerImpl.enumerateEx(InjectedLanguageManagerImpl.java:397)
	at org.intellij.plugins.intelliLang.references.InjectedReferencesContributor.doGetReferencesByElement(InjectedReferencesContributor.java:108)
	at org.intellij.plugins.intelliLang.references.InjectedReferencesContributor.lambda$getInjectionInfo$0(InjectedReferencesContributor.java:69)
	at com.intellij.psi.util.CachedValuesManager$NonPhysicalPsiHandlerProvider.compute(CachedValuesManager.java:222)
	at com.intellij.psi.util.CachedValuesManager$NonPhysicalPsiHandlerProvider.compute(CachedValuesManager.java:215)
	at com.intellij.psi.impl.PsiParameterizedCachedValue.doCompute(PsiParameterizedCachedValue.kt:24)
	at com.intellij.util.CachedValueBase.lambda$getValueWithLock$3(CachedValueBase.java:299)
	at com.intellij.util.CachedValueBase.computeData(CachedValueBase.java:37)
	at com.intellij.util.CachedValueBase.lambda$getValueWithLock$4(CachedValueBase.java:299)
	at com.intellij.openapi.util.RecursionManager$1.computePreventingRecursion(RecursionManager.java:113)
	at com.intellij.openapi.util.RecursionGuard.doPreventingRecursion(RecursionGuard.java:28)
	at com.intellij.openapi.util.RecursionManager.doPreventingRecursion(RecursionManager.java:68)
	at com.intellij.util.CachedValueBase.getValueWithLock(CachedValueBase.java:300)
	at com.intellij.psi.impl.PsiParameterizedCachedValue.getValue(PsiParameterizedCachedValue.kt:18)
	at com.intellij.psi.util.CachedValuesManager.getParameterizedCachedValue(CachedValuesManager.java:97)
	at com.intellij.psi.util.CachedValuesManager.getCachedValue(CachedValuesManager.java:212)
	at com.intellij.psi.util.CachedValuesManager.getCachedValue(CachedValuesManager.java:136)
	at org.intellij.plugins.intelliLang.references.InjectedReferencesContributor.getInjectionInfo(InjectedReferencesContributor.java:67)
	at org.intellij.plugins.intelliLang.references.InjectedReferencesContributor.getInjectedReferences(InjectedReferencesContributor.java:42)
	at org.intellij.plugins.intelliLang.references.InjectedReferencesInspection$InjectedReferencesVisitor.visitElement(InjectedReferencesInspection.java:35)
	at com.intellij.psi.impl.PsiElementBase.accept(PsiElementBase.java:270)
	at com.intellij.codeInsight.daemon.impl.InspectionVisitorOptimizer.lambda$acceptElements$1(InspectionVisitorOptimizer.java:196)
	at com.intellij.codeInsight.daemon.impl.InspectionVisitorOptimizer.acceptElements(InspectionVisitorOptimizer.java:219)
	at com.intellij.codeInsight.daemon.impl.InspectionVisitorOptimizer.acceptElements(InspectionVisitorOptimizer.java:196)
	at com.intellij.codeInspection.InspectionEngine.lambda$inspectElements$8(InspectionEngine.java:331)
	at com.intellij.concurrency.ApplierCompleter.processArrayItem(ApplierCompleter.java:121)
	at com.intellij.concurrency.ApplierCompleter.processArray(ApplierCompleter.java:221)
	at com.intellij.concurrency.ApplierCompleter.helpOthers(ApplierCompleter.java:241)
	at com.intellij.concurrency.ApplierCompleter.lambda$helpAll$3(ApplierCompleter.java:182)
	at com.intellij.concurrency.ThreadContext.resetThreadContext(threadContext.kt:294)
	at com.intellij.concurrency.ApplierCompleter.helpAll(ApplierCompleter.java:181)
	at com.intellij.concurrency.ApplierCompleter.lambda$exec$0(ApplierCompleter.java:111)
	at com.intellij.platform.locking.impl.NestedLocksThreadingSupport.tryRunReadAction(NestedLocksThreadingSupport.kt:901)
	at com.intellij.openapi.application.impl.ApplicationImpl.tryRunReadAction(ApplicationImpl.java:1237)
	at com.intellij.concurrency.ApplierCompleter.lambda$wrapInReadActionAndIndicator$2(ApplierCompleter.java:153)
	at com.intellij.openapi.progress.impl.CoreProgressManager.lambda$executeProcessUnderProgress$14(CoreProgressManager.java:717)
	at com.intellij.openapi.progress.impl.CoreProgressManager.registerIndicatorAndRun(CoreProgressManager.java:792)
	at com.intellij.openapi.progress.impl.CoreProgressManager.computeUnderProgress(CoreProgressManager.java:748)
	at com.intellij.openapi.progress.impl.CoreProgressManager.executeProcessUnderProgress(CoreProgressManager.java:716)
	at com.intellij.openapi.progress.impl.ProgressManagerImpl.executeProcessUnderProgress(ProgressManagerImpl.java:75)
	at com.intellij.concurrency.ApplierCompleter.wrapInReadActionAndIndicator(ApplierCompleter.java:164)
	at com.intellij.concurrency.ApplierCompleter.wrapAndRun(ApplierCompleter.java:148)
	at com.intellij.concurrency.ApplierCompleter.exec(ApplierCompleter.java:113)
	at java.base/java.util.concurrent.ForkJoinTask.doExec(ForkJoinTask.java:507)
	at java.base/java.util.concurrent.ForkJoinPool$WorkQueue.topLevelExec(ForkJoinPool.java:1491)
	at java.base/java.util.concurrent.ForkJoinPool.scan(ForkJoinPool.java:2073)
	at java.base/java.util.concurrent.ForkJoinPool.runWorker(ForkJoinPool.java:2035)
	at java.base/java.util.concurrent.ForkJoinWorkerThread.run(ForkJoinWorkerThread.java:187)
2026-02-17 09:18:45,684 [ 608387] SEVERE - #c.i.u.IdempotenceChecker - Qodana for JVM 2025.3.3 Preview  Build #QDJVM-253.30432
2026-02-17 09:18:45,709 [ 608412] SEVERE - #c.i.u.IdempotenceChecker - JDK: 21.0.9; VM: OpenJDK 64-Bit Server VM; Vendor: JetBrains s.r.o.
2026-02-17 09:18:45,709 [ 608412] SEVERE - #c.i.u.IdempotenceChecker - OS: Linux
2026-02-17 09:18:45,709 [ 608412] SEVERE - #c.i.u.IdempotenceChecker - Plugin to blame: Groovy version: 253.30432.0
2026-02-17 09:18:45,711 [ 608414] SEVERE - #c.i.u.IdempotenceChecker - Last Action: 
2026-02-17 09:18:52,106 [ 614809]   INFO - #c.i.i.s.p.i.SharedIndexMainZipStorage - Shared Indexes Storage is opened and empty
2026-02-17 09:18:58,165 [ 620868]   INFO - #o.j.q.s.i.r.ConsoleLog - Keep running Project analysis ... so far 3m 31s
2026-02-17 09:18:58,231 [ 620934]   INFO - STDOUT - Keep running Project analysis ... so far 3m 31s
2026-02-17 09:19:04,912 [ 627615]   INFO - STDOUT - Analyzing code 24%
2026-02-17 09:19:12,008 [ 634711]   INFO - STDOUT - Analyzing code 25%
2026-02-17 09:19:15,912 [ 638615]   INFO - STDOUT - Analyzing code 26%
2026-02-17 09:19:20,077 [ 642780]   INFO - STDOUT - Analyzing code 27%
2026-02-17 09:19:27,194 [ 649897]   INFO - STDOUT - Analyzing code 28%
2026-02-17 09:19:28,221 [ 650924]   INFO - #o.j.q.s.i.r.ConsoleLog - Keep running Project analysis ... so far 4m 1s
2026-02-17 09:19:28,222 [ 650925]   INFO - STDOUT - Keep running Project analysis ... so far 4m 1s
2026-02-17 09:19:28,569 [ 651272]   INFO - STDOUT - Analyzing code 29%
2026-02-17 09:19:29,534 [ 652237]   INFO - STDOUT - Analyzing code 30%
2026-02-17 09:19:31,278 [ 653981]   INFO - STDOUT - Analyzing code 31%
2026-02-17 09:19:35,722 [ 658425]   INFO - STDOUT - Analyzing code 32%
2026-02-17 09:19:36,975 [ 659678]   INFO - STDOUT - Analyzing code 33%
2026-02-17 09:19:36,985 [ 659688]   INFO - STDOUT - Analyzing code 33%
2026-02-17 09:19:38,141 [ 660844]   INFO - STDOUT - Analyzing code 34%
2026-02-17 09:19:40,856 [ 663559]   INFO - STDOUT - Analyzing code 35%
2026-02-17 09:19:41,666 [ 664369]   INFO - STDOUT - Analyzing code 36%
2026-02-17 09:19:45,274 [ 667977]   INFO - STDOUT - Analyzing code 37%
2026-02-17 09:19:46,229 [ 668932]   INFO - STDOUT - Analyzing code 38%
2026-02-17 09:19:47,596 [ 670299]   INFO - STDOUT - Analyzing code 39%
2026-02-17 09:19:49,170 [ 671873]   INFO - STDOUT - Analyzing code 40%
2026-02-17 09:19:51,983 [ 674686]   INFO - STDOUT - Analyzing code 41%
2026-02-17 09:19:53,510 [ 676213]   INFO - STDOUT - Analyzing code 42%
2026-02-17 09:19:56,579 [ 679282]   INFO - STDOUT - Analyzing code 43%
2026-02-17 09:19:58,231 [ 680934]   INFO - #o.j.q.s.i.r.ConsoleLog - Keep running Project analysis ... so far 4m 31s
2026-02-17 09:19:58,235 [ 680938]   INFO - STDOUT - Keep running Project analysis ... so far 4m 31s
2026-02-17 09:20:01,394 [ 684097]   INFO - STDOUT - Analyzing code 44%
2026-02-17 09:20:04,566 [ 687269]   INFO - STDOUT - Analyzing code 45%
2026-02-17 09:20:12,614 [ 695317]   INFO - STDOUT - Analyzing code 46%
2026-02-17 09:20:15,453 [ 698156]   INFO - STDOUT - Analyzing code 47%
2026-02-17 09:20:18,502 [ 701205]   INFO - STDOUT - Analyzing code 48%
2026-02-17 09:20:23,086 [ 705789]   INFO - STDOUT - Analyzing code 49%
2026-02-17 09:20:23,263 [ 705966]   INFO - STDOUT - Analyzing code 49%
2026-02-17 09:20:25,596 [ 708299]   INFO - STDOUT - Analyzing code 50%
2026-02-17 09:20:26,454 [ 709157]   INFO - STDOUT - Analyzing code 51%
2026-02-17 09:20:28,296 [ 710999]   INFO - #o.j.q.s.i.r.ConsoleLog - Keep running Project analysis ... so far 5m 1s
2026-02-17 09:20:28,376 [ 711079]   INFO - STDOUT - Keep running Project analysis ... so far 5m 1s
2026-02-17 09:20:30,025 [ 712728]   INFO - STDOUT - Analyzing code 52%
2026-02-17 09:20:32,767 [ 715470]   INFO - STDOUT - Analyzing code 53%
2026-02-17 09:20:36,620 [ 719323]   INFO - STDOUT - Analyzing code 54%
2026-02-17 09:20:39,707 [ 722410]   INFO - STDOUT - Analyzing code 55%
2026-02-17 09:20:39,798 [ 722501]   INFO - STDOUT - Analyzing code 55%
2026-02-17 09:20:40,955 [ 723658]   INFO - STDOUT - Analyzing code 56%
2026-02-17 09:20:46,027 [ 728730]   INFO - STDOUT - Analyzing code 57%
2026-02-17 09:20:47,622 [ 730325]   INFO - #o.j.q.s.i.r.ConsoleLog - The Project analysis stage completed in 5m 20s
2026-02-17 09:20:47,622 [ 730325]   INFO - STDOUT - The Project analysis stage completed in 5m 20s
2026-02-17 09:20:47,988 [ 730691]   INFO - #c.i.d.c.m.DependencyAnalysisDescriber - Running Dependency Analysis project describer
2026-02-17 09:20:48,117 [ 730820]   INFO - #c.i.d.c.m.DependencyAnalysisDescriber - Writing file: /data/results/projectStructure/thirdPartySoftwareList.csv
2026-02-17 09:20:48,119 [ 730822]   INFO - #c.i.d.c.m.DependencyAnalysisDescriber - Writing file: /data/results/projectStructure/licenseRules.json
2026-02-17 09:20:48,119 [ 730822]   INFO - #c.i.d.c.m.DependencyAnalysisDescriber - Writing file: /data/results/projectStructure/thirdPartySoftwareList.md
2026-02-17 09:20:48,119 [ 730822]   INFO - #c.i.d.c.m.DependencyAnalysisDescriber - Writing file: /data/results/projectStructure/qodana.spdx.json
2026-02-17 09:20:48,119 [ 730822]   INFO - #c.i.d.c.m.DependencyAnalysisDescriber - Writing file: /data/results/projectStructure/third-party-libraries.json
2026-02-17 09:20:48,120 [ 730823]   INFO - #c.i.d.c.m.DependencyAnalysisDescriber - Writing file: /data/results/projectStructure/thirdPartySoftwareList.html
2026-02-17 09:20:48,128 [ 730831]   INFO - #c.i.d.c.m.DependencyAnalysisDescriber - Writing file: /data/results/projectStructure/projectMetadata.json
2026-02-17 09:20:48,129 [ 730832]   INFO - #c.i.d.c.m.DependencyAnalysisDescriber - Writing file: /data/results/projectStructure/thirdPartySoftwareList.json
2026-02-17 09:20:48,129 [ 730832]   INFO - #c.i.d.c.m.DependencyAnalysisDescriber - Writing file: /data/results/projectStructure/licenseDict.json
2026-02-17 09:20:48,129 [ 730832]   INFO - #c.i.d.c.m.DependencyAnalysisDescriber - Writing file: /data/results/projectStructure/thirdPartySoftwareList.xml
2026-02-17 09:20:48,356 [ 731059]   INFO - #o.j.q.s.s.n.RuntimeNotificationCollector$NotificationReportContributor - No tool errors to report to sarif file
2026-02-17 09:20:48,361 [ 731064]   WARN - #o.j.q.s.s.GitReportContributor - Unable to find the remote url, please set the environment variable QODANA_REMOTE_URL
2026-02-17 09:20:48,363 [ 731066]   WARN - #o.j.q.s.s.GitReportContributor - Unable to parse the repository url, please set the environment variable QODANA_REPO_URL, should start with https://
2026-02-17 09:20:48,755 [ 731458]   INFO - STDOUT - 
2026-02-17 09:20:48,756 [ 731459]   INFO - STDOUT - Qodana - Sanity summary
2026-02-17 09:20:48,756 [ 731459]   INFO - STDOUT - Analysis results: 5 problems detected
2026-02-17 09:20:48,756 [ 731459]   INFO - STDOUT - 5 suspicious problems were detected during Sanity Check. Probably there are some troubles with corresponding inspections. You may fix the problems or exclude the files containing them from the analysis
2026-02-17 09:20:48,757 [ 731460]   INFO - STDOUT - --------------------------------------------------------------------------------------------
2026-02-17 09:20:48,757 [ 731460]   INFO - STDOUT - File                                                    Inspection  Severity  Problems count
2026-02-17 09:20:48,757 [ 731460]   INFO - STDOUT - --------------------------------------------------------------------------------------------
2026-02-17 09:20:48,757 [ 731460]   INFO - STDOUT - OneClass1.java                                         Java sanity  Critical               4
2026-02-17 09:20:48,758 [ 731461]   INFO - STDOUT - оооооо1.java                                           Java sanity  Critical               1
2026-02-17 09:20:48,759 [ 731462]   INFO - STDOUT - --------------------------------------------------------------------------------------------
2026-02-17 09:20:48,759 [ 731462]   INFO - STDOUT - 
2026-02-17 09:20:48,760 [ 731463]   INFO - STDOUT - 
2026-02-17 09:20:48,770 [ 731473]   INFO - STDOUT - 
2026-02-17 09:20:48,771 [ 731474]   INFO - STDOUT - Qodana - Detailed summary
2026-02-17 09:20:48,771 [ 731474]   INFO - STDOUT - Analysis results: 235 problems detected
2026-02-17 09:20:48,771 [ 731474]   INFO - STDOUT - By severity: Critical - 30, High - 202, Moderate - 3
2026-02-17 09:20:48,771 [ 731474]   INFO - STDOUT - ----------------------------------------------------------------------------
2026-02-17 09:20:48,772 [ 731475]   INFO - STDOUT - Name                                                Severity  Problems count
2026-02-17 09:20:48,772 [ 731475]   INFO - STDOUT - ----------------------------------------------------------------------------
2026-02-17 09:20:48,772 [ 731475]   INFO - STDOUT - Overly complex class                                Critical              24
2026-02-17 09:20:48,772 [ 731475]   INFO - STDOUT - Overly coupled class                                Critical               5
2026-02-17 09:20:48,772 [ 731475]   INFO - STDOUT - Hardcoded passwords                                 Critical               1
2026-02-17 09:20:48,772 [ 731475]   INFO - STDOUT - Single class import                                     High             141
2026-02-17 09:20:48,772 [ 731475]   INFO - STDOUT - Lombok @Getter may be used                              High              17
2026-02-17 09:20:48,772 [ 731475]   INFO - STDOUT - Unused assignment                                       High              11
2026-02-17 09:20:48,772 [ 731475]   INFO - STDOUT - Field may be 'final'                                    High               8
2026-02-17 09:20:48,772 [ 731475]   INFO - STDOUT - Lombok @Setter may be used                              High               5
2026-02-17 09:20:48,772 [ 731475]   INFO - STDOUT - Method is identical to its super method                 High               3
2026-02-17 09:20:48,773 [ 731476]   INFO - STDOUT - Vulnerable declared dependency                          High               3
2026-02-17 09:20:48,774 [ 731477]   INFO - STDOUT - Constant values                                         High               2
2026-02-17 09:20:48,776 [ 731479]   INFO - STDOUT - Deprecated API usage                                    High               2
2026-02-17 09:20:48,776 [ 731479]   INFO - STDOUT - String comparison using '==', instead of 'equals()      High               2
2026-02-17 09:20:48,779 [ 731482]   INFO - STDOUT - '                                                                           
2026-02-17 09:20:48,780 [ 731483]   INFO - STDOUT - Call to 'printStackTrace()'                             High               1
2026-02-17 09:20:48,780 [ 731483]   INFO - STDOUT - Class naming convention                                 High               1
2026-02-17 09:20:48,781 [ 731484]   INFO - STDOUT - Non-final field in 'enum'                               High               1
2026-02-17 09:20:48,781 [ 731484]   INFO - STDOUT - Optional call chain can be simplified                   High               1
2026-02-17 09:20:48,781 [ 731484]   INFO - STDOUT - Redundant 'String' operation                            High               1
2026-02-17 09:20:48,781 [ 731484]   INFO - STDOUT - Redundant call to 'String.format()'                     High               1
2026-02-17 09:20:48,781 [ 731484]   INFO - STDOUT - Redundant local variable                                High               1
2026-02-17 09:20:48,781 [ 731484]   INFO - STDOUT - Standard 'Charset' object can be used                   High               1
2026-02-17 09:20:48,782 [ 731485]   INFO - STDOUT - Constant values                                     Moderate               2
2026-02-17 09:20:48,782 [ 731485]   INFO - STDOUT - Method can be extracted                             Moderate               1
2026-02-17 09:20:48,782 [ 731485]   INFO - STDOUT - ----------------------------------------------------------------------------
2026-02-17 09:20:48,782 [ 731485]   INFO - STDOUT - 
2026-02-17 09:20:48,782 [ 731485]   INFO - STDOUT - 
2026-02-17 09:20:48,784 [ 731487]   INFO - STDOUT - Qodana - Coverage summary
2026-02-17 09:20:48,785 [ 731488]   INFO - STDOUT - WARNING! No coverage was computed, probably coverage file does not match the sources. Please check your settings
2026-02-17 09:20:48,786 [ 731489]   INFO - STDOUT - 
2026-02-17 09:20:50,162 [ 732865]   INFO - #o.j.q.s.i.r.QodanaInspectionApplication - sessionId: 26021709-ee3d50f4c411
2026-02-17 09:20:55,357 [ 738060]   INFO - STDOUT - The report is uploaded to https://qodana.cloud/projects/p45aW/reports/y7GP51
2026-02-17 09:20:56,520 [ 739223]   INFO - #c.i.c.ComponentStoreImpl - Saving Project(name=java-basics, containerState=COMPONENT_CREATED, componentStore=/data/project)AnalysisUIOptions took 21 ms, DynamicElementsStorage took 23 ms, JsonSchemaMappingsProjectConfiguration took 19 ms, Kotlin2JvmCompilerArguments took 13 ms, ProjectDependenciesModelState took 101 ms, RunManager took 22 ms, TaskManager took 13 ms
2026-02-17 09:20:58,240 [ 740943]   INFO - #c.i.u.i.PersistentDirtyFilesQueue - Dirty file ids stored. Size: 0. Index: 0 Path: /data/cache/idea/253/index/dirty-file-queues/15375f63
2026-02-17 09:20:58,323 [ 741026]   INFO - #c.i.p.p.ProjectEntitiesStorage - Project ProjectId(id=ob9tdktom5o5h14p2gem) is disposed, removing entity
2026-02-17 09:20:58,352 [ 741055]   INFO - #c.i.p.d.i.f.FrontendXBreakpointManager - Breakpoint removed for XBreakpointId(uid=1)
2026-02-17 09:20:58,355 [ 741058]   INFO - #c.i.p.d.i.f.FrontendXBreakpointManager - Breakpoint removed for XBreakpointId(uid=2)
2026-02-17 09:20:58,371 [ 741074]   INFO - #c.i.j.d.b.r.HostToClientMessagingSession - Shutting down client ClientId(value=Host) communication
2026-02-17 09:20:58,481 [ 741184]   INFO - #fleet.kernel.Transactor - Duration: 89.002875ms, change from: fleet.tracing.runtime.Span$Noop@7a4b8d67
2026-02-17 09:20:58,558 [ 741261]   INFO - #c.i.w.i.i.GlobalWorkspaceModel - Project java-basics is removed from the list of initializing and open projects. Project was disposed.
2026-02-17 09:20:58,609 [ 741312]   INFO - #com.android.tools.idea.adblib.AdbFileLocationTracker - Unregistering project from adblib channel provider: Project(name=java-basics, containerState=DISPOSE_IN_PROGRESS, componentStore=/data/project) (disposed)
2026-02-17 09:20:59,229 [ 741932]   INFO - #c.i.c.b.CompilerReferenceServiceBase - backward reference index reader is closed (didn't exist)
2026-02-17 09:20:59,255 [ 741958]   INFO - #c.i.e.r.RemoteProcessSupport - Terminating: 127.0.0.1:64891/Maven36ServerImpl6db57794
2026-02-17 09:20:59,258 [ 741961]   INFO - #c.i.e.r.RemoteProcessSupport - Remote process will terminate: null message = null
2026-02-17 09:20:59,415 [ 742118]   INFO - #c.i.w.i.i.j.s.JpsGlobalModelSynchronizerImpl - Saving global entities com.intellij.platform.workspace.jps.entities.SdkEntity to files
2026-02-17 09:20:59,425 [ 742128]   INFO - #c.i.w.i.i.j.s.JpsGlobalModelSynchronizerImpl - Saving global entities com.intellij.platform.workspace.jps.entities.LibraryEntity to files
2026-02-17 09:20:59,626 [ 742329]   INFO - #c.i.a.o.PathMacrosImpl - Saved path macros: {MAVEN_REPOSITORY=/data/cache/.m2}
2026-02-17 09:20:59,654 [ 742357]   INFO - #c.i.e.r.RemoteProcessSupport - Remote process terminated with code: 143 message = null
2026-02-17 09:20:59,708 [ 742411]   INFO - #c.i.c.ComponentStoreImpl - Saving appDatabaseSettings took 32 ms, DiffSettings took 23 ms, FileTypeManager took 37 ms, XDebuggerSettings took 46 ms
2026-02-17 09:20:59,906 [ 742609]   INFO - #c.i.i.s.e.u.EventLogExternalUploader - Statistics. Started external process for uploading event log
2026-02-17 09:20:59,976 [ 742679]   INFO - #c.i.o.f.i.FileTypeDetectionService - 2608 auto-detected files. Detection took 10111 ms
2026-02-17 09:21:00,003 [ 742706]   INFO - #o.j.i.BuiltInServer - web server stopped
2026-02-17 09:21:00,033 [ 742736]   INFO - #c.i.u.i.FileBasedIndexImpl - Index dispose started
2026-02-17 09:21:00,078 [ 742781]   INFO - #c.i.u.i.PersistentDirtyFilesQueue - Dirty file ids stored. Size: 2. Index: 2 Path: /data/cache/idea/253/index/dirty-file-ids
2026-02-17 09:21:00,201 [ 742904]   INFO - #c.i.p.s.StubIndexImpl - StubIndexExtension-s were unloaded
2026-02-17 09:21:00,202 [ 742905]   INFO - #c.i.p.s.SerializationManagerImpl - Start shutting down /data/cache/idea/253/index/rep.names
2026-02-17 09:21:00,203 [ 742906]   INFO - #c.i.p.s.SerializationManagerImpl - Finished shutting down /data/cache/idea/253/index/rep.names
2026-02-17 09:21:00,209 [ 742912]   INFO - #c.i.u.i.FileBasedIndexImpl - Index dispose completed in 175ms.
2026-02-17 09:21:00,341 [ 743044]   INFO - #c.i.o.v.n.p.PersistentFSImpl - VFS dispose started
2026-02-17 09:21:00,344 [ 743047]   INFO - #c.i.o.v.n.p.FSRecordsImpl - VFS closing
2026-02-17 09:21:00,354 [ 743057]   INFO - #c.i.o.v.n.p.PersistentFSImpl - VFS dispose completed in 12 ms.
2026-02-17 09:21:00,498 [ 743201]   INFO - #c.i.p.i.b.AppStarter - ------------------------------------------------------ IDE SHUTDOWN ------------------------------------------------------
