# OpenTelemetry Metrics report: .csv, 4 fields: 
# <metric name>, <period start, nanoseconds>, <period end, nanoseconds>, <metric value>
# See CsvMetricsExporter for details.
# 
# NAME, PERIOD_START_NANOS, PERIOD_END_NANOS, VALUE
AWTEventQueue.dispatchTimeTotalNS,1771319323847000000,1771319383991000000,17345148100
AWTEventQueue.dispatchTime90PNs,1771319323847000000,1771319383991000000,7208959
FlushQueue.waitingTime90PNs,1771319323847000000,1771319383991000000,7180648447
FlushQueue.executionTimeAvgNs,1771319323847000000,1771319383991000000,2.6227543978666666E8
NonBlockingReadAction.failedExecutionsCount,1771319323847000000,1771319383991000000,1
FlushQueue.queueSizeAvg,1771319323847000000,1771319383991000000,7.4
FlushQueue.executionTimeMaxNs,1771319323847000000,1771319383991000000,5536481279
FlushQueue.waitingTimeAvgNs,1771319323847000000,1771319383991000000,2.882515387733333E9
FlushQueue.executionTime90PNs,1771319323847000000,1771319383991000000,375390207
AWTEventQueue.dispatchTimeMaxNs,1771319323847000000,1771319383991000000,5435817983
NonBlockingReadAction.finalizedExecutionTimeUs,1771319323847000000,1771319383991000000,329463
FlushQueue.queueSizeMax,1771319323847000000,1771319383991000000,23
AWTEventQueue.dispatchTimeAvgNs,1771319323847000000,1771319383991000000,2.3147762688E7
WriteAction.executionsCount,1771319323847000000,1771319383991000000,21
FlushQueue.queueSize90P,1771319323847000000,1771319383991000000,19
FlushQueue.waitingTimeMaxNs,1771319323847000000,1771319383991000000,7482638335
FlushQueue.tasksExecuted,1771319323847000000,1771319383991000000,75
NonBlockingReadAction.failedExecutionTimeUs,1771319323847000000,1771319383991000000,5320312
NonBlockingReadAction.finalizedExecutionsCount,1771319323847000000,1771319383991000000,6
ReadAction.executionsCount,1771319323847000000,1771319383991000000,11716
AWTEventQueue.eventsDispatched,1771319323847000000,1771319383991000000,750
writeAction.max.wait.ms,1771319323847000000,1771319383991000000,3142
LowMemory.gcOverloaded,1771319323847000000,1771319383991000000,0
LowMemory.gcLoad,1771319323847000000,1771319383991000000,0.0
writeAction.count,1771319323847000000,1771319383991000000,21
writeAction.wait.ms,1771319323847000000,1771319383991000000,3704
DiskQueryRelay.tasksExecuted,1771319323847000000,1771319383991000000,2422
writeAction.median.wait.ms,1771319323847000000,1771319383991000000,0
DiskQueryRelay.tasksRequested,1771319323847000000,1771319383991000000,2422
DiskQueryRelay.taskWaitingTotalTimeUs,1771319323847000000,1771319383991000000,23643234
DiskQueryRelay.taskExecutionTotalTimeUs,1771319323847000000,1771319383991000000,16677203
MEM.fileMappingsRamBytes,1771319323847000000,1771319383991000000,531468288
OS.loadAverage,1771319323847000000,1771319383991000000,4.23779296875
JVM.totalBytesAllocated,1771319323847000000,1771319383991000000,1852905840
JVM.GC.collections,1771319323847000000,1771319383991000000,33
JVM.GC.collectionTimesMs,1771319323847000000,1771319383991000000,2323
MEM.ramBytes,1771319323847000000,1771319383991000000,2320637952
JVM.maxHeapBytes,1771319323847000000,1771319383991000000,28840034304
JVM.usedNativeBytes,1771319323847000000,1771319383991000000,273551528
JVM.usedHeapBytes,1771319323847000000,1771319383991000000,454970088
JVM.totalTimeToSafepointsMs,1771319323847000000,1771319383991000000,395
JVM.totalDirectByteBuffersBytes,1771319323847000000,1771319383991000000,639755724
JVM.newThreadsCount,1771319323847000000,1771319383991000000,412
JVM.threadCount,1771319323847000000,1771319383991000000,155
JVM.maxThreadCount,1771319323847000000,1771319383991000000,186
MEM.ramMinusFileMappingsBytes,1771319323847000000,1771319383991000000,1789169664
JVM.totalTimeAtSafepointsMs,1771319323847000000,1771319383991000000,2605
JVM.committedHeapBytes,1771319323847000000,1771319383991000000,553648128
MEM.ramPlusSwapMinusFileMappingsBytes,1771319323847000000,1771319383991000000,1789169664
JVM.totalSafepointCount,1771319323847000000,1771319383991000000,90
JVM.totalCpuTimeMs,1771319323847000000,1771319383991000000,263180
compiler.ArtifactManagerBridge.getArtifactsByType.ms,1771319323847000000,1771319383991000000,0
compiler.ArtifactManagerBridge.getArtifacts.ms,1771319323847000000,1771319383991000000,0
compiler.ArtifactManagerBridge.initBridges.ms,1771319323847000000,1771319383991000000,0
compiler.ArtifactManagerBridge.findArtifact.ms,1771319323847000000,1771319383991000000,0
compiler.ArtifactManagerBridge.commit.ms,1771319323847000000,1771319383991000000,0
compiler.ArtifactManagerBridge.dropMappings.ms,1771319323847000000,1771319383991000000,0
compiler.ArtifactManagerBridge.addArtifact.ms,1771319323847000000,1771319383991000000,0
Indexing.writer_1.totalTimeSpentWritingMs,1771319323847000000,1771319383991000000,0
Indexing.writesQueuedAvg,1771319323847000000,1771319383991000000,0.0
Indexing.writesQueuedMax,1771319323847000000,1771319383991000000,0
Indexing.writesQueuedMin,1771319323847000000,1771319383991000000,0
Indexing.cache.totalCacheEvicted,1771319323847000000,1771319383991000000,0
Indexing.totalTimeIndexersSleptMs,1771319323847000000,1771319383991000000,0
Indexing.writer_2.totalTimeSpentWritingMs,1771319323847000000,1771319383991000000,0
Indexing.writer_0.totalTimeSpentWritingMs,1771319323847000000,1771319383991000000,0
Indexing.cache.totalCacheMisses,1771319323847000000,1771319383991000000,0
Indexing.cache.totalCacheAccesses,1771319323847000000,1771319383991000000,0
Indexing.writer_3.totalTimeSpentWritingMs,1771319323847000000,1771319383991000000,0
VFS.contentStorage.recordsStored,1771319323847000000,1771319383991000000,9
VFS.contentStorage.recordsDeduplicated,1771319323847000000,1771319383991000000,0
VFS.cache.directoriesCreated,1771319323847000000,1771319383991000000,1984
VFS.contentStorage.recordsReadDecompressed,1771319323847000000,1771319383991000000,1
VFS.invertedFileNameIndex.requests,1771319323847000000,1771319383991000000,0
VFS.cache.segmentsCreated,1771319323847000000,1771319383991000000,81
VFS.rootsCount,1771319323847000000,1771319383991000000,29.0
VFS.folderCaseSensitivityReads,1771319323847000000,1771319383991000000,182
VFS.contentStorage.recordsRead,1771319323847000000,1771319383991000000,1
FileNameCache.queries,1771319323847000000,1771319383991000000,448960
VFS.fileChildByName,1771319323847000000,1771319383991000000,3318
VFS.fileByIdCache.hits,1771319323847000000,1771319383991000000,0
VFS.contentStorage.recordsReadSize,1771319323847000000,1771319383991000000,24560
VFS.cache.filesCreated,1771319323847000000,1771319383991000000,30414
VFS.contentStorage.recordsUncompressedSize,1771319323847000000,1771319383991000000,40011
VFS.cache.segments,1771319323847000000,1771319383991000000,78.0
VFS.contentStorage.recordsStoredSize,1771319323847000000,1771319383991000000,17660
VFS.contentStorage.recordsStoredCompressed,1771319323847000000,1771319383991000000,1
VFS.fileByIdCache.misses,1771319323847000000,1771319383991000000,0
FileNameCache.totalMisses,1771319323847000000,1771319383991000000,704
VFS.contentStorage.recordsDecompressionTimeUs,1771319323847000000,1771319383991000000,7323
DirectByteBufferAllocator.totalSizeOfBuffersCachedInBytes,1771319323847000000,1771319383991000000,1048576
FilePageCache.maxRegisteredFiles,1771319323847000000,1771319383991000000,1850
DirectByteBufferAllocator.totalSizeOfBuffersAllocatedInBytes,1771319323847000000,1771319383991000000,630194176
DirectByteBufferAllocator.hits,1771319323847000000,1771319383991000000,77
StreamlinedBlobStorage.recordsDeleted,1771319323847000000,1771319383991000000,0
StreamlinedBlobStorage.totalLiveRecordsPayloadBytes,1771319323847000000,1771319383991000000,54846
FilePageCache.pageLoadsAboveSizeThreshold,1771319323847000000,1771319383991000000,76
FilePageCache.pageLoads,1771319323847000000,1771319383991000000,602
FileChannelInterruptsRetryer.totalRetriedAttempts,1771319323847000000,1771319383991000000,0
StorageLockContext.competingThreads.avg,1771319323847000000,1771319383991000000,0.1485148514851485
FilePageCache.pageFastCacheHits,1771319323847000000,1771319383991000000,32284
FilePageCache.maxCacheSizeInBytes,1771319323847000000,1771319383991000000,629145600
StorageLockContext.competingThreads.90P,1771319323847000000,1771319383991000000,0
DirectByteBufferAllocator.misses,1771319323847000000,1771319383991000000,601
FilePageCache.pageHits,1771319323847000000,1771319383991000000,0
DirectByteBufferAllocator.reclaimed,1771319323847000000,1771319383991000000,78
FilePageCache.capacityInBytes,1771319323847000000,1771319383991000000,629145600
MappedFileStorage.totalTimeSpentOnMappingUs,1771319323847000000,1771319383991000000,2779016
DirectByteBufferAllocator.disposed,1771319323847000000,1771319383991000000,0
FilePageCache.disposedBuffers,1771319323847000000,1771319383991000000,78
MappedFileStorage.storages,1771319323847000000,1771319383991000000,9
FilePageCache.uncachedFileAccess,1771319323847000000,1771319383991000000,953
StreamlinedBlobStorage.recordsRelocated,1771319323847000000,1771319383991000000,0
FilePageCache.totalPageLoadsUs,1771319323847000000,1771319383991000000,2329109
StorageLockContext.competingThreads.max,1771319323847000000,1771319383991000000,5
MappedFileStorage.totalPagesMapped,1771319323847000000,1771319383991000000,9
StreamlinedBlobStorage.recordsAllocated,1771319323847000000,1771319383991000000,2095
FilePageCache.totalPageDisposalsUs,1771319323847000000,1771319383991000000,207568
MappedFileStorage.totalBytesMapped,1771319323847000000,1771319383991000000,173277184
StreamlinedBlobStorage.totalLiveRecordsCapacityBytes,1771319323847000000,1771319383991000000,168436
jps.library.entities.serializer.save.entities.ms,1771319323847000000,1771319383991000000,0
workspaceModel.mutableEntityStorage.entities.by.source.ms,1771319323847000000,1771319383991000000,1
jps.module.dependency.index.workspace.model.listener.on.changed.ms,1771319323847000000,1771319383991000000,3
workspaceModel.mutableEntityStorage.changeLog.addReplaceEventForRemovedChild.ms,1771319323847000000,1771319383991000000,5
jps.global.initialize.library.bridges.ms,1771319323847000000,1771319383991000000,7
workspaceModel.moduleBridgeLoader.loading.modules.ms,1771319323847000000,1771319383991000000,353
jps.save.changed.project.entities.ms,1771319323847000000,1771319383991000000,0
jps.storage.jps.conf.reader.load.component.ms,1771319323847000000,1771319383991000000,46
jps.global.handle.changed.events.ms,1771319323847000000,1771319383991000000,0
jps.global.initialize.library.bridges.after.loading.ms,1771319323847000000,1771319383991000000,10
workspaceModel.mutableEntityStorage.resolve.ms,1771319323847000000,1771319383991000000,0
jps.global.handle.before.change.events.ms,1771319323847000000,1771319383991000000,0
workspaceModel.mutableEntityStorage.apply.changes.from.ms,1771319323847000000,1771319383991000000,61
workspaceModel.mutableEntityStorage.instances.count,1771319323847000000,1771319383991000000,53
jps.global.get.library.ms,1771319323847000000,1771319383991000000,0
jps.load.initial.state.ms,1771319323847000000,1771319383991000000,87
workspaceModel.mutableEntityStorage.collect.changes.ms,1771319323847000000,1771319383991000000,9
workspaceModel.load.cache.metadata.from.file.ms,1771319323847000000,1771319383991000000,0
workspaceModel.sync.entities.ms,1771319323847000000,1771319383991000000,23
workspaceModel.mutableEntityStorage.replace.by.source.ms,1771319323847000000,1771319383991000000,177
workspaceModel.mutableEntityStorage.hasReferrers.ms,1771319323847000000,1771319383991000000,0
workspaceModel.orphan.listener.update.ms,1771319323847000000,1771319383991000000,17
jps.global.get.libraries.ms,1771319323847000000,1771319383991000000,8
workspaceModel.save.cache.to.file.ms,1771319323847000000,1771319383991000000,2384
workspaceModel.global.apply.state.to.project.ms,1771319323847000000,1771319383991000000,148
jps.apply.loaded.storage.ms,1771319323847000000,1771319383991000000,421
jps.reload.project.entities.ms,1771319323847000000,1771319383991000000,0
jps.artifact.entities.serializer.save.entities.ms,1771319323847000000,1771319383991000000,0
workspaceModel.moduleManagerBridge.new.nonPersistent.module.ms,1771319323847000000,1771319383991000000,0
jps.save.global.entities.ms,1771319323847000000,1771319383991000000,0
workspaceModel.moduleManagerBridge.create.module.instance.ms,1771319323847000000,1771319383991000000,31
jps.modifiable.module.model.bridge.new.module.ms,1771319323847000000,1771319383991000000,51
workspaceModel.mutableEntityStorage.mutable.ext.mapping.ms,1771319323847000000,1771319383991000000,5
workspaceModel.mutableEntityStorage.remove.entity.ms,1771319323847000000,1771319383991000000,75
workspaceModel.moduleBridge.facet.initialization.ms,1771319323847000000,1771319383991000000,0
workspaceModel.mutableEntityStorage.changeLog.addReplaceEventForRemovedParent.ms,1771319323847000000,1771319383991000000,2
jps.facet.change.listener.init.bridge.ms,1771319323847000000,1771319383991000000,11
workspaceModel.mutableEntityStorage.modify.entity.ms,1771319323847000000,1771319383991000000,4181
workspaceModel.moduleManagerBridge.set.unloadedModules.ms,1771319323847000000,1771319383991000000,0
workspaceModel.mutableEntityStorage.add.entity.ms,1771319323847000000,1771319383991000000,1878
workspaceModel.delayed.project.synchronizer.sync.ms,1771319323847000000,1771319383991000000,0
workspaceModel.mutableEntityStorage.changeLog.addReplaceEventForNewChild.ms,1771319323847000000,1771319383991000000,18
jps.facet.change.listener.before.change.events.ms,1771319323847000000,1771319383991000000,0
workspaceModel.global.updates.count,1771319323847000000,1771319383991000000,3
jps.module.iml.entities.serializer.load.entities.ms,1771319323847000000,1771319383991000000,212
workspaceModel.mutableEntityStorage.changeLog.addReplaceEventForNewParent.ms,1771319323847000000,1771319383991000000,4
jps.module.iml.entities.serializer.save.entities.ms,1771319323847000000,1771319383991000000,0
workspaceModel.moduleManagerBridge.newModule.ms,1771319323847000000,1771319383991000000,118
jps.artifact.entities.serializer.load.entities.ms,1771319323847000000,1771319383991000000,10
jps.modifiable.module.model.bridge.disposing.ms,1771319323847000000,1771319383991000000,0
workspaceModel.moduleManagerBridge.get.modules.ms,1771319323847000000,1771319383991000000,3
jps.project.serializers.load.ms,1771319323847000000,1771319383991000000,304
jps.load.project.to.empty.storage.ms,1771319323847000000,1771319383991000000,788
workspaceModel.mutableEntityStorage.mutable.vfurl.index.ms,1771319323847000000,1771319383991000000,18
workspaceModel.moduleManagerBridge.build.module.graph.ms,1771319323847000000,1771319383991000000,8
jps.global.get.library.by.name.ms,1771319323847000000,1771319383991000000,0
workspaceModel.mutableEntityStorage.entities.ms,1771319323847000000,1771319383991000000,37
workspaceModel.load.cache.from.file.ms,1771319323847000000,1771319383991000000,1
workspaceModel.mutableEntityStorage.put.entity.ms,1771319323847000000,1771319383991000000,769
jps.library.entities.serializer.load.entities.ms,1771319323847000000,1771319383991000000,12
jps.modifiable.module.model.bridge.renaming.ms,1771319323847000000,1771319383991000000,0
workspaceModel.do.save.caches.ms,1771319323847000000,1771319383991000000,1972
jps.project.serializers.save.ms,1771319323847000000,1771319383991000000,0
jps.app.storage.content.reader.load.component.ms,1771319323847000000,1771319383991000000,5
workspaceModel.mutableEntityStorage.referrers.ms,1771319323847000000,1771319383991000000,0
jps.facet.change.listener.process.change.events.ms,1771319323847000000,1771319383991000000,5
workspaceModel.global.updates.ms,1771319323847000000,1771319383991000000,338
workspaceModel.moduleBridge.before.changed.ms,1771319323847000000,1771319383991000000,0
workspaceModel.global.apply.state.to.project.builder.ms,1771319323847000000,1771319383991000000,29
workspaceModel.moduleBridge.update.option.ms,1771319323847000000,1771319383991000000,0
workspaceModel.moduleManagerBridge.load.all.modules.ms,1771319323847000000,1771319383991000000,16
workspaceModel.mutableEntityStorage.has.same.entities.ms,1771319323847000000,1771319383991000000,0
workspaceModel.mutableEntityStorage.to.snapshot.ms,1771319323847000000,1771319383991000000,64
jps.modifiable.module.model.bridge.load.module.ms,1771319323847000000,1771319383991000000,0
workspaceModel.moduleManagerBridge.load.module.ms,1771319323847000000,1771319383991000000,0
workspaceModel.update.unloaded.entities.ms,1771319323847000000,1771319383991000000,0
workspaceModel.initializing.ms,1771319323847000000,1771319383991000000,71
workspaceModel.on.before.changed.ms,1771319323847000000,1771319383991000000,412
workspaceModel.cachedValue.clear.count,1771319323847000000,1771319383991000000,2
workspaceModel.cachedValue.calculated.count,1771319323847000000,1771319383991000000,19
workspaceModel.on.changed.ms,1771319323847000000,1771319383991000000,407
workspaceModel.cachedValueWithParameters.calculated.count,1771319323847000000,1771319383991000000,0
workspaceModel.workspaceFileIndexData.markDirty.ms,1771319323847000000,1771319383991000000,0
workspaceModel.cachedValueWithParameters.from.cache.count,1771319323847000000,1771319383991000000,0
workspaceModel.workspaceFileIndexData.getFileInfo.ms,1771319323847000000,1771319383991000000,2499
workspaceModel.workspaceFileIndexData.getPackageName.ms,1771319323847000000,1771319383991000000,0
workspaceModel.cachedValueWithParameters.total.get.count,1771319323847000000,1771319383991000000,0
workspaceModel.replace.project.model.ms,1771319323847000000,1771319383991000000,0
workspaceModel.full.replace.project.model.ms,1771319323847000000,1771319383991000000,369
workspaceModel.to.snapshot.ms,1771319323847000000,1771319383991000000,2
workspaceModel.cachedValue.total.get.count,1771319323847000000,1771319383991000000,730
workspaceModel.loading.total.ms,1771319323847000000,1771319383991000000,25
workspaceModel.workspaceFileIndexData.processFileSets.ms,1771319323847000000,1771319383991000000,0
workspaceModel.loading.from.cache.ms,1771319323847000000,1771319383991000000,8
workspaceModel.pre.handlers.ms,1771319323847000000,1771319383991000000,8
workspaceModel.updates.count,1771319323847000000,1771319383991000000,7
workspaceModel.workspaceFileIndexContributor.registerFileSets.ms,1771319323847000000,1771319383991000000,171
workspaceModel.updates.precise.ms,1771319323847000000,1771319383991000000,91
workspaceModel.cachedValueWithParameters.clear.count,1771319323847000000,1771319383991000000,0
workspaceModel.updates.ms,1771319323847000000,1771319383991000000,804
workspaceModel.workspaceFileIndexData.onEntitiesChanged.ms,1771319323847000000,1771319383991000000,155
workspaceModel.entityStorageSnapshotImpl.instances.count,1771319323847000000,1771319383991000000,35
workspaceModel.workspaceFileIndexData.init.ms,1771319323847000000,1771319383991000000,35
workspaceModel.check.recursive.update.ms,1771319323847000000,1771319383991000000,26
workspaceModel.init.bridges.ms,1771319323847000000,1771319383991000000,72
workspaceModel.workspaceFileIndexData.instances.count,1771319323847000000,1771319383991000000,1
workspaceModel.workspaceFileIndexData.updateDirtyEntities.ms,1771319323847000000,1771319383991000000,0
workspaceModel.cachedValue.from.cache.count,1771319323847000000,1771319383991000000,711
workspaceModel.collect.changes.ms,1771319323847000000,1771319383991000000,1
workspaceModel.workspaceFileIndexData.getDirectoriesByPackageName.ms,1771319323847000000,1771319383991000000,0
workspaceModel.workspaceFileIndexData.visitFileSets.ms,1771319323847000000,1771319383991000000,107
cacheStateStorage.set.duration,1771319323847000000,1771319383991000000,536
cacheStateStorage.set.counter,1771319323847000000,1771319383991000000,3
cacheStateStorage.get.counter,1771319323847000000,1771319383991000000,18
cacheStateStorage.get.duration,1771319323847000000,1771319383991000000,3
AWTEventQueue.dispatchTimeTotalNS,1771319383991000000,1771319443893000000,39610252784
AWTEventQueue.dispatchTime90PNs,1771319383991000000,1771319443893000000,29229055
FlushQueue.waitingTime90PNs,1771319383991000000,1771319443893000000,2164260863
FlushQueue.executionTimeAvgNs,1771319383991000000,1771319443893000000,5.452381029283489E7
NonBlockingReadAction.failedExecutionsCount,1771319383991000000,1771319443893000000,0
FlushQueue.queueSizeAvg,1771319383991000000,1771319443893000000,4.490654205607477
FlushQueue.executionTimeMaxNs,1771319383991000000,1771319443893000000,20803747839
FlushQueue.waitingTimeAvgNs,1771319383991000000,1771319443893000000,1.1443499161121495E9
FlushQueue.executionTime90PNs,1771319383991000000,1771319443893000000,42729471
AWTEventQueue.dispatchTimeMaxNs,1771319383991000000,1771319443893000000,20803747839
NonBlockingReadAction.finalizedExecutionTimeUs,1771319383991000000,1771319443893000000,1411349
FlushQueue.queueSizeMax,1771319383991000000,1771319443893000000,35
AWTEventQueue.dispatchTimeAvgNs,1771319383991000000,1771319443893000000,4.349669978485181E7
WriteAction.executionsCount,1771319383991000000,1771319443893000000,10
FlushQueue.queueSize90P,1771319383991000000,1771319443893000000,19
FlushQueue.waitingTimeMaxNs,1771319383991000000,1771319443893000000,25098715135
FlushQueue.tasksExecuted,1771319383991000000,1771319443893000000,642
NonBlockingReadAction.failedExecutionTimeUs,1771319383991000000,1771319443893000000,0
NonBlockingReadAction.finalizedExecutionsCount,1771319383991000000,1771319443893000000,61
ReadAction.executionsCount,1771319383991000000,1771319443893000000,161889
AWTEventQueue.eventsDispatched,1771319383991000000,1771319443893000000,911
lexer.Flow.JS.size.bytes,1771319383991000000,1771319443893000000,140172
parser.SCSS.time.ns,1771319383991000000,1771319443893000000,1261857249
parser.Groovy.time.ns,1771319383991000000,1771319443893000000,869974041
lexer.JAVA.size.bytes,1771319383991000000,1771319443893000000,150440
lexer.Groovy.size.bytes,1771319383991000000,1771319443893000000,786
lexer.JAVA.time.ns,1771319383991000000,1771319443893000000,179194246
writeAction.wait.ms,1771319383991000000,1771319443893000000,536
lexer.SCSS.size.bytes,1771319383991000000,1771319443893000000,21698
writeAction.count,1771319383991000000,1771319443893000000,10
DiskQueryRelay.tasksExecuted,1771319383991000000,1771319443893000000,14508
DiskQueryRelay.taskExecutionTotalTimeUs,1771319383991000000,1771319443893000000,20209084
parser.Groovy.size.bytes,1771319383991000000,1771319443893000000,786
lexer.JSON.time.ns,1771319383991000000,1771319443893000000,15854459
parser.Flow.JS.time.ns,1771319383991000000,1771319443893000000,3893279585
parser.JAVA.time.ns,1771319383991000000,1771319443893000000,3210062873
parser.JAVA.size.bytes,1771319383991000000,1771319443893000000,229866
parser.JSON.size.bytes,1771319383991000000,1771319443893000000,503
parser.SCSS.size.bytes,1771319383991000000,1771319443893000000,21698
writeAction.max.wait.ms,1771319383991000000,1771319443893000000,3142
LowMemory.gcOverloaded,1771319383991000000,1771319443893000000,0
LowMemory.gcLoad,1771319383991000000,1771319443893000000,0.0
lexer.Flow.JS.time.ns,1771319383991000000,1771319443893000000,361367875
parser.Flow.JS.size.bytes,1771319383991000000,1771319443893000000,140172
lexer.Groovy.time.ns,1771319383991000000,1771319443893000000,8491250
writeAction.median.wait.ms,1771319383991000000,1771319443893000000,3500
DiskQueryRelay.tasksRequested,1771319383991000000,1771319443893000000,14513
DiskQueryRelay.taskWaitingTotalTimeUs,1771319383991000000,1771319443893000000,27256507
parser.JSON.time.ns,1771319383991000000,1771319443893000000,111827125
lexer.JSON.size.bytes,1771319383991000000,1771319443893000000,503
lexer.SCSS.time.ns,1771319383991000000,1771319443893000000,258660844
MEM.fileMappingsRamBytes,1771319383991000000,1771319443893000000,660459520
OS.loadAverage,1771319383991000000,1771319443893000000,8.3330078125
JVM.totalBytesAllocated,1771319383991000000,1771319443893000000,3108212840
JVM.GC.collections,1771319383991000000,1771319443893000000,14
JVM.GC.collectionTimesMs,1771319383991000000,1771319443893000000,1298
MEM.ramBytes,1771319383991000000,1771319443893000000,2906275840
JVM.maxHeapBytes,1771319383991000000,1771319443893000000,28840034304
JVM.usedNativeBytes,1771319383991000000,1771319443893000000,375785672
JVM.usedHeapBytes,1771319383991000000,1771319443893000000,395902184
JVM.totalTimeToSafepointsMs,1771319383991000000,1771319443893000000,210
JVM.totalDirectByteBuffersBytes,1771319383991000000,1771319443893000000,640875096
JVM.newThreadsCount,1771319383991000000,1771319443893000000,15
JVM.threadCount,1771319383991000000,1771319443893000000,83
JVM.maxThreadCount,1771319383991000000,1771319443893000000,186
MEM.ramMinusFileMappingsBytes,1771319383991000000,1771319443893000000,2245816320
JVM.totalTimeAtSafepointsMs,1771319383991000000,1771319443893000000,1497
JVM.committedHeapBytes,1771319383991000000,1771319443893000000,1023410176
MEM.ramPlusSwapMinusFileMappingsBytes,1771319383991000000,1771319443893000000,2245816320
JVM.totalSafepointCount,1771319383991000000,1771319443893000000,66
JVM.totalCpuTimeMs,1771319383991000000,1771319443893000000,308300
compiler.ArtifactManagerBridge.getArtifactsByType.ms,1771319383991000000,1771319443893000000,0
compiler.ArtifactManagerBridge.getArtifacts.ms,1771319383991000000,1771319443893000000,0
compiler.ArtifactVirtualFileListener.propertyChanged.ms,1771319383991000000,1771319443893000000,0
compiler.ArtifactManagerBridge.initBridges.ms,1771319383991000000,1771319443893000000,0
compiler.ArtifactManagerBridge.findArtifact.ms,1771319383991000000,1771319443893000000,0
compiler.ArtifactManagerBridge.commit.ms,1771319383991000000,1771319443893000000,0
compiler.ArtifactManagerBridge.dropMappings.ms,1771319383991000000,1771319443893000000,0
compiler.ArtifactVirtualFileListener.filePathChanged.ms,1771319383991000000,1771319443893000000,0
compiler.ArtifactManagerBridge.addArtifact.ms,1771319383991000000,1771319443893000000,0
Indexing.writer_1.totalTimeSpentWritingMs,1771319383991000000,1771319443893000000,4235
Indexing.writesQueuedAvg,1771319383991000000,1771319443893000000,167.6
Indexing.writesQueuedMax,1771319383991000000,1771319443893000000,1194
Indexing.writesQueuedMin,1771319383991000000,1771319443893000000,0
Indexing.cache.totalCacheEvicted,1771319383991000000,1771319443893000000,78741
Indexing.totalTimeIndexersSleptMs,1771319383991000000,1771319443893000000,980
Indexing.writer_2.totalTimeSpentWritingMs,1771319383991000000,1771319443893000000,12310
Indexing.writer_0.totalTimeSpentWritingMs,1771319383991000000,1771319443893000000,4842
Indexing.cache.totalCacheMisses,1771319383991000000,1771319443893000000,116425
Indexing.cache.totalCacheAccesses,1771319383991000000,1771319443893000000,426372
Indexing.writer_3.totalTimeSpentWritingMs,1771319383991000000,1771319443893000000,17729
VFS.contentStorage.recordsStored,1771319383991000000,1771319443893000000,13
VFS.contentStorage.recordsDeduplicated,1771319383991000000,1771319443893000000,0
VFS.cache.directoriesCreated,1771319383991000000,1771319443893000000,2018
VFS.contentStorage.recordsReadDecompressed,1771319383991000000,1771319443893000000,0
VFS.invertedFileNameIndex.requests,1771319383991000000,1771319443893000000,0
VFS.cache.segmentsCreated,1771319383991000000,1771319443893000000,78
VFS.rootsCount,1771319383991000000,1771319443893000000,72.0
VFS.folderCaseSensitivityReads,1771319383991000000,1771319443893000000,73
VFS.contentStorage.recordsRead,1771319383991000000,1771319443893000000,8
FileNameCache.queries,1771319383991000000,1771319443893000000,2013568
VFS.fileChildByName,1771319383991000000,1771319443893000000,5718
VFS.fileByIdCache.hits,1771319383991000000,1771319443893000000,2
VFS.contentStorage.recordsReadSize,1771319383991000000,1771319443893000000,31214
VFS.cache.filesCreated,1771319383991000000,1771319443893000000,57171
VFS.contentStorage.recordsUncompressedSize,1771319383991000000,1771319443893000000,410594
VFS.cache.segments,1771319383991000000,1771319443893000000,153.0
VFS.contentStorage.recordsStoredSize,1771319383991000000,1771319443893000000,200616
VFS.contentStorage.recordsStoredCompressed,1771319383991000000,1771319443893000000,5
VFS.fileByIdCache.misses,1771319383991000000,1771319443893000000,0
FileNameCache.totalMisses,1771319383991000000,1771319443893000000,20672
VFS.contentStorage.recordsDecompressionTimeUs,1771319383991000000,1771319443893000000,0
DirectByteBufferAllocator.totalSizeOfBuffersCachedInBytes,1771319383991000000,1771319443893000000,1048576
FilePageCache.maxRegisteredFiles,1771319383991000000,1771319443893000000,1850
DirectByteBufferAllocator.totalSizeOfBuffersAllocatedInBytes,1771319383991000000,1771319443893000000,630194176
DirectByteBufferAllocator.hits,1771319383991000000,1771319443893000000,106
StreamlinedBlobStorage.recordsDeleted,1771319383991000000,1771319443893000000,3
StreamlinedBlobStorage.totalLiveRecordsPayloadBytes,1771319383991000000,1771319443893000000,698395
FilePageCache.pageLoadsAboveSizeThreshold,1771319383991000000,1771319443893000000,106
FilePageCache.pageLoads,1771319383991000000,1771319443893000000,0
FileChannelInterruptsRetryer.totalRetriedAttempts,1771319383991000000,1771319443893000000,0
StorageLockContext.competingThreads.avg,1771319383991000000,1771319443893000000,0.14912280701754385
FilePageCache.pageFastCacheHits,1771319383991000000,1771319443893000000,115973
FilePageCache.maxCacheSizeInBytes,1771319383991000000,1771319443893000000,629145600
StorageLockContext.competingThreads.90P,1771319383991000000,1771319443893000000,0
DirectByteBufferAllocator.misses,1771319383991000000,1771319443893000000,0
FilePageCache.pageHits,1771319383991000000,1771319443893000000,0
DirectByteBufferAllocator.reclaimed,1771319383991000000,1771319443893000000,106
FilePageCache.capacityInBytes,1771319383991000000,1771319443893000000,629145600
MappedFileStorage.totalTimeSpentOnMappingUs,1771319383991000000,1771319443893000000,2899130
DirectByteBufferAllocator.disposed,1771319383991000000,1771319443893000000,0
FilePageCache.disposedBuffers,1771319383991000000,1771319443893000000,106
MappedFileStorage.storages,1771319383991000000,1771319443893000000,16
FilePageCache.uncachedFileAccess,1771319383991000000,1771319443893000000,128
StreamlinedBlobStorage.recordsRelocated,1771319383991000000,1771319443893000000,0
FilePageCache.totalPageLoadsUs,1771319383991000000,1771319443893000000,308296
StorageLockContext.competingThreads.max,1771319383991000000,1771319443893000000,3
MappedFileStorage.totalPagesMapped,1771319383991000000,1771319443893000000,16
StreamlinedBlobStorage.recordsAllocated,1771319383991000000,1771319443893000000,16607
FilePageCache.totalPageDisposalsUs,1771319383991000000,1771319443893000000,8031
MappedFileStorage.totalBytesMapped,1771319383991000000,1771319443893000000,202637312
StreamlinedBlobStorage.totalLiveRecordsCapacityBytes,1771319383991000000,1771319443893000000,1377727
jps.library.entities.serializer.save.entities.ms,1771319383991000000,1771319443893000000,0
workspaceModel.mutableEntityStorage.entities.by.source.ms,1771319383991000000,1771319443893000000,2
jps.module.dependency.index.workspace.model.listener.on.changed.ms,1771319383991000000,1771319443893000000,12
workspaceModel.mutableEntityStorage.changeLog.addReplaceEventForRemovedChild.ms,1771319383991000000,1771319443893000000,16
jps.global.initialize.library.bridges.ms,1771319383991000000,1771319443893000000,0
workspaceModel.moduleBridgeLoader.loading.modules.ms,1771319383991000000,1771319443893000000,0
jps.save.changed.project.entities.ms,1771319383991000000,1771319443893000000,0
jps.storage.jps.conf.reader.load.component.ms,1771319383991000000,1771319443893000000,0
jps.global.handle.changed.events.ms,1771319383991000000,1771319443893000000,0
jps.global.initialize.library.bridges.after.loading.ms,1771319383991000000,1771319443893000000,0
workspaceModel.mutableEntityStorage.resolve.ms,1771319383991000000,1771319443893000000,1
jps.global.handle.before.change.events.ms,1771319383991000000,1771319443893000000,0
workspaceModel.mutableEntityStorage.apply.changes.from.ms,1771319383991000000,1771319443893000000,0
workspaceModel.mutableEntityStorage.instances.count,1771319383991000000,1771319443893000000,14
jps.global.get.library.ms,1771319383991000000,1771319443893000000,0
jps.load.initial.state.ms,1771319383991000000,1771319443893000000,0
workspaceModel.mutableEntityStorage.collect.changes.ms,1771319383991000000,1771319443893000000,15
workspaceModel.load.cache.metadata.from.file.ms,1771319383991000000,1771319443893000000,0
workspaceModel.sync.entities.ms,1771319383991000000,1771319443893000000,0
workspaceModel.mutableEntityStorage.replace.by.source.ms,1771319383991000000,1771319443893000000,196
workspaceModel.mutableEntityStorage.hasReferrers.ms,1771319383991000000,1771319443893000000,0
workspaceModel.orphan.listener.update.ms,1771319383991000000,1771319443893000000,7
jps.global.get.libraries.ms,1771319383991000000,1771319443893000000,3
workspaceModel.save.cache.to.file.ms,1771319383991000000,1771319443893000000,1137
workspaceModel.global.apply.state.to.project.ms,1771319383991000000,1771319443893000000,0
jps.apply.loaded.storage.ms,1771319383991000000,1771319443893000000,0
jps.reload.project.entities.ms,1771319383991000000,1771319443893000000,0
jps.artifact.entities.serializer.save.entities.ms,1771319383991000000,1771319443893000000,0
workspaceModel.moduleManagerBridge.new.nonPersistent.module.ms,1771319383991000000,1771319443893000000,0
jps.save.global.entities.ms,1771319383991000000,1771319443893000000,0
workspaceModel.moduleManagerBridge.create.module.instance.ms,1771319383991000000,1771319443893000000,0
jps.modifiable.module.model.bridge.new.module.ms,1771319383991000000,1771319443893000000,0
workspaceModel.mutableEntityStorage.mutable.ext.mapping.ms,1771319383991000000,1771319443893000000,0
workspaceModel.mutableEntityStorage.remove.entity.ms,1771319383991000000,1771319443893000000,102
workspaceModel.moduleBridge.facet.initialization.ms,1771319383991000000,1771319443893000000,0
workspaceModel.mutableEntityStorage.changeLog.addReplaceEventForRemovedParent.ms,1771319383991000000,1771319443893000000,0
jps.facet.change.listener.init.bridge.ms,1771319383991000000,1771319443893000000,0
workspaceModel.mutableEntityStorage.modify.entity.ms,1771319383991000000,1771319443893000000,9
workspaceModel.moduleManagerBridge.set.unloadedModules.ms,1771319383991000000,1771319443893000000,0
workspaceModel.mutableEntityStorage.add.entity.ms,1771319383991000000,1771319443893000000,115
workspaceModel.delayed.project.synchronizer.sync.ms,1771319383991000000,1771319443893000000,0
workspaceModel.mutableEntityStorage.changeLog.addReplaceEventForNewChild.ms,1771319383991000000,1771319443893000000,0
jps.facet.change.listener.before.change.events.ms,1771319383991000000,1771319443893000000,0
workspaceModel.global.updates.count,1771319383991000000,1771319443893000000,0
jps.module.iml.entities.serializer.load.entities.ms,1771319383991000000,1771319443893000000,0
workspaceModel.mutableEntityStorage.changeLog.addReplaceEventForNewParent.ms,1771319383991000000,1771319443893000000,1
jps.module.iml.entities.serializer.save.entities.ms,1771319383991000000,1771319443893000000,0
workspaceModel.moduleManagerBridge.newModule.ms,1771319383991000000,1771319443893000000,0
jps.artifact.entities.serializer.load.entities.ms,1771319383991000000,1771319443893000000,0
jps.modifiable.module.model.bridge.disposing.ms,1771319383991000000,1771319443893000000,0
workspaceModel.moduleManagerBridge.get.modules.ms,1771319383991000000,1771319443893000000,4
jps.project.serializers.load.ms,1771319383991000000,1771319443893000000,0
jps.load.project.to.empty.storage.ms,1771319383991000000,1771319443893000000,0
workspaceModel.mutableEntityStorage.mutable.vfurl.index.ms,1771319383991000000,1771319443893000000,1
workspaceModel.moduleManagerBridge.build.module.graph.ms,1771319383991000000,1771319443893000000,0
jps.global.get.library.by.name.ms,1771319383991000000,1771319443893000000,0
workspaceModel.mutableEntityStorage.entities.ms,1771319383991000000,1771319443893000000,9
workspaceModel.load.cache.from.file.ms,1771319383991000000,1771319443893000000,0
workspaceModel.mutableEntityStorage.put.entity.ms,1771319383991000000,1771319443893000000,61
jps.library.entities.serializer.load.entities.ms,1771319383991000000,1771319443893000000,0
jps.modifiable.module.model.bridge.renaming.ms,1771319383991000000,1771319443893000000,0
workspaceModel.do.save.caches.ms,1771319383991000000,1771319443893000000,1456
jps.project.serializers.save.ms,1771319383991000000,1771319443893000000,0
jps.app.storage.content.reader.load.component.ms,1771319383991000000,1771319443893000000,0
workspaceModel.mutableEntityStorage.referrers.ms,1771319383991000000,1771319443893000000,0
jps.facet.change.listener.process.change.events.ms,1771319383991000000,1771319443893000000,0
workspaceModel.global.updates.ms,1771319383991000000,1771319443893000000,0
workspaceModel.moduleBridge.before.changed.ms,1771319383991000000,1771319443893000000,0
workspaceModel.global.apply.state.to.project.builder.ms,1771319383991000000,1771319443893000000,0
workspaceModel.moduleBridge.update.option.ms,1771319383991000000,1771319443893000000,0
workspaceModel.moduleManagerBridge.load.all.modules.ms,1771319383991000000,1771319443893000000,0
workspaceModel.mutableEntityStorage.has.same.entities.ms,1771319383991000000,1771319443893000000,6
workspaceModel.mutableEntityStorage.to.snapshot.ms,1771319383991000000,1771319443893000000,42
jps.modifiable.module.model.bridge.load.module.ms,1771319383991000000,1771319443893000000,0
workspaceModel.moduleManagerBridge.load.module.ms,1771319383991000000,1771319443893000000,0
workspaceModel.update.unloaded.entities.ms,1771319383991000000,1771319443893000000,0
workspaceModel.initializing.ms,1771319383991000000,1771319443893000000,66
workspaceModel.on.before.changed.ms,1771319383991000000,1771319443893000000,27
workspaceModel.cachedValue.clear.count,1771319383991000000,1771319443893000000,0
workspaceModel.cachedValue.calculated.count,1771319383991000000,1771319443893000000,27
workspaceModel.on.changed.ms,1771319383991000000,1771319443893000000,237
workspaceModel.cachedValueWithParameters.calculated.count,1771319383991000000,1771319443893000000,0
workspaceModel.workspaceFileIndexData.markDirty.ms,1771319383991000000,1771319443893000000,0
workspaceModel.cachedValueWithParameters.from.cache.count,1771319383991000000,1771319443893000000,0
workspaceModel.workspaceFileIndexData.getFileInfo.ms,1771319383991000000,1771319443893000000,4792
workspaceModel.workspaceFileIndexData.getPackageName.ms,1771319383991000000,1771319443893000000,0
workspaceModel.cachedValueWithParameters.total.get.count,1771319383991000000,1771319443893000000,0
workspaceModel.replace.project.model.ms,1771319383991000000,1771319443893000000,0
workspaceModel.full.replace.project.model.ms,1771319383991000000,1771319443893000000,0
workspaceModel.to.snapshot.ms,1771319383991000000,1771319443893000000,3
workspaceModel.cachedValue.total.get.count,1771319383991000000,1771319443893000000,2582
workspaceModel.loading.total.ms,1771319383991000000,1771319443893000000,0
workspaceModel.workspaceFileIndexData.processFileSets.ms,1771319383991000000,1771319443893000000,0
workspaceModel.loading.from.cache.ms,1771319383991000000,1771319443893000000,0
workspaceModel.pre.handlers.ms,1771319383991000000,1771319443893000000,7
workspaceModel.updates.count,1771319383991000000,1771319443893000000,3
workspaceModel.workspaceFileIndexContributor.registerFileSets.ms,1771319383991000000,1771319443893000000,244
workspaceModel.updates.precise.ms,1771319383991000000,1771319443893000000,286
workspaceModel.cachedValueWithParameters.clear.count,1771319383991000000,1771319443893000000,0
workspaceModel.updates.ms,1771319383991000000,1771319443893000000,899
workspaceModel.workspaceFileIndexData.onEntitiesChanged.ms,1771319383991000000,1771319443893000000,267
workspaceModel.entityStorageSnapshotImpl.instances.count,1771319383991000000,1771319443893000000,12
workspaceModel.workspaceFileIndexData.init.ms,1771319383991000000,1771319443893000000,0
workspaceModel.check.recursive.update.ms,1771319383991000000,1771319443893000000,10
workspaceModel.init.bridges.ms,1771319383991000000,1771319443893000000,66
workspaceModel.workspaceFileIndexData.instances.count,1771319383991000000,1771319443893000000,0
workspaceModel.workspaceFileIndexData.updateDirtyEntities.ms,1771319383991000000,1771319443893000000,0
workspaceModel.cachedValue.from.cache.count,1771319383991000000,1771319443893000000,2555
workspaceModel.collect.changes.ms,1771319383991000000,1771319443893000000,1
workspaceModel.workspaceFileIndexData.getDirectoriesByPackageName.ms,1771319383991000000,1771319443893000000,0
workspaceModel.workspaceFileIndexData.visitFileSets.ms,1771319383991000000,1771319443893000000,4
cacheStateStorage.set.duration,1771319383991000000,1771319443893000000,9
cacheStateStorage.set.counter,1771319383991000000,1771319443893000000,1
cacheStateStorage.get.counter,1771319383991000000,1771319443893000000,1
cacheStateStorage.get.duration,1771319383991000000,1771319443893000000,2
AWTEventQueue.dispatchTimeTotalNS,1771319443893000000,1771319503893000000,8197613908
AWTEventQueue.dispatchTime90PNs,1771319443893000000,1771319503893000000,7634943
FlushQueue.waitingTime90PNs,1771319443893000000,1771319503893000000,78643199
FlushQueue.executionTimeAvgNs,1771319443893000000,1771319503893000000,9996768.0
NonBlockingReadAction.failedExecutionsCount,1771319443893000000,1771319503893000000,0
FlushQueue.queueSizeAvg,1771319443893000000,1771319503893000000,0.6732456140350878
FlushQueue.executionTimeMaxNs,1771319443893000000,1771319503893000000,704643071
FlushQueue.waitingTimeAvgNs,1771319443893000000,1771319503893000000,3.60005809122807E7
FlushQueue.executionTime90PNs,1771319443893000000,1771319503893000000,6848511
AWTEventQueue.dispatchTimeMaxNs,1771319443893000000,1771319503893000000,1019215871
NonBlockingReadAction.finalizedExecutionTimeUs,1771319443893000000,1771319503893000000,17809
FlushQueue.queueSizeMax,1771319443893000000,1771319503893000000,5
AWTEventQueue.dispatchTimeAvgNs,1771319443893000000,1771319503893000000,1.438720763508772E7
WriteAction.executionsCount,1771319443893000000,1771319503893000000,0
FlushQueue.queueSize90P,1771319443893000000,1771319503893000000,2
FlushQueue.waitingTimeMaxNs,1771319443893000000,1771319503893000000,1669332991
FlushQueue.tasksExecuted,1771319443893000000,1771319503893000000,456
NonBlockingReadAction.failedExecutionTimeUs,1771319443893000000,1771319503893000000,0
NonBlockingReadAction.finalizedExecutionsCount,1771319443893000000,1771319503893000000,2
ReadAction.executionsCount,1771319443893000000,1771319503893000000,64101
AWTEventQueue.eventsDispatched,1771319443893000000,1771319503893000000,570
lexer.Groovy.size.bytes,1771319443893000000,1771319503893000000,7224
parser.XML.size.bytes,1771319443893000000,1771319503893000000,6673
writeAction.count,1771319443893000000,1771319503893000000,0
lexer.Lombok.Config.size.bytes,1771319443893000000,1771319503893000000,137
DiskQueryRelay.tasksExecuted,1771319443893000000,1771319503893000000,22755
lexer.Lombok.Config.time.ns,1771319443893000000,1771319503893000000,2382041
DiskQueryRelay.taskExecutionTotalTimeUs,1771319443893000000,1771319503893000000,20039017
parser.CSS.size.bytes,1771319443893000000,1771319503893000000,2830229
parser.ECMAScript.6.size.bytes,1771319443893000000,1771319503893000000,7482509
parser.Groovy.size.bytes,1771319443893000000,1771319503893000000,7224
lexer.HTML.size.bytes,1771319443893000000,1771319503893000000,1261121
parser.Lombok.Config.time.ns,1771319443893000000,1771319503893000000,23266042
parser.XML.time.ns,1771319443893000000,1771319503893000000,607594374
parser.HTML.time.ns,1771319443893000000,1771319503893000000,2978252711
lexer.CSS.size.bytes,1771319443893000000,1771319503893000000,2830229
lexer.ECMAScript.6.time.ns,1771319443893000000,1771319503893000000,685403585
lexer.XML.time.ns,1771319443893000000,1771319503893000000,11307500
lexer.CSS.time.ns,1771319443893000000,1771319503893000000,1503853806
parser.Groovy.time.ns,1771319443893000000,1771319503893000000,2076848078
writeAction.wait.ms,1771319443893000000,1771319503893000000,0
lexer.ECMAScript.6.size.bytes,1771319443893000000,1771319503893000000,2061428
lexer.HTML.time.ns,1771319443893000000,1771319503893000000,4634303039
lexer.XML.size.bytes,1771319443893000000,1771319503893000000,6673
parser.HTML.size.bytes,1771319443893000000,1771319503893000000,1261121
parser.ECMAScript.6.time.ns,1771319443893000000,1771319503893000000,17825339571
parser.Lombok.Config.size.bytes,1771319443893000000,1771319503893000000,137
writeAction.max.wait.ms,1771319443893000000,1771319503893000000,3142
LowMemory.gcOverloaded,1771319443893000000,1771319503893000000,0
LowMemory.gcLoad,1771319443893000000,1771319503893000000,0.0
lexer.Groovy.time.ns,1771319443893000000,1771319503893000000,130098788
writeAction.median.wait.ms,1771319443893000000,1771319503893000000,3500
DiskQueryRelay.tasksRequested,1771319443893000000,1771319503893000000,22755
DiskQueryRelay.taskWaitingTotalTimeUs,1771319443893000000,1771319503893000000,23350100
parser.CSS.time.ns,1771319443893000000,1771319503893000000,8157465434
MEM.fileMappingsRamBytes,1771319443893000000,1771319503893000000,724725760
OS.loadAverage,1771319443893000000,1771319503893000000,10.97119140625
JVM.totalBytesAllocated,1771319443893000000,1771319503893000000,3488988432
JVM.GC.collections,1771319443893000000,1771319503893000000,8
JVM.GC.collectionTimesMs,1771319443893000000,1771319503893000000,1074
MEM.ramBytes,1771319443893000000,1771319503893000000,3443929088
JVM.maxHeapBytes,1771319443893000000,1771319503893000000,28840034304
JVM.usedNativeBytes,1771319443893000000,1771319503893000000,426105720
JVM.usedHeapBytes,1771319443893000000,1771319503893000000,569756464
JVM.totalTimeToSafepointsMs,1771319443893000000,1771319503893000000,218
JVM.totalDirectByteBuffersBytes,1771319443893000000,1771319503893000000,647649390
JVM.newThreadsCount,1771319443893000000,1771319503893000000,34
JVM.threadCount,1771319443893000000,1771319503893000000,77
JVM.maxThreadCount,1771319443893000000,1771319503893000000,186
MEM.ramMinusFileMappingsBytes,1771319443893000000,1771319503893000000,2719203328
JVM.totalTimeAtSafepointsMs,1771319443893000000,1771319503893000000,1285
JVM.committedHeapBytes,1771319443893000000,1771319503893000000,1241513984
MEM.ramPlusSwapMinusFileMappingsBytes,1771319443893000000,1771319503893000000,2719203328
JVM.totalSafepointCount,1771319443893000000,1771319503893000000,76
JVM.totalCpuTimeMs,1771319443893000000,1771319503893000000,275930
compiler.ArtifactManagerBridge.getArtifactsByType.ms,1771319443893000000,1771319503893000000,0
compiler.ArtifactManagerBridge.getArtifacts.ms,1771319443893000000,1771319503893000000,0
compiler.ArtifactVirtualFileListener.propertyChanged.ms,1771319443893000000,1771319503893000000,0
compiler.ArtifactManagerBridge.initBridges.ms,1771319443893000000,1771319503893000000,0
compiler.ArtifactManagerBridge.findArtifact.ms,1771319443893000000,1771319503893000000,0
compiler.ArtifactManagerBridge.commit.ms,1771319443893000000,1771319503893000000,0
compiler.ArtifactManagerBridge.dropMappings.ms,1771319443893000000,1771319503893000000,0
compiler.ArtifactVirtualFileListener.filePathChanged.ms,1771319443893000000,1771319503893000000,0
compiler.ArtifactManagerBridge.addArtifact.ms,1771319443893000000,1771319503893000000,0
Indexing.writer_1.totalTimeSpentWritingMs,1771319443893000000,1771319503893000000,6736
Indexing.writesQueuedAvg,1771319443893000000,1771319503893000000,640.5909090909091
Indexing.writesQueuedMax,1771319443893000000,1771319503893000000,1399
Indexing.writesQueuedMin,1771319443893000000,1771319503893000000,0
Indexing.cache.totalCacheEvicted,1771319443893000000,1771319503893000000,504455
Indexing.totalTimeIndexersSleptMs,1771319443893000000,1771319503893000000,111621
Indexing.writer_2.totalTimeSpentWritingMs,1771319443893000000,1771319503893000000,30799
Indexing.writer_0.totalTimeSpentWritingMs,1771319443893000000,1771319503893000000,9115
Indexing.cache.totalCacheMisses,1771319443893000000,1771319503893000000,570227
Indexing.cache.totalCacheAccesses,1771319443893000000,1771319503893000000,1142641
Indexing.writer_3.totalTimeSpentWritingMs,1771319443893000000,1771319503893000000,50887
VFS.contentStorage.recordsStored,1771319443893000000,1771319503893000000,21
VFS.contentStorage.recordsDeduplicated,1771319443893000000,1771319503893000000,9
VFS.cache.directoriesCreated,1771319443893000000,1771319503893000000,0
VFS.contentStorage.recordsReadDecompressed,1771319443893000000,1771319503893000000,10
VFS.invertedFileNameIndex.requests,1771319443893000000,1771319503893000000,0
VFS.cache.segmentsCreated,1771319443893000000,1771319503893000000,0
VFS.rootsCount,1771319443893000000,1771319503893000000,72.0
VFS.folderCaseSensitivityReads,1771319443893000000,1771319503893000000,0
VFS.contentStorage.recordsRead,1771319443893000000,1771319503893000000,21
FileNameCache.queries,1771319443893000000,1771319503893000000,796672
VFS.fileChildByName,1771319443893000000,1771319503893000000,1399
VFS.fileByIdCache.hits,1771319443893000000,1771319503893000000,0
VFS.contentStorage.recordsReadSize,1771319443893000000,1771319503893000000,828115
VFS.cache.filesCreated,1771319443893000000,1771319503893000000,1369
VFS.contentStorage.recordsUncompressedSize,1771319443893000000,1771319503893000000,7310
VFS.cache.segments,1771319443893000000,1771319503893000000,153.0
VFS.contentStorage.recordsStoredSize,1771319443893000000,1771319503893000000,7310
VFS.contentStorage.recordsStoredCompressed,1771319443893000000,1771319503893000000,0
VFS.fileByIdCache.misses,1771319443893000000,1771319503893000000,0
FileNameCache.totalMisses,1771319443893000000,1771319503893000000,6848
VFS.contentStorage.recordsDecompressionTimeUs,1771319443893000000,1771319503893000000,139575
DirectByteBufferAllocator.totalSizeOfBuffersCachedInBytes,1771319443893000000,1771319503893000000,1048576
FilePageCache.maxRegisteredFiles,1771319443893000000,1771319503893000000,1850
DirectByteBufferAllocator.totalSizeOfBuffersAllocatedInBytes,1771319443893000000,1771319503893000000,630194176
DirectByteBufferAllocator.hits,1771319443893000000,1771319503893000000,37
StreamlinedBlobStorage.recordsDeleted,1771319443893000000,1771319503893000000,343
StreamlinedBlobStorage.totalLiveRecordsPayloadBytes,1771319443893000000,1771319503893000000,1622829
FilePageCache.pageLoadsAboveSizeThreshold,1771319443893000000,1771319503893000000,37
FilePageCache.pageLoads,1771319443893000000,1771319503893000000,0
FileChannelInterruptsRetryer.totalRetriedAttempts,1771319443893000000,1771319503893000000,0
StorageLockContext.competingThreads.avg,1771319443893000000,1771319503893000000,0.5128205128205128
FilePageCache.pageFastCacheHits,1771319443893000000,1771319503893000000,1690690
FilePageCache.maxCacheSizeInBytes,1771319443893000000,1771319503893000000,629145600
StorageLockContext.competingThreads.90P,1771319443893000000,1771319503893000000,2
DirectByteBufferAllocator.misses,1771319443893000000,1771319503893000000,0
FilePageCache.pageHits,1771319443893000000,1771319503893000000,0
DirectByteBufferAllocator.reclaimed,1771319443893000000,1771319503893000000,37
FilePageCache.capacityInBytes,1771319443893000000,1771319503893000000,629145600
MappedFileStorage.totalTimeSpentOnMappingUs,1771319443893000000,1771319503893000000,2899130
DirectByteBufferAllocator.disposed,1771319443893000000,1771319503893000000,0
FilePageCache.disposedBuffers,1771319443893000000,1771319503893000000,37
MappedFileStorage.storages,1771319443893000000,1771319503893000000,16
FilePageCache.uncachedFileAccess,1771319443893000000,1771319503893000000,159
StreamlinedBlobStorage.recordsRelocated,1771319443893000000,1771319503893000000,0
FilePageCache.totalPageLoadsUs,1771319443893000000,1771319503893000000,127234
StorageLockContext.competingThreads.max,1771319443893000000,1771319503893000000,3
MappedFileStorage.totalPagesMapped,1771319443893000000,1771319503893000000,16
StreamlinedBlobStorage.recordsAllocated,1771319443893000000,1771319503893000000,37136
FilePageCache.totalPageDisposalsUs,1771319443893000000,1771319503893000000,6288
MappedFileStorage.totalBytesMapped,1771319443893000000,1771319503893000000,202637312
StreamlinedBlobStorage.totalLiveRecordsCapacityBytes,1771319443893000000,1771319503893000000,3090294
jps.library.entities.serializer.save.entities.ms,1771319443893000000,1771319503893000000,0
workspaceModel.mutableEntityStorage.entities.by.source.ms,1771319443893000000,1771319503893000000,0
jps.module.dependency.index.workspace.model.listener.on.changed.ms,1771319443893000000,1771319503893000000,0
workspaceModel.mutableEntityStorage.changeLog.addReplaceEventForRemovedChild.ms,1771319443893000000,1771319503893000000,0
jps.global.initialize.library.bridges.ms,1771319443893000000,1771319503893000000,0
workspaceModel.moduleBridgeLoader.loading.modules.ms,1771319443893000000,1771319503893000000,0
jps.save.changed.project.entities.ms,1771319443893000000,1771319503893000000,0
jps.storage.jps.conf.reader.load.component.ms,1771319443893000000,1771319503893000000,0
jps.global.handle.changed.events.ms,1771319443893000000,1771319503893000000,0
jps.global.initialize.library.bridges.after.loading.ms,1771319443893000000,1771319503893000000,0
workspaceModel.mutableEntityStorage.resolve.ms,1771319443893000000,1771319503893000000,0
jps.global.handle.before.change.events.ms,1771319443893000000,1771319503893000000,0
workspaceModel.mutableEntityStorage.apply.changes.from.ms,1771319443893000000,1771319503893000000,0
workspaceModel.mutableEntityStorage.instances.count,1771319443893000000,1771319503893000000,0
jps.global.get.library.ms,1771319443893000000,1771319503893000000,0
jps.load.initial.state.ms,1771319443893000000,1771319503893000000,0
workspaceModel.mutableEntityStorage.collect.changes.ms,1771319443893000000,1771319503893000000,0
workspaceModel.load.cache.metadata.from.file.ms,1771319443893000000,1771319503893000000,0
workspaceModel.sync.entities.ms,1771319443893000000,1771319503893000000,0
workspaceModel.mutableEntityStorage.replace.by.source.ms,1771319443893000000,1771319503893000000,0
workspaceModel.mutableEntityStorage.hasReferrers.ms,1771319443893000000,1771319503893000000,0
workspaceModel.orphan.listener.update.ms,1771319443893000000,1771319503893000000,0
jps.global.get.libraries.ms,1771319443893000000,1771319503893000000,0
workspaceModel.save.cache.to.file.ms,1771319443893000000,1771319503893000000,0
workspaceModel.global.apply.state.to.project.ms,1771319443893000000,1771319503893000000,0
jps.apply.loaded.storage.ms,1771319443893000000,1771319503893000000,0
jps.reload.project.entities.ms,1771319443893000000,1771319503893000000,0
jps.artifact.entities.serializer.save.entities.ms,1771319443893000000,1771319503893000000,0
workspaceModel.moduleManagerBridge.new.nonPersistent.module.ms,1771319443893000000,1771319503893000000,0
jps.save.global.entities.ms,1771319443893000000,1771319503893000000,0
workspaceModel.moduleManagerBridge.create.module.instance.ms,1771319443893000000,1771319503893000000,0
jps.modifiable.module.model.bridge.new.module.ms,1771319443893000000,1771319503893000000,0
workspaceModel.mutableEntityStorage.mutable.ext.mapping.ms,1771319443893000000,1771319503893000000,0
workspaceModel.mutableEntityStorage.remove.entity.ms,1771319443893000000,1771319503893000000,0
workspaceModel.moduleBridge.facet.initialization.ms,1771319443893000000,1771319503893000000,0
workspaceModel.mutableEntityStorage.changeLog.addReplaceEventForRemovedParent.ms,1771319443893000000,1771319503893000000,0
jps.facet.change.listener.init.bridge.ms,1771319443893000000,1771319503893000000,0
workspaceModel.mutableEntityStorage.modify.entity.ms,1771319443893000000,1771319503893000000,0
workspaceModel.moduleManagerBridge.set.unloadedModules.ms,1771319443893000000,1771319503893000000,0
workspaceModel.mutableEntityStorage.add.entity.ms,1771319443893000000,1771319503893000000,0
workspaceModel.delayed.project.synchronizer.sync.ms,1771319443893000000,1771319503893000000,0
workspaceModel.mutableEntityStorage.changeLog.addReplaceEventForNewChild.ms,1771319443893000000,1771319503893000000,0
jps.facet.change.listener.before.change.events.ms,1771319443893000000,1771319503893000000,0
workspaceModel.global.updates.count,1771319443893000000,1771319503893000000,0
jps.module.iml.entities.serializer.load.entities.ms,1771319443893000000,1771319503893000000,0
workspaceModel.mutableEntityStorage.changeLog.addReplaceEventForNewParent.ms,1771319443893000000,1771319503893000000,0
jps.module.iml.entities.serializer.save.entities.ms,1771319443893000000,1771319503893000000,0
workspaceModel.moduleManagerBridge.newModule.ms,1771319443893000000,1771319503893000000,0
jps.artifact.entities.serializer.load.entities.ms,1771319443893000000,1771319503893000000,0
jps.modifiable.module.model.bridge.disposing.ms,1771319443893000000,1771319503893000000,0
workspaceModel.moduleManagerBridge.get.modules.ms,1771319443893000000,1771319503893000000,0
jps.project.serializers.load.ms,1771319443893000000,1771319503893000000,0
jps.load.project.to.empty.storage.ms,1771319443893000000,1771319503893000000,0
workspaceModel.mutableEntityStorage.mutable.vfurl.index.ms,1771319443893000000,1771319503893000000,0
workspaceModel.moduleManagerBridge.build.module.graph.ms,1771319443893000000,1771319503893000000,0
jps.global.get.library.by.name.ms,1771319443893000000,1771319503893000000,0
workspaceModel.mutableEntityStorage.entities.ms,1771319443893000000,1771319503893000000,0
workspaceModel.load.cache.from.file.ms,1771319443893000000,1771319503893000000,0
workspaceModel.mutableEntityStorage.put.entity.ms,1771319443893000000,1771319503893000000,0
jps.library.entities.serializer.load.entities.ms,1771319443893000000,1771319503893000000,0
jps.modifiable.module.model.bridge.renaming.ms,1771319443893000000,1771319503893000000,0
workspaceModel.do.save.caches.ms,1771319443893000000,1771319503893000000,0
jps.project.serializers.save.ms,1771319443893000000,1771319503893000000,0
jps.app.storage.content.reader.load.component.ms,1771319443893000000,1771319503893000000,0
workspaceModel.mutableEntityStorage.referrers.ms,1771319443893000000,1771319503893000000,0
jps.facet.change.listener.process.change.events.ms,1771319443893000000,1771319503893000000,0
workspaceModel.global.updates.ms,1771319443893000000,1771319503893000000,0
workspaceModel.moduleBridge.before.changed.ms,1771319443893000000,1771319503893000000,0
workspaceModel.global.apply.state.to.project.builder.ms,1771319443893000000,1771319503893000000,0
workspaceModel.moduleBridge.update.option.ms,1771319443893000000,1771319503893000000,0
workspaceModel.moduleManagerBridge.load.all.modules.ms,1771319443893000000,1771319503893000000,0
workspaceModel.mutableEntityStorage.has.same.entities.ms,1771319443893000000,1771319503893000000,0
workspaceModel.mutableEntityStorage.to.snapshot.ms,1771319443893000000,1771319503893000000,0
jps.modifiable.module.model.bridge.load.module.ms,1771319443893000000,1771319503893000000,0
workspaceModel.moduleManagerBridge.load.module.ms,1771319443893000000,1771319503893000000,0
workspaceModel.update.unloaded.entities.ms,1771319443893000000,1771319503893000000,0
workspaceModel.initializing.ms,1771319443893000000,1771319503893000000,0
workspaceModel.on.before.changed.ms,1771319443893000000,1771319503893000000,0
workspaceModel.cachedValue.clear.count,1771319443893000000,1771319503893000000,0
workspaceModel.cachedValue.calculated.count,1771319443893000000,1771319503893000000,0
workspaceModel.on.changed.ms,1771319443893000000,1771319503893000000,0
workspaceModel.cachedValueWithParameters.calculated.count,1771319443893000000,1771319503893000000,0
workspaceModel.workspaceFileIndexData.markDirty.ms,1771319443893000000,1771319503893000000,0
workspaceModel.cachedValueWithParameters.from.cache.count,1771319443893000000,1771319503893000000,0
workspaceModel.workspaceFileIndexData.getFileInfo.ms,1771319443893000000,1771319503893000000,1435
workspaceModel.workspaceFileIndexData.getPackageName.ms,1771319443893000000,1771319503893000000,0
workspaceModel.cachedValueWithParameters.total.get.count,1771319443893000000,1771319503893000000,0
workspaceModel.replace.project.model.ms,1771319443893000000,1771319503893000000,0
workspaceModel.full.replace.project.model.ms,1771319443893000000,1771319503893000000,0
workspaceModel.to.snapshot.ms,1771319443893000000,1771319503893000000,0
workspaceModel.cachedValue.total.get.count,1771319443893000000,1771319503893000000,744
workspaceModel.loading.total.ms,1771319443893000000,1771319503893000000,0
workspaceModel.workspaceFileIndexData.processFileSets.ms,1771319443893000000,1771319503893000000,0
workspaceModel.loading.from.cache.ms,1771319443893000000,1771319503893000000,0
workspaceModel.pre.handlers.ms,1771319443893000000,1771319503893000000,0
workspaceModel.updates.count,1771319443893000000,1771319503893000000,0
workspaceModel.workspaceFileIndexContributor.registerFileSets.ms,1771319443893000000,1771319503893000000,0
workspaceModel.updates.precise.ms,1771319443893000000,1771319503893000000,0
workspaceModel.cachedValueWithParameters.clear.count,1771319443893000000,1771319503893000000,0
workspaceModel.updates.ms,1771319443893000000,1771319503893000000,0
workspaceModel.workspaceFileIndexData.onEntitiesChanged.ms,1771319443893000000,1771319503893000000,0
workspaceModel.entityStorageSnapshotImpl.instances.count,1771319443893000000,1771319503893000000,0
workspaceModel.workspaceFileIndexData.init.ms,1771319443893000000,1771319503893000000,0
workspaceModel.check.recursive.update.ms,1771319443893000000,1771319503893000000,0
workspaceModel.init.bridges.ms,1771319443893000000,1771319503893000000,0
workspaceModel.workspaceFileIndexData.instances.count,1771319443893000000,1771319503893000000,0
workspaceModel.workspaceFileIndexData.updateDirtyEntities.ms,1771319443893000000,1771319503893000000,0
workspaceModel.cachedValue.from.cache.count,1771319443893000000,1771319503893000000,744
workspaceModel.collect.changes.ms,1771319443893000000,1771319503893000000,0
workspaceModel.workspaceFileIndexData.getDirectoriesByPackageName.ms,1771319443893000000,1771319503893000000,0
workspaceModel.workspaceFileIndexData.visitFileSets.ms,1771319443893000000,1771319503893000000,0
cacheStateStorage.set.duration,1771319443893000000,1771319503893000000,0
cacheStateStorage.set.counter,1771319443893000000,1771319503893000000,0
cacheStateStorage.get.counter,1771319443893000000,1771319503893000000,0
cacheStateStorage.get.duration,1771319443893000000,1771319503893000000,0
AWTEventQueue.dispatchTimeTotalNS,1771319503893000000,1771319563908000000,11575383780
AWTEventQueue.dispatchTime90PNs,1771319503893000000,1771319563908000000,2342911
FlushQueue.waitingTime90PNs,1771319503893000000,1771319563908000000,140509183
FlushQueue.executionTimeAvgNs,1771319503893000000,1771319563908000000,2613531.4087816947
NonBlockingReadAction.failedExecutionsCount,1771319503893000000,1771319563908000000,0
FlushQueue.queueSizeAvg,1771319503893000000,1771319563908000000,13.57730364873222
FlushQueue.executionTimeMaxNs,1771319503893000000,1771319563908000000,784334847
FlushQueue.waitingTimeAvgNs,1771319503893000000,1771319563908000000,4.594620063327149E7
FlushQueue.executionTime90PNs,1771319503893000000,1771319563908000000,1212415
AWTEventQueue.dispatchTimeMaxNs,1771319503893000000,1771319563908000000,897581055
NonBlockingReadAction.finalizedExecutionTimeUs,1771319503893000000,1771319563908000000,1584908
FlushQueue.queueSizeMax,1771319503893000000,1771319563908000000,196
AWTEventQueue.dispatchTimeAvgNs,1771319503893000000,1771319563908000000,3264232.891396333
WriteAction.executionsCount,1771319503893000000,1771319563908000000,13
FlushQueue.queueSize90P,1771319503893000000,1771319563908000000,40
FlushQueue.waitingTimeMaxNs,1771319503893000000,1771319563908000000,947912703
FlushQueue.tasksExecuted,1771319503893000000,1771319563908000000,3234
NonBlockingReadAction.failedExecutionTimeUs,1771319503893000000,1771319563908000000,0
NonBlockingReadAction.finalizedExecutionsCount,1771319503893000000,1771319563908000000,68
ReadAction.executionsCount,1771319503893000000,1771319563908000000,84572
AWTEventQueue.eventsDispatched,1771319503893000000,1771319563908000000,3545
lexer.JAVA.size.bytes,1771319503893000000,1771319563908000000,122002
writeAction.count,1771319503893000000,1771319563908000000,14
DiskQueryRelay.tasksExecuted,1771319503893000000,1771319563908000000,2999
DiskQueryRelay.taskExecutionTotalTimeUs,1771319503893000000,1771319563908000000,2223513
parser.CSS.size.bytes,1771319503893000000,1771319563908000000,2697538
lexer.CSS.size.bytes,1771319503893000000,1771319563908000000,2697538
lexer.CSS.time.ns,1771319503893000000,1771319563908000000,951806790
lexer.JAVA.time.ns,1771319503893000000,1771319563908000000,205155507
writeAction.wait.ms,1771319503893000000,1771319563908000000,382
parser.JAVA.time.ns,1771319503893000000,1771319563908000000,3069573628
parser.JAVA.size.bytes,1771319503893000000,1771319563908000000,180958
writeAction.max.wait.ms,1771319503893000000,1771319563908000000,3142
LowMemory.gcOverloaded,1771319503893000000,1771319563908000000,0
LowMemory.gcLoad,1771319503893000000,1771319563908000000,0.0
writeAction.median.wait.ms,1771319503893000000,1771319563908000000,4100
DiskQueryRelay.tasksRequested,1771319503893000000,1771319563908000000,2999
DiskQueryRelay.taskWaitingTotalTimeUs,1771319503893000000,1771319563908000000,2461391
parser.CSS.time.ns,1771319503893000000,1771319563908000000,3079954069
MEM.fileMappingsRamBytes,1771319503893000000,1771319563908000000,762646528
OS.loadAverage,1771319503893000000,1771319563908000000,9.36572265625
JVM.totalBytesAllocated,1771319503893000000,1771319563908000000,882921408
JVM.GC.collections,1771319503893000000,1771319563908000000,1
JVM.GC.collectionTimesMs,1771319503893000000,1771319563908000000,214
MEM.ramBytes,1771319503893000000,1771319563908000000,3517399040
JVM.maxHeapBytes,1771319503893000000,1771319563908000000,28840034304
JVM.usedNativeBytes,1771319503893000000,1771319563908000000,465760704
JVM.usedHeapBytes,1771319503893000000,1771319563908000000,774408280
JVM.totalTimeToSafepointsMs,1771319503893000000,1771319563908000000,105
JVM.totalDirectByteBuffersBytes,1771319503893000000,1771319563908000000,646579665
JVM.newThreadsCount,1771319503893000000,1771319563908000000,6
JVM.threadCount,1771319503893000000,1771319563908000000,71
JVM.maxThreadCount,1771319503893000000,1771319563908000000,186
MEM.ramMinusFileMappingsBytes,1771319503893000000,1771319563908000000,2754752512
JVM.totalTimeAtSafepointsMs,1771319503893000000,1771319563908000000,315
JVM.committedHeapBytes,1771319503893000000,1771319563908000000,1241513984
MEM.ramPlusSwapMinusFileMappingsBytes,1771319503893000000,1771319563908000000,2754752512
JVM.totalSafepointCount,1771319503893000000,1771319563908000000,59
JVM.totalCpuTimeMs,1771319503893000000,1771319563908000000,123720
compiler.ArtifactManagerBridge.getArtifactsByType.ms,1771319503893000000,1771319563908000000,0
compiler.ArtifactManagerBridge.getArtifacts.ms,1771319503893000000,1771319563908000000,0
compiler.ArtifactVirtualFileListener.propertyChanged.ms,1771319503893000000,1771319563908000000,0
compiler.ArtifactManagerBridge.initBridges.ms,1771319503893000000,1771319563908000000,0
compiler.ArtifactManagerBridge.findArtifact.ms,1771319503893000000,1771319563908000000,0
compiler.ArtifactManagerBridge.commit.ms,1771319503893000000,1771319563908000000,0
compiler.ArtifactManagerBridge.dropMappings.ms,1771319503893000000,1771319563908000000,0
compiler.ArtifactVirtualFileListener.filePathChanged.ms,1771319503893000000,1771319563908000000,0
compiler.ArtifactManagerBridge.addArtifact.ms,1771319503893000000,1771319563908000000,0
Indexing.writer_1.totalTimeSpentWritingMs,1771319503893000000,1771319563908000000,898
Indexes.allKeys.lookups,1771319503893000000,1771319563908000000,2
Indexes.entries.lookupDurationAvgMs,1771319503893000000,1771319563908000000,39.642857142857146
Indexing.writesQueuedMax,1771319503893000000,1771319563908000000,1392
Indexes.stubs.lookupDurationMaxMs,1771319503893000000,1771319563908000000,74.0
Indexing.cache.totalCacheEvicted,1771319503893000000,1771319563908000000,144978
Indexes.entries.lookupDuration90PMs,1771319503893000000,1771319563908000000,139.0
Indexing.cache.totalCacheAccesses,1771319503893000000,1771319563908000000,50282
Indexes.stubs.lookupDuration90PMs,1771319503893000000,1771319563908000000,1.0
Indexes.entries.lookups,1771319503893000000,1771319563908000000,14
Indexing.writer_3.totalTimeSpentWritingMs,1771319503893000000,1771319563908000000,3894
Indexes.allKeys.lookupDurationAvgMs,1771319503893000000,1771319563908000000,79.0
Indexes.allKeys.lookupDurationMaxMs,1771319503893000000,1771319563908000000,130.0
Indexing.writesQueuedAvg,1771319503893000000,1771319563908000000,61.666666666666664
Indexes.stubs.lookupDurationAvgMs,1771319503893000000,1771319563908000000,0.5390898483080513
Indexing.writesQueuedMin,1771319503893000000,1771319563908000000,0
Indexing.totalTimeIndexersSleptMs,1771319503893000000,1771319563908000000,22936
Indexing.writer_2.totalTimeSpentWritingMs,1771319503893000000,1771319563908000000,2144
Indexing.writer_0.totalTimeSpentWritingMs,1771319503893000000,1771319563908000000,644
Indexes.entries.lookupDurationMaxMs,1771319503893000000,1771319563908000000,281.0
Indexing.cache.totalCacheMisses,1771319503893000000,1771319563908000000,42656
Indexes.allKeys.lookupDuration90PMs,1771319503893000000,1771319563908000000,130.0
Indexes.stubs.lookups,1771319503893000000,1771319563908000000,2571
VFS.contentStorage.recordsStored,1771319503893000000,1771319563908000000,0
VFS.contentStorage.recordsDeduplicated,1771319503893000000,1771319563908000000,0
VFS.cache.directoriesCreated,1771319503893000000,1771319563908000000,41
VFS.contentStorage.recordsReadDecompressed,1771319503893000000,1771319563908000000,0
VFS.invertedFileNameIndex.requests,1771319503893000000,1771319563908000000,12
VFS.cache.segmentsCreated,1771319503893000000,1771319563908000000,0
VFS.rootsCount,1771319503893000000,1771319563908000000,73.0
VFS.folderCaseSensitivityReads,1771319503893000000,1771319563908000000,0
VFS.contentStorage.recordsRead,1771319503893000000,1771319563908000000,0
FileNameCache.queries,1771319503893000000,1771319563908000000,101632
VFS.fileChildByName,1771319503893000000,1771319563908000000,565
VFS.fileByIdCache.hits,1771319503893000000,1771319563908000000,0
VFS.contentStorage.recordsReadSize,1771319503893000000,1771319563908000000,0
VFS.cache.filesCreated,1771319503893000000,1771319563908000000,35146
VFS.contentStorage.recordsUncompressedSize,1771319503893000000,1771319563908000000,0
VFS.cache.segments,1771319503893000000,1771319563908000000,153.0
VFS.contentStorage.recordsStoredSize,1771319503893000000,1771319563908000000,0
VFS.contentStorage.recordsStoredCompressed,1771319503893000000,1771319563908000000,0
VFS.fileByIdCache.misses,1771319503893000000,1771319563908000000,21
FileNameCache.totalMisses,1771319503893000000,1771319563908000000,704
VFS.contentStorage.recordsDecompressionTimeUs,1771319503893000000,1771319563908000000,0
DirectByteBufferAllocator.totalSizeOfBuffersCachedInBytes,1771319503893000000,1771319563908000000,1048576
FilePageCache.maxRegisteredFiles,1771319503893000000,1771319563908000000,1850
DirectByteBufferAllocator.totalSizeOfBuffersAllocatedInBytes,1771319503893000000,1771319563908000000,630194176
DirectByteBufferAllocator.hits,1771319503893000000,1771319563908000000,251
StreamlinedBlobStorage.recordsDeleted,1771319503893000000,1771319563908000000,1
StreamlinedBlobStorage.totalLiveRecordsPayloadBytes,1771319503893000000,1771319563908000000,331797
FilePageCache.pageLoadsAboveSizeThreshold,1771319503893000000,1771319563908000000,251
FilePageCache.pageLoads,1771319503893000000,1771319563908000000,0
FileChannelInterruptsRetryer.totalRetriedAttempts,1771319503893000000,1771319563908000000,0
StorageLockContext.competingThreads.avg,1771319503893000000,1771319563908000000,0.03361344537815126
FilePageCache.pageFastCacheHits,1771319503893000000,1771319563908000000,777562
FilePageCache.maxCacheSizeInBytes,1771319503893000000,1771319563908000000,629145600
StorageLockContext.competingThreads.90P,1771319503893000000,1771319563908000000,0
DirectByteBufferAllocator.misses,1771319503893000000,1771319563908000000,0
FilePageCache.pageHits,1771319503893000000,1771319563908000000,0
DirectByteBufferAllocator.reclaimed,1771319503893000000,1771319563908000000,251
FilePageCache.capacityInBytes,1771319503893000000,1771319563908000000,629145600
MappedFileStorage.totalTimeSpentOnMappingUs,1771319503893000000,1771319563908000000,2899130
DirectByteBufferAllocator.disposed,1771319503893000000,1771319563908000000,0
FilePageCache.disposedBuffers,1771319503893000000,1771319563908000000,251
MappedFileStorage.storages,1771319503893000000,1771319563908000000,16
FilePageCache.uncachedFileAccess,1771319503893000000,1771319563908000000,635
StreamlinedBlobStorage.recordsRelocated,1771319503893000000,1771319563908000000,0
FilePageCache.totalPageLoadsUs,1771319503893000000,1771319563908000000,251068
StorageLockContext.competingThreads.max,1771319503893000000,1771319563908000000,1
MappedFileStorage.totalPagesMapped,1771319503893000000,1771319563908000000,16
StreamlinedBlobStorage.recordsAllocated,1771319503893000000,1771319563908000000,6433
FilePageCache.totalPageDisposalsUs,1771319503893000000,1771319563908000000,7641
MappedFileStorage.totalBytesMapped,1771319503893000000,1771319563908000000,202637312
StreamlinedBlobStorage.totalLiveRecordsCapacityBytes,1771319503893000000,1771319563908000000,570829
jps.library.entities.serializer.save.entities.ms,1771319503893000000,1771319563908000000,0
workspaceModel.mutableEntityStorage.entities.by.source.ms,1771319503893000000,1771319563908000000,3
jps.module.dependency.index.workspace.model.listener.on.changed.ms,1771319503893000000,1771319563908000000,10
workspaceModel.mutableEntityStorage.changeLog.addReplaceEventForRemovedChild.ms,1771319503893000000,1771319563908000000,1
jps.global.initialize.library.bridges.ms,1771319503893000000,1771319563908000000,0
workspaceModel.moduleBridgeLoader.loading.modules.ms,1771319503893000000,1771319563908000000,0
jps.save.changed.project.entities.ms,1771319503893000000,1771319563908000000,0
jps.storage.jps.conf.reader.load.component.ms,1771319503893000000,1771319563908000000,0
jps.global.handle.changed.events.ms,1771319503893000000,1771319563908000000,0
jps.global.initialize.library.bridges.after.loading.ms,1771319503893000000,1771319563908000000,0
workspaceModel.mutableEntityStorage.resolve.ms,1771319503893000000,1771319563908000000,10
jps.global.handle.before.change.events.ms,1771319503893000000,1771319563908000000,0
workspaceModel.mutableEntityStorage.apply.changes.from.ms,1771319503893000000,1771319563908000000,0
workspaceModel.mutableEntityStorage.instances.count,1771319503893000000,1771319563908000000,15
jps.global.get.library.ms,1771319503893000000,1771319563908000000,0
jps.load.initial.state.ms,1771319503893000000,1771319563908000000,0
workspaceModel.mutableEntityStorage.collect.changes.ms,1771319503893000000,1771319563908000000,3
workspaceModel.load.cache.metadata.from.file.ms,1771319503893000000,1771319563908000000,0
workspaceModel.sync.entities.ms,1771319503893000000,1771319563908000000,0
workspaceModel.mutableEntityStorage.replace.by.source.ms,1771319503893000000,1771319563908000000,79
workspaceModel.mutableEntityStorage.hasReferrers.ms,1771319503893000000,1771319563908000000,0
workspaceModel.orphan.listener.update.ms,1771319503893000000,1771319563908000000,57
jps.global.get.libraries.ms,1771319503893000000,1771319563908000000,2
workspaceModel.save.cache.to.file.ms,1771319503893000000,1771319563908000000,0
workspaceModel.global.apply.state.to.project.ms,1771319503893000000,1771319563908000000,0
jps.apply.loaded.storage.ms,1771319503893000000,1771319563908000000,0
jps.reload.project.entities.ms,1771319503893000000,1771319563908000000,0
jps.artifact.entities.serializer.save.entities.ms,1771319503893000000,1771319563908000000,0
workspaceModel.moduleManagerBridge.new.nonPersistent.module.ms,1771319503893000000,1771319563908000000,0
jps.save.global.entities.ms,1771319503893000000,1771319563908000000,0
workspaceModel.moduleManagerBridge.create.module.instance.ms,1771319503893000000,1771319563908000000,0
jps.modifiable.module.model.bridge.new.module.ms,1771319503893000000,1771319563908000000,0
workspaceModel.mutableEntityStorage.mutable.ext.mapping.ms,1771319503893000000,1771319563908000000,0
workspaceModel.mutableEntityStorage.remove.entity.ms,1771319503893000000,1771319563908000000,4
workspaceModel.moduleBridge.facet.initialization.ms,1771319503893000000,1771319563908000000,0
workspaceModel.mutableEntityStorage.changeLog.addReplaceEventForRemovedParent.ms,1771319503893000000,1771319563908000000,0
jps.facet.change.listener.init.bridge.ms,1771319503893000000,1771319563908000000,1
workspaceModel.mutableEntityStorage.modify.entity.ms,1771319503893000000,1771319563908000000,156
workspaceModel.moduleManagerBridge.set.unloadedModules.ms,1771319503893000000,1771319563908000000,0
workspaceModel.mutableEntityStorage.add.entity.ms,1771319503893000000,1771319563908000000,179
workspaceModel.delayed.project.synchronizer.sync.ms,1771319503893000000,1771319563908000000,0
workspaceModel.mutableEntityStorage.changeLog.addReplaceEventForNewChild.ms,1771319503893000000,1771319563908000000,2
jps.facet.change.listener.before.change.events.ms,1771319503893000000,1771319563908000000,1
workspaceModel.global.updates.count,1771319503893000000,1771319563908000000,0
jps.module.iml.entities.serializer.load.entities.ms,1771319503893000000,1771319563908000000,0
workspaceModel.mutableEntityStorage.changeLog.addReplaceEventForNewParent.ms,1771319503893000000,1771319563908000000,1
jps.module.iml.entities.serializer.save.entities.ms,1771319503893000000,1771319563908000000,0
workspaceModel.moduleManagerBridge.newModule.ms,1771319503893000000,1771319563908000000,0
jps.artifact.entities.serializer.load.entities.ms,1771319503893000000,1771319563908000000,0
jps.modifiable.module.model.bridge.disposing.ms,1771319503893000000,1771319563908000000,0
workspaceModel.moduleManagerBridge.get.modules.ms,1771319503893000000,1771319563908000000,0
jps.project.serializers.load.ms,1771319503893000000,1771319563908000000,0
jps.load.project.to.empty.storage.ms,1771319503893000000,1771319563908000000,0
workspaceModel.mutableEntityStorage.mutable.vfurl.index.ms,1771319503893000000,1771319563908000000,0
workspaceModel.moduleManagerBridge.build.module.graph.ms,1771319503893000000,1771319563908000000,0
jps.global.get.library.by.name.ms,1771319503893000000,1771319563908000000,0
workspaceModel.mutableEntityStorage.entities.ms,1771319503893000000,1771319563908000000,3
workspaceModel.load.cache.from.file.ms,1771319503893000000,1771319563908000000,0
workspaceModel.mutableEntityStorage.put.entity.ms,1771319503893000000,1771319563908000000,71
jps.library.entities.serializer.load.entities.ms,1771319503893000000,1771319563908000000,0
jps.modifiable.module.model.bridge.renaming.ms,1771319503893000000,1771319563908000000,0
workspaceModel.do.save.caches.ms,1771319503893000000,1771319563908000000,0
jps.project.serializers.save.ms,1771319503893000000,1771319563908000000,0
jps.app.storage.content.reader.load.component.ms,1771319503893000000,1771319563908000000,0
workspaceModel.mutableEntityStorage.referrers.ms,1771319503893000000,1771319563908000000,0
jps.facet.change.listener.process.change.events.ms,1771319503893000000,1771319563908000000,1
workspaceModel.global.updates.ms,1771319503893000000,1771319563908000000,0
workspaceModel.moduleBridge.before.changed.ms,1771319503893000000,1771319563908000000,0
workspaceModel.global.apply.state.to.project.builder.ms,1771319503893000000,1771319563908000000,0
workspaceModel.moduleBridge.update.option.ms,1771319503893000000,1771319563908000000,0
workspaceModel.moduleManagerBridge.load.all.modules.ms,1771319503893000000,1771319563908000000,0
workspaceModel.mutableEntityStorage.has.same.entities.ms,1771319503893000000,1771319563908000000,0
workspaceModel.mutableEntityStorage.to.snapshot.ms,1771319503893000000,1771319563908000000,22
jps.modifiable.module.model.bridge.load.module.ms,1771319503893000000,1771319563908000000,0
workspaceModel.moduleManagerBridge.load.module.ms,1771319503893000000,1771319563908000000,0
workspaceModel.update.unloaded.entities.ms,1771319503893000000,1771319563908000000,0
workspaceModel.initializing.ms,1771319503893000000,1771319563908000000,33
workspaceModel.on.before.changed.ms,1771319503893000000,1771319563908000000,21
workspaceModel.cachedValue.clear.count,1771319503893000000,1771319563908000000,0
workspaceModel.cachedValue.calculated.count,1771319503893000000,1771319563908000000,35
workspaceModel.on.changed.ms,1771319503893000000,1771319563908000000,213
workspaceModel.cachedValueWithParameters.calculated.count,1771319503893000000,1771319563908000000,0
workspaceModel.workspaceFileIndexData.markDirty.ms,1771319503893000000,1771319563908000000,0
workspaceModel.cachedValueWithParameters.from.cache.count,1771319503893000000,1771319563908000000,0
workspaceModel.workspaceFileIndexData.getFileInfo.ms,1771319503893000000,1771319563908000000,723
workspaceModel.workspaceFileIndexData.getPackageName.ms,1771319503893000000,1771319563908000000,0
workspaceModel.cachedValueWithParameters.total.get.count,1771319503893000000,1771319563908000000,0
workspaceModel.replace.project.model.ms,1771319503893000000,1771319563908000000,0
workspaceModel.full.replace.project.model.ms,1771319503893000000,1771319563908000000,0
workspaceModel.to.snapshot.ms,1771319503893000000,1771319563908000000,4
workspaceModel.cachedValue.total.get.count,1771319503893000000,1771319563908000000,406
workspaceModel.loading.total.ms,1771319503893000000,1771319563908000000,0
workspaceModel.workspaceFileIndexData.processFileSets.ms,1771319503893000000,1771319563908000000,0
workspaceModel.loading.from.cache.ms,1771319503893000000,1771319563908000000,0
workspaceModel.pre.handlers.ms,1771319503893000000,1771319563908000000,4
workspaceModel.updates.count,1771319503893000000,1771319563908000000,3
workspaceModel.workspaceFileIndexContributor.registerFileSets.ms,1771319503893000000,1771319563908000000,14
workspaceModel.updates.precise.ms,1771319503893000000,1771319563908000000,113
workspaceModel.cachedValueWithParameters.clear.count,1771319503893000000,1771319563908000000,0
workspaceModel.updates.ms,1771319503893000000,1771319563908000000,421
workspaceModel.workspaceFileIndexData.onEntitiesChanged.ms,1771319503893000000,1771319563908000000,30
workspaceModel.entityStorageSnapshotImpl.instances.count,1771319503893000000,1771319563908000000,11
workspaceModel.workspaceFileIndexData.init.ms,1771319503893000000,1771319563908000000,0
workspaceModel.check.recursive.update.ms,1771319503893000000,1771319563908000000,24
workspaceModel.init.bridges.ms,1771319503893000000,1771319563908000000,33
workspaceModel.workspaceFileIndexData.instances.count,1771319503893000000,1771319563908000000,0
workspaceModel.workspaceFileIndexData.updateDirtyEntities.ms,1771319503893000000,1771319563908000000,0
workspaceModel.cachedValue.from.cache.count,1771319503893000000,1771319563908000000,371
workspaceModel.collect.changes.ms,1771319503893000000,1771319563908000000,0
workspaceModel.workspaceFileIndexData.getDirectoriesByPackageName.ms,1771319503893000000,1771319563908000000,0
workspaceModel.workspaceFileIndexData.visitFileSets.ms,1771319503893000000,1771319563908000000,110
cacheStateStorage.set.duration,1771319503893000000,1771319563908000000,0
cacheStateStorage.set.counter,1771319503893000000,1771319563908000000,0
cacheStateStorage.get.counter,1771319503893000000,1771319563908000000,0
cacheStateStorage.get.duration,1771319503893000000,1771319563908000000,0
AWTEventQueue.dispatchTimeTotalNS,1771319563908000000,1771319623908000000,20451463561
AWTEventQueue.dispatchTime90PNs,1771319563908000000,1771319623908000000,23068671
FlushQueue.waitingTime90PNs,1771319563908000000,1771319623908000000,1283457023
FlushQueue.executionTimeAvgNs,1771319563908000000,1771319623908000000,1.514579293090909E8
NonBlockingReadAction.failedExecutionsCount,1771319563908000000,1771319623908000000,15
FlushQueue.queueSizeAvg,1771319563908000000,1771319623908000000,16.875862068965517
FlushQueue.executionTimeMaxNs,1771319563908000000,1771319623908000000,227633266687
FlushQueue.waitingTimeAvgNs,1771319563908000000,1771319623908000000,3.489051384075235E8
FlushQueue.executionTime90PNs,1771319563908000000,1771319623908000000,2850815
AWTEventQueue.dispatchTimeMaxNs,1771319563908000000,1771319623908000000,2214592511
NonBlockingReadAction.finalizedExecutionTimeUs,1771319563908000000,1771319623908000000,1436135
FlushQueue.queueSizeMax,1771319563908000000,1771319623908000000,114
AWTEventQueue.dispatchTimeAvgNs,1771319563908000000,1771319623908000000,3.075213550676692E7
WriteAction.executionsCount,1771319563908000000,1771319623908000000,30
FlushQueue.queueSize90P,1771319563908000000,1771319623908000000,53
FlushQueue.waitingTimeMaxNs,1771319563908000000,1771319623908000000,3976200191
FlushQueue.tasksExecuted,1771319563908000000,1771319623908000000,1595
NonBlockingReadAction.failedExecutionTimeUs,1771319563908000000,1771319623908000000,1459972
NonBlockingReadAction.finalizedExecutionsCount,1771319563908000000,1771319623908000000,31
ReadAction.executionsCount,1771319563908000000,1771319623908000000,164359
AWTEventQueue.eventsDispatched,1771319563908000000,1771319623908000000,665
lexer.JAVA.size.bytes,1771319563908000000,1771319623908000000,237749
lexer.Groovy.size.bytes,1771319563908000000,1771319623908000000,786
lexer.FTL..time.ns,1771319563908000000,1771319623908000000,24073833
lexer.FTL..size.bytes,1771319563908000000,1771319623908000000,1440
parser.FTL..size.bytes,1771319563908000000,1771319623908000000,1440
parser.XML.size.bytes,1771319563908000000,1771319623908000000,429637
writeAction.count,1771319563908000000,1771319623908000000,29
DiskQueryRelay.tasksExecuted,1771319563908000000,1771319623908000000,50634
DiskQueryRelay.taskExecutionTotalTimeUs,1771319563908000000,1771319623908000000,29997475
parser.CSS.size.bytes,1771319563908000000,1771319623908000000,20292
parser.ECMAScript.6.size.bytes,1771319563908000000,1771319623908000000,408739
parser.Groovy.size.bytes,1771319563908000000,1771319623908000000,786
lexer.HTML.size.bytes,1771319563908000000,1771319623908000000,214963
parser.XML.time.ns,1771319563908000000,1771319623908000000,843155667
parser.HTML.time.ns,1771319563908000000,1771319623908000000,318508334
lexer.CSS.size.bytes,1771319563908000000,1771319623908000000,20292
lexer.ECMAScript.6.time.ns,1771319563908000000,1771319623908000000,28124584
lexer.XML.time.ns,1771319563908000000,1771319623908000000,144625039
lexer.CSS.time.ns,1771319563908000000,1771319623908000000,23369378
parser.Groovy.time.ns,1771319563908000000,1771319623908000000,789188458
lexer.JAVA.time.ns,1771319563908000000,1771319623908000000,700368795
writeAction.wait.ms,1771319563908000000,1771319623908000000,1036
lexer.ECMAScript.6.size.bytes,1771319563908000000,1771319623908000000,99667
lexer.HTML.time.ns,1771319563908000000,1771319623908000000,339264709
lexer.XML.size.bytes,1771319563908000000,1771319623908000000,429637
parser.HTML.size.bytes,1771319563908000000,1771319623908000000,214963
parser.ECMAScript.6.time.ns,1771319563908000000,1771319623908000000,970985379
parser.JAVA.time.ns,1771319563908000000,1771319623908000000,8173109417
parser.JAVA.size.bytes,1771319563908000000,1771319623908000000,353415
writeAction.max.wait.ms,1771319563908000000,1771319623908000000,3142
LowMemory.gcOverloaded,1771319563908000000,1771319623908000000,0
LowMemory.gcLoad,1771319563908000000,1771319623908000000,0.0
parser.FTL..time.ns,1771319563908000000,1771319623908000000,38725751
lexer.Groovy.time.ns,1771319563908000000,1771319623908000000,150653000
writeAction.median.wait.ms,1771319563908000000,1771319623908000000,4200
DiskQueryRelay.tasksRequested,1771319563908000000,1771319623908000000,50634
DiskQueryRelay.taskWaitingTotalTimeUs,1771319563908000000,1771319623908000000,47849477
parser.CSS.time.ns,1771319563908000000,1771319623908000000,206806414
MEM.fileMappingsRamBytes,1771319563908000000,1771319623908000000,773742592
OS.loadAverage,1771319563908000000,1771319623908000000,8.9755859375
JVM.totalBytesAllocated,1771319563908000000,1771319623908000000,4157979128
JVM.GC.collections,1771319563908000000,1771319623908000000,6
JVM.GC.collectionTimesMs,1771319563908000000,1771319623908000000,795
MEM.ramBytes,1771319563908000000,1771319623908000000,3840573440
JVM.maxHeapBytes,1771319563908000000,1771319623908000000,28840034304
JVM.usedNativeBytes,1771319563908000000,1771319623908000000,489935816
JVM.usedHeapBytes,1771319563908000000,1771319623908000000,690592048
JVM.totalTimeToSafepointsMs,1771319563908000000,1771319623908000000,232
JVM.totalDirectByteBuffersBytes,1771319563908000000,1771319623908000000,647089569
JVM.newThreadsCount,1771319563908000000,1771319623908000000,45
JVM.threadCount,1771319563908000000,1771319623908000000,83
JVM.maxThreadCount,1771319563908000000,1771319623908000000,186
MEM.ramMinusFileMappingsBytes,1771319563908000000,1771319623908000000,3066830848
JVM.totalTimeAtSafepointsMs,1771319563908000000,1771319623908000000,948
JVM.committedHeapBytes,1771319563908000000,1771319623908000000,1493172224
MEM.ramPlusSwapMinusFileMappingsBytes,1771319563908000000,1771319623908000000,3066830848
JVM.totalSafepointCount,1771319563908000000,1771319623908000000,64
JVM.totalCpuTimeMs,1771319563908000000,1771319623908000000,282250
compiler.ArtifactModifiableModelBridge.addArtifact.ms,1771319563908000000,1771319623908000000,0
compiler.ArtifactManagerBridge.getArtifacts.ms,1771319563908000000,1771319623908000000,0
compiler.ArtifactModifiableModelBridge.findArtifacts.ms,1771319563908000000,1771319623908000000,0
compiler.ArtifactManagerBridge.findArtifact.ms,1771319563908000000,1771319623908000000,0
compiler.ArtifactManagerBridge.commit.ms,1771319563908000000,1771319623908000000,879
compiler.ArtifactModifiableModelBridge.getArtifactsByType.ms,1771319563908000000,1771319623908000000,0
compiler.ArtifactManagerBridge.dropMappings.ms,1771319563908000000,1771319623908000000,0
compiler.ArtifactModifiableModelBridge.commit.ms,1771319563908000000,1771319623908000000,881
compiler.ArtifactVirtualFileListener.filePathChanged.ms,1771319563908000000,1771319623908000000,0
compiler.ArtifactManagerBridge.addArtifact.ms,1771319563908000000,1771319623908000000,0
compiler.ArtifactManagerBridge.getArtifactsByType.ms,1771319563908000000,1771319623908000000,0
compiler.ArtifactVirtualFileListener.propertyChanged.ms,1771319563908000000,1771319623908000000,0
compiler.ArtifactManagerBridge.initBridges.ms,1771319563908000000,1771319623908000000,0
compiler.ArtifactModifiableModelBridge.getArtifacts.ms,1771319563908000000,1771319623908000000,0
compiler.ArtifactModifiableModelBridge.dispose.ms,1771319563908000000,1771319623908000000,0
Indexing.writer_1.totalTimeSpentWritingMs,1771319563908000000,1771319623908000000,2063
Indexes.allKeys.lookups,1771319563908000000,1771319623908000000,0
Indexes.entries.lookupDurationAvgMs,1771319563908000000,1771319623908000000,0.0
Indexing.writesQueuedMax,1771319563908000000,1771319623908000000,175
Indexes.stubs.lookupDurationMaxMs,1771319563908000000,1771319623908000000,0.0
Indexing.cache.totalCacheEvicted,1771319563908000000,1771319623908000000,512544
Indexes.entries.lookupDuration90PMs,1771319563908000000,1771319623908000000,0.0
Indexing.cache.totalCacheAccesses,1771319563908000000,1771319623908000000,1197589
Indexes.stubs.lookupDuration90PMs,1771319563908000000,1771319623908000000,0.0
Indexes.entries.lookups,1771319563908000000,1771319623908000000,0
Indexing.writer_3.totalTimeSpentWritingMs,1771319563908000000,1771319623908000000,19843
Indexes.allKeys.lookupDurationAvgMs,1771319563908000000,1771319623908000000,0.0
Indexes.allKeys.lookupDurationMaxMs,1771319563908000000,1771319623908000000,0.0
Indexing.writesQueuedAvg,1771319563908000000,1771319623908000000,9.458715596330276
Indexes.stubs.lookupDurationAvgMs,1771319563908000000,1771319623908000000,0.0
Indexing.writesQueuedMin,1771319563908000000,1771319623908000000,0
Indexing.totalTimeIndexersSleptMs,1771319563908000000,1771319623908000000,0
Indexing.writer_2.totalTimeSpentWritingMs,1771319563908000000,1771319623908000000,23222
Indexing.writer_0.totalTimeSpentWritingMs,1771319563908000000,1771319623908000000,2812
Indexes.entries.lookupDurationMaxMs,1771319563908000000,1771319623908000000,0.0
Indexing.cache.totalCacheMisses,1771319563908000000,1771319623908000000,582096
Indexes.allKeys.lookupDuration90PMs,1771319563908000000,1771319623908000000,0.0
Indexes.stubs.lookups,1771319563908000000,1771319623908000000,0
VFS.contentStorage.recordsStored,1771319563908000000,1771319623908000000,5
VFS.contentStorage.recordsDeduplicated,1771319563908000000,1771319623908000000,1
VFS.cache.directoriesCreated,1771319563908000000,1771319623908000000,2878
VFS.contentStorage.recordsReadDecompressed,1771319563908000000,1771319623908000000,8
VFS.invertedFileNameIndex.requests,1771319563908000000,1771319623908000000,0
VFS.cache.segmentsCreated,1771319563908000000,1771319623908000000,69
VFS.rootsCount,1771319563908000000,1771319623908000000,317.0
VFS.folderCaseSensitivityReads,1771319563908000000,1771319623908000000,371
VFS.contentStorage.recordsRead,1771319563908000000,1771319623908000000,17
FileNameCache.queries,1771319563908000000,1771319623908000000,3014912
VFS.fileChildByName,1771319563908000000,1771319623908000000,24137
VFS.fileByIdCache.hits,1771319563908000000,1771319623908000000,6
VFS.contentStorage.recordsReadSize,1771319563908000000,1771319623908000000,412153
VFS.cache.filesCreated,1771319563908000000,1771319623908000000,145159
VFS.contentStorage.recordsUncompressedSize,1771319563908000000,1771319623908000000,144174
VFS.cache.segments,1771319563908000000,1771319623908000000,220.0
VFS.contentStorage.recordsStoredSize,1771319563908000000,1771319623908000000,74864
VFS.contentStorage.recordsStoredCompressed,1771319563908000000,1771319623908000000,3
VFS.fileByIdCache.misses,1771319563908000000,1771319623908000000,0
FileNameCache.totalMisses,1771319563908000000,1771319623908000000,27328
VFS.contentStorage.recordsDecompressionTimeUs,1771319563908000000,1771319623908000000,108638
DirectByteBufferAllocator.totalSizeOfBuffersCachedInBytes,1771319563908000000,1771319623908000000,1048576
FilePageCache.maxRegisteredFiles,1771319563908000000,1771319623908000000,1850
DirectByteBufferAllocator.totalSizeOfBuffersAllocatedInBytes,1771319563908000000,1771319623908000000,630194176
DirectByteBufferAllocator.hits,1771319563908000000,1771319623908000000,52
StreamlinedBlobStorage.recordsDeleted,1771319563908000000,1771319623908000000,5
StreamlinedBlobStorage.totalLiveRecordsPayloadBytes,1771319563908000000,1771319623908000000,422635
FilePageCache.pageLoadsAboveSizeThreshold,1771319563908000000,1771319623908000000,52
FilePageCache.pageLoads,1771319563908000000,1771319623908000000,0
FileChannelInterruptsRetryer.totalRetriedAttempts,1771319563908000000,1771319623908000000,0
StorageLockContext.competingThreads.avg,1771319563908000000,1771319623908000000,0.13675213675213677
FilePageCache.pageFastCacheHits,1771319563908000000,1771319623908000000,2155750
FilePageCache.maxCacheSizeInBytes,1771319563908000000,1771319623908000000,629145600
StorageLockContext.competingThreads.90P,1771319563908000000,1771319623908000000,1
DirectByteBufferAllocator.misses,1771319563908000000,1771319623908000000,0
FilePageCache.pageHits,1771319563908000000,1771319623908000000,30942
DirectByteBufferAllocator.reclaimed,1771319563908000000,1771319623908000000,52
FilePageCache.capacityInBytes,1771319563908000000,1771319623908000000,629145600
MappedFileStorage.totalTimeSpentOnMappingUs,1771319563908000000,1771319623908000000,2899130
DirectByteBufferAllocator.disposed,1771319563908000000,1771319623908000000,0
FilePageCache.disposedBuffers,1771319563908000000,1771319623908000000,52
MappedFileStorage.storages,1771319563908000000,1771319623908000000,16
FilePageCache.uncachedFileAccess,1771319563908000000,1771319623908000000,66
StreamlinedBlobStorage.recordsRelocated,1771319563908000000,1771319623908000000,0
FilePageCache.totalPageLoadsUs,1771319563908000000,1771319623908000000,80201
StorageLockContext.competingThreads.max,1771319563908000000,1771319623908000000,2
MappedFileStorage.totalPagesMapped,1771319563908000000,1771319623908000000,16
StreamlinedBlobStorage.recordsAllocated,1771319563908000000,1771319623908000000,31490
FilePageCache.totalPageDisposalsUs,1771319563908000000,1771319623908000000,2161
MappedFileStorage.totalBytesMapped,1771319563908000000,1771319623908000000,202637312
StreamlinedBlobStorage.totalLiveRecordsCapacityBytes,1771319563908000000,1771319623908000000,2219731
jps.library.entities.serializer.save.entities.ms,1771319563908000000,1771319623908000000,0
workspaceModel.mutableEntityStorage.entities.by.source.ms,1771319563908000000,1771319623908000000,2
jps.module.dependency.index.workspace.model.listener.on.changed.ms,1771319563908000000,1771319623908000000,20
workspaceModel.mutableEntityStorage.changeLog.addReplaceEventForRemovedChild.ms,1771319563908000000,1771319623908000000,23
jps.global.initialize.library.bridges.ms,1771319563908000000,1771319623908000000,9
workspaceModel.moduleBridgeLoader.loading.modules.ms,1771319563908000000,1771319623908000000,0
jps.save.changed.project.entities.ms,1771319563908000000,1771319623908000000,0
jps.storage.jps.conf.reader.load.component.ms,1771319563908000000,1771319623908000000,0
jps.global.handle.changed.events.ms,1771319563908000000,1771319623908000000,0
jps.global.initialize.library.bridges.after.loading.ms,1771319563908000000,1771319623908000000,0
workspaceModel.mutableEntityStorage.resolve.ms,1771319563908000000,1771319623908000000,40
jps.global.handle.before.change.events.ms,1771319563908000000,1771319623908000000,0
workspaceModel.mutableEntityStorage.apply.changes.from.ms,1771319563908000000,1771319623908000000,401
workspaceModel.mutableEntityStorage.instances.count,1771319563908000000,1771319623908000000,26
jps.global.get.library.ms,1771319563908000000,1771319623908000000,0
jps.load.initial.state.ms,1771319563908000000,1771319623908000000,0
workspaceModel.mutableEntityStorage.collect.changes.ms,1771319563908000000,1771319623908000000,12
workspaceModel.load.cache.metadata.from.file.ms,1771319563908000000,1771319623908000000,0
workspaceModel.sync.entities.ms,1771319563908000000,1771319623908000000,0
workspaceModel.mutableEntityStorage.replace.by.source.ms,1771319563908000000,1771319623908000000,898
workspaceModel.mutableEntityStorage.hasReferrers.ms,1771319563908000000,1771319623908000000,0
workspaceModel.orphan.listener.update.ms,1771319563908000000,1771319623908000000,10
jps.global.get.libraries.ms,1771319563908000000,1771319623908000000,13
workspaceModel.save.cache.to.file.ms,1771319563908000000,1771319623908000000,5364
workspaceModel.global.apply.state.to.project.ms,1771319563908000000,1771319623908000000,0
jps.apply.loaded.storage.ms,1771319563908000000,1771319623908000000,0
jps.reload.project.entities.ms,1771319563908000000,1771319623908000000,0
jps.artifact.entities.serializer.save.entities.ms,1771319563908000000,1771319623908000000,0
workspaceModel.moduleManagerBridge.new.nonPersistent.module.ms,1771319563908000000,1771319623908000000,0
jps.save.global.entities.ms,1771319563908000000,1771319623908000000,0
workspaceModel.moduleManagerBridge.create.module.instance.ms,1771319563908000000,1771319623908000000,34
jps.modifiable.module.model.bridge.new.module.ms,1771319563908000000,1771319623908000000,59
workspaceModel.mutableEntityStorage.mutable.ext.mapping.ms,1771319563908000000,1771319623908000000,3
workspaceModel.mutableEntityStorage.remove.entity.ms,1771319563908000000,1771319623908000000,238
workspaceModel.moduleBridge.facet.initialization.ms,1771319563908000000,1771319623908000000,0
workspaceModel.mutableEntityStorage.changeLog.addReplaceEventForRemovedParent.ms,1771319563908000000,1771319623908000000,6
jps.facet.change.listener.init.bridge.ms,1771319563908000000,1771319623908000000,0
workspaceModel.mutableEntityStorage.modify.entity.ms,1771319563908000000,1771319623908000000,2103
workspaceModel.moduleManagerBridge.set.unloadedModules.ms,1771319563908000000,1771319623908000000,0
workspaceModel.mutableEntityStorage.add.entity.ms,1771319563908000000,1771319623908000000,2181
workspaceModel.delayed.project.synchronizer.sync.ms,1771319563908000000,1771319623908000000,0
workspaceModel.mutableEntityStorage.changeLog.addReplaceEventForNewChild.ms,1771319563908000000,1771319623908000000,80
jps.facet.change.listener.before.change.events.ms,1771319563908000000,1771319623908000000,1
workspaceModel.global.updates.count,1771319563908000000,1771319623908000000,0
jps.module.iml.entities.serializer.load.entities.ms,1771319563908000000,1771319623908000000,0
workspaceModel.mutableEntityStorage.changeLog.addReplaceEventForNewParent.ms,1771319563908000000,1771319623908000000,33
jps.module.iml.entities.serializer.save.entities.ms,1771319563908000000,1771319623908000000,0
workspaceModel.moduleManagerBridge.newModule.ms,1771319563908000000,1771319623908000000,0
jps.artifact.entities.serializer.load.entities.ms,1771319563908000000,1771319623908000000,0
jps.modifiable.module.model.bridge.disposing.ms,1771319563908000000,1771319623908000000,0
workspaceModel.moduleManagerBridge.get.modules.ms,1771319563908000000,1771319623908000000,1
jps.project.serializers.load.ms,1771319563908000000,1771319623908000000,0
jps.load.project.to.empty.storage.ms,1771319563908000000,1771319623908000000,0
workspaceModel.mutableEntityStorage.mutable.vfurl.index.ms,1771319563908000000,1771319623908000000,6
workspaceModel.moduleManagerBridge.build.module.graph.ms,1771319563908000000,1771319623908000000,0
jps.global.get.library.by.name.ms,1771319563908000000,1771319623908000000,0
workspaceModel.mutableEntityStorage.entities.ms,1771319563908000000,1771319623908000000,12
workspaceModel.load.cache.from.file.ms,1771319563908000000,1771319623908000000,0
workspaceModel.mutableEntityStorage.put.entity.ms,1771319563908000000,1771319623908000000,793
jps.library.entities.serializer.load.entities.ms,1771319563908000000,1771319623908000000,0
jps.modifiable.module.model.bridge.renaming.ms,1771319563908000000,1771319623908000000,0
workspaceModel.do.save.caches.ms,1771319563908000000,1771319623908000000,6258
jps.project.serializers.save.ms,1771319563908000000,1771319623908000000,0
jps.app.storage.content.reader.load.component.ms,1771319563908000000,1771319623908000000,0
workspaceModel.mutableEntityStorage.referrers.ms,1771319563908000000,1771319623908000000,8
jps.facet.change.listener.process.change.events.ms,1771319563908000000,1771319623908000000,4
workspaceModel.global.updates.ms,1771319563908000000,1771319623908000000,0
workspaceModel.moduleBridge.before.changed.ms,1771319563908000000,1771319623908000000,0
workspaceModel.global.apply.state.to.project.builder.ms,1771319563908000000,1771319623908000000,0
workspaceModel.moduleBridge.update.option.ms,1771319563908000000,1771319623908000000,3
workspaceModel.moduleManagerBridge.load.all.modules.ms,1771319563908000000,1771319623908000000,0
workspaceModel.mutableEntityStorage.has.same.entities.ms,1771319563908000000,1771319623908000000,8
workspaceModel.mutableEntityStorage.to.snapshot.ms,1771319563908000000,1771319623908000000,20
jps.modifiable.module.model.bridge.load.module.ms,1771319563908000000,1771319623908000000,0
workspaceModel.moduleManagerBridge.load.module.ms,1771319563908000000,1771319623908000000,0
workspaceModel.update.unloaded.entities.ms,1771319563908000000,1771319623908000000,0
workspaceModel.initializing.ms,1771319563908000000,1771319623908000000,28
workspaceModel.on.before.changed.ms,1771319563908000000,1771319623908000000,147
workspaceModel.cachedValue.clear.count,1771319563908000000,1771319623908000000,0
workspaceModel.cachedValue.calculated.count,1771319563908000000,1771319623908000000,356
workspaceModel.on.changed.ms,1771319563908000000,1771319623908000000,272
workspaceModel.cachedValueWithParameters.calculated.count,1771319563908000000,1771319623908000000,0
workspaceModel.workspaceFileIndexData.markDirty.ms,1771319563908000000,1771319623908000000,2
workspaceModel.cachedValueWithParameters.from.cache.count,1771319563908000000,1771319623908000000,0
workspaceModel.workspaceFileIndexData.getFileInfo.ms,1771319563908000000,1771319623908000000,5500
workspaceModel.workspaceFileIndexData.getPackageName.ms,1771319563908000000,1771319623908000000,0
workspaceModel.cachedValueWithParameters.total.get.count,1771319563908000000,1771319623908000000,0
workspaceModel.replace.project.model.ms,1771319563908000000,1771319623908000000,361
workspaceModel.full.replace.project.model.ms,1771319563908000000,1771319623908000000,0
workspaceModel.to.snapshot.ms,1771319563908000000,1771319623908000000,9
workspaceModel.cachedValue.total.get.count,1771319563908000000,1771319623908000000,8112
workspaceModel.loading.total.ms,1771319563908000000,1771319623908000000,0
workspaceModel.workspaceFileIndexData.processFileSets.ms,1771319563908000000,1771319623908000000,0
workspaceModel.loading.from.cache.ms,1771319563908000000,1771319623908000000,0
workspaceModel.pre.handlers.ms,1771319563908000000,1771319623908000000,8
workspaceModel.updates.count,1771319563908000000,1771319623908000000,5
workspaceModel.workspaceFileIndexContributor.registerFileSets.ms,1771319563908000000,1771319623908000000,5569
workspaceModel.updates.precise.ms,1771319563908000000,1771319623908000000,1303
workspaceModel.cachedValueWithParameters.clear.count,1771319563908000000,1771319623908000000,0
workspaceModel.updates.ms,1771319563908000000,1771319623908000000,1838
workspaceModel.workspaceFileIndexData.onEntitiesChanged.ms,1771319563908000000,1771319623908000000,340
workspaceModel.entityStorageSnapshotImpl.instances.count,1771319563908000000,1771319623908000000,24
workspaceModel.workspaceFileIndexData.init.ms,1771319563908000000,1771319623908000000,0
workspaceModel.check.recursive.update.ms,1771319563908000000,1771319623908000000,14
workspaceModel.init.bridges.ms,1771319563908000000,1771319623908000000,74
workspaceModel.workspaceFileIndexData.instances.count,1771319563908000000,1771319623908000000,0
workspaceModel.workspaceFileIndexData.updateDirtyEntities.ms,1771319563908000000,1771319623908000000,2695
workspaceModel.cachedValue.from.cache.count,1771319563908000000,1771319623908000000,7756
workspaceModel.collect.changes.ms,1771319563908000000,1771319623908000000,0
workspaceModel.workspaceFileIndexData.getDirectoriesByPackageName.ms,1771319563908000000,1771319623908000000,0
workspaceModel.workspaceFileIndexData.visitFileSets.ms,1771319563908000000,1771319623908000000,6
cacheStateStorage.set.duration,1771319563908000000,1771319623908000000,0
cacheStateStorage.set.counter,1771319563908000000,1771319623908000000,0
cacheStateStorage.get.counter,1771319563908000000,1771319623908000000,0
cacheStateStorage.get.duration,1771319563908000000,1771319623908000000,0
AWTEventQueue.dispatchTimeTotalNS,1771319623908000000,1771319683893000000,2267008518
AWTEventQueue.dispatchTime90PNs,1771319623908000000,1771319683893000000,2736127
FlushQueue.waitingTime90PNs,1771319623908000000,1771319683893000000,2785279
FlushQueue.executionTimeAvgNs,1771319623908000000,1771319683893000000,1850095.7316129033
NonBlockingReadAction.failedExecutionsCount,1771319623908000000,1771319683893000000,0
FlushQueue.queueSizeAvg,1771319623908000000,1771319683893000000,1.2129032258064516
FlushQueue.executionTimeMaxNs,1771319623908000000,1771319683893000000,289406975
FlushQueue.waitingTimeAvgNs,1771319623908000000,1771319683893000000,5234978.312258065
FlushQueue.executionTime90PNs,1771319623908000000,1771319683893000000,1474559
AWTEventQueue.dispatchTimeMaxNs,1771319623908000000,1771319683893000000,595591167
NonBlockingReadAction.finalizedExecutionTimeUs,1771319623908000000,1771319683893000000,1388124
FlushQueue.queueSizeMax,1771319623908000000,1771319683893000000,8
AWTEventQueue.dispatchTimeAvgNs,1771319623908000000,1771319683893000000,3369737.1428571427
WriteAction.executionsCount,1771319623908000000,1771319683893000000,6
FlushQueue.queueSize90P,1771319623908000000,1771319683893000000,3
FlushQueue.waitingTimeMaxNs,1771319623908000000,1771319683893000000,448790527
FlushQueue.tasksExecuted,1771319623908000000,1771319683893000000,775
NonBlockingReadAction.failedExecutionTimeUs,1771319623908000000,1771319683893000000,0
NonBlockingReadAction.finalizedExecutionsCount,1771319623908000000,1771319683893000000,7
ReadAction.executionsCount,1771319623908000000,1771319683893000000,51662
AWTEventQueue.eventsDispatched,1771319623908000000,1771319683893000000,672
lexer.JAVA.size.bytes,1771319623908000000,1771319683893000000,149053
lexer.Groovy.size.bytes,1771319623908000000,1771319683893000000,3981
parser.XML.size.bytes,1771319623908000000,1771319683893000000,32526
writeAction.count,1771319623908000000,1771319683893000000,6
DiskQueryRelay.tasksExecuted,1771319623908000000,1771319683893000000,13179
DiskQueryRelay.taskExecutionTotalTimeUs,1771319623908000000,1771319683893000000,6703427
parser.Groovy.size.bytes,1771319623908000000,1771319683893000000,3981
lexer.HTML.size.bytes,1771319623908000000,1771319683893000000,3177
parser.XML.time.ns,1771319623908000000,1771319683893000000,68628791
parser.HTML.time.ns,1771319623908000000,1771319683893000000,359538333
lexer.XML.time.ns,1771319623908000000,1771319683893000000,7299875
parser.Groovy.time.ns,1771319623908000000,1771319683893000000,117941251
lexer.JAVA.time.ns,1771319623908000000,1771319683893000000,116751459
writeAction.wait.ms,1771319623908000000,1771319683893000000,13
lexer.HTML.time.ns,1771319623908000000,1771319683893000000,151178084
lexer.XML.size.bytes,1771319623908000000,1771319683893000000,32526
parser.HTML.size.bytes,1771319623908000000,1771319683893000000,3177
parser.JAVA.time.ns,1771319623908000000,1771319683893000000,2201778118
parser.JAVA.size.bytes,1771319623908000000,1771319683893000000,266316
writeAction.max.wait.ms,1771319623908000000,1771319683893000000,3142
LowMemory.gcOverloaded,1771319623908000000,1771319683893000000,0
LowMemory.gcLoad,1771319623908000000,1771319683893000000,0.0
lexer.Groovy.time.ns,1771319623908000000,1771319683893000000,15856000
writeAction.median.wait.ms,1771319623908000000,1771319683893000000,4400
DiskQueryRelay.tasksRequested,1771319623908000000,1771319683893000000,13179
DiskQueryRelay.taskWaitingTotalTimeUs,1771319623908000000,1771319683893000000,9904655
MEM.fileMappingsRamBytes,1771319623908000000,1771319683893000000,786882560
OS.loadAverage,1771319623908000000,1771319683893000000,5.17431640625
JVM.totalBytesAllocated,1771319623908000000,1771319683893000000,891249704
JVM.GC.collections,1771319623908000000,1771319683893000000,1
JVM.GC.collectionTimesMs,1771319623908000000,1771319683893000000,108
MEM.ramBytes,1771319623908000000,1771319683893000000,3864616960
JVM.maxHeapBytes,1771319623908000000,1771319683893000000,28840034304
JVM.usedNativeBytes,1771319623908000000,1771319683893000000,500276112
JVM.usedHeapBytes,1771319623908000000,1771319683893000000,761585160
JVM.totalTimeToSafepointsMs,1771319623908000000,1771319683893000000,70
JVM.totalDirectByteBuffersBytes,1771319623908000000,1771319683893000000,647109501
JVM.newThreadsCount,1771319623908000000,1771319683893000000,1
JVM.threadCount,1771319623908000000,1771319683893000000,78
JVM.maxThreadCount,1771319623908000000,1771319683893000000,186
MEM.ramMinusFileMappingsBytes,1771319623908000000,1771319683893000000,3077734400
JVM.totalTimeAtSafepointsMs,1771319623908000000,1771319683893000000,145
JVM.committedHeapBytes,1771319623908000000,1771319683893000000,1493172224
MEM.ramPlusSwapMinusFileMappingsBytes,1771319623908000000,1771319683893000000,3077734400
JVM.totalSafepointCount,1771319623908000000,1771319683893000000,46
JVM.totalCpuTimeMs,1771319623908000000,1771319683893000000,67050
compiler.ArtifactModifiableModelBridge.addArtifact.ms,1771319623908000000,1771319683893000000,0
compiler.ArtifactManagerBridge.getArtifacts.ms,1771319623908000000,1771319683893000000,0
compiler.ArtifactModifiableModelBridge.findArtifacts.ms,1771319623908000000,1771319683893000000,0
compiler.ArtifactManagerBridge.findArtifact.ms,1771319623908000000,1771319683893000000,0
compiler.ArtifactManagerBridge.commit.ms,1771319623908000000,1771319683893000000,0
compiler.ArtifactModifiableModelBridge.getArtifactsByType.ms,1771319623908000000,1771319683893000000,0
compiler.ArtifactManagerBridge.dropMappings.ms,1771319623908000000,1771319683893000000,0
compiler.ArtifactModifiableModelBridge.commit.ms,1771319623908000000,1771319683893000000,881
compiler.ArtifactVirtualFileListener.filePathChanged.ms,1771319623908000000,1771319683893000000,0
compiler.ArtifactManagerBridge.addArtifact.ms,1771319623908000000,1771319683893000000,0
compiler.ArtifactManagerBridge.getArtifactsByType.ms,1771319623908000000,1771319683893000000,0
compiler.ArtifactVirtualFileListener.propertyChanged.ms,1771319623908000000,1771319683893000000,0
compiler.ArtifactManagerBridge.initBridges.ms,1771319623908000000,1771319683893000000,0
compiler.ArtifactModifiableModelBridge.getArtifacts.ms,1771319623908000000,1771319683893000000,0
compiler.ArtifactModifiableModelBridge.dispose.ms,1771319623908000000,1771319683893000000,0
Indexing.writer_1.totalTimeSpentWritingMs,1771319623908000000,1771319683893000000,588
Indexes.allKeys.lookups,1771319623908000000,1771319683893000000,1
Indexes.entries.lookupDurationAvgMs,1771319623908000000,1771319683893000000,17.77777777777778
Indexing.writesQueuedMax,1771319623908000000,1771319683893000000,60
Indexes.stubs.lookupDurationMaxMs,1771319623908000000,1771319683893000000,0.0
Indexing.cache.totalCacheEvicted,1771319623908000000,1771319683893000000,145097
Indexes.entries.lookupDuration90PMs,1771319623908000000,1771319683893000000,62.0
Indexing.cache.totalCacheAccesses,1771319623908000000,1771319683893000000,152383
Indexes.stubs.lookupDuration90PMs,1771319623908000000,1771319683893000000,0.0
Indexes.entries.lookups,1771319623908000000,1771319683893000000,9
Indexing.writer_3.totalTimeSpentWritingMs,1771319623908000000,1771319683893000000,2685
Indexes.allKeys.lookupDurationAvgMs,1771319623908000000,1771319683893000000,52.0
Indexes.allKeys.lookupDurationMaxMs,1771319623908000000,1771319683893000000,52.0
Indexing.writesQueuedAvg,1771319623908000000,1771319683893000000,1.4363636363636363
Indexes.stubs.lookupDurationAvgMs,1771319623908000000,1771319683893000000,0.0
Indexing.writesQueuedMin,1771319623908000000,1771319683893000000,0
Indexing.totalTimeIndexersSleptMs,1771319623908000000,1771319683893000000,0
Indexing.writer_2.totalTimeSpentWritingMs,1771319623908000000,1771319683893000000,2849
Indexing.writer_0.totalTimeSpentWritingMs,1771319623908000000,1771319683893000000,477
Indexes.entries.lookupDurationMaxMs,1771319623908000000,1771319683893000000,62.0
Indexing.cache.totalCacheMisses,1771319623908000000,1771319683893000000,75546
Indexes.allKeys.lookupDuration90PMs,1771319623908000000,1771319683893000000,52.0
Indexes.stubs.lookups,1771319623908000000,1771319683893000000,0
VFS.contentStorage.recordsStored,1771319623908000000,1771319683893000000,0
VFS.contentStorage.recordsDeduplicated,1771319623908000000,1771319683893000000,0
VFS.cache.directoriesCreated,1771319623908000000,1771319683893000000,658
VFS.contentStorage.recordsReadDecompressed,1771319623908000000,1771319683893000000,0
VFS.invertedFileNameIndex.requests,1771319623908000000,1771319683893000000,0
VFS.cache.segmentsCreated,1771319623908000000,1771319683893000000,12
VFS.rootsCount,1771319623908000000,1771319683893000000,317.0
VFS.folderCaseSensitivityReads,1771319623908000000,1771319683893000000,239
VFS.contentStorage.recordsRead,1771319623908000000,1771319683893000000,1
FileNameCache.queries,1771319623908000000,1771319683893000000,481344
VFS.fileChildByName,1771319623908000000,1771319683893000000,5192
VFS.fileByIdCache.hits,1771319623908000000,1771319683893000000,0
VFS.contentStorage.recordsReadSize,1771319623908000000,1771319683893000000,3959
VFS.cache.filesCreated,1771319623908000000,1771319683893000000,26596
VFS.contentStorage.recordsUncompressedSize,1771319623908000000,1771319683893000000,0
VFS.cache.segments,1771319623908000000,1771319683893000000,231.0
VFS.contentStorage.recordsStoredSize,1771319623908000000,1771319683893000000,0
VFS.contentStorage.recordsStoredCompressed,1771319623908000000,1771319683893000000,0
VFS.fileByIdCache.misses,1771319623908000000,1771319683893000000,9
FileNameCache.totalMisses,1771319623908000000,1771319683893000000,832
VFS.contentStorage.recordsDecompressionTimeUs,1771319623908000000,1771319683893000000,0
DirectByteBufferAllocator.totalSizeOfBuffersCachedInBytes,1771319623908000000,1771319683893000000,1048576
FilePageCache.maxRegisteredFiles,1771319623908000000,1771319683893000000,1850
DirectByteBufferAllocator.totalSizeOfBuffersAllocatedInBytes,1771319623908000000,1771319683893000000,630194176
DirectByteBufferAllocator.hits,1771319623908000000,1771319683893000000,30
StreamlinedBlobStorage.recordsDeleted,1771319623908000000,1771319683893000000,0
StreamlinedBlobStorage.totalLiveRecordsPayloadBytes,1771319623908000000,1771319683893000000,85317
FilePageCache.pageLoadsAboveSizeThreshold,1771319623908000000,1771319683893000000,30
FilePageCache.pageLoads,1771319623908000000,1771319683893000000,0
FileChannelInterruptsRetryer.totalRetriedAttempts,1771319623908000000,1771319683893000000,0
StorageLockContext.competingThreads.avg,1771319623908000000,1771319683893000000,0.03361344537815126
FilePageCache.pageFastCacheHits,1771319623908000000,1771319683893000000,750809
FilePageCache.maxCacheSizeInBytes,1771319623908000000,1771319683893000000,629145600
StorageLockContext.competingThreads.90P,1771319623908000000,1771319683893000000,0
DirectByteBufferAllocator.misses,1771319623908000000,1771319683893000000,0
FilePageCache.pageHits,1771319623908000000,1771319683893000000,12090
DirectByteBufferAllocator.reclaimed,1771319623908000000,1771319683893000000,30
FilePageCache.capacityInBytes,1771319623908000000,1771319683893000000,629145600
MappedFileStorage.totalTimeSpentOnMappingUs,1771319623908000000,1771319683893000000,2899130
DirectByteBufferAllocator.disposed,1771319623908000000,1771319683893000000,0
FilePageCache.disposedBuffers,1771319623908000000,1771319683893000000,30
MappedFileStorage.storages,1771319623908000000,1771319683893000000,16
FilePageCache.uncachedFileAccess,1771319623908000000,1771319683893000000,191
StreamlinedBlobStorage.recordsRelocated,1771319623908000000,1771319683893000000,0
FilePageCache.totalPageLoadsUs,1771319623908000000,1771319683893000000,24106
StorageLockContext.competingThreads.max,1771319623908000000,1771319683893000000,2
MappedFileStorage.totalPagesMapped,1771319623908000000,1771319683893000000,16
StreamlinedBlobStorage.recordsAllocated,1771319623908000000,1771319683893000000,6974
FilePageCache.totalPageDisposalsUs,1771319623908000000,1771319683893000000,200
MappedFileStorage.totalBytesMapped,1771319623908000000,1771319683893000000,202637312
StreamlinedBlobStorage.totalLiveRecordsCapacityBytes,1771319623908000000,1771319683893000000,490776
jps.library.entities.serializer.save.entities.ms,1771319623908000000,1771319683893000000,0
workspaceModel.mutableEntityStorage.entities.by.source.ms,1771319623908000000,1771319683893000000,0
jps.module.dependency.index.workspace.model.listener.on.changed.ms,1771319623908000000,1771319683893000000,0
workspaceModel.mutableEntityStorage.changeLog.addReplaceEventForRemovedChild.ms,1771319623908000000,1771319683893000000,0
jps.global.initialize.library.bridges.ms,1771319623908000000,1771319683893000000,0
jps.app.storage.content.writer.save.component.ms,1771319623908000000,1771319683893000000,16
workspaceModel.moduleBridgeLoader.loading.modules.ms,1771319623908000000,1771319683893000000,0
jps.save.changed.project.entities.ms,1771319623908000000,1771319683893000000,0
jps.storage.jps.conf.reader.load.component.ms,1771319623908000000,1771319683893000000,0
jps.global.handle.changed.events.ms,1771319623908000000,1771319683893000000,0
jps.global.initialize.library.bridges.after.loading.ms,1771319623908000000,1771319683893000000,0
workspaceModel.mutableEntityStorage.resolve.ms,1771319623908000000,1771319683893000000,0
jps.global.handle.before.change.events.ms,1771319623908000000,1771319683893000000,0
workspaceModel.mutableEntityStorage.apply.changes.from.ms,1771319623908000000,1771319683893000000,0
workspaceModel.mutableEntityStorage.instances.count,1771319623908000000,1771319683893000000,0
jps.global.get.library.ms,1771319623908000000,1771319683893000000,0
jps.load.initial.state.ms,1771319623908000000,1771319683893000000,0
workspaceModel.mutableEntityStorage.collect.changes.ms,1771319623908000000,1771319683893000000,0
workspaceModel.load.cache.metadata.from.file.ms,1771319623908000000,1771319683893000000,0
workspaceModel.sync.entities.ms,1771319623908000000,1771319683893000000,0
workspaceModel.mutableEntityStorage.replace.by.source.ms,1771319623908000000,1771319683893000000,0
workspaceModel.mutableEntityStorage.hasReferrers.ms,1771319623908000000,1771319683893000000,0
workspaceModel.orphan.listener.update.ms,1771319623908000000,1771319683893000000,0
jps.global.get.libraries.ms,1771319623908000000,1771319683893000000,0
workspaceModel.save.cache.to.file.ms,1771319623908000000,1771319683893000000,0
workspaceModel.global.apply.state.to.project.ms,1771319623908000000,1771319683893000000,0
jps.apply.loaded.storage.ms,1771319623908000000,1771319683893000000,0
jps.reload.project.entities.ms,1771319623908000000,1771319683893000000,0
jps.artifact.entities.serializer.save.entities.ms,1771319623908000000,1771319683893000000,0
workspaceModel.moduleManagerBridge.new.nonPersistent.module.ms,1771319623908000000,1771319683893000000,0
jps.save.global.entities.ms,1771319623908000000,1771319683893000000,104
workspaceModel.moduleManagerBridge.create.module.instance.ms,1771319623908000000,1771319683893000000,0
jps.modifiable.module.model.bridge.new.module.ms,1771319623908000000,1771319683893000000,0
workspaceModel.mutableEntityStorage.mutable.ext.mapping.ms,1771319623908000000,1771319683893000000,0
workspaceModel.mutableEntityStorage.remove.entity.ms,1771319623908000000,1771319683893000000,0
workspaceModel.moduleBridge.facet.initialization.ms,1771319623908000000,1771319683893000000,0
workspaceModel.mutableEntityStorage.changeLog.addReplaceEventForRemovedParent.ms,1771319623908000000,1771319683893000000,0
jps.facet.change.listener.init.bridge.ms,1771319623908000000,1771319683893000000,0
workspaceModel.mutableEntityStorage.modify.entity.ms,1771319623908000000,1771319683893000000,0
workspaceModel.moduleManagerBridge.set.unloadedModules.ms,1771319623908000000,1771319683893000000,0
workspaceModel.mutableEntityStorage.add.entity.ms,1771319623908000000,1771319683893000000,0
workspaceModel.delayed.project.synchronizer.sync.ms,1771319623908000000,1771319683893000000,0
workspaceModel.mutableEntityStorage.changeLog.addReplaceEventForNewChild.ms,1771319623908000000,1771319683893000000,0
jps.facet.change.listener.before.change.events.ms,1771319623908000000,1771319683893000000,0
workspaceModel.global.updates.count,1771319623908000000,1771319683893000000,0
jps.module.iml.entities.serializer.load.entities.ms,1771319623908000000,1771319683893000000,0
workspaceModel.mutableEntityStorage.changeLog.addReplaceEventForNewParent.ms,1771319623908000000,1771319683893000000,0
jps.module.iml.entities.serializer.save.entities.ms,1771319623908000000,1771319683893000000,0
workspaceModel.moduleManagerBridge.newModule.ms,1771319623908000000,1771319683893000000,0
jps.artifact.entities.serializer.load.entities.ms,1771319623908000000,1771319683893000000,0
jps.modifiable.module.model.bridge.disposing.ms,1771319623908000000,1771319683893000000,0
workspaceModel.moduleManagerBridge.get.modules.ms,1771319623908000000,1771319683893000000,22
jps.project.serializers.load.ms,1771319623908000000,1771319683893000000,0
jps.load.project.to.empty.storage.ms,1771319623908000000,1771319683893000000,0
workspaceModel.mutableEntityStorage.mutable.vfurl.index.ms,1771319623908000000,1771319683893000000,0
workspaceModel.moduleManagerBridge.build.module.graph.ms,1771319623908000000,1771319683893000000,23
jps.global.get.library.by.name.ms,1771319623908000000,1771319683893000000,0
workspaceModel.mutableEntityStorage.entities.ms,1771319623908000000,1771319683893000000,0
workspaceModel.load.cache.from.file.ms,1771319623908000000,1771319683893000000,0
workspaceModel.mutableEntityStorage.put.entity.ms,1771319623908000000,1771319683893000000,0
jps.library.entities.serializer.load.entities.ms,1771319623908000000,1771319683893000000,0
jps.modifiable.module.model.bridge.renaming.ms,1771319623908000000,1771319683893000000,0
workspaceModel.do.save.caches.ms,1771319623908000000,1771319683893000000,0
jps.project.serializers.save.ms,1771319623908000000,1771319683893000000,0
jps.app.storage.content.reader.load.component.ms,1771319623908000000,1771319683893000000,0
workspaceModel.mutableEntityStorage.referrers.ms,1771319623908000000,1771319683893000000,0
jps.facet.change.listener.process.change.events.ms,1771319623908000000,1771319683893000000,0
workspaceModel.global.updates.ms,1771319623908000000,1771319683893000000,0
workspaceModel.moduleBridge.before.changed.ms,1771319623908000000,1771319683893000000,0
workspaceModel.global.apply.state.to.project.builder.ms,1771319623908000000,1771319683893000000,0
workspaceModel.moduleBridge.update.option.ms,1771319623908000000,1771319683893000000,0
workspaceModel.moduleManagerBridge.load.all.modules.ms,1771319623908000000,1771319683893000000,0
workspaceModel.mutableEntityStorage.has.same.entities.ms,1771319623908000000,1771319683893000000,0
workspaceModel.mutableEntityStorage.to.snapshot.ms,1771319623908000000,1771319683893000000,0
jps.modifiable.module.model.bridge.load.module.ms,1771319623908000000,1771319683893000000,0
workspaceModel.moduleManagerBridge.load.module.ms,1771319623908000000,1771319683893000000,0
workspaceModel.update.unloaded.entities.ms,1771319623908000000,1771319683893000000,0
workspaceModel.initializing.ms,1771319623908000000,1771319683893000000,0
workspaceModel.on.before.changed.ms,1771319623908000000,1771319683893000000,0
workspaceModel.cachedValue.clear.count,1771319623908000000,1771319683893000000,0
workspaceModel.cachedValue.calculated.count,1771319623908000000,1771319683893000000,13
workspaceModel.on.changed.ms,1771319623908000000,1771319683893000000,0
workspaceModel.cachedValueWithParameters.calculated.count,1771319623908000000,1771319683893000000,0
workspaceModel.workspaceFileIndexData.markDirty.ms,1771319623908000000,1771319683893000000,0
workspaceModel.cachedValueWithParameters.from.cache.count,1771319623908000000,1771319683893000000,0
workspaceModel.workspaceFileIndexData.getFileInfo.ms,1771319623908000000,1771319683893000000,464
workspaceModel.workspaceFileIndexData.getPackageName.ms,1771319623908000000,1771319683893000000,0
workspaceModel.cachedValueWithParameters.total.get.count,1771319623908000000,1771319683893000000,0
workspaceModel.replace.project.model.ms,1771319623908000000,1771319683893000000,0
workspaceModel.full.replace.project.model.ms,1771319623908000000,1771319683893000000,0
workspaceModel.to.snapshot.ms,1771319623908000000,1771319683893000000,0
workspaceModel.cachedValue.total.get.count,1771319623908000000,1771319683893000000,78
workspaceModel.loading.total.ms,1771319623908000000,1771319683893000000,0
workspaceModel.workspaceFileIndexData.processFileSets.ms,1771319623908000000,1771319683893000000,0
workspaceModel.loading.from.cache.ms,1771319623908000000,1771319683893000000,0
workspaceModel.pre.handlers.ms,1771319623908000000,1771319683893000000,0
workspaceModel.updates.count,1771319623908000000,1771319683893000000,0
workspaceModel.workspaceFileIndexContributor.registerFileSets.ms,1771319623908000000,1771319683893000000,0
workspaceModel.updates.precise.ms,1771319623908000000,1771319683893000000,0
workspaceModel.cachedValueWithParameters.clear.count,1771319623908000000,1771319683893000000,0
workspaceModel.updates.ms,1771319623908000000,1771319683893000000,0
workspaceModel.workspaceFileIndexData.onEntitiesChanged.ms,1771319623908000000,1771319683893000000,0
workspaceModel.entityStorageSnapshotImpl.instances.count,1771319623908000000,1771319683893000000,0
workspaceModel.workspaceFileIndexData.init.ms,1771319623908000000,1771319683893000000,0
workspaceModel.check.recursive.update.ms,1771319623908000000,1771319683893000000,0
workspaceModel.init.bridges.ms,1771319623908000000,1771319683893000000,0
workspaceModel.workspaceFileIndexData.instances.count,1771319623908000000,1771319683893000000,0
workspaceModel.workspaceFileIndexData.updateDirtyEntities.ms,1771319623908000000,1771319683893000000,0
workspaceModel.cachedValue.from.cache.count,1771319623908000000,1771319683893000000,65
workspaceModel.collect.changes.ms,1771319623908000000,1771319683893000000,0
workspaceModel.workspaceFileIndexData.getDirectoriesByPackageName.ms,1771319623908000000,1771319683893000000,0
workspaceModel.workspaceFileIndexData.visitFileSets.ms,1771319623908000000,1771319683893000000,30
cacheStateStorage.set.duration,1771319623908000000,1771319683893000000,50
cacheStateStorage.set.counter,1771319623908000000,1771319683893000000,2
cacheStateStorage.get.counter,1771319623908000000,1771319683893000000,0
cacheStateStorage.get.duration,1771319623908000000,1771319683893000000,0
AWTEventQueue.dispatchTimeTotalNS,1771319683893000000,1771319743905000000,3260512300
AWTEventQueue.dispatchTime90PNs,1771319683893000000,1771319743905000000,61341695
FlushQueue.waitingTime90PNs,1771319683893000000,1771319743905000000,241172479
FlushQueue.executionTimeAvgNs,1771319683893000000,1771319743905000000,2.695962848780488E7
NonBlockingReadAction.failedExecutionsCount,1771319683893000000,1771319743905000000,0
FlushQueue.queueSizeAvg,1771319683893000000,1771319743905000000,0.8170731707317073
FlushQueue.executionTimeMaxNs,1771319683893000000,1771319743905000000,641728511
FlushQueue.waitingTimeAvgNs,1771319683893000000,1771319743905000000,6.970288702439025E7
FlushQueue.executionTime90PNs,1771319683893000000,1771319743905000000,34603007
AWTEventQueue.dispatchTimeMaxNs,1771319683893000000,1771319743905000000,645922815
NonBlockingReadAction.finalizedExecutionTimeUs,1771319683893000000,1771319743905000000,191433
FlushQueue.queueSizeMax,1771319683893000000,1771319743905000000,5
AWTEventQueue.dispatchTimeAvgNs,1771319683893000000,1771319743905000000,2.7190146133333333E7
WriteAction.executionsCount,1771319683893000000,1771319743905000000,11
FlushQueue.queueSize90P,1771319683893000000,1771319743905000000,3
FlushQueue.waitingTimeMaxNs,1771319683893000000,1771319743905000000,411041791
FlushQueue.tasksExecuted,1771319683893000000,1771319743905000000,82
NonBlockingReadAction.failedExecutionTimeUs,1771319683893000000,1771319743905000000,0
NonBlockingReadAction.finalizedExecutionsCount,1771319683893000000,1771319743905000000,5
ReadAction.executionsCount,1771319683893000000,1771319743905000000,33262
AWTEventQueue.eventsDispatched,1771319683893000000,1771319743905000000,120
lexer.JAVA.size.bytes,1771319683893000000,1771319743905000000,163
lexer.Groovy.size.bytes,1771319683893000000,1771319743905000000,7261
writeAction.count,1771319683893000000,1771319743905000000,11
DiskQueryRelay.tasksExecuted,1771319683893000000,1771319743905000000,1414
DiskQueryRelay.taskExecutionTotalTimeUs,1771319683893000000,1771319743905000000,1243549
parser.CSS.size.bytes,1771319683893000000,1771319743905000000,20163
parser.ECMAScript.6.size.bytes,1771319683893000000,1771319743905000000,2037
parser.Groovy.size.bytes,1771319683893000000,1771319743905000000,7261
parser.yaml.size.bytes,1771319683893000000,1771319743905000000,1333
lexer.HTML.size.bytes,1771319683893000000,1771319743905000000,223525
parser.HTML.time.ns,1771319683893000000,1771319743905000000,769769170
lexer.CSS.size.bytes,1771319683893000000,1771319743905000000,20163
lexer.CSS.time.ns,1771319683893000000,1771319743905000000,56603578
parser.Groovy.time.ns,1771319683893000000,1771319743905000000,266971331
lexer.JAVA.time.ns,1771319683893000000,1771319743905000000,2256042
writeAction.wait.ms,1771319683893000000,1771319743905000000,88
parser.yaml.time.ns,1771319683893000000,1771319743905000000,23512542
lexer.HTML.time.ns,1771319683893000000,1771319743905000000,559241417
lexer.yaml.time.ns,1771319683893000000,1771319743905000000,9743166
parser.HTML.size.bytes,1771319683893000000,1771319743905000000,223525
parser.ECMAScript.6.time.ns,1771319683893000000,1771319743905000000,305436293
parser.JAVA.time.ns,1771319683893000000,1771319743905000000,68595458
parser.JAVA.size.bytes,1771319683893000000,1771319743905000000,163
writeAction.max.wait.ms,1771319683893000000,1771319743905000000,3142
LowMemory.gcOverloaded,1771319683893000000,1771319743905000000,0
LowMemory.gcLoad,1771319683893000000,1771319743905000000,0.0
lexer.yaml.size.bytes,1771319683893000000,1771319743905000000,1333
lexer.Groovy.time.ns,1771319683893000000,1771319743905000000,18163083
writeAction.median.wait.ms,1771319683893000000,1771319743905000000,4600
DiskQueryRelay.tasksRequested,1771319683893000000,1771319743905000000,1414
DiskQueryRelay.taskWaitingTotalTimeUs,1771319683893000000,1771319743905000000,1396444
parser.CSS.time.ns,1771319683893000000,1771319743905000000,1095305468
MEM.fileMappingsRamBytes,1771319683893000000,1771319743905000000,930017280
OS.loadAverage,1771319683893000000,1771319743905000000,4.9658203125
JVM.totalBytesAllocated,1771319683893000000,1771319743905000000,1934590296
JVM.GC.collections,1771319683893000000,1771319743905000000,3
JVM.GC.collectionTimesMs,1771319683893000000,1771319743905000000,892
MEM.ramBytes,1771319683893000000,1771319743905000000,4690038784
JVM.maxHeapBytes,1771319683893000000,1771319743905000000,28840034304
JVM.usedNativeBytes,1771319683893000000,1771319743905000000,600137192
JVM.usedHeapBytes,1771319683893000000,1771319743905000000,1338073440
JVM.totalTimeToSafepointsMs,1771319683893000000,1771319743905000000,129
JVM.totalDirectByteBuffersBytes,1771319683893000000,1771319743905000000,641454511
JVM.newThreadsCount,1771319683893000000,1771319743905000000,27
JVM.threadCount,1771319683893000000,1771319743905000000,78
JVM.maxThreadCount,1771319683893000000,1771319743905000000,186
MEM.ramMinusFileMappingsBytes,1771319683893000000,1771319743905000000,3760021504
JVM.totalTimeAtSafepointsMs,1771319683893000000,1771319743905000000,992
JVM.committedHeapBytes,1771319683893000000,1771319743905000000,2030043136
MEM.ramPlusSwapMinusFileMappingsBytes,1771319683893000000,1771319743905000000,3760021504
JVM.totalSafepointCount,1771319683893000000,1771319743905000000,58
JVM.totalCpuTimeMs,1771319683893000000,1771319743905000000,156510
compiler.ArtifactModifiableModelBridge.addArtifact.ms,1771319683893000000,1771319743905000000,0
compiler.ArtifactManagerBridge.getArtifacts.ms,1771319683893000000,1771319743905000000,0
compiler.ArtifactModifiableModelBridge.findArtifacts.ms,1771319683893000000,1771319743905000000,0
compiler.ArtifactManagerBridge.findArtifact.ms,1771319683893000000,1771319743905000000,0
compiler.ArtifactManagerBridge.commit.ms,1771319683893000000,1771319743905000000,0
compiler.ArtifactModifiableModelBridge.getArtifactsByType.ms,1771319683893000000,1771319743905000000,0
compiler.ArtifactManagerBridge.dropMappings.ms,1771319683893000000,1771319743905000000,0
compiler.ArtifactModifiableModelBridge.commit.ms,1771319683893000000,1771319743905000000,881
compiler.ArtifactVirtualFileListener.filePathChanged.ms,1771319683893000000,1771319743905000000,0
compiler.ArtifactManagerBridge.addArtifact.ms,1771319683893000000,1771319743905000000,0
compiler.ArtifactManagerBridge.getArtifactsByType.ms,1771319683893000000,1771319743905000000,0
compiler.ArtifactVirtualFileListener.propertyChanged.ms,1771319683893000000,1771319743905000000,0
compiler.ArtifactManagerBridge.initBridges.ms,1771319683893000000,1771319743905000000,0
compiler.ArtifactModifiableModelBridge.getArtifacts.ms,1771319683893000000,1771319743905000000,0
compiler.ArtifactModifiableModelBridge.dispose.ms,1771319683893000000,1771319743905000000,0
Indexing.writer_1.totalTimeSpentWritingMs,1771319683893000000,1771319743905000000,1107
Indexes.allKeys.lookups,1771319683893000000,1771319743905000000,3
Indexes.entries.lookupDurationAvgMs,1771319683893000000,1771319743905000000,31.833333333333332
Indexing.writesQueuedMax,1771319683893000000,1771319743905000000,4
Indexes.stubs.lookupDurationMaxMs,1771319683893000000,1771319743905000000,273.0
Indexing.cache.totalCacheEvicted,1771319683893000000,1771319743905000000,12518
Indexes.entries.lookupDuration90PMs,1771319683893000000,1771319743905000000,64.0
Indexing.cache.totalCacheAccesses,1771319683893000000,1771319743905000000,38392
Indexes.stubs.lookupDuration90PMs,1771319683893000000,1771319743905000000,6.0
Indexes.entries.lookups,1771319683893000000,1771319743905000000,18
Indexing.writer_3.totalTimeSpentWritingMs,1771319683893000000,1771319743905000000,374
Indexes.allKeys.lookupDurationAvgMs,1771319683893000000,1771319743905000000,22.666666666666668
Indexes.allKeys.lookupDurationMaxMs,1771319683893000000,1771319743905000000,45.0
Indexing.writesQueuedAvg,1771319683893000000,1771319743905000000,0.05714285714285714
Indexes.stubs.lookupDurationAvgMs,1771319683893000000,1771319743905000000,11.933333333333334
Indexing.writesQueuedMin,1771319683893000000,1771319743905000000,0
Indexing.totalTimeIndexersSleptMs,1771319683893000000,1771319743905000000,0
Indexing.writer_2.totalTimeSpentWritingMs,1771319683893000000,1771319743905000000,161
Indexing.writer_0.totalTimeSpentWritingMs,1771319683893000000,1771319743905000000,1358
Indexes.entries.lookupDurationMaxMs,1771319683893000000,1771319743905000000,389.0
Indexing.cache.totalCacheMisses,1771319683893000000,1771319743905000000,12526
Indexes.allKeys.lookupDuration90PMs,1771319683893000000,1771319743905000000,45.0
Indexes.stubs.lookups,1771319683893000000,1771319743905000000,30
VFS.contentStorage.recordsStored,1771319683893000000,1771319743905000000,9
VFS.contentStorage.recordsDeduplicated,1771319683893000000,1771319743905000000,12
VFS.cache.directoriesCreated,1771319683893000000,1771319743905000000,263
VFS.contentStorage.recordsReadDecompressed,1771319683893000000,1771319743905000000,1
VFS.invertedFileNameIndex.requests,1771319683893000000,1771319743905000000,0
VFS.cache.segmentsCreated,1771319683893000000,1771319743905000000,0
VFS.rootsCount,1771319683893000000,1771319743905000000,317.0
VFS.folderCaseSensitivityReads,1771319683893000000,1771319743905000000,6
VFS.contentStorage.recordsRead,1771319683893000000,1771319743905000000,7
FileNameCache.queries,1771319683893000000,1771319743905000000,67072
VFS.fileChildByName,1771319683893000000,1771319743905000000,6259
VFS.fileByIdCache.hits,1771319683893000000,1771319743905000000,12
VFS.contentStorage.recordsReadSize,1771319683893000000,1771319743905000000,32597
VFS.cache.filesCreated,1771319683893000000,1771319743905000000,32803
VFS.contentStorage.recordsUncompressedSize,1771319683893000000,1771319743905000000,524139
VFS.cache.segments,1771319683893000000,1771319743905000000,231.0
VFS.contentStorage.recordsStoredSize,1771319683893000000,1771319743905000000,280486
VFS.contentStorage.recordsStoredCompressed,1771319683893000000,1771319743905000000,5
VFS.fileByIdCache.misses,1771319683893000000,1771319743905000000,29
FileNameCache.totalMisses,1771319683893000000,1771319743905000000,448
VFS.contentStorage.recordsDecompressionTimeUs,1771319683893000000,1771319743905000000,2247
DirectByteBufferAllocator.totalSizeOfBuffersCachedInBytes,1771319683893000000,1771319743905000000,1048576
FilePageCache.maxRegisteredFiles,1771319683893000000,1771319743905000000,1850
DirectByteBufferAllocator.totalSizeOfBuffersAllocatedInBytes,1771319683893000000,1771319743905000000,630194176
DirectByteBufferAllocator.hits,1771319683893000000,1771319743905000000,3
StreamlinedBlobStorage.recordsDeleted,1771319683893000000,1771319743905000000,0
StreamlinedBlobStorage.totalLiveRecordsPayloadBytes,1771319683893000000,1771319743905000000,1455
FilePageCache.pageLoadsAboveSizeThreshold,1771319683893000000,1771319743905000000,3
FilePageCache.pageLoads,1771319683893000000,1771319743905000000,0
FileChannelInterruptsRetryer.totalRetriedAttempts,1771319683893000000,1771319743905000000,0
StorageLockContext.competingThreads.avg,1771319683893000000,1771319743905000000,0.0
FilePageCache.pageFastCacheHits,1771319683893000000,1771319743905000000,26392
FilePageCache.maxCacheSizeInBytes,1771319683893000000,1771319743905000000,629145600
StorageLockContext.competingThreads.90P,1771319683893000000,1771319743905000000,0
DirectByteBufferAllocator.misses,1771319683893000000,1771319743905000000,0
FilePageCache.pageHits,1771319683893000000,1771319743905000000,0
DirectByteBufferAllocator.reclaimed,1771319683893000000,1771319743905000000,3
FilePageCache.capacityInBytes,1771319683893000000,1771319743905000000,629145600
MappedFileStorage.totalTimeSpentOnMappingUs,1771319683893000000,1771319743905000000,2899130
DirectByteBufferAllocator.disposed,1771319683893000000,1771319743905000000,0
FilePageCache.disposedBuffers,1771319683893000000,1771319743905000000,3
MappedFileStorage.storages,1771319683893000000,1771319743905000000,16
FilePageCache.uncachedFileAccess,1771319683893000000,1771319743905000000,9
StreamlinedBlobStorage.recordsRelocated,1771319683893000000,1771319743905000000,0
FilePageCache.totalPageLoadsUs,1771319683893000000,1771319743905000000,6267
StorageLockContext.competingThreads.max,1771319683893000000,1771319743905000000,0
MappedFileStorage.totalPagesMapped,1771319683893000000,1771319743905000000,16
StreamlinedBlobStorage.recordsAllocated,1771319683893000000,1771319743905000000,129
FilePageCache.totalPageDisposalsUs,1771319683893000000,1771319743905000000,141
MappedFileStorage.totalBytesMapped,1771319683893000000,1771319743905000000,202637312
StreamlinedBlobStorage.totalLiveRecordsCapacityBytes,1771319683893000000,1771319743905000000,9030
jps.library.entities.serializer.save.entities.ms,1771319683893000000,1771319743905000000,47
workspaceModel.mutableEntityStorage.entities.by.source.ms,1771319683893000000,1771319743905000000,0
jps.module.dependency.index.workspace.model.listener.on.changed.ms,1771319683893000000,1771319743905000000,0
workspaceModel.mutableEntityStorage.changeLog.addReplaceEventForRemovedChild.ms,1771319683893000000,1771319743905000000,0
jps.global.initialize.library.bridges.ms,1771319683893000000,1771319743905000000,0
jps.app.storage.content.writer.save.component.ms,1771319683893000000,1771319743905000000,123
workspaceModel.moduleBridgeLoader.loading.modules.ms,1771319683893000000,1771319743905000000,0
jps.save.changed.project.entities.ms,1771319683893000000,1771319743905000000,456
jps.storage.jps.conf.reader.load.component.ms,1771319683893000000,1771319743905000000,0
jps.global.handle.changed.events.ms,1771319683893000000,1771319743905000000,0
jps.global.initialize.library.bridges.after.loading.ms,1771319683893000000,1771319743905000000,0
workspaceModel.mutableEntityStorage.resolve.ms,1771319683893000000,1771319743905000000,0
jps.global.handle.before.change.events.ms,1771319683893000000,1771319743905000000,0
workspaceModel.mutableEntityStorage.apply.changes.from.ms,1771319683893000000,1771319743905000000,0
workspaceModel.mutableEntityStorage.instances.count,1771319683893000000,1771319743905000000,0
jps.global.get.library.ms,1771319683893000000,1771319743905000000,0
jps.load.initial.state.ms,1771319683893000000,1771319743905000000,0
workspaceModel.mutableEntityStorage.collect.changes.ms,1771319683893000000,1771319743905000000,0
workspaceModel.load.cache.metadata.from.file.ms,1771319683893000000,1771319743905000000,0
workspaceModel.sync.entities.ms,1771319683893000000,1771319743905000000,0
workspaceModel.mutableEntityStorage.replace.by.source.ms,1771319683893000000,1771319743905000000,0
workspaceModel.mutableEntityStorage.hasReferrers.ms,1771319683893000000,1771319743905000000,0
workspaceModel.orphan.listener.update.ms,1771319683893000000,1771319743905000000,0
jps.global.get.libraries.ms,1771319683893000000,1771319743905000000,0
workspaceModel.save.cache.to.file.ms,1771319683893000000,1771319743905000000,0
workspaceModel.global.apply.state.to.project.ms,1771319683893000000,1771319743905000000,0
jps.apply.loaded.storage.ms,1771319683893000000,1771319743905000000,0
jps.reload.project.entities.ms,1771319683893000000,1771319743905000000,0
jps.artifact.entities.serializer.save.entities.ms,1771319683893000000,1771319743905000000,0
workspaceModel.moduleManagerBridge.new.nonPersistent.module.ms,1771319683893000000,1771319743905000000,0
jps.save.global.entities.ms,1771319683893000000,1771319743905000000,298
workspaceModel.moduleManagerBridge.create.module.instance.ms,1771319683893000000,1771319743905000000,0
jps.modifiable.module.model.bridge.new.module.ms,1771319683893000000,1771319743905000000,0
workspaceModel.mutableEntityStorage.mutable.ext.mapping.ms,1771319683893000000,1771319743905000000,0
workspaceModel.mutableEntityStorage.remove.entity.ms,1771319683893000000,1771319743905000000,0
workspaceModel.moduleBridge.facet.initialization.ms,1771319683893000000,1771319743905000000,0
workspaceModel.mutableEntityStorage.changeLog.addReplaceEventForRemovedParent.ms,1771319683893000000,1771319743905000000,0
jps.facet.change.listener.init.bridge.ms,1771319683893000000,1771319743905000000,0
workspaceModel.mutableEntityStorage.modify.entity.ms,1771319683893000000,1771319743905000000,0
workspaceModel.moduleManagerBridge.set.unloadedModules.ms,1771319683893000000,1771319743905000000,0
workspaceModel.mutableEntityStorage.add.entity.ms,1771319683893000000,1771319743905000000,0
workspaceModel.delayed.project.synchronizer.sync.ms,1771319683893000000,1771319743905000000,0
workspaceModel.mutableEntityStorage.changeLog.addReplaceEventForNewChild.ms,1771319683893000000,1771319743905000000,0
jps.facet.change.listener.before.change.events.ms,1771319683893000000,1771319743905000000,0
workspaceModel.global.updates.count,1771319683893000000,1771319743905000000,0
jps.module.iml.entities.serializer.load.entities.ms,1771319683893000000,1771319743905000000,0
workspaceModel.mutableEntityStorage.changeLog.addReplaceEventForNewParent.ms,1771319683893000000,1771319743905000000,0
jps.module.iml.entities.serializer.save.entities.ms,1771319683893000000,1771319743905000000,244
workspaceModel.moduleManagerBridge.newModule.ms,1771319683893000000,1771319743905000000,0
jps.artifact.entities.serializer.load.entities.ms,1771319683893000000,1771319743905000000,0
jps.modifiable.module.model.bridge.disposing.ms,1771319683893000000,1771319743905000000,0
workspaceModel.moduleManagerBridge.get.modules.ms,1771319683893000000,1771319743905000000,0
jps.project.serializers.load.ms,1771319683893000000,1771319743905000000,0
jps.load.project.to.empty.storage.ms,1771319683893000000,1771319743905000000,0
workspaceModel.mutableEntityStorage.mutable.vfurl.index.ms,1771319683893000000,1771319743905000000,0
workspaceModel.moduleManagerBridge.build.module.graph.ms,1771319683893000000,1771319743905000000,0
jps.global.get.library.by.name.ms,1771319683893000000,1771319743905000000,0
workspaceModel.mutableEntityStorage.entities.ms,1771319683893000000,1771319743905000000,0
workspaceModel.load.cache.from.file.ms,1771319683893000000,1771319743905000000,0
workspaceModel.mutableEntityStorage.put.entity.ms,1771319683893000000,1771319743905000000,0
jps.library.entities.serializer.load.entities.ms,1771319683893000000,1771319743905000000,0
jps.modifiable.module.model.bridge.renaming.ms,1771319683893000000,1771319743905000000,0
workspaceModel.do.save.caches.ms,1771319683893000000,1771319743905000000,0
jps.project.serializers.save.ms,1771319683893000000,1771319743905000000,451
jps.app.storage.content.reader.load.component.ms,1771319683893000000,1771319743905000000,0
workspaceModel.mutableEntityStorage.referrers.ms,1771319683893000000,1771319743905000000,0
jps.facet.change.listener.process.change.events.ms,1771319683893000000,1771319743905000000,0
workspaceModel.global.updates.ms,1771319683893000000,1771319743905000000,0
workspaceModel.moduleBridge.before.changed.ms,1771319683893000000,1771319743905000000,0
workspaceModel.global.apply.state.to.project.builder.ms,1771319683893000000,1771319743905000000,0
workspaceModel.moduleBridge.update.option.ms,1771319683893000000,1771319743905000000,0
workspaceModel.moduleManagerBridge.load.all.modules.ms,1771319683893000000,1771319743905000000,0
workspaceModel.mutableEntityStorage.has.same.entities.ms,1771319683893000000,1771319743905000000,0
workspaceModel.mutableEntityStorage.to.snapshot.ms,1771319683893000000,1771319743905000000,0
jps.modifiable.module.model.bridge.load.module.ms,1771319683893000000,1771319743905000000,0
workspaceModel.moduleManagerBridge.load.module.ms,1771319683893000000,1771319743905000000,0
workspaceModel.update.unloaded.entities.ms,1771319683893000000,1771319743905000000,0
workspaceModel.initializing.ms,1771319683893000000,1771319743905000000,0
workspaceModel.on.before.changed.ms,1771319683893000000,1771319743905000000,0
workspaceModel.cachedValue.clear.count,1771319683893000000,1771319743905000000,0
workspaceModel.cachedValue.calculated.count,1771319683893000000,1771319743905000000,1
workspaceModel.on.changed.ms,1771319683893000000,1771319743905000000,0
workspaceModel.cachedValueWithParameters.calculated.count,1771319683893000000,1771319743905000000,1
workspaceModel.workspaceFileIndexData.markDirty.ms,1771319683893000000,1771319743905000000,0
workspaceModel.cachedValueWithParameters.from.cache.count,1771319683893000000,1771319743905000000,1
workspaceModel.workspaceFileIndexData.getFileInfo.ms,1771319683893000000,1771319743905000000,184
workspaceModel.workspaceFileIndexData.getPackageName.ms,1771319683893000000,1771319743905000000,0
workspaceModel.cachedValueWithParameters.total.get.count,1771319683893000000,1771319743905000000,2
workspaceModel.replace.project.model.ms,1771319683893000000,1771319743905000000,0
workspaceModel.full.replace.project.model.ms,1771319683893000000,1771319743905000000,0
workspaceModel.to.snapshot.ms,1771319683893000000,1771319743905000000,0
workspaceModel.cachedValue.total.get.count,1771319683893000000,1771319743905000000,3887
workspaceModel.loading.total.ms,1771319683893000000,1771319743905000000,0
workspaceModel.workspaceFileIndexData.processFileSets.ms,1771319683893000000,1771319743905000000,0
workspaceModel.loading.from.cache.ms,1771319683893000000,1771319743905000000,0
workspaceModel.pre.handlers.ms,1771319683893000000,1771319743905000000,0
workspaceModel.updates.count,1771319683893000000,1771319743905000000,0
workspaceModel.workspaceFileIndexContributor.registerFileSets.ms,1771319683893000000,1771319743905000000,0
workspaceModel.updates.precise.ms,1771319683893000000,1771319743905000000,0
workspaceModel.cachedValueWithParameters.clear.count,1771319683893000000,1771319743905000000,0
workspaceModel.updates.ms,1771319683893000000,1771319743905000000,0
workspaceModel.workspaceFileIndexData.onEntitiesChanged.ms,1771319683893000000,1771319743905000000,0
workspaceModel.entityStorageSnapshotImpl.instances.count,1771319683893000000,1771319743905000000,0
workspaceModel.workspaceFileIndexData.init.ms,1771319683893000000,1771319743905000000,0
workspaceModel.check.recursive.update.ms,1771319683893000000,1771319743905000000,0
workspaceModel.init.bridges.ms,1771319683893000000,1771319743905000000,0
workspaceModel.workspaceFileIndexData.instances.count,1771319683893000000,1771319743905000000,0
workspaceModel.workspaceFileIndexData.updateDirtyEntities.ms,1771319683893000000,1771319743905000000,0
workspaceModel.cachedValue.from.cache.count,1771319683893000000,1771319743905000000,3886
workspaceModel.collect.changes.ms,1771319683893000000,1771319743905000000,0
workspaceModel.workspaceFileIndexData.getDirectoriesByPackageName.ms,1771319683893000000,1771319743905000000,0
workspaceModel.workspaceFileIndexData.visitFileSets.ms,1771319683893000000,1771319743905000000,11
cacheStateStorage.set.duration,1771319683893000000,1771319743905000000,135
cacheStateStorage.set.counter,1771319683893000000,1771319743905000000,79
cacheStateStorage.get.counter,1771319683893000000,1771319743905000000,0
cacheStateStorage.get.duration,1771319683893000000,1771319743905000000,0
AWTEventQueue.dispatchTimeTotalNS,1771319743905000000,1771319803909000000,7599244083
AWTEventQueue.dispatchTime90PNs,1771319743905000000,1771319803909000000,234881023
FlushQueue.waitingTime90PNs,1771319743905000000,1771319803909000000,392167423
FlushQueue.executionTimeAvgNs,1771319743905000000,1771319803909000000,5.296378109090909E7
NonBlockingReadAction.failedExecutionsCount,1771319743905000000,1771319803909000000,0
FlushQueue.queueSizeAvg,1771319743905000000,1771319803909000000,0.875
FlushQueue.executionTimeMaxNs,1771319743905000000,1771319803909000000,2634022911
FlushQueue.waitingTimeAvgNs,1771319743905000000,1771319803909000000,1.4794096872727272E8
FlushQueue.executionTime90PNs,1771319743905000000,1771319803909000000,102236159
AWTEventQueue.dispatchTimeMaxNs,1771319743905000000,1771319803909000000,2684354559
NonBlockingReadAction.finalizedExecutionTimeUs,1771319743905000000,1771319803909000000,1421581
FlushQueue.queueSizeMax,1771319743905000000,1771319803909000000,9
AWTEventQueue.dispatchTimeAvgNs,1771319743905000000,1771319803909000000,5.549868099270073E7
WriteAction.executionsCount,1771319743905000000,1771319803909000000,1
FlushQueue.queueSize90P,1771319743905000000,1771319803909000000,4
FlushQueue.waitingTimeMaxNs,1771319743905000000,1771319803909000000,2466250751
FlushQueue.tasksExecuted,1771319743905000000,1771319803909000000,88
NonBlockingReadAction.failedExecutionTimeUs,1771319743905000000,1771319803909000000,0
NonBlockingReadAction.finalizedExecutionsCount,1771319743905000000,1771319803909000000,42
ReadAction.executionsCount,1771319743905000000,1771319803909000000,296411
AWTEventQueue.eventsDispatched,1771319743905000000,1771319803909000000,137
parser.textmate.size.bytes,1771319743905000000,1771319803909000000,878915
lexer.JAVA.size.bytes,1771319743905000000,1771319803909000000,54814
lexer.Groovy.size.bytes,1771319743905000000,1771319803909000000,2733
writeAction.count,1771319743905000000,1771319803909000000,1
lexer.Properties.size.bytes,1771319743905000000,1771319803909000000,276
lexer.Properties.time.ns,1771319743905000000,1771319803909000000,4900750
DiskQueryRelay.tasksExecuted,1771319743905000000,1771319803909000000,1025
parser.Properties.time.ns,1771319743905000000,1771319803909000000,68397458
DiskQueryRelay.taskExecutionTotalTimeUs,1771319743905000000,1771319803909000000,6242503
parser.CSS.size.bytes,1771319743905000000,1771319803909000000,11500
parser.ECMAScript.6.size.bytes,1771319743905000000,1771319803909000000,3667
parser.Groovy.size.bytes,1771319743905000000,1771319803909000000,2733
parser.yaml.size.bytes,1771319743905000000,1771319803909000000,3201
lexer.JSON.time.ns,1771319743905000000,1771319803909000000,667534336
parser.textmate.time.ns,1771319743905000000,1771319803909000000,271587459
lexer.HTML.size.bytes,1771319743905000000,1771319803909000000,115307
parser.HTML.time.ns,1771319743905000000,1771319803909000000,694837377
parser.JSON.size.bytes,1771319743905000000,1771319803909000000,2522196
lexer.CSS.size.bytes,1771319743905000000,1771319803909000000,11500
lexer.ECMAScript.6.time.ns,1771319743905000000,1771319803909000000,798417
lexer.CSS.time.ns,1771319743905000000,1771319803909000000,50447756
parser.Groovy.time.ns,1771319743905000000,1771319803909000000,2154375589
lexer.textmate.time.ns,1771319743905000000,1771319803909000000,12882750
lexer.JAVA.time.ns,1771319743905000000,1771319803909000000,1002630327
writeAction.wait.ms,1771319743905000000,1771319803909000000,203
lexer.ECMAScript.6.size.bytes,1771319743905000000,1771319803909000000,2240
parser.yaml.time.ns,1771319743905000000,1771319803909000000,258671667
lexer.HTML.time.ns,1771319743905000000,1771319803909000000,581431625
lexer.yaml.time.ns,1771319743905000000,1771319803909000000,156693667
parser.HTML.size.bytes,1771319743905000000,1771319803909000000,115307
parser.Properties.size.bytes,1771319743905000000,1771319803909000000,276
parser.ECMAScript.6.time.ns,1771319743905000000,1771319803909000000,365193211
parser.JAVA.time.ns,1771319743905000000,1771319803909000000,10469794442
parser.JAVA.size.bytes,1771319743905000000,1771319803909000000,53838
lexer.textmate.size.bytes,1771319743905000000,1771319803909000000,878915
writeAction.max.wait.ms,1771319743905000000,1771319803909000000,3142
LowMemory.gcOverloaded,1771319743905000000,1771319803909000000,0
LowMemory.gcLoad,1771319743905000000,1771319803909000000,0.0
lexer.yaml.size.bytes,1771319743905000000,1771319803909000000,3201
lexer.Groovy.time.ns,1771319743905000000,1771319803909000000,158040867
writeAction.median.wait.ms,1771319743905000000,1771319803909000000,4600
DiskQueryRelay.tasksRequested,1771319743905000000,1771319803909000000,1126
DiskQueryRelay.taskWaitingTotalTimeUs,1771319743905000000,1771319803909000000,8374566
parser.CSS.time.ns,1771319743905000000,1771319803909000000,479477707
parser.JSON.time.ns,1771319743905000000,1771319803909000000,9098206838
lexer.JSON.size.bytes,1771319743905000000,1771319803909000000,2921472
MEM.fileMappingsRamBytes,1771319743905000000,1771319803909000000,968040448
OS.loadAverage,1771319743905000000,1771319803909000000,4.646484375
JVM.totalBytesAllocated,1771319743905000000,1771319803909000000,2180232360
JVM.GC.collections,1771319743905000000,1771319803909000000,7
JVM.GC.collectionTimesMs,1771319743905000000,1771319803909000000,926
MEM.ramBytes,1771319743905000000,1771319803909000000,4828581888
JVM.maxHeapBytes,1771319743905000000,1771319803909000000,28840034304
JVM.usedNativeBytes,1771319743905000000,1771319803909000000,659705728
JVM.usedHeapBytes,1771319743905000000,1771319803909000000,1293320576
JVM.totalTimeToSafepointsMs,1771319743905000000,1771319803909000000,277
JVM.totalDirectByteBuffersBytes,1771319743905000000,1771319803909000000,644003820
JVM.newThreadsCount,1771319743905000000,1771319803909000000,19
JVM.threadCount,1771319743905000000,1771319803909000000,67
JVM.maxThreadCount,1771319743905000000,1771319803909000000,186
MEM.ramMinusFileMappingsBytes,1771319743905000000,1771319803909000000,3860541440
JVM.totalTimeAtSafepointsMs,1771319743905000000,1771319803909000000,1104
JVM.committedHeapBytes,1771319743905000000,1771319803909000000,2030043136
MEM.ramPlusSwapMinusFileMappingsBytes,1771319743905000000,1771319803909000000,3860541440
JVM.totalSafepointCount,1771319743905000000,1771319803909000000,73
JVM.totalCpuTimeMs,1771319743905000000,1771319803909000000,271170
compiler.ArtifactModifiableModelBridge.addArtifact.ms,1771319743905000000,1771319803909000000,0
compiler.ArtifactManagerBridge.getArtifacts.ms,1771319743905000000,1771319803909000000,0
compiler.ArtifactModifiableModelBridge.findArtifacts.ms,1771319743905000000,1771319803909000000,0
compiler.ArtifactManagerBridge.findArtifact.ms,1771319743905000000,1771319803909000000,0
compiler.ArtifactManagerBridge.commit.ms,1771319743905000000,1771319803909000000,0
compiler.ArtifactModifiableModelBridge.getArtifactsByType.ms,1771319743905000000,1771319803909000000,0
compiler.ArtifactManagerBridge.dropMappings.ms,1771319743905000000,1771319803909000000,0
compiler.ArtifactModifiableModelBridge.commit.ms,1771319743905000000,1771319803909000000,881
compiler.ArtifactVirtualFileListener.filePathChanged.ms,1771319743905000000,1771319803909000000,0
compiler.ArtifactManagerBridge.addArtifact.ms,1771319743905000000,1771319803909000000,0
compiler.ArtifactManagerBridge.getArtifactsByType.ms,1771319743905000000,1771319803909000000,0
compiler.ArtifactVirtualFileListener.propertyChanged.ms,1771319743905000000,1771319803909000000,0
compiler.ArtifactManagerBridge.initBridges.ms,1771319743905000000,1771319803909000000,0
compiler.ArtifactModifiableModelBridge.getArtifacts.ms,1771319743905000000,1771319803909000000,0
compiler.ArtifactModifiableModelBridge.dispose.ms,1771319743905000000,1771319803909000000,0
Indexing.writer_1.totalTimeSpentWritingMs,1771319743905000000,1771319803909000000,0
Indexes.allKeys.lookups,1771319743905000000,1771319803909000000,3
Indexes.entries.lookupDurationAvgMs,1771319743905000000,1771319803909000000,3.4663432383262585
Indexing.writesQueuedMax,1771319743905000000,1771319803909000000,0
Indexes.stubs.lookupDurationMaxMs,1771319743905000000,1771319803909000000,1359.0
Indexing.cache.totalCacheEvicted,1771319743905000000,1771319803909000000,7108
Indexes.entries.lookupDuration90PMs,1771319743905000000,1771319803909000000,4.0
Indexing.cache.totalCacheAccesses,1771319743905000000,1771319803909000000,21486
Indexes.stubs.lookupDuration90PMs,1771319743905000000,1771319803909000000,1.0
Indexes.entries.lookups,1771319743905000000,1771319803909000000,1649
Indexing.writer_3.totalTimeSpentWritingMs,1771319743905000000,1771319803909000000,0
Indexes.allKeys.lookupDurationAvgMs,1771319743905000000,1771319803909000000,56.666666666666664
Indexes.allKeys.lookupDurationMaxMs,1771319743905000000,1771319803909000000,81.0
Indexing.writesQueuedAvg,1771319743905000000,1771319803909000000,0.0
Indexes.stubs.lookupDurationAvgMs,1771319743905000000,1771319803909000000,2.6239813736903375
Indexing.writesQueuedMin,1771319743905000000,1771319803909000000,0
Indexing.totalTimeIndexersSleptMs,1771319743905000000,1771319803909000000,0
Indexing.writer_2.totalTimeSpentWritingMs,1771319743905000000,1771319803909000000,0
Indexing.writer_0.totalTimeSpentWritingMs,1771319743905000000,1771319803909000000,0
Indexes.entries.lookupDurationMaxMs,1771319743905000000,1771319803909000000,239.0
Indexing.cache.totalCacheMisses,1771319743905000000,1771319803909000000,8956
Indexes.allKeys.lookupDuration90PMs,1771319743905000000,1771319803909000000,81.0
Indexes.stubs.lookups,1771319743905000000,1771319803909000000,7731
VFS.contentStorage.recordsStored,1771319743905000000,1771319803909000000,381
VFS.contentStorage.recordsDeduplicated,1771319743905000000,1771319803909000000,74
VFS.cache.directoriesCreated,1771319743905000000,1771319803909000000,376
VFS.contentStorage.recordsReadDecompressed,1771319743905000000,1771319803909000000,21
VFS.invertedFileNameIndex.requests,1771319743905000000,1771319803909000000,2
VFS.cache.segmentsCreated,1771319743905000000,1771319803909000000,1
VFS.rootsCount,1771319743905000000,1771319803909000000,324.0
VFS.folderCaseSensitivityReads,1771319743905000000,1771319803909000000,16
VFS.contentStorage.recordsRead,1771319743905000000,1771319803909000000,237
FileNameCache.queries,1771319743905000000,1771319803909000000,119232
VFS.fileChildByName,1771319743905000000,1771319803909000000,26187
VFS.fileByIdCache.hits,1771319743905000000,1771319803909000000,182
VFS.contentStorage.recordsReadSize,1771319743905000000,1771319803909000000,4374456
VFS.cache.filesCreated,1771319743905000000,1771319803909000000,6502
VFS.contentStorage.recordsUncompressedSize,1771319743905000000,1771319803909000000,16643876
VFS.cache.segments,1771319743905000000,1771319803909000000,232.0
VFS.contentStorage.recordsStoredSize,1771319743905000000,1771319803909000000,2976022
VFS.contentStorage.recordsStoredCompressed,1771319743905000000,1771319803909000000,156
VFS.fileByIdCache.misses,1771319743905000000,1771319803909000000,2745
FileNameCache.totalMisses,1771319743905000000,1771319803909000000,704
VFS.contentStorage.recordsDecompressionTimeUs,1771319743905000000,1771319803909000000,207472
DirectByteBufferAllocator.totalSizeOfBuffersCachedInBytes,1771319743905000000,1771319803909000000,1048576
FilePageCache.maxRegisteredFiles,1771319743905000000,1771319803909000000,1853
DirectByteBufferAllocator.totalSizeOfBuffersAllocatedInBytes,1771319743905000000,1771319803909000000,630194176
DirectByteBufferAllocator.hits,1771319743905000000,1771319803909000000,19
StreamlinedBlobStorage.recordsDeleted,1771319743905000000,1771319803909000000,3
StreamlinedBlobStorage.totalLiveRecordsPayloadBytes,1771319743905000000,1771319803909000000,1048027
FilePageCache.pageLoadsAboveSizeThreshold,1771319743905000000,1771319803909000000,19
FilePageCache.pageLoads,1771319743905000000,1771319803909000000,0
FileChannelInterruptsRetryer.totalRetriedAttempts,1771319743905000000,1771319803909000000,0
StorageLockContext.competingThreads.avg,1771319743905000000,1771319803909000000,0.008547008547008548
FilePageCache.pageFastCacheHits,1771319743905000000,1771319803909000000,9142
FilePageCache.maxCacheSizeInBytes,1771319743905000000,1771319803909000000,629145600
StorageLockContext.competingThreads.90P,1771319743905000000,1771319803909000000,0
DirectByteBufferAllocator.misses,1771319743905000000,1771319803909000000,0
FilePageCache.pageHits,1771319743905000000,1771319803909000000,624
DirectByteBufferAllocator.reclaimed,1771319743905000000,1771319803909000000,19
FilePageCache.capacityInBytes,1771319743905000000,1771319803909000000,629145600
MappedFileStorage.totalTimeSpentOnMappingUs,1771319743905000000,1771319803909000000,2899130
DirectByteBufferAllocator.disposed,1771319743905000000,1771319803909000000,0
FilePageCache.disposedBuffers,1771319743905000000,1771319803909000000,19
MappedFileStorage.storages,1771319743905000000,1771319803909000000,16
FilePageCache.uncachedFileAccess,1771319743905000000,1771319803909000000,41
StreamlinedBlobStorage.recordsRelocated,1771319743905000000,1771319803909000000,0
FilePageCache.totalPageLoadsUs,1771319743905000000,1771319803909000000,260353
StorageLockContext.competingThreads.max,1771319743905000000,1771319803909000000,1
MappedFileStorage.totalPagesMapped,1771319743905000000,1771319803909000000,16
StreamlinedBlobStorage.recordsAllocated,1771319743905000000,1771319803909000000,547
FilePageCache.totalPageDisposalsUs,1771319743905000000,1771319803909000000,6475
MappedFileStorage.totalBytesMapped,1771319743905000000,1771319803909000000,202637312
StreamlinedBlobStorage.totalLiveRecordsCapacityBytes,1771319743905000000,1771319803909000000,1377896
jps.library.entities.serializer.save.entities.ms,1771319743905000000,1771319803909000000,0
workspaceModel.mutableEntityStorage.entities.by.source.ms,1771319743905000000,1771319803909000000,0
jps.module.dependency.index.workspace.model.listener.on.changed.ms,1771319743905000000,1771319803909000000,0
workspaceModel.mutableEntityStorage.changeLog.addReplaceEventForRemovedChild.ms,1771319743905000000,1771319803909000000,0
jps.global.initialize.library.bridges.ms,1771319743905000000,1771319803909000000,0
jps.app.storage.content.writer.save.component.ms,1771319743905000000,1771319803909000000,0
workspaceModel.moduleBridgeLoader.loading.modules.ms,1771319743905000000,1771319803909000000,0
jps.save.changed.project.entities.ms,1771319743905000000,1771319803909000000,0
jps.storage.jps.conf.reader.load.component.ms,1771319743905000000,1771319803909000000,0
jps.global.handle.changed.events.ms,1771319743905000000,1771319803909000000,0
jps.global.initialize.library.bridges.after.loading.ms,1771319743905000000,1771319803909000000,0
workspaceModel.mutableEntityStorage.resolve.ms,1771319743905000000,1771319803909000000,0
jps.global.handle.before.change.events.ms,1771319743905000000,1771319803909000000,0
workspaceModel.mutableEntityStorage.apply.changes.from.ms,1771319743905000000,1771319803909000000,0
workspaceModel.mutableEntityStorage.instances.count,1771319743905000000,1771319803909000000,0
jps.global.get.library.ms,1771319743905000000,1771319803909000000,0
jps.load.initial.state.ms,1771319743905000000,1771319803909000000,0
workspaceModel.mutableEntityStorage.collect.changes.ms,1771319743905000000,1771319803909000000,0
workspaceModel.load.cache.metadata.from.file.ms,1771319743905000000,1771319803909000000,0
workspaceModel.sync.entities.ms,1771319743905000000,1771319803909000000,0
workspaceModel.mutableEntityStorage.replace.by.source.ms,1771319743905000000,1771319803909000000,0
workspaceModel.mutableEntityStorage.hasReferrers.ms,1771319743905000000,1771319803909000000,0
workspaceModel.orphan.listener.update.ms,1771319743905000000,1771319803909000000,0
jps.global.get.libraries.ms,1771319743905000000,1771319803909000000,29
workspaceModel.save.cache.to.file.ms,1771319743905000000,1771319803909000000,0
workspaceModel.global.apply.state.to.project.ms,1771319743905000000,1771319803909000000,0
jps.apply.loaded.storage.ms,1771319743905000000,1771319803909000000,0
jps.reload.project.entities.ms,1771319743905000000,1771319803909000000,0
jps.artifact.entities.serializer.save.entities.ms,1771319743905000000,1771319803909000000,0
workspaceModel.moduleManagerBridge.new.nonPersistent.module.ms,1771319743905000000,1771319803909000000,0
jps.save.global.entities.ms,1771319743905000000,1771319803909000000,0
workspaceModel.moduleManagerBridge.create.module.instance.ms,1771319743905000000,1771319803909000000,0
jps.modifiable.module.model.bridge.new.module.ms,1771319743905000000,1771319803909000000,0
workspaceModel.mutableEntityStorage.mutable.ext.mapping.ms,1771319743905000000,1771319803909000000,0
workspaceModel.mutableEntityStorage.remove.entity.ms,1771319743905000000,1771319803909000000,0
workspaceModel.moduleBridge.facet.initialization.ms,1771319743905000000,1771319803909000000,0
workspaceModel.mutableEntityStorage.changeLog.addReplaceEventForRemovedParent.ms,1771319743905000000,1771319803909000000,0
jps.facet.change.listener.init.bridge.ms,1771319743905000000,1771319803909000000,0
workspaceModel.mutableEntityStorage.modify.entity.ms,1771319743905000000,1771319803909000000,0
workspaceModel.moduleManagerBridge.set.unloadedModules.ms,1771319743905000000,1771319803909000000,0
workspaceModel.mutableEntityStorage.add.entity.ms,1771319743905000000,1771319803909000000,0
workspaceModel.delayed.project.synchronizer.sync.ms,1771319743905000000,1771319803909000000,0
workspaceModel.mutableEntityStorage.changeLog.addReplaceEventForNewChild.ms,1771319743905000000,1771319803909000000,0
jps.facet.change.listener.before.change.events.ms,1771319743905000000,1771319803909000000,0
workspaceModel.global.updates.count,1771319743905000000,1771319803909000000,0
jps.module.iml.entities.serializer.load.entities.ms,1771319743905000000,1771319803909000000,0
workspaceModel.mutableEntityStorage.changeLog.addReplaceEventForNewParent.ms,1771319743905000000,1771319803909000000,0
jps.module.iml.entities.serializer.save.entities.ms,1771319743905000000,1771319803909000000,0
workspaceModel.moduleManagerBridge.newModule.ms,1771319743905000000,1771319803909000000,0
jps.artifact.entities.serializer.load.entities.ms,1771319743905000000,1771319803909000000,0
jps.modifiable.module.model.bridge.disposing.ms,1771319743905000000,1771319803909000000,0
workspaceModel.moduleManagerBridge.get.modules.ms,1771319743905000000,1771319803909000000,0
jps.project.serializers.load.ms,1771319743905000000,1771319803909000000,0
jps.load.project.to.empty.storage.ms,1771319743905000000,1771319803909000000,0
workspaceModel.mutableEntityStorage.mutable.vfurl.index.ms,1771319743905000000,1771319803909000000,0
workspaceModel.moduleManagerBridge.build.module.graph.ms,1771319743905000000,1771319803909000000,0
jps.global.get.library.by.name.ms,1771319743905000000,1771319803909000000,0
workspaceModel.mutableEntityStorage.entities.ms,1771319743905000000,1771319803909000000,0
workspaceModel.load.cache.from.file.ms,1771319743905000000,1771319803909000000,0
workspaceModel.mutableEntityStorage.put.entity.ms,1771319743905000000,1771319803909000000,0
jps.library.entities.serializer.load.entities.ms,1771319743905000000,1771319803909000000,0
jps.modifiable.module.model.bridge.renaming.ms,1771319743905000000,1771319803909000000,0
workspaceModel.do.save.caches.ms,1771319743905000000,1771319803909000000,0
jps.project.serializers.save.ms,1771319743905000000,1771319803909000000,0
jps.app.storage.content.reader.load.component.ms,1771319743905000000,1771319803909000000,0
workspaceModel.mutableEntityStorage.referrers.ms,1771319743905000000,1771319803909000000,0
jps.facet.change.listener.process.change.events.ms,1771319743905000000,1771319803909000000,0
workspaceModel.global.updates.ms,1771319743905000000,1771319803909000000,0
workspaceModel.moduleBridge.before.changed.ms,1771319743905000000,1771319803909000000,0
workspaceModel.global.apply.state.to.project.builder.ms,1771319743905000000,1771319803909000000,0
workspaceModel.moduleBridge.update.option.ms,1771319743905000000,1771319803909000000,0
workspaceModel.moduleManagerBridge.load.all.modules.ms,1771319743905000000,1771319803909000000,0
workspaceModel.mutableEntityStorage.has.same.entities.ms,1771319743905000000,1771319803909000000,0
workspaceModel.mutableEntityStorage.to.snapshot.ms,1771319743905000000,1771319803909000000,0
jps.modifiable.module.model.bridge.load.module.ms,1771319743905000000,1771319803909000000,0
workspaceModel.moduleManagerBridge.load.module.ms,1771319743905000000,1771319803909000000,0
workspaceModel.update.unloaded.entities.ms,1771319743905000000,1771319803909000000,0
workspaceModel.initializing.ms,1771319743905000000,1771319803909000000,0
workspaceModel.on.before.changed.ms,1771319743905000000,1771319803909000000,0
workspaceModel.cachedValue.clear.count,1771319743905000000,1771319803909000000,0
workspaceModel.cachedValue.calculated.count,1771319743905000000,1771319803909000000,3
workspaceModel.on.changed.ms,1771319743905000000,1771319803909000000,0
workspaceModel.cachedValueWithParameters.calculated.count,1771319743905000000,1771319803909000000,0
workspaceModel.workspaceFileIndexData.markDirty.ms,1771319743905000000,1771319803909000000,0
workspaceModel.cachedValueWithParameters.from.cache.count,1771319743905000000,1771319803909000000,183
workspaceModel.workspaceFileIndexData.getFileInfo.ms,1771319743905000000,1771319803909000000,3786
workspaceModel.workspaceFileIndexData.getPackageName.ms,1771319743905000000,1771319803909000000,111
workspaceModel.cachedValueWithParameters.total.get.count,1771319743905000000,1771319803909000000,183
workspaceModel.replace.project.model.ms,1771319743905000000,1771319803909000000,0
workspaceModel.full.replace.project.model.ms,1771319743905000000,1771319803909000000,0
workspaceModel.to.snapshot.ms,1771319743905000000,1771319803909000000,0
workspaceModel.cachedValue.total.get.count,1771319743905000000,1771319803909000000,767
workspaceModel.loading.total.ms,1771319743905000000,1771319803909000000,0
workspaceModel.workspaceFileIndexData.processFileSets.ms,1771319743905000000,1771319803909000000,0
workspaceModel.loading.from.cache.ms,1771319743905000000,1771319803909000000,0
workspaceModel.pre.handlers.ms,1771319743905000000,1771319803909000000,0
workspaceModel.updates.count,1771319743905000000,1771319803909000000,0
workspaceModel.workspaceFileIndexContributor.registerFileSets.ms,1771319743905000000,1771319803909000000,0
workspaceModel.updates.precise.ms,1771319743905000000,1771319803909000000,0
workspaceModel.cachedValueWithParameters.clear.count,1771319743905000000,1771319803909000000,0
workspaceModel.updates.ms,1771319743905000000,1771319803909000000,0
workspaceModel.workspaceFileIndexData.onEntitiesChanged.ms,1771319743905000000,1771319803909000000,0
workspaceModel.entityStorageSnapshotImpl.instances.count,1771319743905000000,1771319803909000000,0
workspaceModel.workspaceFileIndexData.init.ms,1771319743905000000,1771319803909000000,0
workspaceModel.check.recursive.update.ms,1771319743905000000,1771319803909000000,0
workspaceModel.init.bridges.ms,1771319743905000000,1771319803909000000,0
workspaceModel.workspaceFileIndexData.instances.count,1771319743905000000,1771319803909000000,0
workspaceModel.workspaceFileIndexData.updateDirtyEntities.ms,1771319743905000000,1771319803909000000,0
workspaceModel.cachedValue.from.cache.count,1771319743905000000,1771319803909000000,764
workspaceModel.collect.changes.ms,1771319743905000000,1771319803909000000,0
workspaceModel.workspaceFileIndexData.getDirectoriesByPackageName.ms,1771319743905000000,1771319803909000000,409
workspaceModel.workspaceFileIndexData.visitFileSets.ms,1771319743905000000,1771319803909000000,15
cacheStateStorage.set.duration,1771319743905000000,1771319803909000000,0
cacheStateStorage.set.counter,1771319743905000000,1771319803909000000,0
cacheStateStorage.get.counter,1771319743905000000,1771319803909000000,0
cacheStateStorage.get.duration,1771319743905000000,1771319803909000000,0
AWTEventQueue.dispatchTimeTotalNS,1771319803909000000,1771319863916000000,5577537798
AWTEventQueue.dispatchTime90PNs,1771319803909000000,1771319863916000000,191889407
FlushQueue.waitingTime90PNs,1771319803909000000,1771319863916000000,235929599
FlushQueue.executionTimeAvgNs,1771319803909000000,1771319863916000000,3.2760617513513513E7
NonBlockingReadAction.failedExecutionsCount,1771319803909000000,1771319863916000000,0
FlushQueue.queueSizeAvg,1771319803909000000,1771319863916000000,0.13513513513513514
FlushQueue.executionTimeMaxNs,1771319803909000000,1771319863916000000,352321535
FlushQueue.waitingTimeAvgNs,1771319803909000000,1771319863916000000,6.364133708108108E7
FlushQueue.executionTime90PNs,1771319803909000000,1771319863916000000,104857599
AWTEventQueue.dispatchTimeMaxNs,1771319803909000000,1771319863916000000,679477247
NonBlockingReadAction.finalizedExecutionTimeUs,1771319803909000000,1771319863916000000,2628651
FlushQueue.queueSizeMax,1771319803909000000,1771319863916000000,3
AWTEventQueue.dispatchTimeAvgNs,1771319803909000000,1771319863916000000,4.067656128467153E7
WriteAction.executionsCount,1771319803909000000,1771319863916000000,0
FlushQueue.queueSize90P,1771319803909000000,1771319863916000000,0
FlushQueue.waitingTimeMaxNs,1771319803909000000,1771319863916000000,408944639
FlushQueue.tasksExecuted,1771319803909000000,1771319863916000000,74
NonBlockingReadAction.failedExecutionTimeUs,1771319803909000000,1771319863916000000,0
NonBlockingReadAction.finalizedExecutionsCount,1771319803909000000,1771319863916000000,67
ReadAction.executionsCount,1771319803909000000,1771319863916000000,266868
AWTEventQueue.eventsDispatched,1771319803909000000,1771319863916000000,137
lexer.JAVA.size.bytes,1771319803909000000,1771319863916000000,75869
lexer.Groovy.size.bytes,1771319803909000000,1771319863916000000,2933
parser.XML.size.bytes,1771319803909000000,1771319863916000000,26218
writeAction.count,1771319803909000000,1771319863916000000,0
lexer.Properties.size.bytes,1771319803909000000,1771319863916000000,2499
lexer.Properties.time.ns,1771319803909000000,1771319863916000000,37140708
DiskQueryRelay.tasksExecuted,1771319803909000000,1771319863916000000,3362
parser.Properties.time.ns,1771319803909000000,1771319863916000000,120584582
DiskQueryRelay.taskExecutionTotalTimeUs,1771319803909000000,1771319863916000000,4060052
parser.CSS.size.bytes,1771319803909000000,1771319863916000000,11538
parser.ECMAScript.6.size.bytes,1771319803909000000,1771319863916000000,1347
parser.Groovy.size.bytes,1771319803909000000,1771319863916000000,2933
parser.RegExp.time.ns,1771319803909000000,1771319863916000000,629676959
parser.yaml.size.bytes,1771319803909000000,1771319863916000000,226
lexer.JSON.time.ns,1771319803909000000,1771319863916000000,353055833
parser.RegExp.size.bytes,1771319803909000000,1771319863916000000,102
lexer.HTML.size.bytes,1771319803909000000,1771319863916000000,127572
parser.XML.time.ns,1771319803909000000,1771319863916000000,398226834
parser.HTML.time.ns,1771319803909000000,1771319863916000000,1118820501
parser.JSON.size.bytes,1771319803909000000,1771319863916000000,1364341
lexer.RegExp.time.ns,1771319803909000000,1771319863916000000,158454125
lexer.CSS.size.bytes,1771319803909000000,1771319863916000000,11538
lexer.XML.time.ns,1771319803909000000,1771319863916000000,76712000
lexer.CSS.time.ns,1771319803909000000,1771319863916000000,73890747
parser.Groovy.time.ns,1771319803909000000,1771319863916000000,1658614160
lexer.JAVA.time.ns,1771319803909000000,1771319863916000000,858376118
writeAction.wait.ms,1771319803909000000,1771319863916000000,0
parser.yaml.time.ns,1771319803909000000,1771319863916000000,49154958
lexer.HTML.time.ns,1771319803909000000,1771319863916000000,725850709
lexer.XML.size.bytes,1771319803909000000,1771319863916000000,26218
lexer.yaml.time.ns,1771319803909000000,1771319863916000000,36424875
parser.HTML.size.bytes,1771319803909000000,1771319863916000000,127572
lexer.RegExp.size.bytes,1771319803909000000,1771319863916000000,102
parser.Properties.size.bytes,1771319803909000000,1771319863916000000,2499
parser.ECMAScript.6.time.ns,1771319803909000000,1771319863916000000,606509083
parser.JAVA.time.ns,1771319803909000000,1771319863916000000,7426292769
parser.JAVA.size.bytes,1771319803909000000,1771319863916000000,89687
writeAction.max.wait.ms,1771319803909000000,1771319863916000000,3142
LowMemory.gcOverloaded,1771319803909000000,1771319863916000000,0
LowMemory.gcLoad,1771319803909000000,1771319863916000000,0.0
lexer.yaml.size.bytes,1771319803909000000,1771319863916000000,226
lexer.Groovy.time.ns,1771319803909000000,1771319863916000000,152891253
writeAction.median.wait.ms,1771319803909000000,1771319863916000000,4600
DiskQueryRelay.tasksRequested,1771319803909000000,1771319863916000000,3983
DiskQueryRelay.taskWaitingTotalTimeUs,1771319803909000000,1771319863916000000,7000361
parser.CSS.time.ns,1771319803909000000,1771319863916000000,746148578
parser.JSON.time.ns,1771319803909000000,1771319863916000000,4122288044
lexer.JSON.size.bytes,1771319803909000000,1771319863916000000,1364341
MEM.fileMappingsRamBytes,1771319803909000000,1771319863916000000,976707584
OS.loadAverage,1771319803909000000,1771319863916000000,4.61181640625
JVM.totalBytesAllocated,1771319803909000000,1771319863916000000,1672892920
JVM.GC.collections,1771319803909000000,1771319863916000000,2
JVM.GC.collectionTimesMs,1771319803909000000,1771319863916000000,284
MEM.ramBytes,1771319803909000000,1771319863916000000,4877705216
JVM.maxHeapBytes,1771319803909000000,1771319863916000000,28840034304
JVM.usedNativeBytes,1771319803909000000,1771319863916000000,689807000
JVM.usedHeapBytes,1771319803909000000,1771319863916000000,1498167184
JVM.totalTimeToSafepointsMs,1771319803909000000,1771319863916000000,331
JVM.totalDirectByteBuffersBytes,1771319803909000000,1771319863916000000,638563874
JVM.newThreadsCount,1771319803909000000,1771319863916000000,38
JVM.threadCount,1771319803909000000,1771319863916000000,69
JVM.maxThreadCount,1771319803909000000,1771319863916000000,186
MEM.ramMinusFileMappingsBytes,1771319803909000000,1771319863916000000,3900997632
JVM.totalTimeAtSafepointsMs,1771319803909000000,1771319863916000000,425
JVM.committedHeapBytes,1771319803909000000,1771319863916000000,2030043136
MEM.ramPlusSwapMinusFileMappingsBytes,1771319803909000000,1771319863916000000,3900997632
JVM.totalSafepointCount,1771319803909000000,1771319863916000000,61
JVM.totalCpuTimeMs,1771319803909000000,1771319863916000000,241450
compiler.ArtifactModifiableModelBridge.addArtifact.ms,1771319803909000000,1771319863916000000,0
compiler.ArtifactManagerBridge.getArtifacts.ms,1771319803909000000,1771319863916000000,0
compiler.ArtifactModifiableModelBridge.findArtifacts.ms,1771319803909000000,1771319863916000000,0
compiler.ArtifactManagerBridge.findArtifact.ms,1771319803909000000,1771319863916000000,0
compiler.ArtifactManagerBridge.commit.ms,1771319803909000000,1771319863916000000,0
compiler.ArtifactModifiableModelBridge.getArtifactsByType.ms,1771319803909000000,1771319863916000000,0
compiler.ArtifactManagerBridge.dropMappings.ms,1771319803909000000,1771319863916000000,0
compiler.ArtifactModifiableModelBridge.commit.ms,1771319803909000000,1771319863916000000,881
compiler.ArtifactVirtualFileListener.filePathChanged.ms,1771319803909000000,1771319863916000000,0
compiler.ArtifactManagerBridge.addArtifact.ms,1771319803909000000,1771319863916000000,0
compiler.ArtifactManagerBridge.getArtifactsByType.ms,1771319803909000000,1771319863916000000,0
compiler.ArtifactVirtualFileListener.propertyChanged.ms,1771319803909000000,1771319863916000000,0
compiler.ArtifactManagerBridge.initBridges.ms,1771319803909000000,1771319863916000000,0
compiler.ArtifactModifiableModelBridge.getArtifacts.ms,1771319803909000000,1771319863916000000,0
compiler.ArtifactModifiableModelBridge.dispose.ms,1771319803909000000,1771319863916000000,0
Indexing.writer_1.totalTimeSpentWritingMs,1771319803909000000,1771319863916000000,0
Indexes.allKeys.lookups,1771319803909000000,1771319863916000000,3
Indexes.entries.lookupDurationAvgMs,1771319803909000000,1771319863916000000,2.2495894909688015
Indexing.writesQueuedMax,1771319803909000000,1771319863916000000,0
Indexes.stubs.lookupDurationMaxMs,1771319803909000000,1771319863916000000,671.0
Indexing.cache.totalCacheEvicted,1771319803909000000,1771319863916000000,8036
Indexes.entries.lookupDuration90PMs,1771319803909000000,1771319863916000000,2.0
Indexing.cache.totalCacheAccesses,1771319803909000000,1771319863916000000,30312
Indexes.stubs.lookupDuration90PMs,1771319803909000000,1771319863916000000,1.0
Indexes.entries.lookups,1771319803909000000,1771319863916000000,1844
Indexing.writer_3.totalTimeSpentWritingMs,1771319803909000000,1771319863916000000,0
Indexes.allKeys.lookupDurationAvgMs,1771319803909000000,1771319863916000000,49.0
Indexes.allKeys.lookupDurationMaxMs,1771319803909000000,1771319863916000000,86.0
Indexing.writesQueuedAvg,1771319803909000000,1771319863916000000,0.0
Indexes.stubs.lookupDurationAvgMs,1771319803909000000,1771319863916000000,1.0859677419354838
Indexing.writesQueuedMin,1771319803909000000,1771319863916000000,0
Indexing.totalTimeIndexersSleptMs,1771319803909000000,1771319863916000000,0
Indexing.writer_2.totalTimeSpentWritingMs,1771319803909000000,1771319863916000000,0
Indexing.writer_0.totalTimeSpentWritingMs,1771319803909000000,1771319863916000000,0
Indexes.entries.lookupDurationMaxMs,1771319803909000000,1771319863916000000,347.0
Indexing.cache.totalCacheMisses,1771319803909000000,1771319863916000000,10434
Indexes.allKeys.lookupDuration90PMs,1771319803909000000,1771319863916000000,86.0
Indexes.stubs.lookups,1771319803909000000,1771319863916000000,12459
VFS.contentStorage.recordsStored,1771319803909000000,1771319863916000000,106
VFS.contentStorage.recordsDeduplicated,1771319803909000000,1771319863916000000,90
VFS.cache.directoriesCreated,1771319803909000000,1771319863916000000,607
VFS.contentStorage.recordsReadDecompressed,1771319803909000000,1771319863916000000,16
VFS.invertedFileNameIndex.requests,1771319803909000000,1771319863916000000,0
VFS.cache.segmentsCreated,1771319803909000000,1771319863916000000,9
VFS.rootsCount,1771319803909000000,1771319863916000000,324.0
VFS.folderCaseSensitivityReads,1771319803909000000,1771319863916000000,3
VFS.contentStorage.recordsRead,1771319803909000000,1771319863916000000,132
FileNameCache.queries,1771319803909000000,1771319863916000000,467200
VFS.fileChildByName,1771319803909000000,1771319863916000000,40662
VFS.fileByIdCache.hits,1771319803909000000,1771319863916000000,0
VFS.contentStorage.recordsReadSize,1771319803909000000,1771319863916000000,1763426
VFS.cache.filesCreated,1771319803909000000,1771319863916000000,18528
VFS.contentStorage.recordsUncompressedSize,1771319803909000000,1771319863916000000,1609454
VFS.cache.segments,1771319803909000000,1771319863916000000,241.0
VFS.contentStorage.recordsStoredSize,1771319803909000000,1771319863916000000,617617
VFS.contentStorage.recordsStoredCompressed,1771319803909000000,1771319863916000000,33
VFS.fileByIdCache.misses,1771319803909000000,1771319863916000000,1840
FileNameCache.totalMisses,1771319803909000000,1771319863916000000,0
VFS.contentStorage.recordsDecompressionTimeUs,1771319803909000000,1771319863916000000,105225
DirectByteBufferAllocator.totalSizeOfBuffersCachedInBytes,1771319803909000000,1771319863916000000,1048576
FilePageCache.maxRegisteredFiles,1771319803909000000,1771319863916000000,1853
DirectByteBufferAllocator.totalSizeOfBuffersAllocatedInBytes,1771319803909000000,1771319863916000000,630194176
DirectByteBufferAllocator.hits,1771319803909000000,1771319863916000000,4
StreamlinedBlobStorage.recordsDeleted,1771319803909000000,1771319863916000000,2
StreamlinedBlobStorage.totalLiveRecordsPayloadBytes,1771319803909000000,1771319863916000000,288734
FilePageCache.pageLoadsAboveSizeThreshold,1771319803909000000,1771319863916000000,4
FilePageCache.pageLoads,1771319803909000000,1771319863916000000,0
FileChannelInterruptsRetryer.totalRetriedAttempts,1771319803909000000,1771319863916000000,0
StorageLockContext.competingThreads.avg,1771319803909000000,1771319863916000000,0.0
FilePageCache.pageFastCacheHits,1771319803909000000,1771319863916000000,6080
FilePageCache.maxCacheSizeInBytes,1771319803909000000,1771319863916000000,629145600
StorageLockContext.competingThreads.90P,1771319803909000000,1771319863916000000,0
DirectByteBufferAllocator.misses,1771319803909000000,1771319863916000000,0
FilePageCache.pageHits,1771319803909000000,1771319863916000000,289
DirectByteBufferAllocator.reclaimed,1771319803909000000,1771319863916000000,4
FilePageCache.capacityInBytes,1771319803909000000,1771319863916000000,629145600
MappedFileStorage.totalTimeSpentOnMappingUs,1771319803909000000,1771319863916000000,2899130
DirectByteBufferAllocator.disposed,1771319803909000000,1771319863916000000,0
FilePageCache.disposedBuffers,1771319803909000000,1771319863916000000,4
MappedFileStorage.storages,1771319803909000000,1771319863916000000,16
FilePageCache.uncachedFileAccess,1771319803909000000,1771319863916000000,4
StreamlinedBlobStorage.recordsRelocated,1771319803909000000,1771319863916000000,0
FilePageCache.totalPageLoadsUs,1771319803909000000,1771319863916000000,95976
StorageLockContext.competingThreads.max,1771319803909000000,1771319863916000000,0
MappedFileStorage.totalPagesMapped,1771319803909000000,1771319863916000000,16
StreamlinedBlobStorage.recordsAllocated,1771319803909000000,1771319863916000000,570
FilePageCache.totalPageDisposalsUs,1771319803909000000,1771319863916000000,2644
MappedFileStorage.totalBytesMapped,1771319803909000000,1771319863916000000,202637312
StreamlinedBlobStorage.totalLiveRecordsCapacityBytes,1771319803909000000,1771319863916000000,399782
jps.library.entities.serializer.save.entities.ms,1771319803909000000,1771319863916000000,0
workspaceModel.mutableEntityStorage.entities.by.source.ms,1771319803909000000,1771319863916000000,0
jps.module.dependency.index.workspace.model.listener.on.changed.ms,1771319803909000000,1771319863916000000,0
workspaceModel.mutableEntityStorage.changeLog.addReplaceEventForRemovedChild.ms,1771319803909000000,1771319863916000000,0
jps.global.initialize.library.bridges.ms,1771319803909000000,1771319863916000000,0
jps.app.storage.content.writer.save.component.ms,1771319803909000000,1771319863916000000,0
workspaceModel.moduleBridgeLoader.loading.modules.ms,1771319803909000000,1771319863916000000,0
jps.save.changed.project.entities.ms,1771319803909000000,1771319863916000000,0
jps.storage.jps.conf.reader.load.component.ms,1771319803909000000,1771319863916000000,0
jps.global.handle.changed.events.ms,1771319803909000000,1771319863916000000,0
jps.global.initialize.library.bridges.after.loading.ms,1771319803909000000,1771319863916000000,0
workspaceModel.mutableEntityStorage.resolve.ms,1771319803909000000,1771319863916000000,0
jps.global.handle.before.change.events.ms,1771319803909000000,1771319863916000000,0
workspaceModel.mutableEntityStorage.apply.changes.from.ms,1771319803909000000,1771319863916000000,0
workspaceModel.mutableEntityStorage.instances.count,1771319803909000000,1771319863916000000,0
jps.global.get.library.ms,1771319803909000000,1771319863916000000,0
jps.load.initial.state.ms,1771319803909000000,1771319863916000000,0
workspaceModel.mutableEntityStorage.collect.changes.ms,1771319803909000000,1771319863916000000,0
workspaceModel.load.cache.metadata.from.file.ms,1771319803909000000,1771319863916000000,0
workspaceModel.sync.entities.ms,1771319803909000000,1771319863916000000,0
workspaceModel.mutableEntityStorage.replace.by.source.ms,1771319803909000000,1771319863916000000,0
workspaceModel.mutableEntityStorage.hasReferrers.ms,1771319803909000000,1771319863916000000,0
workspaceModel.orphan.listener.update.ms,1771319803909000000,1771319863916000000,0
jps.global.get.libraries.ms,1771319803909000000,1771319863916000000,26
workspaceModel.save.cache.to.file.ms,1771319803909000000,1771319863916000000,0
workspaceModel.global.apply.state.to.project.ms,1771319803909000000,1771319863916000000,0
jps.apply.loaded.storage.ms,1771319803909000000,1771319863916000000,0
jps.reload.project.entities.ms,1771319803909000000,1771319863916000000,0
jps.artifact.entities.serializer.save.entities.ms,1771319803909000000,1771319863916000000,0
workspaceModel.moduleManagerBridge.new.nonPersistent.module.ms,1771319803909000000,1771319863916000000,0
jps.save.global.entities.ms,1771319803909000000,1771319863916000000,0
workspaceModel.moduleManagerBridge.create.module.instance.ms,1771319803909000000,1771319863916000000,0
jps.modifiable.module.model.bridge.new.module.ms,1771319803909000000,1771319863916000000,0
workspaceModel.mutableEntityStorage.mutable.ext.mapping.ms,1771319803909000000,1771319863916000000,0
workspaceModel.mutableEntityStorage.remove.entity.ms,1771319803909000000,1771319863916000000,0
workspaceModel.moduleBridge.facet.initialization.ms,1771319803909000000,1771319863916000000,0
workspaceModel.mutableEntityStorage.changeLog.addReplaceEventForRemovedParent.ms,1771319803909000000,1771319863916000000,0
jps.facet.change.listener.init.bridge.ms,1771319803909000000,1771319863916000000,0
workspaceModel.mutableEntityStorage.modify.entity.ms,1771319803909000000,1771319863916000000,0
workspaceModel.moduleManagerBridge.set.unloadedModules.ms,1771319803909000000,1771319863916000000,0
workspaceModel.mutableEntityStorage.add.entity.ms,1771319803909000000,1771319863916000000,0
workspaceModel.delayed.project.synchronizer.sync.ms,1771319803909000000,1771319863916000000,0
workspaceModel.mutableEntityStorage.changeLog.addReplaceEventForNewChild.ms,1771319803909000000,1771319863916000000,0
jps.facet.change.listener.before.change.events.ms,1771319803909000000,1771319863916000000,0
workspaceModel.global.updates.count,1771319803909000000,1771319863916000000,0
jps.module.iml.entities.serializer.load.entities.ms,1771319803909000000,1771319863916000000,0
workspaceModel.mutableEntityStorage.changeLog.addReplaceEventForNewParent.ms,1771319803909000000,1771319863916000000,0
jps.module.iml.entities.serializer.save.entities.ms,1771319803909000000,1771319863916000000,0
workspaceModel.moduleManagerBridge.newModule.ms,1771319803909000000,1771319863916000000,0
jps.artifact.entities.serializer.load.entities.ms,1771319803909000000,1771319863916000000,0
jps.modifiable.module.model.bridge.disposing.ms,1771319803909000000,1771319863916000000,0
workspaceModel.moduleManagerBridge.get.modules.ms,1771319803909000000,1771319863916000000,0
jps.project.serializers.load.ms,1771319803909000000,1771319863916000000,0
jps.load.project.to.empty.storage.ms,1771319803909000000,1771319863916000000,0
workspaceModel.mutableEntityStorage.mutable.vfurl.index.ms,1771319803909000000,1771319863916000000,0
workspaceModel.moduleManagerBridge.build.module.graph.ms,1771319803909000000,1771319863916000000,0
jps.global.get.library.by.name.ms,1771319803909000000,1771319863916000000,0
workspaceModel.mutableEntityStorage.entities.ms,1771319803909000000,1771319863916000000,0
workspaceModel.load.cache.from.file.ms,1771319803909000000,1771319863916000000,0
workspaceModel.mutableEntityStorage.put.entity.ms,1771319803909000000,1771319863916000000,0
jps.library.entities.serializer.load.entities.ms,1771319803909000000,1771319863916000000,0
jps.modifiable.module.model.bridge.renaming.ms,1771319803909000000,1771319863916000000,0
workspaceModel.do.save.caches.ms,1771319803909000000,1771319863916000000,0
jps.project.serializers.save.ms,1771319803909000000,1771319863916000000,0
jps.app.storage.content.reader.load.component.ms,1771319803909000000,1771319863916000000,0
workspaceModel.mutableEntityStorage.referrers.ms,1771319803909000000,1771319863916000000,0
jps.facet.change.listener.process.change.events.ms,1771319803909000000,1771319863916000000,0
workspaceModel.global.updates.ms,1771319803909000000,1771319863916000000,0
workspaceModel.moduleBridge.before.changed.ms,1771319803909000000,1771319863916000000,0
workspaceModel.global.apply.state.to.project.builder.ms,1771319803909000000,1771319863916000000,0
workspaceModel.moduleBridge.update.option.ms,1771319803909000000,1771319863916000000,0
workspaceModel.moduleManagerBridge.load.all.modules.ms,1771319803909000000,1771319863916000000,0
workspaceModel.mutableEntityStorage.has.same.entities.ms,1771319803909000000,1771319863916000000,0
workspaceModel.mutableEntityStorage.to.snapshot.ms,1771319803909000000,1771319863916000000,0
jps.modifiable.module.model.bridge.load.module.ms,1771319803909000000,1771319863916000000,0
workspaceModel.moduleManagerBridge.load.module.ms,1771319803909000000,1771319863916000000,0
workspaceModel.update.unloaded.entities.ms,1771319803909000000,1771319863916000000,0
workspaceModel.initializing.ms,1771319803909000000,1771319863916000000,0
workspaceModel.on.before.changed.ms,1771319803909000000,1771319863916000000,0
workspaceModel.cachedValue.clear.count,1771319803909000000,1771319863916000000,0
workspaceModel.cachedValue.calculated.count,1771319803909000000,1771319863916000000,0
workspaceModel.on.changed.ms,1771319803909000000,1771319863916000000,0
workspaceModel.cachedValueWithParameters.calculated.count,1771319803909000000,1771319863916000000,0
workspaceModel.workspaceFileIndexData.markDirty.ms,1771319803909000000,1771319863916000000,0
workspaceModel.cachedValueWithParameters.from.cache.count,1771319803909000000,1771319863916000000,168
workspaceModel.workspaceFileIndexData.getFileInfo.ms,1771319803909000000,1771319863916000000,1844
workspaceModel.workspaceFileIndexData.getPackageName.ms,1771319803909000000,1771319863916000000,150
workspaceModel.cachedValueWithParameters.total.get.count,1771319803909000000,1771319863916000000,168
workspaceModel.replace.project.model.ms,1771319803909000000,1771319863916000000,0
workspaceModel.full.replace.project.model.ms,1771319803909000000,1771319863916000000,0
workspaceModel.to.snapshot.ms,1771319803909000000,1771319863916000000,0
workspaceModel.cachedValue.total.get.count,1771319803909000000,1771319863916000000,244
workspaceModel.loading.total.ms,1771319803909000000,1771319863916000000,0
workspaceModel.workspaceFileIndexData.processFileSets.ms,1771319803909000000,1771319863916000000,0
workspaceModel.loading.from.cache.ms,1771319803909000000,1771319863916000000,0
workspaceModel.pre.handlers.ms,1771319803909000000,1771319863916000000,0
workspaceModel.updates.count,1771319803909000000,1771319863916000000,0
workspaceModel.workspaceFileIndexContributor.registerFileSets.ms,1771319803909000000,1771319863916000000,0
workspaceModel.updates.precise.ms,1771319803909000000,1771319863916000000,0
workspaceModel.cachedValueWithParameters.clear.count,1771319803909000000,1771319863916000000,0
workspaceModel.updates.ms,1771319803909000000,1771319863916000000,0
workspaceModel.workspaceFileIndexData.onEntitiesChanged.ms,1771319803909000000,1771319863916000000,0
workspaceModel.entityStorageSnapshotImpl.instances.count,1771319803909000000,1771319863916000000,0
workspaceModel.workspaceFileIndexData.init.ms,1771319803909000000,1771319863916000000,0
workspaceModel.check.recursive.update.ms,1771319803909000000,1771319863916000000,0
workspaceModel.init.bridges.ms,1771319803909000000,1771319863916000000,0
workspaceModel.workspaceFileIndexData.instances.count,1771319803909000000,1771319863916000000,0
workspaceModel.workspaceFileIndexData.updateDirtyEntities.ms,1771319803909000000,1771319863916000000,0
workspaceModel.cachedValue.from.cache.count,1771319803909000000,1771319863916000000,244
workspaceModel.collect.changes.ms,1771319803909000000,1771319863916000000,0
workspaceModel.workspaceFileIndexData.getDirectoriesByPackageName.ms,1771319803909000000,1771319863916000000,133
workspaceModel.workspaceFileIndexData.visitFileSets.ms,1771319803909000000,1771319863916000000,0
cacheStateStorage.set.duration,1771319803909000000,1771319863916000000,0
cacheStateStorage.set.counter,1771319803909000000,1771319863916000000,0
cacheStateStorage.get.counter,1771319803909000000,1771319863916000000,0
cacheStateStorage.get.duration,1771319803909000000,1771319863916000000,0
AWTEventQueue.dispatchTimeTotalNS,1771319863916000000,1771319923917000000,6359921822
AWTEventQueue.dispatchTime90PNs,1771319863916000000,1771319923917000000,33816575
FlushQueue.waitingTime90PNs,1771319863916000000,1771319923917000000,250609663
FlushQueue.executionTimeAvgNs,1771319863916000000,1771319923917000000,2.2249710644067798E7
NonBlockingReadAction.failedExecutionsCount,1771319863916000000,1771319923917000000,0
FlushQueue.queueSizeAvg,1771319863916000000,1771319923917000000,0.09322033898305085
FlushQueue.executionTimeMaxNs,1771319863916000000,1771319923917000000,219152383
FlushQueue.waitingTimeAvgNs,1771319863916000000,1771319923917000000,5.5880356881355934E7
FlushQueue.executionTime90PNs,1771319863916000000,1771319923917000000,95420415
AWTEventQueue.dispatchTimeMaxNs,1771319863916000000,1771319923917000000,624951295
NonBlockingReadAction.finalizedExecutionTimeUs,1771319863916000000,1771319923917000000,2965442
FlushQueue.queueSizeMax,1771319863916000000,1771319923917000000,2
AWTEventQueue.dispatchTimeAvgNs,1771319863916000000,1771319923917000000,2.8264234097777776E7
WriteAction.executionsCount,1771319863916000000,1771319923917000000,0
FlushQueue.queueSize90P,1771319863916000000,1771319923917000000,0
FlushQueue.waitingTimeMaxNs,1771319863916000000,1771319923917000000,494927871
FlushQueue.tasksExecuted,1771319863916000000,1771319923917000000,118
NonBlockingReadAction.failedExecutionTimeUs,1771319863916000000,1771319923917000000,0
NonBlockingReadAction.finalizedExecutionsCount,1771319863916000000,1771319923917000000,74
ReadAction.executionsCount,1771319863916000000,1771319923917000000,253380
AWTEventQueue.eventsDispatched,1771319863916000000,1771319923917000000,225
lexer.SVG.size.bytes,1771319863916000000,1771319923917000000,4095
parser.textmate.size.bytes,1771319863916000000,1771319923917000000,949517
lexer.JAVA.size.bytes,1771319863916000000,1771319923917000000,44347
lexer.Groovy.size.bytes,1771319863916000000,1771319923917000000,3266
parser.XML.size.bytes,1771319863916000000,1771319923917000000,1880602
writeAction.count,1771319863916000000,1771319923917000000,0
lexer.Properties.size.bytes,1771319863916000000,1771319923917000000,5206
lexer.Properties.time.ns,1771319863916000000,1771319923917000000,22439167
DiskQueryRelay.tasksExecuted,1771319863916000000,1771319923917000000,11653
parser.Properties.time.ns,1771319863916000000,1771319923917000000,135052918
DiskQueryRelay.taskExecutionTotalTimeUs,1771319863916000000,1771319923917000000,5751841
parser.CSS.size.bytes,1771319863916000000,1771319923917000000,14838
parser.ECMAScript.6.size.bytes,1771319863916000000,1771319923917000000,3606
parser.Groovy.size.bytes,1771319863916000000,1771319923917000000,3266
parser.RegExp.time.ns,1771319863916000000,1771319923917000000,8631458
parser.yaml.size.bytes,1771319863916000000,1771319923917000000,146
lexer.JSON.time.ns,1771319863916000000,1771319923917000000,678895288
parser.textmate.time.ns,1771319863916000000,1771319923917000000,158392750
parser.RegExp.size.bytes,1771319863916000000,1771319923917000000,13
lexer.HTML.size.bytes,1771319863916000000,1771319923917000000,118912
parser.XML.time.ns,1771319863916000000,1771319923917000000,1543096834
parser.HTML.time.ns,1771319863916000000,1771319923917000000,916617875
parser.JSON.size.bytes,1771319863916000000,1771319923917000000,3365623
lexer.RegExp.time.ns,1771319863916000000,1771319923917000000,4931208
lexer.CSS.size.bytes,1771319863916000000,1771319923917000000,14838
lexer.ECMAScript.6.time.ns,1771319863916000000,1771319923917000000,14683750
lexer.XML.time.ns,1771319863916000000,1771319923917000000,512755958
lexer.CSS.time.ns,1771319863916000000,1771319923917000000,80817753
lexer.SVG.time.ns,1771319863916000000,1771319923917000000,17384917
parser.Groovy.time.ns,1771319863916000000,1771319923917000000,4785993665
lexer.textmate.time.ns,1771319863916000000,1771319923917000000,24280625
lexer.JAVA.time.ns,1771319863916000000,1771319923917000000,1024122120
writeAction.wait.ms,1771319863916000000,1771319923917000000,0
lexer.ECMAScript.6.size.bytes,1771319863916000000,1771319923917000000,1219
parser.yaml.time.ns,1771319863916000000,1771319923917000000,5942334
lexer.HTML.time.ns,1771319863916000000,1771319923917000000,600835584
lexer.XML.size.bytes,1771319863916000000,1771319923917000000,1880602
lexer.yaml.time.ns,1771319863916000000,1771319923917000000,15137500
parser.HTML.size.bytes,1771319863916000000,1771319923917000000,118912
parser.SVG.size.bytes,1771319863916000000,1771319923917000000,4095
lexer.RegExp.size.bytes,1771319863916000000,1771319923917000000,13
parser.Properties.size.bytes,1771319863916000000,1771319923917000000,5206
parser.ECMAScript.6.time.ns,1771319863916000000,1771319923917000000,832355914
parser.JAVA.time.ns,1771319863916000000,1771319923917000000,7618521330
parser.JAVA.size.bytes,1771319863916000000,1771319923917000000,44347
lexer.textmate.size.bytes,1771319863916000000,1771319923917000000,949517
writeAction.max.wait.ms,1771319863916000000,1771319923917000000,3142
LowMemory.gcOverloaded,1771319863916000000,1771319923917000000,0
LowMemory.gcLoad,1771319863916000000,1771319923917000000,0.0
lexer.yaml.size.bytes,1771319863916000000,1771319923917000000,146
lexer.Groovy.time.ns,1771319863916000000,1771319923917000000,380265253
writeAction.median.wait.ms,1771319863916000000,1771319923917000000,4600
DiskQueryRelay.tasksRequested,1771319863916000000,1771319923917000000,11720
DiskQueryRelay.taskWaitingTotalTimeUs,1771319863916000000,1771319923917000000,10399929
parser.CSS.time.ns,1771319863916000000,1771319923917000000,1110136335
parser.JSON.time.ns,1771319863916000000,1771319923917000000,6536547042
lexer.JSON.size.bytes,1771319863916000000,1771319923917000000,3365623
parser.SVG.time.ns,1771319863916000000,1771319923917000000,12736584
MEM.fileMappingsRamBytes,1771319863916000000,1771319923917000000,979906560
OS.loadAverage,1771319863916000000,1771319923917000000,5.009765625
JVM.totalBytesAllocated,1771319863916000000,1771319923917000000,1945335064
JVM.GC.collections,1771319863916000000,1771319923917000000,2
JVM.GC.collectionTimesMs,1771319863916000000,1771319923917000000,352
MEM.ramBytes,1771319863916000000,1771319923917000000,4895162368
JVM.maxHeapBytes,1771319863916000000,1771319923917000000,28840034304
JVM.usedNativeBytes,1771319863916000000,1771319923917000000,704447584
JVM.usedHeapBytes,1771319863916000000,1771319923917000000,1797207472
JVM.totalTimeToSafepointsMs,1771319863916000000,1771319923917000000,312
JVM.totalDirectByteBuffersBytes,1771319863916000000,1771319923917000000,639728197
JVM.newThreadsCount,1771319863916000000,1771319923917000000,0
JVM.threadCount,1771319863916000000,1771319923917000000,61
JVM.maxThreadCount,1771319863916000000,1771319923917000000,186
MEM.ramMinusFileMappingsBytes,1771319863916000000,1771319923917000000,3915255808
JVM.totalTimeAtSafepointsMs,1771319863916000000,1771319923917000000,477
JVM.committedHeapBytes,1771319863916000000,1771319923917000000,2030043136
MEM.ramPlusSwapMinusFileMappingsBytes,1771319863916000000,1771319923917000000,3915255808
JVM.totalSafepointCount,1771319863916000000,1771319923917000000,57
JVM.totalCpuTimeMs,1771319863916000000,1771319923917000000,253790
compiler.ArtifactModifiableModelBridge.addArtifact.ms,1771319863916000000,1771319923917000000,0
compiler.ArtifactManagerBridge.getArtifacts.ms,1771319863916000000,1771319923917000000,0
compiler.ArtifactModifiableModelBridge.findArtifacts.ms,1771319863916000000,1771319923917000000,0
compiler.ArtifactManagerBridge.findArtifact.ms,1771319863916000000,1771319923917000000,0
compiler.ArtifactManagerBridge.commit.ms,1771319863916000000,1771319923917000000,0
compiler.ArtifactModifiableModelBridge.getArtifactsByType.ms,1771319863916000000,1771319923917000000,0
compiler.ArtifactManagerBridge.dropMappings.ms,1771319863916000000,1771319923917000000,0
compiler.ArtifactModifiableModelBridge.commit.ms,1771319863916000000,1771319923917000000,881
compiler.ArtifactVirtualFileListener.filePathChanged.ms,1771319863916000000,1771319923917000000,0
compiler.ArtifactManagerBridge.addArtifact.ms,1771319863916000000,1771319923917000000,0
compiler.ArtifactManagerBridge.getArtifactsByType.ms,1771319863916000000,1771319923917000000,0
compiler.ArtifactVirtualFileListener.propertyChanged.ms,1771319863916000000,1771319923917000000,0
compiler.ArtifactManagerBridge.initBridges.ms,1771319863916000000,1771319923917000000,0
compiler.ArtifactModifiableModelBridge.getArtifacts.ms,1771319863916000000,1771319923917000000,0
compiler.ArtifactModifiableModelBridge.dispose.ms,1771319863916000000,1771319923917000000,0
Indexing.writer_1.totalTimeSpentWritingMs,1771319863916000000,1771319923917000000,0
Indexes.allKeys.lookups,1771319863916000000,1771319923917000000,3
Indexes.entries.lookupDurationAvgMs,1771319863916000000,1771319923917000000,4.018828451882845
Indexing.writesQueuedMax,1771319863916000000,1771319923917000000,0
Indexes.stubs.lookupDurationMaxMs,1771319863916000000,1771319923917000000,1239.0
Indexing.cache.totalCacheEvicted,1771319863916000000,1771319923917000000,35359
Indexes.entries.lookupDuration90PMs,1771319863916000000,1771319923917000000,3.0
Indexing.cache.totalCacheAccesses,1771319863916000000,1771319923917000000,141396
Indexes.stubs.lookupDuration90PMs,1771319863916000000,1771319923917000000,1.0
Indexes.entries.lookups,1771319863916000000,1771319923917000000,956
Indexing.writer_3.totalTimeSpentWritingMs,1771319863916000000,1771319923917000000,0
Indexes.allKeys.lookupDurationAvgMs,1771319863916000000,1771319923917000000,91.0
Indexes.allKeys.lookupDurationMaxMs,1771319863916000000,1771319923917000000,131.0
Indexing.writesQueuedAvg,1771319863916000000,1771319923917000000,0.0
Indexes.stubs.lookupDurationAvgMs,1771319863916000000,1771319923917000000,0.3174630933123479
Indexing.writesQueuedMin,1771319863916000000,1771319923917000000,0
Indexing.totalTimeIndexersSleptMs,1771319863916000000,1771319923917000000,0
Indexing.writer_2.totalTimeSpentWritingMs,1771319863916000000,1771319923917000000,0
Indexing.writer_0.totalTimeSpentWritingMs,1771319863916000000,1771319923917000000,0
Indexes.entries.lookupDurationMaxMs,1771319863916000000,1771319923917000000,623.0
Indexing.cache.totalCacheMisses,1771319863916000000,1771319923917000000,37459
Indexes.allKeys.lookupDuration90PMs,1771319863916000000,1771319923917000000,131.0
Indexes.stubs.lookups,1771319863916000000,1771319923917000000,68875
VFS.contentStorage.recordsStored,1771319863916000000,1771319923917000000,74
VFS.contentStorage.recordsDeduplicated,1771319863916000000,1771319923917000000,34
VFS.cache.directoriesCreated,1771319863916000000,1771319923917000000,167
VFS.contentStorage.recordsReadDecompressed,1771319863916000000,1771319923917000000,42
VFS.invertedFileNameIndex.requests,1771319863916000000,1771319923917000000,0
VFS.cache.segmentsCreated,1771319863916000000,1771319923917000000,2
VFS.rootsCount,1771319863916000000,1771319923917000000,324.0
VFS.folderCaseSensitivityReads,1771319863916000000,1771319923917000000,0
VFS.contentStorage.recordsRead,1771319863916000000,1771319923917000000,209
FileNameCache.queries,1771319863916000000,1771319923917000000,299456
VFS.fileChildByName,1771319863916000000,1771319923917000000,106655
VFS.fileByIdCache.hits,1771319863916000000,1771319923917000000,0
VFS.contentStorage.recordsReadSize,1771319863916000000,1771319923917000000,5149724
VFS.cache.filesCreated,1771319863916000000,1771319923917000000,3803
VFS.contentStorage.recordsUncompressedSize,1771319863916000000,1771319923917000000,223172
VFS.cache.segments,1771319863916000000,1771319923917000000,243.0
VFS.contentStorage.recordsStoredSize,1771319863916000000,1771319923917000000,151167
VFS.contentStorage.recordsStoredCompressed,1771319863916000000,1771319923917000000,7
VFS.fileByIdCache.misses,1771319863916000000,1771319923917000000,1527
FileNameCache.totalMisses,1771319863916000000,1771319923917000000,0
VFS.contentStorage.recordsDecompressionTimeUs,1771319863916000000,1771319923917000000,222522
DirectByteBufferAllocator.totalSizeOfBuffersCachedInBytes,1771319863916000000,1771319923917000000,1048576
FilePageCache.maxRegisteredFiles,1771319863916000000,1771319923917000000,1853
DirectByteBufferAllocator.totalSizeOfBuffersAllocatedInBytes,1771319863916000000,1771319923917000000,630194176
DirectByteBufferAllocator.hits,1771319863916000000,1771319923917000000,0
StreamlinedBlobStorage.recordsDeleted,1771319863916000000,1771319923917000000,0
StreamlinedBlobStorage.totalLiveRecordsPayloadBytes,1771319863916000000,1771319923917000000,192622
FilePageCache.pageLoadsAboveSizeThreshold,1771319863916000000,1771319923917000000,0
FilePageCache.pageLoads,1771319863916000000,1771319923917000000,0
FileChannelInterruptsRetryer.totalRetriedAttempts,1771319863916000000,1771319923917000000,0
StorageLockContext.competingThreads.avg,1771319863916000000,1771319923917000000,0.02564102564102564
FilePageCache.pageFastCacheHits,1771319863916000000,1771319923917000000,14537
FilePageCache.maxCacheSizeInBytes,1771319863916000000,1771319923917000000,629145600
StorageLockContext.competingThreads.90P,1771319863916000000,1771319923917000000,0
DirectByteBufferAllocator.misses,1771319863916000000,1771319923917000000,0
FilePageCache.pageHits,1771319863916000000,1771319923917000000,177
DirectByteBufferAllocator.reclaimed,1771319863916000000,1771319923917000000,0
FilePageCache.capacityInBytes,1771319863916000000,1771319923917000000,629145600
MappedFileStorage.totalTimeSpentOnMappingUs,1771319863916000000,1771319923917000000,2899130
DirectByteBufferAllocator.disposed,1771319863916000000,1771319923917000000,0
FilePageCache.disposedBuffers,1771319863916000000,1771319923917000000,0
MappedFileStorage.storages,1771319863916000000,1771319923917000000,16
FilePageCache.uncachedFileAccess,1771319863916000000,1771319923917000000,0
StreamlinedBlobStorage.recordsRelocated,1771319863916000000,1771319923917000000,0
FilePageCache.totalPageLoadsUs,1771319863916000000,1771319923917000000,0
StorageLockContext.competingThreads.max,1771319863916000000,1771319923917000000,1
MappedFileStorage.totalPagesMapped,1771319863916000000,1771319923917000000,16
StreamlinedBlobStorage.recordsAllocated,1771319863916000000,1771319923917000000,217
FilePageCache.totalPageDisposalsUs,1771319863916000000,1771319923917000000,0
MappedFileStorage.totalBytesMapped,1771319863916000000,1771319923917000000,202637312
StreamlinedBlobStorage.totalLiveRecordsCapacityBytes,1771319863916000000,1771319923917000000,257632
jps.library.entities.serializer.save.entities.ms,1771319863916000000,1771319923917000000,0
workspaceModel.mutableEntityStorage.entities.by.source.ms,1771319863916000000,1771319923917000000,0
jps.module.dependency.index.workspace.model.listener.on.changed.ms,1771319863916000000,1771319923917000000,0
workspaceModel.mutableEntityStorage.changeLog.addReplaceEventForRemovedChild.ms,1771319863916000000,1771319923917000000,0
jps.global.initialize.library.bridges.ms,1771319863916000000,1771319923917000000,0
jps.app.storage.content.writer.save.component.ms,1771319863916000000,1771319923917000000,0
workspaceModel.moduleBridgeLoader.loading.modules.ms,1771319863916000000,1771319923917000000,0
jps.save.changed.project.entities.ms,1771319863916000000,1771319923917000000,0
jps.storage.jps.conf.reader.load.component.ms,1771319863916000000,1771319923917000000,0
jps.global.handle.changed.events.ms,1771319863916000000,1771319923917000000,0
jps.global.initialize.library.bridges.after.loading.ms,1771319863916000000,1771319923917000000,0
workspaceModel.mutableEntityStorage.resolve.ms,1771319863916000000,1771319923917000000,0
jps.global.handle.before.change.events.ms,1771319863916000000,1771319923917000000,0
workspaceModel.mutableEntityStorage.apply.changes.from.ms,1771319863916000000,1771319923917000000,0
workspaceModel.mutableEntityStorage.instances.count,1771319863916000000,1771319923917000000,0
jps.global.get.library.ms,1771319863916000000,1771319923917000000,0
jps.load.initial.state.ms,1771319863916000000,1771319923917000000,0
workspaceModel.mutableEntityStorage.collect.changes.ms,1771319863916000000,1771319923917000000,0
workspaceModel.load.cache.metadata.from.file.ms,1771319863916000000,1771319923917000000,0
workspaceModel.sync.entities.ms,1771319863916000000,1771319923917000000,0
workspaceModel.mutableEntityStorage.replace.by.source.ms,1771319863916000000,1771319923917000000,0
workspaceModel.mutableEntityStorage.hasReferrers.ms,1771319863916000000,1771319923917000000,0
workspaceModel.orphan.listener.update.ms,1771319863916000000,1771319923917000000,0
jps.global.get.libraries.ms,1771319863916000000,1771319923917000000,38
workspaceModel.save.cache.to.file.ms,1771319863916000000,1771319923917000000,0
workspaceModel.global.apply.state.to.project.ms,1771319863916000000,1771319923917000000,0
jps.apply.loaded.storage.ms,1771319863916000000,1771319923917000000,0
jps.reload.project.entities.ms,1771319863916000000,1771319923917000000,0
jps.artifact.entities.serializer.save.entities.ms,1771319863916000000,1771319923917000000,0
workspaceModel.moduleManagerBridge.new.nonPersistent.module.ms,1771319863916000000,1771319923917000000,0
jps.save.global.entities.ms,1771319863916000000,1771319923917000000,0
workspaceModel.moduleManagerBridge.create.module.instance.ms,1771319863916000000,1771319923917000000,0
jps.modifiable.module.model.bridge.new.module.ms,1771319863916000000,1771319923917000000,0
workspaceModel.mutableEntityStorage.mutable.ext.mapping.ms,1771319863916000000,1771319923917000000,0
workspaceModel.mutableEntityStorage.remove.entity.ms,1771319863916000000,1771319923917000000,0
workspaceModel.moduleBridge.facet.initialization.ms,1771319863916000000,1771319923917000000,0
workspaceModel.mutableEntityStorage.changeLog.addReplaceEventForRemovedParent.ms,1771319863916000000,1771319923917000000,0
jps.facet.change.listener.init.bridge.ms,1771319863916000000,1771319923917000000,0
workspaceModel.mutableEntityStorage.modify.entity.ms,1771319863916000000,1771319923917000000,0
workspaceModel.moduleManagerBridge.set.unloadedModules.ms,1771319863916000000,1771319923917000000,0
workspaceModel.mutableEntityStorage.add.entity.ms,1771319863916000000,1771319923917000000,0
workspaceModel.delayed.project.synchronizer.sync.ms,1771319863916000000,1771319923917000000,0
workspaceModel.mutableEntityStorage.changeLog.addReplaceEventForNewChild.ms,1771319863916000000,1771319923917000000,0
jps.facet.change.listener.before.change.events.ms,1771319863916000000,1771319923917000000,0
workspaceModel.global.updates.count,1771319863916000000,1771319923917000000,0
jps.module.iml.entities.serializer.load.entities.ms,1771319863916000000,1771319923917000000,0
workspaceModel.mutableEntityStorage.changeLog.addReplaceEventForNewParent.ms,1771319863916000000,1771319923917000000,0
jps.module.iml.entities.serializer.save.entities.ms,1771319863916000000,1771319923917000000,0
workspaceModel.moduleManagerBridge.newModule.ms,1771319863916000000,1771319923917000000,0
jps.artifact.entities.serializer.load.entities.ms,1771319863916000000,1771319923917000000,0
jps.modifiable.module.model.bridge.disposing.ms,1771319863916000000,1771319923917000000,0
workspaceModel.moduleManagerBridge.get.modules.ms,1771319863916000000,1771319923917000000,0
jps.project.serializers.load.ms,1771319863916000000,1771319923917000000,0
jps.load.project.to.empty.storage.ms,1771319863916000000,1771319923917000000,0
workspaceModel.mutableEntityStorage.mutable.vfurl.index.ms,1771319863916000000,1771319923917000000,0
workspaceModel.moduleManagerBridge.build.module.graph.ms,1771319863916000000,1771319923917000000,0
jps.global.get.library.by.name.ms,1771319863916000000,1771319923917000000,0
workspaceModel.mutableEntityStorage.entities.ms,1771319863916000000,1771319923917000000,0
workspaceModel.load.cache.from.file.ms,1771319863916000000,1771319923917000000,0
workspaceModel.mutableEntityStorage.put.entity.ms,1771319863916000000,1771319923917000000,0
jps.library.entities.serializer.load.entities.ms,1771319863916000000,1771319923917000000,0
jps.modifiable.module.model.bridge.renaming.ms,1771319863916000000,1771319923917000000,0
workspaceModel.do.save.caches.ms,1771319863916000000,1771319923917000000,0
jps.project.serializers.save.ms,1771319863916000000,1771319923917000000,0
jps.app.storage.content.reader.load.component.ms,1771319863916000000,1771319923917000000,0
workspaceModel.mutableEntityStorage.referrers.ms,1771319863916000000,1771319923917000000,0
jps.facet.change.listener.process.change.events.ms,1771319863916000000,1771319923917000000,0
workspaceModel.global.updates.ms,1771319863916000000,1771319923917000000,0
workspaceModel.moduleBridge.before.changed.ms,1771319863916000000,1771319923917000000,0
workspaceModel.global.apply.state.to.project.builder.ms,1771319863916000000,1771319923917000000,0
workspaceModel.moduleBridge.update.option.ms,1771319863916000000,1771319923917000000,0
workspaceModel.moduleManagerBridge.load.all.modules.ms,1771319863916000000,1771319923917000000,0
workspaceModel.mutableEntityStorage.has.same.entities.ms,1771319863916000000,1771319923917000000,0
workspaceModel.mutableEntityStorage.to.snapshot.ms,1771319863916000000,1771319923917000000,0
jps.modifiable.module.model.bridge.load.module.ms,1771319863916000000,1771319923917000000,0
workspaceModel.moduleManagerBridge.load.module.ms,1771319863916000000,1771319923917000000,0
workspaceModel.update.unloaded.entities.ms,1771319863916000000,1771319923917000000,0
workspaceModel.initializing.ms,1771319863916000000,1771319923917000000,0
workspaceModel.on.before.changed.ms,1771319863916000000,1771319923917000000,0
workspaceModel.cachedValue.clear.count,1771319863916000000,1771319923917000000,0
workspaceModel.cachedValue.calculated.count,1771319863916000000,1771319923917000000,0
workspaceModel.on.changed.ms,1771319863916000000,1771319923917000000,0
workspaceModel.cachedValueWithParameters.calculated.count,1771319863916000000,1771319923917000000,0
workspaceModel.workspaceFileIndexData.markDirty.ms,1771319863916000000,1771319923917000000,0
workspaceModel.cachedValueWithParameters.from.cache.count,1771319863916000000,1771319923917000000,161
workspaceModel.workspaceFileIndexData.getFileInfo.ms,1771319863916000000,1771319923917000000,1650
workspaceModel.workspaceFileIndexData.getPackageName.ms,1771319863916000000,1771319923917000000,130
workspaceModel.cachedValueWithParameters.total.get.count,1771319863916000000,1771319923917000000,161
workspaceModel.replace.project.model.ms,1771319863916000000,1771319923917000000,0
workspaceModel.full.replace.project.model.ms,1771319863916000000,1771319923917000000,0
workspaceModel.to.snapshot.ms,1771319863916000000,1771319923917000000,0
workspaceModel.cachedValue.total.get.count,1771319863916000000,1771319923917000000,445
workspaceModel.loading.total.ms,1771319863916000000,1771319923917000000,0
workspaceModel.workspaceFileIndexData.processFileSets.ms,1771319863916000000,1771319923917000000,0
workspaceModel.loading.from.cache.ms,1771319863916000000,1771319923917000000,0
workspaceModel.pre.handlers.ms,1771319863916000000,1771319923917000000,0
workspaceModel.updates.count,1771319863916000000,1771319923917000000,0
workspaceModel.workspaceFileIndexContributor.registerFileSets.ms,1771319863916000000,1771319923917000000,0
workspaceModel.updates.precise.ms,1771319863916000000,1771319923917000000,0
workspaceModel.cachedValueWithParameters.clear.count,1771319863916000000,1771319923917000000,0
workspaceModel.updates.ms,1771319863916000000,1771319923917000000,0
workspaceModel.workspaceFileIndexData.onEntitiesChanged.ms,1771319863916000000,1771319923917000000,0
workspaceModel.entityStorageSnapshotImpl.instances.count,1771319863916000000,1771319923917000000,0
workspaceModel.workspaceFileIndexData.init.ms,1771319863916000000,1771319923917000000,0
workspaceModel.check.recursive.update.ms,1771319863916000000,1771319923917000000,0
workspaceModel.init.bridges.ms,1771319863916000000,1771319923917000000,0
workspaceModel.workspaceFileIndexData.instances.count,1771319863916000000,1771319923917000000,0
workspaceModel.workspaceFileIndexData.updateDirtyEntities.ms,1771319863916000000,1771319923917000000,0
workspaceModel.cachedValue.from.cache.count,1771319863916000000,1771319923917000000,445
workspaceModel.collect.changes.ms,1771319863916000000,1771319923917000000,0
workspaceModel.workspaceFileIndexData.getDirectoriesByPackageName.ms,1771319863916000000,1771319923917000000,111
workspaceModel.workspaceFileIndexData.visitFileSets.ms,1771319863916000000,1771319923917000000,0
cacheStateStorage.set.duration,1771319863916000000,1771319923917000000,0
cacheStateStorage.set.counter,1771319863916000000,1771319923917000000,0
cacheStateStorage.get.counter,1771319863916000000,1771319923917000000,0
cacheStateStorage.get.duration,1771319863916000000,1771319923917000000,0
AWTEventQueue.dispatchTimeTotalNS,1771319923917000000,1771319983998000000,3971045821
AWTEventQueue.dispatchTime90PNs,1771319923917000000,1771319983998000000,13959167
FlushQueue.waitingTime90PNs,1771319923917000000,1771319983998000000,188743679
FlushQueue.executionTimeAvgNs,1771319923917000000,1771319983998000000,1.2896710295081967E7
NonBlockingReadAction.failedExecutionsCount,1771319923917000000,1771319983998000000,0
FlushQueue.queueSizeAvg,1771319923917000000,1771319983998000000,0.10655737704918032
FlushQueue.executionTimeMaxNs,1771319923917000000,1771319983998000000,183500799
FlushQueue.waitingTimeAvgNs,1771319923917000000,1771319983998000000,4.124217914754099E7
FlushQueue.executionTime90PNs,1771319923917000000,1771319983998000000,33161215
AWTEventQueue.dispatchTimeMaxNs,1771319923917000000,1771319983998000000,438304767
NonBlockingReadAction.finalizedExecutionTimeUs,1771319923917000000,1771319983998000000,2078083
FlushQueue.queueSizeMax,1771319923917000000,1771319983998000000,2
AWTEventQueue.dispatchTimeAvgNs,1771319923917000000,1771319983998000000,1.727524507826087E7
WriteAction.executionsCount,1771319923917000000,1771319983998000000,0
FlushQueue.queueSize90P,1771319923917000000,1771319983998000000,0
FlushQueue.waitingTimeMaxNs,1771319923917000000,1771319983998000000,515899391
FlushQueue.tasksExecuted,1771319923917000000,1771319983998000000,122
NonBlockingReadAction.failedExecutionTimeUs,1771319923917000000,1771319983998000000,0
NonBlockingReadAction.finalizedExecutionsCount,1771319923917000000,1771319983998000000,28
ReadAction.executionsCount,1771319923917000000,1771319983998000000,913623
AWTEventQueue.eventsDispatched,1771319923917000000,1771319983998000000,230
parser.textmate.size.bytes,1771319923917000000,1771319983998000000,6505
lexer.Shell.Script.size.bytes,1771319923917000000,1771319983998000000,20832
lexer.JAVA.size.bytes,1771319923917000000,1771319983998000000,8887
lexer.Groovy.size.bytes,1771319923917000000,1771319983998000000,639
lexer.IgnoreLang.size.bytes,1771319923917000000,1771319983998000000,444
parser.IgnoreLang.time.ns,1771319923917000000,1771319983998000000,46141417
writeAction.count,1771319923917000000,1771319983998000000,0
parser.IgnoreLang.size.bytes,1771319923917000000,1771319983998000000,444
lexer.Shell.Script.time.ns,1771319923917000000,1771319983998000000,114066875
lexer.Properties.size.bytes,1771319923917000000,1771319983998000000,2574
lexer.Properties.time.ns,1771319923917000000,1771319983998000000,5532626
lexer.Lombok.Config.size.bytes,1771319923917000000,1771319983998000000,137
DiskQueryRelay.tasksExecuted,1771319923917000000,1771319983998000000,286
parser.Properties.time.ns,1771319923917000000,1771319983998000000,36199499
lexer.Lombok.Config.time.ns,1771319923917000000,1771319983998000000,739458
DiskQueryRelay.taskExecutionTotalTimeUs,1771319923917000000,1771319983998000000,947449
parser.CSS.size.bytes,1771319923917000000,1771319983998000000,61491
parser.ECMAScript.6.size.bytes,1771319923917000000,1771319983998000000,5978
parser.Groovy.size.bytes,1771319923917000000,1771319983998000000,639
parser.RegExp.time.ns,1771319923917000000,1771319983998000000,50498667
parser.yaml.size.bytes,1771319923917000000,1771319983998000000,4425
lexer.JSON.time.ns,1771319923917000000,1771319983998000000,1148075210
parser.textmate.time.ns,1771319923917000000,1771319983998000000,80286916
parser.RegExp.size.bytes,1771319923917000000,1771319983998000000,48
lexer.HTML.size.bytes,1771319923917000000,1771319983998000000,702700
parser.Lombok.Config.time.ns,1771319923917000000,1771319983998000000,12687875
parser.HTML.time.ns,1771319923917000000,1771319983998000000,1462789249
parser.JSON.size.bytes,1771319923917000000,1771319983998000000,5624296
lexer.RegExp.time.ns,1771319923917000000,1771319983998000000,22637374
lexer.CSS.size.bytes,1771319923917000000,1771319983998000000,61491
lexer.CSS.time.ns,1771319923917000000,1771319983998000000,146708622
parser.Groovy.time.ns,1771319923917000000,1771319983998000000,1757270125
lexer.textmate.time.ns,1771319923917000000,1771319983998000000,9457625
lexer.JAVA.time.ns,1771319923917000000,1771319983998000000,214790542
writeAction.wait.ms,1771319923917000000,1771319983998000000,0
parser.yaml.time.ns,1771319923917000000,1771319983998000000,192420918
lexer.HTML.time.ns,1771319923917000000,1771319983998000000,1005383624
lexer.yaml.time.ns,1771319923917000000,1771319983998000000,108445667
parser.HTML.size.bytes,1771319923917000000,1771319983998000000,702700
lexer.RegExp.size.bytes,1771319923917000000,1771319983998000000,48
lexer.IgnoreLang.time.ns,1771319923917000000,1771319983998000000,1990375
parser.Properties.size.bytes,1771319923917000000,1771319983998000000,2574
parser.Shell.Script.time.ns,1771319923917000000,1771319983998000000,4658016752
parser.ECMAScript.6.time.ns,1771319923917000000,1771319983998000000,964760538
parser.JAVA.time.ns,1771319923917000000,1771319983998000000,1708662505
parser.JAVA.size.bytes,1771319923917000000,1771319983998000000,8887
parser.Lombok.Config.size.bytes,1771319923917000000,1771319983998000000,137
lexer.textmate.size.bytes,1771319923917000000,1771319983998000000,6505
parser.Shell.Script.size.bytes,1771319923917000000,1771319983998000000,20832
writeAction.max.wait.ms,1771319923917000000,1771319983998000000,3142
LowMemory.gcOverloaded,1771319923917000000,1771319983998000000,0
LowMemory.gcLoad,1771319923917000000,1771319983998000000,0.0
lexer.yaml.size.bytes,1771319923917000000,1771319983998000000,4425
lexer.Groovy.time.ns,1771319923917000000,1771319983998000000,225120542
writeAction.median.wait.ms,1771319923917000000,1771319983998000000,4600
DiskQueryRelay.tasksRequested,1771319923917000000,1771319983998000000,291
DiskQueryRelay.taskWaitingTotalTimeUs,1771319923917000000,1771319983998000000,1265684
parser.CSS.time.ns,1771319923917000000,1771319983998000000,2285004082
parser.JSON.time.ns,1771319923917000000,1771319983998000000,9830364047
lexer.JSON.size.bytes,1771319923917000000,1771319983998000000,5624296
MEM.fileMappingsRamBytes,1771319923917000000,1771319983998000000,984117248
OS.loadAverage,1771319923917000000,1771319983998000000,6.0146484375
JVM.totalBytesAllocated,1771319923917000000,1771319983998000000,4726781768
JVM.GC.collections,1771319923917000000,1771319983998000000,11
JVM.GC.collectionTimesMs,1771319923917000000,1771319983998000000,1896
MEM.ramBytes,1771319923917000000,1771319983998000000,4901515264
JVM.maxHeapBytes,1771319923917000000,1771319983998000000,28840034304
JVM.usedNativeBytes,1771319923917000000,1771319983998000000,682818472
JVM.usedHeapBytes,1771319923917000000,1771319983998000000,1545508992
JVM.totalTimeToSafepointsMs,1771319923917000000,1771319983998000000,281
JVM.totalDirectByteBuffersBytes,1771319923917000000,1771319983998000000,638060132
JVM.newThreadsCount,1771319923917000000,1771319983998000000,8
JVM.threadCount,1771319923917000000,1771319983998000000,67
JVM.maxThreadCount,1771319923917000000,1771319983998000000,186
MEM.ramMinusFileMappingsBytes,1771319923917000000,1771319983998000000,3917398016
JVM.totalTimeAtSafepointsMs,1771319923917000000,1771319983998000000,2043
JVM.committedHeapBytes,1771319923917000000,1771319983998000000,2030043136
MEM.ramPlusSwapMinusFileMappingsBytes,1771319923917000000,1771319983998000000,3917398016
JVM.totalSafepointCount,1771319923917000000,1771319983998000000,65
JVM.totalCpuTimeMs,1771319923917000000,1771319983998000000,353690
compiler.ArtifactModifiableModelBridge.addArtifact.ms,1771319923917000000,1771319983998000000,0
compiler.ArtifactManagerBridge.getArtifacts.ms,1771319923917000000,1771319983998000000,0
compiler.ArtifactModifiableModelBridge.findArtifacts.ms,1771319923917000000,1771319983998000000,0
compiler.ArtifactManagerBridge.findArtifact.ms,1771319923917000000,1771319983998000000,0
compiler.ArtifactManagerBridge.commit.ms,1771319923917000000,1771319983998000000,0
compiler.ArtifactModifiableModelBridge.getArtifactsByType.ms,1771319923917000000,1771319983998000000,0
compiler.ArtifactManagerBridge.dropMappings.ms,1771319923917000000,1771319983998000000,0
compiler.ArtifactModifiableModelBridge.commit.ms,1771319923917000000,1771319983998000000,881
compiler.ArtifactVirtualFileListener.filePathChanged.ms,1771319923917000000,1771319983998000000,0
compiler.ArtifactManagerBridge.addArtifact.ms,1771319923917000000,1771319983998000000,0
compiler.ArtifactManagerBridge.getArtifactsByType.ms,1771319923917000000,1771319983998000000,0
compiler.ArtifactVirtualFileListener.propertyChanged.ms,1771319923917000000,1771319983998000000,0
compiler.ArtifactManagerBridge.initBridges.ms,1771319923917000000,1771319983998000000,0
compiler.ArtifactModifiableModelBridge.getArtifacts.ms,1771319923917000000,1771319983998000000,0
compiler.ArtifactModifiableModelBridge.dispose.ms,1771319923917000000,1771319983998000000,0
Indexing.writer_1.totalTimeSpentWritingMs,1771319923917000000,1771319983998000000,0
Indexes.allKeys.lookups,1771319923917000000,1771319983998000000,3
Indexes.entries.lookupDurationAvgMs,1771319923917000000,1771319983998000000,3.489795918367347
Indexing.writesQueuedMax,1771319923917000000,1771319983998000000,0
Indexes.stubs.lookupDurationMaxMs,1771319923917000000,1771319983998000000,523.0
Indexing.cache.totalCacheEvicted,1771319923917000000,1771319983998000000,2394
Indexes.entries.lookupDuration90PMs,1771319923917000000,1771319983998000000,8.0
Indexing.cache.totalCacheAccesses,1771319923917000000,1771319983998000000,7204
Indexes.stubs.lookupDuration90PMs,1771319923917000000,1771319983998000000,1.0
Indexes.entries.lookups,1771319923917000000,1771319983998000000,396
Indexing.writer_3.totalTimeSpentWritingMs,1771319923917000000,1771319983998000000,0
Indexes.allKeys.lookupDurationAvgMs,1771319923917000000,1771319983998000000,49.0
Indexes.allKeys.lookupDurationMaxMs,1771319923917000000,1771319983998000000,82.0
Indexing.writesQueuedAvg,1771319923917000000,1771319983998000000,0.0
Indexes.stubs.lookupDurationAvgMs,1771319923917000000,1771319983998000000,2.0814354727398205
Indexing.writesQueuedMin,1771319923917000000,1771319983998000000,0
Indexing.totalTimeIndexersSleptMs,1771319923917000000,1771319983998000000,0
Indexing.writer_2.totalTimeSpentWritingMs,1771319923917000000,1771319983998000000,0
Indexing.writer_0.totalTimeSpentWritingMs,1771319923917000000,1771319983998000000,0
Indexes.entries.lookupDurationMaxMs,1771319923917000000,1771319983998000000,169.0
Indexing.cache.totalCacheMisses,1771319923917000000,1771319983998000000,2324
Indexes.allKeys.lookupDuration90PMs,1771319923917000000,1771319983998000000,82.0
Indexes.stubs.lookups,1771319923917000000,1771319983998000000,3018
VFS.contentStorage.recordsStored,1771319923917000000,1771319983998000000,18
VFS.contentStorage.recordsDeduplicated,1771319923917000000,1771319983998000000,2
VFS.cache.directoriesCreated,1771319923917000000,1771319983998000000,46
VFS.contentStorage.recordsReadDecompressed,1771319923917000000,1771319983998000000,57
VFS.invertedFileNameIndex.requests,1771319923917000000,1771319983998000000,0
VFS.cache.segmentsCreated,1771319923917000000,1771319983998000000,0
VFS.rootsCount,1771319923917000000,1771319983998000000,324.0
VFS.folderCaseSensitivityReads,1771319923917000000,1771319983998000000,0
VFS.contentStorage.recordsRead,1771319923917000000,1771319983998000000,166
FileNameCache.queries,1771319923917000000,1771319983998000000,226816
VFS.fileChildByName,1771319923917000000,1771319983998000000,130886
VFS.fileByIdCache.hits,1771319923917000000,1771319983998000000,0
VFS.contentStorage.recordsReadSize,1771319923917000000,1771319983998000000,7482859
VFS.cache.filesCreated,1771319923917000000,1771319983998000000,41033
VFS.contentStorage.recordsUncompressedSize,1771319923917000000,1771319983998000000,142352
VFS.cache.segments,1771319923917000000,1771319983998000000,243.0
VFS.contentStorage.recordsStoredSize,1771319923917000000,1771319983998000000,57131
VFS.contentStorage.recordsStoredCompressed,1771319923917000000,1771319983998000000,1
VFS.fileByIdCache.misses,1771319923917000000,1771319983998000000,538
FileNameCache.totalMisses,1771319923917000000,1771319983998000000,0
VFS.contentStorage.recordsDecompressionTimeUs,1771319923917000000,1771319983998000000,300671
DirectByteBufferAllocator.totalSizeOfBuffersCachedInBytes,1771319923917000000,1771319983998000000,1048576
FilePageCache.maxRegisteredFiles,1771319923917000000,1771319983998000000,1853
DirectByteBufferAllocator.totalSizeOfBuffersAllocatedInBytes,1771319923917000000,1771319983998000000,630194176
DirectByteBufferAllocator.hits,1771319923917000000,1771319983998000000,0
StreamlinedBlobStorage.recordsDeleted,1771319923917000000,1771319983998000000,0
StreamlinedBlobStorage.totalLiveRecordsPayloadBytes,1771319923917000000,1771319983998000000,2926
FilePageCache.pageLoadsAboveSizeThreshold,1771319923917000000,1771319983998000000,0
FilePageCache.pageLoads,1771319923917000000,1771319983998000000,0
FileChannelInterruptsRetryer.totalRetriedAttempts,1771319923917000000,1771319983998000000,0
StorageLockContext.competingThreads.avg,1771319923917000000,1771319983998000000,0.0
FilePageCache.pageFastCacheHits,1771319923917000000,1771319983998000000,924
FilePageCache.maxCacheSizeInBytes,1771319923917000000,1771319983998000000,629145600
StorageLockContext.competingThreads.90P,1771319923917000000,1771319983998000000,0
DirectByteBufferAllocator.misses,1771319923917000000,1771319983998000000,0
FilePageCache.pageHits,1771319923917000000,1771319983998000000,5
DirectByteBufferAllocator.reclaimed,1771319923917000000,1771319983998000000,0
FilePageCache.capacityInBytes,1771319923917000000,1771319983998000000,629145600
MappedFileStorage.totalTimeSpentOnMappingUs,1771319923917000000,1771319983998000000,2899130
DirectByteBufferAllocator.disposed,1771319923917000000,1771319983998000000,0
FilePageCache.disposedBuffers,1771319923917000000,1771319983998000000,0
MappedFileStorage.storages,1771319923917000000,1771319983998000000,16
FilePageCache.uncachedFileAccess,1771319923917000000,1771319983998000000,0
StreamlinedBlobStorage.recordsRelocated,1771319923917000000,1771319983998000000,0
FilePageCache.totalPageLoadsUs,1771319923917000000,1771319983998000000,0
StorageLockContext.competingThreads.max,1771319923917000000,1771319983998000000,0
MappedFileStorage.totalPagesMapped,1771319923917000000,1771319983998000000,16
StreamlinedBlobStorage.recordsAllocated,1771319923917000000,1771319983998000000,34
FilePageCache.totalPageDisposalsUs,1771319923917000000,1771319983998000000,0
MappedFileStorage.totalBytesMapped,1771319923917000000,1771319983998000000,202637312
StreamlinedBlobStorage.totalLiveRecordsCapacityBytes,1771319923917000000,1771319983998000000,5286
jps.library.entities.serializer.save.entities.ms,1771319923917000000,1771319983998000000,0
workspaceModel.mutableEntityStorage.entities.by.source.ms,1771319923917000000,1771319983998000000,0
jps.module.dependency.index.workspace.model.listener.on.changed.ms,1771319923917000000,1771319983998000000,0
workspaceModel.mutableEntityStorage.changeLog.addReplaceEventForRemovedChild.ms,1771319923917000000,1771319983998000000,0
jps.global.initialize.library.bridges.ms,1771319923917000000,1771319983998000000,0
jps.app.storage.content.writer.save.component.ms,1771319923917000000,1771319983998000000,0
workspaceModel.moduleBridgeLoader.loading.modules.ms,1771319923917000000,1771319983998000000,0
jps.save.changed.project.entities.ms,1771319923917000000,1771319983998000000,0
jps.storage.jps.conf.reader.load.component.ms,1771319923917000000,1771319983998000000,0
jps.global.handle.changed.events.ms,1771319923917000000,1771319983998000000,0
jps.global.initialize.library.bridges.after.loading.ms,1771319923917000000,1771319983998000000,0
workspaceModel.mutableEntityStorage.resolve.ms,1771319923917000000,1771319983998000000,0
jps.global.handle.before.change.events.ms,1771319923917000000,1771319983998000000,0
workspaceModel.mutableEntityStorage.apply.changes.from.ms,1771319923917000000,1771319983998000000,0
workspaceModel.mutableEntityStorage.instances.count,1771319923917000000,1771319983998000000,0
jps.global.get.library.ms,1771319923917000000,1771319983998000000,0
jps.load.initial.state.ms,1771319923917000000,1771319983998000000,0
workspaceModel.mutableEntityStorage.collect.changes.ms,1771319923917000000,1771319983998000000,0
workspaceModel.load.cache.metadata.from.file.ms,1771319923917000000,1771319983998000000,0
workspaceModel.sync.entities.ms,1771319923917000000,1771319983998000000,0
workspaceModel.mutableEntityStorage.replace.by.source.ms,1771319923917000000,1771319983998000000,0
workspaceModel.mutableEntityStorage.hasReferrers.ms,1771319923917000000,1771319983998000000,0
workspaceModel.orphan.listener.update.ms,1771319923917000000,1771319983998000000,0
jps.global.get.libraries.ms,1771319923917000000,1771319983998000000,5
workspaceModel.save.cache.to.file.ms,1771319923917000000,1771319983998000000,0
workspaceModel.global.apply.state.to.project.ms,1771319923917000000,1771319983998000000,0
jps.apply.loaded.storage.ms,1771319923917000000,1771319983998000000,0
jps.reload.project.entities.ms,1771319923917000000,1771319983998000000,0
jps.artifact.entities.serializer.save.entities.ms,1771319923917000000,1771319983998000000,0
workspaceModel.moduleManagerBridge.new.nonPersistent.module.ms,1771319923917000000,1771319983998000000,0
jps.save.global.entities.ms,1771319923917000000,1771319983998000000,0
workspaceModel.moduleManagerBridge.create.module.instance.ms,1771319923917000000,1771319983998000000,0
jps.modifiable.module.model.bridge.new.module.ms,1771319923917000000,1771319983998000000,0
workspaceModel.mutableEntityStorage.mutable.ext.mapping.ms,1771319923917000000,1771319983998000000,0
workspaceModel.mutableEntityStorage.remove.entity.ms,1771319923917000000,1771319983998000000,0
workspaceModel.moduleBridge.facet.initialization.ms,1771319923917000000,1771319983998000000,0
workspaceModel.mutableEntityStorage.changeLog.addReplaceEventForRemovedParent.ms,1771319923917000000,1771319983998000000,0
jps.facet.change.listener.init.bridge.ms,1771319923917000000,1771319983998000000,0
workspaceModel.mutableEntityStorage.modify.entity.ms,1771319923917000000,1771319983998000000,0
workspaceModel.moduleManagerBridge.set.unloadedModules.ms,1771319923917000000,1771319983998000000,0
workspaceModel.mutableEntityStorage.add.entity.ms,1771319923917000000,1771319983998000000,0
workspaceModel.delayed.project.synchronizer.sync.ms,1771319923917000000,1771319983998000000,0
workspaceModel.mutableEntityStorage.changeLog.addReplaceEventForNewChild.ms,1771319923917000000,1771319983998000000,0
jps.facet.change.listener.before.change.events.ms,1771319923917000000,1771319983998000000,0
workspaceModel.global.updates.count,1771319923917000000,1771319983998000000,0
jps.module.iml.entities.serializer.load.entities.ms,1771319923917000000,1771319983998000000,0
workspaceModel.mutableEntityStorage.changeLog.addReplaceEventForNewParent.ms,1771319923917000000,1771319983998000000,0
jps.module.iml.entities.serializer.save.entities.ms,1771319923917000000,1771319983998000000,0
workspaceModel.moduleManagerBridge.newModule.ms,1771319923917000000,1771319983998000000,0
jps.artifact.entities.serializer.load.entities.ms,1771319923917000000,1771319983998000000,0
jps.modifiable.module.model.bridge.disposing.ms,1771319923917000000,1771319983998000000,0
workspaceModel.moduleManagerBridge.get.modules.ms,1771319923917000000,1771319983998000000,0
jps.project.serializers.load.ms,1771319923917000000,1771319983998000000,0
jps.load.project.to.empty.storage.ms,1771319923917000000,1771319983998000000,0
workspaceModel.mutableEntityStorage.mutable.vfurl.index.ms,1771319923917000000,1771319983998000000,0
workspaceModel.moduleManagerBridge.build.module.graph.ms,1771319923917000000,1771319983998000000,0
jps.global.get.library.by.name.ms,1771319923917000000,1771319983998000000,0
workspaceModel.mutableEntityStorage.entities.ms,1771319923917000000,1771319983998000000,0
workspaceModel.load.cache.from.file.ms,1771319923917000000,1771319983998000000,0
workspaceModel.mutableEntityStorage.put.entity.ms,1771319923917000000,1771319983998000000,0
jps.library.entities.serializer.load.entities.ms,1771319923917000000,1771319983998000000,0
jps.modifiable.module.model.bridge.renaming.ms,1771319923917000000,1771319983998000000,0
workspaceModel.do.save.caches.ms,1771319923917000000,1771319983998000000,0
jps.project.serializers.save.ms,1771319923917000000,1771319983998000000,0
jps.app.storage.content.reader.load.component.ms,1771319923917000000,1771319983998000000,0
workspaceModel.mutableEntityStorage.referrers.ms,1771319923917000000,1771319983998000000,0
jps.facet.change.listener.process.change.events.ms,1771319923917000000,1771319983998000000,0
workspaceModel.global.updates.ms,1771319923917000000,1771319983998000000,0
workspaceModel.moduleBridge.before.changed.ms,1771319923917000000,1771319983998000000,0
workspaceModel.global.apply.state.to.project.builder.ms,1771319923917000000,1771319983998000000,0
workspaceModel.moduleBridge.update.option.ms,1771319923917000000,1771319983998000000,0
workspaceModel.moduleManagerBridge.load.all.modules.ms,1771319923917000000,1771319983998000000,0
workspaceModel.mutableEntityStorage.has.same.entities.ms,1771319923917000000,1771319983998000000,0
workspaceModel.mutableEntityStorage.to.snapshot.ms,1771319923917000000,1771319983998000000,0
jps.modifiable.module.model.bridge.load.module.ms,1771319923917000000,1771319983998000000,0
workspaceModel.moduleManagerBridge.load.module.ms,1771319923917000000,1771319983998000000,0
workspaceModel.update.unloaded.entities.ms,1771319923917000000,1771319983998000000,0
workspaceModel.initializing.ms,1771319923917000000,1771319983998000000,0
workspaceModel.on.before.changed.ms,1771319923917000000,1771319983998000000,0
workspaceModel.cachedValue.clear.count,1771319923917000000,1771319983998000000,0
workspaceModel.cachedValue.calculated.count,1771319923917000000,1771319983998000000,0
workspaceModel.on.changed.ms,1771319923917000000,1771319983998000000,0
workspaceModel.cachedValueWithParameters.calculated.count,1771319923917000000,1771319983998000000,0
workspaceModel.workspaceFileIndexData.markDirty.ms,1771319923917000000,1771319983998000000,0
workspaceModel.cachedValueWithParameters.from.cache.count,1771319923917000000,1771319983998000000,62
workspaceModel.workspaceFileIndexData.getFileInfo.ms,1771319923917000000,1771319983998000000,3928
workspaceModel.workspaceFileIndexData.getPackageName.ms,1771319923917000000,1771319983998000000,116
workspaceModel.cachedValueWithParameters.total.get.count,1771319923917000000,1771319983998000000,62
workspaceModel.replace.project.model.ms,1771319923917000000,1771319983998000000,0
workspaceModel.full.replace.project.model.ms,1771319923917000000,1771319983998000000,0
workspaceModel.to.snapshot.ms,1771319923917000000,1771319983998000000,0
workspaceModel.cachedValue.total.get.count,1771319923917000000,1771319983998000000,453
workspaceModel.loading.total.ms,1771319923917000000,1771319983998000000,0
workspaceModel.workspaceFileIndexData.processFileSets.ms,1771319923917000000,1771319983998000000,0
workspaceModel.loading.from.cache.ms,1771319923917000000,1771319983998000000,0
workspaceModel.pre.handlers.ms,1771319923917000000,1771319983998000000,0
workspaceModel.updates.count,1771319923917000000,1771319983998000000,0
workspaceModel.workspaceFileIndexContributor.registerFileSets.ms,1771319923917000000,1771319983998000000,0
workspaceModel.updates.precise.ms,1771319923917000000,1771319983998000000,0
workspaceModel.cachedValueWithParameters.clear.count,1771319923917000000,1771319983998000000,0
workspaceModel.updates.ms,1771319923917000000,1771319983998000000,0
workspaceModel.workspaceFileIndexData.onEntitiesChanged.ms,1771319923917000000,1771319983998000000,0
workspaceModel.entityStorageSnapshotImpl.instances.count,1771319923917000000,1771319983998000000,0
workspaceModel.workspaceFileIndexData.init.ms,1771319923917000000,1771319983998000000,0
workspaceModel.check.recursive.update.ms,1771319923917000000,1771319983998000000,0
workspaceModel.init.bridges.ms,1771319923917000000,1771319983998000000,0
workspaceModel.workspaceFileIndexData.instances.count,1771319923917000000,1771319983998000000,0
workspaceModel.workspaceFileIndexData.updateDirtyEntities.ms,1771319923917000000,1771319983998000000,0
workspaceModel.cachedValue.from.cache.count,1771319923917000000,1771319983998000000,453
workspaceModel.collect.changes.ms,1771319923917000000,1771319983998000000,0
workspaceModel.workspaceFileIndexData.getDirectoriesByPackageName.ms,1771319923917000000,1771319983998000000,45
workspaceModel.workspaceFileIndexData.visitFileSets.ms,1771319923917000000,1771319983998000000,270
cacheStateStorage.set.duration,1771319923917000000,1771319983998000000,0
cacheStateStorage.set.counter,1771319923917000000,1771319983998000000,0
cacheStateStorage.get.counter,1771319923917000000,1771319983998000000,0
cacheStateStorage.get.duration,1771319923917000000,1771319983998000000,0
AWTEventQueue.dispatchTimeTotalNS,1771319983998000000,1771320043913000000,6754690046
AWTEventQueue.dispatchTime90PNs,1771319983998000000,1771320043913000000,12386303
FlushQueue.waitingTime90PNs,1771319983998000000,1771320043913000000,268435455
FlushQueue.executionTimeAvgNs,1771319983998000000,1771320043913000000,1.5952185806451613E7
NonBlockingReadAction.failedExecutionsCount,1771319983998000000,1771320043913000000,0
FlushQueue.queueSizeAvg,1771319983998000000,1771320043913000000,0.10215053763440861
FlushQueue.executionTimeMaxNs,1771319983998000000,1771320043913000000,318767103
FlushQueue.waitingTimeAvgNs,1771319983998000000,1771320043913000000,5.082031346236559E7
FlushQueue.executionTime90PNs,1771319983998000000,1771320043913000000,50855935
AWTEventQueue.dispatchTimeMaxNs,1771319983998000000,1771320043913000000,526385151
NonBlockingReadAction.finalizedExecutionTimeUs,1771319983998000000,1771320043913000000,2700619
FlushQueue.queueSizeMax,1771319983998000000,1771320043913000000,2
AWTEventQueue.dispatchTimeAvgNs,1771319983998000000,1771320043913000000,1.913302590368272E7
WriteAction.executionsCount,1771319983998000000,1771320043913000000,0
FlushQueue.queueSize90P,1771319983998000000,1771320043913000000,0
FlushQueue.waitingTimeMaxNs,1771319983998000000,1771320043913000000,624951295
FlushQueue.tasksExecuted,1771319983998000000,1771320043913000000,186
NonBlockingReadAction.failedExecutionTimeUs,1771319983998000000,1771320043913000000,0
NonBlockingReadAction.finalizedExecutionsCount,1771319983998000000,1771320043913000000,55
ReadAction.executionsCount,1771319983998000000,1771320043913000000,755266
AWTEventQueue.eventsDispatched,1771319983998000000,1771320043913000000,353
lexer.SVG.size.bytes,1771319983998000000,1771320043913000000,13866
parser.textmate.size.bytes,1771319983998000000,1771320043913000000,1097129
lexer.Shell.Script.size.bytes,1771319983998000000,1771320043913000000,4108
lexer.JAVA.size.bytes,1771319983998000000,1771320043913000000,59463
lexer.Groovy.size.bytes,1771319983998000000,1771320043913000000,1907
parser.XML.size.bytes,1771319983998000000,1771320043913000000,1023601
writeAction.count,1771319983998000000,1771320043913000000,0
lexer.Shell.Script.time.ns,1771319983998000000,1771320043913000000,16174667
lexer.Properties.size.bytes,1771319983998000000,1771320043913000000,2401
lexer.Properties.time.ns,1771319983998000000,1771320043913000000,25555582
DiskQueryRelay.tasksExecuted,1771319983998000000,1771320043913000000,2629
parser.Properties.time.ns,1771319983998000000,1771320043913000000,117986083
DiskQueryRelay.taskExecutionTotalTimeUs,1771319983998000000,1771320043913000000,2653401
parser.CSS.size.bytes,1771319983998000000,1771320043913000000,72723
parser.ECMAScript.6.size.bytes,1771319983998000000,1771320043913000000,163697
parser.Groovy.size.bytes,1771319983998000000,1771320043913000000,1907
parser.yaml.size.bytes,1771319983998000000,1771320043913000000,5461
lexer.JSON.time.ns,1771319983998000000,1771320043913000000,730144292
parser.textmate.time.ns,1771319983998000000,1771320043913000000,158083291
lexer.HTML.size.bytes,1771319983998000000,1771320043913000000,598232
parser.XML.time.ns,1771319983998000000,1771320043913000000,806076666
parser.HTML.time.ns,1771319983998000000,1771320043913000000,1874314125
parser.JSON.size.bytes,1771319983998000000,1771320043913000000,4259481
parser.JQuery-CSS.time.ns,1771319983998000000,1771320043913000000,633189468
lexer.CSS.size.bytes,1771319983998000000,1771320043913000000,72723
lexer.JQuery-CSS.time.ns,1771319983998000000,1771320043913000000,70806960
lexer.ECMAScript.6.time.ns,1771319983998000000,1771320043913000000,1827583
lexer.XML.time.ns,1771319983998000000,1771320043913000000,242824333
lexer.CSS.time.ns,1771319983998000000,1771320043913000000,167305260
lexer.SVG.time.ns,1771319983998000000,1771320043913000000,20296125
parser.Groovy.time.ns,1771319983998000000,1771320043913000000,2498975964
lexer.textmate.time.ns,1771319983998000000,1771320043913000000,26376126
lexer.JAVA.time.ns,1771319983998000000,1771320043913000000,675243258
writeAction.wait.ms,1771319983998000000,1771320043913000000,0
lexer.ECMAScript.6.size.bytes,1771319983998000000,1771320043913000000,3883
parser.yaml.time.ns,1771319983998000000,1771320043913000000,529379583
lexer.HTML.time.ns,1771319983998000000,1771320043913000000,1610951082
lexer.XML.size.bytes,1771319983998000000,1771320043913000000,1023601
lexer.yaml.time.ns,1771319983998000000,1771320043913000000,272416875
lexer.JQuery-CSS.size.bytes,1771319983998000000,1771320043913000000,1980
parser.JQuery-CSS.size.bytes,1771319983998000000,1771320043913000000,1980
parser.HTML.size.bytes,1771319983998000000,1771320043913000000,598232
parser.SVG.size.bytes,1771319983998000000,1771320043913000000,13866
parser.Properties.size.bytes,1771319983998000000,1771320043913000000,2401
parser.Shell.Script.time.ns,1771319983998000000,1771320043913000000,246288958
parser.ECMAScript.6.time.ns,1771319983998000000,1771320043913000000,1666343755
parser.JAVA.time.ns,1771319983998000000,1771320043913000000,6029981661
parser.JAVA.size.bytes,1771319983998000000,1771320043913000000,60417
lexer.textmate.size.bytes,1771319983998000000,1771320043913000000,1097129
parser.Shell.Script.size.bytes,1771319983998000000,1771320043913000000,4108
writeAction.max.wait.ms,1771319983998000000,1771320043913000000,3142
LowMemory.gcOverloaded,1771319983998000000,1771320043913000000,0
LowMemory.gcLoad,1771319983998000000,1771320043913000000,0.0
lexer.yaml.size.bytes,1771319983998000000,1771320043913000000,5461
lexer.Groovy.time.ns,1771319983998000000,1771320043913000000,158320957
writeAction.median.wait.ms,1771319983998000000,1771320043913000000,4600
DiskQueryRelay.tasksRequested,1771319983998000000,1771320043913000000,2631
DiskQueryRelay.taskWaitingTotalTimeUs,1771319983998000000,1771320043913000000,3963548
parser.CSS.time.ns,1771319983998000000,1771320043913000000,2918263007
parser.JSON.time.ns,1771319983998000000,1771320043913000000,6001658963
lexer.JSON.size.bytes,1771319983998000000,1771320043913000000,4259481
parser.SVG.time.ns,1771319983998000000,1771320043913000000,21749541
MEM.fileMappingsRamBytes,1771319983998000000,1771320043913000000,984117248
OS.loadAverage,1771319983998000000,1771320043913000000,5.53564453125
JVM.totalBytesAllocated,1771319983998000000,1771320043913000000,3757016816
JVM.GC.collections,1771319983998000000,1771320043913000000,4
JVM.GC.collectionTimesMs,1771319983998000000,1771320043913000000,784
MEM.ramBytes,1771319983998000000,1771320043913000000,5501509632
JVM.maxHeapBytes,1771319983998000000,1771320043913000000,28840034304
JVM.usedNativeBytes,1771319983998000000,1771320043913000000,688729736
JVM.usedHeapBytes,1771319983998000000,1771320043913000000,1569545408
JVM.totalTimeToSafepointsMs,1771319983998000000,1771320043913000000,293
JVM.totalDirectByteBuffersBytes,1771319983998000000,1771320043913000000,637155515
JVM.newThreadsCount,1771319983998000000,1771320043913000000,5
JVM.threadCount,1771319983998000000,1771320043913000000,63
JVM.maxThreadCount,1771319983998000000,1771320043913000000,186
MEM.ramMinusFileMappingsBytes,1771319983998000000,1771320043913000000,4517392384
JVM.totalTimeAtSafepointsMs,1771319983998000000,1771320043913000000,912
JVM.committedHeapBytes,1771319983998000000,1771320043913000000,2617245696
MEM.ramPlusSwapMinusFileMappingsBytes,1771319983998000000,1771320043913000000,4517392384
JVM.totalSafepointCount,1771319983998000000,1771320043913000000,57
JVM.totalCpuTimeMs,1771319983998000000,1771320043913000000,265260
compiler.ArtifactModifiableModelBridge.addArtifact.ms,1771319983998000000,1771320043913000000,0
compiler.ArtifactManagerBridge.getArtifacts.ms,1771319983998000000,1771320043913000000,0
compiler.ArtifactModifiableModelBridge.findArtifacts.ms,1771319983998000000,1771320043913000000,0
compiler.ArtifactManagerBridge.findArtifact.ms,1771319983998000000,1771320043913000000,0
compiler.ArtifactManagerBridge.commit.ms,1771319983998000000,1771320043913000000,0
compiler.ArtifactModifiableModelBridge.getArtifactsByType.ms,1771319983998000000,1771320043913000000,0
compiler.ArtifactManagerBridge.dropMappings.ms,1771319983998000000,1771320043913000000,0
compiler.ArtifactModifiableModelBridge.commit.ms,1771319983998000000,1771320043913000000,881
compiler.ArtifactVirtualFileListener.filePathChanged.ms,1771319983998000000,1771320043913000000,0
compiler.ArtifactManagerBridge.addArtifact.ms,1771319983998000000,1771320043913000000,0
compiler.ArtifactManagerBridge.getArtifactsByType.ms,1771319983998000000,1771320043913000000,0
compiler.ArtifactVirtualFileListener.propertyChanged.ms,1771319983998000000,1771320043913000000,0
compiler.ArtifactManagerBridge.initBridges.ms,1771319983998000000,1771320043913000000,0
compiler.ArtifactModifiableModelBridge.getArtifacts.ms,1771319983998000000,1771320043913000000,0
compiler.ArtifactModifiableModelBridge.dispose.ms,1771319983998000000,1771320043913000000,0
Indexing.writer_1.totalTimeSpentWritingMs,1771319983998000000,1771320043913000000,0
Indexes.allKeys.lookups,1771319983998000000,1771320043913000000,2
Indexes.entries.lookupDurationAvgMs,1771319983998000000,1771320043913000000,6.187913125590179
Indexing.writesQueuedMax,1771319983998000000,1771320043913000000,0
Indexes.stubs.lookupDurationMaxMs,1771319983998000000,1771320043913000000,1079.0
Indexing.cache.totalCacheEvicted,1771319983998000000,1771320043913000000,13217
Indexes.entries.lookupDuration90PMs,1771319983998000000,1771320043913000000,3.0
Indexing.cache.totalCacheAccesses,1771319983998000000,1771320043913000000,41343
Indexes.stubs.lookupDuration90PMs,1771319983998000000,1771320043913000000,1.0
Indexes.entries.lookups,1771319983998000000,1771320043913000000,1062
Indexing.writer_3.totalTimeSpentWritingMs,1771319983998000000,1771320043913000000,0
Indexes.allKeys.lookupDurationAvgMs,1771319983998000000,1771320043913000000,38.0
Indexes.allKeys.lookupDurationMaxMs,1771319983998000000,1771320043913000000,50.0
Indexing.writesQueuedAvg,1771319983998000000,1771320043913000000,0.0
Indexes.stubs.lookupDurationAvgMs,1771319983998000000,1771320043913000000,0.7487140199190107
Indexing.writesQueuedMin,1771319983998000000,1771320043913000000,0
Indexing.totalTimeIndexersSleptMs,1771319983998000000,1771320043913000000,0
Indexing.writer_2.totalTimeSpentWritingMs,1771319983998000000,1771320043913000000,0
Indexing.writer_0.totalTimeSpentWritingMs,1771319983998000000,1771320043913000000,0
Indexes.entries.lookupDurationMaxMs,1771319983998000000,1771320043913000000,643.0
Indexing.cache.totalCacheMisses,1771319983998000000,1771320043913000000,13721
Indexes.allKeys.lookupDuration90PMs,1771319983998000000,1771320043913000000,50.0
Indexes.stubs.lookups,1771319983998000000,1771320043913000000,18267
VFS.contentStorage.recordsStored,1771319983998000000,1771320043913000000,3
VFS.contentStorage.recordsDeduplicated,1771319983998000000,1771320043913000000,2
VFS.cache.directoriesCreated,1771319983998000000,1771320043913000000,4
VFS.contentStorage.recordsReadDecompressed,1771319983998000000,1771320043913000000,86
VFS.invertedFileNameIndex.requests,1771319983998000000,1771320043913000000,0
VFS.cache.segmentsCreated,1771319983998000000,1771320043913000000,0
VFS.rootsCount,1771319983998000000,1771320043913000000,324.0
VFS.folderCaseSensitivityReads,1771319983998000000,1771320043913000000,0
VFS.contentStorage.recordsRead,1771319983998000000,1771320043913000000,237
FileNameCache.queries,1771319983998000000,1771320043913000000,736448
VFS.fileChildByName,1771319983998000000,1771320043913000000,102056
VFS.fileByIdCache.hits,1771319983998000000,1771320043913000000,0
VFS.contentStorage.recordsReadSize,1771319983998000000,1771320043913000000,6785305
VFS.cache.filesCreated,1771319983998000000,1771320043913000000,3361
VFS.contentStorage.recordsUncompressedSize,1771319983998000000,1771320043913000000,38853
VFS.cache.segments,1771319983998000000,1771320043913000000,243.0
VFS.contentStorage.recordsStoredSize,1771319983998000000,1771320043913000000,3380
VFS.contentStorage.recordsStoredCompressed,1771319983998000000,1771320043913000000,1
VFS.fileByIdCache.misses,1771319983998000000,1771320043913000000,1414
FileNameCache.totalMisses,1771319983998000000,1771320043913000000,0
VFS.contentStorage.recordsDecompressionTimeUs,1771319983998000000,1771320043913000000,180466
DirectByteBufferAllocator.totalSizeOfBuffersCachedInBytes,1771319983998000000,1771320043913000000,1048576
FilePageCache.maxRegisteredFiles,1771319983998000000,1771320043913000000,1853
DirectByteBufferAllocator.totalSizeOfBuffersAllocatedInBytes,1771319983998000000,1771320043913000000,630194176
DirectByteBufferAllocator.hits,1771319983998000000,1771320043913000000,1
StreamlinedBlobStorage.recordsDeleted,1771319983998000000,1771320043913000000,1
StreamlinedBlobStorage.totalLiveRecordsPayloadBytes,1771319983998000000,1771320043913000000,102966
FilePageCache.pageLoadsAboveSizeThreshold,1771319983998000000,1771320043913000000,1
FilePageCache.pageLoads,1771319983998000000,1771320043913000000,0
FileChannelInterruptsRetryer.totalRetriedAttempts,1771319983998000000,1771320043913000000,0
StorageLockContext.competingThreads.avg,1771319983998000000,1771320043913000000,0.008547008547008548
FilePageCache.pageFastCacheHits,1771319983998000000,1771320043913000000,5385
FilePageCache.maxCacheSizeInBytes,1771319983998000000,1771320043913000000,629145600
StorageLockContext.competingThreads.90P,1771319983998000000,1771320043913000000,0
DirectByteBufferAllocator.misses,1771319983998000000,1771320043913000000,0
FilePageCache.pageHits,1771319983998000000,1771320043913000000,120
DirectByteBufferAllocator.reclaimed,1771319983998000000,1771320043913000000,1
FilePageCache.capacityInBytes,1771319983998000000,1771320043913000000,629145600
MappedFileStorage.totalTimeSpentOnMappingUs,1771319983998000000,1771320043913000000,2899130
DirectByteBufferAllocator.disposed,1771319983998000000,1771320043913000000,0
FilePageCache.disposedBuffers,1771319983998000000,1771320043913000000,1
MappedFileStorage.storages,1771319983998000000,1771320043913000000,16
FilePageCache.uncachedFileAccess,1771319983998000000,1771320043913000000,1
StreamlinedBlobStorage.recordsRelocated,1771319983998000000,1771320043913000000,0
FilePageCache.totalPageLoadsUs,1771319983998000000,1771320043913000000,111875
StorageLockContext.competingThreads.max,1771319983998000000,1771320043913000000,1
MappedFileStorage.totalPagesMapped,1771319983998000000,1771320043913000000,16
StreamlinedBlobStorage.recordsAllocated,1771319983998000000,1771320043913000000,48
FilePageCache.totalPageDisposalsUs,1771319983998000000,1771320043913000000,1136
MappedFileStorage.totalBytesMapped,1771319983998000000,1771320043913000000,202637312
StreamlinedBlobStorage.totalLiveRecordsCapacityBytes,1771319983998000000,1771320043913000000,134243
jps.library.entities.serializer.save.entities.ms,1771319983998000000,1771320043913000000,0
workspaceModel.mutableEntityStorage.entities.by.source.ms,1771319983998000000,1771320043913000000,0
jps.module.dependency.index.workspace.model.listener.on.changed.ms,1771319983998000000,1771320043913000000,0
workspaceModel.mutableEntityStorage.changeLog.addReplaceEventForRemovedChild.ms,1771319983998000000,1771320043913000000,0
jps.global.initialize.library.bridges.ms,1771319983998000000,1771320043913000000,0
jps.app.storage.content.writer.save.component.ms,1771319983998000000,1771320043913000000,0
workspaceModel.moduleBridgeLoader.loading.modules.ms,1771319983998000000,1771320043913000000,0
jps.save.changed.project.entities.ms,1771319983998000000,1771320043913000000,0
jps.storage.jps.conf.reader.load.component.ms,1771319983998000000,1771320043913000000,0
jps.global.handle.changed.events.ms,1771319983998000000,1771320043913000000,0
jps.global.initialize.library.bridges.after.loading.ms,1771319983998000000,1771320043913000000,0
workspaceModel.mutableEntityStorage.resolve.ms,1771319983998000000,1771320043913000000,0
jps.global.handle.before.change.events.ms,1771319983998000000,1771320043913000000,0
workspaceModel.mutableEntityStorage.apply.changes.from.ms,1771319983998000000,1771320043913000000,0
workspaceModel.mutableEntityStorage.instances.count,1771319983998000000,1771320043913000000,0
jps.global.get.library.ms,1771319983998000000,1771320043913000000,0
jps.load.initial.state.ms,1771319983998000000,1771320043913000000,0
workspaceModel.mutableEntityStorage.collect.changes.ms,1771319983998000000,1771320043913000000,0
workspaceModel.load.cache.metadata.from.file.ms,1771319983998000000,1771320043913000000,0
workspaceModel.sync.entities.ms,1771319983998000000,1771320043913000000,0
workspaceModel.mutableEntityStorage.replace.by.source.ms,1771319983998000000,1771320043913000000,0
workspaceModel.mutableEntityStorage.hasReferrers.ms,1771319983998000000,1771320043913000000,0
workspaceModel.orphan.listener.update.ms,1771319983998000000,1771320043913000000,0
jps.global.get.libraries.ms,1771319983998000000,1771320043913000000,32
workspaceModel.save.cache.to.file.ms,1771319983998000000,1771320043913000000,0
workspaceModel.global.apply.state.to.project.ms,1771319983998000000,1771320043913000000,0
jps.apply.loaded.storage.ms,1771319983998000000,1771320043913000000,0
jps.reload.project.entities.ms,1771319983998000000,1771320043913000000,0
jps.artifact.entities.serializer.save.entities.ms,1771319983998000000,1771320043913000000,0
workspaceModel.moduleManagerBridge.new.nonPersistent.module.ms,1771319983998000000,1771320043913000000,0
jps.save.global.entities.ms,1771319983998000000,1771320043913000000,0
workspaceModel.moduleManagerBridge.create.module.instance.ms,1771319983998000000,1771320043913000000,0
jps.modifiable.module.model.bridge.new.module.ms,1771319983998000000,1771320043913000000,0
workspaceModel.mutableEntityStorage.mutable.ext.mapping.ms,1771319983998000000,1771320043913000000,0
workspaceModel.mutableEntityStorage.remove.entity.ms,1771319983998000000,1771320043913000000,0
workspaceModel.moduleBridge.facet.initialization.ms,1771319983998000000,1771320043913000000,0
workspaceModel.mutableEntityStorage.changeLog.addReplaceEventForRemovedParent.ms,1771319983998000000,1771320043913000000,0
jps.facet.change.listener.init.bridge.ms,1771319983998000000,1771320043913000000,0
workspaceModel.mutableEntityStorage.modify.entity.ms,1771319983998000000,1771320043913000000,0
workspaceModel.moduleManagerBridge.set.unloadedModules.ms,1771319983998000000,1771320043913000000,0
workspaceModel.mutableEntityStorage.add.entity.ms,1771319983998000000,1771320043913000000,0
workspaceModel.delayed.project.synchronizer.sync.ms,1771319983998000000,1771320043913000000,0
workspaceModel.mutableEntityStorage.changeLog.addReplaceEventForNewChild.ms,1771319983998000000,1771320043913000000,0
jps.facet.change.listener.before.change.events.ms,1771319983998000000,1771320043913000000,0
workspaceModel.global.updates.count,1771319983998000000,1771320043913000000,0
jps.module.iml.entities.serializer.load.entities.ms,1771319983998000000,1771320043913000000,0
workspaceModel.mutableEntityStorage.changeLog.addReplaceEventForNewParent.ms,1771319983998000000,1771320043913000000,0
jps.module.iml.entities.serializer.save.entities.ms,1771319983998000000,1771320043913000000,0
workspaceModel.moduleManagerBridge.newModule.ms,1771319983998000000,1771320043913000000,0
jps.artifact.entities.serializer.load.entities.ms,1771319983998000000,1771320043913000000,0
jps.modifiable.module.model.bridge.disposing.ms,1771319983998000000,1771320043913000000,0
workspaceModel.moduleManagerBridge.get.modules.ms,1771319983998000000,1771320043913000000,0
jps.project.serializers.load.ms,1771319983998000000,1771320043913000000,0
jps.load.project.to.empty.storage.ms,1771319983998000000,1771320043913000000,0
workspaceModel.mutableEntityStorage.mutable.vfurl.index.ms,1771319983998000000,1771320043913000000,0
workspaceModel.moduleManagerBridge.build.module.graph.ms,1771319983998000000,1771320043913000000,0
jps.global.get.library.by.name.ms,1771319983998000000,1771320043913000000,0
workspaceModel.mutableEntityStorage.entities.ms,1771319983998000000,1771320043913000000,0
workspaceModel.load.cache.from.file.ms,1771319983998000000,1771320043913000000,0
workspaceModel.mutableEntityStorage.put.entity.ms,1771319983998000000,1771320043913000000,0
jps.library.entities.serializer.load.entities.ms,1771319983998000000,1771320043913000000,0
jps.modifiable.module.model.bridge.renaming.ms,1771319983998000000,1771320043913000000,0
workspaceModel.do.save.caches.ms,1771319983998000000,1771320043913000000,0
jps.project.serializers.save.ms,1771319983998000000,1771320043913000000,0
jps.app.storage.content.reader.load.component.ms,1771319983998000000,1771320043913000000,0
workspaceModel.mutableEntityStorage.referrers.ms,1771319983998000000,1771320043913000000,0
jps.facet.change.listener.process.change.events.ms,1771319983998000000,1771320043913000000,0
workspaceModel.global.updates.ms,1771319983998000000,1771320043913000000,0
workspaceModel.moduleBridge.before.changed.ms,1771319983998000000,1771320043913000000,0
workspaceModel.global.apply.state.to.project.builder.ms,1771319983998000000,1771320043913000000,0
workspaceModel.moduleBridge.update.option.ms,1771319983998000000,1771320043913000000,0
workspaceModel.moduleManagerBridge.load.all.modules.ms,1771319983998000000,1771320043913000000,0
workspaceModel.mutableEntityStorage.has.same.entities.ms,1771319983998000000,1771320043913000000,0
workspaceModel.mutableEntityStorage.to.snapshot.ms,1771319983998000000,1771320043913000000,0
jps.modifiable.module.model.bridge.load.module.ms,1771319983998000000,1771320043913000000,0
workspaceModel.moduleManagerBridge.load.module.ms,1771319983998000000,1771320043913000000,0
workspaceModel.update.unloaded.entities.ms,1771319983998000000,1771320043913000000,0
workspaceModel.initializing.ms,1771319983998000000,1771320043913000000,0
workspaceModel.on.before.changed.ms,1771319983998000000,1771320043913000000,0
workspaceModel.cachedValue.clear.count,1771319983998000000,1771320043913000000,0
workspaceModel.cachedValue.calculated.count,1771319983998000000,1771320043913000000,0
workspaceModel.on.changed.ms,1771319983998000000,1771320043913000000,0
workspaceModel.cachedValueWithParameters.calculated.count,1771319983998000000,1771320043913000000,0
workspaceModel.workspaceFileIndexData.markDirty.ms,1771319983998000000,1771320043913000000,0
workspaceModel.cachedValueWithParameters.from.cache.count,1771319983998000000,1771320043913000000,174
workspaceModel.workspaceFileIndexData.getFileInfo.ms,1771319983998000000,1771320043913000000,2610
workspaceModel.workspaceFileIndexData.getPackageName.ms,1771319983998000000,1771320043913000000,118
workspaceModel.cachedValueWithParameters.total.get.count,1771319983998000000,1771320043913000000,174
workspaceModel.replace.project.model.ms,1771319983998000000,1771320043913000000,0
workspaceModel.full.replace.project.model.ms,1771319983998000000,1771320043913000000,0
workspaceModel.to.snapshot.ms,1771319983998000000,1771320043913000000,0
workspaceModel.cachedValue.total.get.count,1771319983998000000,1771320043913000000,738
workspaceModel.loading.total.ms,1771319983998000000,1771320043913000000,0
workspaceModel.workspaceFileIndexData.processFileSets.ms,1771319983998000000,1771320043913000000,0
workspaceModel.loading.from.cache.ms,1771319983998000000,1771320043913000000,0
workspaceModel.pre.handlers.ms,1771319983998000000,1771320043913000000,0
workspaceModel.updates.count,1771319983998000000,1771320043913000000,0
workspaceModel.workspaceFileIndexContributor.registerFileSets.ms,1771319983998000000,1771320043913000000,0
workspaceModel.updates.precise.ms,1771319983998000000,1771320043913000000,0
workspaceModel.cachedValueWithParameters.clear.count,1771319983998000000,1771320043913000000,0
workspaceModel.updates.ms,1771319983998000000,1771320043913000000,0
workspaceModel.workspaceFileIndexData.onEntitiesChanged.ms,1771319983998000000,1771320043913000000,0
workspaceModel.entityStorageSnapshotImpl.instances.count,1771319983998000000,1771320043913000000,0
workspaceModel.workspaceFileIndexData.init.ms,1771319983998000000,1771320043913000000,0
workspaceModel.check.recursive.update.ms,1771319983998000000,1771320043913000000,0
workspaceModel.init.bridges.ms,1771319983998000000,1771320043913000000,0
workspaceModel.workspaceFileIndexData.instances.count,1771319983998000000,1771320043913000000,0
workspaceModel.workspaceFileIndexData.updateDirtyEntities.ms,1771319983998000000,1771320043913000000,0
workspaceModel.cachedValue.from.cache.count,1771319983998000000,1771320043913000000,738
workspaceModel.collect.changes.ms,1771319983998000000,1771320043913000000,0
workspaceModel.workspaceFileIndexData.getDirectoriesByPackageName.ms,1771319983998000000,1771320043913000000,42
workspaceModel.workspaceFileIndexData.visitFileSets.ms,1771319983998000000,1771320043913000000,0
cacheStateStorage.set.duration,1771319983998000000,1771320043913000000,0
cacheStateStorage.set.counter,1771319983998000000,1771320043913000000,0
cacheStateStorage.get.counter,1771319983998000000,1771320043913000000,0
cacheStateStorage.get.duration,1771319983998000000,1771320043913000000,0
AWTEventQueue.dispatchTimeTotalNS,1771320043913000000,1771320060378000000,1953864290
NonBlockingReadAction.failedExecutionsCount,1771320043913000000,1771320060378000000,0
NonBlockingReadAction.finalizedExecutionTimeUs,1771320043913000000,1771320060378000000,297236
NonBlockingReadAction.failedExecutionTimeUs,1771320043913000000,1771320060378000000,0
NonBlockingReadAction.finalizedExecutionsCount,1771320043913000000,1771320060378000000,10
lexer.JAVA.size.bytes,1771320043913000000,1771320060378000000,118
writeAction.count,1771320043913000000,1771320060378000000,2
DiskQueryRelay.tasksExecuted,1771320043913000000,1771320060378000000,9
DiskQueryRelay.taskExecutionTotalTimeUs,1771320043913000000,1771320060378000000,15645
lexer.JAVA.time.ns,1771320043913000000,1771320060378000000,43190582
writeAction.wait.ms,1771320043913000000,1771320060378000000,1
parser.JAVA.time.ns,1771320043913000000,1771320060378000000,263300335
parser.JAVA.size.bytes,1771320043913000000,1771320060378000000,118
writeAction.max.wait.ms,1771320043913000000,1771320060378000000,3142
LowMemory.gcOverloaded,1771320043913000000,1771320060378000000,0
LowMemory.gcLoad,1771320043913000000,1771320060378000000,0.0
writeAction.median.wait.ms,1771320043913000000,1771320060378000000,4600
DiskQueryRelay.tasksRequested,1771320043913000000,1771320060378000000,9
DiskQueryRelay.taskWaitingTotalTimeUs,1771320043913000000,1771320060378000000,32963
MEM.fileMappingsRamBytes,1771320043913000000,1771320060378000000,988381184
OS.loadAverage,1771320043913000000,1771320060378000000,5.11767578125
JVM.totalBytesAllocated,1771320043913000000,1771320060378000000,209927040
JVM.GC.collections,1771320043913000000,1771320060378000000,0
JVM.GC.collectionTimesMs,1771320043913000000,1771320060378000000,0
MEM.ramBytes,1771320043913000000,1771320060378000000,5516050432
JVM.maxHeapBytes,1771320043913000000,1771320060378000000,28840034304
JVM.usedNativeBytes,1771320043913000000,1771320060378000000,699355064
JVM.usedHeapBytes,1771320043913000000,1771320060378000000,2039307456
JVM.totalTimeToSafepointsMs,1771320043913000000,1771320060378000000,30
JVM.totalDirectByteBuffersBytes,1771320043913000000,1771320060378000000,54385499
JVM.newThreadsCount,1771320043913000000,1771320060378000000,50
JVM.threadCount,1771320043913000000,1771320060378000000,95
JVM.maxThreadCount,1771320043913000000,1771320060378000000,186
MEM.ramMinusFileMappingsBytes,1771320043913000000,1771320060378000000,4527669248
JVM.totalTimeAtSafepointsMs,1771320043913000000,1771320060378000000,32
JVM.committedHeapBytes,1771320043913000000,1771320060378000000,2617245696
MEM.ramPlusSwapMinusFileMappingsBytes,1771320043913000000,1771320060378000000,4527669248
JVM.totalSafepointCount,1771320043913000000,1771320060378000000,14
JVM.totalCpuTimeMs,1771320043913000000,1771320060378000000,39050
compiler.ArtifactModifiableModelBridge.addArtifact.ms,1771320043913000000,1771320060378000000,0
compiler.ArtifactManagerBridge.getArtifacts.ms,1771320043913000000,1771320060378000000,0
compiler.ArtifactModifiableModelBridge.findArtifacts.ms,1771320043913000000,1771320060378000000,0
compiler.ArtifactManagerBridge.findArtifact.ms,1771320043913000000,1771320060378000000,0
compiler.ArtifactManagerBridge.commit.ms,1771320043913000000,1771320060378000000,0
compiler.ArtifactModifiableModelBridge.getArtifactsByType.ms,1771320043913000000,1771320060378000000,0
compiler.ArtifactManagerBridge.dropMappings.ms,1771320043913000000,1771320060378000000,0
compiler.ArtifactModifiableModelBridge.commit.ms,1771320043913000000,1771320060378000000,881
compiler.ArtifactVirtualFileListener.filePathChanged.ms,1771320043913000000,1771320060378000000,0
compiler.ArtifactManagerBridge.addArtifact.ms,1771320043913000000,1771320060378000000,0
compiler.ArtifactManagerBridge.getArtifactsByType.ms,1771320043913000000,1771320060378000000,0
compiler.ArtifactVirtualFileListener.propertyChanged.ms,1771320043913000000,1771320060378000000,0
compiler.ArtifactManagerBridge.initBridges.ms,1771320043913000000,1771320060378000000,0
compiler.ArtifactModifiableModelBridge.getArtifacts.ms,1771320043913000000,1771320060378000000,0
compiler.ArtifactModifiableModelBridge.dispose.ms,1771320043913000000,1771320060378000000,0
Indexing.writer_1.totalTimeSpentWritingMs,1771320043913000000,1771320060378000000,0
Indexes.allKeys.lookups,1771320043913000000,1771320060378000000,1
Indexes.entries.lookupDurationAvgMs,1771320043913000000,1771320060378000000,35.666666666666664
Indexing.writesQueuedMax,1771320043913000000,1771320060378000000,0
Indexes.stubs.lookupDurationMaxMs,1771320043913000000,1771320060378000000,142.0
Indexing.cache.totalCacheEvicted,1771320043913000000,1771320060378000000,8125
Indexes.entries.lookupDuration90PMs,1771320043913000000,1771320060378000000,102.0
Indexing.cache.totalCacheAccesses,1771320043913000000,1771320060378000000,477
Indexes.stubs.lookupDuration90PMs,1771320043913000000,1771320060378000000,1.0
Indexes.entries.lookups,1771320043913000000,1771320060378000000,24
Indexing.writer_3.totalTimeSpentWritingMs,1771320043913000000,1771320060378000000,0
Indexes.allKeys.lookupDurationAvgMs,1771320043913000000,1771320060378000000,40.0
Indexes.allKeys.lookupDurationMaxMs,1771320043913000000,1771320060378000000,40.0
Indexing.writesQueuedAvg,1771320043913000000,1771320060378000000,0.0
Indexes.stubs.lookupDurationAvgMs,1771320043913000000,1771320060378000000,2.263157894736842
Indexing.writesQueuedMin,1771320043913000000,1771320060378000000,0
Indexing.totalTimeIndexersSleptMs,1771320043913000000,1771320060378000000,0
Indexing.writer_2.totalTimeSpentWritingMs,1771320043913000000,1771320060378000000,0
Indexing.writer_0.totalTimeSpentWritingMs,1771320043913000000,1771320060378000000,0
Indexes.entries.lookupDurationMaxMs,1771320043913000000,1771320060378000000,102.0
Indexing.cache.totalCacheMisses,1771320043913000000,1771320060378000000,202
Indexes.allKeys.lookupDuration90PMs,1771320043913000000,1771320060378000000,40.0
Indexes.stubs.lookups,1771320043913000000,1771320060378000000,207
DirectByteBufferAllocator.totalSizeOfBuffersCachedInBytes,1771320043913000000,1771320060378000000,41943040
FilePageCache.maxRegisteredFiles,1771320043913000000,1771320060378000000,1853
DirectByteBufferAllocator.totalSizeOfBuffersAllocatedInBytes,1771320043913000000,1771320060378000000,41943040
DirectByteBufferAllocator.hits,1771320043913000000,1771320060378000000,0
FilePageCache.pageLoadsAboveSizeThreshold,1771320043913000000,1771320060378000000,0
FilePageCache.pageLoads,1771320043913000000,1771320060378000000,0
FileChannelInterruptsRetryer.totalRetriedAttempts,1771320043913000000,1771320060378000000,0
StorageLockContext.competingThreads.avg,1771320043913000000,1771320060378000000,0.0
FilePageCache.pageFastCacheHits,1771320043913000000,1771320060378000000,87
FilePageCache.maxCacheSizeInBytes,1771320043913000000,1771320060378000000,629145600
StorageLockContext.competingThreads.90P,1771320043913000000,1771320060378000000,0
DirectByteBufferAllocator.misses,1771320043913000000,1771320060378000000,0
FilePageCache.pageHits,1771320043913000000,1771320060378000000,2
DirectByteBufferAllocator.reclaimed,1771320043913000000,1771320060378000000,39
FilePageCache.capacityInBytes,1771320043913000000,1771320060378000000,629145600
DirectByteBufferAllocator.disposed,1771320043913000000,1771320060378000000,561
FilePageCache.disposedBuffers,1771320043913000000,1771320060378000000,600
FilePageCache.uncachedFileAccess,1771320043913000000,1771320060378000000,0
FilePageCache.totalPageLoadsUs,1771320043913000000,1771320060378000000,0
StorageLockContext.competingThreads.max,1771320043913000000,1771320060378000000,0
FilePageCache.totalPageDisposalsUs,1771320043913000000,1771320060378000000,0
jps.library.entities.serializer.save.entities.ms,1771320043913000000,1771320060378000000,0
workspaceModel.mutableEntityStorage.entities.by.source.ms,1771320043913000000,1771320060378000000,0
jps.module.dependency.index.workspace.model.listener.on.changed.ms,1771320043913000000,1771320060378000000,0
workspaceModel.mutableEntityStorage.changeLog.addReplaceEventForRemovedChild.ms,1771320043913000000,1771320060378000000,0
jps.global.initialize.library.bridges.ms,1771320043913000000,1771320060378000000,0
jps.app.storage.content.writer.save.component.ms,1771320043913000000,1771320060378000000,7
workspaceModel.moduleBridgeLoader.loading.modules.ms,1771320043913000000,1771320060378000000,0
jps.save.changed.project.entities.ms,1771320043913000000,1771320060378000000,4
jps.storage.jps.conf.reader.load.component.ms,1771320043913000000,1771320060378000000,0
jps.global.handle.changed.events.ms,1771320043913000000,1771320060378000000,0
jps.global.initialize.library.bridges.after.loading.ms,1771320043913000000,1771320060378000000,0
workspaceModel.mutableEntityStorage.resolve.ms,1771320043913000000,1771320060378000000,0
jps.global.handle.before.change.events.ms,1771320043913000000,1771320060378000000,0
workspaceModel.mutableEntityStorage.apply.changes.from.ms,1771320043913000000,1771320060378000000,0
workspaceModel.mutableEntityStorage.instances.count,1771320043913000000,1771320060378000000,0
jps.global.get.library.ms,1771320043913000000,1771320060378000000,0
jps.load.initial.state.ms,1771320043913000000,1771320060378000000,0
workspaceModel.mutableEntityStorage.collect.changes.ms,1771320043913000000,1771320060378000000,0
workspaceModel.load.cache.metadata.from.file.ms,1771320043913000000,1771320060378000000,0
workspaceModel.sync.entities.ms,1771320043913000000,1771320060378000000,0
workspaceModel.mutableEntityStorage.replace.by.source.ms,1771320043913000000,1771320060378000000,0
workspaceModel.mutableEntityStorage.hasReferrers.ms,1771320043913000000,1771320060378000000,0
workspaceModel.orphan.listener.update.ms,1771320043913000000,1771320060378000000,0
jps.global.get.libraries.ms,1771320043913000000,1771320060378000000,0
workspaceModel.save.cache.to.file.ms,1771320043913000000,1771320060378000000,0
workspaceModel.global.apply.state.to.project.ms,1771320043913000000,1771320060378000000,0
jps.apply.loaded.storage.ms,1771320043913000000,1771320060378000000,0
jps.reload.project.entities.ms,1771320043913000000,1771320060378000000,0
jps.artifact.entities.serializer.save.entities.ms,1771320043913000000,1771320060378000000,0
workspaceModel.moduleManagerBridge.new.nonPersistent.module.ms,1771320043913000000,1771320060378000000,0
jps.save.global.entities.ms,1771320043913000000,1771320060378000000,14
workspaceModel.moduleManagerBridge.create.module.instance.ms,1771320043913000000,1771320060378000000,0
jps.modifiable.module.model.bridge.new.module.ms,1771320043913000000,1771320060378000000,0
workspaceModel.mutableEntityStorage.mutable.ext.mapping.ms,1771320043913000000,1771320060378000000,0
workspaceModel.mutableEntityStorage.remove.entity.ms,1771320043913000000,1771320060378000000,0
workspaceModel.moduleBridge.facet.initialization.ms,1771320043913000000,1771320060378000000,0
workspaceModel.mutableEntityStorage.changeLog.addReplaceEventForRemovedParent.ms,1771320043913000000,1771320060378000000,0
jps.facet.change.listener.init.bridge.ms,1771320043913000000,1771320060378000000,0
workspaceModel.mutableEntityStorage.modify.entity.ms,1771320043913000000,1771320060378000000,0
workspaceModel.moduleManagerBridge.set.unloadedModules.ms,1771320043913000000,1771320060378000000,0
workspaceModel.mutableEntityStorage.add.entity.ms,1771320043913000000,1771320060378000000,0
workspaceModel.delayed.project.synchronizer.sync.ms,1771320043913000000,1771320060378000000,0
workspaceModel.mutableEntityStorage.changeLog.addReplaceEventForNewChild.ms,1771320043913000000,1771320060378000000,0
jps.facet.change.listener.before.change.events.ms,1771320043913000000,1771320060378000000,0
workspaceModel.global.updates.count,1771320043913000000,1771320060378000000,0
jps.module.iml.entities.serializer.load.entities.ms,1771320043913000000,1771320060378000000,0
workspaceModel.mutableEntityStorage.changeLog.addReplaceEventForNewParent.ms,1771320043913000000,1771320060378000000,0
jps.module.iml.entities.serializer.save.entities.ms,1771320043913000000,1771320060378000000,0
workspaceModel.moduleManagerBridge.newModule.ms,1771320043913000000,1771320060378000000,0
jps.artifact.entities.serializer.load.entities.ms,1771320043913000000,1771320060378000000,0
jps.modifiable.module.model.bridge.disposing.ms,1771320043913000000,1771320060378000000,0
workspaceModel.moduleManagerBridge.get.modules.ms,1771320043913000000,1771320060378000000,0
jps.project.serializers.load.ms,1771320043913000000,1771320060378000000,0
jps.load.project.to.empty.storage.ms,1771320043913000000,1771320060378000000,0
workspaceModel.mutableEntityStorage.mutable.vfurl.index.ms,1771320043913000000,1771320060378000000,0
workspaceModel.moduleManagerBridge.build.module.graph.ms,1771320043913000000,1771320060378000000,0
jps.global.get.library.by.name.ms,1771320043913000000,1771320060378000000,0
workspaceModel.mutableEntityStorage.entities.ms,1771320043913000000,1771320060378000000,0
workspaceModel.load.cache.from.file.ms,1771320043913000000,1771320060378000000,0
workspaceModel.mutableEntityStorage.put.entity.ms,1771320043913000000,1771320060378000000,0
jps.library.entities.serializer.load.entities.ms,1771320043913000000,1771320060378000000,0
jps.modifiable.module.model.bridge.renaming.ms,1771320043913000000,1771320060378000000,0
workspaceModel.do.save.caches.ms,1771320043913000000,1771320060378000000,0
jps.project.serializers.save.ms,1771320043913000000,1771320060378000000,3
jps.app.storage.content.reader.load.component.ms,1771320043913000000,1771320060378000000,0
workspaceModel.mutableEntityStorage.referrers.ms,1771320043913000000,1771320060378000000,0
jps.facet.change.listener.process.change.events.ms,1771320043913000000,1771320060378000000,0
workspaceModel.global.updates.ms,1771320043913000000,1771320060378000000,0
workspaceModel.moduleBridge.before.changed.ms,1771320043913000000,1771320060378000000,0
workspaceModel.global.apply.state.to.project.builder.ms,1771320043913000000,1771320060378000000,0
workspaceModel.moduleBridge.update.option.ms,1771320043913000000,1771320060378000000,0
workspaceModel.moduleManagerBridge.load.all.modules.ms,1771320043913000000,1771320060378000000,0
workspaceModel.mutableEntityStorage.has.same.entities.ms,1771320043913000000,1771320060378000000,0
workspaceModel.mutableEntityStorage.to.snapshot.ms,1771320043913000000,1771320060378000000,0
jps.modifiable.module.model.bridge.load.module.ms,1771320043913000000,1771320060378000000,0
workspaceModel.moduleManagerBridge.load.module.ms,1771320043913000000,1771320060378000000,0
workspaceModel.update.unloaded.entities.ms,1771320043913000000,1771320060378000000,0
workspaceModel.initializing.ms,1771320043913000000,1771320060378000000,0
workspaceModel.on.before.changed.ms,1771320043913000000,1771320060378000000,0
workspaceModel.cachedValue.clear.count,1771320043913000000,1771320060378000000,0
workspaceModel.cachedValue.calculated.count,1771320043913000000,1771320060378000000,0
workspaceModel.on.changed.ms,1771320043913000000,1771320060378000000,0
workspaceModel.cachedValueWithParameters.calculated.count,1771320043913000000,1771320060378000000,0
workspaceModel.workspaceFileIndexData.markDirty.ms,1771320043913000000,1771320060378000000,0
workspaceModel.cachedValueWithParameters.from.cache.count,1771320043913000000,1771320060378000000,1
workspaceModel.workspaceFileIndexData.getFileInfo.ms,1771320043913000000,1771320060378000000,41
workspaceModel.workspaceFileIndexData.getPackageName.ms,1771320043913000000,1771320060378000000,0
workspaceModel.cachedValueWithParameters.total.get.count,1771320043913000000,1771320060378000000,1
workspaceModel.replace.project.model.ms,1771320043913000000,1771320060378000000,0
workspaceModel.full.replace.project.model.ms,1771320043913000000,1771320060378000000,0
workspaceModel.to.snapshot.ms,1771320043913000000,1771320060378000000,0
workspaceModel.cachedValue.total.get.count,1771320043913000000,1771320060378000000,47
workspaceModel.loading.total.ms,1771320043913000000,1771320060378000000,0
workspaceModel.workspaceFileIndexData.processFileSets.ms,1771320043913000000,1771320060378000000,0
workspaceModel.loading.from.cache.ms,1771320043913000000,1771320060378000000,0
workspaceModel.pre.handlers.ms,1771320043913000000,1771320060378000000,0
workspaceModel.updates.count,1771320043913000000,1771320060378000000,0
workspaceModel.workspaceFileIndexContributor.registerFileSets.ms,1771320043913000000,1771320060378000000,0
workspaceModel.updates.precise.ms,1771320043913000000,1771320060378000000,0
workspaceModel.cachedValueWithParameters.clear.count,1771320043913000000,1771320060378000000,0
workspaceModel.updates.ms,1771320043913000000,1771320060378000000,0
workspaceModel.workspaceFileIndexData.onEntitiesChanged.ms,1771320043913000000,1771320060378000000,0
workspaceModel.entityStorageSnapshotImpl.instances.count,1771320043913000000,1771320060378000000,0
workspaceModel.workspaceFileIndexData.init.ms,1771320043913000000,1771320060378000000,0
workspaceModel.check.recursive.update.ms,1771320043913000000,1771320060378000000,0
workspaceModel.init.bridges.ms,1771320043913000000,1771320060378000000,0
workspaceModel.workspaceFileIndexData.instances.count,1771320043913000000,1771320060378000000,0
workspaceModel.workspaceFileIndexData.updateDirtyEntities.ms,1771320043913000000,1771320060378000000,0
workspaceModel.cachedValue.from.cache.count,1771320043913000000,1771320060378000000,47
workspaceModel.collect.changes.ms,1771320043913000000,1771320060378000000,0
workspaceModel.workspaceFileIndexData.getDirectoriesByPackageName.ms,1771320043913000000,1771320060378000000,0
workspaceModel.workspaceFileIndexData.visitFileSets.ms,1771320043913000000,1771320060378000000,19
cacheStateStorage.set.duration,1771320043913000000,1771320060378000000,5
cacheStateStorage.set.counter,1771320043913000000,1771320060378000000,10
cacheStateStorage.get.counter,1771320043913000000,1771320060378000000,0
cacheStateStorage.get.duration,1771320043913000000,1771320060378000000,0
