[0.124s][info][gc,start    ] GC(1) Pause Young (Normal) (G1 Evacuation Pause)
[0.125s][info][gc,task     ] GC(1) Using 3 workers of 8 for evacuation
[0.129s][info][gc,phases   ] GC(1)   Pre Evacuate Collection Set: 0.07ms
[0.129s][info][gc,phases   ] GC(1)   Merge Heap Roots: 0.03ms
[0.129s][info][gc,phases   ] GC(1)   Evacuate Collection Set: 3.77ms
[0.129s][info][gc,phases   ] GC(1)   Post Evacuate Collection Set: 0.23ms
[0.129s][info][gc,phases   ] GC(1)   Other: 0.07ms
[0.129s][info][gc,heap     ] GC(1) Eden regions: 1->0(1)
[0.129s][info][gc,heap     ] GC(1) Survivor regions: 1->1(1)
[0.129s][info][gc,heap     ] GC(1) Old regions: 1->2
[0.129s][info][gc,heap     ] GC(1) Humongous regions: 0->0
[0.129s][info][gc,metaspace] GC(1) Metaspace: 2154K(2368K)->2154K(2368K) NonClass: 2070K(2176K)->2070K(2176K) Class: 84K(192K)->84K(192K)
[0.129s][info][gc          ] GC(1) Pause Young (Normal) (G1 Evacuation Pause) 31M->23M(144M) 4.662ms
[0.129s][info][gc,cpu      ] GC(1) User=0.01s Sys=0.01s Real=0.01s
[0.137s][info][gc,start    ] GC(2) Pause Young (Normal) (G1 Evacuation Pause)
[0.137s][info][gc,task     ] GC(2) Using 3 workers of 8 for evacuation
[0.146s][info][gc,phases   ] GC(2)   Pre Evacuate Collection Set: 0.11ms
[0.147s][info][gc,phases   ] GC(2)   Merge Heap Roots: 0.06ms
[0.147s][info][gc,phases   ] GC(2)   Evacuate Collection Set: 8.81ms
[0.147s][info][gc,phases   ] GC(2)   Post Evacuate Collection Set: 0.22ms
[0.147s][info][gc,phases   ] GC(2)   Other: 0.10ms
[0.147s][info][gc,heap     ] GC(2) Eden regions: 1->0(1)
[0.147s][info][gc,heap     ] GC(2) Survivor regions: 1->1(1)
[0.147s][info][gc,heap     ] GC(2) Old regions: 2->3
[0.147s][info][gc,heap     ] GC(2) Humongous regions: 0->0
[0.147s][info][gc,metaspace] GC(2) Metaspace: 2204K(2368K)->2204K(2368K) NonClass: 2119K(2176K)->2119K(2176K) Class: 85K(192K)->85K(192K)
[0.147s][info][gc          ] GC(2) Pause Young (Normal) (G1 Evacuation Pause) 39M->25M(144M) 9.944ms
[0.147s][info][gc,cpu      ] GC(2) User=0.00s Sys=0.02s Real=0.01s
[0.305s][info][gc,start    ] GC(3) Pause Young (Normal) (G1 Evacuation Pause)
[0.305s][info][gc,task     ] GC(3) Using 6 workers of 8 for evacuation
[0.307s][info][gc,phases   ] GC(3)   Pre Evacuate Collection Set: 0.10ms
[0.308s][info][gc,phases   ] GC(3)   Merge Heap Roots: 0.05ms
[0.308s][info][gc,phases   ] GC(3)   Evacuate Collection Set: 1.41ms
[0.308s][info][gc,phases   ] GC(3)   Post Evacuate Collection Set: 0.69ms
[0.308s][info][gc,phases   ] GC(3)   Other: 0.36ms
[0.308s][info][gc,heap     ] GC(3) Eden regions: 1->0(2)
[0.308s][info][gc,heap     ] GC(3) Survivor regions: 1->1(1)
[0.308s][info][gc,heap     ] GC(3) Old regions: 3->3
[0.308s][info][gc,heap     ] GC(3) Humongous regions: 0->0
[0.308s][info][gc,metaspace] GC(3) Metaspace: 16324K(16768K)->16324K(16768K) NonClass: 14750K(14976K)->14750K(14976K) Class: 1573K(1792K)->1573K(1792K)
[0.308s][info][gc          ] GC(3) Pause Young (Normal) (G1 Evacuation Pause) 41M->29M(144M) 3.216ms
[0.308s][info][gc,cpu      ] GC(3) User=0.00s Sys=0.00s Real=0.01s
[0.625s][info][gc,start    ] GC(4) Pause Young (Concurrent Start) (Metadata GC Threshold)
[0.625s][info][gc,task     ] GC(4) Using 6 workers of 8 for evacuation
[0.629s][info][gc,phases   ] GC(4)   Pre Evacuate Collection Set: 0.13ms
[0.629s][info][gc,phases   ] GC(4)   Merge Heap Roots: 0.03ms
[0.629s][info][gc,phases   ] GC(4)   Evacuate Collection Set: 2.84ms
[0.629s][info][gc,phases   ] GC(4)   Post Evacuate Collection Set: 0.57ms
[0.629s][info][gc,phases   ] GC(4)   Other: 0.15ms
[0.629s][info][gc,heap     ] GC(4) Eden regions: 2->0(4)
[0.629s][info][gc,heap     ] GC(4) Survivor regions: 1->1(1)
[0.629s][info][gc,heap     ] GC(4) Old regions: 3->3
[0.629s][info][gc,heap     ] GC(4) Humongous regions: 0->0
[0.629s][info][gc,metaspace] GC(4) Metaspace: 21034K(21504K)->21034K(21504K) NonClass: 18983K(19264K)->18983K(19264K) Class: 2050K(2240K)->2050K(2240K)
[0.629s][info][gc          ] GC(4) Pause Young (Concurrent Start) (Metadata GC Threshold) 48M->35M(320M) 4.506ms
[0.629s][info][gc,cpu      ] GC(4) User=0.01s Sys=0.01s Real=0.01s
[0.629s][info][gc          ] GC(5) Concurrent Mark Cycle
[0.630s][info][gc,marking  ] GC(5) Concurrent Scan Root Regions
[0.633s][info][gc,marking  ] GC(5) Concurrent Scan Root Regions 3.429ms
[0.635s][info][gc,marking  ] GC(5) Concurrent Mark
[0.637s][info][gc,marking  ] GC(5) Concurrent Mark From Roots
[0.642s][info][gc,task     ] GC(5) Using 2 workers of 2 for marking
[0.675s][info][gc,marking  ] GC(5) Concurrent Mark From Roots 37.759ms
[0.675s][info][gc,marking  ] GC(5) Concurrent Preclean
[0.676s][info][gc,marking  ] GC(5) Concurrent Preclean 0.351ms
[0.681s][info][gc,start    ] GC(5) Pause Remark
[0.683s][info][gc          ] GC(5) Pause Remark 53M->53M(224M) 1.530ms
[0.683s][info][gc,cpu      ] GC(5) User=0.00s Sys=0.00s Real=0.00s
[0.683s][info][gc,marking  ] GC(5) Concurrent Mark 47.809ms
[0.690s][info][gc,marking  ] GC(5) Concurrent Rebuild Remembered Sets and Scrub Regions
[0.690s][info][gc,marking  ] GC(5) Concurrent Rebuild Remembered Sets and Scrub Regions 0.790ms
[0.697s][info][gc,start    ] GC(5) Pause Cleanup
[0.697s][info][gc          ] GC(5) Pause Cleanup 56M->56M(224M) 0.244ms
[0.697s][info][gc,cpu      ] GC(5) User=0.00s Sys=0.00s Real=0.00s
[0.698s][info][gc,marking  ] GC(5) Concurrent Clear Claimed Marks
[0.698s][info][gc,marking  ] GC(5) Concurrent Clear Claimed Marks 0.687ms
[0.699s][info][gc,marking  ] GC(5) Concurrent Cleanup for Next Mark
[0.701s][info][gc,marking  ] GC(5) Concurrent Cleanup for Next Mark 1.563ms
[0.701s][info][gc          ] GC(5) Concurrent Mark Cycle 71.770ms
[0.862s][info][gc,start    ] GC(6) Pause Young (Prepare Mixed) (G1 Evacuation Pause)
[0.862s][info][gc,task     ] GC(6) Using 8 workers of 8 for evacuation
[0.874s][info][gc,phases   ] GC(6)   Pre Evacuate Collection Set: 0.12ms
[0.875s][info][gc,phases   ] GC(6)   Merge Heap Roots: 0.05ms
[0.875s][info][gc,phases   ] GC(6)   Evacuate Collection Set: 11.74ms
[0.875s][info][gc,phases   ] GC(6)   Post Evacuate Collection Set: 0.55ms
[0.875s][info][gc,phases   ] GC(6)   Other: 0.14ms
[0.875s][info][gc,heap     ] GC(6) Eden regions: 4->0(3)
[0.875s][info][gc,heap     ] GC(6) Survivor regions: 1->1(1)
[0.875s][info][gc,heap     ] GC(6) Old regions: 3->4
[0.875s][info][gc,heap     ] GC(6) Humongous regions: 0->0
[0.875s][info][gc,metaspace] GC(6) Metaspace: 24733K(25216K)->24733K(25216K) NonClass: 22315K(22592K)->22315K(22592K) Class: 2418K(2624K)->2418K(2624K)
[0.875s][info][gc          ] GC(6) Pause Young (Prepare Mixed) (G1 Evacuation Pause) 99M->54M(224M) 13.421ms
[0.875s][info][gc,cpu      ] GC(6) User=0.03s Sys=0.04s Real=0.01s
[0.972s][info][gc,start    ] GC(7) Pause Young (Mixed) (Metadata GC Threshold)
[0.972s][info][gc,task     ] GC(7) Using 8 workers of 8 for evacuation
[0.996s][info][gc,phases   ] GC(7)   Pre Evacuate Collection Set: 0.10ms
[0.996s][info][gc,phases   ] GC(7)   Merge Heap Roots: 0.19ms
[0.996s][info][gc,phases   ] GC(7)   Evacuate Collection Set: 21.64ms
[0.996s][info][gc,phases   ] GC(7)   Post Evacuate Collection Set: 1.57ms
[0.996s][info][gc,phases   ] GC(7)   Other: 0.09ms
[0.996s][info][gc,heap     ] GC(7) Eden regions: 3->0(3)
[0.996s][info][gc,heap     ] GC(7) Survivor regions: 1->1(1)
[0.996s][info][gc,heap     ] GC(7) Old regions: 4->5
[0.996s][info][gc,heap     ] GC(7) Humongous regions: 0->0
[0.997s][info][gc,metaspace] GC(7) Metaspace: 35869K(36480K)->35869K(36480K) NonClass: 32107K(32448K)->32107K(32448K) Class: 3762K(4032K)->3762K(4032K)
[0.997s][info][gc          ] GC(7) Pause Young (Mixed) (Metadata GC Threshold) 90M->63M(224M) 25.017ms
[0.997s][info][gc,cpu      ] GC(7) User=0.04s Sys=0.13s Real=0.02s
[1.004s][info][gc,start    ] GC(8) Pause Young (Concurrent Start) (Metadata GC Threshold)
[1.004s][info][gc,task     ] GC(8) Using 8 workers of 8 for evacuation
[1.006s][info][gc,phases   ] GC(8)   Pre Evacuate Collection Set: 0.13ms
[1.006s][info][gc,phases   ] GC(8)   Merge Heap Roots: 0.09ms
[1.006s][info][gc,phases   ] GC(8)   Evacuate Collection Set: 1.07ms
[1.006s][info][gc,phases   ] GC(8)   Post Evacuate Collection Set: 0.35ms
[1.006s][info][gc,phases   ] GC(8)   Other: 0.16ms
[1.006s][info][gc,heap     ] GC(8) Eden regions: 1->0(3)
[1.006s][info][gc,heap     ] GC(8) Survivor regions: 1->1(1)
[1.006s][info][gc,heap     ] GC(8) Old regions: 5->5
[1.006s][info][gc,heap     ] GC(8) Humongous regions: 0->0
[1.006s][info][gc,metaspace] GC(8) Metaspace: 36168K(36800K)->36168K(36800K) NonClass: 32368K(32704K)->32368K(32704K) Class: 3800K(4096K)->3800K(4096K)
[1.006s][info][gc          ] GC(8) Pause Young (Concurrent Start) (Metadata GC Threshold) 65M->63M(224M) 2.519ms
[1.006s][info][gc,cpu      ] GC(8) User=0.01s Sys=0.00s Real=0.00s
[1.006s][info][gc          ] GC(9) Concurrent Mark Cycle
[1.006s][info][gc,marking  ] GC(9) Concurrent Scan Root Regions
[1.009s][info][gc,marking  ] GC(9) Concurrent Scan Root Regions 2.408ms
[1.010s][info][gc,marking  ] GC(9) Concurrent Mark
[1.010s][info][gc,marking  ] GC(9) Concurrent Mark From Roots
[1.010s][info][gc,task     ] GC(9) Using 2 workers of 2 for marking
[1.030s][info][gc,marking  ] GC(9) Concurrent Mark From Roots 20.000ms
[1.030s][info][gc,marking  ] GC(9) Concurrent Preclean
[1.031s][info][gc,marking  ] GC(9) Concurrent Preclean 0.875ms
[1.032s][info][gc,start    ] GC(9) Pause Remark
[1.034s][info][gc          ] GC(9) Pause Remark 71M->71M(224M) 1.803ms
[1.034s][info][gc,cpu      ] GC(9) User=0.00s Sys=0.00s Real=0.00s
[1.035s][info][gc,marking  ] GC(9) Concurrent Mark 24.994ms
[1.041s][info][gc,marking  ] GC(9) Concurrent Rebuild Remembered Sets and Scrub Regions
[1.054s][info][gc,marking  ] GC(9) Concurrent Rebuild Remembered Sets and Scrub Regions 13.051ms
[1.057s][info][gc,start    ] GC(9) Pause Cleanup
[1.058s][info][gc          ] GC(9) Pause Cleanup 81M->81M(224M) 0.138ms
[1.058s][info][gc,cpu      ] GC(9) User=0.00s Sys=0.00s Real=0.00s
[1.058s][info][gc,marking  ] GC(9) Concurrent Clear Claimed Marks
[1.058s][info][gc,marking  ] GC(9) Concurrent Clear Claimed Marks 0.269ms
[1.059s][info][gc,marking  ] GC(9) Concurrent Cleanup for Next Mark
[1.059s][info][gc,marking  ] GC(9) Concurrent Cleanup for Next Mark 0.218ms
[1.059s][info][gc          ] GC(9) Concurrent Mark Cycle 52.611ms
[1.191s][info][gc,start    ] GC(10) Pause Young (Prepare Mixed) (G1 Evacuation Pause)
[1.191s][info][gc,task     ] GC(10) Using 8 workers of 8 for evacuation
[1.194s][info][gc,phases   ] GC(10)   Pre Evacuate Collection Set: 0.12ms
[1.194s][info][gc,phases   ] GC(10)   Merge Heap Roots: 0.09ms
[1.194s][info][gc,phases   ] GC(10)   Evacuate Collection Set: 2.53ms
[1.195s][info][gc,phases   ] GC(10)   Post Evacuate Collection Set: 0.73ms
[1.195s][info][gc,phases   ] GC(10)   Other: 0.13ms
[1.195s][info][gc,heap     ] GC(10) Eden regions: 3->0(4)
[1.195s][info][gc,heap     ] GC(10) Survivor regions: 1->1(1)
[1.195s][info][gc,heap     ] GC(10) Old regions: 5->5
[1.195s][info][gc,heap     ] GC(10) Humongous regions: 0->0
[1.195s][info][gc,metaspace] GC(10) Metaspace: 47158K(48256K)->47158K(48256K) NonClass: 42090K(42752K)->42090K(42752K) Class: 5067K(5504K)->5067K(5504K)
[1.195s][info][gc          ] GC(10) Pause Young (Prepare Mixed) (G1 Evacuation Pause) 111M->72M(224M) 4.095ms
[1.195s][info][gc,cpu      ] GC(10) User=0.01s Sys=0.00s Real=0.00s
[1.323s][info][gc,start    ] GC(11) Pause Young (Mixed) (Metadata GC Threshold)
[1.323s][info][gc,task     ] GC(11) Using 8 workers of 8 for evacuation
[1.334s][info][gc,phases   ] GC(11)   Pre Evacuate Collection Set: 0.11ms
[1.334s][info][gc,phases   ] GC(11)   Merge Heap Roots: 0.04ms
[1.335s][info][gc,phases   ] GC(11)   Evacuate Collection Set: 10.61ms
[1.335s][info][gc,phases   ] GC(11)   Post Evacuate Collection Set: 0.72ms
[1.335s][info][gc,phases   ] GC(11)   Other: 0.12ms
[1.335s][info][gc,heap     ] GC(11) Eden regions: 3->0(4)
[1.335s][info][gc,heap     ] GC(11) Survivor regions: 1->1(1)
[1.335s][info][gc,heap     ] GC(11) Old regions: 5->5
[1.335s][info][gc,heap     ] GC(11) Humongous regions: 0->0
[1.335s][info][gc,metaspace] GC(11) Metaspace: 61689K(62976K)->61689K(62976K) NonClass: 54821K(55616K)->54821K(55616K) Class: 6867K(7360K)->6867K(7360K)
[1.335s][info][gc          ] GC(11) Pause Young (Mixed) (Metadata GC Threshold) 106M->76M(224M) 12.300ms
[1.335s][info][gc,cpu      ] GC(11) User=0.03s Sys=0.02s Real=0.01s
[1.344s][info][gc,start    ] GC(12) Pause Young (Concurrent Start) (Metadata GC Threshold)
[1.344s][info][gc,task     ] GC(12) Using 8 workers of 8 for evacuation
[1.346s][info][gc,phases   ] GC(12)   Pre Evacuate Collection Set: 0.12ms
[1.347s][info][gc,phases   ] GC(12)   Merge Heap Roots: 0.08ms
[1.347s][info][gc,phases   ] GC(12)   Evacuate Collection Set: 1.31ms
[1.347s][info][gc,phases   ] GC(12)   Post Evacuate Collection Set: 1.02ms
[1.347s][info][gc,phases   ] GC(12)   Other: 0.14ms
[1.347s][info][gc,heap     ] GC(12) Eden regions: 1->0(13)
[1.347s][info][gc,heap     ] GC(12) Survivor regions: 1->1(1)
[1.347s][info][gc,heap     ] GC(12) Old regions: 5->5
[1.347s][info][gc,heap     ] GC(12) Humongous regions: 0->0
[1.347s][info][gc,metaspace] GC(12) Metaspace: 61920K(63296K)->61920K(63296K) NonClass: 55017K(55872K)->55017K(55872K) Class: 6902K(7424K)->6902K(7424K)
[1.347s][info][gc          ] GC(12) Pause Young (Concurrent Start) (Metadata GC Threshold) 79M->78M(448M) 3.243ms
[1.347s][info][gc,cpu      ] GC(12) User=0.01s Sys=0.00s Real=0.00s
[1.347s][info][gc          ] GC(13) Concurrent Mark Cycle
[1.347s][info][gc,marking  ] GC(13) Concurrent Scan Root Regions
[1.353s][info][gc,marking  ] GC(13) Concurrent Scan Root Regions 5.909ms
[1.353s][info][gc,marking  ] GC(13) Concurrent Mark
[1.353s][info][gc,marking  ] GC(13) Concurrent Mark From Roots
[1.353s][info][gc,task     ] GC(13) Using 2 workers of 2 for marking
[1.372s][info][gc,marking  ] GC(13) Concurrent Mark From Roots 18.389ms
[1.372s][info][gc,marking  ] GC(13) Concurrent Preclean
[1.373s][info][gc,marking  ] GC(13) Concurrent Preclean 0.201ms
[1.384s][info][gc,start    ] GC(13) Pause Remark
[1.391s][info][gc          ] GC(13) Pause Remark 105M->105M(320M) 6.147ms
[1.391s][info][gc,cpu      ] GC(13) User=0.03s Sys=0.00s Real=0.01s
[1.391s][info][gc,marking  ] GC(13) Concurrent Mark 37.659ms
[1.394s][info][gc,marking  ] GC(13) Concurrent Rebuild Remembered Sets and Scrub Regions
[1.406s][info][gc,marking  ] GC(13) Concurrent Rebuild Remembered Sets and Scrub Regions 11.837ms
[1.411s][info][gc,start    ] GC(13) Pause Cleanup
[1.411s][info][gc          ] GC(13) Pause Cleanup 117M->117M(320M) 0.189ms
[1.411s][info][gc,cpu      ] GC(13) User=0.00s Sys=0.00s Real=0.00s
[1.411s][info][gc,marking  ] GC(13) Concurrent Clear Claimed Marks
[1.415s][info][gc,marking  ] GC(13) Concurrent Clear Claimed Marks 3.782ms
[1.415s][info][gc,marking  ] GC(13) Concurrent Cleanup for Next Mark
[1.418s][info][gc,marking  ] GC(13) Concurrent Cleanup for Next Mark 2.202ms
[1.418s][info][gc          ] GC(13) Concurrent Mark Cycle 70.925ms
[1.916s][info][gc,start    ] GC(14) Pause Young (Prepare Mixed) (G1 Evacuation Pause)
[1.916s][info][gc,task     ] GC(14) Using 8 workers of 8 for evacuation
[1.923s][info][gc,phases   ] GC(14)   Pre Evacuate Collection Set: 0.11ms
[1.923s][info][gc,phases   ] GC(14)   Merge Heap Roots: 0.10ms
[1.923s][info][gc,phases   ] GC(14)   Evacuate Collection Set: 5.58ms
[1.923s][info][gc,phases   ] GC(14)   Post Evacuate Collection Set: 0.90ms
[1.923s][info][gc,phases   ] GC(14)   Other: 0.06ms
[1.923s][info][gc,heap     ] GC(14) Eden regions: 11->0(8)
[1.923s][info][gc,heap     ] GC(14) Survivor regions: 1->2(2)
[1.923s][info][gc,heap     ] GC(14) Old regions: 5->5
[1.923s][info][gc,heap     ] GC(14) Humongous regions: 0->0
[1.923s][info][gc,metaspace] GC(14) Metaspace: 81613K(83456K)->81613K(83456K) NonClass: 72225K(73344K)->72225K(73344K) Class: 9388K(10112K)->9388K(10112K)
[1.923s][info][gc          ] GC(14) Pause Young (Prepare Mixed) (G1 Evacuation Pause) 254M->96M(320M) 7.205ms
[1.924s][info][gc,cpu      ] GC(14) User=0.05s Sys=0.00s Real=0.01s
[4.652s][info][gc,start    ] GC(15) Pause Young (Mixed) (G1 Evacuation Pause)
[4.652s][info][gc,task     ] GC(15) Using 8 workers of 8 for evacuation
[4.662s][info][gc,phases   ] GC(15)   Pre Evacuate Collection Set: 0.17ms
[4.662s][info][gc,phases   ] GC(15)   Merge Heap Roots: 0.09ms
[4.662s][info][gc,phases   ] GC(15)   Evacuate Collection Set: 7.80ms
[4.662s][info][gc,phases   ] GC(15)   Post Evacuate Collection Set: 0.89ms
[4.662s][info][gc,phases   ] GC(15)   Other: 0.19ms
[4.662s][info][gc,heap     ] GC(15) Eden regions: 8->0(7)
[4.662s][info][gc,heap     ] GC(15) Survivor regions: 2->2(2)
[4.662s][info][gc,heap     ] GC(15) Old regions: 5->6
[4.662s][info][gc,heap     ] GC(15) Humongous regions: 0->0
[4.662s][info][gc,metaspace] GC(15) Metaspace: 85388K(87232K)->85388K(87232K) NonClass: 75641K(76736K)->75641K(76736K) Class: 9746K(10496K)->9746K(10496K)
[4.662s][info][gc          ] GC(15) Pause Young (Mixed) (G1 Evacuation Pause) 220M->112M(320M) 10.118ms
[4.662s][info][gc,cpu      ] GC(15) User=0.06s Sys=0.01s Real=0.01s
[15.389s][info][gc,start    ] GC(16) Pause Young (Normal) (G1 Evacuation Pause)
[15.389s][info][gc,task     ] GC(16) Using 8 workers of 8 for evacuation
[15.394s][info][gc,phases   ] GC(16)   Pre Evacuate Collection Set: 0.15ms
[15.394s][info][gc,phases   ] GC(16)   Merge Heap Roots: 0.10ms
[15.394s][info][gc,phases   ] GC(16)   Evacuate Collection Set: 3.70ms
[15.394s][info][gc,phases   ] GC(16)   Post Evacuate Collection Set: 0.64ms
[15.394s][info][gc,phases   ] GC(16)   Other: 0.12ms
[15.394s][info][gc,heap     ] GC(16) Eden regions: 7->0(8)
[15.394s][info][gc,heap     ] GC(16) Survivor regions: 2->1(2)
[15.394s][info][gc,heap     ] GC(16) Old regions: 6->7
[15.394s][info][gc,heap     ] GC(16) Humongous regions: 0->0
[15.394s][info][gc,metaspace] GC(16) Metaspace: 94906K(96832K)->94906K(96832K) NonClass: 84051K(85248K)->84051K(85248K) Class: 10854K(11584K)->10854K(11584K)
[15.394s][info][gc          ] GC(16) Pause Young (Normal) (G1 Evacuation Pause) 224M->112M(320M) 5.646ms
[15.395s][info][gc,cpu      ] GC(16) User=0.04s Sys=0.00s Real=0.00s
[15.772s][info][gc,start    ] GC(17) Pause Young (Normal) (G1 Evacuation Pause)
[15.772s][info][gc,task     ] GC(17) Using 8 workers of 8 for evacuation
[15.778s][info][gc,phases   ] GC(17)   Pre Evacuate Collection Set: 0.12ms
[15.778s][info][gc,phases   ] GC(17)   Merge Heap Roots: 0.07ms
[15.778s][info][gc,phases   ] GC(17)   Evacuate Collection Set: 5.29ms
[15.778s][info][gc,phases   ] GC(17)   Post Evacuate Collection Set: 0.70ms
[15.778s][info][gc,phases   ] GC(17)   Other: 0.11ms
[15.778s][info][gc,heap     ] GC(17) Eden regions: 8->0(7)
[15.779s][info][gc,heap     ] GC(17) Survivor regions: 1->2(2)
[15.779s][info][gc,heap     ] GC(17) Old regions: 7->7
[15.779s][info][gc,heap     ] GC(17) Humongous regions: 0->0
[15.779s][info][gc,metaspace] GC(17) Metaspace: 103411K(105472K)->103411K(105472K) NonClass: 91580K(92800K)->91580K(92800K) Class: 11831K(12672K)->11831K(12672K)
[15.779s][info][gc          ] GC(17) Pause Young (Normal) (G1 Evacuation Pause) 240M->126M(320M) 7.003ms
[15.779s][info][gc,cpu      ] GC(17) User=0.04s Sys=0.00s Real=0.01s
[15.815s][info][gc,start    ] GC(18) Pause Young (Concurrent Start) (Metadata GC Threshold)
[15.816s][info][gc,task     ] GC(18) Using 8 workers of 8 for evacuation
[15.822s][info][gc,phases   ] GC(18)   Pre Evacuate Collection Set: 0.15ms
[15.822s][info][gc,phases   ] GC(18)   Merge Heap Roots: 0.07ms
[15.822s][info][gc,phases   ] GC(18)   Evacuate Collection Set: 4.98ms
[15.822s][info][gc,phases   ] GC(18)   Post Evacuate Collection Set: 0.70ms
[15.822s][info][gc,phases   ] GC(18)   Other: 0.20ms
[15.822s][info][gc,heap     ] GC(18) Eden regions: 1->0(7)
[15.822s][info][gc,heap     ] GC(18) Survivor regions: 2->1(2)
[15.822s][info][gc,heap     ] GC(18) Old regions: 7->8
[15.822s][info][gc,heap     ] GC(18) Humongous regions: 0->0
[15.822s][info][gc,metaspace] GC(18) Metaspace: 105674K(107648K)->105674K(107648K) NonClass: 93553K(94784K)->93553K(94784K) Class: 12120K(12864K)->12120K(12864K)
[15.822s][info][gc          ] GC(18) Pause Young (Concurrent Start) (Metadata GC Threshold) 136M->131M(320M) 6.783ms
[15.822s][info][gc          ] GC(19) Concurrent Mark Cycle
[15.822s][info][gc,marking  ] GC(19) Concurrent Scan Root Regions
[15.822s][info][gc,cpu      ] GC(18) User=0.04s Sys=0.01s Real=0.01s
[15.826s][info][gc,marking  ] GC(19) Concurrent Scan Root Regions 4.028ms
[15.827s][info][gc,marking  ] GC(19) Concurrent Mark
[15.827s][info][gc,marking  ] GC(19) Concurrent Mark From Roots
[15.827s][info][gc,task     ] GC(19) Using 2 workers of 2 for marking
[15.854s][info][gc,marking  ] GC(19) Concurrent Mark From Roots 26.994ms
[15.854s][info][gc,marking  ] GC(19) Concurrent Preclean
[15.854s][info][gc,marking  ] GC(19) Concurrent Preclean 0.269ms
[15.855s][info][gc,start    ] GC(19) Pause Remark
[15.863s][info][gc          ] GC(19) Pause Remark 135M->135M(320M) 8.917ms
[15.864s][info][gc,cpu      ] GC(19) User=0.04s Sys=0.01s Real=0.01s
[15.864s][info][gc,marking  ] GC(19) Concurrent Mark 37.111ms
[15.864s][info][gc,marking  ] GC(19) Concurrent Rebuild Remembered Sets and Scrub Regions
[15.872s][info][gc,marking  ] GC(19) Concurrent Rebuild Remembered Sets and Scrub Regions 8.542ms
[15.874s][info][gc,start    ] GC(19) Pause Cleanup
[15.874s][info][gc          ] GC(19) Pause Cleanup 138M->138M(320M) 0.086ms
[15.874s][info][gc,cpu      ] GC(19) User=0.00s Sys=0.00s Real=0.00s
[15.874s][info][gc,marking  ] GC(19) Concurrent Clear Claimed Marks
[15.874s][info][gc,marking  ] GC(19) Concurrent Clear Claimed Marks 0.205ms
[15.874s][info][gc,marking  ] GC(19) Concurrent Cleanup for Next Mark
[15.875s][info][gc,marking  ] GC(19) Concurrent Cleanup for Next Mark 0.424ms
[15.875s][info][gc          ] GC(19) Concurrent Mark Cycle 52.246ms
[16.226s][info][gc,start    ] GC(20) Pause Young (Concurrent Start) (G1 Humongous Allocation)
[16.226s][info][gc,task     ] GC(20) Using 8 workers of 8 for evacuation
[16.233s][info][gc,phases   ] GC(20)   Pre Evacuate Collection Set: 0.15ms
[16.233s][info][gc,phases   ] GC(20)   Merge Heap Roots: 0.15ms
[16.233s][info][gc,phases   ] GC(20)   Evacuate Collection Set: 5.79ms
[16.233s][info][gc,phases   ] GC(20)   Post Evacuate Collection Set: 1.13ms
[16.233s][info][gc,phases   ] GC(20)   Other: 0.16ms
[16.233s][info][gc,heap     ] GC(20) Eden regions: 7->0(6)
[16.234s][info][gc,heap     ] GC(20) Survivor regions: 1->1(1)
[16.234s][info][gc,heap     ] GC(20) Old regions: 8->9
[16.234s][info][gc,heap     ] GC(20) Humongous regions: 0->0
[16.234s][info][gc,metaspace] GC(20) Metaspace: 138251K(141120K)->138251K(141120K) NonClass: 121981K(123712K)->121981K(123712K) Class: 16270K(17408K)->16270K(17408K)
[16.234s][info][gc          ] GC(20) Pause Young (Concurrent Start) (G1 Humongous Allocation) 232M->155M(320M) 8.027ms
[16.234s][info][gc,cpu      ] GC(20) User=0.05s Sys=0.00s Real=0.01s
[16.234s][info][gc          ] GC(21) Concurrent Mark Cycle
[16.234s][info][gc,marking  ] GC(21) Concurrent Scan Root Regions
[16.241s][info][gc,marking  ] GC(21) Concurrent Scan Root Regions 6.344ms
[16.241s][info][gc,marking  ] GC(21) Concurrent Mark
[16.241s][info][gc,marking  ] GC(21) Concurrent Mark From Roots
[16.241s][info][gc,task     ] GC(21) Using 2 workers of 2 for marking
[16.279s][info][gc,marking  ] GC(21) Concurrent Mark From Roots 37.860ms
[16.280s][info][gc,marking  ] GC(21) Concurrent Preclean
[16.280s][info][gc,marking  ] GC(21) Concurrent Preclean 0.505ms
[16.283s][info][gc,start    ] GC(21) Pause Remark
[16.287s][info][gc          ] GC(21) Pause Remark 237M->237M(384M) 4.976ms
[16.288s][info][gc,cpu      ] GC(21) User=0.02s Sys=0.01s Real=0.01s
[16.288s][info][gc,marking  ] GC(21) Concurrent Mark 46.659ms
[16.288s][info][gc,marking  ] GC(21) Concurrent Rebuild Remembered Sets and Scrub Regions
[16.309s][info][gc,marking  ] GC(21) Concurrent Rebuild Remembered Sets and Scrub Regions 20.741ms
[16.309s][info][gc,start    ] GC(21) Pause Cleanup
[16.309s][info][gc          ] GC(21) Pause Cleanup 255M->255M(384M) 0.180ms
[16.309s][info][gc,cpu      ] GC(21) User=0.00s Sys=0.00s Real=0.00s
[16.309s][info][gc,marking  ] GC(21) Concurrent Clear Claimed Marks
[16.310s][info][gc,marking  ] GC(21) Concurrent Clear Claimed Marks 0.846ms
[16.310s][info][gc,marking  ] GC(21) Concurrent Cleanup for Next Mark
[16.312s][info][gc,marking  ] GC(21) Concurrent Cleanup for Next Mark 1.290ms
[16.312s][info][gc          ] GC(21) Concurrent Mark Cycle 78.467ms
[16.403s][info][gc,start    ] GC(22) Pause Young (Prepare Mixed) (G1 Evacuation Pause)
[16.403s][info][gc,task     ] GC(22) Using 8 workers of 8 for evacuation
[16.412s][info][gc,phases   ] GC(22)   Pre Evacuate Collection Set: 0.13ms
[16.412s][info][gc,phases   ] GC(22)   Merge Heap Roots: 0.14ms
[16.412s][info][gc,phases   ] GC(22)   Evacuate Collection Set: 7.52ms
[16.412s][info][gc,phases   ] GC(22)   Post Evacuate Collection Set: 0.96ms
[16.412s][info][gc,phases   ] GC(22)   Other: 0.10ms
[16.412s][info][gc,heap     ] GC(22) Eden regions: 6->0(7)
[16.412s][info][gc,heap     ] GC(22) Survivor regions: 1->1(1)
[16.412s][info][gc,heap     ] GC(22) Old regions: 9->10
[16.412s][info][gc,heap     ] GC(22) Humongous regions: 4->1
[16.412s][info][gc,metaspace] GC(22) Metaspace: 147476K(150528K)->147476K(150528K) NonClass: 129999K(131776K)->129999K(131776K) Class: 17476K(18752K)->17476K(18752K)
[16.412s][info][gc          ] GC(22) Pause Young (Prepare Mixed) (G1 Evacuation Pause) 315M->189M(384M) 9.528ms
[16.412s][info][gc,cpu      ] GC(22) User=0.04s Sys=0.01s Real=0.01s
[16.518s][info][gc,start    ] GC(23) Pause Young (Mixed) (G1 Evacuation Pause)
[16.518s][info][gc,task     ] GC(23) Using 8 workers of 8 for evacuation
[16.529s][info][gc,phases   ] GC(23)   Pre Evacuate Collection Set: 0.07ms
[16.529s][info][gc,phases   ] GC(23)   Merge Heap Roots: 0.07ms
[16.529s][info][gc,phases   ] GC(23)   Evacuate Collection Set: 10.28ms
[16.529s][info][gc,phases   ] GC(23)   Post Evacuate Collection Set: 0.86ms
[16.529s][info][gc,phases   ] GC(23)   Other: 0.10ms
[16.529s][info][gc,heap     ] GC(23) Eden regions: 7->0(5)
[16.529s][info][gc,heap     ] GC(23) Survivor regions: 1->1(1)
[16.530s][info][gc,heap     ] GC(23) Old regions: 10->12
[16.530s][info][gc,heap     ] GC(23) Humongous regions: 1->1
[16.530s][info][gc,metaspace] GC(23) Metaspace: 153928K(157120K)->153928K(157120K) NonClass: 135481K(137408K)->135481K(137408K) Class: 18447K(19712K)->18447K(19712K)
[16.530s][info][gc          ] GC(23) Pause Young (Mixed) (G1 Evacuation Pause) 301M->212M(384M) 12.193ms
[16.530s][info][gc,cpu      ] GC(23) User=0.06s Sys=0.00s Real=0.01s
[16.590s][info][gc,start    ] GC(24) Pause Young (Concurrent Start) (G1 Evacuation Pause)
[16.590s][info][gc,task     ] GC(24) Using 8 workers of 8 for evacuation
[16.598s][info][gc,phases   ] GC(24)   Pre Evacuate Collection Set: 0.13ms
[16.598s][info][gc,phases   ] GC(24)   Merge Heap Roots: 0.09ms
[16.598s][info][gc,phases   ] GC(24)   Evacuate Collection Set: 6.86ms
[16.598s][info][gc,phases   ] GC(24)   Post Evacuate Collection Set: 0.91ms
[16.598s][info][gc,phases   ] GC(24)   Other: 0.16ms
[16.598s][info][gc,heap     ] GC(24) Eden regions: 5->0(15)
[16.599s][info][gc,heap     ] GC(24) Survivor regions: 1->1(1)
[16.599s][info][gc,heap     ] GC(24) Old regions: 12->13
[16.599s][info][gc,heap     ] GC(24) Humongous regions: 1->1
[16.599s][info][gc,metaspace] GC(24) Metaspace: 158785K(161856K)->158785K(161856K) NonClass: 139519K(141376K)->139519K(141376K) Class: 19266K(20480K)->19266K(20480K)
[16.599s][info][gc          ] GC(24) Pause Young (Concurrent Start) (G1 Evacuation Pause) 292M->234M(608M) 8.985ms
[16.599s][info][gc,cpu      ] GC(24) User=0.04s Sys=0.00s Real=0.01s
[16.599s][info][gc          ] GC(25) Concurrent Mark Cycle
[16.599s][info][gc,marking  ] GC(25) Concurrent Scan Root Regions
[16.608s][info][gc,marking  ] GC(25) Concurrent Scan Root Regions 8.775ms
[16.608s][info][gc,marking  ] GC(25) Concurrent Mark
[16.608s][info][gc,marking  ] GC(25) Concurrent Mark From Roots
[16.608s][info][gc,task     ] GC(25) Using 2 workers of 2 for marking
[16.662s][info][gc,marking  ] GC(25) Concurrent Mark From Roots 53.281ms
[16.662s][info][gc,marking  ] GC(25) Concurrent Preclean
[16.664s][info][gc,marking  ] GC(25) Concurrent Preclean 2.438ms
[16.666s][info][gc,start    ] GC(25) Pause Remark
[16.671s][info][gc          ] GC(25) Pause Remark 256M->256M(608M) 4.995ms
[16.671s][info][gc,cpu      ] GC(25) User=0.02s Sys=0.00s Real=0.01s
[16.671s][info][gc,marking  ] GC(25) Concurrent Mark 63.120ms
[16.672s][info][gc,marking  ] GC(25) Concurrent Rebuild Remembered Sets and Scrub Regions
[16.702s][info][gc,marking  ] GC(25) Concurrent Rebuild Remembered Sets and Scrub Regions 30.570ms
[16.705s][info][gc,start    ] GC(25) Pause Cleanup
[16.705s][info][gc          ] GC(25) Pause Cleanup 270M->270M(608M) 0.207ms
[16.705s][info][gc,cpu      ] GC(25) User=0.00s Sys=0.00s Real=0.00s
[16.705s][info][gc,marking  ] GC(25) Concurrent Clear Claimed Marks
[16.706s][info][gc,marking  ] GC(25) Concurrent Clear Claimed Marks 0.450ms
[16.706s][info][gc,marking  ] GC(25) Concurrent Cleanup for Next Mark
[16.708s][info][gc,marking  ] GC(25) Concurrent Cleanup for Next Mark 2.620ms
[16.709s][info][gc          ] GC(25) Concurrent Mark Cycle 109.743ms
[17.169s][info][gc,start    ] GC(26) Pause Young (Prepare Mixed) (G1 Evacuation Pause)
[17.169s][info][gc,task     ] GC(26) Using 8 workers of 8 for evacuation
[17.186s][info][gc,phases   ] GC(26)   Pre Evacuate Collection Set: 0.12ms
[17.186s][info][gc,phases   ] GC(26)   Merge Heap Roots: 0.16ms
[17.186s][info][gc,phases   ] GC(26)   Evacuate Collection Set: 15.03ms
[17.187s][info][gc,phases   ] GC(26)   Post Evacuate Collection Set: 2.01ms
[17.187s][info][gc,phases   ] GC(26)   Other: 0.14ms
[17.187s][info][gc,heap     ] GC(26) Eden regions: 15->0(14)
[17.187s][info][gc,heap     ] GC(26) Survivor regions: 1->2(2)
[17.187s][info][gc,heap     ] GC(26) Old regions: 13->14
[17.187s][info][gc,heap     ] GC(26) Humongous regions: 1->1
[17.187s][info][gc,metaspace] GC(26) Metaspace: 187401K(190720K)->187401K(190720K) NonClass: 163805K(165824K)->163805K(165824K) Class: 23596K(24896K)->23596K(24896K)
[17.187s][info][gc          ] GC(26) Pause Young (Prepare Mixed) (G1 Evacuation Pause) 474M->258M(608M) 18.735ms
[17.187s][info][gc,cpu      ] GC(26) User=0.08s Sys=0.02s Real=0.02s
[18.070s][info][gc,start    ] GC(27) Pause Young (Mixed) (G1 Evacuation Pause)
[18.070s][info][gc,task     ] GC(27) Using 8 workers of 8 for evacuation
[18.083s][info][gc,phases   ] GC(27)   Pre Evacuate Collection Set: 0.15ms
[18.083s][info][gc,phases   ] GC(27)   Merge Heap Roots: 0.17ms
[18.083s][info][gc,phases   ] GC(27)   Evacuate Collection Set: 10.70ms
[18.083s][info][gc,phases   ] GC(27)   Post Evacuate Collection Set: 1.48ms
[18.083s][info][gc,phases   ] GC(27)   Other: 0.15ms
[18.083s][info][gc,heap     ] GC(27) Eden regions: 14->0(14)
[18.084s][info][gc,heap     ] GC(27) Survivor regions: 2->2(2)
[18.084s][info][gc,heap     ] GC(27) Old regions: 14->15
[18.084s][info][gc,heap     ] GC(27) Humongous regions: 1->0
[18.084s][info][gc,metaspace] GC(27) Metaspace: 203903K(207488K)->203903K(207488K) NonClass: 178093K(180352K)->178093K(180352K) Class: 25809K(27136K)->25809K(27136K)
[18.084s][info][gc          ] GC(27) Pause Young (Mixed) (G1 Evacuation Pause) 482M->259M(608M) 14.354ms
[18.084s][info][gc,cpu      ] GC(27) User=0.07s Sys=0.00s Real=0.01s
[18.669s][info][gc,start    ] GC(28) Pause Young (Concurrent Start) (G1 Evacuation Pause)
[18.669s][info][gc,task     ] GC(28) Using 8 workers of 8 for evacuation
[18.682s][info][gc,phases   ] GC(28)   Pre Evacuate Collection Set: 0.14ms
[18.682s][info][gc,phases   ] GC(28)   Merge Heap Roots: 0.13ms
[18.683s][info][gc,phases   ] GC(28)   Evacuate Collection Set: 10.94ms
[18.683s][info][gc,phases   ] GC(28)   Post Evacuate Collection Set: 1.70ms
[18.683s][info][gc,phases   ] GC(28)   Other: 0.13ms
[18.684s][info][gc,heap     ] GC(28) Eden regions: 14->0(14)
[18.684s][info][gc,heap     ] GC(28) Survivor regions: 2->1(2)
[18.684s][info][gc,heap     ] GC(28) Old regions: 15->17
[18.684s][info][gc,heap     ] GC(28) Humongous regions: 0->0
[18.685s][info][gc,metaspace] GC(28) Metaspace: 206208K(209856K)->206208K(209856K) NonClass: 180133K(182336K)->180133K(182336K) Class: 26074K(27520K)->26074K(27520K)
[18.685s][info][gc          ] GC(28) Pause Young (Concurrent Start) (G1 Evacuation Pause) 483M->268M(608M) 16.922ms
[18.686s][info][gc,cpu      ] GC(28) User=0.05s Sys=0.00s Real=0.01s
[18.686s][info][gc          ] GC(29) Concurrent Mark Cycle
[18.689s][info][gc,marking  ] GC(29) Concurrent Scan Root Regions
[18.725s][info][gc,marking  ] GC(29) Concurrent Scan Root Regions 36.055ms
[18.726s][info][gc,marking  ] GC(29) Concurrent Mark
[18.727s][info][gc,marking  ] GC(29) Concurrent Mark From Roots
[18.727s][info][gc,task     ] GC(29) Using 2 workers of 2 for marking
[18.811s][info][gc,marking  ] GC(29) Concurrent Mark From Roots 84.128ms
[18.811s][info][gc,marking  ] GC(29) Concurrent Preclean
[18.812s][info][gc,marking  ] GC(29) Concurrent Preclean 0.617ms
[18.813s][info][gc,start    ] GC(29) Pause Remark
[18.832s][info][gc          ] GC(29) Pause Remark 317M->317M(608M) 19.209ms
[18.832s][info][gc,cpu      ] GC(29) User=0.08s Sys=0.00s Real=0.02s
[18.833s][info][gc,marking  ] GC(29) Concurrent Mark 107.251ms
[18.834s][info][gc,marking  ] GC(29) Concurrent Rebuild Remembered Sets and Scrub Regions
[18.888s][info][gc,marking  ] GC(29) Concurrent Rebuild Remembered Sets and Scrub Regions 54.019ms
[18.889s][info][gc,start    ] GC(29) Pause Cleanup
[18.890s][info][gc          ] GC(29) Pause Cleanup 332M->332M(608M) 0.632ms
[18.890s][info][gc,cpu      ] GC(29) User=0.00s Sys=0.00s Real=0.00s
[18.893s][info][gc,marking  ] GC(29) Concurrent Clear Claimed Marks
[18.897s][info][gc,marking  ] GC(29) Concurrent Clear Claimed Marks 4.178ms
[18.897s][info][gc,marking  ] GC(29) Concurrent Cleanup for Next Mark
[18.899s][info][gc,marking  ] GC(29) Concurrent Cleanup for Next Mark 1.896ms
[18.899s][info][gc          ] GC(29) Concurrent Mark Cycle 213.707ms
[19.523s][info][gc,start    ] GC(30) Pause Young (Prepare Mixed) (G1 Evacuation Pause)
[19.523s][info][gc,task     ] GC(30) Using 8 workers of 8 for evacuation
[19.531s][info][gc,phases   ] GC(30)   Pre Evacuate Collection Set: 0.14ms
[19.531s][info][gc,phases   ] GC(30)   Merge Heap Roots: 0.12ms
[19.531s][info][gc,phases   ] GC(30)   Evacuate Collection Set: 6.94ms
[19.531s][info][gc,phases   ] GC(30)   Post Evacuate Collection Set: 1.03ms
[19.531s][info][gc,phases   ] GC(30)   Other: 0.12ms
[19.531s][info][gc,heap     ] GC(30) Eden regions: 14->0(14)
[19.531s][info][gc,heap     ] GC(30) Survivor regions: 1->2(2)
[19.531s][info][gc,heap     ] GC(30) Old regions: 17->17
[19.532s][info][gc,heap     ] GC(30) Humongous regions: 2->0
[19.532s][info][gc,metaspace] GC(30) Metaspace: 212187K(215808K)->212187K(215808K) NonClass: 185345K(187520K)->185345K(187520K) Class: 26841K(28288K)->26841K(28288K)
[19.532s][info][gc          ] GC(30) Pause Young (Prepare Mixed) (G1 Evacuation Pause) 524M->278M(608M) 8.964ms
[19.532s][info][gc,cpu      ] GC(30) User=0.04s Sys=0.00s Real=0.01s
[20.365s][info][gc,start    ] GC(31) Pause Young (Mixed) (G1 Evacuation Pause)
[20.365s][info][gc,task     ] GC(31) Using 8 workers of 8 for evacuation
[20.378s][info][gc,phases   ] GC(31)   Pre Evacuate Collection Set: 0.23ms
[20.378s][info][gc,phases   ] GC(31)   Merge Heap Roots: 0.13ms
[20.378s][info][gc,phases   ] GC(31)   Evacuate Collection Set: 11.17ms
[20.378s][info][gc,phases   ] GC(31)   Post Evacuate Collection Set: 1.14ms
[20.378s][info][gc,phases   ] GC(31)   Other: 0.21ms
[20.378s][info][gc,heap     ] GC(31) Eden regions: 14->0(17)
[20.378s][info][gc,heap     ] GC(31) Survivor regions: 2->2(2)
[20.378s][info][gc,heap     ] GC(31) Old regions: 17->16
[20.378s][info][gc,heap     ] GC(31) Humongous regions: 4->0
[20.378s][info][gc,metaspace] GC(31) Metaspace: 221018K(225024K)->221018K(225024K) NonClass: 192940K(195328K)->192940K(195328K) Class: 28077K(29696K)->28077K(29696K)
[20.378s][info][gc          ] GC(31) Pause Young (Mixed) (G1 Evacuation Pause) 566M->261M(640M) 13.612ms
[20.378s][info][gc,cpu      ] GC(31) User=0.05s Sys=0.01s Real=0.02s
[20.983s][info][gc,start    ] GC(32) Pause Young (Concurrent Start) (G1 Evacuation Pause)
[20.986s][info][gc,task     ] GC(32) Using 8 workers of 8 for evacuation
[20.995s][info][gc,phases   ] GC(32)   Pre Evacuate Collection Set: 0.16ms
[20.996s][info][gc,phases   ] GC(32)   Merge Heap Roots: 0.13ms
[20.996s][info][gc,phases   ] GC(32)   Evacuate Collection Set: 7.34ms
[20.997s][info][gc,phases   ] GC(32)   Post Evacuate Collection Set: 1.75ms
[20.997s][info][gc,phases   ] GC(32)   Other: 0.20ms
[20.997s][info][gc,heap     ] GC(32) Eden regions: 17->0(26)
[20.998s][info][gc,heap     ] GC(32) Survivor regions: 2->2(3)
[20.998s][info][gc,heap     ] GC(32) Old regions: 16->16
[20.998s][info][gc,heap     ] GC(32) Humongous regions: 0->0
[20.998s][info][gc,metaspace] GC(32) Metaspace: 229538K(233472K)->229538K(233472K) NonClass: 200394K(202688K)->200394K(202688K) Class: 29143K(30784K)->29143K(30784K)
[20.998s][info][gc          ] GC(32) Pause Young (Concurrent Start) (G1 Evacuation Pause) 533M->274M(768M) 15.657ms
[20.998s][info][gc,cpu      ] GC(32) User=0.04s Sys=0.00s Real=0.02s
[20.998s][info][gc          ] GC(33) Concurrent Mark Cycle
[21.000s][info][gc,marking  ] GC(33) Concurrent Scan Root Regions
[21.024s][info][gc,marking  ] GC(33) Concurrent Scan Root Regions 23.538ms
[21.024s][info][gc,marking  ] GC(33) Concurrent Mark
[21.026s][info][gc,marking  ] GC(33) Concurrent Mark From Roots
[21.026s][info][gc,task     ] GC(33) Using 2 workers of 2 for marking
[21.135s][info][gc,marking  ] GC(33) Concurrent Mark From Roots 108.978ms
[21.136s][info][gc,marking  ] GC(33) Concurrent Preclean
[21.137s][info][gc,marking  ] GC(33) Concurrent Preclean 1.769ms
[21.139s][info][gc,start    ] GC(33) Pause Remark
[21.162s][info][gc          ] GC(33) Pause Remark 387M->387M(768M) 22.889ms
[21.163s][info][gc,cpu      ] GC(33) User=0.10s Sys=0.00s Real=0.02s
[21.163s][info][gc,marking  ] GC(33) Concurrent Mark 139.343ms
[21.164s][info][gc,marking  ] GC(33) Concurrent Rebuild Remembered Sets and Scrub Regions
[21.229s][info][gc,marking  ] GC(33) Concurrent Rebuild Remembered Sets and Scrub Regions 64.756ms
[21.231s][info][gc,start    ] GC(33) Pause Cleanup
[21.231s][info][gc          ] GC(33) Pause Cleanup 442M->442M(768M) 0.247ms
[21.231s][info][gc,cpu      ] GC(33) User=0.00s Sys=0.00s Real=0.00s
[21.231s][info][gc,marking  ] GC(33) Concurrent Clear Claimed Marks
[21.233s][info][gc,marking  ] GC(33) Concurrent Clear Claimed Marks 1.593ms
[21.234s][info][gc,marking  ] GC(33) Concurrent Cleanup for Next Mark
[21.237s][info][gc,marking  ] GC(33) Concurrent Cleanup for Next Mark 3.408ms
[21.239s][info][gc          ] GC(33) Concurrent Mark Cycle 240.910ms
[21.541s][info][gc,start    ] GC(34) Pause Young (Prepare Mixed) (G1 Evacuation Pause)
[21.541s][info][gc,task     ] GC(34) Using 8 workers of 8 for evacuation
[21.548s][info][gc,phases   ] GC(34)   Pre Evacuate Collection Set: 0.15ms
[21.548s][info][gc,phases   ] GC(34)   Merge Heap Roots: 0.12ms
[21.549s][info][gc,phases   ] GC(34)   Evacuate Collection Set: 6.12ms
[21.549s][info][gc,phases   ] GC(34)   Post Evacuate Collection Set: 0.94ms
[21.549s][info][gc,phases   ] GC(34)   Other: 0.09ms
[21.549s][info][gc,heap     ] GC(34) Eden regions: 26->0(25)
[21.549s][info][gc,heap     ] GC(34) Survivor regions: 2->3(4)
[21.549s][info][gc,heap     ] GC(34) Old regions: 16->16
[21.549s][info][gc,heap     ] GC(34) Humongous regions: 0->0
[21.549s][info][gc,metaspace] GC(34) Metaspace: 230386K(234304K)->230386K(234304K) NonClass: 201154K(203456K)->201154K(203456K) Class: 29231K(30848K)->29231K(30848K)
[21.549s][info][gc          ] GC(34) Pause Young (Prepare Mixed) (G1 Evacuation Pause) 690M->276M(768M) 8.134ms
[21.549s][info][gc,cpu      ] GC(34) User=0.05s Sys=0.00s Real=0.01s
[21.772s][info][gc,start    ] GC(35) Pause Young (Mixed) (G1 Evacuation Pause)
[21.772s][info][gc,task     ] GC(35) Using 8 workers of 8 for evacuation
[21.783s][info][gc,phases   ] GC(35)   Pre Evacuate Collection Set: 0.16ms
[21.783s][info][gc,phases   ] GC(35)   Merge Heap Roots: 0.17ms
[21.783s][info][gc,phases   ] GC(35)   Evacuate Collection Set: 9.70ms
[21.783s][info][gc,phases   ] GC(35)   Post Evacuate Collection Set: 1.00ms
[21.783s][info][gc,phases   ] GC(35)   Other: 0.14ms
[21.783s][info][gc,heap     ] GC(35) Eden regions: 25->0(25)
[21.783s][info][gc,heap     ] GC(35) Survivor regions: 3->3(4)
[21.783s][info][gc,heap     ] GC(35) Old regions: 16->15
[21.783s][info][gc,heap     ] GC(35) Humongous regions: 0->0
[21.783s][info][gc,metaspace] GC(35) Metaspace: 233345K(237312K)->233345K(237312K) NonClass: 203728K(206016K)->203728K(206016K) Class: 29616K(31296K)->29616K(31296K)
[21.784s][info][gc          ] GC(35) Pause Young (Mixed) (G1 Evacuation Pause) 676M->269M(768M) 11.883ms
[21.784s][info][gc,cpu      ] GC(35) User=0.08s Sys=0.01s Real=0.01s
[22.002s][info][gc,start    ] GC(36) Pause Young (Concurrent Start) (G1 Evacuation Pause)
[22.003s][info][gc,task     ] GC(36) Using 8 workers of 8 for evacuation
[22.011s][info][gc,phases   ] GC(36)   Pre Evacuate Collection Set: 0.11ms
[22.012s][info][gc,phases   ] GC(36)   Merge Heap Roots: 0.07ms
[22.012s][info][gc,phases   ] GC(36)   Evacuate Collection Set: 7.83ms
[22.012s][info][gc,phases   ] GC(36)   Post Evacuate Collection Set: 0.72ms
[22.012s][info][gc,phases   ] GC(36)   Other: 0.12ms
[22.012s][info][gc,heap     ] GC(36) Eden regions: 25->0(25)
[22.012s][info][gc,heap     ] GC(36) Survivor regions: 3->3(4)
[22.012s][info][gc,heap     ] GC(36) Old regions: 15->16
[22.012s][info][gc,heap     ] GC(36) Humongous regions: 0->0
[22.012s][info][gc,metaspace] GC(36) Metaspace: 233530K(237504K)->233530K(237504K) NonClass: 203900K(206208K)->203900K(206208K) Class: 29629K(31296K)->29629K(31296K)
[22.012s][info][gc          ] GC(36) Pause Young (Concurrent Start) (G1 Evacuation Pause) 669M->276M(768M) 9.332ms
[22.012s][info][gc,cpu      ] GC(36) User=0.06s Sys=0.01s Real=0.01s
[22.012s][info][gc          ] GC(37) Concurrent Mark Cycle
[22.013s][info][gc,marking  ] GC(37) Concurrent Scan Root Regions
[22.026s][info][gc,marking  ] GC(37) Concurrent Scan Root Regions 12.782ms
[22.026s][info][gc,marking  ] GC(37) Concurrent Mark
[22.027s][info][gc,marking  ] GC(37) Concurrent Mark From Roots
[22.027s][info][gc,task     ] GC(37) Using 2 workers of 2 for marking
[22.102s][info][gc,marking  ] GC(37) Concurrent Mark From Roots 75.905ms
[22.103s][info][gc,marking  ] GC(37) Concurrent Preclean
[22.103s][info][gc,marking  ] GC(37) Concurrent Preclean 0.394ms
[22.103s][info][gc,start    ] GC(37) Pause Remark
[22.110s][info][gc          ] GC(37) Pause Remark 350M->350M(768M) 6.799ms
[22.110s][info][gc,cpu      ] GC(37) User=0.04s Sys=0.00s Real=0.01s
[22.111s][info][gc,marking  ] GC(37) Concurrent Mark 84.598ms
[22.112s][info][gc,marking  ] GC(37) Concurrent Rebuild Remembered Sets and Scrub Regions
[22.144s][info][gc,marking  ] GC(37) Concurrent Rebuild Remembered Sets and Scrub Regions 31.981ms
[22.145s][info][gc,start    ] GC(37) Pause Cleanup
[22.145s][info][gc          ] GC(37) Pause Cleanup 379M->379M(768M) 0.168ms
[22.145s][info][gc,cpu      ] GC(37) User=0.00s Sys=0.00s Real=0.00s
[22.145s][info][gc,marking  ] GC(37) Concurrent Clear Claimed Marks
[22.146s][info][gc,marking  ] GC(37) Concurrent Clear Claimed Marks 0.434ms
[22.146s][info][gc,marking  ] GC(37) Concurrent Cleanup for Next Mark
[22.147s][info][gc,marking  ] GC(37) Concurrent Cleanup for Next Mark 0.756ms
[22.147s][info][gc          ] GC(37) Concurrent Mark Cycle 134.959ms
[22.363s][info][gc,start    ] GC(38) Pause Young (Prepare Mixed) (G1 Evacuation Pause)
[22.363s][info][gc,task     ] GC(38) Using 8 workers of 8 for evacuation
[22.374s][info][gc,phases   ] GC(38)   Pre Evacuate Collection Set: 0.17ms
[22.374s][info][gc,phases   ] GC(38)   Merge Heap Roots: 0.12ms
[22.374s][info][gc,phases   ] GC(38)   Evacuate Collection Set: 9.00ms
[22.374s][info][gc,phases   ] GC(38)   Post Evacuate Collection Set: 0.87ms
[22.374s][info][gc,phases   ] GC(38)   Other: 0.16ms
[22.374s][info][gc,heap     ] GC(38) Eden regions: 25->0(24)
[22.374s][info][gc,heap     ] GC(38) Survivor regions: 3->4(4)
[22.374s][info][gc,heap     ] GC(38) Old regions: 16->16
[22.374s][info][gc,heap     ] GC(38) Humongous regions: 0->0
[22.374s][info][gc,metaspace] GC(38) Metaspace: 234318K(238336K)->234318K(238336K) NonClass: 204641K(206976K)->204641K(206976K) Class: 29677K(31360K)->29677K(31360K)
[22.374s][info][gc          ] GC(38) Pause Young (Prepare Mixed) (G1 Evacuation Pause) 676M->294M(768M) 10.965ms
[22.374s][info][gc,cpu      ] GC(38) User=0.07s Sys=0.00s Real=0.01s
[22.778s][info][gc,start    ] GC(39) Pause Young (Mixed) (G1 Evacuation Pause)
[22.778s][info][gc,task     ] GC(39) Using 8 workers of 8 for evacuation
[22.788s][info][gc,phases   ] GC(39)   Pre Evacuate Collection Set: 0.13ms
[22.788s][info][gc,phases   ] GC(39)   Merge Heap Roots: 0.11ms
[22.788s][info][gc,phases   ] GC(39)   Evacuate Collection Set: 8.96ms
[22.788s][info][gc,phases   ] GC(39)   Post Evacuate Collection Set: 0.83ms
[22.788s][info][gc,phases   ] GC(39)   Other: 0.11ms
[22.788s][info][gc,heap     ] GC(39) Eden regions: 24->0(26)
[22.788s][info][gc,heap     ] GC(39) Survivor regions: 4->2(4)
[22.788s][info][gc,heap     ] GC(39) Old regions: 16->16
[22.788s][info][gc,heap     ] GC(39) Humongous regions: 0->0
[22.788s][info][gc,metaspace] GC(39) Metaspace: 237224K(241216K)->237224K(241216K) NonClass: 207210K(209536K)->207210K(209536K) Class: 30013K(31680K)->30013K(31680K)
[22.788s][info][gc          ] GC(39) Pause Young (Mixed) (G1 Evacuation Pause) 678M->283M(768M) 10.779ms
[22.788s][info][gc,cpu      ] GC(39) User=0.06s Sys=0.00s Real=0.01s
[23.243s][info][gc,start    ] GC(40) Pause Young (Concurrent Start) (G1 Evacuation Pause)
[23.243s][info][gc,task     ] GC(40) Using 8 workers of 8 for evacuation
[23.254s][info][gc,phases   ] GC(40)   Pre Evacuate Collection Set: 1.05ms
[23.254s][info][gc,phases   ] GC(40)   Merge Heap Roots: 0.44ms
[23.254s][info][gc,phases   ] GC(40)   Evacuate Collection Set: 7.16ms
[23.254s][info][gc,phases   ] GC(40)   Post Evacuate Collection Set: 1.22ms
[23.254s][info][gc,phases   ] GC(40)   Other: 0.97ms
[23.254s][info][gc,heap     ] GC(40) Eden regions: 26->0(36)
[23.255s][info][gc,heap     ] GC(40) Survivor regions: 2->2(4)
[23.255s][info][gc,heap     ] GC(40) Old regions: 16->16
[23.255s][info][gc,heap     ] GC(40) Humongous regions: 0->0
[23.255s][info][gc,metaspace] GC(40) Metaspace: 244445K(248384K)->244445K(248384K) NonClass: 213689K(216000K)->213689K(216000K) Class: 30755K(32384K)->30755K(32384K)
[23.255s][info][gc          ] GC(40) Pause Young (Concurrent Start) (G1 Evacuation Pause) 699M->283M(1024M) 11.786ms
[23.255s][info][gc          ] GC(41) Concurrent Mark Cycle
[23.255s][info][gc,marking  ] GC(41) Concurrent Scan Root Regions
[23.255s][info][gc,cpu      ] GC(40) User=0.06s Sys=0.00s Real=0.01s
[23.261s][info][gc,marking  ] GC(41) Concurrent Scan Root Regions 6.424ms
[23.261s][info][gc,marking  ] GC(41) Concurrent Mark
[23.262s][info][gc,marking  ] GC(41) Concurrent Mark From Roots
[23.262s][info][gc,task     ] GC(41) Using 2 workers of 2 for marking
[23.350s][info][gc,marking  ] GC(41) Concurrent Mark From Roots 88.148ms
[23.350s][info][gc,marking  ] GC(41) Concurrent Preclean
[23.350s][info][gc,marking  ] GC(41) Concurrent Preclean 0.475ms
[23.350s][info][gc,start    ] GC(41) Pause Remark
[23.369s][info][gc          ] GC(41) Pause Remark 347M->347M(960M) 18.962ms
[23.370s][info][gc,cpu      ] GC(41) User=0.11s Sys=0.00s Real=0.02s
[23.370s][info][gc,marking  ] GC(41) Concurrent Mark 108.445ms
[23.370s][info][gc,marking  ] GC(41) Concurrent Rebuild Remembered Sets and Scrub Regions
[23.411s][info][gc,marking  ] GC(41) Concurrent Rebuild Remembered Sets and Scrub Regions 40.889ms
[23.414s][info][gc,start    ] GC(41) Pause Cleanup
[23.414s][info][gc          ] GC(41) Pause Cleanup 370M->370M(960M) 0.149ms
[23.414s][info][gc,cpu      ] GC(41) User=0.00s Sys=0.00s Real=0.00s
[23.414s][info][gc,marking  ] GC(41) Concurrent Clear Claimed Marks
[23.415s][info][gc,marking  ] GC(41) Concurrent Clear Claimed Marks 0.808ms
[23.415s][info][gc,marking  ] GC(41) Concurrent Cleanup for Next Mark
[23.416s][info][gc,marking  ] GC(41) Concurrent Cleanup for Next Mark 1.001ms
[23.416s][info][gc          ] GC(41) Concurrent Mark Cycle 161.096ms
[23.957s][info][gc,start    ] GC(42) Pause Young (Prepare Mixed) (GCLocker Initiated GC)
[23.957s][info][gc,task     ] GC(42) Using 8 workers of 8 for evacuation
[23.965s][info][gc,phases   ] GC(42)   Pre Evacuate Collection Set: 0.16ms
[23.965s][info][gc,phases   ] GC(42)   Merge Heap Roots: 0.17ms
[23.965s][info][gc,phases   ] GC(42)   Evacuate Collection Set: 6.92ms
[23.965s][info][gc,phases   ] GC(42)   Post Evacuate Collection Set: 0.65ms
[23.965s][info][gc,phases   ] GC(42)   Other: 0.12ms
[23.965s][info][gc,heap     ] GC(42) Eden regions: 34->0(34)
[23.965s][info][gc,heap     ] GC(42) Survivor regions: 2->2(5)
[23.965s][info][gc,heap     ] GC(42) Old regions: 16->16
[23.966s][info][gc,heap     ] GC(42) Humongous regions: 0->0
[23.966s][info][gc,metaspace] GC(42) Metaspace: 244715K(248704K)->244715K(248704K) NonClass: 213942K(216256K)->213942K(216256K) Class: 30773K(32448K)->30773K(32448K)
[23.966s][info][gc          ] GC(42) Pause Young (Prepare Mixed) (GCLocker Initiated GC) 827M->285M(960M) 8.747ms
[23.966s][info][gc,cpu      ] GC(42) User=0.05s Sys=0.00s Real=0.01s
[24.509s][info][gc,start    ] GC(43) Pause Young (Mixed) (G1 Evacuation Pause)
[24.509s][info][gc,task     ] GC(43) Using 8 workers of 8 for evacuation
[24.517s][info][gc,phases   ] GC(43)   Pre Evacuate Collection Set: 0.16ms
[24.518s][info][gc,phases   ] GC(43)   Merge Heap Roots: 0.11ms
[24.518s][info][gc,phases   ] GC(43)   Evacuate Collection Set: 7.39ms
[24.518s][info][gc,phases   ] GC(43)   Post Evacuate Collection Set: 0.89ms
[24.518s][info][gc,phases   ] GC(43)   Other: 0.12ms
[24.518s][info][gc,heap     ] GC(43) Eden regions: 34->0(33)
[24.518s][info][gc,heap     ] GC(43) Survivor regions: 2->3(5)
[24.518s][info][gc,heap     ] GC(43) Old regions: 16->16
[24.518s][info][gc,heap     ] GC(43) Humongous regions: 0->0
[24.518s][info][gc,metaspace] GC(43) Metaspace: 252261K(256320K)->252261K(256320K) NonClass: 220281K(222656K)->220281K(222656K) Class: 31980K(33664K)->31980K(33664K)
[24.518s][info][gc          ] GC(43) Pause Young (Mixed) (G1 Evacuation Pause) 829M->291M(960M) 9.622ms
[24.518s][info][gc,cpu      ] GC(43) User=0.05s Sys=0.00s Real=0.01s
[24.945s][info][gc,start    ] GC(44) Pause Young (Concurrent Start) (G1 Evacuation Pause)
[24.945s][info][gc,task     ] GC(44) Using 8 workers of 8 for evacuation
[24.956s][info][gc,phases   ] GC(44)   Pre Evacuate Collection Set: 0.14ms
[24.956s][info][gc,phases   ] GC(44)   Merge Heap Roots: 0.12ms
[24.956s][info][gc,phases   ] GC(44)   Evacuate Collection Set: 9.21ms
[24.956s][info][gc,phases   ] GC(44)   Post Evacuate Collection Set: 1.40ms
[24.956s][info][gc,phases   ] GC(44)   Other: 0.17ms
[24.956s][info][gc,heap     ] GC(44) Eden regions: 33->0(32)
[24.956s][info][gc,heap     ] GC(44) Survivor regions: 3->4(5)
[24.956s][info][gc,heap     ] GC(44) Old regions: 16->16
[24.956s][info][gc,heap     ] GC(44) Humongous regions: 0->0
[24.956s][info][gc,metaspace] GC(44) Metaspace: 264476K(268480K)->264476K(268480K) NonClass: 230501K(232832K)->230501K(232832K) Class: 33975K(35648K)->33975K(35648K)
[24.956s][info][gc          ] GC(44) Pause Young (Concurrent Start) (G1 Evacuation Pause) 819M->304M(960M) 11.802ms
[24.956s][info][gc          ] GC(45) Concurrent Mark Cycle
[24.957s][info][gc,marking  ] GC(45) Concurrent Scan Root Regions
[24.956s][info][gc,cpu      ] GC(44) User=0.07s Sys=0.00s Real=0.01s
[24.970s][info][gc,marking  ] GC(45) Concurrent Scan Root Regions 13.076ms
[24.970s][info][gc,marking  ] GC(45) Concurrent Mark
[24.970s][info][gc,marking  ] GC(45) Concurrent Mark From Roots
[24.970s][info][gc,task     ] GC(45) Using 2 workers of 2 for marking
[25.052s][info][gc,marking  ] GC(45) Concurrent Mark From Roots 82.064ms
[25.052s][info][gc,marking  ] GC(45) Concurrent Preclean
[25.053s][info][gc,marking  ] GC(45) Concurrent Preclean 0.507ms
[25.054s][info][gc,start    ] GC(45) Pause Remark
[25.063s][info][gc          ] GC(45) Pause Remark 415M->415M(960M) 9.937ms
[25.064s][info][gc,cpu      ] GC(45) User=0.04s Sys=0.01s Real=0.01s
[25.064s][info][gc,marking  ] GC(45) Concurrent Mark 94.275ms
[25.064s][info][gc,marking  ] GC(45) Concurrent Rebuild Remembered Sets and Scrub Regions
[25.097s][info][gc,marking  ] GC(45) Concurrent Rebuild Remembered Sets and Scrub Regions 32.851ms
[25.102s][info][gc,start    ] GC(45) Pause Cleanup
[25.102s][info][gc          ] GC(45) Pause Cleanup 449M->449M(960M) 0.236ms
[25.102s][info][gc,cpu      ] GC(45) User=0.00s Sys=0.00s Real=0.00s
[25.103s][info][gc,marking  ] GC(45) Concurrent Clear Claimed Marks
[25.103s][info][gc,marking  ] GC(45) Concurrent Clear Claimed Marks 0.423ms
[25.104s][info][gc,marking  ] GC(45) Concurrent Cleanup for Next Mark
[25.105s][info][gc,marking  ] GC(45) Concurrent Cleanup for Next Mark 0.605ms
[25.105s][info][gc          ] GC(45) Concurrent Mark Cycle 148.929ms
[25.934s][info][gc,start    ] GC(46) Pause Young (Prepare Mixed) (G1 Evacuation Pause)
[25.935s][info][gc,task     ] GC(46) Using 8 workers of 8 for evacuation
[25.951s][info][gc,phases   ] GC(46)   Pre Evacuate Collection Set: 0.24ms
[25.951s][info][gc,phases   ] GC(46)   Merge Heap Roots: 0.33ms
[25.951s][info][gc,phases   ] GC(46)   Evacuate Collection Set: 14.42ms
[25.951s][info][gc,phases   ] GC(46)   Post Evacuate Collection Set: 1.34ms
[25.952s][info][gc,phases   ] GC(46)   Other: 0.10ms
[25.952s][info][gc,heap     ] GC(46) Eden regions: 32->0(31)
[25.952s][info][gc,heap     ] GC(46) Survivor regions: 4->5(5)
[25.952s][info][gc,heap     ] GC(46) Old regions: 16->17
[25.953s][info][gc,heap     ] GC(46) Humongous regions: 0->0
[25.954s][info][gc,metaspace] GC(46) Metaspace: 281030K(285184K)->281030K(285184K) NonClass: 244463K(246848K)->244463K(246848K) Class: 36567K(38336K)->36567K(38336K)
[25.954s][info][gc          ] GC(46) Pause Young (Prepare Mixed) (G1 Evacuation Pause) 816M->323M(960M) 19.187ms
[25.954s][info][gc,cpu      ] GC(46) User=0.06s Sys=0.00s Real=0.02s
[26.480s][info][gc,start    ] GC(47) Pause Young (Mixed) (G1 Evacuation Pause)
[26.480s][info][gc,task     ] GC(47) Using 8 workers of 8 for evacuation
[26.495s][info][gc,phases   ] GC(47)   Pre Evacuate Collection Set: 0.08ms
[26.495s][info][gc,phases   ] GC(47)   Merge Heap Roots: 0.09ms
[26.495s][info][gc,phases   ] GC(47)   Evacuate Collection Set: 14.41ms
[26.495s][info][gc,phases   ] GC(47)   Post Evacuate Collection Set: 0.74ms
[26.495s][info][gc,phases   ] GC(47)   Other: 0.10ms
[26.495s][info][gc,heap     ] GC(47) Eden regions: 31->0(32)
[26.496s][info][gc,heap     ] GC(47) Survivor regions: 5->4(5)
[26.496s][info][gc,heap     ] GC(47) Old regions: 17->18
[26.496s][info][gc,heap     ] GC(47) Humongous regions: 0->0
[26.496s][info][gc,metaspace] GC(47) Metaspace: 281973K(286144K)->281973K(286144K) NonClass: 245271K(247680K)->245271K(247680K) Class: 36702K(38464K)->36702K(38464K)
[26.496s][info][gc          ] GC(47) Pause Young (Mixed) (G1 Evacuation Pause) 819M->338M(960M) 16.107ms
[26.496s][info][gc,cpu      ] GC(47) User=0.08s Sys=0.00s Real=0.01s
[27.050s][info][gc,start    ] GC(48) Pause Young (Concurrent Start) (G1 Evacuation Pause)
[27.051s][info][gc,task     ] GC(48) Using 8 workers of 8 for evacuation
[27.071s][info][gc,phases   ] GC(48)   Pre Evacuate Collection Set: 0.85ms
[27.071s][info][gc,phases   ] GC(48)   Merge Heap Roots: 0.13ms
[27.071s][info][gc,phases   ] GC(48)   Evacuate Collection Set: 14.94ms
[27.071s][info][gc,phases   ] GC(48)   Post Evacuate Collection Set: 1.17ms
[27.071s][info][gc,phases   ] GC(48)   Other: 2.91ms
[27.071s][info][gc,heap     ] GC(48) Eden regions: 32->0(39)
[27.071s][info][gc,heap     ] GC(48) Survivor regions: 4->4(5)
[27.071s][info][gc,heap     ] GC(48) Old regions: 18->19
[27.071s][info][gc,heap     ] GC(48) Humongous regions: 0->0
[27.071s][info][gc,metaspace] GC(48) Metaspace: 282279K(286464K)->282279K(286464K) NonClass: 245574K(248000K)->245574K(248000K) Class: 36705K(38464K)->36705K(38464K)
[27.071s][info][gc          ] GC(48) Pause Young (Concurrent Start) (G1 Evacuation Pause) 849M->360M(1152M) 21.710ms
[27.071s][info][gc          ] GC(49) Concurrent Mark Cycle
[27.073s][info][gc,marking  ] GC(49) Concurrent Scan Root Regions
[27.071s][info][gc,cpu      ] GC(48) User=0.09s Sys=0.01s Real=0.02s
[27.096s][info][gc,marking  ] GC(49) Concurrent Scan Root Regions 23.028ms
[27.099s][info][gc,marking  ] GC(49) Concurrent Mark
[27.100s][info][gc,marking  ] GC(49) Concurrent Mark From Roots
[27.108s][info][gc,task     ] GC(49) Using 2 workers of 2 for marking
[27.253s][info][gc,marking  ] GC(49) Concurrent Mark From Roots 153.153ms
[27.254s][info][gc,marking  ] GC(49) Concurrent Preclean
[27.255s][info][gc,marking  ] GC(49) Concurrent Preclean 0.738ms
[27.256s][info][gc,start    ] GC(49) Pause Remark
[27.267s][info][gc          ] GC(49) Pause Remark 502M->502M(1152M) 10.909ms
[27.267s][info][gc,cpu      ] GC(49) User=0.04s Sys=0.00s Real=0.01s
[27.267s][info][gc,marking  ] GC(49) Concurrent Mark 168.653ms
[27.267s][info][gc,marking  ] GC(49) Concurrent Rebuild Remembered Sets and Scrub Regions
[27.310s][info][gc,marking  ] GC(49) Concurrent Rebuild Remembered Sets and Scrub Regions 42.311ms
[27.310s][info][gc,start    ] GC(49) Pause Cleanup
[27.310s][info][gc          ] GC(49) Pause Cleanup 532M->532M(1152M) 0.308ms
[27.310s][info][gc,cpu      ] GC(49) User=0.00s Sys=0.00s Real=0.00s
[27.311s][info][gc,marking  ] GC(49) Concurrent Clear Claimed Marks
[27.312s][info][gc,marking  ] GC(49) Concurrent Clear Claimed Marks 1.224ms
[27.313s][info][gc,marking  ] GC(49) Concurrent Cleanup for Next Mark
[27.316s][info][gc,marking  ] GC(49) Concurrent Cleanup for Next Mark 2.879ms
[27.316s][info][gc          ] GC(49) Concurrent Mark Cycle 244.337ms
[27.892s][info][gc,start    ] GC(50) Pause Young (Prepare Mixed) (G1 Evacuation Pause)
[27.892s][info][gc,task     ] GC(50) Using 8 workers of 8 for evacuation
[27.902s][info][gc,phases   ] GC(50)   Pre Evacuate Collection Set: 0.17ms
[27.902s][info][gc,phases   ] GC(50)   Merge Heap Roots: 0.35ms
[27.903s][info][gc,phases   ] GC(50)   Evacuate Collection Set: 7.83ms
[27.903s][info][gc,phases   ] GC(50)   Post Evacuate Collection Set: 1.71ms
[27.903s][info][gc,phases   ] GC(50)   Other: 0.16ms
[27.903s][info][gc,heap     ] GC(50) Eden regions: 39->0(41)
[27.903s][info][gc,heap     ] GC(50) Survivor regions: 4->2(6)
[27.903s][info][gc,heap     ] GC(50) Old regions: 19->20
[27.903s][info][gc,heap     ] GC(50) Humongous regions: 0->0
[27.903s][info][gc,metaspace] GC(50) Metaspace: 286002K(290240K)->286002K(290240K) NonClass: 248863K(251328K)->248863K(251328K) Class: 37139K(38912K)->37139K(38912K)
[27.903s][info][gc          ] GC(50) Pause Young (Prepare Mixed) (G1 Evacuation Pause) 984M->331M(1152M) 11.438ms
[27.903s][info][gc,cpu      ] GC(50) User=0.05s Sys=0.01s Real=0.01s
[40.358s][info][gc,start    ] GC(51) Pause Young (Mixed) (G1 Evacuation Pause)
[40.358s][info][gc,task     ] GC(51) Using 8 workers of 8 for evacuation
[40.373s][info][gc,phases   ] GC(51)   Pre Evacuate Collection Set: 0.19ms
[40.373s][info][gc,phases   ] GC(51)   Merge Heap Roots: 0.44ms
[40.373s][info][gc,phases   ] GC(51)   Evacuate Collection Set: 12.76ms
[40.373s][info][gc,phases   ] GC(51)   Post Evacuate Collection Set: 1.80ms
[40.373s][info][gc,phases   ] GC(51)   Other: 0.13ms
[40.373s][info][gc,heap     ] GC(51) Eden regions: 41->0(40)
[40.374s][info][gc,heap     ] GC(51) Survivor regions: 2->3(6)
[40.374s][info][gc,heap     ] GC(51) Old regions: 20->20
[40.374s][info][gc,heap     ] GC(51) Humongous regions: 4->0
[40.374s][info][gc,metaspace] GC(51) Metaspace: 306576K(311232K)->306576K(311232K) NonClass: 266949K(269696K)->266949K(269696K) Class: 39626K(41536K)->39626K(41536K)
[40.374s][info][gc          ] GC(51) Pause Young (Mixed) (G1 Evacuation Pause) 1051M->353M(1152M) 16.130ms
[40.374s][info][gc,cpu      ] GC(51) User=0.11s Sys=0.01s Real=0.01s
[168.143s][info][gc,start    ] GC(52) Pause Young (Concurrent Start) (G1 Evacuation Pause)
[168.143s][info][gc,task     ] GC(52) Using 8 workers of 8 for evacuation
[168.251s][info][gc,phases   ] GC(52)   Pre Evacuate Collection Set: 0.39ms
[168.251s][info][gc,phases   ] GC(52)   Merge Heap Roots: 0.51ms
[168.251s][info][gc,phases   ] GC(52)   Evacuate Collection Set: 104.62ms
[168.251s][info][gc,phases   ] GC(52)   Post Evacuate Collection Set: 1.95ms
[168.251s][info][gc,phases   ] GC(52)   Other: 0.20ms
[168.251s][info][gc,heap     ] GC(52) Eden regions: 40->0(40)
[168.251s][info][gc,heap     ] GC(52) Survivor regions: 3->3(6)
[168.251s][info][gc,heap     ] GC(52) Old regions: 20->20
[168.251s][info][gc,heap     ] GC(52) Humongous regions: 0->0
[168.251s][info][gc,metaspace] GC(52) Metaspace: 309124K(313856K)->309124K(313856K) NonClass: 269260K(272000K)->269260K(272000K) Class: 39863K(41856K)->39863K(41856K)
[168.251s][info][gc          ] GC(52) Pause Young (Concurrent Start) (G1 Evacuation Pause) 993M->355M(1152M) 108.779ms
[168.252s][info][gc          ] GC(53) Concurrent Mark Cycle
[168.252s][info][gc,marking  ] GC(53) Concurrent Scan Root Regions
[168.252s][info][gc,cpu      ] GC(52) User=0.80s Sys=0.01s Real=0.11s
[168.275s][info][gc,marking  ] GC(53) Concurrent Scan Root Regions 23.044ms
[168.275s][info][gc,marking  ] GC(53) Concurrent Mark
[168.275s][info][gc,marking  ] GC(53) Concurrent Mark From Roots
[168.275s][info][gc,task     ] GC(53) Using 2 workers of 2 for marking
[168.427s][info][gc,marking  ] GC(53) Concurrent Mark From Roots 151.852ms
[168.427s][info][gc,marking  ] GC(53) Concurrent Preclean
[168.427s][info][gc,marking  ] GC(53) Concurrent Preclean 0.618ms
[168.427s][info][gc,start    ] GC(53) Pause Remark
[168.465s][info][gc          ] GC(53) Pause Remark 362M->362M(1152M) 37.049ms
[168.465s][info][gc,cpu      ] GC(53) User=0.23s Sys=0.00s Real=0.03s
[168.465s][info][gc,marking  ] GC(53) Concurrent Mark 190.031ms
[168.465s][info][gc,marking  ] GC(53) Concurrent Rebuild Remembered Sets and Scrub Regions
[168.509s][info][gc,marking  ] GC(53) Concurrent Rebuild Remembered Sets and Scrub Regions 44.064ms
[168.509s][info][gc,start    ] GC(53) Pause Cleanup
[168.509s][info][gc          ] GC(53) Pause Cleanup 362M->362M(1152M) 0.165ms
[168.509s][info][gc,cpu      ] GC(53) User=0.00s Sys=0.00s Real=0.00s
[168.509s][info][gc,marking  ] GC(53) Concurrent Clear Claimed Marks
[168.510s][info][gc,marking  ] GC(53) Concurrent Clear Claimed Marks 0.439ms
[168.510s][info][gc,marking  ] GC(53) Concurrent Cleanup for Next Mark
[168.514s][info][gc,marking  ] GC(53) Concurrent Cleanup for Next Mark 3.645ms
[168.514s][info][gc          ] GC(53) Concurrent Mark Cycle 262.117ms
[178.330s][info][gc,start    ] GC(54) Pause Young (Prepare Mixed) (GCLocker Initiated GC)
[178.330s][info][gc,task     ] GC(54) Using 8 workers of 8 for evacuation
[178.346s][info][gc,phases   ] GC(54)   Pre Evacuate Collection Set: 0.14ms
[178.347s][info][gc,phases   ] GC(54)   Merge Heap Roots: 0.34ms
[178.347s][info][gc,phases   ] GC(54)   Evacuate Collection Set: 13.91ms
[178.347s][info][gc,phases   ] GC(54)   Post Evacuate Collection Set: 1.28ms
[178.347s][info][gc,phases   ] GC(54)   Other: 0.10ms
[178.347s][info][gc,heap     ] GC(54) Eden regions: 40->0(39)
[178.347s][info][gc,heap     ] GC(54) Survivor regions: 3->4(6)
[178.347s][info][gc,heap     ] GC(54) Old regions: 20->20
[178.347s][info][gc,heap     ] GC(54) Humongous regions: 0->0
[178.347s][info][gc,metaspace] GC(54) Metaspace: 311107K(315968K)->311107K(315968K) NonClass: 271041K(273856K)->271041K(273856K) Class: 40066K(42112K)->40066K(42112K)
[178.347s][info][gc          ] GC(54) Pause Young (Prepare Mixed) (GCLocker Initiated GC) 995M->368M(1152M) 16.896ms
[178.347s][info][gc,cpu      ] GC(54) User=0.11s Sys=0.00s Real=0.01s
[179.023s][info][gc,start    ] GC(55) Pause Young (Mixed) (GCLocker Initiated GC)
[179.023s][info][gc,task     ] GC(55) Using 8 workers of 8 for evacuation
[179.054s][info][gc,phases   ] GC(55)   Pre Evacuate Collection Set: 0.44ms
[179.054s][info][gc,phases   ] GC(55)   Merge Heap Roots: 0.73ms
[179.054s][info][gc,phases   ] GC(55)   Evacuate Collection Set: 29.09ms
[179.054s][info][gc,phases   ] GC(55)   Post Evacuate Collection Set: 0.97ms
[179.054s][info][gc,phases   ] GC(55)   Other: 0.25ms
[179.055s][info][gc,heap     ] GC(55) Eden regions: 39->0(39)
[179.055s][info][gc,heap     ] GC(55) Survivor regions: 4->4(6)
[179.055s][info][gc,heap     ] GC(55) Old regions: 20->20
[179.055s][info][gc,heap     ] GC(55) Humongous regions: 0->0
[179.055s][info][gc,metaspace] GC(55) Metaspace: 311248K(316096K)->311248K(316096K) NonClass: 271181K(273984K)->271181K(273984K) Class: 40067K(42112K)->40067K(42112K)
[179.055s][info][gc          ] GC(55) Pause Young (Mixed) (GCLocker Initiated GC) 992M->375M(1152M) 32.246ms
[179.055s][info][gc,cpu      ] GC(55) User=0.17s Sys=0.00s Real=0.03s
[179.462s][info][gc,start    ] GC(56) Pause Young (Concurrent Start) (GCLocker Initiated GC)
[179.462s][info][gc,task     ] GC(56) Using 8 workers of 8 for evacuation
[179.474s][info][gc,phases   ] GC(56)   Pre Evacuate Collection Set: 0.13ms
[179.474s][info][gc,phases   ] GC(56)   Merge Heap Roots: 0.17ms
[179.474s][info][gc,phases   ] GC(56)   Evacuate Collection Set: 11.27ms
[179.474s][info][gc,phases   ] GC(56)   Post Evacuate Collection Set: 0.65ms
[179.474s][info][gc,phases   ] GC(56)   Other: 0.13ms
[179.474s][info][gc,heap     ] GC(56) Eden regions: 39->0(39)
[179.474s][info][gc,heap     ] GC(56) Survivor regions: 4->4(6)
[179.475s][info][gc,heap     ] GC(56) Old regions: 20->21
[179.475s][info][gc,heap     ] GC(56) Humongous regions: 0->0
[179.475s][info][gc,metaspace] GC(56) Metaspace: 311267K(316160K)->311267K(316160K) NonClass: 271200K(274048K)->271200K(274048K) Class: 40067K(42112K)->40067K(42112K)
[179.475s][info][gc          ] GC(56) Pause Young (Concurrent Start) (GCLocker Initiated GC) 999M->381M(1152M) 13.000ms
[179.475s][info][gc          ] GC(57) Concurrent Mark Cycle
[179.475s][info][gc,marking  ] GC(57) Concurrent Scan Root Regions
[179.475s][info][gc,cpu      ] GC(56) User=0.07s Sys=0.00s Real=0.01s
[179.489s][info][gc,marking  ] GC(57) Concurrent Scan Root Regions 14.576ms
[179.490s][info][gc,marking  ] GC(57) Concurrent Mark
[179.490s][info][gc,marking  ] GC(57) Concurrent Mark From Roots
[179.490s][info][gc,task     ] GC(57) Using 2 workers of 2 for marking
[179.583s][info][gc,marking  ] GC(57) Concurrent Mark From Roots 93.348ms
[179.583s][info][gc,marking  ] GC(57) Concurrent Preclean
[179.584s][info][gc,marking  ] GC(57) Concurrent Preclean 0.587ms
[179.586s][info][gc,start    ] GC(57) Pause Remark
[179.614s][info][gc          ] GC(57) Pause Remark 493M->493M(1152M) 28.647ms
[179.614s][info][gc,cpu      ] GC(57) User=0.09s Sys=0.02s Real=0.03s
[179.615s][info][gc,marking  ] GC(57) Concurrent Mark 125.435ms
[179.616s][info][gc,marking  ] GC(57) Concurrent Rebuild Remembered Sets and Scrub Regions
[179.671s][info][gc,marking  ] GC(57) Concurrent Rebuild Remembered Sets and Scrub Regions 55.107ms
[179.671s][info][gc,start    ] GC(57) Pause Cleanup
[179.672s][info][gc          ] GC(57) Pause Cleanup 541M->541M(1152M) 0.296ms
[179.672s][info][gc,cpu      ] GC(57) User=0.00s Sys=0.00s Real=0.00s
[179.672s][info][gc,marking  ] GC(57) Concurrent Clear Claimed Marks
[179.672s][info][gc,marking  ] GC(57) Concurrent Clear Claimed Marks 0.694ms
[179.673s][info][gc,marking  ] GC(57) Concurrent Cleanup for Next Mark
[179.676s][info][gc,marking  ] GC(57) Concurrent Cleanup for Next Mark 2.770ms
[179.676s][info][gc          ] GC(57) Concurrent Mark Cycle 200.895ms
[180.063s][info][gc,start    ] GC(58) Pause Young (Prepare Mixed) (G1 Evacuation Pause)
[180.063s][info][gc,task     ] GC(58) Using 8 workers of 8 for evacuation
[180.072s][info][gc,phases   ] GC(58)   Pre Evacuate Collection Set: 0.12ms
[180.073s][info][gc,phases   ] GC(58)   Merge Heap Roots: 0.12ms
[180.073s][info][gc,phases   ] GC(58)   Evacuate Collection Set: 8.73ms
[180.073s][info][gc,phases   ] GC(58)   Post Evacuate Collection Set: 0.66ms
[180.073s][info][gc,phases   ] GC(58)   Other: 0.11ms
[180.073s][info][gc,heap     ] GC(58) Eden regions: 39->0(39)
[180.073s][info][gc,heap     ] GC(58) Survivor regions: 4->4(6)
[180.073s][info][gc,heap     ] GC(58) Old regions: 21->21
[180.073s][info][gc,heap     ] GC(58) Humongous regions: 0->0
[180.073s][info][gc,metaspace] GC(58) Metaspace: 311309K(316160K)->311309K(316160K) NonClass: 271237K(274048K)->271237K(274048K) Class: 40072K(42112K)->40072K(42112K)
[180.074s][info][gc          ] GC(58) Pause Young (Prepare Mixed) (G1 Evacuation Pause) 1005M->384M(1152M) 11.069ms
[180.074s][info][gc,cpu      ] GC(58) User=0.06s Sys=0.00s Real=0.01s
[180.476s][info][gc,start    ] GC(59) Pause Young (Mixed) (G1 Evacuation Pause)
[180.476s][info][gc,task     ] GC(59) Using 8 workers of 8 for evacuation
[180.495s][info][gc,phases   ] GC(59)   Pre Evacuate Collection Set: 0.11ms
[180.495s][info][gc,phases   ] GC(59)   Merge Heap Roots: 0.16ms
[180.495s][info][gc,phases   ] GC(59)   Evacuate Collection Set: 17.79ms
[180.495s][info][gc,phases   ] GC(59)   Post Evacuate Collection Set: 0.90ms
[180.495s][info][gc,phases   ] GC(59)   Other: 0.07ms
[180.495s][info][gc,heap     ] GC(59) Eden regions: 39->0(39)
[180.495s][info][gc,heap     ] GC(59) Survivor regions: 4->4(6)
[180.495s][info][gc,heap     ] GC(59) Old regions: 21->20
[180.495s][info][gc,heap     ] GC(59) Humongous regions: 0->0
[180.495s][info][gc,metaspace] GC(59) Metaspace: 311338K(316160K)->311338K(316160K) NonClass: 271264K(274048K)->271264K(274048K) Class: 40074K(42112K)->40074K(42112K)
[180.495s][info][gc          ] GC(59) Pause Young (Mixed) (G1 Evacuation Pause) 1008M->369M(1152M) 19.521ms
[180.495s][info][gc,cpu      ] GC(59) User=0.12s Sys=0.00s Real=0.02s
[181.089s][info][gc,start    ] GC(60) Pause Young (Concurrent Start) (G1 Evacuation Pause)
[181.089s][info][gc,task     ] GC(60) Using 8 workers of 8 for evacuation
[181.099s][info][gc,phases   ] GC(60)   Pre Evacuate Collection Set: 0.16ms
[181.099s][info][gc,phases   ] GC(60)   Merge Heap Roots: 0.09ms
[181.099s][info][gc,phases   ] GC(60)   Evacuate Collection Set: 8.74ms
[181.099s][info][gc,phases   ] GC(60)   Post Evacuate Collection Set: 1.16ms
[181.099s][info][gc,phases   ] GC(60)   Other: 0.14ms
[181.099s][info][gc,heap     ] GC(60) Eden regions: 39->0(52)
[181.099s][info][gc,heap     ] GC(60) Survivor regions: 4->4(6)
[181.099s][info][gc,heap     ] GC(60) Old regions: 20->21
[181.099s][info][gc,heap     ] GC(60) Humongous regions: 0->0
[181.099s][info][gc,metaspace] GC(60) Metaspace: 312311K(317184K)->312311K(317184K) NonClass: 272059K(274880K)->272059K(274880K) Class: 40252K(42304K)->40252K(42304K)
[181.099s][info][gc          ] GC(60) Pause Young (Concurrent Start) (G1 Evacuation Pause) 993M->374M(1504M) 10.892ms
[181.100s][info][gc,cpu      ] GC(60) User=0.07s Sys=0.00s Real=0.01s
[181.100s][info][gc          ] GC(61) Concurrent Mark Cycle
[181.102s][info][gc,marking  ] GC(61) Concurrent Scan Root Regions
[181.122s][info][gc,marking  ] GC(61) Concurrent Scan Root Regions 20.344ms
[181.122s][info][gc,marking  ] GC(61) Concurrent Mark
[181.122s][info][gc,marking  ] GC(61) Concurrent Mark From Roots
[181.122s][info][gc,task     ] GC(61) Using 2 workers of 2 for marking
[181.211s][info][gc,marking  ] GC(61) Concurrent Mark From Roots 89.017ms
[181.211s][info][gc,marking  ] GC(61) Concurrent Preclean
[181.212s][info][gc,marking  ] GC(61) Concurrent Preclean 1.187ms
[181.214s][info][gc,start    ] GC(61) Pause Remark
[181.223s][info][gc          ] GC(61) Pause Remark 440M->440M(1344M) 9.620ms
[181.223s][info][gc,cpu      ] GC(61) User=0.05s Sys=0.00s Real=0.01s
[181.224s][info][gc,marking  ] GC(61) Concurrent Mark 101.579ms
[181.224s][info][gc,marking  ] GC(61) Concurrent Rebuild Remembered Sets and Scrub Regions
[181.268s][info][gc,marking  ] GC(61) Concurrent Rebuild Remembered Sets and Scrub Regions 43.936ms
[181.268s][info][gc,start    ] GC(61) Pause Cleanup
[181.268s][info][gc          ] GC(61) Pause Cleanup 450M->450M(1344M) 0.152ms
[181.268s][info][gc,cpu      ] GC(61) User=0.00s Sys=0.00s Real=0.00s
[181.268s][info][gc,marking  ] GC(61) Concurrent Clear Claimed Marks
[181.269s][info][gc,marking  ] GC(61) Concurrent Clear Claimed Marks 0.459ms
[181.269s][info][gc,marking  ] GC(61) Concurrent Cleanup for Next Mark
[181.270s][info][gc,marking  ] GC(61) Concurrent Cleanup for Next Mark 1.436ms
[181.270s][info][gc          ] GC(61) Concurrent Mark Cycle 170.619ms
[274.138s][info][gc,start    ] GC(62) Pause Young (Prepare Mixed) (G1 Evacuation Pause)
[274.138s][info][gc,task     ] GC(62) Using 8 workers of 8 for evacuation
[274.175s][info][gc,phases   ] GC(62)   Pre Evacuate Collection Set: 0.18ms
[274.175s][info][gc,phases   ] GC(62)   Merge Heap Roots: 0.22ms
[274.175s][info][gc,phases   ] GC(62)   Evacuate Collection Set: 33.78ms
[274.175s][info][gc,phases   ] GC(62)   Post Evacuate Collection Set: 2.37ms
[274.175s][info][gc,phases   ] GC(62)   Other: 0.10ms
[274.175s][info][gc,heap     ] GC(62) Eden regions: 46->0(44)
[274.175s][info][gc,heap     ] GC(62) Survivor regions: 4->6(7)
[274.175s][info][gc,heap     ] GC(62) Old regions: 21->21
[274.175s][info][gc,heap     ] GC(62) Humongous regions: 0->0
[274.175s][info][gc,metaspace] GC(62) Metaspace: 360312K(365824K)->360312K(365824K) NonClass: 311952K(315200K)->311952K(315200K) Class: 48359K(50624K)->48359K(50624K)
[274.175s][info][gc          ] GC(62) Pause Young (Prepare Mixed) (G1 Evacuation Pause) 1110M->414M(1344M) 37.583ms
[274.175s][info][gc,cpu      ] GC(62) User=0.23s Sys=0.01s Real=0.03s
[276.003s][info][gc,start    ] GC(63) Pause Young (Mixed) (G1 Evacuation Pause)
[276.003s][info][gc,task     ] GC(63) Using 8 workers of 8 for evacuation
[276.121s][info][gc,phases   ] GC(63)   Pre Evacuate Collection Set: 0.15ms
[276.121s][info][gc,phases   ] GC(63)   Merge Heap Roots: 0.10ms
[276.121s][info][gc,phases   ] GC(63)   Evacuate Collection Set: 115.39ms
[276.121s][info][gc,phases   ] GC(63)   Post Evacuate Collection Set: 2.13ms
[276.121s][info][gc,phases   ] GC(63)   Other: 0.11ms
[276.121s][info][gc,heap     ] GC(63) Eden regions: 44->0(31)
[276.121s][info][gc,heap     ] GC(63) Survivor regions: 6->7(7)
[276.121s][info][gc,heap     ] GC(63) Old regions: 21->38
[276.122s][info][gc,heap     ] GC(63) Humongous regions: 0->0
[276.122s][info][gc,metaspace] GC(63) Metaspace: 374781K(380224K)->374781K(380224K) NonClass: 323422K(326592K)->323422K(326592K) Class: 51359K(53632K)->51359K(53632K)
[276.122s][info][gc          ] GC(63) Pause Young (Mixed) (G1 Evacuation Pause) 1118M->706M(1552M) 118.863ms
[276.122s][info][gc,cpu      ] GC(63) User=0.72s Sys=0.16s Real=0.12s
[276.749s][info][gc,start    ] GC(64) Pause Young (Concurrent Start) (G1 Evacuation Pause)
[276.749s][info][gc,task     ] GC(64) Using 8 workers of 8 for evacuation
[276.777s][info][gc,phases   ] GC(64)   Pre Evacuate Collection Set: 0.23ms
[276.777s][info][gc,phases   ] GC(64)   Merge Heap Roots: 0.13ms
[276.777s][info][gc,phases   ] GC(64)   Evacuate Collection Set: 26.33ms
[276.777s][info][gc,phases   ] GC(64)   Post Evacuate Collection Set: 0.84ms
[276.777s][info][gc,phases   ] GC(64)   Other: 0.14ms
[276.777s][info][gc,heap     ] GC(64) Eden regions: 31->0(26)
[276.777s][info][gc,heap     ] GC(64) Survivor regions: 7->5(5)
[276.777s][info][gc,heap     ] GC(64) Old regions: 38->48
[276.777s][info][gc,heap     ] GC(64) Humongous regions: 0->0
[276.778s][info][gc,metaspace] GC(64) Metaspace: 374855K(380352K)->374855K(380352K) NonClass: 323491K(326720K)->323491K(326720K) Class: 51363K(53632K)->51363K(53632K)
[276.778s][info][gc          ] GC(64) Pause Young (Concurrent Start) (G1 Evacuation Pause) 1202M->840M(1552M) 28.582ms
[276.778s][info][gc          ] GC(65) Concurrent Mark Cycle
[276.778s][info][gc,marking  ] GC(65) Concurrent Scan Root Regions
[276.778s][info][gc,cpu      ] GC(64) User=0.20s Sys=0.01s Real=0.03s
[276.804s][info][gc,marking  ] GC(65) Concurrent Scan Root Regions 26.522ms
[276.804s][info][gc,marking  ] GC(65) Concurrent Mark
[276.804s][info][gc,marking  ] GC(65) Concurrent Mark From Roots
[276.808s][info][gc,task     ] GC(65) Using 2 workers of 2 for marking
[277.015s][info][gc,marking  ] GC(65) Concurrent Mark From Roots 210.064ms
[277.015s][info][gc,marking  ] GC(65) Concurrent Preclean
[277.016s][info][gc,marking  ] GC(65) Concurrent Preclean 0.998ms
[277.017s][info][gc,start    ] GC(65) Pause Remark
[277.082s][info][gc          ] GC(65) Pause Remark 1089M->1089M(1552M) 65.555ms
[277.082s][info][gc,cpu      ] GC(65) User=0.44s Sys=0.01s Real=0.07s
[277.086s][info][gc,marking  ] GC(65) Concurrent Mark 281.205ms
[277.086s][info][gc,marking  ] GC(65) Concurrent Rebuild Remembered Sets and Scrub Regions
[277.222s][info][gc,marking  ] GC(65) Concurrent Rebuild Remembered Sets and Scrub Regions 136.248ms
[277.222s][info][gc,start    ] GC(65) Pause Cleanup
[277.223s][info][gc          ] GC(65) Pause Cleanup 1173M->1173M(1552M) 0.219ms
[277.223s][info][gc,cpu      ] GC(65) User=0.00s Sys=0.00s Real=0.00s
[277.223s][info][gc,marking  ] GC(65) Concurrent Clear Claimed Marks
[277.223s][info][gc,marking  ] GC(65) Concurrent Clear Claimed Marks 0.717ms
[277.224s][info][gc,marking  ] GC(65) Concurrent Cleanup for Next Mark
[277.227s][info][gc,marking  ] GC(65) Concurrent Cleanup for Next Mark 3.047ms
[277.233s][info][gc          ] GC(65) Concurrent Mark Cycle 455.503ms
[277.314s][info][gc,start    ] GC(66) Pause Young (Prepare Mixed) (G1 Evacuation Pause)
[277.314s][info][gc,task     ] GC(66) Using 8 workers of 8 for evacuation
[277.326s][info][gc,phases   ] GC(66)   Pre Evacuate Collection Set: 0.16ms
[277.327s][info][gc,phases   ] GC(66)   Merge Heap Roots: 0.14ms
[277.327s][info][gc,phases   ] GC(66)   Evacuate Collection Set: 11.54ms
[277.327s][info][gc,phases   ] GC(66)   Post Evacuate Collection Set: 0.71ms
[277.327s][info][gc,phases   ] GC(66)   Other: 0.15ms
[277.327s][info][gc,heap     ] GC(66) Eden regions: 26->0(27)
[277.327s][info][gc,heap     ] GC(66) Survivor regions: 5->1(4)
[277.327s][info][gc,heap     ] GC(66) Old regions: 48->54
[277.327s][info][gc,heap     ] GC(66) Humongous regions: 0->0
[277.327s][info][gc,metaspace] GC(66) Metaspace: 375006K(380544K)->375006K(380544K) NonClass: 323623K(326848K)->323623K(326848K) Class: 51383K(53696K)->51383K(53696K)
[277.327s][info][gc          ] GC(66) Pause Young (Prepare Mixed) (G1 Evacuation Pause) 1256M->867M(1552M) 13.352ms
[277.327s][info][gc,cpu      ] GC(66) User=0.08s Sys=0.01s Real=0.01s
[277.861s][info][gc,start    ] GC(67) Pause Young (Mixed) (G1 Evacuation Pause)
[277.861s][info][gc,task     ] GC(67) Using 8 workers of 8 for evacuation
[277.865s][info][gc,phases   ] GC(67)   Pre Evacuate Collection Set: 0.14ms
[277.865s][info][gc,phases   ] GC(67)   Merge Heap Roots: 0.09ms
[277.866s][info][gc,phases   ] GC(67)   Evacuate Collection Set: 3.64ms
[277.866s][info][gc,phases   ] GC(67)   Post Evacuate Collection Set: 0.74ms
[277.866s][info][gc,phases   ] GC(67)   Other: 0.10ms
[277.866s][info][gc,heap     ] GC(67) Eden regions: 27->0(29)
[277.866s][info][gc,heap     ] GC(67) Survivor regions: 1->1(4)
[277.866s][info][gc,heap     ] GC(67) Old regions: 54->53
[277.866s][info][gc,heap     ] GC(67) Humongous regions: 0->0
[277.866s][info][gc,metaspace] GC(67) Metaspace: 375327K(380800K)->375327K(380800K) NonClass: 323899K(327104K)->323899K(327104K) Class: 51427K(53696K)->51427K(53696K)
[277.866s][info][gc          ] GC(67) Pause Young (Mixed) (G1 Evacuation Pause) 1299M->848M(1552M) 5.364ms
[277.866s][info][gc,cpu      ] GC(67) User=0.03s Sys=0.00s Real=0.00s
[279.305s][info][gc,start    ] GC(68) Pause Young (Concurrent Start) (G1 Evacuation Pause)
[279.305s][info][gc,task     ] GC(68) Using 8 workers of 8 for evacuation
[279.313s][info][gc,phases   ] GC(68)   Pre Evacuate Collection Set: 0.13ms
[279.313s][info][gc,phases   ] GC(68)   Merge Heap Roots: 0.09ms
[279.314s][info][gc,phases   ] GC(68)   Evacuate Collection Set: 7.02ms
[279.314s][info][gc,phases   ] GC(68)   Post Evacuate Collection Set: 1.34ms
[279.314s][info][gc,phases   ] GC(68)   Other: 0.11ms
[279.314s][info][gc,heap     ] GC(68) Eden regions: 29->0(29)
[279.314s][info][gc,heap     ] GC(68) Survivor regions: 1->2(4)
[279.314s][info][gc,heap     ] GC(68) Old regions: 53->53
[279.314s][info][gc,heap     ] GC(68) Humongous regions: 0->0
[279.314s][info][gc,metaspace] GC(68) Metaspace: 388585K(394368K)->388585K(394368K) NonClass: 335252K(338624K)->335252K(338624K) Class: 53333K(55744K)->53333K(55744K)
[279.314s][info][gc          ] GC(68) Pause Young (Concurrent Start) (G1 Evacuation Pause) 1312M->871M(1552M) 9.178ms
[279.314s][info][gc,cpu      ] GC(68) User=0.05s Sys=0.01s Real=0.01s
[279.314s][info][gc          ] GC(69) Concurrent Mark Cycle
[279.314s][info][gc,marking  ] GC(69) Concurrent Scan Root Regions
[279.329s][info][gc,marking  ] GC(69) Concurrent Scan Root Regions 14.344ms
[279.329s][info][gc,marking  ] GC(69) Concurrent Mark
[279.329s][info][gc,marking  ] GC(69) Concurrent Mark From Roots
[279.329s][info][gc,task     ] GC(69) Using 2 workers of 2 for marking
[279.588s][info][gc,marking  ] GC(69) Concurrent Mark From Roots 259.210ms
[279.589s][info][gc,marking  ] GC(69) Concurrent Preclean
[279.589s][info][gc,marking  ] GC(69) Concurrent Preclean 0.752ms
[279.590s][info][gc,start    ] GC(69) Pause Remark
[279.605s][info][gc          ] GC(69) Pause Remark 1000M->1000M(1552M) 15.027ms
[279.605s][info][gc,cpu      ] GC(69) User=0.07s Sys=0.00s Real=0.01s
[279.605s][info][gc,marking  ] GC(69) Concurrent Mark 275.700ms
[279.605s][info][gc,marking  ] GC(69) Concurrent Rebuild Remembered Sets and Scrub Regions
[279.727s][info][gc,marking  ] GC(69) Concurrent Rebuild Remembered Sets and Scrub Regions 121.833ms
[279.729s][info][gc,start    ] GC(69) Pause Cleanup
[279.729s][info][gc          ] GC(69) Pause Cleanup 1081M->1081M(1552M) 0.204ms
[279.729s][info][gc,cpu      ] GC(69) User=0.00s Sys=0.00s Real=0.00s
[279.729s][info][gc,marking  ] GC(69) Concurrent Clear Claimed Marks
[279.730s][info][gc,marking  ] GC(69) Concurrent Clear Claimed Marks 0.554ms
[279.733s][info][gc,marking  ] GC(69) Concurrent Cleanup for Next Mark
[279.736s][info][gc,marking  ] GC(69) Concurrent Cleanup for Next Mark 3.465ms
[279.737s][info][gc          ] GC(69) Concurrent Mark Cycle 422.908ms
[280.005s][info][gc,start    ] GC(70) Pause Young (Prepare Mixed) (G1 Evacuation Pause)
[280.005s][info][gc,task     ] GC(70) Using 8 workers of 8 for evacuation
[280.015s][info][gc,phases   ] GC(70)   Pre Evacuate Collection Set: 0.11ms
[280.015s][info][gc,phases   ] GC(70)   Merge Heap Roots: 0.10ms
[280.015s][info][gc,phases   ] GC(70)   Evacuate Collection Set: 8.74ms
[280.016s][info][gc,phases   ] GC(70)   Post Evacuate Collection Set: 1.00ms
[280.016s][info][gc,phases   ] GC(70)   Other: 0.08ms
[280.016s][info][gc,heap     ] GC(70) Eden regions: 29->0(30)
[280.016s][info][gc,heap     ] GC(70) Survivor regions: 2->3(4)
[280.016s][info][gc,heap     ] GC(70) Old regions: 53->53
[280.016s][info][gc,heap     ] GC(70) Humongous regions: 0->0
[280.016s][info][gc,metaspace] GC(70) Metaspace: 391384K(397184K)->391384K(397184K) NonClass: 337767K(341120K)->337767K(341120K) Class: 53616K(56064K)->53616K(56064K)
[280.016s][info][gc          ] GC(70) Pause Young (Prepare Mixed) (G1 Evacuation Pause) 1335M->883M(1552M) 10.492ms
[280.016s][info][gc,cpu      ] GC(70) User=0.07s Sys=0.00s Real=0.01s
[280.729s][info][gc,start    ] GC(71) Pause Young (Mixed) (G1 Evacuation Pause)
[280.729s][info][gc,task     ] GC(71) Using 8 workers of 8 for evacuation
[280.745s][info][gc,phases   ] GC(71)   Pre Evacuate Collection Set: 0.12ms
[280.745s][info][gc,phases   ] GC(71)   Merge Heap Roots: 0.12ms
[280.745s][info][gc,phases   ] GC(71)   Evacuate Collection Set: 14.45ms
[280.745s][info][gc,phases   ] GC(71)   Post Evacuate Collection Set: 1.07ms
[280.745s][info][gc,phases   ] GC(71)   Other: 0.09ms
[280.745s][info][gc,heap     ] GC(71) Eden regions: 30->0(31)
[280.745s][info][gc,heap     ] GC(71) Survivor regions: 3->3(5)
[280.745s][info][gc,heap     ] GC(71) Old regions: 53->52
[280.745s][info][gc,heap     ] GC(71) Humongous regions: 0->0
[280.745s][info][gc,metaspace] GC(71) Metaspace: 391705K(397504K)->391705K(397504K) NonClass: 338056K(341440K)->338056K(341440K) Class: 53649K(56064K)->53649K(56064K)
[280.745s][info][gc          ] GC(71) Pause Young (Mixed) (G1 Evacuation Pause) 1363M->868M(1552M) 16.567ms
[280.745s][info][gc,cpu      ] GC(71) User=0.12s Sys=0.00s Real=0.01s
[281.589s][info][gc,start    ] GC(72) Pause Young (Concurrent Start) (G1 Evacuation Pause)
[281.589s][info][gc,task     ] GC(72) Using 8 workers of 8 for evacuation
[281.601s][info][gc,phases   ] GC(72)   Pre Evacuate Collection Set: 0.15ms
[281.601s][info][gc,phases   ] GC(72)   Merge Heap Roots: 0.09ms
[281.601s][info][gc,phases   ] GC(72)   Evacuate Collection Set: 10.12ms
[281.601s][info][gc,phases   ] GC(72)   Post Evacuate Collection Set: 1.74ms
[281.601s][info][gc,phases   ] GC(72)   Other: 0.16ms
[281.601s][info][gc,heap     ] GC(72) Eden regions: 31->0(76)
[281.601s][info][gc,heap     ] GC(72) Survivor regions: 3->3(5)
[281.601s][info][gc,heap     ] GC(72) Old regions: 52->53
[281.601s][info][gc,heap     ] GC(72) Humongous regions: 0->0
[281.601s][info][gc,metaspace] GC(72) Metaspace: 391741K(397504K)->391741K(397504K) NonClass: 338091K(341440K)->338091K(341440K) Class: 53650K(56064K)->53650K(56064K)
[281.601s][info][gc          ] GC(72) Pause Young (Concurrent Start) (G1 Evacuation Pause) 1364M->876M(2560M) 12.959ms
[281.602s][info][gc,cpu      ] GC(72) User=0.08s Sys=0.00s Real=0.01s
[281.602s][info][gc          ] GC(73) Concurrent Mark Cycle
[281.602s][info][gc,marking  ] GC(73) Concurrent Scan Root Regions
[281.612s][info][gc,marking  ] GC(73) Concurrent Scan Root Regions 9.766ms
[281.612s][info][gc,marking  ] GC(73) Concurrent Mark
[281.612s][info][gc,marking  ] GC(73) Concurrent Mark From Roots
[281.612s][info][gc,task     ] GC(73) Using 2 workers of 2 for marking
[281.850s][info][gc,marking  ] GC(73) Concurrent Mark From Roots 237.721ms
[281.850s][info][gc,marking  ] GC(73) Concurrent Preclean
[281.851s][info][gc,marking  ] GC(73) Concurrent Preclean 0.957ms
[281.852s][info][gc,start    ] GC(73) Pause Remark
[281.861s][info][gc          ] GC(73) Pause Remark 1027M->1027M(2560M) 9.465ms
[281.861s][info][gc,cpu      ] GC(73) User=0.05s Sys=0.00s Real=0.01s
[281.861s][info][gc,marking  ] GC(73) Concurrent Mark 249.696ms
[281.862s][info][gc,marking  ] GC(73) Concurrent Rebuild Remembered Sets and Scrub Regions
[281.986s][info][gc,marking  ] GC(73) Concurrent Rebuild Remembered Sets and Scrub Regions 124.532ms
[281.988s][info][gc,start    ] GC(73) Pause Cleanup
[281.988s][info][gc          ] GC(73) Pause Cleanup 1094M->1094M(2560M) 0.192ms
[281.988s][info][gc,cpu      ] GC(73) User=0.00s Sys=0.00s Real=0.00s
[281.988s][info][gc,marking  ] GC(73) Concurrent Clear Claimed Marks
[281.991s][info][gc,marking  ] GC(73) Concurrent Clear Claimed Marks 2.469ms
[281.991s][info][gc,marking  ] GC(73) Concurrent Cleanup for Next Mark
[281.995s][info][gc,marking  ] GC(73) Concurrent Cleanup for Next Mark 4.440ms
[281.995s][info][gc          ] GC(73) Concurrent Mark Cycle 393.892ms
[283.159s][info][gc,start    ] GC(74) Pause Young (Prepare Mixed) (G1 Evacuation Pause)
[283.159s][info][gc,task     ] GC(74) Using 8 workers of 8 for evacuation
[283.190s][info][gc,phases   ] GC(74)   Pre Evacuate Collection Set: 0.15ms
[283.190s][info][gc,phases   ] GC(74)   Merge Heap Roots: 0.16ms
[283.190s][info][gc,phases   ] GC(74)   Evacuate Collection Set: 29.15ms
[283.190s][info][gc,phases   ] GC(74)   Post Evacuate Collection Set: 1.65ms
[283.190s][info][gc,phases   ] GC(74)   Other: 0.14ms
[283.190s][info][gc,heap     ] GC(74) Eden regions: 76->0(85)
[283.191s][info][gc,heap     ] GC(74) Survivor regions: 3->5(10)
[283.191s][info][gc,heap     ] GC(74) Old regions: 53->53
[283.191s][info][gc,heap     ] GC(74) Humongous regions: 0->0
[283.191s][info][gc,metaspace] GC(74) Metaspace: 408990K(415040K)->408990K(415040K) NonClass: 352952K(356416K)->352952K(356416K) Class: 56038K(58624K)->56038K(58624K)
[283.191s][info][gc          ] GC(74) Pause Young (Prepare Mixed) (G1 Evacuation Pause) 2092M->914M(2560M) 32.066ms
[283.191s][info][gc,cpu      ] GC(74) User=0.22s Sys=0.01s Real=0.03s
[284.540s][info][gc,start    ] GC(75) Pause Young (Mixed) (G1 Evacuation Pause)
[284.540s][info][gc,task     ] GC(75) Using 8 workers of 8 for evacuation
[284.553s][info][gc,phases   ] GC(75)   Pre Evacuate Collection Set: 0.17ms
[284.553s][info][gc,phases   ] GC(75)   Merge Heap Roots: 0.14ms
[284.554s][info][gc,phases   ] GC(75)   Evacuate Collection Set: 12.11ms
[284.554s][info][gc,phases   ] GC(75)   Post Evacuate Collection Set: 1.07ms
[284.554s][info][gc,phases   ] GC(75)   Other: 0.13ms
[284.554s][info][gc,heap     ] GC(75) Eden regions: 85->0(90)
[284.554s][info][gc,heap     ] GC(75) Survivor regions: 5->4(12)
[284.554s][info][gc,heap     ] GC(75) Old regions: 53->52
[284.554s][info][gc,heap     ] GC(75) Humongous regions: 0->0
[284.554s][info][gc,metaspace] GC(75) Metaspace: 409419K(415424K)->409419K(415424K) NonClass: 353343K(356736K)->353343K(356736K) Class: 56076K(58688K)->56076K(58688K)
[284.554s][info][gc          ] GC(75) Pause Young (Mixed) (G1 Evacuation Pause) 2274M->887M(2560M) 14.513ms
[284.554s][info][gc,cpu      ] GC(75) User=0.10s Sys=0.00s Real=0.01s
[285.486s][info][gc,start    ] GC(76) Pause Young (Concurrent Start) (G1 Evacuation Pause)
[285.486s][info][gc,task     ] GC(76) Using 8 workers of 8 for evacuation
[285.519s][info][gc,phases   ] GC(76)   Pre Evacuate Collection Set: 0.17ms
[285.520s][info][gc,phases   ] GC(76)   Merge Heap Roots: 0.12ms
[285.520s][info][gc,phases   ] GC(76)   Evacuate Collection Set: 31.71ms
[285.520s][info][gc,phases   ] GC(76)   Post Evacuate Collection Set: 1.40ms
[285.520s][info][gc,phases   ] GC(76)   Other: 0.17ms
[285.520s][info][gc,heap     ] GC(76) Eden regions: 90->0(85)
[285.520s][info][gc,heap     ] GC(76) Survivor regions: 4->8(12)
[285.520s][info][gc,heap     ] GC(76) Old regions: 52->52
[285.520s][info][gc,heap     ] GC(76) Humongous regions: 0->0
[285.520s][info][gc,metaspace] GC(76) Metaspace: 413669K(419648K)->413669K(419648K) NonClass: 357045K(360448K)->357045K(360448K) Class: 56623K(59200K)->56623K(59200K)
[285.520s][info][gc          ] GC(76) Pause Young (Concurrent Start) (G1 Evacuation Pause) 2327M->955M(2560M) 34.334ms
[285.520s][info][gc          ] GC(77) Concurrent Mark Cycle
[285.520s][info][gc,marking  ] GC(77) Concurrent Scan Root Regions
[285.520s][info][gc,cpu      ] GC(76) User=0.25s Sys=0.00s Real=0.04s
[285.553s][info][gc,marking  ] GC(77) Concurrent Scan Root Regions 32.921ms
[285.554s][info][gc,marking  ] GC(77) Concurrent Mark
[285.554s][info][gc,marking  ] GC(77) Concurrent Mark From Roots
[285.554s][info][gc,task     ] GC(77) Using 2 workers of 2 for marking
[285.886s][info][gc,marking  ] GC(77) Concurrent Mark From Roots 332.105ms
[285.886s][info][gc,marking  ] GC(77) Concurrent Preclean
[285.887s][info][gc,marking  ] GC(77) Concurrent Preclean 0.818ms
[285.889s][info][gc,start    ] GC(77) Pause Remark
[285.929s][info][gc          ] GC(77) Pause Remark 1459M->1459M(2560M) 40.647ms
[285.930s][info][gc,cpu      ] GC(77) User=0.21s Sys=0.01s Real=0.04s
[285.932s][info][gc,marking  ] GC(77) Concurrent Mark 377.770ms
[285.934s][info][gc,marking  ] GC(77) Concurrent Rebuild Remembered Sets and Scrub Regions
[286.093s][info][gc,marking  ] GC(77) Concurrent Rebuild Remembered Sets and Scrub Regions 159.249ms
[286.097s][info][gc,start    ] GC(77) Pause Cleanup
[286.097s][info][gc          ] GC(77) Pause Cleanup 1696M->1696M(2560M) 0.220ms
[286.097s][info][gc,cpu      ] GC(77) User=0.00s Sys=0.00s Real=0.00s
[286.098s][info][gc,marking  ] GC(77) Concurrent Clear Claimed Marks
[286.099s][info][gc,marking  ] GC(77) Concurrent Clear Claimed Marks 0.762ms
[286.099s][info][gc,marking  ] GC(77) Concurrent Cleanup for Next Mark
[286.101s][info][gc,marking  ] GC(77) Concurrent Cleanup for Next Mark 1.646ms
[286.101s][info][gc          ] GC(77) Concurrent Mark Cycle 581.082ms
[286.466s][info][gc,start    ] GC(78) Pause Young (Prepare Mixed) (G1 Evacuation Pause)
[286.467s][info][gc,task     ] GC(78) Using 8 workers of 8 for evacuation
[286.498s][info][gc,phases   ] GC(78)   Pre Evacuate Collection Set: 0.16ms
[286.498s][info][gc,phases   ] GC(78)   Merge Heap Roots: 0.18ms
[286.498s][info][gc,phases   ] GC(78)   Evacuate Collection Set: 29.10ms
[286.498s][info][gc,phases   ] GC(78)   Post Evacuate Collection Set: 1.87ms
[286.498s][info][gc,phases   ] GC(78)   Other: 0.13ms
[286.498s][info][gc,heap     ] GC(78) Eden regions: 85->0(85)
[286.498s][info][gc,heap     ] GC(78) Survivor regions: 8->8(12)
[286.498s][info][gc,heap     ] GC(78) Old regions: 52->54
[286.499s][info][gc,heap     ] GC(78) Humongous regions: 0->0
[286.499s][info][gc,metaspace] GC(78) Metaspace: 433729K(439808K)->433729K(439808K) NonClass: 374814K(378240K)->374814K(378240K) Class: 58915K(61568K)->58915K(61568K)
[286.499s][info][gc          ] GC(78) Pause Young (Prepare Mixed) (G1 Evacuation Pause) 2315M->983M(2560M) 32.166ms
[286.499s][info][gc,cpu      ] GC(78) User=0.23s Sys=0.01s Real=0.04s
[287.167s][info][gc,start    ] GC(79) Pause Young (Mixed) (G1 Evacuation Pause)
[287.167s][info][gc,task     ] GC(79) Using 8 workers of 8 for evacuation
[287.220s][info][gc,phases   ] GC(79)   Pre Evacuate Collection Set: 0.17ms
[287.220s][info][gc,phases   ] GC(79)   Merge Heap Roots: 0.17ms
[287.220s][info][gc,phases   ] GC(79)   Evacuate Collection Set: 50.83ms
[287.220s][info][gc,phases   ] GC(79)   Post Evacuate Collection Set: 1.56ms
[287.220s][info][gc,phases   ] GC(79)   Other: 0.13ms
[287.220s][info][gc,heap     ] GC(79) Eden regions: 85->0(83)
[287.220s][info][gc,heap     ] GC(79) Survivor regions: 8->6(12)
[287.220s][info][gc,heap     ] GC(79) Old regions: 54->58
[287.220s][info][gc,heap     ] GC(79) Humongous regions: 0->0
[287.220s][info][gc,metaspace] GC(79) Metaspace: 436559K(443008K)->436559K(443008K) NonClass: 377233K(380864K)->377233K(380864K) Class: 59325K(62144K)->59325K(62144K)
[287.220s][info][gc          ] GC(79) Pause Young (Mixed) (G1 Evacuation Pause) 2343M->1009M(2560M) 53.655ms
[287.220s][info][gc,cpu      ] GC(79) User=0.39s Sys=0.00s Real=0.06s
[288.448s][info][gc,start    ] GC(80) Pause Young (Concurrent Start) (G1 Evacuation Pause)
[288.449s][info][gc,task     ] GC(80) Using 8 workers of 8 for evacuation
[288.475s][info][gc,phases   ] GC(80)   Pre Evacuate Collection Set: 0.17ms
[288.475s][info][gc,phases   ] GC(80)   Merge Heap Roots: 0.67ms
[288.476s][info][gc,phases   ] GC(80)   Evacuate Collection Set: 24.07ms
[288.476s][info][gc,phases   ] GC(80)   Post Evacuate Collection Set: 1.66ms
[288.476s][info][gc,phases   ] GC(80)   Other: 0.13ms
[288.476s][info][gc,heap     ] GC(80) Eden regions: 83->0(80)
[288.476s][info][gc,heap     ] GC(80) Survivor regions: 6->9(12)
[288.476s][info][gc,heap     ] GC(80) Old regions: 58->58
[288.476s][info][gc,heap     ] GC(80) Humongous regions: 0->0
[288.476s][info][gc,metaspace] GC(80) Metaspace: 445661K(452352K)->445661K(452352K) NonClass: 385112K(388928K)->385112K(388928K) Class: 60549K(63424K)->60549K(63424K)
[288.476s][info][gc          ] GC(80) Pause Young (Concurrent Start) (G1 Evacuation Pause) 2337M->1059M(2560M) 27.481ms
[288.476s][info][gc          ] GC(81) Concurrent Mark Cycle
[288.476s][info][gc,marking  ] GC(81) Concurrent Scan Root Regions
[288.476s][info][gc,cpu      ] GC(80) User=0.18s Sys=0.00s Real=0.02s
[288.511s][info][gc,marking  ] GC(81) Concurrent Scan Root Regions 35.249ms
[288.514s][info][gc,marking  ] GC(81) Concurrent Mark
[288.515s][info][gc,marking  ] GC(81) Concurrent Mark From Roots
[288.515s][info][gc,task     ] GC(81) Using 2 workers of 2 for marking
[288.866s][info][gc,marking  ] GC(81) Concurrent Mark From Roots 351.281ms
[288.866s][info][gc,marking  ] GC(81) Concurrent Preclean
[288.869s][info][gc,marking  ] GC(81) Concurrent Preclean 2.605ms
[288.872s][info][gc,start    ] GC(81) Pause Remark
[288.906s][info][gc          ] GC(81) Pause Remark 1576M->1576M(2560M) 34.028ms
[288.906s][info][gc,cpu      ] GC(81) User=0.23s Sys=0.00s Real=0.03s
[288.906s][info][gc,marking  ] GC(81) Concurrent Mark 391.722ms
[288.908s][info][gc,marking  ] GC(81) Concurrent Rebuild Remembered Sets and Scrub Regions
[289.261s][info][gc,marking  ] GC(81) Concurrent Rebuild Remembered Sets and Scrub Regions 353.783ms
[289.263s][info][gc,start    ] GC(81) Pause Cleanup
[289.263s][info][gc          ] GC(81) Pause Cleanup 1877M->1877M(2560M) 0.300ms
[289.263s][info][gc,cpu      ] GC(81) User=0.00s Sys=0.00s Real=0.00s
[289.263s][info][gc,marking  ] GC(81) Concurrent Clear Claimed Marks
[289.265s][info][gc,marking  ] GC(81) Concurrent Clear Claimed Marks 1.410ms
[289.265s][info][gc,marking  ] GC(81) Concurrent Cleanup for Next Mark
[289.270s][info][gc,marking  ] GC(81) Concurrent Cleanup for Next Mark 5.616ms
[289.271s][info][gc          ] GC(81) Concurrent Mark Cycle 794.559ms
[289.529s][info][gc,start    ] GC(82) Pause Young (Prepare Mixed) (G1 Evacuation Pause)
[289.529s][info][gc,task     ] GC(82) Using 8 workers of 8 for evacuation
[289.567s][info][gc,phases   ] GC(82)   Pre Evacuate Collection Set: 0.17ms
[289.568s][info][gc,phases   ] GC(82)   Merge Heap Roots: 0.65ms
[289.568s][info][gc,phases   ] GC(82)   Evacuate Collection Set: 36.05ms
[289.568s][info][gc,phases   ] GC(82)   Post Evacuate Collection Set: 1.57ms
[289.568s][info][gc,phases   ] GC(82)   Other: 0.14ms
[289.568s][info][gc,heap     ] GC(82) Eden regions: 80->0(78)
[289.568s][info][gc,heap     ] GC(82) Survivor regions: 9->7(12)
[289.568s][info][gc,heap     ] GC(82) Old regions: 58->62
[289.568s][info][gc,heap     ] GC(82) Humongous regions: 0->0
[289.568s][info][gc,metaspace] GC(82) Metaspace: 447708K(454400K)->447708K(454400K) NonClass: 386983K(390848K)->386983K(390848K) Class: 60725K(63552K)->60725K(63552K)
[289.568s][info][gc          ] GC(82) Pause Young (Prepare Mixed) (G1 Evacuation Pause) 2339M->1078M(2560M) 39.591ms
[289.568s][info][gc,cpu      ] GC(82) User=0.29s Sys=0.00s Real=0.04s
[290.546s][info][gc,start    ] GC(83) Pause Young (Mixed) (G1 Evacuation Pause)
[290.546s][info][gc,task     ] GC(83) Using 8 workers of 8 for evacuation
[290.583s][info][gc,phases   ] GC(83)   Pre Evacuate Collection Set: 0.17ms
[290.583s][info][gc,phases   ] GC(83)   Merge Heap Roots: 0.36ms
[290.583s][info][gc,phases   ] GC(83)   Evacuate Collection Set: 33.04ms
[290.583s][info][gc,phases   ] GC(83)   Post Evacuate Collection Set: 2.98ms
[290.583s][info][gc,phases   ] GC(83)   Other: 0.10ms
[290.583s][info][gc,heap     ] GC(83) Eden regions: 78->0(167)
[290.583s][info][gc,heap     ] GC(83) Survivor regions: 7->6(11)
[290.583s][info][gc,heap     ] GC(83) Old regions: 62->64
[290.583s][info][gc,heap     ] GC(83) Humongous regions: 0->0
[290.584s][info][gc,metaspace] GC(83) Metaspace: 449284K(455936K)->449284K(455936K) NonClass: 388469K(392320K)->388469K(392320K) Class: 60814K(63616K)->60814K(63616K)
[290.584s][info][gc          ] GC(83) Pause Young (Mixed) (G1 Evacuation Pause) 2326M->1107M(4624M) 37.590ms
[290.584s][info][gc,cpu      ] GC(83) User=0.22s Sys=0.01s Real=0.04s
[293.317s][info][gc,start    ] GC(84) Pause Young (Normal) (G1 Evacuation Pause)
[293.317s][info][gc,task     ] GC(84) Using 8 workers of 8 for evacuation
[293.339s][info][gc,phases   ] GC(84)   Pre Evacuate Collection Set: 0.18ms
[293.339s][info][gc,phases   ] GC(84)   Merge Heap Roots: 0.20ms
[293.339s][info][gc,phases   ] GC(84)   Evacuate Collection Set: 19.76ms
[293.339s][info][gc,phases   ] GC(84)   Post Evacuate Collection Set: 1.04ms
[293.339s][info][gc,phases   ] GC(84)   Other: 0.15ms
[293.339s][info][gc,heap     ] GC(84) Eden regions: 167->0(167)
[293.339s][info][gc,heap     ] GC(84) Survivor regions: 6->6(22)
[293.339s][info][gc,heap     ] GC(84) Old regions: 64->64
[293.339s][info][gc,heap     ] GC(84) Humongous regions: 0->0
[293.339s][info][gc,metaspace] GC(84) Metaspace: 452913K(459456K)->452913K(459456K) NonClass: 391906K(395648K)->391906K(395648K) Class: 61006K(63808K)->61006K(63808K)
[293.339s][info][gc          ] GC(84) Pause Young (Normal) (G1 Evacuation Pause) 3779M->1106M(4624M) 22.214ms
[293.339s][info][gc,cpu      ] GC(84) User=0.17s Sys=0.00s Real=0.03s
[295.499s][info][gc,start    ] GC(85) Pause Young (Normal) (G1 Evacuation Pause)
[295.499s][info][gc,task     ] GC(85) Using 8 workers of 8 for evacuation
[295.527s][info][gc,phases   ] GC(85)   Pre Evacuate Collection Set: 0.23ms
[295.527s][info][gc,phases   ] GC(85)   Merge Heap Roots: 0.17ms
[295.527s][info][gc,phases   ] GC(85)   Evacuate Collection Set: 25.47ms
[295.527s][info][gc,phases   ] GC(85)   Post Evacuate Collection Set: 1.58ms
[295.527s][info][gc,phases   ] GC(85)   Other: 0.11ms
[295.527s][info][gc,heap     ] GC(85) Eden regions: 167->0(164)
[295.528s][info][gc,heap     ] GC(85) Survivor regions: 6->9(22)
[295.528s][info][gc,heap     ] GC(85) Old regions: 64->64
[295.528s][info][gc,heap     ] GC(85) Humongous regions: 0->0
[295.528s][info][gc,metaspace] GC(85) Metaspace: 455986K(462656K)->455986K(462656K) NonClass: 394743K(398528K)->394743K(398528K) Class: 61243K(64128K)->61243K(64128K)
[295.528s][info][gc          ] GC(85) Pause Young (Normal) (G1 Evacuation Pause) 3778M->1148M(4624M) 29.022ms
[295.528s][info][gc,cpu      ] GC(85) User=0.20s Sys=0.01s Real=0.03s
[297.784s][info][gc,start    ] GC(86) Pause Young (Concurrent Start) (G1 Evacuation Pause)
[297.784s][info][gc,task     ] GC(86) Using 8 workers of 8 for evacuation
[297.805s][info][gc,phases   ] GC(86)   Pre Evacuate Collection Set: 0.21ms
[297.806s][info][gc,phases   ] GC(86)   Merge Heap Roots: 0.18ms
[297.806s][info][gc,phases   ] GC(86)   Evacuate Collection Set: 19.65ms
[297.806s][info][gc,phases   ] GC(86)   Post Evacuate Collection Set: 1.43ms
[297.806s][info][gc,phases   ] GC(86)   Other: 0.24ms
[297.806s][info][gc,heap     ] GC(86) Eden regions: 164->0(165)
[297.806s][info][gc,heap     ] GC(86) Survivor regions: 9->8(22)
[297.806s][info][gc,heap     ] GC(86) Old regions: 64->64
[297.806s][info][gc,heap     ] GC(86) Humongous regions: 0->0
[297.806s][info][gc,metaspace] GC(86) Metaspace: 457459K(464064K)->457459K(464064K) NonClass: 396038K(399808K)->396038K(399808K) Class: 61420K(64256K)->61420K(64256K)
[297.806s][info][gc          ] GC(86) Pause Young (Concurrent Start) (G1 Evacuation Pause) 3772M->1128M(4624M) 22.633ms
[297.806s][info][gc,cpu      ] GC(86) User=0.15s Sys=0.00s Real=0.02s
[297.806s][info][gc          ] GC(87) Concurrent Mark Cycle
[297.807s][info][gc,marking  ] GC(87) Concurrent Scan Root Regions
[297.840s][info][gc,marking  ] GC(87) Concurrent Scan Root Regions 32.956ms
[297.840s][info][gc,marking  ] GC(87) Concurrent Mark
[297.840s][info][gc,marking  ] GC(87) Concurrent Mark From Roots
[297.841s][info][gc,task     ] GC(87) Using 2 workers of 2 for marking
[298.185s][info][gc,marking  ] GC(87) Concurrent Mark From Roots 344.371ms
[298.185s][info][gc,marking  ] GC(87) Concurrent Preclean
[298.186s][info][gc,marking  ] GC(87) Concurrent Preclean 0.785ms
[298.186s][info][gc,start    ] GC(87) Pause Remark
[298.228s][info][gc          ] GC(87) Pause Remark 1576M->1576M(3840M) 42.385ms
[298.229s][info][gc,cpu      ] GC(87) User=0.26s Sys=0.01s Real=0.05s
[298.229s][info][gc,marking  ] GC(87) Concurrent Mark 388.891ms
[298.232s][info][gc,marking  ] GC(87) Concurrent Rebuild Remembered Sets and Scrub Regions
[298.425s][info][gc,marking  ] GC(87) Concurrent Rebuild Remembered Sets and Scrub Regions 192.699ms
[298.426s][info][gc,start    ] GC(87) Pause Cleanup
[298.426s][info][gc          ] GC(87) Pause Cleanup 1725M->1725M(3840M) 0.306ms
[298.426s][info][gc,cpu      ] GC(87) User=0.00s Sys=0.00s Real=0.00s
[298.426s][info][gc,marking  ] GC(87) Concurrent Clear Claimed Marks
[298.427s][info][gc,marking  ] GC(87) Concurrent Clear Claimed Marks 0.812ms
[298.427s][info][gc,marking  ] GC(87) Concurrent Cleanup for Next Mark
[298.429s][info][gc,marking  ] GC(87) Concurrent Cleanup for Next Mark 1.766ms
[298.429s][info][gc          ] GC(87) Concurrent Mark Cycle 622.683ms
[302.793s][info][gc,heap,exit] Heap
[302.793s][info][gc,heap,exit]  garbage-first heap   total 3932160K, used 3377358K [0x0000000149000000, 0x0000000800000000)
[302.794s][info][gc,heap,exit]   region size 16384K, 144 young (2359296K), 8 survivors (131072K)
[302.796s][info][gc,heap,exit]  Metaspace       used 463696K, committed 470400K, reserved 1507328K
[302.796s][info][gc,heap,exit]   class space    used 62230K, committed 65152K, reserved 1048576K
