2026-02-19 09:19:31,390 [      7]   INFO - #c.i.p.i.b.AppStarter - ------------------------------------------------------ IDE STARTED ------------------------------------------------------
2026-02-19 09:19:31,392 [      9]   INFO - #c.i.p.i.b.AppStarter - loading shell environment is turned off
2026-02-19 09:19:31,394 [     11]   INFO - #c.i.p.i.b.AppStarter - Will skip the config import to directory "/root/.config/idea" (exists = true). Current entries: "options", "ide.vmoptions".
2026-02-19 09:19:31,398 [     15]   INFO - #c.i.p.i.b.AppStarter - JNA library (64-bit) loaded in 6 ms
2026-02-19 09:19:31,402 [     19]   INFO - #c.i.p.i.b.AppStarter - IDE: Qodana for JVM (build #QDJVM-253.31486, Thu, 19 Feb 2026 09:19:31 GMT)
2026-02-19 09:19:31,402 [     19]   INFO - #c.i.p.i.b.AppStarter - OS: Linux (6.10.14-linuxkit)
2026-02-19 09:19:31,402 [     19]   INFO - #c.i.p.i.b.AppStarter - JRE: 21.0.10+7-b1163.108, aarch64 (JetBrains s.r.o.)
2026-02-19 09:19:31,403 [     20]   INFO - #c.i.p.i.b.AppStarter - JVM: 21.0.10+7-b1163.108 (OpenJDK 64-Bit Server VM)
2026-02-19 09:19:31,403 [     20]   INFO - #c.i.p.i.b.AppStarter - PID: 57
2026-02-19 09:19:31,403 [     20]   INFO - #c.i.p.i.b.AppStarter - desktop: null
2026-02-19 09:19:31,403 [     20]   INFO - #c.i.p.i.b.AppStarter - toolkit: sun.awt.HeadlessToolkit
2026-02-19 09:19:31,409 [     26]   INFO - #c.i.p.i.b.AppStarter - JVM options: [abort, vfprintf, -XX:ErrorFile=/root/java_error_in_idea_%p.log, -XX:HeapDumpPath=/root/java_error_in_idea.hprof, -Xms128m, -XX:JbrShrinkingGcMaxHeapFreeRatio=40, -XX:ReservedCodeCacheSize=512m, -XX:+HeapDumpOnOutOfMemoryError, -XX:-OmitStackTraceInFastThrow, -XX:CICompilerCount=2, -XX:+IgnoreUnrecognizedVMOptions, -XX:+UnlockDiagnosticVMOptions, -XX:TieredOldPercentage=100000, -ea, -Dsun.io.useCanonCaches=false, -Dsun.java2d.metal=true, -Djbr.catch.SIGABRT=true, -Djdk.http.auth.tunneling.disabledSchemes="", -Djdk.attach.allowAttachSelf=true, -Djdk.module.illegalAccess.silent=true, -Djdk.nio.maxCachedBufferSize=2097152, -Djava.util.zip.use.nio.for.zip.file.access=true, -Dkotlinx.coroutines.debug=off, -Djava.nio.file.spi.DefaultFileSystemProvider=com.intellij.platform.core.nio.fs.MultiRoutingFileSystemProvider, -Dintellij.plugins.custom.built.in.repository.url=https://buildserver.labs.intellij.net/guestAuth/repository/download/ijplatform_IjPlatform253_IdeaInstallersBuild/879815494:id/IU-plugins/plugins.xml,https://buildserver.labs.intellij.net/guestAuth/repository/download/ijplatform_IjPlatform253_IdeaInstallersBuild/879815494:id/IU-plugins/auto-uploading/plugins.xml, -Dsun.tools.attach.tmp.only=true, -Dawt.lock.fair=true, -Ddisabled.plugins.file.path=/opt/idea/disabled_plugins.txt, -Didea.config.path=/root/.config/idea, -Didea.headless.enable.statistics=true, -Didea.headless.statistics.device.id=200820300000000-5bdb-7ee4-9f5d-6bfcda02bf94, -Didea.headless.statistics.salt=36f620b84288008fdf0f2c8107a65bd8, -Didea.log.path=/data/results/log, -Didea.plugins.path=/data/cache/plugins/253, -Didea.system.path=/data/cache/idea/253, -Dplugin.path=/opt/idea/custom-plugins/dependencyAnalysis,/opt/idea/custom-plugins/devkit,/opt/idea/custom-plugins/hardcodedPasswords,/opt/idea/custom-plugins/jvm-dfa-analysis,/opt/idea/custom-plugins/uiDesigner, -Dqodana.automation.guid=d0ac9fc0-b0e0-467f-8d54-e355761f0f38, -Dqodana.coverage.input=/data/coverage, -XX:MaxRAMPercentage=70, -Xlog:gc*:/data/results/log/gc.log, -Djb.vmOptionsFile=/root/.config/idea/ide.vmoptions, -Djava.system.class.loader=com.intellij.util.lang.PathClassLoader, -Didea.vendor.name=JetBrains, -Didea.paths.selector=IntelliJIdea2025.3, -Djna.boot.library.path=/opt/idea/lib/jna/aarch64, -Djna.nosys=true, -Djna.noclasspath=true, -Dpty4j.preferred.native.folder=/opt/idea/lib/pty4j, -Dio.netty.allocator.type=pooled, -Dskiko.library.path=/opt/idea/lib/skiko-awt-runtime-all, -Dintellij.platform.runtime.repository.path=/opt/idea/modules/module-descriptors.dat, -Dsplash=true, -Daether.connector.resumeDownloads=false, -Dcompose.swing.render.on.graphics=true, --add-opens=java.base/java.io=ALL-UNNAMED, --add-opens=java.base/java.lang=ALL-UNNAMED, --add-opens=java.base/java.lang.ref=ALL-UNNAMED, --add-opens=java.base/java.lang.reflect=ALL-UNNAMED, --add-opens=java.base/java.net=ALL-UNNAMED, --add-opens=java.base/java.nio=ALL-UNNAMED, --add-opens=java.base/java.nio.charset=ALL-UNNAMED, --add-opens=java.base/java.text=ALL-UNNAMED, --add-opens=java.base/java.time=ALL-UNNAMED, --add-opens=java.base/java.util=ALL-UNNAMED, --add-opens=java.base/java.util.concurrent=ALL-UNNAMED, --add-opens=java.base/java.util.concurrent.atomic=ALL-UNNAMED, --add-opens=java.base/java.util.concurrent.locks=ALL-UNNAMED, --add-opens=java.base/jdk.internal.ref=ALL-UNNAMED, --add-opens=java.base/jdk.internal.vm=ALL-UNNAMED, --add-opens=java.base/sun.net.dns=ALL-UNNAMED, --add-opens=java.base/sun.nio=ALL-UNNAMED, --add-opens=java.base/sun.nio.ch=ALL-UNNAMED, --add-opens=java.base/sun.nio.fs=ALL-UNNAMED, --add-opens=java.base/sun.security.ssl=ALL-UNNAMED, --add-opens=java.base/sun.security.util=ALL-UNNAMED, --add-opens=java.desktop/com.sun.java.swing=ALL-UNNAMED, --add-opens=java.desktop/com.sun.java.swing.plaf.gtk=ALL-UNNAMED, --add-opens=java.desktop/java.awt=ALL-UNNAMED, --add-opens=java.desktop/java.awt.dnd.peer=ALL-UNNAMED, --add-opens=java.desktop/java.awt.event=ALL-UNNAMED, --add-opens=java.desktop/java.awt.font=ALL-UNNAMED, --add-opens=java.desktop/java.awt.image=ALL-UNNAMED, --add-opens=java.desktop/java.awt.peer=ALL-UNNAMED, --add-opens=java.desktop/javax.swing=ALL-UNNAMED, --add-opens=java.desktop/javax.swing.plaf.basic=ALL-UNNAMED, --add-opens=java.desktop/javax.swing.text=ALL-UNNAMED, --add-opens=java.desktop/javax.swing.text.html=ALL-UNNAMED, --add-opens=java.desktop/javax.swing.text.html.parser=ALL-UNNAMED, --add-opens=java.desktop/sun.awt=ALL-UNNAMED, --add-opens=java.desktop/sun.awt.X11=ALL-UNNAMED, --add-opens=java.desktop/sun.awt.datatransfer=ALL-UNNAMED, --add-opens=java.desktop/sun.awt.image=ALL-UNNAMED, --add-opens=java.desktop/sun.font=ALL-UNNAMED, --add-opens=java.desktop/sun.java2d=ALL-UNNAMED, --add-opens=java.desktop/sun.swing=ALL-UNNAMED, --add-opens=java.management/sun.management=ALL-UNNAMED, --add-opens=jdk.attach/sun.tools.attach=ALL-UNNAMED, --add-opens=jdk.compiler/com.sun.tools.javac.api=ALL-UNNAMED, --add-opens=jdk.internal.jvmstat/sun.jvmstat.monitor=ALL-UNNAMED, --add-opens=jdk.jdi/com.sun.tools.jdi=ALL-UNNAMED, -Dqodana.application=true, -Dintellij.platform.load.app.info.from.resources=true, -Dfus.internal.reduce.initial.delay=true, -Didea.headless.statistics.max.files.to.send=5000, -Djava.awt.headless=true, -Didea.qodana.thirdpartyplugins.accept=true, -Dide.warmup.use.predicates=false, -Dvcs.log.index.enable=false, -Didea.job.launcher.without.timeout=true, -Dscanning.in.smart.mode=false, -Deap.login.enabled=false, -Dsdk.download.consent=true, -Dide.activity.tracking.enable.debug=true, -Deslint.service.expiration.timeout.ms=5000, -Dphp.additional.library.manager.new.updater=true, -Dide.region.url.mapping.expiration.timeout=7200, -Dexternal.system.auto.import.headless.async=true, -Dmaven.default.headless.import=true, -Dide.do.not.check.ls.on.startup=true, -Dintellij.console.use.severe.log.level=true, -Dqodana.product.name=Qodana for JVM, -Dqodana.build.number=QDJVM-253.31486, -Dqodana.eap=false, -Dide.native.launcher=true]
2026-02-19 09:19:31,410 [     27]   INFO - #c.i.p.i.b.AppStarter - args: qodana --config-dir /tmp/qd-effective-config-2093163564 /data/project /data/results
2026-02-19 09:19:31,411 [     28]   INFO - #c.i.p.i.b.AppStarter - library path: /usr/java/packages/lib:/usr/lib64:/lib64:/lib:/usr/lib
2026-02-19 09:19:31,411 [     28]   INFO - #c.i.p.i.b.AppStarter - boot library path: /opt/idea/jbr/lib
2026-02-19 09:19:31,412 [     29]   INFO - #c.i.p.i.b.AppStarter - locale=en_US JNU=UTF-8 file.encoding=UTF-8
    idea.home.path=/opt/idea
    idea.config.path=/root/.config/idea
    idea.system.path=/data/cache/idea/253
    idea.plugins.path=/data/cache/plugins/253 -> java.nio.file.NoSuchFileException: /data/cache/plugins/253
    idea.log.path=/data/results/log
2026-02-19 09:19:31,414 [     31]   INFO - #c.i.p.i.b.AppStarter - CPU cores: 8; ForkJoinPool.commonPool: java.util.concurrent.ForkJoinPool@33653c42[Running, parallelism = 8, size = 0, active = 0, running = 0, steals = 0, tasks = 0, submissions = 0]; factory: com.intellij.concurrency.IdeaForkJoinWorkerThreadFactory@2e25f8c7
2026-02-19 09:19:31,766 [    383]   WARN - #c.i.i.p.PluginManager - Dist index is missing or corrupted; an OLD, DEPRECATED, SOON-TO-BE-UNSUPPORTED implementation will be used
2026-02-19 09:19:31,945 [    562]   INFO - #c.i.i.p.PluginManager - Ignoring cached broken plugins file from an earlier IDE build (IU-253.31486)
2026-02-19 09:19:31,969 [    586]   INFO - #c.i.i.p.PluginManager - Plugin set resolution:
Module intellij.textmate.frontend.split is not enabled because dependency intellij.platform.frontend.split is not available
Module intellij.json.frontend.split is not enabled because dependency intellij.platform.frontend.split is not available
Module intellij.yaml.frontend.split is not enabled because dependency intellij.platform.frontend.split is not available
Module intellij.sh.frontend.split is not enabled because dependency intellij.platform.frontend.split is not available
Module intellij.properties/copyright is not enabled because dependency com.intellij.copyright is not available
Module intellij.sh.python is not enabled because dependency com.intellij.modules.python is not available
Module intellij.sh.markdown is not enabled because dependency org.intellij.plugins.markdown is not available
Module intellij.sh.copyright is not enabled because dependency com.intellij.copyright is not available
Module intellij.sh.terminal is not enabled because dependency org.jetbrains.plugins.terminal is not available
Module intellij.yaml.helm is not enabled because dependency org.jetbrains.plugins.go-template is not available
Module intellij.editorconfig.frontend.split is not enabled because dependency intellij.platform.frontend.split is not available
Module intellij.platform.identifiers.highlighting.backend is not enabled because dependency com.jetbrains.codeWithMe is not available
Module intellij.css.watcher is not enabled because dependency com.intellij.plugins.watcher is not available
Module intellij.css.frontend.split is not enabled because dependency intellij.platform.frontend.split is not available
Module intellij.css.copyright is not enabled because dependency com.intellij.copyright is not available
Module intellij.less/copyright is not enabled because dependency intellij.css.copyright is not available
Module intellij.less/watcher is not enabled because dependency com.intellij.plugins.watcher is not available
Module intellij.sass.watcher is not enabled because dependency com.intellij.plugins.watcher is not available
Module intellij.sass.frontend.split is not enabled because dependency intellij.css.frontend.split is not available
Module intellij.sass.copyright is not enabled because dependency intellij.css.copyright is not available
Module intellij.platform.images.copyright is not enabled because dependency com.intellij.copyright is not available
Module intellij.javascript.debugger.webDeployment is not enabled because dependency com.jetbrains.plugins.webDeployment is not available
Module intellij.database.frontend.split is not enabled because dependency intellij.platform.frontend.split is not available
Module intellij.database.sql.copyright is not enabled because dependency com.intellij.copyright is not available
Module intellij.database.completionMlRanking is not enabled because dependency com.intellij.completion.ml.ranking is not available
Module intellij.database.docker is not enabled because dependency intellij.clouds.docker is not available
Module intellij.database.diagrams is not enabled because dependency com.intellij.diagram is not available
Module intellij.microservices.jvm.cron is not enabled because dependency com.intellij.cron is not available
Module intellij.microservices.jvm.yaml is not enabled because dependency intellij.microservices.jvm.cron is not available
Module intellij.java.terminal is not enabled because dependency org.jetbrains.plugins.terminal is not available
Module intellij.java.performancePlugin is not enabled because dependency intellij.performanceTesting.vcs is not available
Module intellij.java.featuresTrainer is not enabled because dependency training is not available
Module intellij.groovy/byte-code-viewer is not enabled because dependency ByteCodeViewer is not available
Module intellij.groovy/ant is not enabled because dependency AntSupport is not available
Module intellij.spring.boot.initializr/auto-testing is not enabled because dependency com.jetbrains.performancePlugin is not available
Module intellij.kotlin.devkit.k1 is not enabled because dependency com.intellij.modules.kotlin.k1 is not available
Module intellij.devkit.workspaceModel.k1 is not enabled because dependency com.intellij.modules.kotlin.k1 is not available
Module intellij.kotlin.performanceExtendedPlugin is not enabled because dependency intellij.performanceTesting.vcs is not available
Module intellij.kotlin.jvm.decompiler is not enabled because dependency org.jetbrains.java.decompiler is not available
Module intellij.kotlin.featuresTrainer is not enabled because dependency intellij.java.featuresTrainer is not available
Module intellij.kotlin.completion.ml is not enabled because dependency com.intellij.completion.ml.ranking is not available
Module intellij.kotlin.copyright is not enabled because dependency com.intellij.copyright is not available
Module kotlin-ultimate.profiler is not enabled because dependency com.intellij.LineProfiler is not available
Module intellij.ktor/swagger is not enabled because dependency com.intellij.swagger is not available
Module intellij.ktor/markdown is not enabled because dependency org.intellij.plugins.markdown is not available
Module intellij.android.gradle.dsl.declarative is not enabled because dependency com.android.tools.gradle.dcl is not available
Module intellij.toml.frontend.split is not enabled because dependency intellij.platform.frontend.split is not available
Module intellij.spring.graph is not enabled because dependency com.intellij.diagram is not available
Module intellij.javaee.cdi/diagram is not enabled because dependency com.intellij.diagram is not available
Module intellij.javaee.jax.rs/swagger is not enabled because dependency com.intellij.swagger is not available
Module intellij.webDeployment.transport is not enabled because dependency com.jetbrains.plugins.webDeployment is not available
Module intellij.spring.integration.core/diagram is not enabled because dependency intellij.spring.graph is not available
Module intellij.spring.boot.cron is not enabled because dependency intellij.microservices.jvm.cron is not available
Module intellij.spring.boot.cron.yaml is not enabled because dependency intellij.spring.boot.cron is not available
Module intellij.spring.boot.cron.properties is not enabled because dependency intellij.spring.boot.cron is not available
Module intellij.spring.boot.rewrite is not enabled because dependency com.intellij.openRewrite is not available
Module intellij.spring.boot.run.diagram is not enabled because dependency intellij.spring.graph is not available
Module intellij.httpClient.grpc is not enabled because dependency idea.plugin.protoeditor is not available
Module intellij.httpClient.injection.graphql is not enabled because dependency com.intellij.lang.jsgraphql is not available
Module intellij.spring.jsf is not enabled because dependency com.intellij.jsf is not available
Module intellij.javaee.jsp.base.impl/copyright is not enabled because dependency com.intellij.copyright is not available
Module intellij.javaee.jsp.base.impl/servers is not enabled because dependency com.intellij.javaee.app.servers.integration is not available
Module intellij.postcss/copyright is not enabled because dependency intellij.css.copyright is not available
Module intellij.spring.data.liquibase is not enabled because dependency com.intellij.liquibase is not available
Module intellij.javaee.persistence.diagram is not enabled because dependency com.intellij.diagram is not available
Module intellij.javaee.jpa.diagram is not enabled because dependency intellij.javaee.persistence.diagram is not available
Module intellij.grazie.markdown is not enabled because dependency org.intellij.plugins.markdown is not available
Module intellij.java.ide.customization/training is not enabled because dependency intellij.java.featuresTrainer is not available
Module kotlin-ultimate.native-debugger is not enabled because dependency intellij.cidr.runner is not available
Module kotlin-ultimate.ultimate-native is not enabled because dependency kotlin-ultimate.native-debugger is not available
Module intellij.vcs.git/terminal is not enabled because dependency org.jetbrains.plugins.terminal is not available
Module intellij.javascript.debugger.webstorm.specific is not enabled because dependency com.intellij.modules.webstorm is not available
Module intellij.aqua.runners.cypress is not enabled because dependency intellij.sh.terminal is not available
Module intellij.javascript.backend/diagrams is not enabled because dependency com.intellij.diagram is not available
Module intellij.qodana.jvm.swagger is not enabled because dependency com.intellij.swagger is not available
Module intellij.qodana.python.community is not enabled because dependency com.intellij.modules.python is not available
Module intellij.qodana.cpp is not enabled because dependency intellij.clion.radler.core is not available
Module intellij.qodana.python.coverage is not enabled because dependency intellij.python is not available
Module intellij.qodana.php is not enabled because dependency com.jetbrains.php is not available
Module intellij.qodana.go is not enabled because dependency intellij.go.coverage is not available
Module intellij.hardcodedPasswords.go is not enabled because dependency org.jetbrains.plugins.go is not available
Module intellij.hardcodedPasswords.python is not enabled because dependency com.intellij.modules.python is not available
Module intellij.hardcodedPasswords.php is not enabled because dependency com.jetbrains.php is not available
Module intellij.dependencyAnalysis.dotnet is not enabled because dependency intellij.rider is not available
Module intellij.dependencyAnalysis.go is not enabled because dependency org.jetbrains.plugins.go is not available
Module intellij.dependencyAnalysis.python is not enabled because dependency Pythonid is not available
Module intellij.dependencyAnalysis.php is not enabled because dependency com.jetbrains.php is not available
Module intellij.vuejs.markdown is not enabled because dependency intellij.markdown is not available
Module intellij.vuejs.copyright is not enabled because dependency com.intellij.copyright is not available
Module intellij.packageChecker.php is not enabled because dependency com.jetbrains.php is not available
Module intellij.packageChecker.python is not enabled because dependency com.intellij.modules.python is not available
Module intellij.packageChecker.go is not enabled because dependency org.jetbrains.plugins.go is not available
Module intellij.packageChecker.amper is not enabled because dependency org.jetbrains.amper is not available
Module intellij.spring.mvc.impl/swagger is not enabled because dependency com.intellij.swagger is not available
Module intellij.spring.mvc.impl/thymeleaf is not enabled because dependency intellij.thymeleaf.paid is not available
Module intellij.microservices.diagrams is not enabled because dependency com.intellij.diagram is not available
2026-02-19 09:19:31,981 [    598]   INFO - #c.i.i.p.PluginManager - Loaded bundled plugins: IDEA CORE (253.31486), TextMate Bundles (253.31486.0), JSON (253.31486.0), YAML (253.31486.0), Database Tools and SQL (253.31486.0), JavaScript and TypeScript (253.31486.0), Properties (253.31486.0), DevKit Runtime (253.31486.0), Java (253.31486.0), Shell Script (253.31486.0), Data Editor Support (253.31486.0), Qodana (253.31486.0), Mercurial (253.31486.0), Gradle (253.31486.0), EditorConfig (253.31486.0), JetBrains Ultimate (253.31486.0), Spring (253.31486.0), CSS (253.31486.0), Artifacts Repository Search (253.31486.0), Less (253.31486.0), Sass (253.31486.0), Images (253.31486.0), JavaScript Debugger (253.31486.0), JVM Microservices Frameworks (253.31486.0), Jakarta EE: JPA Model (253.31486.0), FreeMarker (253.31486.0), AOP Pointcut Language (253.31486.0), Lombok (253.31486.0), JUnit (253.31486.0), Groovy (253.31486.0), Eclipse Interoperability (253.31486.0), Spring Initializr (253.31486.0), Kotlin (253.31486.0-IJ), Ktor (253.31486.0), Gradle DSL API (253.31486.0), Jakarta EE Platform (253.31486.0), HTML Tools (253.31486.0), Toml (253.31486.0), Java Internationalization (253.31486.0), Spring Messaging (253.31486.0), Jakarta EE: Contexts and Dependency Injection (CDI) (253.31486.0), Spring Security (253.31486.0), Jakarta EE: RESTful Web Services (JAX-RS) (253.31486.0), Spring Integration Patterns (253.31486.0), Spring Cloud (253.31486.0), Spring Boot (253.31486.0), JSONPath (253.31486.0), HTTP Client (253.31486.0), Jakarta EE: Expression Language (EL) (253.31486.0), Jakarta EE: Server Pages (JSP) (253.31486.0), PostCSS (253.31486.0), XPathView + XSLT (253.31486.0), Hibernate (253.31486.0), Spring Data (253.31486.0), Jakarta EE: Persistence (JPA) (253.31486.0), JVM Persistence Frameworks (253.31486.0), TestNG (253.31486.0), Code Coverage for Java (253.31486.0), Jakarta EE: Web/Servlets (253.31486.0), Natural Languages (253.31486.0), Java IDE Customization (253.31486.0), Apache Velocity (253.31486.0), Configuration Script (253.31486.0), Shared Indexes (253.31486.0), Shared Project Indexes (253.31486.0), Git (253.31486.0), Maven (253.31486.0), Gradle for Java (253.31486.0), Webpack (253.31486.0), Styled Components & Styled JSX (253.31486.0), Polymer & Web Components (253.31486.0), React (253.31486.0), Vite (253.31486.0), Prettier (253.31486.0), Next.js (253.31486.0), Karma (253.31486.0), Node.js (253.31486.0), JavaScript Intention Power Pack (253.31486.0), Vue.js (253.31486.0), Package Checker (253.31486.0), Jakarta EE: Bean Validation (253.31486.0), Spring Web (253.31486.0), Endpoints (253.31486.0)
2026-02-19 09:19:31,981 [    598]   INFO - #c.i.i.p.PluginManager - Loaded custom plugins: Plugin DevKit (253.31486.0), Security Analysis by Qodana (253.31486.0), Swing UI Designer (253.31486.0), Hardcoded Passwords (253.31486.0), Dependency Analysis (253.31486.0)
2026-02-19 09:19:32,002 [    619]   INFO - #c.i.i.p.DisabledPluginsState - Plugins to enable: [com.intellij.modules.ultimate],  was already enabled, nothing changed
2026-02-19 09:19:32,002 [    619]   INFO - #c.i.i.p.DisabledPluginsState - Plugins to enable: [com.intellij.modules.ultimate],  was already enabled, nothing changed
2026-02-19 09:19:32,006 [    623]   INFO - #c.i.o.u.LowMemoryWatcherManager - Use ExponentiallySmoothingTracker(90000 ms)
2026-02-19 09:19:32,009 [    626]   INFO - #c.i.o.u.LowMemoryWatcherManager - Subscribing to MemoryPool[G1 Old Gen]{max: 28840034304, threshold: 27398031360 (0.95 * max)}
2026-02-19 09:19:32,010 [    627]   INFO - #c.i.o.u.LowMemoryWatcherManager - Schedule GC-time updating: each 15000ms
2026-02-19 09:19:32,072 [    689]   INFO - #o.j.q.s.i.s.QodanaApplicationStarter - Command line arguments: [qodana, --config-dir, /tmp/qd-effective-config-2093163564, /data/project, /data/results]
2026-02-19 09:19:32,083 [    700]   INFO - #c.i.u.i.PageCacheUtils - File page caching params:
	DEFAULT_PAGE_SIZE: 10485760
	Direct memory to use, max: 28819062784
	FilePageCache: regular
	Regular FilePageCache: 629145600 bytes
	DirectByteBuffers pool: 104857600 bytes
2026-02-19 09:19:32,103 [    720]   INFO - #c.i.u.s.JBUIScale - System scale factor: 1.0 (IDE-managed HiDPI)
2026-02-19 09:19:32,107 [    724]   INFO - #c.i.p.e.i.f.EelMultiRoutingFileSystemBackendInitializationService - Eel MultiRoutingFileSystem backend is initialized
2026-02-19 09:19:32,108 [    725]   INFO - #c.i.l.LocalizationStateServiceImpl - [i18n] Localization property from registry is null
2026-02-19 09:19:32,111 [    728]   INFO - #c.i.o.v.n.i.VfsData - Use SoftReference in VFS cache: true
2026-02-19 09:19:32,172 [    789]   INFO - #c.i.o.v.n.p.PersistentFSLoader - VFS uses names enumerator over mmapped file
2026-02-19 09:19:32,173 [    790]   INFO - #c.i.o.v.n.p.PersistentFSLoader - VFS uses streamlined attributes storage (over mmapped file)
2026-02-19 09:19:32,175 [    792]   INFO - #c.i.o.v.n.p.PersistentFSLoader - VFS uses OverMMappedFile(pageSize=67108864, acquireStorageOwnership=true) storage for main file records table
2026-02-19 09:19:32,178 [    795]   INFO - #c.i.a.o.PathMacrosImpl - Loaded path macros: {MAVEN_REPOSITORY=/data/cache/.m2}
2026-02-19 09:19:32,179 [    796]   INFO - #c.i.o.v.n.p.PersistentFSLoader - VFS uses content storage over memory-mapped file, with compression algo: LZ4[ > 8000b ]
2026-02-19 09:19:32,301 [    918]   INFO - c.i.p.i.IdeFingerprint - Calculated dependencies fingerprint in 240 ms (hash=1udlu380yhy5c, buildTime=1771492771, appVersion=QDJVM-253.31486)
2026-02-19 09:19:32,307 [    924]   INFO - #c.i.p.k.b.BackendKernelServiceKt - Backend started Kernel
2026-02-19 09:19:32,335 [    952]   INFO - #c.i.o.v.n.p.FSRecords - VFS health-check enabled: first after 600000 ms, and each following 43200000 ms, wrap in RA: true
2026-02-19 09:19:32,342 [    959]   INFO - #c.i.i.p.ExpiredPluginsState - Plugins to skip: []
2026-02-19 09:19:32,345 [    962]   INFO - #c.i.i.s.StatisticsRegionSettingsServiceImpl - Statistics. Region code is not_set
2026-02-19 09:19:32,347 [    964]   INFO - #c.i.s.c.m.SettingsRepositoryToSettingsSyncMigration - No data from settingsRepository in 'settingsRepository' folder => no migration needed
2026-02-19 09:19:32,362 [    979]   INFO - #c.i.i.s.e.StatisticsEventLoggerProvider - Initialize event logger provider for 'FUS'
2026-02-19 09:19:32,375 [    992]   INFO - #c.i.i.s.e.StatisticsEventLoggerProvider - Initialize event logger provider for 'MP'
2026-02-19 09:19:32,376 [    993]   INFO - #c.i.i.s.e.StatisticsEventLoggerProvider - Initialize event logger provider for 'TRACE'
2026-02-19 09:19:32,376 [    993]   INFO - #c.i.i.s.e.StatisticsEventLoggerProvider - Initialize event logger provider for 'ML'
2026-02-19 09:19:32,384 [   1001]   INFO - #c.i.o.v.n.p.PersistentFSLoader - VFS: impl (expected) version=846400, 0 file records, 0 content blobs
2026-02-19 09:19:32,397 [   1014]   INFO - #c.i.o.v.n.p.FSRecordsImpl - VFS initialized: 230 ms, 0 failed attempts, 0 error(s) were recovered
2026-02-19 09:19:32,401 [   1018]   INFO - #c.i.o.v.n.p.FSRecordsImpl - VFS scanned: file-by-name index was populated
2026-02-19 09:19:32,403 [   1020]   INFO - #c.i.p.trialPromotion - IDE is not managed
2026-02-19 09:19:32,404 [   1021]   INFO - #fleet.kernel.Transactor - Duration: 93.898833ms, change from: fleet.tracing.runtime.Span$Noop@2a7ecd96
2026-02-19 09:19:32,418 [   1035]   INFO - #c.i.o.v.n.p.PersistentFSImpl - VFS.MAX_FILE_LENGTH_TO_CACHE: 1048576
2026-02-19 09:19:32,427 [   1044]   INFO - #c.i.u.n.s.CertificateManager - Default SSL context initialized
2026-02-19 09:19:32,464 [   1081]   INFO - #o.j.i.BuiltInServerManager - built-in server started, port 63342
2026-02-19 09:19:32,562 [   1179]   INFO - #c.i.o.v.i.l.NativeFileWatcherImpl - Native file watcher is disabled
2026-02-19 09:19:32,574 [   1191]   INFO - #c.i.u.i.c.d.IndexWriter - Use com.intellij.util.indexing.contentQueue.dev.MultiThreadedWithSuspendIndexWriter@26175d5b as (parallel) index writer implementation
2026-02-19 09:19:32,579 [   1196]   INFO - #c.i.u.i.i.SlruIndexStorageCacheProvider - SLRU cache will be used for indexes
2026-02-19 09:19:32,580 [   1197]   INFO - #c.i.u.i.i.MapIndexStorageCacheProvider$Companion - Default index storage cache provider [com.intellij.util.indexing.impl.SlruIndexStorageCacheProvider@362cd59b] is used
2026-02-19 09:19:32,582 [   1199]   INFO - #c.i.u.i.FileBasedIndexImpl - Loading indexes
2026-02-19 09:19:32,607 [   1224]   INFO - #c.i.i.s.p.i.SharedIndexMainZipStorage - Shared Indexes Storage is opened and empty
2026-02-19 09:19:32,676 [   1293]   INFO - #c.i.u.i.i.s.IndexStorageLayoutLocator - Layout 'default' will be used to for 'IdIndex' index (applicable providers: [default, fake-storage]), shards = 1
2026-02-19 09:19:32,677 [   1294]   INFO - #c.i.u.i.i.s.IndexStorageLayoutLocator - Layout 'default' will be used to for 'FilenameIndex' index (applicable providers: [default, fake-storage])
2026-02-19 09:19:32,678 [   1295]   INFO - #c.i.u.i.i.s.IndexStorageLayoutLocator - Layout 'default' will be used to for 'fileIncludes' index (applicable providers: [default, fake-storage])
2026-02-19 09:19:32,679 [   1296]   INFO - #c.i.u.i.i.s.IndexStorageLayoutLocator - Layout 'default' will be used to for 'TodoIndex' index (applicable providers: [default, fake-storage])
2026-02-19 09:19:32,679 [   1296]   INFO - #c.i.u.i.i.s.IndexStorageLayoutLocator - Layout 'default' will be used to for 'Stubs' index (applicable providers: [default, fake-storage])
2026-02-19 09:19:32,680 [   1297]   INFO - #c.i.u.i.i.s.IndexStorageLayoutLocator - Layout 'default' will be used to for 'filetypes' index (applicable providers: [default, fake-storage])
2026-02-19 09:19:32,685 [   1302]   INFO - #c.i.u.i.i.s.IndexStorageLayoutLocator - Layout 'default' will be used to for 'HashFragmentIndex' index (applicable providers: [default, fake-storage])
2026-02-19 09:19:32,687 [   1304]   INFO - #c.i.f.n.TrigramIndexFilter - Filter exclude extensions is enabled: CustomizableExcludeExtensions([com.intellij.java.JavaLibrarySourcesExcludingIndexFilterExtension@62bfc628])
2026-02-19 09:19:32,689 [   1306]   INFO - #c.i.u.i.i.s.IndexStorageLayoutLocator - Layout 'default' will be used to for 'Trigram.Index' index (applicable providers: [default, fake-storage]), shards = 1
2026-02-19 09:19:32,692 [   1309]   INFO - #c.i.u.i.i.s.IndexStorageLayoutLocator - Layout 'default' will be used to for 'FrameworkDetectionIndex' index (applicable providers: [default, fake-storage])
2026-02-19 09:19:32,720 [   1337]   INFO - #c.i.u.i.i.s.IndexStorageLayoutLocator - Layout 'default' will be used to for 'sql.types.count.index' index (applicable providers: [default, fake-storage])
2026-02-19 09:19:32,754 [   1371]   INFO - #c.i.u.i.i.s.IndexStorageLayoutLocator - Layout 'default' will be used to for 'sql.routine.index' index (applicable providers: [default, fake-storage])
2026-02-19 09:19:32,754 [   1371]   INFO - #c.i.u.i.i.s.IndexStorageLayoutLocator - Layout 'default' will be used to for 'XmlTagNames' index (applicable providers: [default, fake-storage])
2026-02-19 09:19:32,759 [   1376]   INFO - #c.i.u.i.i.s.IndexStorageLayoutLocator - Layout 'default' will be used to for 'XmlNamespaces' index (applicable providers: [default, fake-storage])
2026-02-19 09:19:32,773 [   1390]   INFO - #c.i.u.i.i.s.IndexStorageLayoutLocator - Layout 'default' will be used to for 'xmlProperties' index (applicable providers: [default, fake-storage])
2026-02-19 09:19:32,776 [   1393]   INFO - #c.i.u.i.i.s.IndexStorageLayoutLocator - Layout 'default' will be used to for 'RelaxSymbolIndex' index (applicable providers: [default, fake-storage])
2026-02-19 09:19:32,777 [   1394]   INFO - #c.i.u.i.i.s.IndexStorageLayoutLocator - Layout 'default' will be used to for 'SchemaTypeInheritance' index (applicable providers: [default, fake-storage])
2026-02-19 09:19:32,779 [   1396]   INFO - #c.i.i.s.DeviceIdManager - Generating new Device ID for 'MP'
2026-02-19 09:19:32,779 [   1396]   INFO - #c.i.i.s.e.EventLogConfiguration - Generating new salt for MP
2026-02-19 09:19:32,781 [   1398]   INFO - #c.i.u.i.i.s.IndexStorageLayoutLocator - Layout 'default' will be used to for 'DomFileIndex' index (applicable providers: [default, fake-storage])
2026-02-19 09:19:32,781 [   1398]   INFO - #c.i.u.i.i.s.IndexStorageLayoutLocator - Layout 'default' will be used to for 'html5.custom.attributes.index' index (applicable providers: [default, fake-storage])
2026-02-19 09:19:32,781 [   1398]   INFO - #c.i.u.i.i.s.IndexStorageLayoutLocator - Layout 'default' will be used to for 'editorconfig.index.name' index (applicable providers: [default, fake-storage])
2026-02-19 09:19:32,782 [   1399]   INFO - #c.i.u.i.i.s.IndexStorageLayoutLocator - Layout 'default' will be used to for 'json.file.root.values' index (applicable providers: [default, fake-storage])
2026-02-19 09:19:32,786 [   1403]   INFO - #c.i.u.i.i.s.IndexStorageLayoutLocator - Layout 'default' will be used to for 'CssIndex' index (applicable providers: [default, fake-storage])
2026-02-19 09:19:32,797 [   1414]   INFO - #c.i.u.i.i.s.IndexStorageLayoutLocator - Layout 'default' will be used to for 'css.template.selectors' index (applicable providers: [default, fake-storage])
2026-02-19 09:19:32,804 [   1421]   INFO - #c.i.u.i.i.s.IndexStorageLayoutLocator - Layout 'default' will be used to for 'CompassFunctionsIndex' index (applicable providers: [default, fake-storage])
2026-02-19 09:19:32,809 [   1426]   INFO - #c.i.u.i.i.s.IndexStorageLayoutLocator - Layout 'default' will be used to for 'java.auto.module.name' index (applicable providers: [default, fake-storage])
2026-02-19 09:19:32,816 [   1433]   INFO - #c.i.u.i.i.s.IndexStorageLayoutLocator - Layout 'default' will be used to for 'java.source.module.name' index (applicable providers: [default, fake-storage])
2026-02-19 09:19:32,816 [   1433]   INFO - #c.i.u.i.i.s.IndexStorageLayoutLocator - Layout 'default' will be used to for 'java.fun.expression' index (applicable providers: [default, fake-storage])
2026-02-19 09:19:32,818 [   1435]   INFO - #c.i.u.i.i.s.IndexStorageLayoutLocator - Layout 'default' will be used to for 'bytecodeAnalysis' index (applicable providers: [default, fake-storage])
2026-02-19 09:19:32,818 [   1435]   INFO - #c.i.u.i.i.s.IndexStorageLayoutLocator - Layout 'default' will be used to for 'java.null.method.argument' index (applicable providers: [default, fake-storage])
2026-02-19 09:19:32,820 [   1437]   INFO - #c.i.u.i.i.s.IndexStorageLayoutLocator - Layout 'default' will be used to for 'java.binary.plus.expression' index (applicable providers: [default, fake-storage])
2026-02-19 09:19:32,835 [   1452]   INFO - #c.i.u.i.i.s.IndexStorageLayoutLocator - Layout 'default' will be used to for 'PluginIdDependenciesIndex' index (applicable providers: [default, fake-storage])
2026-02-19 09:19:32,836 [   1453]   INFO - #c.i.u.i.i.s.IndexStorageLayoutLocator - Layout 'default' will be used to for 'IdeaPluginRegistrationIndex' index (applicable providers: [default, fake-storage])
2026-02-19 09:19:32,836 [   1453]   INFO - #c.i.u.i.i.s.IndexStorageLayoutLocator - Layout 'default' will be used to for 'PluginIdModuleIndex' index (applicable providers: [default, fake-storage])
2026-02-19 09:19:32,836 [   1453]   INFO - #c.i.u.i.i.s.IndexStorageLayoutLocator - Layout 'default' will be used to for 'devkit.ExtensionPointClassIndex' index (applicable providers: [default, fake-storage])
2026-02-19 09:19:32,837 [   1454]   INFO - #c.i.u.i.i.s.IndexStorageLayoutLocator - Layout 'default' will be used to for 'devkit.ExtensionPointIndex' index (applicable providers: [default, fake-storage])
2026-02-19 09:19:32,847 [   1464]   INFO - #c.i.u.i.i.s.IndexStorageLayoutLocator - Layout 'default' will be used to for 'com.intellij.jpa.jpb.model.EntityRegisterFileIndex' index (applicable providers: [default, fake-storage])
2026-02-19 09:19:32,847 [   1464]   INFO - #c.i.u.i.i.s.IndexStorageLayoutLocator - Layout 'default' will be used to for 'FtlFileIndex' index (applicable providers: [default, fake-storage])
2026-02-19 09:19:32,848 [   1465]   INFO - #c.i.u.i.i.s.IndexStorageLayoutLocator - Layout 'default' will be used to for 'PropertyCodeReferenceIndex' index (applicable providers: [default, fake-storage])
2026-02-19 09:19:32,853 [   1470]   INFO - #c.i.u.i.i.s.IndexStorageLayoutLocator - Layout 'default' will be used to for 'LombokConfigIndex' index (applicable providers: [default, fake-storage])
2026-02-19 09:19:32,881 [   1498]   INFO - #c.i.u.i.i.s.IndexStorageLayoutLocator - Layout 'default' will be used to for 'org.jetbrains.kotlin.idea.versions.KotlinJsMetadataVersionIndex' index (applicable providers: [default, fake-storage])
2026-02-19 09:19:32,882 [   1499]   INFO - #c.i.u.i.i.s.IndexStorageLayoutLocator - Layout 'default' will be used to for 'org.jetbrains.kotlin.idea.vfilefinder.KotlinClassFileIndex' index (applicable providers: [default, fake-storage])
2026-02-19 09:19:32,883 [   1500]   INFO - #c.i.u.i.i.s.IndexStorageLayoutLocator - Layout 'default' will be used to for 'org.jetbrains.kotlin.idea.versions.KotlinJvmMetadataVersionIndex' index (applicable providers: [default, fake-storage])
2026-02-19 09:19:32,884 [   1501]   INFO - #c.i.u.i.i.s.IndexStorageLayoutLocator - Layout 'default' will be used to for 'org.jetbrains.kotlin.idea.vfilefinder.KotlinPartialPackageNamesIndex' index (applicable providers: [default, fake-storage])
2026-02-19 09:19:32,884 [   1501]   INFO - #c.i.u.i.i.s.IndexStorageLayoutLocator - Layout 'default' will be used to for 'org.jetbrains.kotlin.idea.vfilefinder.KotlinJavaScriptMetaFileIndex' index (applicable providers: [default, fake-storage])
2026-02-19 09:19:32,884 [   1501]   INFO - #c.i.u.i.i.s.IndexStorageLayoutLocator - Layout 'default' will be used to for 'org.jetbrains.kotlin.idea.vfilefinder.KotlinMetadataFileIndex' index (applicable providers: [default, fake-storage])
2026-02-19 09:19:32,884 [   1501]   INFO - #c.i.u.i.i.s.IndexStorageLayoutLocator - Layout 'default' will be used to for 'org.jetbrains.kotlin.idea.vfilefinder.KotlinMetadataFilePackageIndex' index (applicable providers: [default, fake-storage])
2026-02-19 09:19:32,890 [   1507]   INFO - #c.i.u.i.i.s.IndexStorageLayoutLocator - Layout 'default' will be used to for 'org.jetbrains.kotlin.idea.vfilefinder.KotlinModuleMappingIndex' index (applicable providers: [default, fake-storage])
2026-02-19 09:19:32,901 [   1518]   INFO - #c.i.u.i.i.s.IndexStorageLayoutLocator - Layout 'default' will be used to for 'KotlinPackageSourcesMemberNamesIndex' index (applicable providers: [default, fake-storage])
2026-02-19 09:19:32,903 [   1520]   INFO - #c.i.u.i.i.s.IndexStorageLayoutLocator - Layout 'default' will be used to for 'org.jetbrains.kotlin.idea.vfilefinder.KotlinJvmModuleAnnotationsIndex' index (applicable providers: [default, fake-storage])
2026-02-19 09:19:32,904 [   1521]   INFO - #c.i.u.i.i.s.IndexStorageLayoutLocator - Layout 'default' will be used to for 'org.jetbrains.kotlin.idea.vfilefinder.KotlinBuiltInsMetadataIndex' index (applicable providers: [default, fake-storage])
2026-02-19 09:19:32,905 [   1522]   INFO - #c.i.u.i.i.s.IndexStorageLayoutLocator - Layout 'default' will be used to for 'org.jetbrains.kotlin.idea.vfilefinder.KotlinStdlibIndex' index (applicable providers: [default, fake-storage])
2026-02-19 09:19:32,911 [   1528]   INFO - #c.i.u.i.i.s.IndexStorageLayoutLocator - Layout 'default' will be used to for 'org.jetbrains.kotlin.idea.vfilefinder.KlibMetaFileIndex' index (applicable providers: [default, fake-storage])
2026-02-19 09:19:32,911 [   1528]   INFO - #c.i.u.i.i.s.IndexStorageLayoutLocator - Layout 'default' will be used to for 'KotlinBinaryRootToPackageIndex' index (applicable providers: [default, fake-storage])
2026-02-19 09:19:32,912 [   1529]   INFO - #c.i.u.i.i.s.IndexStorageLayoutLocator - Layout 'default' will be used to for 'KotlinTopLevelClassLikeDeclarationByPackageShortNameIndex' index (applicable providers: [default, fake-storage])
2026-02-19 09:19:32,912 [   1529]   INFO - #c.i.u.i.i.s.IndexStorageLayoutLocator - Layout 'default' will be used to for 'KotlinTopLevelCallableByPackageShortNameIndex' index (applicable providers: [default, fake-storage])
2026-02-19 09:19:32,918 [   1535]   INFO - #c.i.u.i.i.s.IndexStorageLayoutLocator - Layout 'default' will be used to for 'HtmlTagIdIndex' index (applicable providers: [default, fake-storage])
2026-02-19 09:19:32,922 [   1539]   INFO - #c.i.u.i.i.s.IndexStorageLayoutLocator - Layout 'default' will be used to for 'com.intellij.uiDesigner.FormClassIndex' index (applicable providers: [default, fake-storage])
2026-02-19 09:19:32,922 [   1539]   INFO - #c.i.u.i.i.s.IndexStorageLayoutLocator - Layout 'default' will be used to for 'SpringXmlBeansIndex' index (applicable providers: [default, fake-storage])
2026-02-19 09:19:32,922 [   1539]   INFO - #c.i.u.i.i.s.IndexStorageLayoutLocator - Layout 'default' will be used to for 'spring.spiFileIndex' index (applicable providers: [default, fake-storage])
2026-02-19 09:19:32,928 [   1545]   INFO - #c.i.u.i.i.s.IndexStorageLayoutLocator - Layout 'default' will be used to for 'SpringBootPropertiesImports' index (applicable providers: [default, fake-storage])
2026-02-19 09:19:32,932 [   1549]   INFO - #c.i.u.i.i.s.IndexStorageLayoutLocator - Layout 'default' will be used to for 'spring.autoConfigureMetadataIndex' index (applicable providers: [default, fake-storage])
2026-02-19 09:19:32,932 [   1549]   INFO - #c.i.u.i.i.s.IndexStorageLayoutLocator - Layout 'default' will be used to for 'spring.boot.importsFileIndex' index (applicable providers: [default, fake-storage])
2026-02-19 09:19:32,932 [   1549]   INFO - #c.i.u.i.i.s.IndexStorageLayoutLocator - Layout 'default' will be used to for 'SpringBootYamlImports' index (applicable providers: [default, fake-storage])
2026-02-19 09:19:32,934 [   1551]   INFO - #c.i.u.i.i.s.IndexStorageLayoutLocator - Layout 'default' will be used to for 'http.request.execution.environment' index (applicable providers: [default, fake-storage])
2026-02-19 09:19:32,943 [   1560]   INFO - #c.i.u.i.i.s.IndexStorageLayoutLocator - Layout 'default' will be used to for 'http.request.completion.host' index (applicable providers: [default, fake-storage])
2026-02-19 09:19:32,943 [   1560]   INFO - #c.i.u.i.i.s.IndexStorageLayoutLocator - Layout 'default' will be used to for 'http.request.name.index' index (applicable providers: [default, fake-storage])
2026-02-19 09:19:32,943 [   1560]   INFO - #c.i.u.i.i.s.IndexStorageLayoutLocator - Layout 'default' will be used to for 'http.request.headers.values.index' index (applicable providers: [default, fake-storage])
2026-02-19 09:19:32,943 [   1560]   INFO - #c.i.u.i.i.s.IndexStorageLayoutLocator - Layout 'default' will be used to for 'taglibUris' index (applicable providers: [default, fake-storage])
2026-02-19 09:19:32,950 [   1567]   INFO - #c.i.u.i.i.s.IndexStorageLayoutLocator - Layout 'default' will be used to for 'XsltSymbolIndex' index (applicable providers: [default, fake-storage])
2026-02-19 09:19:32,952 [   1569]   INFO - #c.i.u.i.i.s.IndexStorageLayoutLocator - Layout 'default' will be used to for 'VtlFileIndex' index (applicable providers: [default, fake-storage])
2026-02-19 09:19:32,952 [   1569]   INFO - #c.i.u.i.i.s.IndexStorageLayoutLocator - Layout 'default' will be used to for 'js.test.names' index (applicable providers: [default, fake-storage])
2026-02-19 09:19:32,954 [   1571]   INFO - #c.i.u.i.i.s.IndexStorageLayoutLocator - Layout 'default' will be used to for 'js.package.index' index (applicable providers: [default, fake-storage])
2026-02-19 09:19:32,963 [   1580]   INFO - #c.i.u.i.i.s.IndexStorageLayoutLocator - Layout 'default' will be used to for 'js.string.literal.words.index' index (applicable providers: [default, fake-storage])
2026-02-19 09:19:32,963 [   1580]   INFO - #c.i.u.i.i.s.IndexStorageLayoutLocator - Layout 'default' will be used to for 'js.custom.single.entry.index' index (applicable providers: [default, fake-storage])
2026-02-19 09:19:32,963 [   1580]   INFO - #c.i.u.i.i.s.IndexStorageLayoutLocator - Layout 'default' will be used to for 'HtmlScriptSrcIndex' index (applicable providers: [default, fake-storage])
2026-02-19 09:19:32,963 [   1580]   INFO - #c.i.u.i.i.s.IndexStorageLayoutLocator - Layout 'default' will be used to for 'js.implicit.elements.index' index (applicable providers: [default, fake-storage])
2026-02-19 09:19:32,970 [   1587]   INFO - #c.i.u.i.i.s.IndexStorageLayoutLocator - Layout 'default' will be used to for 'TypeScriptExternalPathCandidates' index (applicable providers: [default, fake-storage])
2026-02-19 09:19:32,970 [   1587]   INFO - #c.i.u.i.i.s.IndexStorageLayoutLocator - Layout 'default' will be used to for 'js.test.names.extensible' index (applicable providers: [default, fake-storage])
2026-02-19 09:19:32,973 [   1590]   INFO - #c.i.u.i.i.s.IndexStorageLayoutLocator - Layout 'default' will be used to for 'WebComponentsIndex' index (applicable providers: [default, fake-storage])
2026-02-19 09:19:32,974 [   1591]   INFO - #c.i.u.i.i.s.IndexStorageLayoutLocator - Layout 'default' will be used to for 'VueNoScriptFilesIndex' index (applicable providers: [default, fake-storage])
2026-02-19 09:19:32,983 [   1600]   INFO - #c.i.u.i.i.s.IndexStorageLayoutLocator - Layout 'default' will be used to for 'VueComponentStylesIndex' index (applicable providers: [default, fake-storage])
2026-02-19 09:19:33,000 [   1617]   INFO - #c.i.u.i.FileBasedIndexImpl - Indices to be built:SpringBootPropertiesImports(v = 0),XsltSymbolIndex(v = 0),xmlProperties(v = 2),org.jetbrains.kotlin.idea.vfilefinder.KotlinMetadataFileIndex(v = 2),org.jetbrains.kotlin.idea.vfilefinder.KotlinBuiltInsMetadataIndex(v = 4),FilenameIndex(v = 258),css.template.selectors(v = 38),sql.types.count.index(v = 0),devkit.ExtensionPointIndex(v = 12),VueComponentStylesIndex(v = 2),DomFileIndex(v = 0),org.jetbrains.kotlin.idea.versions.KotlinJvmMetadataVersionIndex(v = 5),http.request.name.index(v = 2),XmlTagNames(v = 1),VueNoScriptFilesIndex(v = 12),TodoIndex(v = 13),org.jetbrains.kotlin.idea.vfilefinder.KotlinJvmModuleAnnotationsIndex(v = 1),org.jetbrains.kotlin.idea.vfilefinder.KlibMetaFileIndex(v = 4),Stubs(v = 46),com.intellij.uiDesigner.FormClassIndex(v = 0),XmlNamespaces(v = 8),java.fun.expression(v = 6),KotlinTopLevelClassLikeDeclarationByPackageShortNameIndex(v = 3),fileIncludes(v = 6),filetypes(v = 4096),FrameworkDetectionIndex(v = 65536),java.auto.module.name(v = 6),TypeScriptExternalPathCandidates(v = 0),PropertyCodeReferenceIndex(v = 0),json.file.root.values(v = 5),taglibUris(v = 7),devkit.ExtensionPointClassIndex(v = 12),KotlinTopLevelCallableByPackageShortNameIndex(v = 3),KotlinPackageSourcesMemberNamesIndex(v = 2),SchemaTypeInheritance(v = 2),Trigram.Index(v = 4),PluginIdModuleIndex(v = 13),org.jetbrains.kotlin.idea.vfilefinder.KotlinStdlibIndex(v = 2),KotlinBinaryRootToPackageIndex(v = 7),spring.spiFileIndex(v = 3),js.custom.single.entry.index(v = 1123642),http.request.execution.environment(v = 3),HashFragmentIndex(v = 19111503),html5.custom.attributes.index(v = 1),LombokConfigIndex(v = 15),CompassFunctionsIndex(v = 41),spring.autoConfigureMetadataIndex(v = 2),com.intellij.jpa.jpb.model.EntityRegisterFileIndex(v = 0),SpringBootYamlImports(v = 0),HtmlScriptSrcIndex(v = 1),sql.routine.index(v = 1),js.test.names.extensible(v = 257237),RelaxSymbolIndex(v = 0),CssIndex(v = 43),editorconfig.index.name(v = 5),js.package.index(v = 12),http.request.completion.host(v = 5),PluginIdDependenciesIndex(v = 17),org.jetbrains.kotlin.idea.vfilefinder.KotlinPartialPackageNamesIndex(v = 5),java.binary.plus.expression(v = 4),VtlFileIndex(v = 1),org.jetbrains.kotlin.idea.vfilefinder.KotlinMetadataFilePackageIndex(v = 2),spring.boot.importsFileIndex(v = 1),js.string.literal.words.index(v = 4),SpringXmlBeansIndex(v = 661),http.request.headers.values.index(v = 4),js.test.names(v = 25),org.jetbrains.kotlin.idea.vfilefinder.KotlinJavaScriptMetaFileIndex(v = 4),org.jetbrains.kotlin.idea.versions.KotlinJsMetadataVersionIndex(v = 3),org.jetbrains.kotlin.idea.vfilefinder.KotlinClassFileIndex(v = 3),java.source.module.name(v = 4),org.jetbrains.kotlin.idea.vfilefinder.KotlinModuleMappingIndex(v = 5),java.null.method.argument(v = 1),IdeaPluginRegistrationIndex(v = 20),FtlFileIndex(v = 5),WebComponentsIndex(v = 5),IdIndex(v = 22),bytecodeAnalysis(v = 11),HtmlTagIdIndex(v = 3),js.implicit.elements.index(v = 1123652)
2026-02-19 09:19:33,000 [   1617]   INFO - #c.i.u.i.FileBasedIndexImpl - Using simple flusher for indexes
2026-02-19 09:19:33,003 [   1620]   INFO - #c.i.u.i.IndexDataInitializer - Index data initialization done: 418 ms. Initialized indexes: [FilenameIndex, filetypes, Trigram.Index, sql.types.count.index, IdIndex, fileIncludes, XmlTagNames, FrameworkDetectionIndex, HashFragmentIndex, TodoIndex, sql.routine.index, XmlNamespaces, Stubs, xmlProperties, RelaxSymbolIndex, DomFileIndex, java.auto.module.name, editorconfig.index.name, SchemaTypeInheritance, html5.custom.attributes.index, json.file.root.values, CssIndex, CompassFunctionsIndex, css.template.selectors, java.source.module.name, java.fun.expression, java.null.method.argument, java.binary.plus.expression, bytecodeAnalysis, PluginIdDependenciesIndex, IdeaPluginRegistrationIndex, PluginIdModuleIndex, devkit.ExtensionPointIndex, devkit.ExtensionPointClassIndex, com.intellij.jpa.jpb.model.EntityRegisterFileIndex, PropertyCodeReferenceIndex, FtlFileIndex, LombokConfigIndex, org.jetbrains.kotlin.idea.vfilefinder.KotlinClassFileIndex, org.jetbrains.kotlin.idea.versions.KotlinJvmMetadataVersionIndex, org.jetbrains.kotlin.idea.versions.KotlinJsMetadataVersionIndex, org.jetbrains.kotlin.idea.vfilefinder.KotlinJavaScriptMetaFileIndex, org.jetbrains.kotlin.idea.vfilefinder.KotlinPartialPackageNamesIndex, org.jetbrains.kotlin.idea.vfilefinder.KotlinModuleMappingIndex, org.jetbrains.kotlin.idea.vfilefinder.KotlinMetadataFileIndex, org.jetbrains.kotlin.idea.vfilefinder.KotlinMetadataFilePackageIndex, KotlinPackageSourcesMemberNamesIndex, org.jetbrains.kotlin.idea.vfilefinder.KotlinBuiltInsMetadataIndex, org.jetbrains.kotlin.idea.vfilefinder.KotlinJvmModuleAnnotationsIndex, org.jetbrains.kotlin.idea.vfilefinder.KotlinStdlibIndex, org.jetbrains.kotlin.idea.vfilefinder.KlibMetaFileIndex, KotlinBinaryRootToPackageIndex, KotlinTopLevelCallableByPackageShortNameIndex, KotlinTopLevelClassLikeDeclarationByPackageShortNameIndex, HtmlTagIdIndex, com.intellij.uiDesigner.FormClassIndex, spring.spiFileIndex, SpringXmlBeansIndex, SpringBootPropertiesImports, SpringBootYamlImports, spring.boot.importsFileIndex, spring.autoConfigureMetadataIndex, http.request.execution.environment, http.request.completion.host, taglibUris, http.request.name.index, http.request.headers.values.index, XsltSymbolIndex, VtlFileIndex, js.test.names, js.package.index, js.string.literal.words.index, HtmlScriptSrcIndex, js.implicit.elements.index, js.custom.single.entry.index, js.test.names.extensible, TypeScriptExternalPathCandidates, WebComponentsIndex, VueNoScriptFilesIndex, VueComponentStylesIndex].
2026-02-19 09:19:33,169 [   1786]   INFO - #c.i.p.s.StubIndexImpl - Following stub indices will be built:js.class.index2(v = 3),dom.namespaceKey(v = 1),js.element.qualifiedName(v = 3),org.jetbrains.kotlin.idea.stubindex.KotlinTopLevelPropertyFqnNameIndex(v = 3),vue.id.index(v = 25),es6.side.effect.import.index(v = 3),gr.script.class(v = 5),KotlinProbablyNothingFunctionShortNameIndex(v = 2),JS.class.implements(v = 3),java.anonymous.baseref(v = 2),postcss.custom.selector(v = 2),ts.external.module.name.index(v = 3),gr.class.fqn.s(v = 5),java.annotations(v = 2),ts.local.classes(v = 2),org.jetbrains.kotlin.idea.stubindex.KotlinFileFacadeFqNameIndex(v = 2),KotlinTopLevelExpectPropertyFqNameIndex(v = 2),js.amd.modules(v = 2),org.jetbrains.kotlin.idea.stubindex.KotlinFullClassNameIndex(v = 3),js.nonglobal.symbol.index(v = 2),ts.external.module.index(v = 3),JS.class.super(v = 5),js.local.namespace.members.index(v = 2),properties.index(v = 2),org.jetbrains.kotlin.idea.stubindex.KotlinExactPackagesIndex(v = 2),org.jetbrains.kotlin.idea.stubindex.KotlinTopLevelTypeAliasFqNameIndex(v = 2),java.unnamed.class(v = 2),js.symbol.qualified.names.index(v = 1),es6.exported.index(v = 3),redis.dml.shortName(v = 3),Less.variables(v = 2),sql.column.name(v = 3),JS.framework.markers.index(v = 2),gr.field.name(v = 5),KotlinOverridableInternalMembersShortNameIndex(v = 2),vue.composition.app.index(v = 25),java.field.name(v = 2),vue.options.index(v = 25),KotlinTopLevelFunctionByPackageIndex(v = 2),org.jetbrains.kotlin.idea.stubindex.KotlinPropertyShortNameIndex(v = 2),org.jetbrains.kotlin.idea.stubindex.KotlinFileFacadeShortNameIndex(v = 3),Scss.variable(v = 2),org.jetbrains.kotlin.idea.stubindex.KotlinInnerTypeAliasClassIdIndex(v = 2),java.module.name(v = 4),Scss.placeholder.selector(v = 2),sql.names(v = 21),JS.subclass.stub.index(v = 2),org.jetbrains.kotlin.idea.stubindex.KotlinTypeAliasShortNameIndex(v = 2),js.exported.index(v = 2),KotlinTopLevelPropertyByPackageIndex(v = 2),jvm.static.member.name(v = 2),Less.mixins(v = 2),java.class.extlist(v = 3),Scss.function(v = 3),dom.elementClass(v = 0),js.imported.bindings.index(v = 2),Css.custom.variable(v = 3),postcss.custom.media(v = 2),Css.custom.property(v = 2),java.method.parameter.types(v = 3),vue.components.index(v = 25),gr.annot.members(v = 5),vuex.store.index(v = 25),org.jetbrains.kotlin.idea.stubindex.KotlinMultifileClassPartIndex(v = 2),js.doc.modules(v = 2),Css.class(v = 3),js.used.remote.modules(v = 2),KotlinProbablyContractedFunctionShortNameIndex(v = 2),ts.global.exported.index(v = 2),Css.id(v = 2),jvm.static.member.type(v = 2),org.jetbrains.kotlin.idea.stubindex.KotlinSubclassObjectNameIndex(v = 3),JS.base.types.index(v = 3),gr.script.fqn.s(v = 5),gr.annot.method.name(v = 5),KotlinProbablyInjectedFunctionShortNameIndex(v = 2),JS.global.qualified.elements(v = 3),java.record.component.name(v = 2),KotlinProbablyNothingPropertyShortNameIndex(v = 2),gr.method.name(v = 5),KotlinTopLevelTypeAliasByPackageIndex(v = 2),amd.baseUrl.index(v = 2),vue.extends.binding.index(v = 25),js.export.default.react.component.index(v = 2),js.lazy.packages(v = 3),js.generics.index(v = 2),org.jetbrains.kotlin.idea.stubindex.KotlinFilePartClassIndex(v = 2),js.qualified.shortName(v = 4),es6.assignment.index(v = 2),KotlinTopLevelExpectFunctionFqNameIndex(v = 2),js.symbol.index2(v = 6),org.jetbrains.kotlin.idea.stubindex.KotlinSuperClassIndex(v = 2),org.jetbrains.kotlin.idea.stubindex.KotlinScriptFqnIndex(v = 2),vue.mixin.binding.index(v = 25),org.jetbrains.kotlin.idea.stubindex.KotlinAnnotationsIndex(v = 3),KotlinTopLevelExtensionsByReceiverTypeIndex(v = 4),Css.custom.mixin(v = 2),kotlin.primeIndexKey(v = 2),KotlinFileFacadeClassByPackageIndex(v = 2),vue.url.index(v = 25),Css.ampersand.selector(v = 2),Css.attr(v = 2),js.global.symbol.index(v = 2),java.class.shortname(v = 4),org.jetbrains.kotlin.idea.stubindex.KotlinTopLevelClassByPackageIndex(v = 2),KotlinTypeAliasByExpansionShortNameIndex(v = 2),org.jetbrains.kotlin.idea.stubindex.KotlinFunctionShortNameIndex(v = 3),ts.embedded.content.index(v = 2),gr.class.super(v = 5),java.class.fqn(v = 1),KotlinExtensionsInObjectsByReceiverTypeIndex(v = 2),org.jetbrains.kotlin.idea.stubindex.KotlinTopLevelFunctionFqnNameIndex(v = 3),gr.anonymous.class(v = 6),js.namespace.index(v = 2),vue.global.filters.index(v = 25),amd.requirePaths.index(v = 2),sql.table.shortName(v = 3),js.typedef.index2(v = 2),org.jetbrains.kotlin.idea.stubindex.KotlinClassShortNameIndex(v = 3),org.jetbrains.kotlin.idea.stubindex.KotlinJvmNameAnnotationIndex(v = 2),vue.global.directives.index(v = 25),java.method.name(v = 2),Scss.mixin(v = 3),js.gcl.modules(v = 2)
2026-02-19 09:19:33,169 [   1786]   INFO - #c.i.u.i.IndexDataInitializer - Index data initialization done: 166 ms. Initialized stub indexes: {Css.custom.mixin, vue.composition.app.index, vue.global.filters.index, ts.global.exported.index, js.symbol.qualified.names.index, JS.subclass.stub.index, dom.namespaceKey, vue.components.index, org.jetbrains.kotlin.idea.stubindex.KotlinFileFacadeFqNameIndex, JS.class.super, gr.anonymous.class, js.typedef.index2, ts.embedded.content.index, js.lazy.packages, es6.assignment.index, KotlinFileFacadeClassByPackageIndex, js.element.qualifiedName, org.jetbrains.kotlin.idea.stubindex.KotlinInnerTypeAliasClassIdIndex, org.jetbrains.kotlin.idea.stubindex.KotlinClassShortNameIndex, gr.annot.method.name, org.jetbrains.kotlin.idea.stubindex.KotlinPropertyShortNameIndex, js.generics.index, gr.method.name, java.method.parameter.types, jvm.static.member.type, JS.class.implements, KotlinTopLevelFunctionByPackageIndex, JS.base.types.index, es6.exported.index, Css.attr, org.jetbrains.kotlin.idea.stubindex.KotlinMultifileClassPartIndex, dom.elementClass, Css.class, Css.ampersand.selector, JS.global.qualified.elements, js.qualified.shortName, js.global.symbol.index, Less.variables, gr.script.fqn.s, java.record.component.name, Scss.mixin, org.jetbrains.kotlin.idea.stubindex.KotlinSubclassObjectNameIndex, amd.baseUrl.index, org.jetbrains.kotlin.idea.stubindex.KotlinAnnotationsIndex, js.doc.modules, js.gcl.modules, java.class.shortname, org.jetbrains.kotlin.idea.stubindex.KotlinJvmNameAnnotationIndex, vue.options.index, postcss.custom.selector, vue.global.directives.index, ts.local.classes, java.module.name, org.jetbrains.kotlin.idea.stubindex.KotlinFunctionShortNameIndex, gr.class.fqn.s, jvm.static.member.name, js.export.default.react.component.index, KotlinProbablyNothingPropertyShortNameIndex, KotlinExtensionsInObjectsByReceiverTypeIndex, KotlinTypeAliasByExpansionShortNameIndex, ts.external.module.index, vue.id.index, properties.index, gr.annot.members, KotlinProbablyContractedFunctionShortNameIndex, Scss.placeholder.selector, org.jetbrains.kotlin.idea.stubindex.KotlinTopLevelFunctionFqnNameIndex, KotlinProbablyNothingFunctionShortNameIndex, Css.id, kotlin.primeIndexKey, org.jetbrains.kotlin.idea.stubindex.KotlinTopLevelClassByPackageIndex, java.unnamed.class, gr.field.name, java.method.name, sql.column.name, ts.external.module.name.index, KotlinTopLevelExpectPropertyFqNameIndex, postcss.custom.media, js.class.index2, Scss.variable, KotlinProbablyInjectedFunctionShortNameIndex, redis.dml.shortName, org.jetbrains.kotlin.idea.stubindex.KotlinTypeAliasShortNameIndex, js.local.namespace.members.index, vue.mixin.binding.index, KotlinTopLevelTypeAliasByPackageIndex, org.jetbrains.kotlin.idea.stubindex.KotlinTopLevelTypeAliasFqNameIndex, es6.side.effect.import.index, js.exported.index, org.jetbrains.kotlin.idea.stubindex.KotlinFilePartClassIndex, js.nonglobal.symbol.index, js.imported.bindings.index, org.jetbrains.kotlin.idea.stubindex.KotlinFileFacadeShortNameIndex, java.class.extlist, java.field.name, KotlinOverridableInternalMembersShortNameIndex, java.annotations, js.namespace.index, amd.requirePaths.index, Less.mixins, js.amd.modules, KotlinTopLevelExpectFunctionFqNameIndex, JS.framework.markers.index, org.jetbrains.kotlin.idea.stubindex.KotlinExactPackagesIndex, java.anonymous.baseref, java.class.fqn, org.jetbrains.kotlin.idea.stubindex.KotlinFullClassNameIndex, sql.names, Scss.function, js.used.remote.modules, Css.custom.property, KotlinTopLevelPropertyByPackageIndex, gr.script.class, Css.custom.variable, js.symbol.index2, vue.url.index, sql.table.shortName, org.jetbrains.kotlin.idea.stubindex.KotlinSuperClassIndex, KotlinTopLevelExtensionsByReceiverTypeIndex, vuex.store.index, org.jetbrains.kotlin.idea.stubindex.KotlinScriptFqnIndex, gr.class.super, vue.extends.binding.index, org.jetbrains.kotlin.idea.stubindex.KotlinTopLevelPropertyFqnNameIndex}.
2026-02-19 09:19:34,273 [   2890]   INFO - STDOUT - By using this linter, you agree to
2026-02-19 09:19:34,282 [   2899]   INFO - STDOUT - - JetBrains Privacy Policy (https://jb.gg/jetbrains-privacy-policy)
2026-02-19 09:19:34,290 [   2907]   INFO - STDOUT - - Qodana Linters Agreement (https://www.jetbrains.com/legal/docs/agreements/qodana/license/)
2026-02-19 09:19:34,299 [   2916]   INFO - STDOUT - Licensed to JetBrains Team
2026-02-19 09:19:34,304 [   2921]   INFO - STDOUT - Subscription is active until June 30, 2026.
2026-02-19 09:19:34,314 [   2931]   INFO - STDOUT - Qodana license plan: Ultimate Plus
2026-02-19 09:19:34,301 [   2918]   WARN - org.jline - Unable to create a system terminal, creating a dumb terminal (enable debug logging for more information)
2026-02-19 09:19:34,354 [   2971]   WARN - org.jline - Unable to create a system terminal, creating a dumb terminal (enable debug logging for more information)
2026-02-19 09:19:34,361 [   2978]   INFO - STDOUT -                                         
2026-02-19 09:19:34,362 [   2979]   INFO - STDOUT -           _              _       
2026-02-19 09:19:34,365 [   2982]   INFO - STDOUT -          /\ \           /\ \        Qodana for JVM 2025.3.3 Preview
2026-02-19 09:19:34,367 [   2984]   INFO - STDOUT -         /  \ \         /  \ \       Documentation
2026-02-19 09:19:34,370 [   2987]   INFO - STDOUT -        / /\ \ \       / /\ \ \      https://jb.gg/qodana-docs
2026-02-19 09:19:34,379 [   2996]   INFO - STDOUT -       / / /\ \ \     / / /\ \ \     Contact us at
2026-02-19 09:19:34,391 [   3008]   INFO - STDOUT -      / / /  \ \_\   / / /  \ \_\    qodana-support@jetbrains.com
2026-02-19 09:19:34,392 [   3009]   INFO - STDOUT -     / / / _ / / /  / / /   / / /    Or via our issue tracker
2026-02-19 09:19:34,392 [   3009]   INFO - STDOUT -    / / / /\ \/ /  / / /   / / /     https://jb.gg/qodana-issue
2026-02-19 09:19:34,393 [   3010]   INFO - STDOUT -   / / /__\ \ \/  / / /___/ / /      Or share your feedback at our forum
2026-02-19 09:19:34,393 [   3010]   INFO - STDOUT -  / / /____\ \ \ / / /____\/ /       https://jb.gg/qodana-forum
2026-02-19 09:19:34,393 [   3010]   INFO - STDOUT -  \/________\_\/ \/_________/     
2026-02-19 09:19:34,393 [   3010]   INFO - STDOUT -                                                    
2026-02-19 09:19:34,393 [   3010]   INFO - STDOUT -                                         
2026-02-19 09:19:34,395 [   3012]   INFO - STDOUT - Starting up Qodana for JVM 2025.3.3 Preview (build QDJVM-253.31486)…done.
2026-02-19 09:19:46,298 [  14915]   INFO - #o.j.q.j.j.QodanaConfigJdkService - Setting up JDK '21' from Qodana config
2026-02-19 09:19:46,320 [  14937]   INFO - #c.i.o.p.i.j.JdkAuto - Looking for a local SDK for JDK with name 21
2026-02-19 09:19:46,345 [  14962]   INFO - #c.i.o.p.i.j.JdkAuto - The following local JDKs were found: [/opt/idea/jbr, 21.0.10, 21]
2026-02-19 09:19:46,397 [  15014]   INFO - #c.i.w.i.i.j.s.JpsGlobalModelSynchronizerImpl - Loading global entities com.intellij.platform.workspace.jps.entities.SdkEntity from files
2026-02-19 09:19:46,398 [  15015]   INFO - #c.i.w.i.i.j.s.JpsGlobalModelSynchronizerImpl - Loading global entities com.intellij.platform.workspace.jps.entities.LibraryEntity from files
2026-02-19 09:19:46,428 [  15045]   INFO - #c.i.u.s.JBUIScale - Computed user scale factor: 1.0 (IDE-managed HiDPI)
2026-02-19 09:19:46,786 [  15403]   INFO - #c.i.w.i.i.GlobalWorkspaceModel - Global model updated to version 2 in 12 ms: Adding SDK: 21 JavaSDK
2026-02-19 09:19:46,786 [  15403]   INFO - #c.i.o.p.i.UnknownMissingSdkFixLocal - Automatically set Sdk SdkLookup{JDK, name=21} to /opt/idea/jbr
2026-02-19 09:19:46,789 [  15406]   INFO - #o.j.q.j.j.QodanaConfigJdkService - Setting up JDK '21' from Qodana config completed
2026-02-19 09:19:46,790 [  15407]   INFO - #o.j.q.s.i.r.ConsoleLog - Preparing for the Project opening stage ...
2026-02-19 09:19:46,790 [  15407]   INFO - STDOUT - Opening project…Preparing for the Project opening stage ...
2026-02-19 09:19:46,806 [  15423]   INFO - #c.i.i.i.ProjectUtil - Opening existing project with .idea at /data/project
2026-02-19 09:19:46,818 [  15435]   INFO - #c.i.p.p.ProjectEntitiesStorage - Creating entity for project ProjectId(id=j2suruq9uuqaiel5ovj2)
2026-02-19 09:19:46,825 [  15442]   INFO - #c.i.p.p.ProjectEntitiesStorage - Entity for project ProjectId(id=j2suruq9uuqaiel5ovj2) created successfully
2026-02-19 09:19:46,836 [  15453]   INFO - #c.i.c.ComponentStoreImpl - Project store initialization started for path: /data/project and template: null
2026-02-19 09:19:46,875 [  15492]   INFO - #c.i.c.ComponentStoreImpl - Project store initialized with paths: [Macro(key=$PROJECT_CONFIG_DIR$, value=/data/project/.idea), Macro(key=$WORKSPACE_FILE$, value=/data/project/.idea/workspace.xml), Macro(key=$PROJECT_FILE$, value=/data/project/.idea/misc.xml), Macro(key=$CACHE_FILE$, value=/data/cache/idea/253/projects/project.15375f63/cache-state.xml), Macro(key=$PRODUCT_WORKSPACE_FILE$, value=/root/.config/idea/workspace/34jFNVRP1mvQHeF1ZhaD1SREEFz.xml)]
2026-02-19 09:19:46,886 [  15503]   INFO - #c.i.w.i.i.GlobalWorkspaceModel - Project java-basics is added to the list of initializing and open projects
2026-02-19 09:19:46,886 [  15503]   INFO - #c.i.w.i.i.l.m.ModuleBridgeLoaderService - Workspace model loaded without cache. Loading real project state into workspace model. Thread[#27,DefaultDispatcher-worker-8,5,main]
2026-02-19 09:19:46,927 [  15544]   INFO - #c.i.w.i.i.EntitiesOrphanageImpl - Update orphanage. 0 modules added
2026-02-19 09:19:46,929 [  15546]   INFO - #c.i.w.i.i.WorkspaceModelImpl - Project model updated to version 1 in 31 ms: Change entity sources to externally imported
2026-02-19 09:19:47,000 [  15617]   INFO - #c.i.w.i.i.GlobalWorkspaceModel - Sync global entities with mutable entity storage
2026-02-19 09:19:47,014 [  15631]   INFO - #c.i.w.i.i.j.s.JpsProjectModelSynchronizer - Attempt 1: Apply JPS storage (iml files)
2026-02-19 09:19:47,044 [  15661]   INFO - #c.i.c.m.CodeInsightContextEnabling - multiverse is enabled
2026-02-19 09:19:47,075 [  15692]   INFO - #c.i.w.i.i.GlobalWorkspaceModel - During global workspace model update the changes were also applied to project: java-basics
2026-02-19 09:19:47,075 [  15692]   INFO - #c.i.w.i.i.GlobalWorkspaceModel - Global model updated to version 3 in 2 ms: Sync entities from project java-basics with global storage
2026-02-19 09:19:47,075 [  15692]   INFO - #c.i.w.i.i.EntitiesOrphanageImpl - Update orphanage. 0 modules added
2026-02-19 09:19:47,083 [  15700]   INFO - #c.i.w.i.i.WorkspaceModelImpl - Project model updated to version 2
2026-02-19 09:19:47,084 [  15701]   INFO - #c.i.w.i.i.EntitiesOrphanageImpl - Update orphanage. 1 modules added
2026-02-19 09:19:47,084 [  15701]   INFO - #c.i.w.i.i.j.s.JpsProjectModelSynchronizer - Attempt 1: Changes were successfully applied
2026-02-19 09:19:47,139 [  15756]   INFO - #c.i.w.i.i.EntitiesOrphanageImpl - Update orphanage. 0 modules added
2026-02-19 09:19:47,140 [  15757]   INFO - #c.i.w.i.i.WorkspaceModelImpl - Project model updated to version 3 in 7 ms: Module model commit
2026-02-19 09:19:47,165 [  15782]   INFO - #c.i.w.i.i.EntitiesOrphanageImpl - Update orphanage. 0 modules added
2026-02-19 09:19:47,166 [  15783]   INFO - #c.i.w.i.i.WorkspaceModelImpl - Project model updated to version 4 in 14 ms: Root model commit
2026-02-19 09:19:47,189 [  15806]   INFO - #c.i.p.c.ProjectCodeStyleSettingsManager - Initialized from default code style settings.
2026-02-19 09:19:47,213 [  15830]   INFO - #c.i.w.i.i.EntitiesOrphanageImpl - Update orphanage. 0 modules added
2026-02-19 09:19:47,213 [  15830]   INFO - #c.i.w.i.i.WorkspaceModelImpl - Project model updated to version 5 in 3 ms: Add project root /data/project to project java-basics
2026-02-19 09:19:47,215 [  15832]   INFO - #c.i.o.p.i.ProjectManagerImpl - Project java-basics was added to the list of open projects
2026-02-19 09:19:47,227 [  15844]   INFO - #c.i.o.p.MergingQueueGuiExecutor - Running task: (dumb mode task) com.intellij.openapi.project.InitialDumbTaskRequiredForSmartMode@2a1a9e63
2026-02-19 09:19:47,228 [  15845]   INFO - #c.i.o.p.DumbServiceMergingTaskQueue - Initializing DumbServiceMergingTaskQueue...
2026-02-19 09:19:47,228 [  15845]   INFO - #c.i.o.p.DumbServiceMergingTaskQueue - Running initialization condition: com.intellij.indexing.shared.download.SharedIndexDownloadedCondition@60679383
2026-02-19 09:19:47,232 [  15849]   INFO - #c.i.o.p.DumbServiceMergingTaskQueue - Finished: com.intellij.indexing.shared.download.SharedIndexDownloadedCondition@60679383
2026-02-19 09:19:47,233 [  15850]   INFO - STDOUT - 'external-system' is in progress...
2026-02-19 09:19:47,236 [  15853]   INFO - #c.i.o.p.InitialDumbTaskRequiredForSmartMode - Running task required for smart mode: com.intellij.indexing.shared.platform.impl.OnDiskSharedIndexChunkLocator@255c9491
2026-02-19 09:19:47,237 [  15854]   INFO - #c.i.o.p.InitialDumbTaskRequiredForSmartMode - Finished task required for smart mode: com.intellij.indexing.shared.platform.impl.OnDiskSharedIndexChunkLocator@255c9491
2026-02-19 09:19:47,237 [  15854]   INFO - #c.i.o.p.InitialDumbTaskRequiredForSmartMode - Running task required for smart mode: com.intellij.util.indexing.ProjectFileBasedIndexStartupActivity@24d87ba8
2026-02-19 09:19:47,239 [  15856]   INFO - #c.i.u.i.FileBasedIndexImpl - Indexes are already loaded
2026-02-19 09:19:47,241 [  15858]   INFO - #c.i.u.i.p.IncrementalProjectIndexableFilesFilterHolder - PersistentProjectIndexableFilesFilterFactory is chosen as indexable files filter factory for project: java-basics
2026-02-19 09:19:47,246 [  15863]   INFO - #c.i.u.i.FileBasedIndexImpl - Indexes are already loaded
2026-02-19 09:19:47,256 [  15873]   INFO - #c.i.u.i.d.AppIndexingDependenciesService - Invalidating all indexing flags. Reason: App fingerprint changed: FingerprintImpl(fingerprint=0) to FingerprintImpl(fingerprint=8736780158262405408)
2026-02-19 09:19:47,256 [  15873]   INFO - #c.i.o.e.s.p.m.ExternalProjectsDataStorage - Load external projects data in 1 millis (read time: 0)
2026-02-19 09:19:47,270 [  15887]   INFO - #c.i.u.i.UnindexedFilesScanner - Full scanning on startup will NOT be skipped for project java-basics because of following unsatisfied conditions:
FILTER_IS_NOT_UP_TO_DATE: Persistent indexable files filter is NOT up-to-date because of following unsatisfied conditions: [IS_FILTER_LOADED_FROM_DISK, FILTER_IS_NOT_INVALIDATED, INDEXING_REQUEST_ID_DID_NOT_CHANGE_AFTER_LAST_SCANNING]
2026-02-19 09:19:47,286 [  15903]   INFO - #c.i.o.p.InitialDumbTaskRequiredForSmartMode - Finished task required for smart mode: com.intellij.util.indexing.ProjectFileBasedIndexStartupActivity@24d87ba8
2026-02-19 09:19:47,286 [  15903]   INFO - #c.i.o.p.InitialDumbTaskRequiredForSmartMode - Running task required for smart mode: com.intellij.util.indexing.FileBasedIndexInfrastructureExtensionStartup@36c7084d
2026-02-19 09:19:47,288 [  15905]   INFO - #c.i.o.p.UnindexedFilesScannerExecutor - [15375f63] Running task: com.intellij.util.indexing.UnindexedFilesScannerExecutorImpl$ScheduledScanningTask@c56b864
2026-02-19 09:19:47,293 [  15910]   INFO - #c.i.i.s.p.i.SharedIndexChunkConfigurationImpl - Chunk project-project-d83eb0681c0a-bb11518b is not found and is not registered for project 'java-basics'
2026-02-19 09:19:47,295 [  15912]   INFO - #c.i.o.v.i.p.NewMappings - VCS Root: [Git] - [<Project>]
2026-02-19 09:19:47,298 [  15915]   INFO - #c.i.o.v.i.p.NewMappings - VCS Root: [Git] - [/data/project/subproject]
2026-02-19 09:19:47,298 [  15915]   INFO - #c.i.w.i.i.EntitiesOrphanageImpl - Update orphanage. 0 modules added
2026-02-19 09:19:47,299 [  15916]   INFO - #c.i.w.i.i.WorkspaceModelImpl - Project model updated to version 6 in 11 ms: ConstantEntitiesCheckActivity
2026-02-19 09:19:47,300 [  15917]   INFO - #c.i.o.a.i.NonBlockingReadActionImpl - OTel monitoring for NonBlockingReadAction is enabled
2026-02-19 09:19:47,302 [  15919]   INFO - #o.j.k.g.s.s.r.GradleBuildRootIndex - /data/project: null -> org.jetbrains.kotlin.gradle.scripting.shared.roots.New@29053ac7
2026-02-19 09:19:47,306 [  15923]   INFO - #c.i.u.i.UnindexedFilesScanner - [15375f63] scanning stage (scanning id=0): DelayedPushProperties
2026-02-19 09:19:47,318 [  15935]   INFO - #c.i.u.i.FileBasedIndexImpl - Indexes are already loaded
2026-02-19 09:19:47,327 [  15944]   INFO - #c.i.u.i.UnindexedFilesScanner - [15375f63] Started scanning for indexing of java-basics. Reason: On project open
2026-02-19 09:19:47,327 [  15944]   INFO - #c.i.u.i.UnindexedFilesScanner - [15375f63] scanning stage (scanning id=0): CreatingIterators
2026-02-19 09:19:47,340 [  15957]   INFO - #c.i.i.s.p.i.SharedIndexChunkConfigurationImpl - Chunk bundled-js-predefined-d6986cc7102b-9b0f141eb926-JavaScript-IU-253.30387.90 is not found and is not registered for project 'java-basics'
2026-02-19 09:19:47,342 [  15959]   INFO - #c.i.i.s.p.i.SharedIndexChunkConfigurationImpl - Chunk bundled-jdk-30f59d01ecdd-2fc7cc6b9a17-intellij.indexing.shared.core-IU-253.30387.90 is not found and is not registered for project 'java-basics'
2026-02-19 09:19:47,346 [  15963]   WARN - #c.i.i.s.p.i.SharedIndexInfrastructure - Skipped 3 shared indexes: project-project-d83eb0681c0a-bb11518b, bundled-js-predefined-d6986cc7102b-9b0f141eb926-JavaScript-IU-253.30387.90, bundled-jdk-30f59d01ecdd-2fc7cc6b9a17-intellij.indexing.shared.core-IU-253.30387.90
2026-02-19 09:19:47,346 [  15963]   INFO - #c.i.u.i.d.ProjectIndexingDependenciesService - Requesting heavy scanning on project open. Reason: Shared indexes could not load 3 chunks. Invalidate indexing flag in project [java-basics] and continue.
2026-02-19 09:19:47,346 [  15963]   INFO - #c.i.o.p.InitialDumbTaskRequiredForSmartMode - Finished task required for smart mode: com.intellij.util.indexing.FileBasedIndexInfrastructureExtensionStartup@36c7084d
2026-02-19 09:19:47,347 [  15964]   INFO - #c.i.o.p.InitialDumbTaskRequiredForSmartMode - Running task required for smart mode: com.intellij.util.indexing.DumbModeWhileScanningSubscriber@38758d0a
2026-02-19 09:19:47,347 [  15964]   INFO - #c.i.o.p.InitialDumbTaskRequiredForSmartMode - Finished task required for smart mode: com.intellij.util.indexing.DumbModeWhileScanningSubscriber@38758d0a
2026-02-19 09:19:47,347 [  15964]   INFO - #c.i.o.p.InitialDumbTaskRequiredForSmartMode - Running task required for smart mode: com.intellij.ide.projectWizard.generators.SdkPreIndexingRequiredForSmartModeActivity@135c16be
2026-02-19 09:19:47,351 [  15968]   INFO - #c.i.o.p.InitialDumbTaskRequiredForSmartMode - Finished task required for smart mode: com.intellij.ide.projectWizard.generators.SdkPreIndexingRequiredForSmartModeActivity@135c16be
2026-02-19 09:19:47,352 [  15969]   INFO - #c.i.o.p.MergingQueueGuiExecutor - Task finished: (dumb mode task) com.intellij.openapi.project.InitialDumbTaskRequiredForSmartMode@2a1a9e63
2026-02-19 09:19:47,370 [  15987]   INFO - #o.j.k.i.PluginStartupActivity - Kotlin plugin mode: K2
2026-02-19 09:19:47,438 [  16055]   INFO - #git4idea.commands.GitHandler - [/data/project] git -c core.quotepath=false -c log.showSignature=false version
2026-02-19 09:19:47,457 [  16074]   INFO - #git4idea.commands.GitHandler - git version 2.39.5
2026-02-19 09:19:47,466 [  16083]   INFO - #git4idea.config.GitExecutableFileTester - Git version for /usr/bin/git: 2.39.5.0 (UNIX)
2026-02-19 09:19:47,478 [  16095]   INFO - #c.i.c.CompilerWorkspaceConfiguration - Available processors: 8
2026-02-19 09:19:47,480 [  16097]   WARN - #o.j.i.maven - MavenProjectsTree is inconsistent
2026-02-19 09:19:47,482 [  16099]   INFO - #o.j.i.maven - Updating index list for project Project(name=java-basics, containerState=COMPONENT_CREATED, componentStore=/data/project)
2026-02-19 09:19:47,487 [  16104]   INFO - #o.j.i.maven - updating index list for Project(name=java-basics, containerState=COMPONENT_CREATED, componentStore=/data/project) - will add repository local:local:/data/cache/.m2, before was null
2026-02-19 09:19:47,490 [  16107]   WARN - #o.j.i.maven - updateAllMavenProjects started: incremental=false, MavenProjectsManager.onProjectStartup java-basics
2026-02-19 09:19:47,497 [  16114]   INFO - #o.j.i.maven - Starting update maven index for local:local:/data/cache/.m2
2026-02-19 09:19:47,507 [  16124]   INFO - #o.j.i.maven - GAV index updated for repo /data/cache/.m2, 0 files processed in 0 groups in 1 millis, succeed = true
2026-02-19 09:19:47,511 [  16128]   INFO - #c.i.o.v.i.p.NewMappings - Mapped Roots: 1
2026-02-19 09:19:47,548 [  16165]   INFO - #c.i.j.d.b.r.HostToClientMessagingService - New subscription for ClientId(value=Host)
2026-02-19 09:19:47,549 [  16166]   INFO - #c.i.j.d.f.r.HostRequestListenerActivity - Connected to host
2026-02-19 09:19:47,553 [  16170]   INFO - #o.j.q.s.i.r.ConsoleLog - Setting project JDK 21
2026-02-19 09:19:47,554 [  16171]   INFO - STDOUT - Setting project JDK 21
2026-02-19 09:19:47,554 [  16171]   INFO - #o.j.q.j.j.SdkRootsFixActivity - Set resolve roots for SDK 21 Version:java version "21.0.10" Path:(/opt/idea/jbr)
2026-02-19 09:19:47,584 [  16201]   INFO - #c.i.o.p.DumbServiceImpl - exit dumb mode [java-basics]
2026-02-19 09:19:47,624 [  16241]   INFO - #c.i.o.v.i.p.NewMappings - Mapped Roots: 2
2026-02-19 09:19:47,624 [  16241]   INFO - #c.i.o.v.i.p.NewMappings - Detected mapped Root: [Git] - [/data/project]
2026-02-19 09:19:47,662 [  16279]   INFO - #c.i.p.d.i.f.FrontendXBreakpointManager - Breakpoint created for XBreakpointId(uid=1)
2026-02-19 09:19:47,663 [  16280]   INFO - #c.i.p.d.i.f.FrontendXBreakpointManager - Breakpoint created for XBreakpointId(uid=2)
2026-02-19 09:19:47,665 [  16282]   INFO - STDOUT - [IDE]: Task 'Analyzing project to enable smart features' ended
2026-02-19 09:19:47,696 [  16313]   INFO - #c.i.i.s.IdeStartupScripts - 0 startup script(s) found
2026-02-19 09:19:47,710 [  16327]   INFO - #c.i.d.PerformanceWatcherImpl - Post-startup activities under progress took 482ms; general responsiveness: ok; EDT responsiveness: ok
2026-02-19 09:19:47,865 [  16482]   INFO - #c.i.l.t.l.TypeScriptLibraryProviderImpl - Start refreshing typescript libraries
2026-02-19 09:19:47,873 [  16490]   INFO - #c.i.w.i.i.EntitiesOrphanageImpl - Update orphanage. 0 modules added
2026-02-19 09:19:47,874 [  16491]   INFO - #c.i.w.i.i.WorkspaceModelImpl - Project model updated to version 7 in 3 ms: setOrClearProjectSdkName: SdkId(name=21, type=JavaSDK)
2026-02-19 09:19:47,885 [  16502]   INFO - #c.i.w.i.i.EntitiesOrphanageImpl - Update orphanage. 0 modules added
2026-02-19 09:19:47,886 [  16503]   INFO - #c.i.w.i.i.WorkspaceModelImpl - Project model updated to version 8 in 7 ms: Sync global entities with project: java-basics
2026-02-19 09:19:47,886 [  16503]   INFO - #c.i.w.i.i.GlobalWorkspaceModel - During global workspace model update the changes were also applied to project: java-basics
2026-02-19 09:19:47,886 [  16503]   INFO - #c.i.w.i.i.GlobalWorkspaceModel - Global model updated to version 4 in 10 ms: Modifying SDK SdkId(name=21, type=JavaSDK)
2026-02-19 09:19:47,903 [  16520]   INFO - #c.i.u.i.UnindexedFilesScanner - [15375f63] scanning stage (scanning id=0): CollectingIndexableFiles
2026-02-19 09:19:47,903 [  16520]   INFO - #c.i.u.i.d.ProjectIndexingDependenciesService - Heavy scanning on startup because of incomplete scanning from previous IDE session
2026-02-19 09:19:47,909 [  16526]   INFO - STDOUT - [IDE]: Task 'Importing 'project' Gradle Project' started
2026-02-19 09:19:47,913 [  16530]   INFO - #c.i.l.t.l.TypeScriptLibraryProviderImpl - End refreshing typescript libraries
2026-02-19 09:19:47,915 [  16532]   INFO - #c.i.u.i.UnindexedFilesScanner - Scanning of java-basics uses 8 scanning threads
2026-02-19 09:19:48,062 [  16679]   INFO - STDOUT - [IDE]: Task 'Resolving SDKs' started
2026-02-19 09:19:48,063 [  16680]   INFO - STDOUT - [IDE]: Validating existing SDKs
2026-02-19 09:19:48,074 [  16691]   INFO - #c.i.p.t.TemplateLanguageStubBaseVersion - Template stub version: 12361794
  StubVersion(Language: Properties, value: 0)
  StubVersion(Language: Groovy, value: 52)
  StubVersion(Language: HTML, value: 1123678)
  StubVersion(Language: CSS, value: 38)
  StubVersion(Language: SCSS, value: 39)
  StubVersion(Language: SASS, value: 39)
  StubVersion(Language: SQL, value: 35)
  StubVersion(Language: MongoDB, value: 35)
  StubVersion(Language: Redis, value: 35)
  StubVersion(Language: MySQL, value: 35)
  StubVersion(Language: SQLite, value: 35)
  StubVersion(Language: PostgreSQL, value: 35)
  StubVersion(Language: SQL92, value: 35)
  StubVersion(Language: GenericSQL, value: 35)
  StubVersion(Language: Oracle, value: 35)
  StubVersion(Language: NetSuite, value: 35)
  StubVersion(Language: OracleSqlPlus, value: 35)
  StubVersion(Language: TSQL, value: 35)
  StubVersion(Language: Sybase, value: 35)
  StubVersion(Language: MariaDB, value: 35)
  StubVersion(Language: CassandraQL, value: 35)
  StubVersion(Language: ClickHouse, value: 35)
  StubVersion(Language: DB2_IS, value: 35)
  StubVersion(Language: DB2, value: 35)
  StubVersion(Language: DB2_ZOS, value: 35)
  StubVersion(Language: Derby, value: 35)
  StubVersion(Language: Exasol, value: 35)
  StubVersion(Language: Greenplum, value: 35)
  StubVersion(Language: H2, value: 35)
  StubVersion(Language: HiveQL, value: 35)
  StubVersion(Language: HSQLDB, value: 35)
  StubVersion(Language: Redshift, value: 35)
  StubVersion(Language: Snowflake, value: 35)
  StubVersion(Language: SparkSQL, value: 35)
  StubVersion(Language: Vertica, value: 35)
  StubVersion(Language: BigQuery, value: 35)
  StubVersion(Language: CouchbaseQuery, value: 35)
  StubVersion(Language: Cockroach, value: 35)
  StubVersion(Language: Dynamo, value: 35)
  StubVersion(Language: JAVA, value: 66)
  StubVersion(Language: JavaScript, value: 1123637)
  StubVersion(Language: TypeScript, value: 1123637)
  StubVersion(Language: ECMAScript 6, value: 1123637)
  StubVersion(Language: TypeScript JSX, value: 1123637)
  StubVersion(Language: Flow JS, value: 1123637)
  StubVersion(Language: MongoJSExt, value: 1123637)
  StubVersion(Language: HttpClientHandlerJavaScriptDialect, value: 1123637)
  StubVersion(Language: Vue, value: 1123688)
  StubVersion(Language: VueJS, value: 1123637)
  StubVersion(Language: VueTS, value: 1123637)
  StubVersion(Language: LESS, value: 38)
  StubVersion(Language: kotlin, value: 227)
  StubVersion(Language: PostCSS, value: 41)
2026-02-19 09:19:48,084 [  16701]   INFO - #c.i.o.e.u.ExternalSystemUtil - External project [/data/project] resolution task started
2026-02-19 09:19:48,091 [  16708]   INFO - STDOUT - [IDE]: Task 'Resolving SDKs' ended in 10 ms
2026-02-19 09:19:48,095 [  16712]   INFO - #o.j.i.maven - preimport statistics: linked: 1 of 1 with total 1 modules interpolated 15 of 15, 0 modules added. This statistics calculated for 0 millis
2026-02-19 09:19:48,096 [  16713]   INFO - STDOUT - [Gradle]: Gradle resolve stage started java-basics:15375f63, working dir: /data/project
2026-02-19 09:19:48,107 [  16724]   INFO - #o.j.i.maven - Importing Maven project using Workspace API
2026-02-19 09:19:48,192 [  16809]   INFO - #o.j.p.g.GradleManager - Instructing gradle to use java from /opt/idea/jbr
2026-02-19 09:19:48,230 [  16847]   WARN - #c.i.o.e.c.i.EditorColorsManagerImpl - resource not found: colorSchemes/SqlDefault.xml
2026-02-19 09:19:48,231 [  16848]   WARN - #c.i.o.e.c.i.EditorColorsManagerImpl - resource not found: colorSchemes/sassDefault.xml
2026-02-19 09:19:48,232 [  16849]   INFO - #o.j.p.g.GradleManager - Instructing gradle to use java from /opt/idea/jbr
2026-02-19 09:19:48,233 [  16850]   WARN - #c.i.o.e.c.i.EditorColorsManagerImpl - resource not found: colorSchemes/SqlDarcula.xml
2026-02-19 09:19:48,299 [  16916]   INFO - #c.i.i.s.p.i.SharedIndexChunkConfigurationImpl - Chunk bundled-jdk-30f59d01ecdd-2fc7cc6b9a17-intellij.indexing.shared.core-QDJVM-253.31486 is registered for project 'java-basics: matching: (fb=96, stub=126), incompatible: (fb=1, stub=0), unknown: (fb=10, stub=13), 
2026-02-19 09:19:48,438 [  17055]   INFO - #c.i.i.s.p.i.SharedIndexChunkConfigurationImpl - Chunk bundled-js-predefined-d6986cc7102b-9b0f141eb926-JavaScript-QDJVM-253.31486 is registered for project 'java-basics: matching: (fb=64, stub=117), incompatible: (fb=4, stub=0), unknown: (fb=30, stub=43), 
2026-02-19 09:19:48,456 [  17073]   INFO - #c.i.i.s.p.i.BundledSharedIndexPostStartupActivity - Attached 2 pre-built shared indexes: bundled-jdk-30f59d01ecdd-2fc7cc6b9a17-intellij.indexing.shared.core-QDJVM-253.31486, bundled-js-predefined-d6986cc7102b-9b0f141eb926-JavaScript-QDJVM-253.31486
2026-02-19 09:19:48,521 [  17138]   INFO - #c.i.u.i.IndexingReasonExplanationLogger - Scheduling indexing of sass_string.scss (id=103) by request of indexes: [filetypes->NOT_INDEXED(not indexed),Trigram.Index->NOT_INDEXED(not indexed),IdIndex->NOT_INDEXED(not indexed),Stubs->NOT_INDEXED(not indexed),]. Scanner has updated file sass_string.scss (id=103) with appliers: [SingleIndexValueApplier{indexId=filetypes, inputId=103, fileInfo='sass_string.scss(id=103)'}] and removers: []; 
2026-02-19 09:19:48,521 [  17138]   INFO - #c.i.u.i.IndexingReasonExplanationLogger - Scheduling indexing of sass_meta.scss (id=101) by request of indexes: [filetypes->NOT_INDEXED(not indexed),Trigram.Index->NOT_INDEXED(not indexed),IdIndex->NOT_INDEXED(not indexed),Stubs->NOT_INDEXED(not indexed),]. Scanner has updated file sass_meta.scss (id=101) with appliers: [SingleIndexValueApplier{indexId=filetypes, inputId=101, fileInfo='sass_meta.scss(id=101)'}] and removers: []; 
2026-02-19 09:19:48,522 [  17139]   INFO - #c.i.u.i.IndexingReasonExplanationLogger - Scheduling indexing of sass_selector.scss (id=102) by request of indexes: [filetypes->NOT_INDEXED(not indexed),Trigram.Index->NOT_INDEXED(not indexed),IdIndex->NOT_INDEXED(not indexed),Stubs->NOT_INDEXED(not indexed),]. Scanner has updated file sass_selector.scss (id=102) with appliers: [SingleIndexValueApplier{indexId=filetypes, inputId=102, fileInfo='sass_selector.scss(id=102)'}] and removers: []; 
2026-02-19 09:19:48,522 [  17139]   INFO - #c.i.u.i.IndexingReasonExplanationLogger - Scheduling indexing of sass_functions.scss (id=96) by request of indexes: [filetypes->NOT_INDEXED(not indexed),Trigram.Index->NOT_INDEXED(not indexed),IdIndex->NOT_INDEXED(not indexed),Stubs->NOT_INDEXED(not indexed),]. Scanner has updated file sass_functions.scss (id=96) with appliers: [SingleIndexValueApplier{indexId=filetypes, inputId=96, fileInfo='sass_functions.scss(id=96)'}] and removers: []; 
2026-02-19 09:19:48,524 [  17141]   INFO - #c.i.u.i.IndexingReasonExplanationLogger - Scheduling indexing of sass_math.scss (id=100) by request of indexes: [filetypes->NOT_INDEXED(not indexed),Trigram.Index->NOT_INDEXED(not indexed),IdIndex->NOT_INDEXED(not indexed),Stubs->NOT_INDEXED(not indexed),]. Scanner has updated file sass_math.scss (id=100) with appliers: [SingleIndexValueApplier{indexId=filetypes, inputId=100, fileInfo='sass_math.scss(id=100)'}] and removers: []; 
2026-02-19 09:19:48,524 [  17141]   INFO - #c.i.u.i.IndexingReasonExplanationLogger - Scheduling indexing of sass_list.scss (id=98) by request of indexes: [filetypes->NOT_INDEXED(not indexed),Trigram.Index->NOT_INDEXED(not indexed),IdIndex->NOT_INDEXED(not indexed),Stubs->NOT_INDEXED(not indexed),]. Scanner has updated file sass_list.scss (id=98) with appliers: [SingleIndexValueApplier{indexId=filetypes, inputId=98, fileInfo='sass_list.scss(id=98)'}] and removers: []; 
2026-02-19 09:19:48,524 [  17141]   INFO - #c.i.u.i.IndexingReasonExplanationLogger - Scheduling indexing of sass_map.scss (id=99) by request of indexes: [filetypes->NOT_INDEXED(not indexed),Trigram.Index->NOT_INDEXED(not indexed),IdIndex->NOT_INDEXED(not indexed),Stubs->NOT_INDEXED(not indexed),]. Scanner has updated file sass_map.scss (id=99) with appliers: [SingleIndexValueApplier{indexId=filetypes, inputId=99, fileInfo='sass_map.scss(id=99)'}] and removers: []; 
2026-02-19 09:19:48,524 [  17141]   WARN - #c.i.s.SpellCheckerManager - Couldn't load dictionary vue.dic with loader 'class org.jetbrains.vuejs.spellchecker.VueSpellcheckingDictionaryProvider'
2026-02-19 09:19:48,555 [  17172]   INFO - #c.i.w.i.i.EntitiesOrphanageImpl - Update orphanage. 0 modules added
2026-02-19 09:19:48,556 [  17173]   INFO - #c.i.w.i.i.WorkspaceModelImpl - Project model updated to version 9 in 32 ms: The Gradle project sync
  phase = INITIAL_PHASE
  taskId = RESOLVE_PROJECT:2
  projectPath = /data/project
2026-02-19 09:19:48,567 [  17184]   INFO - #o.j.i.maven - Retrying to fast-apply to Workspace Model...
2026-02-19 09:19:48,572 [  17189]   INFO - #c.i.u.i.IndexingReasonExplanationLogger - Scheduling indexing of sass_color.scss (id=97) by request of indexes: [filetypes->NOT_INDEXED(not indexed),Trigram.Index->NOT_INDEXED(not indexed),IdIndex->NOT_INDEXED(not indexed),Stubs->NOT_INDEXED(not indexed),]. Scanner has updated file sass_color.scss (id=97) with appliers: [SingleIndexValueApplier{indexId=filetypes, inputId=97, fileInfo='sass_color.scss(id=97)'}] and removers: []; 
2026-02-19 09:19:48,586 [  17203]   INFO - #c.i.u.i.IndexingReasonExplanationLogger - Scheduling indexing of coroutines.kotlin_builtins (id=2566) by request of indexes: [org.jetbrains.kotlin.idea.vfilefinder.KotlinPartialPackageNamesIndex->NOT_INDEXED(not indexed),org.jetbrains.kotlin.idea.vfilefinder.KotlinMetadataFileIndex->NOT_INDEXED(not indexed),org.jetbrains.kotlin.idea.vfilefinder.KotlinMetadataFilePackageIndex->NOT_INDEXED(not indexed),org.jetbrains.kotlin.idea.vfilefinder.KotlinBuiltInsMetadataIndex->NOT_INDEXED(not indexed),KotlinBinaryRootToPackageIndex->NOT_INDEXED(not indexed),KotlinTopLevelCallableByPackageShortNameIndex->NOT_INDEXED(not indexed),KotlinTopLevelClassLikeDeclarationByPackageShortNameIndex->NOT_INDEXED(not indexed),filetypes->NOT_INDEXED(not indexed),Stubs->NOT_INDEXED(not indexed),]. Scanner has updated file coroutines.kotlin_builtins (id=2566) with appliers: [SingleIndexValueApplier{indexId=filetypes, inputId=2566, fileInfo='coroutines.kotlin_builtins(id=2566)'}] and removers: []; 
2026-02-19 09:19:48,587 [  17204]   INFO - #c.i.u.i.IndexingReasonExplanationLogger - Scheduling indexing of atomics.kotlin_builtins (id=2569) by request of indexes: [org.jetbrains.kotlin.idea.vfilefinder.KotlinPartialPackageNamesIndex->NOT_INDEXED(not indexed),org.jetbrains.kotlin.idea.vfilefinder.KotlinMetadataFileIndex->NOT_INDEXED(not indexed),org.jetbrains.kotlin.idea.vfilefinder.KotlinMetadataFilePackageIndex->NOT_INDEXED(not indexed),org.jetbrains.kotlin.idea.vfilefinder.KotlinBuiltInsMetadataIndex->NOT_INDEXED(not indexed),KotlinBinaryRootToPackageIndex->NOT_INDEXED(not indexed),KotlinTopLevelCallableByPackageShortNameIndex->NOT_INDEXED(not indexed),KotlinTopLevelClassLikeDeclarationByPackageShortNameIndex->NOT_INDEXED(not indexed),filetypes->NOT_INDEXED(not indexed),Stubs->NOT_INDEXED(not indexed),]. Scanner has updated file atomics.kotlin_builtins (id=2569) with appliers: [SingleIndexValueApplier{indexId=filetypes, inputId=2569, fileInfo='atomics.kotlin_builtins(id=2569)'}] and removers: []; 
2026-02-19 09:19:48,600 [  17217]   INFO - #c.i.p.i.c.i.i.JavaIdIndexer - skipSourceFilesInLibraries: false (registry: 'ide.index.id.skip.java.sources.in.libs')
2026-02-19 09:19:48,637 [  17254]   INFO - #c.i.w.i.i.EntitiesOrphanageImpl - Update orphanage. 0 modules added
2026-02-19 09:19:48,654 [  17271]   INFO - #c.i.w.i.i.WorkspaceModelImpl - Project model updated to version 10: Maven update project model
2026-02-19 09:19:48,661 [  17278]   INFO - #o.j.i.m.i.w.WorkspaceProjectImporter - Project model updated to version 10 (attempts: 2, previous version: 8)
2026-02-19 09:19:48,671 [  17288]   INFO - STDOUT - Downloading https://services.gradle.org/distributions/gradle-8.2.1-bin.zip
2026-02-19 09:19:48,677 [  17294]   INFO - #o.j.i.maven - [maven import] applying models to workspace model took 570ms
2026-02-19 09:19:48,956 [  17573]   INFO - #c.i.e.r.RemoteProcessSupport - Starring remote process. Existing info not found, creating PendingInfo:<DeferredCoroutine{Active}@79233d0c,>
2026-02-19 09:19:48,971 [  17588]   INFO - #o.j.i.maven - Using extension org.jetbrains.idea.maven.maven3.Maven3Support@13b882a4 to start MavenServer
2026-02-19 09:19:49,149 [  17766]   INFO - #c.i.e.r.RemoteProcessSupport - Remote process system:/opt/idea/jbr/bin/java -Djava.awt.headless=true -Dmaven.defaultProjectBuilder.disableGlobalModelCache=true -Ddelegate.ssl.to.ide=true -Didea.version=2025.3.3 -Didea.maven.embedder.version=3.9.11 -Xmx768m -Dsun.rmi.server.exceptionTrace=true -Dmaven.ext.class.path=/opt/idea/plugins/maven/lib/maven-event-listener.jar -Dfile.encoding=UTF-8 -Dsun.stdout.encoding=UTF-8 -Dsun.stderr.encoding=UTF-8 -classpath /opt/idea/plugins/repository-search/lib/maven-model.jar:/opt/idea/plugins/maven/lib/maven-server.jar:/opt/idea/plugins/maven/lib/maven-server-telemetry.jar:/opt/idea/lib/opentelemetry.jar:/opt/idea/plugins/maven/lib/maven-telemetry-lib/jackson-core-2.16.0.jar:/opt/idea/plugins/maven/lib/maven3-server-common.jar:/opt/idea/plugins/maven/lib/maven3-server-lib/archetype-descriptor-2.2.jar:/opt/idea/plugins/maven/lib/maven3-server-lib/maven-dependency-tree-1.2.jar:/opt/idea/plugins/maven/lib/maven3-server-lib/lucene-core-2.4.1.jar:/opt/idea/plugins/maven/lib/maven3-server-lib/archetype-common-2.2.jar:/opt/idea/plugins/maven/lib/maven3-server-lib/archetype-catalog-2.2.jar:/opt/idea/plugins/maven/lib/maven3-server-lib/nexus-indexer-3.0.4.jar:/opt/idea/plugins/maven/lib/maven3-server-lib/nexus-indexer-artifact-1.0.1.jar:/opt/idea/plugins/maven/lib/maven3-server.jar:/opt/idea/plugins/maven/lib/maven36-server.jar:/opt/idea/plugins/maven/lib/maven3/lib/maven-embedder-3.9.11.jar:/opt/idea/plugins/maven/lib/maven3/lib/httpclient-4.5.14.jar:/opt/idea/plugins/maven/lib/maven3/lib/httpcore-4.4.16.jar:/opt/idea/plugins/maven/lib/maven3/lib/plexus-component-annotations-2.2.0.jar:/opt/idea/plugins/maven/lib/maven3/lib/wagon-http-shared-3.5.3.jar:/opt/idea/plugins/maven/lib/maven3/lib/maven-resolver-impl-1.9.24.jar:/opt/idea/plugins/maven/lib/maven3/lib/maven-compat-3.9.11.jar:/opt/idea/plugins/maven/lib/maven3/lib/wagon-file-3.5.3.jar:/opt/idea/plugins/maven/lib/maven3/lib/org.eclipse.sisu.inject-0.9.0.M4.jar:/opt/idea/plugins/maven/lib/maven3/lib/wagon-http-3.5.3.jar:/opt/idea/plugins/maven/lib/maven3/lib/plexus-sec-dispatcher-2.0.jar:/opt/idea/plugins/maven/lib/maven3/lib/maven-plugin-api-3.9.11.jar:/opt/idea/plugins/maven/lib/maven3/lib/maven-repository-metadata-3.9.11.jar:/opt/idea/plugins/maven/lib/maven3/lib/plexus-cipher-2.0.jar:/opt/idea/plugins/maven/lib/maven3/lib/failureaccess-1.0.3.jar:/opt/idea/plugins/maven/lib/maven3/lib/jansi-2.4.2.jar:/opt/idea/plugins/maven/lib/maven3/lib/maven-settings-builder-3.9.11.jar:/opt/idea/plugins/maven/lib/maven3/lib/javax.annotation-api-1.3.2.jar:/opt/idea/plugins/maven/lib/maven3/lib/plexus-interpolation-1.28.jar:/opt/idea/plugins/maven/lib/maven3/lib/maven-shared-utils-3.4.2.jar:/opt/idea/plugins/maven/lib/maven3/lib/maven-resolver-provider-3.9.11.jar:/opt/idea/plugins/maven/lib/maven3/lib/maven-model-builder-3.9.11.jar:/opt/idea/plugins/maven/lib/maven3/lib/gson-2.13.1.jar:/opt/idea/plugins/maven/lib/maven3/lib/slf4j-api-1.7.36.jar:/opt/idea/plugins/maven/lib/maven3/lib/commons-cli-1.9.0.jar:/opt/idea/plugins/maven/lib/maven3/lib/jcl-over-slf4j-1.7.36.jar:/opt/idea/plugins/maven/lib/maven3/lib/plexus-utils-3.6.0.jar:/opt/idea/plugins/maven/lib/maven3/lib/guava-33.4.8-jre.jar:/opt/idea/plugins/maven/lib/maven3/lib/maven-resolver-spi-1.9.24.jar:/opt/idea/plugins/maven/lib/maven3/lib/aopalliance-1.0.jar:/opt/idea/plugins/maven/lib/maven3/lib/guice-5.1.0-classes.jar:/opt/idea/plugins/maven/lib/maven3/lib/maven-resolver-named-locks-1.9.24.jar:/opt/idea/plugins/maven/lib/maven3/lib/maven-resolver-connector-basic-1.9.24.jar:/opt/idea/plugins/maven/lib/maven3/lib/maven-resolver-util-1.9.24.jar:/opt/idea/plugins/maven/lib/maven3/lib/jspecify-1.0.0.jar:/opt/idea/plugins/maven/lib/maven3/lib/maven-core-3.9.11.jar:/opt/idea/plugins/maven/lib/maven3/lib/maven-model-3.9.11.jar:/opt/idea/plugins/maven/lib/maven3/lib/org.eclipse.sisu.plexus-0.9.0.M4.jar:/opt/idea/plugins/maven/lib/maven3/lib/javax.inject-1.jar:/opt/idea/plugins/maven/lib/maven3/lib/maven-resolver-transport-http-1.9.24.jar:/opt/idea/plugins/maven/lib/maven3/lib/maven-settings-3.9.11.jar:/opt/idea/plugins/maven/lib/maven3/lib/maven-resolver-transport-file-1.9.24.jar:/opt/idea/plugins/maven/lib/maven3/lib/error_prone_annotations-2.38.0.jar:/opt/idea/plugins/maven/lib/maven3/lib/wagon-provider-api-3.5.3.jar:/opt/idea/plugins/maven/lib/maven3/lib/maven-resolver-api-1.9.24.jar:/opt/idea/plugins/maven/lib/maven3/lib/maven-artifact-3.9.11.jar:/opt/idea/plugins/maven/lib/maven3/lib/asm-9.8.jar:/opt/idea/plugins/maven/lib/maven3/lib/commons-codec-1.18.0.jar:/opt/idea/plugins/maven/lib/maven3/lib/maven-builder-support-3.9.11.jar:/opt/idea/plugins/maven/lib/maven3/lib/maven-resolver-transport-wagon-1.9.24.jar:/opt/idea/plugins/maven/lib/maven3/boot/plexus-classworlds-2.9.0.jar:/opt/idea/plugins/maven/lib/maven3/boot/plexus-classworlds.license:/opt/idea/lib/util_rt.jar:/opt/idea/lib/annotations.jar:/opt/idea/lib/util-8.jar org.jetbrains.idea.maven.server.RemoteMavenServer36

2026-02-19 09:19:49,150 [  17767]   INFO - #c.i.e.r.RemoteProcessSupport - Staring remote process, startNotified received, creating PendingInfo: <DeferredCoroutine{Active}@79233d0c,>
2026-02-19 09:19:49,150 [  17767]   INFO - #o.j.i.maven - Sent token to maven server
2026-02-19 09:19:49,198 [  17815]   INFO - #c.i.u.i.IndexingReasonExplanationLogger - Scanner has updated file thai_dict (id=14265) with appliers: [SingleIndexValueApplier{indexId=filetypes, inputId=14265, fileInfo='thai_dict(id=14265)'}] and removers: []; 
2026-02-19 09:19:49,223 [  17840]   INFO - #c.i.u.i.IndexingReasonExplanationLogger - Scanner has updated file metadata.bin (id=13066) with appliers: [SingleIndexValueApplier{indexId=filetypes, inputId=13066, fileInfo='metadata.bin(id=13066)'}] and removers: []; 
2026-02-19 09:19:49,272 [  17889]   INFO - #c.i.u.i.IndexingReasonExplanationLogger - Scanner has updated file LineBreakIteratorData_th (id=14243) with appliers: [SingleIndexValueApplier{indexId=filetypes, inputId=14243, fileInfo='LineBreakIteratorData_th(id=14243)'}] and removers: []; 
2026-02-19 09:19:49,272 [  17889]   INFO - #c.i.u.i.IndexingReasonExplanationLogger - Scanner has updated file WordBreakIteratorData_th (id=14360) with appliers: [SingleIndexValueApplier{indexId=filetypes, inputId=14360, fileInfo='WordBreakIteratorData_th(id=14360)'}] and removers: []; 
2026-02-19 09:19:49,409 [  18026]   INFO - #c.i.u.i.IndexingReasonExplanationLogger - Scanner has updated file sjis0213.dat (id=45823) with appliers: [SingleIndexValueApplier{indexId=filetypes, inputId=45823, fileInfo='sjis0213.dat(id=45823)'}] and removers: []; 
2026-02-19 09:19:49,457 [  18074]   INFO - #c.i.e.r.RemoteProcessSupport - Started remote process on: 127.0.0.1:5772with service port 45083 and id = Maven36ServerImple27b0173
2026-02-19 09:19:49,536 [  18153]   INFO - #c.i.u.i.IndexingReasonExplanationLogger - Scanner has updated file arrow.png (id=44920) with appliers: [SingleIndexValueApplier{indexId=filetypes, inputId=44920, fileInfo='arrow.png(id=44920)'}] and removers: []; 
2026-02-19 09:19:49,537 [  18154]   INFO - #c.i.u.i.IndexingReasonExplanationLogger - Scanner has updated file triangle.png (id=44923) with appliers: [SingleIndexValueApplier{indexId=filetypes, inputId=44923, fileInfo='triangle.png(id=44923)'}] and removers: []; 
2026-02-19 09:19:49,537 [  18154]   INFO - #c.i.u.i.IndexingReasonExplanationLogger - Scanner has updated file breakpoint.png (id=44921) with appliers: [SingleIndexValueApplier{indexId=filetypes, inputId=44921, fileInfo='breakpoint.png(id=44921)'}] and removers: []; 
2026-02-19 09:19:49,546 [  18163]   INFO - #c.i.u.i.IndexingReasonExplanationLogger - Scanner has updated file nfc.nrm (id=24074) with appliers: [SingleIndexValueApplier{indexId=filetypes, inputId=24074, fileInfo='nfc.nrm(id=24074)'}] and removers: []; 
2026-02-19 09:19:49,547 [  18164]   INFO - #c.i.u.i.IndexingReasonExplanationLogger - Scanner has updated file nfkc.nrm (id=24076) with appliers: [SingleIndexValueApplier{indexId=filetypes, inputId=24076, fileInfo='nfkc.nrm(id=24076)'}] and removers: []; 
2026-02-19 09:19:50,128 [  18745]   INFO - #c.i.p.i.c.i.i.JavaIdIndexer - skipSourceFilesInLibraries: false (registry: 'ide.index.id.skip.java.sources.in.libs')
2026-02-19 09:19:50,457 [  19074]   INFO - #c.i.u.i.UnindexedFilesScanner - [15375f63] Scanning completed for java-basics. Number of scanned files: 32805; number of files for indexing: 32474
2026-02-19 09:19:50,457 [  19074]   INFO - #c.i.o.p.InitialVfsRefreshService - 15375f63: marking roots for initial VFS refresh
2026-02-19 09:19:50,459 [  19076]   INFO - #c.i.o.p.InitialVfsRefreshService - 15375f63: starting initial VFS refresh of 3 roots
2026-02-19 09:19:50,566 [  19183]   INFO - #c.i.o.p.InitialVfsRefreshService - 15375f63: initial VFS refresh finished in 107 ms
2026-02-19 09:19:50,573 [  19190]   INFO - #c.i.o.p.UnindexedFilesScannerExecutor - [15375f63] Task finished (scanning id=0): com.intellij.util.indexing.UnindexedFilesScannerExecutorImpl$ScheduledScanningTask@c56b864
2026-02-19 09:19:50,574 [  19191]   INFO - #c.i.o.p.DumbServiceImpl - enter dumb mode [java-basics]
2026-02-19 09:19:50,575 [  19192]   INFO - #c.i.o.p.UnindexedFilesScannerExecutor - [15375f63] Running task: com.intellij.util.indexing.UnindexedFilesScannerExecutorImpl$ScheduledScanningTask@24f1ca8
2026-02-19 09:19:50,575 [  19192]   INFO - #c.i.u.i.UnindexedFilesScanner - [15375f63] scanning stage (scanning id=1): DelayedPushProperties
2026-02-19 09:19:50,576 [  19193]   INFO - #c.i.u.i.FileBasedIndexImpl - Indexes are already loaded
2026-02-19 09:19:50,577 [  19194]   INFO - #c.i.o.p.MergingQueueGuiExecutor - Running task: (dumb mode task) UnindexedFilesIndexer[java-basics, reasons: [On project open]]
2026-02-19 09:19:50,584 [  19201]   INFO - #c.i.u.i.UnindexedFilesScanner - [15375f63] Started scanning for indexing of java-basics. Reason: Merged changes in: "Custom kind roots from entity (sass_functions.scss, sass_color.scss, sass_list.scss, ..., empty)" with Changes from WorkspaceFileIndex with changes in: "Module 'project' (all roots)" with changes in: "Module 'java-basics' (all roots)"
2026-02-19 09:19:50,585 [  19202]   INFO - #c.i.u.i.UnindexedFilesScanner - [15375f63] scanning stage (scanning id=1): CreatingIterators
2026-02-19 09:19:50,586 [  19203]   INFO - #c.i.u.i.UnindexedFilesScanner - [15375f63] scanning stage (scanning id=1): CollectingIndexableFiles
2026-02-19 09:19:50,587 [  19204]   INFO - #c.i.u.i.UnindexedFilesScanner - Scanning of java-basics uses 8 scanning threads
2026-02-19 09:19:50,588 [  19205]   INFO - #c.i.u.i.IndexingReasonExplanationLogger - Scheduling indexing of sass_functions.scss (id=96) by request of indexes: [Trigram.Index->NOT_INDEXED(not indexed),IdIndex->NOT_INDEXED(not indexed),Stubs->NOT_INDEXED(not indexed),]. 
2026-02-19 09:19:50,591 [  19208]   INFO - #c.i.u.i.IndexingReasonExplanationLogger - Scheduling indexing of sass_color.scss (id=97) by request of indexes: [Trigram.Index->NOT_INDEXED(not indexed),IdIndex->NOT_INDEXED(not indexed),Stubs->NOT_INDEXED(not indexed),]. 
2026-02-19 09:19:50,591 [  19208]   INFO - #c.i.u.i.IndexingReasonExplanationLogger - Scheduling indexing of sass_list.scss (id=98) by request of indexes: [Trigram.Index->NOT_INDEXED(not indexed),IdIndex->NOT_INDEXED(not indexed),Stubs->NOT_INDEXED(not indexed),]. 
2026-02-19 09:19:50,591 [  19208]   INFO - #c.i.u.i.IndexingReasonExplanationLogger - Scheduling indexing of sass_map.scss (id=99) by request of indexes: [Trigram.Index->NOT_INDEXED(not indexed),IdIndex->NOT_INDEXED(not indexed),Stubs->NOT_INDEXED(not indexed),]. 
2026-02-19 09:19:50,592 [  19209]   INFO - #c.i.u.i.IndexingReasonExplanationLogger - Scheduling indexing of sass_math.scss (id=100) by request of indexes: [Trigram.Index->NOT_INDEXED(not indexed),IdIndex->NOT_INDEXED(not indexed),Stubs->NOT_INDEXED(not indexed),]. 
2026-02-19 09:19:50,592 [  19209]   INFO - #c.i.u.i.IndexingReasonExplanationLogger - Scheduling indexing of sass_meta.scss (id=101) by request of indexes: [Trigram.Index->NOT_INDEXED(not indexed),IdIndex->NOT_INDEXED(not indexed),Stubs->NOT_INDEXED(not indexed),]. 
2026-02-19 09:19:50,592 [  19209]   INFO - #c.i.u.i.IndexingReasonExplanationLogger - Scheduling indexing of sass_selector.scss (id=102) by request of indexes: [Trigram.Index->NOT_INDEXED(not indexed),IdIndex->NOT_INDEXED(not indexed),Stubs->NOT_INDEXED(not indexed),]. 
2026-02-19 09:19:50,592 [  19209]   INFO - #c.i.u.i.IndexingReasonExplanationLogger - Scheduling indexing of sass_string.scss (id=103) by request of indexes: [Trigram.Index->NOT_INDEXED(not indexed),IdIndex->NOT_INDEXED(not indexed),Stubs->NOT_INDEXED(not indexed),]. 
2026-02-19 09:19:50,593 [  19210]   INFO - #c.i.u.i.IndexingReasonExplanationLogger - Scheduling indexing of NTLMClient.class (id=35837) by request of indexes: [bytecodeAnalysis->NOT_INDEXED(not indexed),org.jetbrains.kotlin.idea.vfilefinder.KotlinClassFileIndex->NOT_INDEXED(not indexed),org.jetbrains.kotlin.idea.versions.KotlinJvmMetadataVersionIndex->NOT_INDEXED(not indexed),org.jetbrains.kotlin.idea.vfilefinder.KotlinPartialPackageNamesIndex->NOT_INDEXED(not indexed),KotlinBinaryRootToPackageIndex->NOT_INDEXED(not indexed),KotlinTopLevelCallableByPackageShortNameIndex->NOT_INDEXED(not indexed),KotlinTopLevelClassLikeDeclarationByPackageShortNameIndex->NOT_INDEXED(not indexed),Stubs->NOT_INDEXED(not indexed),]. 
2026-02-19 09:19:50,593 [  19210]   INFO - #c.i.u.i.IndexingReasonExplanationLogger - Scheduling indexing of RegistryContext.class (id=72767) by request of indexes: [bytecodeAnalysis->NOT_INDEXED(not indexed),org.jetbrains.kotlin.idea.vfilefinder.KotlinClassFileIndex->NOT_INDEXED(not indexed),org.jetbrains.kotlin.idea.versions.KotlinJvmMetadataVersionIndex->NOT_INDEXED(not indexed),org.jetbrains.kotlin.idea.vfilefinder.KotlinPartialPackageNamesIndex->NOT_INDEXED(not indexed),KotlinBinaryRootToPackageIndex->NOT_INDEXED(not indexed),KotlinTopLevelCallableByPackageShortNameIndex->NOT_INDEXED(not indexed),KotlinTopLevelClassLikeDeclarationByPackageShortNameIndex->NOT_INDEXED(not indexed),Stubs->NOT_INDEXED(not indexed),]. 
2026-02-19 09:19:50,892 [  19509]   INFO - #c.i.d.u.SqlDialects - SQL dialects initialized in 8 ms
2026-02-19 09:19:51,008 [  19625]   INFO - #c.i.u.i.IndexingReasonExplanationLogger - Scanner has updated file chromedriver (id=20397) with appliers: [SingleIndexValueApplier{indexId=filetypes, inputId=20397, fileInfo='chromedriver(id=20397)'}] and removers: []; 
2026-02-19 09:19:51,037 [  19654]   INFO - #c.i.u.i.IndexingReasonExplanationLogger - Scanner has updated file chromedriver.exe (id=20399) with appliers: [SingleIndexValueApplier{indexId=filetypes, inputId=20399, fileInfo='chromedriver.exe(id=20399)'}] and removers: []; 
2026-02-19 09:19:51,089 [  19706]   INFO - #c.i.u.i.IndexingReasonExplanationLogger - Scanner has updated file chromedriver_linux (id=20400) with appliers: [SingleIndexValueApplier{indexId=filetypes, inputId=20400, fileInfo='chromedriver_linux(id=20400)'}] and removers: []; 
2026-02-19 09:19:51,092 [  19709]   INFO - #c.i.u.i.IndexingReasonExplanationLogger - Scanner has updated file .name (id=20838) with appliers: [SingleIndexValueApplier{indexId=filetypes, inputId=20838, fileInfo='.name(id=20838)'}] and removers: []; 
2026-02-19 09:19:51,092 [  19709]   INFO - #c.i.u.i.IndexingReasonExplanationLogger - Scanner has updated file shelved.patch (id=21081) with appliers: [SingleIndexValueApplier{indexId=filetypes, inputId=21081, fileInfo='shelved.patch(id=21081)'}] and removers: []; 
2026-02-19 09:19:51,092 [  19709]   INFO - #c.i.u.i.IndexingReasonExplanationLogger - Scanner has updated file Uncommitted_changes_before_Checkout_at_10_09_2025__16_20__Changes_.xml (id=108) with appliers: [SingleIndexValueApplier{indexId=filetypes, inputId=108, fileInfo='Uncommitted_changes_before_Checkout_at_10_09_2025__16_20__Changes_.xml(id=108)'}] and removers: []; 
2026-02-19 09:19:51,093 [  19710]   INFO - #c.i.u.i.IndexingReasonExplanationLogger - Scanner has updated file java-basics.main.iml (id=21083) with appliers: [SingleIndexValueApplier{indexId=filetypes, inputId=21083, fileInfo='java-basics.main.iml(id=21083)'}] and removers: []; 
2026-02-19 09:19:51,093 [  19710]   INFO - #c.i.u.i.IndexingReasonExplanationLogger - Scanner has updated file java-basics.test.iml (id=21082) with appliers: [SingleIndexValueApplier{indexId=filetypes, inputId=21082, fileInfo='java-basics.test.iml(id=21082)'}] and removers: []; 
2026-02-19 09:19:51,093 [  19710]   INFO - #c.i.u.i.IndexingReasonExplanationLogger - Scanner has updated file vcs.xml (id=20848) with appliers: [SingleIndexValueApplier{indexId=filetypes, inputId=20848, fileInfo='vcs.xml(id=20848)'}] and removers: []; 
2026-02-19 09:19:51,094 [  19711]   INFO - #c.i.u.i.IndexingReasonExplanationLogger - Scanner has updated file misc.xml (id=20835) with appliers: [SingleIndexValueApplier{indexId=filetypes, inputId=20835, fileInfo='misc.xml(id=20835)'}] and removers: []; 
2026-02-19 09:19:51,367 [  19984]   INFO - #c.i.u.i.UnindexedFilesScanner - [15375f63] Scanning completed for java-basics. Number of scanned files: 33048; number of files for indexing: 32576
2026-02-19 09:19:51,369 [  19986]   INFO - #c.i.o.p.UnindexedFilesScannerExecutor - [15375f63] Task finished (scanning id=1): com.intellij.util.indexing.UnindexedFilesScannerExecutorImpl$ScheduledScanningTask@24f1ca8
2026-02-19 09:19:51,369 [  19986]   INFO - #c.i.u.i.FileBasedIndexImpl - Indexes are already loaded
2026-02-19 09:19:51,373 [  19990]   INFO - #c.i.u.i.c.IndexUpdateRunner - Using 8 workers for indexing and 4 for writing indexes
2026-02-19 09:19:51,425 [  20042]   INFO - #c.i.c.m.CodeInsightContextEnabling - multiverse is enabled
2026-02-19 09:19:52,733 [  21350]   INFO - #c.i.w.i.i.EntitiesOrphanageImpl - Update orphanage. 0 modules added
2026-02-19 09:19:52,739 [  21356]   INFO - #c.i.w.i.i.WorkspaceModelImpl - Project model updated to version 11 in 1 ms: Add project root /data/project to project java-basics
2026-02-19 09:19:52,764 [  21381]   INFO - #o.j.p.g.j.IdeVersionedDataUpdater - Updating version compatibility for org.jetbrains.plugins.gradle.jvmcompat.GradleCompatibilitySupportUpdater. Last update was: 0. Update interval: 1d Url to update https://download.jetbrains.com/resources/intellij/plugins/gradle/v1/compatibility.json
2026-02-19 09:19:52,778 [  21395]   INFO - #o.j.q.s.QodanaLinterBackgroundStartupActivity - Executed Qodana backgroundPostStartupActivity
2026-02-19 09:19:52,786 [  21403]   INFO - #o.j.j.b.i.CompilerReferenceIndex - backward reference index version doesn't exist
2026-02-19 09:19:52,798 [  21415]   INFO - #c.i.c.b.IsUpToDateCheckStartupActivity - suitable consumer is not found
2026-02-19 09:19:53,347 [  21964]   INFO - #o.j.p.g.j.IdeVersionedDataUpdater - IDE versioned data for org.jetbrains.plugins.gradle.jvmcompat.GradleCompatibilitySupportUpdater was updated
2026-02-19 09:19:54,224 [  22841]   INFO - #c.i.l.t.t.TypeScriptCompilerEvaluationFacadeImpl - 'Use types from server' option for VueClassicTypeScriptService state: false
2026-02-19 09:19:54,225 [  22842]   INFO - #c.i.l.t.t.TypeScriptCompilerEvaluationFacadeImpl - 'Use types from server' option for VuePluginTypeScriptService state: false
2026-02-19 09:19:54,226 [  22843]   INFO - #c.i.l.t.t.TypeScriptCompilerEvaluationFacadeImpl - 'Use types from server' option for TypeScriptServerServiceImpl state: false
2026-02-19 09:19:54,538 [  23155]   INFO - STDOUT - ..........................................................................................................................
2026-02-19 09:19:54,545 [  23162]   INFO - STDOUT - [Gradle]: Download https://services.gradle.org/distributions/gradle-8.2.1-bin.zip, took 5 s 867 ms
2026-02-19 09:19:55,726 [  24343]   INFO - #o.j.p.g.s.e.GradleExecutionHelper - Passing command-line to Gradle Tooling API: --init-script /tmp/ijMapper1.gradle --init-script /tmp/ijIdeaPluginConfigurator1.gradle -Didea.gradle.download.sources=false -Didea.sync.active=true -Didea.resolveSourceSetDependencies=true -Porg.gradle.kotlin.dsl.provider.cid=954072933101 -Didea.gradle.download.sources.force=false -Pkotlin.mpp.enableIntransitiveMetadataConfiguration=true --init-script /tmp/ijInit1.gradle -Didea.active=true -Didea.version=2025.3.3 -Didea.vendor.name=JetBrains
2026-02-19 09:19:56,505 [  25122]   INFO - STDOUT - [Gradle]: Starting Gradle Daemon...
2026-02-19 09:19:57,527 [  26144]   INFO - STDOUT - [Gradle]: Gradle Daemon started in 1 s 18 ms
2026-02-19 09:19:58,306 [  26923]   INFO - #c.i.u.i.c.IndexUpdateRunner - Coroutine 7 finished gracefully
2026-02-19 09:19:58,309 [  26926]   INFO - #c.i.u.i.c.IndexUpdateRunner - Coroutine 0 finished gracefully
2026-02-19 09:19:58,310 [  26927]   INFO - #c.i.u.i.c.IndexUpdateRunner - Coroutine 4 finished gracefully
2026-02-19 09:19:58,310 [  26927]   INFO - #c.i.u.i.c.IndexUpdateRunner - Coroutine 5 finished gracefully
2026-02-19 09:19:58,337 [  26954]   INFO - #c.i.u.i.c.IndexUpdateRunner - Coroutine 3 finished gracefully
2026-02-19 09:19:58,434 [  27051]   INFO - #c.i.u.i.c.IndexUpdateRunner - Coroutine 2 finished gracefully
2026-02-19 09:19:58,478 [  27095]   INFO - #c.i.u.i.c.IndexUpdateRunner - Coroutine 6 finished gracefully
2026-02-19 09:19:58,595 [  27212]   INFO - #c.i.u.i.c.IndexUpdateRunner - Coroutine 1 finished gracefully
2026-02-19 09:19:58,636 [  27253]   INFO - #c.i.u.i.ProjectChangedFilesScanner - Retrieving changed during indexing files of java-basics : 104 to update, calculated in 14ms
2026-02-19 09:19:58,842 [  27459]   INFO - #c.i.u.i.c.IndexUpdateRunner - Coroutine 6 finished gracefully
2026-02-19 09:19:58,844 [  27461]   INFO - #c.i.u.i.c.IndexUpdateRunner - Coroutine 2 finished gracefully
2026-02-19 09:19:58,845 [  27462]   INFO - #c.i.u.i.c.IndexUpdateRunner - Coroutine 5 finished gracefully
2026-02-19 09:19:58,855 [  27472]   INFO - #c.i.u.i.c.IndexUpdateRunner - Coroutine 7 finished gracefully
2026-02-19 09:19:58,876 [  27493]   INFO - #c.i.u.i.c.IndexUpdateRunner - Coroutine 1 finished gracefully
2026-02-19 09:19:58,909 [  27526]   INFO - #c.i.u.i.c.IndexUpdateRunner - Coroutine 3 finished gracefully
2026-02-19 09:19:58,916 [  27533]   INFO - #c.i.u.i.c.IndexUpdateRunner - Coroutine 4 finished gracefully
2026-02-19 09:19:58,931 [  27548]   INFO - #c.i.u.i.c.IndexUpdateRunner - Coroutine 0 finished gracefully
2026-02-19 09:19:58,955 [  27572]   INFO - #c.i.u.i.UnindexedFilesIndexer - Finished for java-basics. Unindexed files update took 7584ms; general responsiveness: ok; EDT responsiveness: ok
2026-02-19 09:19:58,957 [  27574]   INFO - #c.i.o.p.MergingQueueGuiExecutor - Task finished: (dumb mode task) UnindexedFilesIndexer[java-basics, reasons: [On project open]]
2026-02-19 09:19:58,958 [  27575]   INFO - #c.i.o.p.MergingQueueGuiExecutor - Running task: (dumb mode task) UnindexedFilesIndexer[java-basics, reasons: [Merged changes in: "Custom kind roots from entity (sass_functions.scss, sass_color.scss, sass_list.scss, ..., empty)" with Changes from WorkspaceFileIndex with changes in: "Module 'project' (all roots)" with changes in: "Module 'java-basics' (all roots)"]]
2026-02-19 09:19:58,958 [  27575]   INFO - #c.i.u.i.FileBasedIndexImpl - Indexes are already loaded
2026-02-19 09:19:58,958 [  27575]   INFO - #c.i.u.i.c.IndexUpdateRunner - Using 8 workers for indexing and 4 for writing indexes
2026-02-19 09:19:58,959 [  27576]   INFO - #c.i.u.i.ProjectChangedFilesScanner - Retrieving changed during indexing files of java-basics : 0 to update, calculated in 0ms
2026-02-19 09:19:58,959 [  27576]   INFO - #c.i.u.i.UnindexedFilesIndexer - Finished for java-basics. Unindexed files update took 0ms; general responsiveness: ok; EDT responsiveness: ok
2026-02-19 09:19:58,959 [  27576]   INFO - #c.i.o.p.MergingQueueGuiExecutor - Task finished: (dumb mode task) UnindexedFilesIndexer[java-basics, reasons: [Merged changes in: "Custom kind roots from entity (sass_functions.scss, sass_color.scss, sass_list.scss, ..., empty)" with Changes from WorkspaceFileIndex with changes in: "Module 'project' (all roots)" with changes in: "Module 'java-basics' (all roots)"]]
2026-02-19 09:19:58,959 [  27576]   INFO - #c.i.o.p.DumbServiceImpl - exit dumb mode [java-basics]
2026-02-19 09:19:58,961 [  27578]   INFO - STDOUT - [IDE]: Task 'Analyzing project to enable smart features' ended
2026-02-19 09:19:59,174 [  27791]   INFO - #c.i.i.b.BookmarksManager - no state loaded for new bookmarks
2026-02-19 09:19:59,176 [  27793]   INFO - #c.i.i.b.BookmarkManager - no state loaded for old bookmarks
2026-02-19 09:19:59,189 [  27806]   INFO - #c.i.i.f.FavoritesManager - no state loaded for old favorites
2026-02-19 09:19:59,395 [  28012]   INFO - #o.j.k.i.script - [KOTLIN_SCRIPTING] Loading script definitions: classes=[], classpath=[]
2026-02-19 09:19:59,488 [  28105]   INFO - #c.i.j.n.n.WorkingDirectoryDependentNpmPackageVersionManager - Version fetched successfully: 10.9.4; command: /usr/local/bin/npm --version, duration: 80ms
2026-02-19 09:20:03,622 [  32239]   INFO - STDOUT - [Gradle]: Download https://plugins.gradle.org/m2/org/jetbrains/kotlinx/kover/org.jetbrains.kotlinx.kover.gradle.plugin/0.7.3/org.jetbrains.kotlinx.kover.gradle.plugin-0.7.3.pom, took 212 ms
2026-02-19 09:20:04,519 [  33136]   INFO - STDOUT - [Gradle]: Download https://plugins.gradle.org/m2/io/freefair/gradle/lombok-plugin/8.1.0/lombok-plugin-8.1.0.pom, took 877 ms
2026-02-19 09:20:04,793 [  33410]   INFO - STDOUT - [Gradle]: Download https://plugins.gradle.org/m2/io/freefair/gradle/lombok-plugin/8.1.0/lombok-plugin-8.1.0.module, took 268 ms
2026-02-19 09:20:05,369 [  33986]   INFO - STDOUT - [Gradle]: Download https://plugins.gradle.org/m2/io/freefair/gradle/aspectj-plugin/5.1.1/aspectj-plugin-5.1.1.pom, took 270 ms
2026-02-19 09:20:05,742 [  34359]   INFO - STDOUT - [Gradle]: Download https://plugins.gradle.org/m2/org/jetbrains/kotlinx/kover-gradle-plugin/0.7.3/kover-gradle-plugin-0.7.3.pom, took 142 ms
2026-02-19 09:20:05,876 [  34493]   INFO - STDOUT - [Gradle]: Download https://plugins.gradle.org/m2/org/jetbrains/kotlinx/kover-gradle-plugin/0.7.3/kover-gradle-plugin-0.7.3.module, took 127 ms
2026-02-19 09:20:06,093 [  34710]   INFO - STDOUT - [Gradle]: Download https://plugins.gradle.org/m2/com/squareup/okio/okio/2.7.0/okio-2.7.0.pom, took 208 ms
2026-02-19 09:20:06,229 [  34846]   INFO - STDOUT - [Gradle]: Download https://plugins.gradle.org/m2/com/squareup/okio/okio/2.7.0/okio-2.7.0.module, took 130 ms
2026-02-19 09:20:06,398 [  35015]   INFO - STDOUT - [Gradle]: Download https://plugins.gradle.org/m2/org/jetbrains/kotlin/kotlin-stdlib/1.3.70/kotlin-stdlib-1.3.70.pom, took 163 ms
2026-02-19 09:20:06,434 [  35051]   INFO - STDOUT - [Gradle]: Download https://plugins.gradle.org/m2/org/jetbrains/kotlin/kotlin-stdlib-common/1.3.70/kotlin-stdlib-common-1.3.70.pom, took 200 ms
2026-02-19 09:20:06,529 [  35146]   INFO - STDOUT - [Gradle]: Download https://plugins.gradle.org/m2/org/jetbrains/annotations/13.0/annotations-13.0.pom, took 49 ms
2026-02-19 09:20:08,000 [  36617]   INFO - STDOUT - [Gradle]: Download https://plugins.gradle.org/m2/org/jetbrains/annotations/13.0/annotations-13.0.jar, took 64 ms
2026-02-19 09:20:08,137 [  36754]   INFO - STDOUT - [Gradle]: Download https://plugins.gradle.org/m2/org/jetbrains/kotlin/kotlin-stdlib-common/1.3.70/kotlin-stdlib-common-1.3.70.jar, took 191 ms
2026-02-19 09:20:08,189 [  36806]   INFO - STDOUT - [Gradle]: Download https://plugins.gradle.org/m2/com/squareup/okio/okio/2.7.0/okio-2.7.0.jar, took 213 ms
2026-02-19 09:20:08,205 [  36822]   INFO - STDOUT - [Gradle]: Download https://plugins.gradle.org/m2/org/jetbrains/kotlin/kotlin-stdlib/1.3.70/kotlin-stdlib-1.3.70.jar, took 222 ms
2026-02-19 09:20:08,212 [  36829]   INFO - STDOUT - [Gradle]: Download https://plugins.gradle.org/m2/io/freefair/gradle/lombok-plugin/8.1.0/lombok-plugin-8.1.0.jar, took 224 ms
2026-02-19 09:20:08,226 [  36843]   INFO - STDOUT - [Gradle]: Download https://plugins.gradle.org/m2/org/jetbrains/kotlinx/kover-gradle-plugin/0.7.3/kover-gradle-plugin-0.7.3.jar, took 264 ms
2026-02-19 09:20:08,235 [  36852]   INFO - STDOUT - [Gradle]: Download https://plugins.gradle.org/m2/io/freefair/gradle/aspectj-plugin/5.1.1/aspectj-plugin-5.1.1.jar, took 340 ms
2026-02-19 09:20:08,349 [  36966]   INFO - STDOUT - [Gradle]: Download https://plugins.gradle.org/m2/io/qameta/allure/allure-gradle/2.8.0/allure-gradle-2.8.0.jar, took 396 ms
2026-02-19 09:20:08,891 [  37508]   INFO - STDOUT - [Gradle]: Download https://repo.maven.apache.org/maven2/org/aspectj/aspectjweaver/1.8.10/aspectjweaver-1.8.10.pom, took 52 ms
2026-02-19 09:20:08,892 [  37509]   INFO - STDOUT - [Gradle]: 
2026-02-19 09:20:08,893 [  37510]   INFO - STDOUT - [Gradle]: > Configure project :
2026-02-19 09:20:08,893 [  37510]   INFO - STDOUT - [Gradle]: 
2026-02-19 09:20:08,894 [  37511]   INFO - STDOUT - [Gradle]: from build root
2026-02-19 09:20:08,894 [  37511]   INFO - STDOUT - [Gradle]: 
2026-02-19 09:20:09,128 [  37745]   INFO - STDOUT - [Gradle]: Download https://repo.maven.apache.org/maven2/org/aspectj/aspectjweaver/1.8.10/aspectjweaver-1.8.10.jar, took 119 ms
2026-02-19 09:20:09,191 [  37808]   INFO - STDOUT - [Gradle]: 
2026-02-19 09:20:09,192 [  37809]   INFO - STDOUT - [Gradle]: > Task :prepareKotlinBuildScriptModel
2026-02-19 09:20:09,193 [  37810]   INFO - STDOUT - [Gradle]:  UP-TO-DATE
2026-02-19 09:20:09,194 [  37811]   INFO - STDOUT - [Gradle]: 
2026-02-19 09:20:09,295 [  37912]   INFO - STDOUT - [Gradle]: from task root
2026-02-19 09:20:09,297 [  37914]   INFO - STDOUT - [Gradle]: 
2026-02-19 09:20:09,298 [  37915]   INFO - STDOUT - [Gradle]: from 2
2026-02-19 09:20:09,299 [  37916]   INFO - STDOUT - [Gradle]: 
2026-02-19 09:20:09,417 [  38034]   INFO - STDOUT - [Gradle]: Download https://repo.maven.apache.org/maven2/com/typesafe/config/1.4.1/config-1.4.1.pom, took 44 ms
2026-02-19 09:20:09,425 [  38042]   INFO - STDOUT - [Gradle]: Download https://repo.maven.apache.org/maven2/org/assertj/assertj-core/3.19.0/assertj-core-3.19.0.pom, took 50 ms
2026-02-19 09:20:09,484 [  38101]   INFO - STDOUT - [Gradle]: Download https://repo.maven.apache.org/maven2/org/assertj/assertj-parent-pom/2.2.10/assertj-parent-pom-2.2.10.pom, took 22 ms
2026-02-19 09:20:09,486 [  38103]   INFO - STDOUT - [Gradle]: Download https://repo.maven.apache.org/maven2/org/projectlombok/lombok/1.18.28/lombok-1.18.28.pom, took 100 ms
2026-02-19 09:20:09,491 [  38108]   INFO - STDOUT - [Gradle]: Download https://repo.maven.apache.org/maven2/org/junit/junit-bom/5.7.0/junit-bom-5.7.0.module, took 22 ms
2026-02-19 09:20:09,553 [  38170]   INFO - STDOUT - [Gradle]: Download https://repo.maven.apache.org/maven2/org/junit/platform/junit-platform-launcher/1.7.0/junit-platform-launcher-1.7.0.module, took 24 ms
2026-02-19 09:20:09,556 [  38173]   INFO - STDOUT - [Gradle]: Download https://repo.maven.apache.org/maven2/org/junit/jupiter/junit-jupiter-engine/5.7.0/junit-jupiter-engine-5.7.0.module, took 30 ms
2026-02-19 09:20:09,557 [  38174]   INFO - STDOUT - [Gradle]: Download https://repo.maven.apache.org/maven2/org/junit/jupiter/junit-jupiter-params/5.7.0/junit-jupiter-params-5.7.0.module, took 30 ms
2026-02-19 09:20:09,609 [  38226]   INFO - STDOUT - [Gradle]: Download https://repo.maven.apache.org/maven2/org/junit/junit-bom/5.6.3/junit-bom-5.6.3.pom, took 78 ms
2026-02-19 09:20:09,612 [  38229]   INFO - STDOUT - [Gradle]: Download https://repo.maven.apache.org/maven2/org/junit/junit-bom/5.6.3/junit-bom-5.6.3.module, took 22 ms
2026-02-19 09:20:09,657 [  38274]   INFO - STDOUT - [Gradle]: Download https://repo.maven.apache.org/maven2/org/junit/platform/junit-platform-engine/1.7.0/junit-platform-engine-1.7.0.module, took 26 ms
2026-02-19 09:20:09,712 [  38329]   INFO - STDOUT - [Gradle]: Download https://repo.maven.apache.org/maven2/org/junit/jupiter/junit-jupiter-api/5.7.0/junit-jupiter-api-5.7.0.module, took 23 ms
2026-02-19 09:20:09,979 [  38596]   INFO - STDOUT - [Gradle]: Download https://repo.maven.apache.org/maven2/org/junit/platform/junit-platform-commons/1.7.0/junit-platform-commons-1.7.0.module, took 209 ms
2026-02-19 09:20:10,177 [  38794]   INFO - STDOUT - [Gradle]: Download https://repo.maven.apache.org/maven2/org/junit/jupiter/junit-jupiter-api/5.7.0/junit-jupiter-api-5.7.0.jar, took 35 ms
2026-02-19 09:20:10,185 [  38802]   INFO - STDOUT - [Gradle]: Download https://repo.maven.apache.org/maven2/org/junit/platform/junit-platform-commons/1.7.0/junit-platform-commons-1.7.0.jar, took 37 ms
2026-02-19 09:20:10,185 [  38802]   INFO - STDOUT - [Gradle]: Download https://repo.maven.apache.org/maven2/org/junit/platform/junit-platform-launcher/1.7.0/junit-platform-launcher-1.7.0.jar, took 37 ms
2026-02-19 09:20:10,207 [  38824]   INFO - STDOUT - [Gradle]: Download https://repo.maven.apache.org/maven2/org/junit/platform/junit-platform-engine/1.7.0/junit-platform-engine-1.7.0.jar, took 46 ms
2026-02-19 09:20:10,224 [  38841]   INFO - STDOUT - [Gradle]: Download https://repo.maven.apache.org/maven2/com/typesafe/config/1.4.1/config-1.4.1.jar, took 49 ms
2026-02-19 09:20:10,244 [  38861]   INFO - STDOUT - [Gradle]: Download https://repo.maven.apache.org/maven2/org/junit/jupiter/junit-jupiter-params/5.7.0/junit-jupiter-params-5.7.0.jar, took 55 ms
2026-02-19 09:20:10,263 [  38880]   INFO - STDOUT - [Gradle]: Download https://repo.maven.apache.org/maven2/org/apiguardian/apiguardian-api/1.1.0/apiguardian-api-1.1.0.jar, took 27 ms
2026-02-19 09:20:10,270 [  38887]   INFO - STDOUT - [Gradle]: Download https://repo.maven.apache.org/maven2/org/opentest4j/opentest4j/1.2.0/opentest4j-1.2.0.jar, took 25 ms
2026-02-19 09:20:10,409 [  39026]   INFO - STDOUT - [Gradle]: Download https://repo.maven.apache.org/maven2/org/junit/jupiter/junit-jupiter-engine/5.7.0/junit-jupiter-engine-5.7.0.jar, took 126 ms
2026-02-19 09:20:10,409 [  39026]   INFO - STDOUT - [Gradle]: Download https://repo.maven.apache.org/maven2/org/aspectj/aspectjrt/1.9.6/aspectjrt-1.9.6.jar, took 89 ms
2026-02-19 09:20:10,431 [  39048]   INFO - STDOUT - [Gradle]: Download https://repo.maven.apache.org/maven2/org/projectlombok/lombok/1.18.28/lombok-1.18.28.jar, took 96 ms
2026-02-19 09:20:10,516 [  39133]   INFO - STDOUT - [Gradle]: Download https://repo.maven.apache.org/maven2/org/assertj/assertj-core/3.19.0/assertj-core-3.19.0.jar, took 177 ms
2026-02-19 09:20:10,518 [  39135]   INFO - STDOUT - [Gradle]: Download https://repo.maven.apache.org/maven2/com/fasterxml/jackson/core/jackson-core/2.10.4/jackson-core-2.10.4.pom, took 41 ms
2026-02-19 09:20:10,519 [  39136]   INFO - STDOUT - [Gradle]: Download https://repo.maven.apache.org/maven2/com/fasterxml/jackson/core/jackson-annotations/2.10.4/jackson-annotations-2.10.4.pom, took 46 ms
2026-02-19 09:20:10,521 [  39138]   INFO - STDOUT - [Gradle]: Download https://repo.maven.apache.org/maven2/com/fasterxml/jackson/jackson-parent/2.10/jackson-parent-2.10.pom, took 25 ms
2026-02-19 09:20:10,524 [  39141]   INFO - STDOUT - [Gradle]: Download https://repo.maven.apache.org/maven2/com/fasterxml/oss-parent/38/oss-parent-38.pom, took 25 ms
2026-02-19 09:20:10,525 [  39142]   INFO - STDOUT - [Gradle]: Download https://repo.maven.apache.org/maven2/com/fasterxml/jackson/jackson-base/2.10.4/jackson-base-2.10.4.pom, took 105 ms
2026-02-19 09:20:10,529 [  39146]   INFO - STDOUT - [Gradle]: Download https://repo.maven.apache.org/maven2/com/fasterxml/jackson/jackson-bom/2.10.4/jackson-bom-2.10.4.pom, took 87 ms
2026-02-19 09:20:10,553 [  39170]   INFO - STDOUT - [Gradle]: Download https://repo.maven.apache.org/maven2/com/fasterxml/jackson/core/jackson-annotations/2.10.4/jackson-annotations-2.10.4.jar, took 26 ms
2026-02-19 09:20:10,565 [  39182]   INFO - STDOUT - [Gradle]: Download https://repo.maven.apache.org/maven2/com/fasterxml/jackson/core/jackson-core/2.10.4/jackson-core-2.10.4.jar, took 36 ms
2026-02-19 09:20:10,566 [  39183]   INFO - STDOUT - [Gradle]: Download https://repo.maven.apache.org/maven2/org/projectlombok/lombok/1.18.16/lombok-1.18.16.pom, took 42 ms
2026-02-19 09:20:10,717 [  39334]   INFO - STDOUT - [Gradle]: Download https://repo.maven.apache.org/maven2/org/projectlombok/lombok/1.18.16/lombok-1.18.16.jar, took 137 ms
2026-02-19 09:20:10,844 [  39461]   INFO - #c.i.o.p.UnindexedFilesScannerExecutor - [15375f63] Running task: com.intellij.util.indexing.UnindexedFilesScannerExecutorImpl$ScheduledScanningTask@28c8e6f2
2026-02-19 09:20:10,846 [  39463]   INFO - #c.i.p.c.i.PolyContextDiscoveryInfo$1 - Notifying that PolyContext may have changed due to roots changes.
2026-02-19 09:20:10,849 [  39466]   INFO - STDOUT - [Gradle]: 
2026-02-19 09:20:10,851 [  39468]   INFO - STDOUT - [Gradle]: Deprecated Gradle features were used in this build, making it incompatible with Gradle 9.0.
2026-02-19 09:20:10,851 [  39468]   INFO - #c.i.w.i.i.EntitiesOrphanageImpl - Update orphanage. 0 modules added
2026-02-19 09:20:10,851 [  39468]   INFO - STDOUT - [Gradle]: 
2026-02-19 09:20:10,852 [  39469]   INFO - STDOUT - [Gradle]: 
2026-02-19 09:20:10,852 [  39469]   INFO - #c.i.w.i.i.WorkspaceModelImpl - Project model updated to version 12 in 14 ms: The Gradle project sync
  phase = PROJECT_MODEL_PHASE
  taskId = RESOLVE_PROJECT:2
  projectPath = /data/project
2026-02-19 09:20:10,852 [  39469]   INFO - STDOUT - [Gradle]: You can use '--warning-mode all' to show the individual deprecation warnings and determine if they come from your own scripts or plugins.
2026-02-19 09:20:10,852 [  39469]   INFO - STDOUT - [Gradle]: 
2026-02-19 09:20:10,853 [  39470]   INFO - STDOUT - [Gradle]: 
2026-02-19 09:20:10,853 [  39470]   INFO - STDOUT - [Gradle]: For more on this, please refer to https://docs.gradle.org/8.2.1/userguide/command_line_interface.html#sec:command_line_warnings in the Gradle documentation.
2026-02-19 09:20:10,855 [  39472]   INFO - #c.i.o.p.UnindexedFilesScannerExecutor - [15375f63] Skipping task: com.intellij.util.indexing.UnindexedFilesScannerExecutorImpl$ScheduledScanningTask@28c8e6f2
2026-02-19 09:20:10,856 [  39473]   INFO - #c.i.o.p.UnindexedFilesScannerExecutor - [15375f63] Running task: com.intellij.util.indexing.UnindexedFilesScannerExecutorImpl$ScheduledScanningTask@35e1660e
2026-02-19 09:20:10,856 [  39473]   INFO - #c.i.u.i.UnindexedFilesScanner - [15375f63] scanning stage (scanning id=2): DelayedPushProperties
2026-02-19 09:20:10,856 [  39473]   INFO - #c.i.u.i.FileBasedIndexImpl - Indexes are already loaded
2026-02-19 09:20:10,856 [  39473]   INFO - #c.i.u.i.UnindexedFilesScanner - [15375f63] Started scanning for indexing of java-basics. Reason: changes in: "Module 'project.java-basics' (all roots)"
2026-02-19 09:20:10,856 [  39473]   INFO - #c.i.u.i.UnindexedFilesScanner - [15375f63] scanning stage (scanning id=2): CreatingIterators
2026-02-19 09:20:10,856 [  39473]   INFO - #c.i.u.i.UnindexedFilesScanner - [15375f63] scanning stage (scanning id=2): CollectingIndexableFiles
2026-02-19 09:20:10,856 [  39473]   INFO - #c.i.u.i.UnindexedFilesScanner - Scanning of java-basics uses 8 scanning threads
2026-02-19 09:20:10,856 [  39473]   INFO - STDOUT - [Gradle]: 
2026-02-19 09:20:10,857 [  39474]   INFO - STDOUT - [Gradle]: 
2026-02-19 09:20:10,857 [  39474]   INFO - STDOUT - [Gradle]: BUILD SUCCESSFUL
2026-02-19 09:20:10,857 [  39474]   INFO - STDOUT - [Gradle]:  in 15s
2026-02-19 09:20:10,858 [  39475]   INFO - STDOUT - [Gradle]: 
2026-02-19 09:20:10,877 [  39494]   INFO - #c.i.p.c.i.PolyContextDiscoveryInfo$1 - Notifying that PolyContext may have changed due to roots changes.
2026-02-19 09:20:10,878 [  39495]   INFO - #c.i.w.i.i.EntitiesOrphanageImpl - Update orphanage. 1 modules added
2026-02-19 09:20:10,878 [  39495]   INFO - #c.i.w.i.i.ContentRootAdder - Move content roots for 1 modules from orphanage to storage
2026-02-19 09:20:10,879 [  39496]   INFO - #c.i.w.i.i.SourceRootAdder - Move source roots for 0 modules from orphanage to storage
2026-02-19 09:20:10,879 [  39496]   INFO - #c.i.w.i.i.ExcludeRootAdder - Move exclude roots for 0 modules from orphanage to storage
2026-02-19 09:20:10,880 [  39497]   INFO - #c.i.p.c.i.PolyContextDiscoveryInfo$1 - Notifying that PolyContext may have changed due to roots changes.
2026-02-19 09:20:10,881 [  39498]   INFO - #c.i.w.i.i.EntitiesOrphanageImpl - Update orphanage. 0 modules added
2026-02-19 09:20:10,881 [  39498]   INFO - #c.i.w.i.i.WorkspaceModelImpl - Project model updated to version 14 in 3 ms: Move orphan elements
2026-02-19 09:20:10,882 [  39499]   INFO - #c.i.w.i.i.WorkspaceModelImpl - Project model updated to version 14 in 14 ms: The Gradle project sync
  phase = SOURCE_SET_MODEL_PHASE
  taskId = RESOLVE_PROJECT:2
  projectPath = /data/project
2026-02-19 09:20:10,893 [  39510]   INFO - #c.i.w.i.i.EntitiesOrphanageImpl - Update orphanage. 0 modules added
2026-02-19 09:20:10,893 [  39510]   INFO - #c.i.w.i.i.WorkspaceModelImpl - Project model updated to version 15 in 3 ms: The Gradle project sync
  phase = ADDITIONAL_MODEL_PHASE
  taskId = RESOLVE_PROJECT:2
  projectPath = /data/project
2026-02-19 09:20:10,894 [  39511]   INFO - #c.i.u.i.IndexingReasonExplanationLogger - Scheduling indexing of RestTestApplication1.java (id=6636) by request of indexes: [java.fun.expression->NOT_INDEXED(not indexed),java.null.method.argument->NOT_INDEXED(not indexed),java.binary.plus.expression->NOT_INDEXED(not indexed),PropertyCodeReferenceIndex->NOT_INDEXED(not indexed),HashFragmentIndex->NOT_INDEXED(not indexed),Stubs->NOT_INDEXED(not indexed),]. 
2026-02-19 09:20:10,895 [  39512]   INFO - #c.i.u.i.IndexingReasonExplanationLogger - Scheduling indexing of RestTestApplicationTests1.java (id=6991) by request of indexes: [java.fun.expression->NOT_INDEXED(not indexed),java.null.method.argument->NOT_INDEXED(not indexed),java.binary.plus.expression->NOT_INDEXED(not indexed),PropertyCodeReferenceIndex->NOT_INDEXED(not indexed),HashFragmentIndex->NOT_INDEXED(not indexed),Stubs->NOT_INDEXED(not indexed),]. 
2026-02-19 09:20:10,895 [  39512]   INFO - #c.i.u.i.IndexingReasonExplanationLogger - Scheduling indexing of build.gradle (id=6626) by request of indexes: [HashFragmentIndex->NOT_INDEXED(not indexed),]. 
2026-02-19 09:20:10,895 [  39512]   INFO - #c.i.u.i.IndexingReasonExplanationLogger - Scheduling indexing of settings.gradle (id=6623) by request of indexes: [HashFragmentIndex->NOT_INDEXED(not indexed),]. 
2026-02-19 09:20:10,933 [  39550]   INFO - #c.i.u.i.UnindexedFilesScanner - [15375f63] Scanning completed for java-basics. Number of scanned files: 664; number of files for indexing: 4
2026-02-19 09:20:10,935 [  39552]   INFO - #c.i.o.p.UnindexedFilesScannerExecutor - [15375f63] Task finished (scanning id=2): com.intellij.util.indexing.UnindexedFilesScannerExecutorImpl$ScheduledScanningTask@35e1660e
2026-02-19 09:20:10,935 [  39552]   INFO - #c.i.o.p.DumbServiceImpl - enter dumb mode [java-basics]
2026-02-19 09:20:10,936 [  39553]   INFO - STDOUT - [Gradle]: Gradle resolve stage finished with success: java-basics:15375f63
2026-02-19 09:20:10,936 [  39553]   INFO - #c.i.o.p.MergingQueueGuiExecutor - Running task: (dumb mode task) UnindexedFilesIndexer[java-basics, reasons: [changes in: "Module 'project.java-basics' (all roots)"]]
2026-02-19 09:20:10,937 [  39554]   INFO - #c.i.o.p.UnindexedFilesScannerExecutor - [15375f63] Running task: com.intellij.util.indexing.UnindexedFilesScannerExecutorImpl$ScheduledScanningTask@1d9b8ba0
2026-02-19 09:20:10,937 [  39554]   INFO - #c.i.u.i.UnindexedFilesScanner - [15375f63] scanning stage (scanning id=3): DelayedPushProperties
2026-02-19 09:20:10,938 [  39555]   INFO - #c.i.u.i.FileBasedIndexImpl - Indexes are already loaded
2026-02-19 09:20:10,938 [  39555]   INFO - #c.i.u.i.UnindexedFilesScanner - [15375f63] Started scanning for indexing of java-basics. Reason: Merged changes in: "Module 'java-basics.test' (all roots)", "Module 'java-basics.main' (all roots)" with changes in: "Module 'java-basics.main' (main)"
2026-02-19 09:20:10,938 [  39555]   INFO - #c.i.u.i.UnindexedFilesScanner - [15375f63] scanning stage (scanning id=3): CreatingIterators
2026-02-19 09:20:10,939 [  39556]   INFO - #c.i.u.i.UnindexedFilesScanner - [15375f63] scanning stage (scanning id=3): CollectingIndexableFiles
2026-02-19 09:20:10,939 [  39556]   INFO - #c.i.u.i.UnindexedFilesScanner - Scanning of java-basics uses 8 scanning threads
2026-02-19 09:20:10,949 [  39566]   INFO - #o.j.k.g.s.s.r.GradleBuildRootIndex - /data/project: org.jetbrains.kotlin.gradle.scripting.shared.roots.New@29053ac7 -> org.jetbrains.kotlin.gradle.scripting.shared.roots.Imported@67c15915
2026-02-19 09:20:10,950 [  39567]   INFO - #c.i.o.e.u.ExternalSystemUtil - External project [/data/project] resolution task executed in 22866 ms.
2026-02-19 09:20:10,952 [  39569]   INFO - #c.i.u.i.IndexingReasonExplanationLogger - Scheduling indexing of RestTestApplication1.java (id=6636) by request of indexes: [IdIndex->OUT_DATED(stamp(-2) != indexCreationStamp(1771492778671)),java.fun.expression->NOT_INDEXED(not indexed),java.null.method.argument->NOT_INDEXED(not indexed),java.binary.plus.expression->NOT_INDEXED(not indexed),PropertyCodeReferenceIndex->NOT_INDEXED(not indexed),Trigram.Index->OUT_DATED(stamp(-2) != indexCreationStamp(1771492786671)),HashFragmentIndex->NOT_INDEXED(not indexed),Stubs->NOT_INDEXED(not indexed),]. 
2026-02-19 09:20:10,952 [  39569]   INFO - #c.i.u.i.IndexingReasonExplanationLogger - Scheduling indexing of RestTestApplicationTests1.java (id=6991) by request of indexes: [IdIndex->OUT_DATED(stamp(-2) != indexCreationStamp(1771492778671)),java.fun.expression->NOT_INDEXED(not indexed),java.null.method.argument->NOT_INDEXED(not indexed),java.binary.plus.expression->NOT_INDEXED(not indexed),PropertyCodeReferenceIndex->NOT_INDEXED(not indexed),Trigram.Index->OUT_DATED(stamp(-2) != indexCreationStamp(1771492786671)),HashFragmentIndex->NOT_INDEXED(not indexed),Stubs->NOT_INDEXED(not indexed),]. 
2026-02-19 09:20:10,953 [  39570]   INFO - #c.i.u.i.IndexingReasonExplanationLogger - Scheduling indexing of build.gradle (id=6626) by request of indexes: [HashFragmentIndex->NOT_INDEXED(not indexed),]. 
2026-02-19 09:20:10,953 [  39570]   INFO - #c.i.u.i.IndexingReasonExplanationLogger - Scheduling indexing of settings.gradle (id=6623) by request of indexes: [HashFragmentIndex->NOT_INDEXED(not indexed),]. 
2026-02-19 09:20:10,953 [  39570]   INFO - STDOUT - [Gradle]: Gradle data import stage started: java-basics:15375f63
2026-02-19 09:20:10,954 [  39571]   INFO - #c.i.u.i.UnindexedFilesScanner - [15375f63] Scanning completed for java-basics. Number of scanned files: 137; number of files for indexing: 4
2026-02-19 09:20:10,955 [  39572]   INFO - #c.i.o.p.UnindexedFilesScannerExecutor - [15375f63] Task finished (scanning id=3): com.intellij.util.indexing.UnindexedFilesScannerExecutorImpl$ScheduledScanningTask@1d9b8ba0
2026-02-19 09:20:10,955 [  39572]   INFO - #c.i.u.i.FileBasedIndexImpl - Indexes are already loaded
2026-02-19 09:20:10,956 [  39573]   INFO - #c.i.u.i.c.IndexUpdateRunner - Using 8 workers for indexing and 4 for writing indexes
2026-02-19 09:20:10,957 [  39574]   INFO - #c.i.u.i.c.IndexUpdateRunner - Coroutine 1 finished gracefully
2026-02-19 09:20:10,957 [  39574]   INFO - #c.i.u.i.c.IndexUpdateRunner - Coroutine 5 finished gracefully
2026-02-19 09:20:10,957 [  39574]   INFO - #c.i.u.i.c.IndexUpdateRunner - Coroutine 6 finished gracefully
2026-02-19 09:20:10,957 [  39574]   INFO - #c.i.u.i.c.IndexUpdateRunner - Coroutine 7 finished gracefully
2026-02-19 09:20:10,973 [  39590]   INFO - #c.i.u.i.c.IndexUpdateRunner - Coroutine 2 finished gracefully
2026-02-19 09:20:10,975 [  39592]   INFO - #c.i.u.i.c.IndexUpdateRunner - Coroutine 0 finished gracefully
2026-02-19 09:20:10,976 [  39593]   INFO - #c.i.u.i.c.IndexUpdateRunner - Coroutine 4 finished gracefully
2026-02-19 09:20:10,976 [  39593]   INFO - STDOUT - [IDE]: Gradle: Importing gradle bridge data                                                                                        0%
2026-02-19 09:20:10,976 [  39593]   INFO - #c.i.u.i.c.IndexUpdateRunner - Coroutine 3 finished gracefully
2026-02-19 09:20:10,976 [  39593]   INFO - #c.i.o.e.s.p.IdeModifiableModelsProviderImpl - Ide modifiable models provider, create builder from version 15
2026-02-19 09:20:10,978 [  39595]   INFO - STDOUT - [IDE]: Gradle: Importing module data                                                                                               0%
2026-02-19 09:20:10,983 [  39600]   INFO - STDOUT - [IDE]: Gradle: Importing native target data                                                                                        2%
2026-02-19 09:20:10,983 [  39600]   INFO - STDOUT - [IDE]: Gradle: Importing kotlin target data                                                                     .                  5%
2026-02-19 09:20:10,983 [  39600]   INFO - STDOUT - [IDE]: Gradle: Importing kotlin fragment data                                                                   .                  8%
2026-02-19 09:20:10,983 [  39600]   INFO - STDOUT - [IDE]: Gradle: Importing gradle project build script data                                                       ..                 11%
2026-02-19 09:20:10,983 [  39600]   INFO - STDOUT - [IDE]: Gradle: Importing gradle source set data                                                                 ..                 13%
2026-02-19 09:20:10,988 [  39605]   INFO - STDOUT - [IDE]: Gradle: Importing gradle bridge module data                                                              ...                16%
2026-02-19 09:20:10,988 [  39605]   INFO - STDOUT - [IDE]: Gradle: Importing project data                                                                           ...                19%
2026-02-19 09:20:10,988 [  39605]   INFO - STDOUT - [IDE]: Gradle: Importing project data                                                                           ....               22%
2026-02-19 09:20:10,989 [  39606]   INFO - STDOUT - [IDE]: Gradle: Importing java project data                                                                      ....               22%
2026-02-19 09:20:10,992 [  39609]   INFO - STDOUT - [IDE]: Gradle: Importing project sdk data                                                                       ....               25%
2026-02-19 09:20:10,992 [  39609]   INFO - STDOUT - [IDE]: Gradle: Importing composite build data                                                                   .....              27%
2026-02-19 09:20:10,993 [  39610]   INFO - STDOUT - [IDE]: Gradle: Importing java module data                                                                       .....              30%
2026-02-19 09:20:10,994 [  39611]   INFO - STDOUT - [IDE]: Gradle: Importing module sdk data                                                                        ......             33%
2026-02-19 09:20:10,994 [  39611]   INFO - STDOUT - [IDE]: Gradle: Importing library data                                                                           ......             36%
2026-02-19 09:20:10,996 [  39613]   INFO - #c.i.u.i.ProjectChangedFilesScanner - Retrieving changed during indexing files of java-basics : 114 to update, calculated in 8ms
2026-02-19 09:20:11,042 [  39659]   INFO - STDOUT - [IDE]: Gradle: Importing content root data                                                                      .......            38%
2026-02-19 09:20:11,058 [  39675]   INFO - STDOUT - [IDE]: Gradle: Importing kotlin output paths data                                                               .......            41%
2026-02-19 09:20:11,058 [  39675]   INFO - STDOUT - [IDE]: Gradle: Importing kotlin output paths data                                                               ........           44%
2026-02-19 09:20:11,058 [  39675]   INFO - STDOUT - [IDE]: Gradle: Importing module dependency data                                                                 ........           44%
2026-02-19 09:20:11,060 [  39677]   INFO - STDOUT - [IDE]: Gradle: Importing library dependency data                                                                ........           47%
2026-02-19 09:20:11,062 [  39679]   INFO - STDOUT - [IDE]: Gradle: Importing dependency accessors model                                                             .........          50%
2026-02-19 09:20:11,063 [  39680]   INFO - STDOUT - [IDE]: Gradle: Importing version catalogs model                                                                 .........          52%
2026-02-19 09:20:11,063 [  39680]   INFO - STDOUT - [IDE]: Gradle: Importing build script classpath data                                                            ..........         55%
2026-02-19 09:20:11,066 [  39683]   INFO - #c.i.u.i.c.IndexUpdateRunner - Coroutine 3 finished gracefully
2026-02-19 09:20:11,068 [  39685]   INFO - #c.i.u.i.c.IndexUpdateRunner - Coroutine 0 finished gracefully
2026-02-19 09:20:11,068 [  39685]   INFO - #c.i.u.i.c.IndexUpdateRunner - Coroutine 7 finished gracefully
2026-02-19 09:20:11,068 [  39685]   INFO - #c.i.u.i.c.IndexUpdateRunner - Coroutine 5 finished gracefully
2026-02-19 09:20:11,068 [  39685]   INFO - #c.i.u.i.c.IndexUpdateRunner - Coroutine 2 finished gracefully
2026-02-19 09:20:11,069 [  39686]   INFO - #c.i.u.i.c.IndexUpdateRunner - Coroutine 4 finished gracefully
2026-02-19 09:20:11,072 [  39689]   INFO - #c.i.w.i.i.EntitiesOrphanageImpl - Update orphanage. 0 modules added
2026-02-19 09:20:11,072 [  39689]   INFO - #c.i.w.i.i.WorkspaceModelImpl - Project model updated to version 16 in 3 ms: AbstractExternalSystemLocalSettings async update
2026-02-19 09:20:11,073 [  39690]   INFO - STDOUT - [IDE]: Gradle: Importing gradle extensions                                                                      ..........         58%
2026-02-19 09:20:11,073 [  39690]   INFO - #c.i.u.i.c.IndexUpdateRunner - Coroutine 1 finished gracefully
2026-02-19 09:20:11,073 [  39690]   INFO - #c.i.u.i.c.IndexUpdateRunner - Coroutine 6 finished gracefully
2026-02-19 09:20:11,074 [  39691]   INFO - STDOUT - [IDE]: Gradle: Importing task data                                                                              ...........        61%
2026-02-19 09:20:11,074 [  39691]   INFO - STDOUT - [IDE]: Gradle: Importing java manifest data                                                                     ...........        63%
2026-02-19 09:20:11,074 [  39691]   INFO - STDOUT - [IDE]: Gradle: Importing java manifest data                                                                     ............       66%
2026-02-19 09:20:11,074 [  39691]   INFO - STDOUT - [IDE]: Gradle: Importing external project                                                                       ............       66%
2026-02-19 09:20:11,074 [  39691]   INFO - STDOUT - [IDE]: Gradle: Importing configuration data                                                                     ............       69%
2026-02-19 09:20:11,075 [  39692]   INFO - STDOUT - [IDE]: Gradle: Importing test data                                                                              .............      72%
2026-02-19 09:20:11,075 [  39692]   INFO - STDOUT - [IDE]: Gradle: Importing project dependencies                                                                   .............      75%
2026-02-19 09:20:11,075 [  39692]   INFO - STDOUT - [IDE]: Gradle: Importing annotation processing data                                                             ..............     77%
2026-02-19 09:20:11,080 [  39697]   INFO - STDOUT - [IDE]: Gradle: Importing annotation processing data$ annotation processor output                                ..............     80%
2026-02-19 09:20:11,080 [  39697]   INFO - STDOUT - [IDE]: Gradle: Importing web configuration model data                                                           ...............    83%
2026-02-19 09:20:11,085 [  39702]   INFO - STDOUT - [IDE]: Gradle: Importing external system operation descriptor                                                   ...............    86%
2026-02-19 09:20:11,085 [  39702]   INFO - STDOUT - [IDE]: Gradle: Importing external system operation descriptor                                                   ................   88%
2026-02-19 09:20:11,085 [  39702]   INFO - STDOUT - [IDE]: Gradle: Importing ear configuration model data                                                           ................   88%
2026-02-19 09:20:11,085 [  39702]   INFO - STDOUT - [IDE]: Gradle: Importing maven repository data                                                                  ................   91%
2026-02-19 09:20:11,085 [  39702]   INFO - STDOUT - [IDE]: Gradle: Importing project repository data                                                                .................  94%
2026-02-19 09:20:11,095 [  39712]   INFO - #c.i.u.i.UnindexedFilesIndexer - Finished for java-basics. Unindexed files update took 140ms; general responsiveness: ok; EDT responsiveness: ok
2026-02-19 09:20:11,096 [  39713]   INFO - #c.i.o.p.MergingQueueGuiExecutor - Task finished: (dumb mode task) UnindexedFilesIndexer[java-basics, reasons: [changes in: "Module 'project.java-basics' (all roots)"]]
2026-02-19 09:20:11,096 [  39713]   INFO - #c.i.o.p.MergingQueueGuiExecutor - Running task: (dumb mode task) UnindexedFilesIndexer[java-basics, reasons: [Merged changes in: "Module 'java-basics.test' (all roots)", "Module 'java-basics.main' (all roots)" with changes in: "Module 'java-basics.main' (main)"]]
2026-02-19 09:20:11,097 [  39714]   INFO - #c.i.u.i.FileBasedIndexImpl - Indexes are already loaded
2026-02-19 09:20:11,097 [  39714]   INFO - #c.i.u.i.c.IndexUpdateRunner - Using 8 workers for indexing and 4 for writing indexes
2026-02-19 09:20:11,098 [  39715]   INFO - #c.i.u.i.ProjectChangedFilesScanner - Retrieving changed during indexing files of java-basics : 0 to update, calculated in 0ms
2026-02-19 09:20:11,099 [  39716]   INFO - #c.i.u.i.UnindexedFilesIndexer - Finished for java-basics. Unindexed files update took 0ms; general responsiveness: ok; EDT responsiveness: ok
2026-02-19 09:20:11,099 [  39716]   INFO - #c.i.o.p.MergingQueueGuiExecutor - Task finished: (dumb mode task) UnindexedFilesIndexer[java-basics, reasons: [Merged changes in: "Module 'java-basics.test' (all roots)", "Module 'java-basics.main' (all roots)" with changes in: "Module 'java-basics.main' (main)"]]
2026-02-19 09:20:11,099 [  39716]   INFO - #c.i.o.p.MergingQueueGuiExecutor - Running task: (dumb mode task) com.intellij.openapi.roots.impl.PushedFilePropertiesUpdaterImpl$MyDumbModeTask@1c5f9f40 (reason: Push on VFS changes)
2026-02-19 09:20:11,103 [  39720]   INFO - #c.i.o.p.MergingQueueGuiExecutor - Task finished: (dumb mode task) com.intellij.openapi.roots.impl.PushedFilePropertiesUpdaterImpl$MyDumbModeTask@1c5f9f40 (reason: Push on VFS changes)
2026-02-19 09:20:11,106 [  39723]   INFO - #c.i.o.p.DumbServiceImpl - exit dumb mode [java-basics]
2026-02-19 09:20:11,107 [  39724]   INFO - STDOUT - [IDE]: Task 'Analyzing project to enable smart features' ended
2026-02-19 09:20:11,117 [  39734]   INFO - #c.i.w.i.i.EntitiesOrphanageImpl - Update orphanage. 0 modules added
2026-02-19 09:20:11,117 [  39734]   INFO - #c.i.w.i.i.WorkspaceModelImpl - Project model updated to version 17 in 1 ms: Commit artifact manager
2026-02-19 09:20:11,128 [  39745]   INFO - #c.i.o.p.UnindexedFilesScannerExecutor - [15375f63] Running task: com.intellij.util.indexing.UnindexedFilesScannerExecutorImpl$ScheduledScanningTask@415208d0
2026-02-19 09:20:11,128 [  39745]   INFO - #c.i.w.i.i.EntitiesOrphanageImpl - Update orphanage. 0 modules added
2026-02-19 09:20:11,129 [  39746]   INFO - #c.i.o.p.DumbServiceImpl - enter dumb mode [java-basics]
2026-02-19 09:20:11,131 [  39748]   INFO - #c.i.w.i.i.WorkspaceModelImpl - Project model updated to version 18 in 14 ms: External system: commit model
2026-02-19 09:20:11,131 [  39748]   INFO - #c.i.p.c.i.PolyContextDiscoveryInfo$1 - Notifying that PolyContext may have changed due to roots changes.
2026-02-19 09:20:11,134 [  39751]   INFO - STDOUT - [Gradle]: Gradle data import stage finished with success: java-basics:15375f63
2026-02-19 09:20:11,135 [  39752]   INFO - STDOUT - [Gradle]: Gradle data import(final tasks) stage started: java-basics:15375f63
2026-02-19 09:20:11,135 [  39752]   INFO - #c.i.o.p.MergingQueueGuiExecutor - Running task: (dumb mode task) com.intellij.openapi.roots.impl.PushedFilePropertiesUpdaterImpl$MyDumbModeTask@26a469a2 (reason: Push all on [com.intellij.openapi.roots.impl.JavaLanguageLevelPusher@53067da7])
2026-02-19 09:20:11,136 [  39753]   INFO - #c.i.u.i.UnindexedFilesScanner - [15375f63] scanning stage (scanning id=4): DelayedPushProperties
2026-02-19 09:20:11,136 [  39753]   INFO - #c.i.u.i.FileBasedIndexImpl - Indexes are already loaded
2026-02-19 09:20:11,137 [  39754]   INFO - #c.i.u.i.UnindexedFilesScanner - [15375f63] Started scanning for indexing of java-basics. Reason: Changes from WorkspaceFileIndex
2026-02-19 09:20:11,137 [  39754]   INFO - #c.i.u.i.UnindexedFilesScanner - [15375f63] scanning stage (scanning id=4): CreatingIterators
2026-02-19 09:20:11,137 [  39754]   INFO - #c.i.u.i.UnindexedFilesScanner - [15375f63] scanning stage (scanning id=4): CollectingIndexableFiles
2026-02-19 09:20:11,137 [  39754]   INFO - #c.i.u.i.UnindexedFilesScanner - Scanning of java-basics uses 8 scanning threads
2026-02-19 09:20:11,139 [  39756]   INFO - #c.i.w.i.i.EntitiesOrphanageImpl - Update orphanage. 0 modules added
2026-02-19 09:20:11,139 [  39756]   INFO - #c.i.w.i.i.WorkspaceModelImpl - Project model updated to version 19 in 1 ms: AbstractExternalSystemLocalSettings async update
2026-02-19 09:20:11,148 [  39765]   INFO - #c.i.u.i.IndexingReasonExplanationLogger - Scanner has updated file junit-platform-launcher-1.7.0.jar (id=78367) with appliers: [SingleIndexValueApplier{indexId=java.auto.module.name, inputId=78367, fileInfo='junit-platform-launcher-1.7.0.jar(id=78367)'}] and removers: []; 
2026-02-19 09:20:11,148 [  39765]   INFO - #c.i.u.i.IndexingReasonExplanationLogger - Scheduling indexing of LauncherConfig.class (id=78580) by request of indexes: [bytecodeAnalysis->NOT_INDEXED(not indexed),org.jetbrains.kotlin.idea.vfilefinder.KotlinClassFileIndex->NOT_INDEXED(not indexed),org.jetbrains.kotlin.idea.versions.KotlinJvmMetadataVersionIndex->NOT_INDEXED(not indexed),org.jetbrains.kotlin.idea.vfilefinder.KotlinPartialPackageNamesIndex->NOT_INDEXED(not indexed),KotlinBinaryRootToPackageIndex->NOT_INDEXED(not indexed),KotlinTopLevelCallableByPackageShortNameIndex->NOT_INDEXED(not indexed),KotlinTopLevelClassLikeDeclarationByPackageShortNameIndex->NOT_INDEXED(not indexed),filetypes->NOT_INDEXED(not indexed),Stubs->NOT_INDEXED(not indexed),]. Scanner has updated file LauncherConfig.class (id=78580) with appliers: [SingleIndexValueApplier{indexId=filetypes, inputId=78580, fileInfo='LauncherConfig.class(id=78580)'}] and removers: []; 
2026-02-19 09:20:11,149 [  39766]   INFO - #c.i.u.i.IndexingReasonExplanationLogger - Scheduling indexing of DefaultLauncher.class (id=78565) by request of indexes: [bytecodeAnalysis->NOT_INDEXED(not indexed),org.jetbrains.kotlin.idea.vfilefinder.KotlinClassFileIndex->NOT_INDEXED(not indexed),org.jetbrains.kotlin.idea.versions.KotlinJvmMetadataVersionIndex->NOT_INDEXED(not indexed),org.jetbrains.kotlin.idea.vfilefinder.KotlinPartialPackageNamesIndex->NOT_INDEXED(not indexed),KotlinBinaryRootToPackageIndex->NOT_INDEXED(not indexed),KotlinTopLevelCallableByPackageShortNameIndex->NOT_INDEXED(not indexed),KotlinTopLevelClassLikeDeclarationByPackageShortNameIndex->NOT_INDEXED(not indexed),filetypes->NOT_INDEXED(not indexed),Stubs->NOT_INDEXED(not indexed),]. Scanner has updated file DefaultLauncher.class (id=78565) with appliers: [SingleIndexValueApplier{indexId=filetypes, inputId=78565, fileInfo='DefaultLauncher.class(id=78565)'}] and removers: []; 
2026-02-19 09:20:11,149 [  39766]   INFO - #c.i.u.i.IndexingReasonExplanationLogger - Scheduling indexing of LauncherFactory.class (id=78574) by request of indexes: [bytecodeAnalysis->NOT_INDEXED(not indexed),org.jetbrains.kotlin.idea.vfilefinder.KotlinClassFileIndex->NOT_INDEXED(not indexed),org.jetbrains.kotlin.idea.versions.KotlinJvmMetadataVersionIndex->NOT_INDEXED(not indexed),org.jetbrains.kotlin.idea.vfilefinder.KotlinPartialPackageNamesIndex->NOT_INDEXED(not indexed),KotlinBinaryRootToPackageIndex->NOT_INDEXED(not indexed),KotlinTopLevelCallableByPackageShortNameIndex->NOT_INDEXED(not indexed),KotlinTopLevelClassLikeDeclarationByPackageShortNameIndex->NOT_INDEXED(not indexed),filetypes->NOT_INDEXED(not indexed),Stubs->NOT_INDEXED(not indexed),]. Scanner has updated file LauncherFactory.class (id=78574) with appliers: [SingleIndexValueApplier{indexId=filetypes, inputId=78574, fileInfo='LauncherFactory.class(id=78574)'}] and removers: []; 
2026-02-19 09:20:11,149 [  39766]   INFO - #c.i.u.i.IndexingReasonExplanationLogger - Scheduling indexing of InternalTestPlan.class (id=78582) by request of indexes: [bytecodeAnalysis->NOT_INDEXED(not indexed),org.jetbrains.kotlin.idea.vfilefinder.KotlinClassFileIndex->NOT_INDEXED(not indexed),org.jetbrains.kotlin.idea.versions.KotlinJvmMetadataVersionIndex->NOT_INDEXED(not indexed),org.jetbrains.kotlin.idea.vfilefinder.KotlinPartialPackageNamesIndex->NOT_INDEXED(not indexed),KotlinBinaryRootToPackageIndex->NOT_INDEXED(not indexed),KotlinTopLevelCallableByPackageShortNameIndex->NOT_INDEXED(not indexed),KotlinTopLevelClassLikeDeclarationByPackageShortNameIndex->NOT_INDEXED(not indexed),filetypes->NOT_INDEXED(not indexed),Stubs->NOT_INDEXED(not indexed),]. Scanner has updated file InternalTestPlan.class (id=78582) with appliers: [SingleIndexValueApplier{indexId=filetypes, inputId=78582, fileInfo='InternalTestPlan.class(id=78582)'}] and removers: []; 
2026-02-19 09:20:11,149 [  39766]   INFO - #c.i.u.i.IndexingReasonExplanationLogger - Scheduling indexing of LauncherConfig$1.class (id=78575) by request of indexes: [bytecodeAnalysis->NOT_INDEXED(not indexed),org.jetbrains.kotlin.idea.vfilefinder.KotlinClassFileIndex->NOT_INDEXED(not indexed),org.jetbrains.kotlin.idea.versions.KotlinJvmMetadataVersionIndex->NOT_INDEXED(not indexed),org.jetbrains.kotlin.idea.vfilefinder.KotlinPartialPackageNamesIndex->NOT_INDEXED(not indexed),KotlinBinaryRootToPackageIndex->NOT_INDEXED(not indexed),KotlinTopLevelCallableByPackageShortNameIndex->NOT_INDEXED(not indexed),KotlinTopLevelClassLikeDeclarationByPackageShortNameIndex->NOT_INDEXED(not indexed),filetypes->NOT_INDEXED(not indexed),Stubs->NOT_INDEXED(not indexed),]. Scanner has updated file LauncherConfig$1.class (id=78575) with appliers: [SingleIndexValueApplier{indexId=filetypes, inputId=78575, fileInfo='LauncherConfig$1.class(id=78575)'}] and removers: []; 
2026-02-19 09:20:11,149 [  39766]   INFO - #c.i.u.i.IndexingReasonExplanationLogger - Scheduling indexing of EngineIdValidator.class (id=78585) by request of indexes: [bytecodeAnalysis->NOT_INDEXED(not indexed),org.jetbrains.kotlin.idea.vfilefinder.KotlinClassFileIndex->NOT_INDEXED(not indexed),org.jetbrains.kotlin.idea.versions.KotlinJvmMetadataVersionIndex->NOT_INDEXED(not indexed),org.jetbrains.kotlin.idea.vfilefinder.KotlinPartialPackageNamesIndex->NOT_INDEXED(not indexed),KotlinBinaryRootToPackageIndex->NOT_INDEXED(not indexed),KotlinTopLevelCallableByPackageShortNameIndex->NOT_INDEXED(not indexed),KotlinTopLevelClassLikeDeclarationByPackageShortNameIndex->NOT_INDEXED(not indexed),filetypes->NOT_INDEXED(not indexed),Stubs->NOT_INDEXED(not indexed),]. Scanner has updated file EngineIdValidator.class (id=78585) with appliers: [SingleIndexValueApplier{indexId=filetypes, inputId=78585, fileInfo='EngineIdValidator.class(id=78585)'}] and removers: []; 
2026-02-19 09:20:11,149 [  39766]   INFO - #c.i.u.i.IndexingReasonExplanationLogger - Scheduling indexing of StreamInterceptor.class (id=78591) by request of indexes: [bytecodeAnalysis->NOT_INDEXED(not indexed),org.jetbrains.kotlin.idea.vfilefinder.KotlinClassFileIndex->NOT_INDEXED(not indexed),org.jetbrains.kotlin.idea.versions.KotlinJvmMetadataVersionIndex->NOT_INDEXED(not indexed),org.jetbrains.kotlin.idea.vfilefinder.KotlinPartialPackageNamesIndex->NOT_INDEXED(not indexed),KotlinBinaryRootToPackageIndex->NOT_INDEXED(not indexed),KotlinTopLevelCallableByPackageShortNameIndex->NOT_INDEXED(not indexed),KotlinTopLevelClassLikeDeclarationByPackageShortNameIndex->NOT_INDEXED(not indexed),filetypes->NOT_INDEXED(not indexed),Stubs->NOT_INDEXED(not indexed),]. Scanner has updated file StreamInterceptor.class (id=78591) with appliers: [SingleIndexValueApplier{indexId=filetypes, inputId=78591, fileInfo='StreamInterceptor.class(id=78591)'}] and removers: []; 
2026-02-19 09:20:11,150 [  39767]   INFO - #c.i.u.i.IndexingReasonExplanationLogger - Scheduling indexing of DefaultLauncherConfig.class (id=78562) by request of indexes: [bytecodeAnalysis->NOT_INDEXED(not indexed),org.jetbrains.kotlin.idea.vfilefinder.KotlinClassFileIndex->NOT_INDEXED(not indexed),org.jetbrains.kotlin.idea.versions.KotlinJvmMetadataVersionIndex->NOT_INDEXED(not indexed),org.jetbrains.kotlin.idea.vfilefinder.KotlinPartialPackageNamesIndex->NOT_INDEXED(not indexed),KotlinBinaryRootToPackageIndex->NOT_INDEXED(not indexed),KotlinTopLevelCallableByPackageShortNameIndex->NOT_INDEXED(not indexed),KotlinTopLevelClassLikeDeclarationByPackageShortNameIndex->NOT_INDEXED(not indexed),filetypes->NOT_INDEXED(not indexed),Stubs->NOT_INDEXED(not indexed),]. Scanner has updated file DefaultLauncherConfig.class (id=78562) with appliers: [SingleIndexValueApplier{indexId=filetypes, inputId=78562, fileInfo='DefaultLauncherConfig.class(id=78562)'}] and removers: []; 
2026-02-19 09:20:11,150 [  39767]   INFO - #c.i.u.i.IndexingReasonExplanationLogger - Scheduling indexing of LauncherConfig$Builder.class (id=78571) by request of indexes: [bytecodeAnalysis->NOT_INDEXED(not indexed),org.jetbrains.kotlin.idea.vfilefinder.KotlinClassFileIndex->NOT_INDEXED(not indexed),org.jetbrains.kotlin.idea.versions.KotlinJvmMetadataVersionIndex->NOT_INDEXED(not indexed),org.jetbrains.kotlin.idea.vfilefinder.KotlinPartialPackageNamesIndex->NOT_INDEXED(not indexed),KotlinBinaryRootToPackageIndex->NOT_INDEXED(not indexed),KotlinTopLevelCallableByPackageShortNameIndex->NOT_INDEXED(not indexed),KotlinTopLevelClassLikeDeclarationByPackageShortNameIndex->NOT_INDEXED(not indexed),filetypes->NOT_INDEXED(not indexed),Stubs->NOT_INDEXED(not indexed),]. Scanner has updated file LauncherConfig$Builder.class (id=78571) with appliers: [SingleIndexValueApplier{indexId=filetypes, inputId=78571, fileInfo='LauncherConfig$Builder.class(id=78571)'}] and removers: []; 
2026-02-19 09:20:11,150 [  39767]   INFO - #c.i.u.i.IndexingReasonExplanationLogger - Scheduling indexing of DefaultDiscoveryRequest.class (id=78590) by request of indexes: [bytecodeAnalysis->NOT_INDEXED(not indexed),org.jetbrains.kotlin.idea.vfilefinder.KotlinClassFileIndex->NOT_INDEXED(not indexed),org.jetbrains.kotlin.idea.versions.KotlinJvmMetadataVersionIndex->NOT_INDEXED(not indexed),org.jetbrains.kotlin.idea.vfilefinder.KotlinPartialPackageNamesIndex->NOT_INDEXED(not indexed),KotlinBinaryRootToPackageIndex->NOT_INDEXED(not indexed),KotlinTopLevelCallableByPackageShortNameIndex->NOT_INDEXED(not indexed),KotlinTopLevelClassLikeDeclarationByPackageShortNameIndex->NOT_INDEXED(not indexed),filetypes->NOT_INDEXED(not indexed),Stubs->NOT_INDEXED(not indexed),]. Scanner has updated file DefaultDiscoveryRequest.class (id=78590) with appliers: [SingleIndexValueApplier{indexId=filetypes, inputId=78590, fileInfo='DefaultDiscoveryRequest.class(id=78590)'}] and removers: []; 
2026-02-19 09:20:11,150 [  39767]   INFO - #c.i.u.i.IndexingReasonExplanationLogger - Scanner has updated file apiguardian-api-1.1.0.jar (id=78407) with appliers: [SingleIndexValueApplier{indexId=java.auto.module.name, inputId=78407, fileInfo='apiguardian-api-1.1.0.jar(id=78407)'}] and removers: []; 
2026-02-19 09:20:11,150 [  39767]   INFO - #c.i.u.i.IndexingReasonExplanationLogger - Scanner has updated file junit-platform-engine-1.7.0.jar (id=78396) with appliers: [SingleIndexValueApplier{indexId=java.auto.module.name, inputId=78396, fileInfo='junit-platform-engine-1.7.0.jar(id=78396)'}] and removers: []; 
2026-02-19 09:20:11,150 [  39767]   INFO - #c.i.u.i.IndexingReasonExplanationLogger - Scanner has updated file junit-jupiter-engine-5.7.0.jar (id=78356) with appliers: [SingleIndexValueApplier{indexId=java.auto.module.name, inputId=78356, fileInfo='junit-jupiter-engine-5.7.0.jar(id=78356)'}] and removers: []; 
2026-02-19 09:20:11,150 [  39767]   INFO - #c.i.u.i.IndexingReasonExplanationLogger - Scanner has updated file junit-jupiter-api-5.7.0.jar (id=78401) with appliers: [SingleIndexValueApplier{indexId=java.auto.module.name, inputId=78401, fileInfo='junit-jupiter-api-5.7.0.jar(id=78401)'}] and removers: []; 
2026-02-19 09:20:11,153 [  39770]   INFO - #c.i.u.i.IndexingReasonExplanationLogger - Scanner has updated file junit-jupiter-params-5.7.0.jar (id=78361) with appliers: [SingleIndexValueApplier{indexId=java.auto.module.name, inputId=78361, fileInfo='junit-jupiter-params-5.7.0.jar(id=78361)'}] and removers: []; 
2026-02-19 09:20:11,155 [  39772]   INFO - #c.i.u.i.IndexingReasonExplanationLogger - Scanner has updated file jackson-annotations-2.10.4.jar (id=78424) with appliers: [SingleIndexValueApplier{indexId=java.auto.module.name, inputId=78424, fileInfo='jackson-annotations-2.10.4.jar(id=78424)'}] and removers: []; 
2026-02-19 09:20:11,166 [  39783]   INFO - #c.i.u.i.IndexingReasonExplanationLogger - Scanner has updated file junit-platform-commons-1.7.0.jar (id=78412) with appliers: [SingleIndexValueApplier{indexId=java.auto.module.name, inputId=78412, fileInfo='junit-platform-commons-1.7.0.jar(id=78412)'}] and removers: []; 
2026-02-19 09:20:11,168 [  39785]   INFO - #c.i.u.i.IndexingReasonExplanationLogger - Scanner has updated file opentest4j-1.2.0.jar (id=78418) with appliers: [SingleIndexValueApplier{indexId=java.auto.module.name, inputId=78418, fileInfo='opentest4j-1.2.0.jar(id=78418)'}] and removers: []; 
2026-02-19 09:20:11,169 [  39786]   INFO - #c.i.u.i.IndexingReasonExplanationLogger - Scanner has updated file config-1.4.1.jar (id=78379) with appliers: [SingleIndexValueApplier{indexId=java.auto.module.name, inputId=78379, fileInfo='config-1.4.1.jar(id=78379)'}] and removers: []; 
2026-02-19 09:20:11,224 [  39841]   INFO - #c.i.o.p.MergingQueueGuiExecutor - Task finished: (dumb mode task) com.intellij.openapi.roots.impl.PushedFilePropertiesUpdaterImpl$MyDumbModeTask@26a469a2 (reason: Push all on [com.intellij.openapi.roots.impl.JavaLanguageLevelPusher@53067da7])
2026-02-19 09:20:11,225 [  39842]   INFO - #c.i.o.p.DumbServiceImpl - exit dumb mode [java-basics]
2026-02-19 09:20:11,228 [  39845]   INFO - STDOUT - [IDE]: Task 'Analyzing project to enable smart features' ended
2026-02-19 09:20:11,334 [  39951]   INFO - STDOUT - [Gradle]: Gradle data import(final tasks) stage finished: java-basics:15375f63
2026-02-19 09:20:11,342 [  39959]   INFO - STDOUT - [IDE]: Task 'Importing 'project' Gradle Project' ended in 23 s 432 ms
2026-02-19 09:20:11,354 [  39971]   INFO - #c.i.u.i.UnindexedFilesScanner - [15375f63] Scanning completed for java-basics. Number of scanned files: 6571; number of files for indexing: 4987
2026-02-19 09:20:11,355 [  39972]   INFO - #c.i.o.p.UnindexedFilesScannerExecutor - [15375f63] Task finished (scanning id=4): com.intellij.util.indexing.UnindexedFilesScannerExecutorImpl$ScheduledScanningTask@415208d0
2026-02-19 09:20:11,355 [  39972]   INFO - #c.i.o.p.DumbServiceImpl - enter dumb mode [java-basics]
2026-02-19 09:20:11,355 [  39972]   INFO - #c.i.o.p.MergingQueueGuiExecutor - Running task: (dumb mode task) UnindexedFilesIndexer[java-basics, reasons: [Changes from WorkspaceFileIndex]]
2026-02-19 09:20:11,356 [  39973]   INFO - #c.i.o.p.UnindexedFilesScannerExecutor - [15375f63] Running task: com.intellij.util.indexing.UnindexedFilesScannerExecutorImpl$ScheduledScanningTask@3ef7f6d8
2026-02-19 09:20:11,356 [  39973]   INFO - #c.i.u.i.UnindexedFilesScanner - [15375f63] scanning stage (scanning id=5): DelayedPushProperties
2026-02-19 09:20:11,356 [  39973]   INFO - #c.i.u.i.FileBasedIndexImpl - Indexes are already loaded
2026-02-19 09:20:11,356 [  39973]   INFO - #c.i.u.i.UnindexedFilesScanner - [15375f63] Started scanning for indexing of java-basics. Reason: changes in: "Module 'java-basics.main' (all roots)", "Module 'java-basics.test' (all roots)", "Module 'java-basics' (project)"
2026-02-19 09:20:11,356 [  39973]   INFO - #c.i.u.i.UnindexedFilesScanner - [15375f63] scanning stage (scanning id=5): CreatingIterators
2026-02-19 09:20:11,356 [  39973]   INFO - #c.i.u.i.UnindexedFilesScanner - [15375f63] scanning stage (scanning id=5): CollectingIndexableFiles
2026-02-19 09:20:11,357 [  39974]   INFO - #c.i.u.i.UnindexedFilesScanner - Scanning of java-basics uses 8 scanning threads
2026-02-19 09:20:11,366 [  39983]   INFO - #c.i.u.i.IndexingReasonExplanationLogger - Scheduling indexing of allure-maven.html (id=81196) by request of indexes: [Trigram.Index->NOT_INDEXED(not indexed),fileIncludes->NOT_INDEXED(not indexed),html5.custom.attributes.index->NOT_INDEXED(not indexed),CssIndex->NOT_INDEXED(not indexed),css.template.selectors->NOT_INDEXED(not indexed),js.implicit.elements.index->NOT_INDEXED(not indexed),js.custom.single.entry.index->NOT_INDEXED(not indexed),WebComponentsIndex->NOT_INDEXED(not indexed),filetypes->NOT_INDEXED(not indexed),IdIndex->NOT_INDEXED(not indexed),Stubs->NOT_INDEXED(not indexed),HtmlTagIdIndex->NOT_INDEXED(not indexed),HtmlScriptSrcIndex->NOT_INDEXED(not indexed),]. Scanner has updated file allure-maven.html (id=81196) with appliers: [SingleIndexValueApplier{indexId=filetypes, inputId=81196, fileInfo='allure-maven.html(id=81196)'}] and removers: []; 
2026-02-19 09:20:11,366 [  39983]   INFO - #c.i.u.i.IndexingReasonExplanationLogger - Scheduling indexing of Main.class (id=81991) by request of indexes: [bytecodeAnalysis->NOT_INDEXED(not indexed),org.jetbrains.kotlin.idea.vfilefinder.KotlinClassFileIndex->NOT_INDEXED(not indexed),org.jetbrains.kotlin.idea.versions.KotlinJvmMetadataVersionIndex->NOT_INDEXED(not indexed),org.jetbrains.kotlin.idea.vfilefinder.KotlinPartialPackageNamesIndex->NOT_INDEXED(not indexed),KotlinBinaryRootToPackageIndex->NOT_INDEXED(not indexed),KotlinTopLevelCallableByPackageShortNameIndex->NOT_INDEXED(not indexed),KotlinTopLevelClassLikeDeclarationByPackageShortNameIndex->NOT_INDEXED(not indexed),filetypes->NOT_INDEXED(not indexed),Stubs->NOT_INDEXED(not indexed),]. Scanner has updated file Main.class (id=81991) with appliers: [SingleIndexValueApplier{indexId=filetypes, inputId=81991, fileInfo='Main.class(id=81991)'}] and removers: []; 
2026-02-19 09:20:11,366 [  39983]   INFO - #c.i.u.i.IndexingReasonExplanationLogger - Scheduling indexing of User.class (id=81997) by request of indexes: [bytecodeAnalysis->NOT_INDEXED(not indexed),org.jetbrains.kotlin.idea.vfilefinder.KotlinClassFileIndex->NOT_INDEXED(not indexed),org.jetbrains.kotlin.idea.versions.KotlinJvmMetadataVersionIndex->NOT_INDEXED(not indexed),org.jetbrains.kotlin.idea.vfilefinder.KotlinPartialPackageNamesIndex->NOT_INDEXED(not indexed),KotlinBinaryRootToPackageIndex->NOT_INDEXED(not indexed),KotlinTopLevelCallableByPackageShortNameIndex->NOT_INDEXED(not indexed),KotlinTopLevelClassLikeDeclarationByPackageShortNameIndex->NOT_INDEXED(not indexed),filetypes->NOT_INDEXED(not indexed),Stubs->NOT_INDEXED(not indexed),]. Scanner has updated file User.class (id=81997) with appliers: [SingleIndexValueApplier{indexId=filetypes, inputId=81997, fileInfo='User.class(id=81997)'}] and removers: []; 
2026-02-19 09:20:11,366 [  39983]   INFO - #c.i.u.i.IndexingReasonExplanationLogger - Scheduling indexing of Smoke.class (id=81995) by request of indexes: [bytecodeAnalysis->NOT_INDEXED(not indexed),org.jetbrains.kotlin.idea.vfilefinder.KotlinClassFileIndex->NOT_INDEXED(not indexed),org.jetbrains.kotlin.idea.versions.KotlinJvmMetadataVersionIndex->NOT_INDEXED(not indexed),org.jetbrains.kotlin.idea.vfilefinder.KotlinPartialPackageNamesIndex->NOT_INDEXED(not indexed),KotlinBinaryRootToPackageIndex->NOT_INDEXED(not indexed),KotlinTopLevelCallableByPackageShortNameIndex->NOT_INDEXED(not indexed),KotlinTopLevelClassLikeDeclarationByPackageShortNameIndex->NOT_INDEXED(not indexed),filetypes->NOT_INDEXED(not indexed),Stubs->NOT_INDEXED(not indexed),]. Scanner has updated file Smoke.class (id=81995) with appliers: [SingleIndexValueApplier{indexId=filetypes, inputId=81995, fileInfo='Smoke.class(id=81995)'}] and removers: []; 
2026-02-19 09:20:11,367 [  39984]   INFO - #c.i.u.i.IndexingReasonExplanationLogger - Scheduling indexing of OrderTests.class (id=82000) by request of indexes: [bytecodeAnalysis->NOT_INDEXED(not indexed),org.jetbrains.kotlin.idea.vfilefinder.KotlinClassFileIndex->NOT_INDEXED(not indexed),org.jetbrains.kotlin.idea.versions.KotlinJvmMetadataVersionIndex->NOT_INDEXED(not indexed),org.jetbrains.kotlin.idea.vfilefinder.KotlinPartialPackageNamesIndex->NOT_INDEXED(not indexed),KotlinBinaryRootToPackageIndex->NOT_INDEXED(not indexed),KotlinTopLevelCallableByPackageShortNameIndex->NOT_INDEXED(not indexed),KotlinTopLevelClassLikeDeclarationByPackageShortNameIndex->NOT_INDEXED(not indexed),filetypes->NOT_INDEXED(not indexed),Stubs->NOT_INDEXED(not indexed),]. Scanner has updated file OrderTests.class (id=82000) with appliers: [SingleIndexValueApplier{indexId=filetypes, inputId=82000, fileInfo='OrderTests.class(id=82000)'}] and removers: []; 
2026-02-19 09:20:11,367 [  39984]   INFO - #c.i.u.i.IndexingReasonExplanationLogger - Scheduling indexing of OrderTests$Roles.class (id=82001) by request of indexes: [bytecodeAnalysis->NOT_INDEXED(not indexed),org.jetbrains.kotlin.idea.vfilefinder.KotlinClassFileIndex->NOT_INDEXED(not indexed),org.jetbrains.kotlin.idea.versions.KotlinJvmMetadataVersionIndex->NOT_INDEXED(not indexed),org.jetbrains.kotlin.idea.vfilefinder.KotlinPartialPackageNamesIndex->NOT_INDEXED(not indexed),KotlinBinaryRootToPackageIndex->NOT_INDEXED(not indexed),KotlinTopLevelCallableByPackageShortNameIndex->NOT_INDEXED(not indexed),KotlinTopLevelClassLikeDeclarationByPackageShortNameIndex->NOT_INDEXED(not indexed),filetypes->NOT_INDEXED(not indexed),Stubs->NOT_INDEXED(not indexed),]. Scanner has updated file OrderTests$Roles.class (id=82001) with appliers: [SingleIndexValueApplier{indexId=filetypes, inputId=82001, fileInfo='OrderTests$Roles.class(id=82001)'}] and removers: []; 
2026-02-19 09:20:11,367 [  39984]   INFO - #c.i.u.i.IndexingReasonExplanationLogger - Scheduling indexing of BaseTestWithOrder.class (id=81992) by request of indexes: [bytecodeAnalysis->NOT_INDEXED(not indexed),org.jetbrains.kotlin.idea.vfilefinder.KotlinClassFileIndex->NOT_INDEXED(not indexed),org.jetbrains.kotlin.idea.versions.KotlinJvmMetadataVersionIndex->NOT_INDEXED(not indexed),org.jetbrains.kotlin.idea.vfilefinder.KotlinPartialPackageNamesIndex->NOT_INDEXED(not indexed),KotlinBinaryRootToPackageIndex->NOT_INDEXED(not indexed),KotlinTopLevelCallableByPackageShortNameIndex->NOT_INDEXED(not indexed),KotlinTopLevelClassLikeDeclarationByPackageShortNameIndex->NOT_INDEXED(not indexed),filetypes->NOT_INDEXED(not indexed),Stubs->NOT_INDEXED(not indexed),]. Scanner has updated file BaseTestWithOrder.class (id=81992) with appliers: [SingleIndexValueApplier{indexId=filetypes, inputId=81992, fileInfo='BaseTestWithOrder.class(id=81992)'}] and removers: []; 
2026-02-19 09:20:11,367 [  39984]   INFO - #c.i.u.i.IndexingReasonExplanationLogger - Scheduling indexing of AuthorizationTests.class (id=81999) by request of indexes: [bytecodeAnalysis->NOT_INDEXED(not indexed),org.jetbrains.kotlin.idea.vfilefinder.KotlinClassFileIndex->NOT_INDEXED(not indexed),org.jetbrains.kotlin.idea.versions.KotlinJvmMetadataVersionIndex->NOT_INDEXED(not indexed),org.jetbrains.kotlin.idea.vfilefinder.KotlinPartialPackageNamesIndex->NOT_INDEXED(not indexed),KotlinBinaryRootToPackageIndex->NOT_INDEXED(not indexed),KotlinTopLevelCallableByPackageShortNameIndex->NOT_INDEXED(not indexed),KotlinTopLevelClassLikeDeclarationByPackageShortNameIndex->NOT_INDEXED(not indexed),filetypes->NOT_INDEXED(not indexed),Stubs->NOT_INDEXED(not indexed),]. Scanner has updated file AuthorizationTests.class (id=81999) with appliers: [SingleIndexValueApplier{indexId=filetypes, inputId=81999, fileInfo='AuthorizationTests.class(id=81999)'}] and removers: []; 
2026-02-19 09:20:11,367 [  39984]   INFO - #c.i.u.i.IndexingReasonExplanationLogger - Scheduling indexing of BaseTestWithAuthorization.class (id=81988) by request of indexes: [bytecodeAnalysis->NOT_INDEXED(not indexed),org.jetbrains.kotlin.idea.vfilefinder.KotlinClassFileIndex->NOT_INDEXED(not indexed),org.jetbrains.kotlin.idea.versions.KotlinJvmMetadataVersionIndex->NOT_INDEXED(not indexed),org.jetbrains.kotlin.idea.vfilefinder.KotlinPartialPackageNamesIndex->NOT_INDEXED(not indexed),KotlinBinaryRootToPackageIndex->NOT_INDEXED(not indexed),KotlinTopLevelCallableByPackageShortNameIndex->NOT_INDEXED(not indexed),KotlinTopLevelClassLikeDeclarationByPackageShortNameIndex->NOT_INDEXED(not indexed),filetypes->NOT_INDEXED(not indexed),Stubs->NOT_INDEXED(not indexed),]. Scanner has updated file BaseTestWithAuthorization.class (id=81988) with appliers: [SingleIndexValueApplier{indexId=filetypes, inputId=81988, fileInfo='BaseTestWithAuthorization.class(id=81988)'}] and removers: []; 
2026-02-19 09:20:11,367 [  39984]   INFO - #c.i.u.i.IndexingReasonExplanationLogger - Scheduling indexing of reqres.postman_collection.json (id=81304) by request of indexes: [filetypes->NOT_INDEXED(not indexed),Trigram.Index->NOT_INDEXED(not indexed),IdIndex->NOT_INDEXED(not indexed),json.file.root.values->NOT_INDEXED(not indexed),]. Scanner has updated file reqres.postman_collection.json (id=81304) with appliers: [SingleIndexValueApplier{indexId=filetypes, inputId=81304, fileInfo='reqres.postman_collection.json(id=81304)'}] and removers: []; 
2026-02-19 09:20:11,386 [  40003]   INFO - #c.i.u.i.IndexingReasonExplanationLogger - Scanner has updated file chromedriver (id=83786) with appliers: [SingleIndexValueApplier{indexId=filetypes, inputId=83786, fileInfo='chromedriver(id=83786)'}] and removers: []; 
2026-02-19 09:20:11,396 [  40013]   INFO - #c.i.u.i.IndexingReasonExplanationLogger - Scanner has updated file chromedriver.exe (id=83788) with appliers: [SingleIndexValueApplier{indexId=filetypes, inputId=83788, fileInfo='chromedriver.exe(id=83788)'}] and removers: []; 
2026-02-19 09:20:11,408 [  40025]   INFO - #c.i.u.i.IndexingReasonExplanationLogger - Scanner has updated file chromedriver_linux (id=83789) with appliers: [SingleIndexValueApplier{indexId=filetypes, inputId=83789, fileInfo='chromedriver_linux(id=83789)'}] and removers: []; 
2026-02-19 09:20:11,412 [  40029]   INFO - #c.i.u.i.IndexingReasonExplanationLogger - Scanner has updated file java-basics-1.0-SNAPSHOT.jar (id=80970) with appliers: [SingleIndexValueApplier{indexId=filetypes, inputId=80970, fileInfo='java-basics-1.0-SNAPSHOT.jar(id=80970)'}] and removers: []; 
2026-02-19 09:20:11,433 [  40050]   INFO - #c.i.u.i.UnindexedFilesScanner - [15375f63] Scanning completed for java-basics. Number of scanned files: 839; number of files for indexing: 90
2026-02-19 09:20:11,434 [  40051]   INFO - #c.i.o.p.UnindexedFilesScannerExecutor - [15375f63] Task finished (scanning id=5): com.intellij.util.indexing.UnindexedFilesScannerExecutorImpl$ScheduledScanningTask@3ef7f6d8
2026-02-19 09:20:11,434 [  40051]   INFO - #c.i.u.i.FileBasedIndexImpl - Indexes are already loaded
2026-02-19 09:20:11,434 [  40051]   INFO - #c.i.u.i.c.IndexUpdateRunner - Using 8 workers for indexing and 4 for writing indexes
2026-02-19 09:20:11,904 [  40521]   INFO - #c.i.u.i.c.IndexUpdateRunner - Coroutine 7 finished gracefully
2026-02-19 09:20:11,904 [  40521]   INFO - #c.i.u.i.c.IndexUpdateRunner - Coroutine 6 finished gracefully
2026-02-19 09:20:11,905 [  40522]   INFO - #c.i.u.i.c.IndexUpdateRunner - Coroutine 5 finished gracefully
2026-02-19 09:20:11,905 [  40522]   INFO - #c.i.u.i.c.IndexUpdateRunner - Coroutine 4 finished gracefully
2026-02-19 09:20:11,905 [  40522]   INFO - #c.i.u.i.c.IndexUpdateRunner - Coroutine 2 finished gracefully
2026-02-19 09:20:11,905 [  40522]   INFO - #c.i.u.i.c.IndexUpdateRunner - Coroutine 3 finished gracefully
2026-02-19 09:20:11,905 [  40522]   INFO - #c.i.u.i.c.IndexUpdateRunner - Coroutine 0 finished gracefully
2026-02-19 09:20:11,906 [  40523]   INFO - #c.i.u.i.c.IndexUpdateRunner - Coroutine 1 finished gracefully
2026-02-19 09:20:11,928 [  40545]   INFO - #c.i.u.i.ProjectChangedFilesScanner - Retrieving changed during indexing files of java-basics : 0 to update, calculated in 0ms
2026-02-19 09:20:11,929 [  40546]   INFO - #c.i.u.i.UnindexedFilesIndexer - Finished for java-basics. Unindexed files update took 494ms; general responsiveness: ok; EDT responsiveness: ok
2026-02-19 09:20:11,929 [  40546]   INFO - #c.i.o.p.MergingQueueGuiExecutor - Task finished: (dumb mode task) UnindexedFilesIndexer[java-basics, reasons: [Changes from WorkspaceFileIndex]]
2026-02-19 09:20:11,929 [  40546]   INFO - #c.i.o.p.MergingQueueGuiExecutor - Running task: (dumb mode task) UnindexedFilesIndexer[java-basics, reasons: [changes in: "Module 'java-basics.main' (all roots)", "Module 'java-basics.test' (all roots)", "Module 'java-basics' (project)"]]
2026-02-19 09:20:11,929 [  40546]   INFO - #c.i.u.i.FileBasedIndexImpl - Indexes are already loaded
2026-02-19 09:20:11,929 [  40546]   INFO - #c.i.u.i.c.IndexUpdateRunner - Using 8 workers for indexing and 4 for writing indexes
2026-02-19 09:20:11,929 [  40546]   INFO - #c.i.u.i.ProjectChangedFilesScanner - Retrieving changed during indexing files of java-basics : 0 to update, calculated in 0ms
2026-02-19 09:20:11,930 [  40547]   INFO - #c.i.u.i.UnindexedFilesIndexer - Finished for java-basics. Unindexed files update took 0ms; general responsiveness: ok; EDT responsiveness: ok
2026-02-19 09:20:11,930 [  40547]   INFO - #c.i.o.p.MergingQueueGuiExecutor - Task finished: (dumb mode task) UnindexedFilesIndexer[java-basics, reasons: [changes in: "Module 'java-basics.main' (all roots)", "Module 'java-basics.test' (all roots)", "Module 'java-basics' (project)"]]
2026-02-19 09:20:11,930 [  40547]   INFO - #c.i.o.p.DumbServiceImpl - exit dumb mode [java-basics]
2026-02-19 09:20:11,931 [  40548]   INFO - STDOUT - [IDE]: Task 'Analyzing project to enable smart features' ended
2026-02-19 09:20:11,958 [  40575]   INFO - #o.j.i.maven - Updating index list for project Project(name=java-basics, containerState=COMPONENT_CREATED, componentStore=/data/project)
2026-02-19 09:20:11,958 [  40575]   INFO - #o.j.i.maven - updating index list for Project(name=java-basics, containerState=COMPONENT_CREATED, componentStore=/data/project) - local:local:/data/cache/.m2 remains the same, nothing to update
2026-02-19 09:20:11,959 [  40576]   INFO - STDOUT - 'external-system' is completed.
2026-02-19 09:20:11,959 [  40576]   INFO - STDOUT - 'Maven' is in progress...
2026-02-19 09:20:16,797 [  45414]   INFO - #o.j.q.s.i.r.ConsoleLog - Keep running Project opening ... so far 30s
2026-02-19 09:20:16,798 [  45415]   INFO - STDOUT - Keep running Project opening ... so far 30s
2026-02-19 09:20:46,799 [  75416]   INFO - #o.j.q.s.i.r.ConsoleLog - Keep running Project opening ... so far 1m
2026-02-19 09:20:46,800 [  75417]   INFO - STDOUT - Keep running Project opening ... so far 1m
2026-02-19 09:20:47,286 [  75903]   INFO - #c.i.u.g.s.GistStorageImpl - Cleaning old huge-gists dirs from [/data/cache/idea/253/caches/huge-gists] ...
2026-02-19 09:20:47,287 [  75904]   INFO - #c.i.u.g.s.GistStorageImpl - Cleaning old huge-gists dirs finished
2026-02-19 09:20:58,977 [  87594]   INFO - #c.i.o.u.i.ExternalUpdateManager - update manager: -
2026-02-19 09:20:58,989 [  87606]   INFO - #c.i.o.w.i.X11UiUtil - Cannot get icon theme: Cannot run program "gsettings": Exec failed, error: 2 (No such file or directory) 
2026-02-19 09:21:16,801 [ 105418]   INFO - #o.j.q.s.i.r.ConsoleLog - Keep running Project opening ... so far 1m 30s
2026-02-19 09:21:16,802 [ 105419]   INFO - STDOUT - Keep running Project opening ... so far 1m 30s
2026-02-19 09:21:46,802 [ 135419]   INFO - #o.j.q.s.i.r.ConsoleLog - Keep running Project opening ... so far 2m
2026-02-19 09:21:46,804 [ 135421]   INFO - STDOUT - Keep running Project opening ... so far 2m
2026-02-19 09:22:16,803 [ 165420]   INFO - #o.j.q.s.i.r.ConsoleLog - Keep running Project opening ... so far 2m 30s
2026-02-19 09:22:16,804 [ 165421]   INFO - STDOUT - Keep running Project opening ... so far 2m 30s
2026-02-19 09:22:28,371 [ 176988]   INFO - #o.j.i.maven - Importing Maven project using Workspace API
2026-02-19 09:22:28,371 [ 176988]   INFO - #o.j.i.maven - maven plugin resolution started: [io.qameta.allure:allure-maven:2.10.0, org.apache.maven.plugins:maven-resources-plugin:3.2.0, org.apache.maven.plugins:maven-clean-plugin:3.2.0, org.apache.maven.plugins:maven-install-plugin:3.1.2, org.apache.maven.plugins:maven-surefire-plugin:2.22.2, org.apache.maven.plugins:maven-jar-plugin:3.4.1, org.apache.maven.plugins:maven-site-plugin:3.12.1, org.apache.maven.plugins:maven-failsafe-plugin:2.22.2, org.apache.maven.plugins:maven-deploy-plugin:3.1.2, org.apache.maven.plugins:maven-compiler-plugin:3.8.1]
2026-02-19 09:22:28,459 [ 177076]   INFO - #c.i.o.p.UnindexedFilesScannerExecutor - [15375f63] Running task: com.intellij.util.indexing.UnindexedFilesScannerExecutorImpl$ScheduledScanningTask@6399b98d
2026-02-19 09:22:28,460 [ 177077]   INFO - #c.i.p.c.i.PolyContextDiscoveryInfo$1 - Notifying that PolyContext may have changed due to roots changes.
2026-02-19 09:22:28,460 [ 177077]   INFO - #c.i.w.i.i.EntitiesOrphanageImpl - Update orphanage. 0 modules added
2026-02-19 09:22:28,465 [ 177082]   INFO - #c.i.w.i.i.WorkspaceModelImpl - Project model updated to version 20: Maven update project model
2026-02-19 09:22:28,476 [ 177093]   INFO - #o.j.i.m.i.w.WorkspaceProjectImporter - Project model updated to version 20 (attempts: 1, previous version: 19)
2026-02-19 09:22:28,479 [ 177096]   INFO - #o.j.i.maven - [maven import] applying models to workspace model took 108ms
2026-02-19 09:22:28,481 [ 177098]   INFO - #o.j.i.maven - Updating index list for project Project(name=java-basics, containerState=COMPONENT_CREATED, componentStore=/data/project)
2026-02-19 09:22:28,482 [ 177099]   INFO - #o.j.i.maven - updating index list for Project(name=java-basics, containerState=COMPONENT_CREATED, componentStore=/data/project) - local:local:/data/cache/.m2 remains the same, nothing to update
2026-02-19 09:22:28,493 [ 177110]   INFO - #c.i.u.i.UnindexedFilesScanner - [15375f63] scanning stage (scanning id=6): DelayedPushProperties
2026-02-19 09:22:28,495 [ 177112]   INFO - #c.i.u.i.FileBasedIndexImpl - Indexes are already loaded
2026-02-19 09:22:28,495 [ 177112]   INFO - #c.i.u.i.UnindexedFilesScanner - [15375f63] Started scanning for indexing of java-basics. Reason: Changes from WorkspaceFileIndex
2026-02-19 09:22:28,496 [ 177113]   INFO - #c.i.u.i.UnindexedFilesScanner - [15375f63] scanning stage (scanning id=6): CreatingIterators
2026-02-19 09:22:28,496 [ 177113]   INFO - #c.i.u.i.UnindexedFilesScanner - [15375f63] scanning stage (scanning id=6): CollectingIndexableFiles
2026-02-19 09:22:28,496 [ 177113]   INFO - #c.i.u.i.UnindexedFilesScanner - Scanning of java-basics uses 8 scanning threads
2026-02-19 09:22:28,581 [ 177198]   INFO - #c.i.o.p.DumbServiceImpl - enter dumb mode [java-basics]
2026-02-19 09:22:28,585 [ 177202]   INFO - #c.i.p.c.i.PolyContextDiscoveryInfo$1 - Notifying that PolyContext may have changed due to roots changes.
2026-02-19 09:22:28,589 [ 177206]   INFO - #c.i.u.i.IndexingReasonExplanationLogger - Scanner has updated file jakarta.activation-api-1.2.2.jar (id=85760) with appliers: [SingleIndexValueApplier{indexId=java.auto.module.name, inputId=85760, fileInfo='jakarta.activation-api-1.2.2.jar(id=85760)'}] and removers: []; 
2026-02-19 09:22:28,592 [ 177209]   INFO - #c.i.u.i.IndexingReasonExplanationLogger - Scheduling indexing of MimeType.class (id=85855) by request of indexes: [bytecodeAnalysis->NOT_INDEXED(not indexed),org.jetbrains.kotlin.idea.vfilefinder.KotlinClassFileIndex->NOT_INDEXED(not indexed),org.jetbrains.kotlin.idea.versions.KotlinJvmMetadataVersionIndex->NOT_INDEXED(not indexed),org.jetbrains.kotlin.idea.vfilefinder.KotlinPartialPackageNamesIndex->NOT_INDEXED(not indexed),KotlinBinaryRootToPackageIndex->NOT_INDEXED(not indexed),KotlinTopLevelCallableByPackageShortNameIndex->NOT_INDEXED(not indexed),KotlinTopLevelClassLikeDeclarationByPackageShortNameIndex->NOT_INDEXED(not indexed),filetypes->NOT_INDEXED(not indexed),Stubs->NOT_INDEXED(not indexed),]. Scanner has updated file MimeType.class (id=85855) with appliers: [SingleIndexValueApplier{indexId=filetypes, inputId=85855, fileInfo='MimeType.class(id=85855)'}] and removers: []; 
2026-02-19 09:22:28,594 [ 177211]   INFO - #c.i.u.i.IndexingReasonExplanationLogger - Scheduling indexing of CommandMap.class (id=85844) by request of indexes: [bytecodeAnalysis->NOT_INDEXED(not indexed),org.jetbrains.kotlin.idea.vfilefinder.KotlinClassFileIndex->NOT_INDEXED(not indexed),org.jetbrains.kotlin.idea.versions.KotlinJvmMetadataVersionIndex->NOT_INDEXED(not indexed),org.jetbrains.kotlin.idea.vfilefinder.KotlinPartialPackageNamesIndex->NOT_INDEXED(not indexed),KotlinBinaryRootToPackageIndex->NOT_INDEXED(not indexed),KotlinTopLevelCallableByPackageShortNameIndex->NOT_INDEXED(not indexed),KotlinTopLevelClassLikeDeclarationByPackageShortNameIndex->NOT_INDEXED(not indexed),filetypes->NOT_INDEXED(not indexed),Stubs->NOT_INDEXED(not indexed),]. Scanner has updated file CommandMap.class (id=85844) with appliers: [SingleIndexValueApplier{indexId=filetypes, inputId=85844, fileInfo='CommandMap.class(id=85844)'}] and removers: []; 
2026-02-19 09:22:28,595 [ 177212]   INFO - #c.i.u.i.IndexingReasonExplanationLogger - Scheduling indexing of DataSource.class (id=85848) by request of indexes: [bytecodeAnalysis->NOT_INDEXED(not indexed),org.jetbrains.kotlin.idea.vfilefinder.KotlinClassFileIndex->NOT_INDEXED(not indexed),org.jetbrains.kotlin.idea.versions.KotlinJvmMetadataVersionIndex->NOT_INDEXED(not indexed),org.jetbrains.kotlin.idea.vfilefinder.KotlinPartialPackageNamesIndex->NOT_INDEXED(not indexed),KotlinBinaryRootToPackageIndex->NOT_INDEXED(not indexed),KotlinTopLevelCallableByPackageShortNameIndex->NOT_INDEXED(not indexed),KotlinTopLevelClassLikeDeclarationByPackageShortNameIndex->NOT_INDEXED(not indexed),filetypes->NOT_INDEXED(not indexed),Stubs->NOT_INDEXED(not indexed),]. Scanner has updated file DataSource.class (id=85848) with appliers: [SingleIndexValueApplier{indexId=filetypes, inputId=85848, fileInfo='DataSource.class(id=85848)'}] and removers: []; 
2026-02-19 09:22:28,595 [ 177212]   INFO - #c.i.u.i.IndexingReasonExplanationLogger - Scheduling indexing of CommandInfo.class (id=85846) by request of indexes: [bytecodeAnalysis->NOT_INDEXED(not indexed),org.jetbrains.kotlin.idea.vfilefinder.KotlinClassFileIndex->NOT_INDEXED(not indexed),org.jetbrains.kotlin.idea.versions.KotlinJvmMetadataVersionIndex->NOT_INDEXED(not indexed),org.jetbrains.kotlin.idea.vfilefinder.KotlinPartialPackageNamesIndex->NOT_INDEXED(not indexed),KotlinBinaryRootToPackageIndex->NOT_INDEXED(not indexed),KotlinTopLevelCallableByPackageShortNameIndex->NOT_INDEXED(not indexed),KotlinTopLevelClassLikeDeclarationByPackageShortNameIndex->NOT_INDEXED(not indexed),filetypes->NOT_INDEXED(not indexed),Stubs->NOT_INDEXED(not indexed),]. Scanner has updated file CommandInfo.class (id=85846) with appliers: [SingleIndexValueApplier{indexId=filetypes, inputId=85846, fileInfo='CommandInfo.class(id=85846)'}] and removers: []; 
2026-02-19 09:22:28,596 [ 177213]   INFO - #c.i.u.i.IndexingReasonExplanationLogger - Scheduling indexing of DataHandler.class (id=85852) by request of indexes: [bytecodeAnalysis->NOT_INDEXED(not indexed),org.jetbrains.kotlin.idea.vfilefinder.KotlinClassFileIndex->NOT_INDEXED(not indexed),org.jetbrains.kotlin.idea.versions.KotlinJvmMetadataVersionIndex->NOT_INDEXED(not indexed),org.jetbrains.kotlin.idea.vfilefinder.KotlinPartialPackageNamesIndex->NOT_INDEXED(not indexed),KotlinBinaryRootToPackageIndex->NOT_INDEXED(not indexed),KotlinTopLevelCallableByPackageShortNameIndex->NOT_INDEXED(not indexed),KotlinTopLevelClassLikeDeclarationByPackageShortNameIndex->NOT_INDEXED(not indexed),filetypes->NOT_INDEXED(not indexed),Stubs->NOT_INDEXED(not indexed),]. Scanner has updated file DataHandler.class (id=85852) with appliers: [SingleIndexValueApplier{indexId=filetypes, inputId=85852, fileInfo='DataHandler.class(id=85852)'}] and removers: []; 
2026-02-19 09:22:28,597 [ 177214]   INFO - #c.i.u.i.IndexingReasonExplanationLogger - Scheduling indexing of FileTypeMap.class (id=85836) by request of indexes: [bytecodeAnalysis->NOT_INDEXED(not indexed),org.jetbrains.kotlin.idea.vfilefinder.KotlinClassFileIndex->NOT_INDEXED(not indexed),org.jetbrains.kotlin.idea.versions.KotlinJvmMetadataVersionIndex->NOT_INDEXED(not indexed),org.jetbrains.kotlin.idea.vfilefinder.KotlinPartialPackageNamesIndex->NOT_INDEXED(not indexed),KotlinBinaryRootToPackageIndex->NOT_INDEXED(not indexed),KotlinTopLevelCallableByPackageShortNameIndex->NOT_INDEXED(not indexed),KotlinTopLevelClassLikeDeclarationByPackageShortNameIndex->NOT_INDEXED(not indexed),filetypes->NOT_INDEXED(not indexed),Stubs->NOT_INDEXED(not indexed),]. Scanner has updated file FileTypeMap.class (id=85836) with appliers: [SingleIndexValueApplier{indexId=filetypes, inputId=85836, fileInfo='FileTypeMap.class(id=85836)'}] and removers: []; 
2026-02-19 09:22:28,597 [ 177214]   INFO - #c.i.u.i.IndexingReasonExplanationLogger - Scheduling indexing of CommandObject.class (id=85847) by request of indexes: [bytecodeAnalysis->NOT_INDEXED(not indexed),org.jetbrains.kotlin.idea.vfilefinder.KotlinClassFileIndex->NOT_INDEXED(not indexed),org.jetbrains.kotlin.idea.versions.KotlinJvmMetadataVersionIndex->NOT_INDEXED(not indexed),org.jetbrains.kotlin.idea.vfilefinder.KotlinPartialPackageNamesIndex->NOT_INDEXED(not indexed),KotlinBinaryRootToPackageIndex->NOT_INDEXED(not indexed),KotlinTopLevelCallableByPackageShortNameIndex->NOT_INDEXED(not indexed),KotlinTopLevelClassLikeDeclarationByPackageShortNameIndex->NOT_INDEXED(not indexed),filetypes->NOT_INDEXED(not indexed),Stubs->NOT_INDEXED(not indexed),]. Scanner has updated file CommandObject.class (id=85847) with appliers: [SingleIndexValueApplier{indexId=filetypes, inputId=85847, fileInfo='CommandObject.class(id=85847)'}] and removers: []; 
2026-02-19 09:22:28,598 [ 177215]   INFO - #c.i.u.i.IndexingReasonExplanationLogger - Scheduling indexing of DataHandler$1.class (id=85853) by request of indexes: [bytecodeAnalysis->NOT_INDEXED(not indexed),org.jetbrains.kotlin.idea.vfilefinder.KotlinClassFileIndex->NOT_INDEXED(not indexed),org.jetbrains.kotlin.idea.versions.KotlinJvmMetadataVersionIndex->NOT_INDEXED(not indexed),org.jetbrains.kotlin.idea.vfilefinder.KotlinPartialPackageNamesIndex->NOT_INDEXED(not indexed),KotlinBinaryRootToPackageIndex->NOT_INDEXED(not indexed),KotlinTopLevelCallableByPackageShortNameIndex->NOT_INDEXED(not indexed),KotlinTopLevelClassLikeDeclarationByPackageShortNameIndex->NOT_INDEXED(not indexed),filetypes->NOT_INDEXED(not indexed),Stubs->NOT_INDEXED(not indexed),]. Scanner has updated file DataHandler$1.class (id=85853) with appliers: [SingleIndexValueApplier{indexId=filetypes, inputId=85853, fileInfo='DataHandler$1.class(id=85853)'}] and removers: []; 
2026-02-19 09:22:28,598 [ 177215]   INFO - #c.i.u.i.IndexingReasonExplanationLogger - Scheduling indexing of URLDataSource.class (id=85831) by request of indexes: [bytecodeAnalysis->NOT_INDEXED(not indexed),org.jetbrains.kotlin.idea.vfilefinder.KotlinClassFileIndex->NOT_INDEXED(not indexed),org.jetbrains.kotlin.idea.versions.KotlinJvmMetadataVersionIndex->NOT_INDEXED(not indexed),org.jetbrains.kotlin.idea.vfilefinder.KotlinPartialPackageNamesIndex->NOT_INDEXED(not indexed),KotlinBinaryRootToPackageIndex->NOT_INDEXED(not indexed),KotlinTopLevelCallableByPackageShortNameIndex->NOT_INDEXED(not indexed),KotlinTopLevelClassLikeDeclarationByPackageShortNameIndex->NOT_INDEXED(not indexed),filetypes->NOT_INDEXED(not indexed),Stubs->NOT_INDEXED(not indexed),]. Scanner has updated file URLDataSource.class (id=85831) with appliers: [SingleIndexValueApplier{indexId=filetypes, inputId=85831, fileInfo='URLDataSource.class(id=85831)'}] and removers: []; 
2026-02-19 09:22:28,599 [ 177216]   INFO - #c.i.u.i.IndexingReasonExplanationLogger - Scheduling indexing of FileDataSource.class (id=85861) by request of indexes: [bytecodeAnalysis->NOT_INDEXED(not indexed),org.jetbrains.kotlin.idea.vfilefinder.KotlinClassFileIndex->NOT_INDEXED(not indexed),org.jetbrains.kotlin.idea.versions.KotlinJvmMetadataVersionIndex->NOT_INDEXED(not indexed),org.jetbrains.kotlin.idea.vfilefinder.KotlinPartialPackageNamesIndex->NOT_INDEXED(not indexed),KotlinBinaryRootToPackageIndex->NOT_INDEXED(not indexed),KotlinTopLevelCallableByPackageShortNameIndex->NOT_INDEXED(not indexed),KotlinTopLevelClassLikeDeclarationByPackageShortNameIndex->NOT_INDEXED(not indexed),filetypes->NOT_INDEXED(not indexed),Stubs->NOT_INDEXED(not indexed),]. Scanner has updated file FileDataSource.class (id=85861) with appliers: [SingleIndexValueApplier{indexId=filetypes, inputId=85861, fileInfo='FileDataSource.class(id=85861)'}] and removers: []; 
2026-02-19 09:22:28,599 [ 177216]   INFO - #c.i.o.p.MergingQueueGuiExecutor - Running task: (dumb mode task) com.intellij.openapi.roots.impl.PushedFilePropertiesUpdaterImpl$MyDumbModeTask@2aad7e42 (reason: Push on VFS changes)
2026-02-19 09:22:28,599 [ 177216]   INFO - #c.i.u.i.IndexingReasonExplanationLogger - Scanner has updated file javax.activation-api-1.2.0.jar (id=85754) with appliers: [SingleIndexValueApplier{indexId=java.auto.module.name, inputId=85754, fileInfo='javax.activation-api-1.2.0.jar(id=85754)'}] and removers: []; 
2026-02-19 09:22:28,599 [ 177216]   INFO - #c.i.o.p.MergingQueueGuiExecutor - Task finished: (dumb mode task) com.intellij.openapi.roots.impl.PushedFilePropertiesUpdaterImpl$MyDumbModeTask@2aad7e42 (reason: Push on VFS changes)
2026-02-19 09:22:28,618 [ 177235]   INFO - #c.i.p.c.i.PolyContextDiscoveryInfo$1 - Notifying that PolyContext may have changed due to roots changes.
2026-02-19 09:22:28,621 [ 177238]   INFO - STDOUT - [IDE]: Task 'Analyzing project to enable smart features' ended
2026-02-19 09:22:28,623 [ 177240]   INFO - #c.i.o.p.MergingQueueGuiExecutor - Running task: (dumb mode task) com.intellij.openapi.roots.impl.PushedFilePropertiesUpdaterImpl$MyDumbModeTask@5c15a164 (reason: Push on VFS changes)
2026-02-19 09:22:28,663 [ 177280]   INFO - #c.i.p.c.i.PolyContextDiscoveryInfo$1 - Notifying that PolyContext may have changed due to roots changes.
2026-02-19 09:22:28,666 [ 177283]   INFO - #c.i.u.i.IndexingReasonExplanationLogger - Scanner has updated file jaxb-api-2.3.1.jar (id=85766) with appliers: [SingleIndexValueApplier{indexId=java.auto.module.name, inputId=85766, fileInfo='jaxb-api-2.3.1.jar(id=85766)'}] and removers: []; 
2026-02-19 09:22:28,670 [ 177287]   INFO - #c.i.u.i.IndexingReasonExplanationLogger - Scanner has updated file commons-codec-1.9.jar (id=85777) with appliers: [SingleIndexValueApplier{indexId=java.auto.module.name, inputId=85777, fileInfo='commons-codec-1.9.jar(id=85777)'}] and removers: []; 
2026-02-19 09:22:28,670 [ 177287]   INFO - #c.i.u.i.IndexingReasonExplanationLogger - Scanner has updated file commons-logging-1.2.jar (id=85786) with appliers: [SingleIndexValueApplier{indexId=java.auto.module.name, inputId=85786, fileInfo='commons-logging-1.2.jar(id=85786)'}] and removers: []; 
2026-02-19 09:22:28,671 [ 177288]   INFO - #c.i.u.i.IndexingReasonExplanationLogger - Scanner has updated file activation-1.1.1.jar (id=85781) with appliers: [SingleIndexValueApplier{indexId=java.auto.module.name, inputId=85781, fileInfo='activation-1.1.1.jar(id=85781)'}] and removers: []; 
2026-02-19 09:22:28,671 [ 177288]   INFO - #c.i.o.p.MergingQueueGuiExecutor - Task finished: (dumb mode task) com.intellij.openapi.roots.impl.PushedFilePropertiesUpdaterImpl$MyDumbModeTask@5c15a164 (reason: Push on VFS changes)
2026-02-19 09:22:28,672 [ 177289]   INFO - #c.i.o.p.MergingQueueGuiExecutor - Running task: (dumb mode task) com.intellij.openapi.roots.impl.PushedFilePropertiesUpdaterImpl$MyDumbModeTask@73621ebd (reason: Push on VFS changes)
2026-02-19 09:22:28,673 [ 177290]   INFO - #c.i.o.p.MergingQueueGuiExecutor - Task finished: (dumb mode task) com.intellij.openapi.roots.impl.PushedFilePropertiesUpdaterImpl$MyDumbModeTask@73621ebd (reason: Push on VFS changes)
2026-02-19 09:22:28,675 [ 177292]   INFO - #c.i.o.p.DumbServiceImpl - exit dumb mode [java-basics]
2026-02-19 09:22:28,680 [ 177297]   INFO - #c.i.u.i.IndexingReasonExplanationLogger - Scanner has updated file jakarta.xml.bind-api-2.3.3.jar (id=85772) with appliers: [SingleIndexValueApplier{indexId=java.auto.module.name, inputId=85772, fileInfo='jakarta.xml.bind-api-2.3.3.jar(id=85772)'}] and removers: []; 
2026-02-19 09:22:28,682 [ 177299]   INFO - STDOUT - [IDE]: Task 'Analyzing project to enable smart features' ended
2026-02-19 09:22:28,715 [ 177332]   INFO - #c.i.u.i.IndexingReasonExplanationLogger - Scanner has updated file byte-buddy-1.10.19.jar (id=85792) with appliers: [SingleIndexValueApplier{indexId=java.auto.module.name, inputId=85792, fileInfo='byte-buddy-1.10.19.jar(id=85792)'}] and removers: []; 
2026-02-19 09:22:28,803 [ 177420]   INFO - #c.i.u.i.UnindexedFilesScanner - [15375f63] Scanning completed for java-basics. Number of scanned files: 3064; number of files for indexing: 3064
2026-02-19 09:22:28,806 [ 177423]   INFO - #c.i.o.p.UnindexedFilesScannerExecutor - [15375f63] Task finished (scanning id=6): com.intellij.util.indexing.UnindexedFilesScannerExecutorImpl$ScheduledScanningTask@6399b98d
2026-02-19 09:22:28,826 [ 177443]   INFO - #c.i.o.p.UnindexedFilesScannerExecutor - [15375f63] Running task: com.intellij.util.indexing.UnindexedFilesScannerExecutorImpl$ScheduledScanningTask@42af593
2026-02-19 09:22:28,830 [ 177447]   INFO - #c.i.u.i.UnindexedFilesScanner - [15375f63] scanning stage (scanning id=7): DelayedPushProperties
2026-02-19 09:22:28,837 [ 177454]   INFO - #c.i.u.i.FileBasedIndexImpl - Indexes are already loaded
2026-02-19 09:22:28,846 [ 177463]   INFO - #c.i.u.i.UnindexedFilesScanner - [15375f63] Started scanning for indexing of java-basics. Reason: Merged changes in: "Module 'java-basics' (project)" with Changes from WorkspaceFileIndex with Changes from WorkspaceFileIndex with Changes from WorkspaceFileIndex with Changes from WorkspaceFileIndex with Changes from WorkspaceFileIndex with Changes from WorkspaceFileIndex
2026-02-19 09:22:28,849 [ 177466]   INFO - #c.i.u.i.UnindexedFilesScanner - [15375f63] scanning stage (scanning id=7): CreatingIterators
2026-02-19 09:22:28,851 [ 177468]   INFO - #c.i.u.i.UnindexedFilesScanner - [15375f63] scanning stage (scanning id=7): CollectingIndexableFiles
2026-02-19 09:22:28,853 [ 177470]   INFO - #c.i.u.i.UnindexedFilesScanner - Scanning of java-basics uses 8 scanning threads
2026-02-19 09:22:28,854 [ 177471]   INFO - #c.i.o.p.DumbServiceImpl - enter dumb mode [java-basics]
2026-02-19 09:22:28,855 [ 177472]   INFO - #c.i.u.i.IndexingReasonExplanationLogger - Scanner has updated file reactive-streams-1.0.3.jar (id=86165) with appliers: [SingleIndexValueApplier{indexId=java.auto.module.name, inputId=86165, fileInfo='reactive-streams-1.0.3.jar(id=86165)'}] and removers: []; 
2026-02-19 09:22:28,856 [ 177473]   INFO - #c.i.u.i.IndexingReasonExplanationLogger - Scanner has updated file selenium-firefox-xpi-driver-4.0.0-beta-1.jar (id=86237) with appliers: [SingleIndexValueApplier{indexId=java.auto.module.name, inputId=86237, fileInfo='selenium-firefox-xpi-driver-4.0.0-beta-1.jar(id=86237)'}] and removers: []; 
2026-02-19 09:22:28,863 [ 177480]   INFO - #c.i.u.i.IndexingReasonExplanationLogger - Scheduling indexing of Processor.class (id=88825) by request of indexes: [bytecodeAnalysis->NOT_INDEXED(not indexed),org.jetbrains.kotlin.idea.vfilefinder.KotlinClassFileIndex->NOT_INDEXED(not indexed),org.jetbrains.kotlin.idea.versions.KotlinJvmMetadataVersionIndex->NOT_INDEXED(not indexed),org.jetbrains.kotlin.idea.vfilefinder.KotlinPartialPackageNamesIndex->NOT_INDEXED(not indexed),KotlinBinaryRootToPackageIndex->NOT_INDEXED(not indexed),KotlinTopLevelCallableByPackageShortNameIndex->NOT_INDEXED(not indexed),KotlinTopLevelClassLikeDeclarationByPackageShortNameIndex->NOT_INDEXED(not indexed),filetypes->NOT_INDEXED(not indexed),Stubs->NOT_INDEXED(not indexed),]. Scanner has updated file Processor.class (id=88825) with appliers: [SingleIndexValueApplier{indexId=filetypes, inputId=88825, fileInfo='Processor.class(id=88825)'}] and removers: []; 
2026-02-19 09:22:28,866 [ 177483]   INFO - #c.i.u.i.IndexingReasonExplanationLogger - Scheduling indexing of Publisher.class (id=88823) by request of indexes: [bytecodeAnalysis->NOT_INDEXED(not indexed),org.jetbrains.kotlin.idea.vfilefinder.KotlinClassFileIndex->NOT_INDEXED(not indexed),org.jetbrains.kotlin.idea.versions.KotlinJvmMetadataVersionIndex->NOT_INDEXED(not indexed),org.jetbrains.kotlin.idea.vfilefinder.KotlinPartialPackageNamesIndex->NOT_INDEXED(not indexed),KotlinBinaryRootToPackageIndex->NOT_INDEXED(not indexed),KotlinTopLevelCallableByPackageShortNameIndex->NOT_INDEXED(not indexed),KotlinTopLevelClassLikeDeclarationByPackageShortNameIndex->NOT_INDEXED(not indexed),filetypes->NOT_INDEXED(not indexed),Stubs->NOT_INDEXED(not indexed),]. Scanner has updated file Publisher.class (id=88823) with appliers: [SingleIndexValueApplier{indexId=filetypes, inputId=88823, fileInfo='Publisher.class(id=88823)'}] and removers: []; 
2026-02-19 09:22:28,867 [ 177484]   INFO - #c.i.u.i.IndexingReasonExplanationLogger - Scheduling indexing of Subscriber.class (id=88822) by request of indexes: [bytecodeAnalysis->NOT_INDEXED(not indexed),org.jetbrains.kotlin.idea.vfilefinder.KotlinClassFileIndex->NOT_INDEXED(not indexed),org.jetbrains.kotlin.idea.versions.KotlinJvmMetadataVersionIndex->NOT_INDEXED(not indexed),org.jetbrains.kotlin.idea.vfilefinder.KotlinPartialPackageNamesIndex->NOT_INDEXED(not indexed),KotlinBinaryRootToPackageIndex->NOT_INDEXED(not indexed),KotlinTopLevelCallableByPackageShortNameIndex->NOT_INDEXED(not indexed),KotlinTopLevelClassLikeDeclarationByPackageShortNameIndex->NOT_INDEXED(not indexed),filetypes->NOT_INDEXED(not indexed),Stubs->NOT_INDEXED(not indexed),]. Scanner has updated file Subscriber.class (id=88822) with appliers: [SingleIndexValueApplier{indexId=filetypes, inputId=88822, fileInfo='Subscriber.class(id=88822)'}] and removers: []; 
2026-02-19 09:22:28,868 [ 177485]   INFO - #c.i.u.i.IndexingReasonExplanationLogger - Scheduling indexing of FlowAdapters.class (id=88832) by request of indexes: [bytecodeAnalysis->NOT_INDEXED(not indexed),org.jetbrains.kotlin.idea.vfilefinder.KotlinClassFileIndex->NOT_INDEXED(not indexed),org.jetbrains.kotlin.idea.versions.KotlinJvmMetadataVersionIndex->NOT_INDEXED(not indexed),org.jetbrains.kotlin.idea.vfilefinder.KotlinPartialPackageNamesIndex->NOT_INDEXED(not indexed),KotlinBinaryRootToPackageIndex->NOT_INDEXED(not indexed),KotlinTopLevelCallableByPackageShortNameIndex->NOT_INDEXED(not indexed),KotlinTopLevelClassLikeDeclarationByPackageShortNameIndex->NOT_INDEXED(not indexed),filetypes->NOT_INDEXED(not indexed),Stubs->NOT_INDEXED(not indexed),]. Scanner has updated file FlowAdapters.class (id=88832) with appliers: [SingleIndexValueApplier{indexId=filetypes, inputId=88832, fileInfo='FlowAdapters.class(id=88832)'}] and removers: []; 
2026-02-19 09:22:28,868 [ 177485]   INFO - #c.i.u.i.IndexingReasonExplanationLogger - Scheduling indexing of Subscription.class (id=88827) by request of indexes: [bytecodeAnalysis->NOT_INDEXED(not indexed),org.jetbrains.kotlin.idea.vfilefinder.KotlinClassFileIndex->NOT_INDEXED(not indexed),org.jetbrains.kotlin.idea.versions.KotlinJvmMetadataVersionIndex->NOT_INDEXED(not indexed),org.jetbrains.kotlin.idea.vfilefinder.KotlinPartialPackageNamesIndex->NOT_INDEXED(not indexed),KotlinBinaryRootToPackageIndex->NOT_INDEXED(not indexed),KotlinTopLevelCallableByPackageShortNameIndex->NOT_INDEXED(not indexed),KotlinTopLevelClassLikeDeclarationByPackageShortNameIndex->NOT_INDEXED(not indexed),filetypes->NOT_INDEXED(not indexed),Stubs->NOT_INDEXED(not indexed),]. Scanner has updated file Subscription.class (id=88827) with appliers: [SingleIndexValueApplier{indexId=filetypes, inputId=88827, fileInfo='Subscription.class(id=88827)'}] and removers: []; 
2026-02-19 09:22:28,868 [ 177485]   INFO - #c.i.u.i.IndexingReasonExplanationLogger - Scheduling indexing of FlowAdapters$FlowToReactiveProcessor.class (id=88831) by request of indexes: [bytecodeAnalysis->NOT_INDEXED(not indexed),org.jetbrains.kotlin.idea.vfilefinder.KotlinClassFileIndex->NOT_INDEXED(not indexed),org.jetbrains.kotlin.idea.versions.KotlinJvmMetadataVersionIndex->NOT_INDEXED(not indexed),org.jetbrains.kotlin.idea.vfilefinder.KotlinPartialPackageNamesIndex->NOT_INDEXED(not indexed),KotlinBinaryRootToPackageIndex->NOT_INDEXED(not indexed),KotlinTopLevelCallableByPackageShortNameIndex->NOT_INDEXED(not indexed),KotlinTopLevelClassLikeDeclarationByPackageShortNameIndex->NOT_INDEXED(not indexed),filetypes->NOT_INDEXED(not indexed),Stubs->NOT_INDEXED(not indexed),]. Scanner has updated file FlowAdapters$FlowToReactiveProcessor.class (id=88831) with appliers: [SingleIndexValueApplier{indexId=filetypes, inputId=88831, fileInfo='FlowAdapters$FlowToReactiveProcessor.class(id=88831)'}] and removers: []; 
2026-02-19 09:22:28,869 [ 177486]   INFO - #c.i.u.i.IndexingReasonExplanationLogger - Scheduling indexing of FlowAdapters$ReactiveToFlowProcessor.class (id=88829) by request of indexes: [bytecodeAnalysis->NOT_INDEXED(not indexed),org.jetbrains.kotlin.idea.vfilefinder.KotlinClassFileIndex->NOT_INDEXED(not indexed),org.jetbrains.kotlin.idea.versions.KotlinJvmMetadataVersionIndex->NOT_INDEXED(not indexed),org.jetbrains.kotlin.idea.vfilefinder.KotlinPartialPackageNamesIndex->NOT_INDEXED(not indexed),KotlinBinaryRootToPackageIndex->NOT_INDEXED(not indexed),KotlinTopLevelCallableByPackageShortNameIndex->NOT_INDEXED(not indexed),KotlinTopLevelClassLikeDeclarationByPackageShortNameIndex->NOT_INDEXED(not indexed),filetypes->NOT_INDEXED(not indexed),Stubs->NOT_INDEXED(not indexed),]. Scanner has updated file FlowAdapters$ReactiveToFlowProcessor.class (id=88829) with appliers: [SingleIndexValueApplier{indexId=filetypes, inputId=88829, fileInfo='FlowAdapters$ReactiveToFlowProcessor.class(id=88829)'}] and removers: []; 
2026-02-19 09:22:28,870 [ 177487]   INFO - #c.i.u.i.IndexingReasonExplanationLogger - Scheduling indexing of FlowAdapters$FlowToReactiveSubscriber.class (id=88824) by request of indexes: [bytecodeAnalysis->NOT_INDEXED(not indexed),org.jetbrains.kotlin.idea.vfilefinder.KotlinClassFileIndex->NOT_INDEXED(not indexed),org.jetbrains.kotlin.idea.versions.KotlinJvmMetadataVersionIndex->NOT_INDEXED(not indexed),org.jetbrains.kotlin.idea.vfilefinder.KotlinPartialPackageNamesIndex->NOT_INDEXED(not indexed),KotlinBinaryRootToPackageIndex->NOT_INDEXED(not indexed),KotlinTopLevelCallableByPackageShortNameIndex->NOT_INDEXED(not indexed),KotlinTopLevelClassLikeDeclarationByPackageShortNameIndex->NOT_INDEXED(not indexed),filetypes->NOT_INDEXED(not indexed),Stubs->NOT_INDEXED(not indexed),]. Scanner has updated file FlowAdapters$FlowToReactiveSubscriber.class (id=88824) with appliers: [SingleIndexValueApplier{indexId=filetypes, inputId=88824, fileInfo='FlowAdapters$FlowToReactiveSubscriber.class(id=88824)'}] and removers: []; 
2026-02-19 09:22:28,871 [ 177488]   INFO - #c.i.u.i.IndexingReasonExplanationLogger - Scheduling indexing of FlowAdapters$ReactiveToFlowSubscriber.class (id=88819) by request of indexes: [bytecodeAnalysis->NOT_INDEXED(not indexed),org.jetbrains.kotlin.idea.vfilefinder.KotlinClassFileIndex->NOT_INDEXED(not indexed),org.jetbrains.kotlin.idea.versions.KotlinJvmMetadataVersionIndex->NOT_INDEXED(not indexed),org.jetbrains.kotlin.idea.vfilefinder.KotlinPartialPackageNamesIndex->NOT_INDEXED(not indexed),KotlinBinaryRootToPackageIndex->NOT_INDEXED(not indexed),KotlinTopLevelCallableByPackageShortNameIndex->NOT_INDEXED(not indexed),KotlinTopLevelClassLikeDeclarationByPackageShortNameIndex->NOT_INDEXED(not indexed),filetypes->NOT_INDEXED(not indexed),Stubs->NOT_INDEXED(not indexed),]. Scanner has updated file FlowAdapters$ReactiveToFlowSubscriber.class (id=88819) with appliers: [SingleIndexValueApplier{indexId=filetypes, inputId=88819, fileInfo='FlowAdapters$ReactiveToFlowSubscriber.class(id=88819)'}] and removers: []; 
2026-02-19 09:22:28,871 [ 177488]   INFO - #c.i.u.i.IndexingReasonExplanationLogger - Scheduling indexing of FlowAdapters$FlowPublisherFromReactive.class (id=88830) by request of indexes: [bytecodeAnalysis->NOT_INDEXED(not indexed),org.jetbrains.kotlin.idea.vfilefinder.KotlinClassFileIndex->NOT_INDEXED(not indexed),org.jetbrains.kotlin.idea.versions.KotlinJvmMetadataVersionIndex->NOT_INDEXED(not indexed),org.jetbrains.kotlin.idea.vfilefinder.KotlinPartialPackageNamesIndex->NOT_INDEXED(not indexed),KotlinBinaryRootToPackageIndex->NOT_INDEXED(not indexed),KotlinTopLevelCallableByPackageShortNameIndex->NOT_INDEXED(not indexed),KotlinTopLevelClassLikeDeclarationByPackageShortNameIndex->NOT_INDEXED(not indexed),filetypes->NOT_INDEXED(not indexed),Stubs->NOT_INDEXED(not indexed),]. Scanner has updated file FlowAdapters$FlowPublisherFromReactive.class (id=88830) with appliers: [SingleIndexValueApplier{indexId=filetypes, inputId=88830, fileInfo='FlowAdapters$FlowPublisherFromReactive.class(id=88830)'}] and removers: []; 
2026-02-19 09:22:28,871 [ 177488]   INFO - #c.i.u.i.IndexingReasonExplanationLogger - Scanner has updated file x_ignore_nofocus.so (id=91462) with appliers: [SingleIndexValueApplier{indexId=filetypes, inputId=91462, fileInfo='x_ignore_nofocus.so(id=91462)'}] and removers: []; 
2026-02-19 09:22:28,871 [ 177488]   INFO - #c.i.o.p.MergingQueueGuiExecutor - Running task: (dumb mode task) UnindexedFilesIndexer[java-basics, reasons: [Changes from WorkspaceFileIndex]]
2026-02-19 09:22:28,871 [ 177488]   INFO - #c.i.u.i.IndexingReasonExplanationLogger - Scanner has updated file x_ignore_nofocus.so (id=91488) with appliers: [SingleIndexValueApplier{indexId=filetypes, inputId=91488, fileInfo='x_ignore_nofocus.so(id=91488)'}] and removers: []; 
2026-02-19 09:22:28,871 [ 177488]   INFO - #c.i.u.i.IndexingReasonExplanationLogger - Scanner has updated file selenium-remote-driver-4.0.0-beta-1.jar (id=86095) with appliers: [SingleIndexValueApplier{indexId=java.auto.module.name, inputId=86095, fileInfo='selenium-remote-driver-4.0.0-beta-1.jar(id=86095)'}] and removers: []; 
2026-02-19 09:22:28,872 [ 177489]   INFO - #c.i.u.i.IndexingReasonExplanationLogger - Scanner has updated file junit-platform-commons-1.7.0.jar (id=86224) with appliers: [SingleIndexValueApplier{indexId=java.auto.module.name, inputId=86224, fileInfo='junit-platform-commons-1.7.0.jar(id=86224)'}] and removers: []; 
2026-02-19 09:22:28,873 [ 177490]   INFO - #c.i.u.i.IndexingReasonExplanationLogger - Scanner has updated file selenium-api-4.0.0-beta-1.jar (id=86160) with appliers: [SingleIndexValueApplier{indexId=java.auto.module.name, inputId=86160, fileInfo='selenium-api-4.0.0-beta-1.jar(id=86160)'}] and removers: []; 
2026-02-19 09:22:28,873 [ 177490]   INFO - #c.i.u.i.IndexingReasonExplanationLogger - Scanner has updated file webdriver.xpi (id=91445) with appliers: [SingleIndexValueApplier{indexId=filetypes, inputId=91445, fileInfo='webdriver.xpi(id=91445)'}] and removers: []; 
2026-02-19 09:22:28,873 [ 177490]   INFO - #c.i.u.i.IndexingReasonExplanationLogger - Scanner has updated file slf4j-api-1.7.30.jar (id=86195) with appliers: [SingleIndexValueApplier{indexId=java.auto.module.name, inputId=86195, fileInfo='slf4j-api-1.7.30.jar(id=86195)'}] and removers: []; 
2026-02-19 09:22:28,873 [ 177490]   INFO - #c.i.u.i.IndexingReasonExplanationLogger - Scanner has updated file junit-jupiter-engine-5.7.0.jar (id=86114) with appliers: [SingleIndexValueApplier{indexId=java.auto.module.name, inputId=86114, fileInfo='junit-jupiter-engine-5.7.0.jar(id=86114)'}] and removers: []; 
2026-02-19 09:22:28,903 [ 177520]   INFO - #c.i.p.c.i.PolyContextDiscoveryInfo$1 - Notifying that PolyContext may have changed due to roots changes.
2026-02-19 09:22:29,321 [ 177938]   INFO - #c.i.u.i.UnindexedFilesScanner - [15375f63] Scanning completed for java-basics. Number of scanned files: 26979; number of files for indexing: 25446
2026-02-19 09:22:29,322 [ 177939]   INFO - #c.i.o.p.UnindexedFilesScannerExecutor - [15375f63] Task finished (scanning id=7): com.intellij.util.indexing.UnindexedFilesScannerExecutorImpl$ScheduledScanningTask@42af593
2026-02-19 09:22:29,322 [ 177939]   INFO - #c.i.u.i.FileBasedIndexImpl - Indexes are already loaded
2026-02-19 09:22:29,322 [ 177939]   INFO - #c.i.u.i.c.IndexUpdateRunner - Using 8 workers for indexing and 4 for writing indexes
2026-02-19 09:22:32,042 [ 180659]   INFO - #c.i.u.i.c.IndexUpdateRunner - Coroutine 7 finished gracefully
2026-02-19 09:22:32,043 [ 180660]   INFO - #c.i.u.i.c.IndexUpdateRunner - Coroutine 6 finished gracefully
2026-02-19 09:22:32,043 [ 180660]   INFO - #c.i.u.i.c.IndexUpdateRunner - Coroutine 4 finished gracefully
2026-02-19 09:22:32,043 [ 180660]   INFO - #c.i.u.i.c.IndexUpdateRunner - Coroutine 5 finished gracefully
2026-02-19 09:22:32,043 [ 180660]   INFO - #c.i.u.i.c.IndexUpdateRunner - Coroutine 2 finished gracefully
2026-02-19 09:22:32,043 [ 180660]   INFO - #c.i.u.i.c.IndexUpdateRunner - Coroutine 1 finished gracefully
2026-02-19 09:22:32,043 [ 180660]   INFO - #c.i.u.i.c.IndexUpdateRunner - Coroutine 0 finished gracefully
2026-02-19 09:22:32,060 [ 180677]   INFO - #c.i.u.i.c.IndexUpdateRunner - Coroutine 3 finished gracefully
2026-02-19 09:22:32,095 [ 180712]   INFO - #c.i.u.i.ProjectChangedFilesScanner - Retrieving changed during indexing files of java-basics : 160 to update, calculated in 10ms
2026-02-19 09:22:32,283 [ 180900]   INFO - #c.i.u.i.c.IndexUpdateRunner - Coroutine 4 finished gracefully
2026-02-19 09:22:32,284 [ 180901]   INFO - #c.i.u.i.c.IndexUpdateRunner - Coroutine 7 finished gracefully
2026-02-19 09:22:32,285 [ 180902]   INFO - #c.i.u.i.c.IndexUpdateRunner - Coroutine 5 finished gracefully
2026-02-19 09:22:32,288 [ 180905]   INFO - #c.i.u.i.c.IndexUpdateRunner - Coroutine 2 finished gracefully
2026-02-19 09:22:32,289 [ 180906]   INFO - #c.i.u.i.c.IndexUpdateRunner - Coroutine 3 finished gracefully
2026-02-19 09:22:32,291 [ 180908]   INFO - #c.i.u.i.c.IndexUpdateRunner - Coroutine 0 finished gracefully
2026-02-19 09:22:32,293 [ 180910]   INFO - #c.i.u.i.c.IndexUpdateRunner - Coroutine 6 finished gracefully
2026-02-19 09:22:32,297 [ 180914]   INFO - #c.i.u.i.c.IndexUpdateRunner - Coroutine 1 finished gracefully
2026-02-19 09:22:32,320 [ 180937]   INFO - #c.i.u.i.UnindexedFilesIndexer - Finished for java-basics. Unindexed files update took 2998ms; general responsiveness: ok; EDT responsiveness: ok
2026-02-19 09:22:32,321 [ 180938]   INFO - #c.i.o.p.MergingQueueGuiExecutor - Task finished: (dumb mode task) UnindexedFilesIndexer[java-basics, reasons: [Changes from WorkspaceFileIndex]]
2026-02-19 09:22:32,323 [ 180940]   INFO - #c.i.o.p.MergingQueueGuiExecutor - Running task: (dumb mode task) com.intellij.openapi.roots.impl.PushedFilePropertiesUpdaterImpl$MyDumbModeTask@53428e07 (reason: Push on VFS changes)
2026-02-19 09:22:32,326 [ 180943]   INFO - #c.i.o.p.UnindexedFilesScannerExecutor - [15375f63] Running task: com.intellij.util.indexing.UnindexedFilesScannerExecutorImpl$ScheduledScanningTask@a135738
2026-02-19 09:22:32,327 [ 180944]   INFO - #c.i.u.i.UnindexedFilesScanner - [15375f63] scanning stage (scanning id=8): DelayedPushProperties
2026-02-19 09:22:32,328 [ 180945]   INFO - #c.i.u.i.FileBasedIndexImpl - Indexes are already loaded
2026-02-19 09:22:32,328 [ 180945]   INFO - #c.i.u.i.UnindexedFilesScanner - [15375f63] Started scanning for indexing of java-basics. Reason: Merged Changes from WorkspaceFileIndex with Changes from WorkspaceFileIndex
2026-02-19 09:22:32,328 [ 180945]   INFO - #c.i.u.i.UnindexedFilesScanner - [15375f63] scanning stage (scanning id=8): CreatingIterators
2026-02-19 09:22:32,329 [ 180946]   INFO - #c.i.u.i.UnindexedFilesScanner - [15375f63] scanning stage (scanning id=8): CollectingIndexableFiles
2026-02-19 09:22:32,329 [ 180946]   INFO - #c.i.u.i.UnindexedFilesScanner - Scanning of java-basics uses 8 scanning threads
2026-02-19 09:22:32,329 [ 180946]   INFO - #c.i.o.p.MergingQueueGuiExecutor - Task finished: (dumb mode task) com.intellij.openapi.roots.impl.PushedFilePropertiesUpdaterImpl$MyDumbModeTask@53428e07 (reason: Push on VFS changes)
2026-02-19 09:22:32,330 [ 180947]   INFO - #c.i.o.p.MergingQueueGuiExecutor - Running task: (dumb mode task) UnindexedFilesIndexer[java-basics, reasons: [Merged changes in: "Module 'java-basics' (project)" with Changes from WorkspaceFileIndex with Changes from WorkspaceFileIndex with Changes from WorkspaceFileIndex with Changes from WorkspaceFileIndex with Changes from WorkspaceFileIndex with Changes from WorkspaceFileIndex]]
2026-02-19 09:22:32,374 [ 180991]   INFO - #c.i.u.i.UnindexedFilesScanner - [15375f63] Scanning completed for java-basics. Number of scanned files: 3381; number of files for indexing: 0
2026-02-19 09:22:32,386 [ 181003]   INFO - #c.i.u.i.PerProjectIndexingQueue - Finished for java-basics. No files to index with loading content.
2026-02-19 09:22:32,387 [ 181004]   INFO - #c.i.o.p.UnindexedFilesScannerExecutor - [15375f63] Task finished (scanning id=8): com.intellij.util.indexing.UnindexedFilesScannerExecutorImpl$ScheduledScanningTask@a135738
2026-02-19 09:22:32,388 [ 181005]   INFO - #c.i.u.i.FileBasedIndexImpl - Indexes are already loaded
2026-02-19 09:22:32,389 [ 181006]   INFO - #c.i.u.i.c.IndexUpdateRunner - Using 8 workers for indexing and 4 for writing indexes
2026-02-19 09:22:32,389 [ 181006]   INFO - #c.i.u.i.ProjectChangedFilesScanner - Retrieving changed during indexing files of java-basics : 0 to update, calculated in 0ms
2026-02-19 09:22:32,389 [ 181006]   INFO - #c.i.u.i.UnindexedFilesIndexer - Finished for java-basics. Unindexed files update took 0ms; general responsiveness: ok; EDT responsiveness: ok
2026-02-19 09:22:32,390 [ 181007]   INFO - #c.i.o.p.MergingQueueGuiExecutor - Task finished: (dumb mode task) UnindexedFilesIndexer[java-basics, reasons: [Merged changes in: "Module 'java-basics' (project)" with Changes from WorkspaceFileIndex with Changes from WorkspaceFileIndex with Changes from WorkspaceFileIndex with Changes from WorkspaceFileIndex with Changes from WorkspaceFileIndex with Changes from WorkspaceFileIndex]]
2026-02-19 09:22:32,391 [ 181008]   INFO - #c.i.o.p.DumbServiceImpl - exit dumb mode [java-basics]
2026-02-19 09:22:32,392 [ 181009]   INFO - STDOUT - [IDE]: Task 'Analyzing project to enable smart features' ended
2026-02-19 09:22:46,804 [ 195421]   INFO - #o.j.q.s.i.r.ConsoleLog - Keep running Project opening ... so far 3m
2026-02-19 09:22:46,804 [ 195421]   INFO - STDOUT - Keep running Project opening ... so far 3m
2026-02-19 09:23:16,806 [ 225423]   INFO - #o.j.q.s.i.r.ConsoleLog - Keep running Project opening ... so far 3m 30s
2026-02-19 09:23:16,806 [ 225423]   INFO - STDOUT - Keep running Project opening ... so far 3m 30s
2026-02-19 09:23:46,811 [ 255428]   INFO - #o.j.q.s.i.r.ConsoleLog - Keep running Project opening ... so far 4m
2026-02-19 09:23:46,812 [ 255429]   INFO - STDOUT - Keep running Project opening ... so far 4m
2026-02-19 09:23:56,805 [ 265422]   INFO - #o.j.i.maven - maven plugin resolution finished, unresolved: []
2026-02-19 09:23:57,049 [ 265666]   WARN - #o.j.i.maven - updateAllMavenProjects finished: incremental=false, MavenProjectsManager.onProjectStartup java-basics
2026-02-19 09:23:57,342 [ 265959]   INFO - STDOUT - 'Maven' is completed.
2026-02-19 09:23:57,343 [ 265960]   INFO - STDOUT - 'Queries for MergingUpdateQueue' is in progress...
2026-02-19 09:23:57,445 [ 266062]   INFO - STDOUT - 'Queries for MergingUpdateQueue' is completed.
2026-02-19 09:23:57,458 [ 266075]   INFO - #c.i.w.i.i.j.s.JpsGlobalModelSynchronizerImpl - Saving global entities com.intellij.platform.workspace.jps.entities.SdkEntity to files
2026-02-19 09:23:57,461 [ 266078]   INFO - #c.i.w.i.i.j.s.JpsGlobalModelSynchronizerImpl - Saving global entities com.intellij.platform.workspace.jps.entities.LibraryEntity to files
2026-02-19 09:23:57,572 [ 266189]   INFO - #c.i.a.o.PathMacrosImpl - Saved path macros: {MAVEN_REPOSITORY=/data/cache/.m2}
2026-02-19 09:23:57,621 [ 266238]   INFO - #c.i.w.i.i.j.s.JpsGlobalModelSynchronizerImpl - Saving global entities com.intellij.platform.workspace.jps.entities.SdkEntity to files
2026-02-19 09:23:57,622 [ 266239]   INFO - #c.i.w.i.i.j.s.JpsGlobalModelSynchronizerImpl - Saving global entities com.intellij.platform.workspace.jps.entities.LibraryEntity to files
2026-02-19 09:23:57,630 [ 266247]   INFO - #c.i.a.o.PathMacrosImpl - Saved path macros: {MAVEN_REPOSITORY=/data/cache/.m2}
2026-02-19 09:23:57,677 [ 266294]   INFO - #c.i.o.e.s.p.m.ExternalProjectsDataStorage - Save external projects data in 30 ms
2026-02-19 09:23:57,744 [ 266361]   INFO - #c.i.c.ComponentStoreImpl - Saving Project(name=java-basics, containerState=COMPONENT_CREATED, componentStore=/data/project)XDebuggerManager took 15 ms
2026-02-19 09:23:57,767 [ 266384]   INFO - #c.i.o.p.DumbServiceImpl - enter dumb mode [java-basics]
2026-02-19 09:23:57,770 [ 266387]   INFO - #c.i.o.p.MergingQueueGuiExecutor - Running task: (dumb mode task) com.intellij.openapi.roots.impl.PushedFilePropertiesUpdaterImpl$MyDumbModeTask@1c659613 (reason: Push on VFS changes)
2026-02-19 09:23:57,771 [ 266388]   INFO - #c.i.o.p.MergingQueueGuiExecutor - Task finished: (dumb mode task) com.intellij.openapi.roots.impl.PushedFilePropertiesUpdaterImpl$MyDumbModeTask@1c659613 (reason: Push on VFS changes)
2026-02-19 09:23:57,772 [ 266389]   INFO - #c.i.o.p.DumbServiceImpl - exit dumb mode [java-basics]
2026-02-19 09:23:57,773 [ 266390]   INFO - STDOUT - [IDE]: Task 'Analyzing project to enable smart features' ended
2026-02-19 09:23:57,781 [ 266398]   INFO - STDOUT - Configuration phase 0 is completed. Initiating another phase to cover possible side effects...
2026-02-19 09:23:57,781 [ 266398]   INFO - STDOUT - All configuration phases are completed.
2026-02-19 09:23:57,781 [ 266398]   INFO - STDOUT - 'external-system' is in progress...
2026-02-19 09:23:57,782 [ 266399]   INFO - STDOUT - 'external-system' is completed.
2026-02-19 09:23:57,783 [ 266400]   INFO - STDOUT - 'Queries for MergingUpdateQueue' is in progress...
2026-02-19 09:23:58,693 [ 267310]   INFO - STDOUT - 'Queries for MergingUpdateQueue' is completed.
2026-02-19 09:23:58,694 [ 267311]   INFO - #c.i.w.i.i.j.s.JpsGlobalModelSynchronizerImpl - Saving global entities com.intellij.platform.workspace.jps.entities.SdkEntity to files
2026-02-19 09:23:58,694 [ 267311]   INFO - #c.i.w.i.i.j.s.JpsGlobalModelSynchronizerImpl - Saving global entities com.intellij.platform.workspace.jps.entities.LibraryEntity to files
2026-02-19 09:23:58,749 [ 267366]   INFO - #c.i.a.o.PathMacrosImpl - Saved path macros: {MAVEN_REPOSITORY=/data/cache/.m2}
2026-02-19 09:23:58,773 [ 267390]   INFO - #c.i.w.i.i.j.s.JpsGlobalModelSynchronizerImpl - Saving global entities com.intellij.platform.workspace.jps.entities.SdkEntity to files
2026-02-19 09:23:58,773 [ 267390]   INFO - #c.i.w.i.i.j.s.JpsGlobalModelSynchronizerImpl - Saving global entities com.intellij.platform.workspace.jps.entities.LibraryEntity to files
2026-02-19 09:23:58,781 [ 267398]   INFO - #c.i.a.o.PathMacrosImpl - Saved path macros: {MAVEN_REPOSITORY=/data/cache/.m2}
2026-02-19 09:23:58,785 [ 267402]   INFO - STDOUT - Configuration phase 1 is completed. Initiating another phase to cover possible side effects...
2026-02-19 09:23:58,785 [ 267402]   INFO - STDOUT - All configuration phases are completed.
2026-02-19 09:23:58,789 [ 267406]   INFO - STDOUT - 'Queries for MergingUpdateQueue' is in progress...
2026-02-19 09:23:59,823 [ 268440]   INFO - STDOUT - 'Queries for MergingUpdateQueue' is completed.
2026-02-19 09:23:59,823 [ 268440]   INFO - #c.i.w.i.i.j.s.JpsGlobalModelSynchronizerImpl - Saving global entities com.intellij.platform.workspace.jps.entities.SdkEntity to files
2026-02-19 09:23:59,824 [ 268441]   INFO - #c.i.w.i.i.j.s.JpsGlobalModelSynchronizerImpl - Saving global entities com.intellij.platform.workspace.jps.entities.LibraryEntity to files
2026-02-19 09:23:59,876 [ 268493]   INFO - #c.i.a.o.PathMacrosImpl - Saved path macros: {MAVEN_REPOSITORY=/data/cache/.m2}
2026-02-19 09:23:59,899 [ 268516]   INFO - #c.i.w.i.i.j.s.JpsGlobalModelSynchronizerImpl - Saving global entities com.intellij.platform.workspace.jps.entities.SdkEntity to files
2026-02-19 09:23:59,899 [ 268516]   INFO - #c.i.w.i.i.j.s.JpsGlobalModelSynchronizerImpl - Saving global entities com.intellij.platform.workspace.jps.entities.LibraryEntity to files
2026-02-19 09:23:59,904 [ 268521]   INFO - #c.i.a.o.PathMacrosImpl - Saved path macros: {MAVEN_REPOSITORY=/data/cache/.m2}
2026-02-19 09:23:59,907 [ 268524]   INFO - STDOUT - Configuration phase 2 is completed. Initiating another phase to cover possible side effects...
2026-02-19 09:23:59,907 [ 268524]   INFO - STDOUT - All configuration phases are completed.
2026-02-19 09:23:59,946 [ 268563]   INFO - #o.j.q.s.i.r.ConsoleLog - The Project opening stage completed in 4m 13s
2026-02-19 09:23:59,947 [ 268564]   INFO - STDOUT - The Project opening stage completed in 4m 13s
2026-02-19 09:23:59,947 [ 268564]   INFO - STDOUT - done.
2026-02-19 09:24:00,066 [ 268683]   INFO - #c.i.o.p.DumbServiceImpl - enter dumb mode [java-basics]
2026-02-19 09:24:00,069 [ 268686]   INFO - #o.j.q.s.i.r.ConsoleLog - Preparing for the Project configuration stage ...
2026-02-19 09:24:00,070 [ 268687]   INFO - #c.i.o.p.MergingQueueGuiExecutor - Running task: (dumb mode task) com.intellij.openapi.roots.impl.PushedFilePropertiesUpdaterImpl$MyDumbModeTask@3feb35f8 (reason: Push on VFS changes)
2026-02-19 09:24:00,070 [ 268687]   INFO - STDOUT - Preparing for the Project configuration stage ...
2026-02-19 09:24:00,070 [ 268687]   INFO - STDOUT - 'external-system' is in progress...
2026-02-19 09:24:00,071 [ 268688]   INFO - STDOUT - 'external-system' is completed.
2026-02-19 09:24:00,071 [ 268688]   INFO - STDOUT - 'Queries for MergingUpdateQueue' is in progress...
2026-02-19 09:24:00,073 [ 268690]   INFO - #c.i.o.p.MergingQueueGuiExecutor - Task finished: (dumb mode task) com.intellij.openapi.roots.impl.PushedFilePropertiesUpdaterImpl$MyDumbModeTask@3feb35f8 (reason: Push on VFS changes)
2026-02-19 09:24:00,073 [ 268690]   INFO - #c.i.o.p.MergingQueueGuiExecutor - Running task: (dumb mode task) UnindexedFilesIndexer[java-basics, reasons: [On refresh of files in java-basics]]
2026-02-19 09:24:00,073 [ 268690]   INFO - #c.i.u.i.FileBasedIndexImpl - Indexes are already loaded
2026-02-19 09:24:00,073 [ 268690]   INFO - #c.i.u.i.c.IndexUpdateRunner - Using 8 workers for indexing and 4 for writing indexes
2026-02-19 09:24:00,076 [ 268693]   INFO - #c.i.u.i.ProjectChangedFilesScanner - Retrieving changed during indexing files of java-basics : 19 to update, calculated in 3ms
2026-02-19 09:24:00,101 [ 268718]   INFO - #c.i.u.i.c.IndexUpdateRunner - Coroutine 6 finished gracefully
2026-02-19 09:24:00,103 [ 268720]   INFO - #c.i.u.i.c.IndexUpdateRunner - Coroutine 7 finished gracefully
2026-02-19 09:24:00,106 [ 268723]   INFO - #c.i.u.i.c.IndexUpdateRunner - Coroutine 2 finished gracefully
2026-02-19 09:24:00,107 [ 268724]   INFO - #c.i.u.i.c.IndexUpdateRunner - Coroutine 5 finished gracefully
2026-02-19 09:24:00,109 [ 268726]   INFO - #c.i.u.i.c.IndexUpdateRunner - Coroutine 3 finished gracefully
2026-02-19 09:24:00,111 [ 268728]   INFO - #c.i.u.i.c.IndexUpdateRunner - Coroutine 0 finished gracefully
2026-02-19 09:24:00,127 [ 268744]   INFO - #c.i.u.i.c.IndexUpdateRunner - Coroutine 1 finished gracefully
2026-02-19 09:24:00,134 [ 268751]   INFO - #c.i.u.i.c.IndexUpdateRunner - Coroutine 4 finished gracefully
2026-02-19 09:24:00,157 [ 268774]   INFO - #c.i.u.i.UnindexedFilesIndexer - Finished for java-basics. Unindexed files update took 84ms; general responsiveness: ok; EDT responsiveness: ok
2026-02-19 09:24:00,157 [ 268774]   INFO - #c.i.o.p.MergingQueueGuiExecutor - Task finished: (dumb mode task) UnindexedFilesIndexer[java-basics, reasons: [On refresh of files in java-basics]]
2026-02-19 09:24:00,157 [ 268774]   INFO - #c.i.o.p.DumbServiceImpl - exit dumb mode [java-basics]
2026-02-19 09:24:00,158 [ 268775]   INFO - STDOUT - [IDE]: Task 'Analyzing project to enable smart features' ended
2026-02-19 09:24:00,984 [ 269601]   INFO - STDOUT - 'Queries for MergingUpdateQueue' is completed.
2026-02-19 09:24:00,985 [ 269602]   INFO - #c.i.w.i.i.j.s.JpsGlobalModelSynchronizerImpl - Saving global entities com.intellij.platform.workspace.jps.entities.SdkEntity to files
2026-02-19 09:24:00,986 [ 269603]   INFO - #c.i.w.i.i.j.s.JpsGlobalModelSynchronizerImpl - Saving global entities com.intellij.platform.workspace.jps.entities.LibraryEntity to files
2026-02-19 09:24:01,037 [ 269654]   INFO - #c.i.a.o.PathMacrosImpl - Saved path macros: {MAVEN_REPOSITORY=/data/cache/.m2}
2026-02-19 09:24:01,065 [ 269682]   INFO - #c.i.w.i.i.j.s.JpsGlobalModelSynchronizerImpl - Saving global entities com.intellij.platform.workspace.jps.entities.SdkEntity to files
2026-02-19 09:24:01,065 [ 269682]   INFO - #c.i.w.i.i.j.s.JpsGlobalModelSynchronizerImpl - Saving global entities com.intellij.platform.workspace.jps.entities.LibraryEntity to files
2026-02-19 09:24:01,069 [ 269686]   INFO - #c.i.a.o.PathMacrosImpl - Saved path macros: {MAVEN_REPOSITORY=/data/cache/.m2}
2026-02-19 09:24:01,071 [ 269688]   INFO - STDOUT - Configuration phase 0 is completed. Initiating another phase to cover possible side effects...
2026-02-19 09:24:01,071 [ 269688]   INFO - STDOUT - All configuration phases are completed.
2026-02-19 09:24:01,072 [ 269689]   INFO - STDOUT - 'Queries for MergingUpdateQueue' is in progress...
2026-02-19 09:24:02,092 [ 270709]   INFO - STDOUT - 'Queries for MergingUpdateQueue' is completed.
2026-02-19 09:24:02,093 [ 270710]   INFO - #c.i.w.i.i.j.s.JpsGlobalModelSynchronizerImpl - Saving global entities com.intellij.platform.workspace.jps.entities.SdkEntity to files
2026-02-19 09:24:02,094 [ 270711]   INFO - #c.i.w.i.i.j.s.JpsGlobalModelSynchronizerImpl - Saving global entities com.intellij.platform.workspace.jps.entities.LibraryEntity to files
2026-02-19 09:24:02,143 [ 270760]   INFO - #c.i.a.o.PathMacrosImpl - Saved path macros: {MAVEN_REPOSITORY=/data/cache/.m2}
2026-02-19 09:24:02,164 [ 270781]   INFO - #c.i.w.i.i.j.s.JpsGlobalModelSynchronizerImpl - Saving global entities com.intellij.platform.workspace.jps.entities.SdkEntity to files
2026-02-19 09:24:02,164 [ 270781]   INFO - #c.i.w.i.i.j.s.JpsGlobalModelSynchronizerImpl - Saving global entities com.intellij.platform.workspace.jps.entities.LibraryEntity to files
2026-02-19 09:24:02,169 [ 270786]   INFO - #c.i.a.o.PathMacrosImpl - Saved path macros: {MAVEN_REPOSITORY=/data/cache/.m2}
2026-02-19 09:24:02,171 [ 270788]   INFO - STDOUT - Configuration phase 1 is completed. Initiating another phase to cover possible side effects...
2026-02-19 09:24:02,171 [ 270788]   INFO - STDOUT - All configuration phases are completed.
2026-02-19 09:24:02,171 [ 270788]   INFO - STDOUT - 'Queries for MergingUpdateQueue' is in progress...
2026-02-19 09:24:03,186 [ 271803]   INFO - STDOUT - 'Queries for MergingUpdateQueue' is completed.
2026-02-19 09:24:03,187 [ 271804]   INFO - #c.i.w.i.i.j.s.JpsGlobalModelSynchronizerImpl - Saving global entities com.intellij.platform.workspace.jps.entities.SdkEntity to files
2026-02-19 09:24:03,187 [ 271804]   INFO - #c.i.w.i.i.j.s.JpsGlobalModelSynchronizerImpl - Saving global entities com.intellij.platform.workspace.jps.entities.LibraryEntity to files
2026-02-19 09:24:03,238 [ 271855]   INFO - #c.i.a.o.PathMacrosImpl - Saved path macros: {MAVEN_REPOSITORY=/data/cache/.m2}
2026-02-19 09:24:03,261 [ 271878]   INFO - #c.i.w.i.i.j.s.JpsGlobalModelSynchronizerImpl - Saving global entities com.intellij.platform.workspace.jps.entities.SdkEntity to files
2026-02-19 09:24:03,262 [ 271879]   INFO - #c.i.w.i.i.j.s.JpsGlobalModelSynchronizerImpl - Saving global entities com.intellij.platform.workspace.jps.entities.LibraryEntity to files
2026-02-19 09:24:03,267 [ 271884]   INFO - #c.i.a.o.PathMacrosImpl - Saved path macros: {MAVEN_REPOSITORY=/data/cache/.m2}
2026-02-19 09:24:03,269 [ 271886]   INFO - STDOUT - Configuration phase 2 is completed. Initiating another phase to cover possible side effects...
2026-02-19 09:24:03,270 [ 271887]   INFO - STDOUT - All configuration phases are completed.
2026-02-19 09:24:03,292 [ 271909]   INFO - #o.j.q.s.i.r.s.QodanaProjectLoader - Configured project
2026-02-19 09:24:03,340 [ 271957]   INFO - #o.j.q.s.i.r.ConsoleLog - The Project configuration stage completed in 3s
2026-02-19 09:24:03,341 [ 271958]   INFO - STDOUT - The Project configuration stage completed in 3s
2026-02-19 09:24:03,342 [ 271959]   INFO - o.j.q.i.linter - Loading dynamic inspections (FlexInspect)
2026-02-19 09:24:03,342 [ 271959]   INFO - o.j.q.i.linter - FlexInspect: finished loading
- total number of inspection.kts files: 0}
- number of compiled inspection.kts files: 0}
- number of inspections from compiled inspection.kts files: 0}
- number of failed to compile inspection.kts files: 0} 
2026-02-19 09:24:04,479 [ 273096]   INFO - STDOUT - Initializing project…Inspecting with the 'qodana.recommended' profile
2026-02-19 09:24:04,542 [ 273159]   INFO - #o.j.q.s.p.QodanaProfile - The 'qodana.sanity' profile is configured for sanity checks
2026-02-19 09:24:04,877 [ 273494]   WARN - #c.j.q.s.m.SarifReport - Missing description for tool MysqlLoadDataPath in taxonomy MySQL
2026-02-19 09:24:05,052 [ 273669]   WARN - #c.j.q.s.m.SarifReport - Missing description for tool SqlUnmatchedForwardDeclaration in taxonomy Oracle
2026-02-19 09:24:05,064 [ 273681]   WARN - #c.j.q.s.m.SarifReport - Missing description for tool MongoJSResolve in taxonomy MongoJS
2026-02-19 09:24:05,130 [ 273747]   WARN - #c.j.q.s.m.SarifReport - Missing description for tool MongoJSDeprecation in taxonomy MongoJS
2026-02-19 09:24:05,147 [ 273764]   WARN - #c.j.q.s.m.SarifReport - Missing description for tool PgSelectFromProcedure in taxonomy PostgreSQL
2026-02-19 09:24:05,162 [ 273779]   WARN - #c.j.q.s.m.SarifReport - Missing description for tool MssqlBuiltin in taxonomy SQL server
2026-02-19 09:24:05,194 [ 273811]   WARN - #c.j.q.s.m.SarifReport - Missing description for tool SqlOverload in taxonomy Oracle
2026-02-19 09:24:05,230 [ 273847]   WARN - #c.j.q.s.m.SarifReport - Missing description for tool MysqlSpaceAfterFunctionName in taxonomy MySQL
2026-02-19 09:24:05,258 [ 273875]   WARN - #c.j.q.s.m.SarifReport - Missing description for tool MysqlParsing in taxonomy MySQL
2026-02-19 09:24:05,370 [ 273987]   WARN - #c.j.q.s.m.SarifReport - Missing description for tool SqlMissingBody in taxonomy Oracle
2026-02-19 09:24:05,456 [ 274073]   WARN - #c.j.q.s.m.SarifReport - Missing description for tool MsOrderBy in taxonomy SQL server
2026-02-19 09:24:05,814 [ 274431]   INFO - #o.j.q.s.i.r.ConsoleLog - Preparing for the Project analysis stage ...
2026-02-19 09:24:05,814 [ 274431]   INFO - STDOUT - Preparing for the Project analysis stage ...
2026-02-19 09:24:05,911 [ 274528]   INFO - #c.i.a.AnalysisScope - Scanning scope took 59 ms
2026-02-19 09:24:05,923 [ 274540]   INFO - #c.i.d.c.i.CheckDependencyLicensesInspectionGlobal - Starting com.intellij.dependencyAnalysis.core.inspection.CheckDependencyLicensesInspectionGlobal
2026-02-19 09:24:05,927 [ 274544]   INFO - #c.i.d.c.m.DependencyAnalysis - Collect data
2026-02-19 09:24:05,940 [ 274557]   INFO - #c.i.d.c.m.ProjectAnalyzer - JVM start analyze
2026-02-19 09:24:05,945 [ 274562]   INFO - #c.i.d.j.JvmProjectAnalyzer - java-basics is analyzing
2026-02-19 09:24:05,947 [ 274564]   INFO - #c.i.d.j.JvmProjectAnalyzer - java-basics.main is analyzing
2026-02-19 09:24:09,976 [ 278593]   INFO - #c.i.d.c.m.ProjectAnalyzer - JVM end analyze
2026-02-19 09:24:09,981 [ 278598]   INFO - #c.i.d.c.m.DependencyAnalysis - Obtained ProjectMetadata
2026-02-19 09:24:09,985 [ 278602]   INFO - #c.i.d.c.i.CheckDependencyLicensesInspectionGlobal - Ending com.intellij.dependencyAnalysis.core.inspection.CheckDependencyLicensesInspectionGlobal
2026-02-19 09:24:09,991 [ 278608]   INFO - #c.i.c.e.GlobalJavaInspectionContextImpl - Processing external usages finished in 0 ms
2026-02-19 09:24:09,997 [ 278614]   INFO - #o.j.q.j.c.JvmCoverageInspection - Coverage for XMLReportEngine - provided 1 files
2026-02-19 09:24:10,000 [ 278617]   INFO - #o.j.q.s.i.c.CoverageInspectionBase - Engine XML Report - accepted 0 files
2026-02-19 09:24:10,000 [ 278617]   INFO - #o.j.q.s.i.c.CoverageInspectionBase - Engine XML Report - loaded 0 coverage suites
2026-02-19 09:24:10,000 [ 278617]   INFO - #o.j.q.s.i.c.CoverageInspectionBase - Coverage for JavaCoverageEngine - provided 1 files
2026-02-19 09:24:10,001 [ 278618]   INFO - #o.j.q.s.i.c.CoverageInspectionBase - Engine Java Coverage - accepted 0 files
2026-02-19 09:24:10,004 [ 278621]   INFO - #o.j.q.s.i.c.CoverageInspectionBase - Engine Java Coverage - loaded 0 coverage suites
2026-02-19 09:24:10,196 [ 278813]   INFO - #c.i.x.Html5SchemaProvider - HTML5_SCHEMA_LOCATION = /opt/idea/lib/modules/intellij.relaxng.jar!/resources/html5-schema/html5.rnc
2026-02-19 09:24:10,270 [ 278887]   INFO - STDOUT - Analyzing code 1%
2026-02-19 09:24:10,453 [ 279070]   INFO - STDOUT - Analyzing code 2%
2026-02-19 09:24:10,602 [ 279219]   INFO - STDOUT - Analyzing code 3%
2026-02-19 09:24:11,206 [ 279823]   INFO - STDOUT - Analyzing code 4%
2026-02-19 09:24:11,502 [ 280119]   INFO - STDOUT - Analyzing code 5%
2026-02-19 09:24:11,881 [ 280498]   INFO - STDOUT - Analyzing code 6%
2026-02-19 09:24:12,218 [ 280835]   INFO - STDOUT - Analyzing code 7%
2026-02-19 09:24:13,113 [ 281730]   INFO - #c.i.i.s.DeviceIdManager - Generating new Device ID for 'PackageChecker'
2026-02-19 09:24:13,122 [ 281739]   INFO - #c.i.p.m.MavenProjectDependenciesModel - Start collecting all modules
2026-02-19 09:24:13,126 [ 281743]   INFO - #c.i.p.g.GradleProjectDependenciesModel - Start collecting all modules
2026-02-19 09:24:13,130 [ 281747]   INFO - #c.i.p.m.ProjectDependenciesModuleAggregator - Supported models after update: [IntellijProjectDependenciesModel, MavenProjectDependenciesModel, GradleProjectDependenciesModel]
2026-02-19 09:24:13,131 [ 281748]   INFO - #c.i.p.g.GradleProjectDependenciesModel - Finish collecting all modules, count of found modules: 2
2026-02-19 09:24:13,131 [ 281748]   INFO - #c.i.p.m.i.ProjectDependenciesModelImpl - Count of declared packages: null, imported packages: null
2026-02-19 09:24:13,131 [ 281748]   INFO - #c.i.p.m.MavenProjectDependenciesModel - Finish collecting all modules, count of found modules: 1
2026-02-19 09:24:13,172 [ 281789]   INFO - #c.i.p.m.i.ProjectDependenciesModelImpl - Count of declared packages: 110, imported packages: null
2026-02-19 09:24:13,222 [ 281839]   INFO - #c.i.p.m.i.ProjectDependenciesModelImpl - Count of declared packages: 110, imported packages: 124
2026-02-19 09:24:13,743 [ 282360]   INFO - STDOUT - Analyzing code 8%
2026-02-19 09:24:14,370 [ 282987]   INFO - STDOUT - Analyzing code 9%
2026-02-19 09:24:14,524 [ 283141]   INFO - STDOUT - Analyzing code 10%
2026-02-19 09:24:15,039 [ 283656]   INFO - STDOUT - Analyzing code 11%
2026-02-19 09:24:15,268 [ 283885]   INFO - STDOUT - Analyzing code 12%
2026-02-19 09:24:15,571 [ 284188]   INFO - STDOUT - Analyzing code 13%
2026-02-19 09:24:15,756 [ 284373]   INFO - STDOUT - Analyzing code 14%
2026-02-19 09:24:16,465 [ 285082]   INFO - STDOUT - Analyzing code 15%
2026-02-19 09:24:16,728 [ 285345]   INFO - STDOUT - Analyzing code 16%
2026-02-19 09:24:16,910 [ 285527]   INFO - STDOUT - Analyzing code 17%
2026-02-19 09:24:17,155 [ 285772]   INFO - STDOUT - Analyzing code 18%
2026-02-19 09:24:17,235 [ 285852]   WARN - #c.i.j.d.a.j.l.t.c.JavaExpressionEvaluator - Unresolved method in call PsiMethodCallExpression:user.getRole() at UserRepository1.java:65:33-47
2026-02-19 09:24:17,394 [ 286011]   INFO - STDOUT - Analyzing code 19%
2026-02-19 09:24:17,514 [ 286131]   INFO - STDOUT - Analyzing code 20%
2026-02-19 09:24:17,697 [ 286314]   INFO - #o.j.q.s.i.r.AsyncInspectionToolResultWriter - Async result writer started
2026-02-19 09:24:17,813 [ 286430]   INFO - STDOUT - Analyzing code 21%
2026-02-19 09:24:17,876 [ 286493]   INFO - STDOUT - Analyzing code 22%
2026-02-19 09:24:18,478 [ 287095]   INFO - STDOUT - Analyzing code 23%
2026-02-19 09:24:18,934 [ 287551]   INFO - STDOUT - Analyzing code 24%
2026-02-19 09:24:19,145 [ 287762]   INFO - STDOUT - Analyzing code 25%
2026-02-19 09:24:19,567 [ 288184]   INFO - STDOUT - Analyzing code 26%
2026-02-19 09:24:19,997 [ 288614]   WARN - #c.i.j.d.a.j.l.t.c.JavaExpressionEvaluator - Unresolved method in call PsiMethodCallExpression:user.verifyPassword(password) at AuthenticationManager1.java:48:14-43
2026-02-19 09:24:19,997 [ 288614]   WARN - #c.i.j.d.a.j.l.t.c.JavaExpressionEvaluator - Unresolved method in call PsiMethodCallExpression:user.login() at AuthenticationManager1.java:61:9-21
2026-02-19 09:24:20,001 [ 288618]   WARN - #c.i.j.d.a.j.l.t.c.JavaExpressionEvaluator - Unresolved method in call PsiMethodCallExpression:user.getRole() at AuthenticationManager1.java:104:16-30
2026-02-19 09:24:20,002 [ 288619]   WARN - #c.i.j.d.a.j.l.t.c.JavaExpressionEvaluator - Unresolved method in call PsiMethodCallExpression:user.getRole().hasPermission(permission) at AuthenticationManager1.java:104:16-56
2026-02-19 09:24:20,298 [ 288915]   INFO - STDOUT - Analyzing code 27%
2026-02-19 09:24:20,608 [ 289225]   INFO - STDOUT - Analyzing code 28%
2026-02-19 09:24:20,877 [ 289494]   INFO - STDOUT - Analyzing code 29%
2026-02-19 09:24:21,119 [ 289736]   INFO - STDOUT - Analyzing code 30%
2026-02-19 09:24:21,258 [ 289875]   INFO - STDOUT - Analyzing code 31%
2026-02-19 09:24:21,602 [ 290219]   INFO - STDOUT - Analyzing code 32%
2026-02-19 09:24:21,879 [ 290496]   INFO - STDOUT - Analyzing code 33%
2026-02-19 09:24:22,222 [ 290839]   INFO - STDOUT - Analyzing code 34%
2026-02-19 09:24:22,558 [ 291175]   INFO - STDOUT - Analyzing code 35%
2026-02-19 09:24:22,704 [ 291321]   WARN - #c.i.j.d.a.j.l.t.c.JavaExpressionEvaluator - Unresolved method in call PsiMethodCallExpression:user.verifyPassword(password) at UserService1.java:55:27-56
2026-02-19 09:24:22,705 [ 291322]   WARN - #c.i.j.d.a.j.l.t.c.JavaExpressionEvaluator - Unresolved method in call PsiMethodCallExpression:user.login() at UserService1.java:58:13-25
2026-02-19 09:24:22,705 [ 291322]   WARN - #c.i.j.d.a.j.l.t.c.JavaExpressionEvaluator - Unresolved method in call PsiMethodCallExpression:user.deactivate() at UserService1.java:71:9-26
2026-02-19 09:24:22,706 [ 291323]   WARN - #c.i.j.d.a.j.l.t.c.JavaExpressionEvaluator - Unresolved method in call PsiMethodCallExpression:user.promoteToAdmin() at UserService1.java:81:9-30
2026-02-19 09:24:22,814 [ 291431]   INFO - STDOUT - Analyzing code 36%
2026-02-19 09:24:23,017 [ 291634]   INFO - STDOUT - Analyzing code 37%
2026-02-19 09:24:23,272 [ 291889]   INFO - STDOUT - Analyzing code 38%
2026-02-19 09:24:23,542 [ 292159]   INFO - STDOUT - Analyzing code 39%
2026-02-19 09:24:24,206 [ 292823]   INFO - STDOUT - Analyzing code 40%
2026-02-19 09:24:24,446 [ 293063]   INFO - STDOUT - Analyzing code 41%
2026-02-19 09:24:24,668 [ 293285]   INFO - STDOUT - Analyzing code 42%
2026-02-19 09:24:24,748 [ 293365]   INFO - STDOUT - Analyzing code 43%
2026-02-19 09:24:25,022 [ 293639]   INFO - STDOUT - Analyzing code 44%
2026-02-19 09:24:25,364 [ 293981]   WARN - #c.i.j.d.a.j.l.t.c.JavaExpressionEvaluator - Unresolved method in call PsiMethodCallExpression:super(message) at CircuitBreaker1.java:117:13-27
2026-02-19 09:24:25,465 [ 294082]   INFO - STDOUT - Analyzing code 45%
2026-02-19 09:24:25,650 [ 294267]   INFO - STDOUT - Analyzing code 46%
2026-02-19 09:24:25,961 [ 294578]   INFO - STDOUT - Analyzing code 47%
2026-02-19 09:24:26,200 [ 294817]   INFO - STDOUT - Analyzing code 48%
2026-02-19 09:24:26,576 [ 295193]   INFO - STDOUT - Analyzing code 49%
2026-02-19 09:24:26,901 [ 295518]   INFO - STDOUT - Analyzing code 50%
2026-02-19 09:24:27,188 [ 295805]   INFO - STDOUT - Analyzing code 51%
2026-02-19 09:24:27,227 [ 295844]   INFO - STDOUT - Analyzing code 52%
2026-02-19 09:24:27,311 [ 295928]   INFO - STDOUT - Analyzing code 53%
2026-02-19 09:24:27,566 [ 296183]   INFO - STDOUT - Analyzing code 54%
2026-02-19 09:24:27,722 [ 296339]   INFO - STDOUT - Analyzing code 55%
2026-02-19 09:24:28,135 [ 296752]   INFO - STDOUT - Analyzing code 56%
2026-02-19 09:24:28,300 [ 296917]   INFO - STDOUT - Analyzing code 57%
2026-02-19 09:24:28,581 [ 297198]   INFO - STDOUT - Analyzing code 58%
2026-02-19 09:24:28,694 [ 297311]   INFO - STDOUT - Analyzing code 59%
2026-02-19 09:24:28,780 [ 297397]   INFO - STDOUT - Analyzing code 60%
2026-02-19 09:24:28,926 [ 297543]   INFO - STDOUT - Analyzing code 61%
2026-02-19 09:24:29,258 [ 297875]   INFO - STDOUT - Analyzing code 62%
2026-02-19 09:24:29,650 [ 298267]   INFO - STDOUT - Analyzing code 63%
2026-02-19 09:24:29,807 [ 298424]   INFO - STDOUT - Analyzing code 64%
2026-02-19 09:24:29,925 [ 298542]   INFO - STDOUT - Analyzing code 65%
2026-02-19 09:24:30,028 [ 298645]   INFO - STDOUT - Analyzing code 66%
2026-02-19 09:24:30,142 [ 298759]   INFO - STDOUT - Analyzing code 67%
2026-02-19 09:24:30,341 [ 298958]   INFO - STDOUT - Analyzing code 68%
2026-02-19 09:24:31,488 [ 300105]   INFO - #o.j.q.s.i.r.ConsoleLog - The Project analysis stage completed in 25s
2026-02-19 09:24:31,488 [ 300105]   INFO - STDOUT - The Project analysis stage completed in 25s
2026-02-19 09:24:31,512 [ 300129]   INFO - #c.i.d.c.m.DependencyAnalysisDescriber - Running Dependency Analysis project describer
2026-02-19 09:24:31,518 [ 300135]   INFO - #c.i.d.c.m.DependencyAnalysisDescriber - Writing file: /data/results/projectStructure/qodana.spdx.json
2026-02-19 09:24:31,519 [ 300136]   INFO - #c.i.d.c.m.DependencyAnalysisDescriber - Writing file: /data/results/projectStructure/thirdPartySoftwareList.json
2026-02-19 09:24:31,519 [ 300136]   INFO - #c.i.d.c.m.DependencyAnalysisDescriber - Writing file: /data/results/projectStructure/thirdPartySoftwareList.csv
2026-02-19 09:24:31,519 [ 300136]   INFO - #c.i.d.c.m.DependencyAnalysisDescriber - Writing file: /data/results/projectStructure/thirdPartySoftwareList.md
2026-02-19 09:24:31,519 [ 300136]   INFO - #c.i.d.c.m.DependencyAnalysisDescriber - Writing file: /data/results/projectStructure/thirdPartySoftwareList.html
2026-02-19 09:24:31,519 [ 300136]   INFO - #c.i.d.c.m.DependencyAnalysisDescriber - Writing file: /data/results/projectStructure/thirdPartySoftwareList.xml
2026-02-19 09:24:31,519 [ 300136]   INFO - #c.i.d.c.m.DependencyAnalysisDescriber - Writing file: /data/results/projectStructure/licenseRules.json
2026-02-19 09:24:31,520 [ 300137]   INFO - #c.i.d.c.m.DependencyAnalysisDescriber - Writing file: /data/results/projectStructure/third-party-libraries.json
2026-02-19 09:24:31,520 [ 300137]   INFO - #c.i.d.c.m.DependencyAnalysisDescriber - Writing file: /data/results/projectStructure/licenseDict.json
2026-02-19 09:24:31,520 [ 300137]   INFO - #c.i.d.c.m.DependencyAnalysisDescriber - Writing file: /data/results/projectStructure/projectMetadata.json
2026-02-19 09:24:31,670 [ 300287]   INFO - #o.j.q.s.s.n.RuntimeNotificationCollector$NotificationReportContributor - No tool errors to report to sarif file
2026-02-19 09:24:31,673 [ 300290]   WARN - #o.j.q.s.s.GitReportContributor - Unable to find the remote url, please set the environment variable QODANA_REMOTE_URL
2026-02-19 09:24:31,674 [ 300291]   WARN - #o.j.q.s.s.GitReportContributor - Unable to parse the repository url, please set the environment variable QODANA_REPO_URL, should start with https://
2026-02-19 09:24:31,727 [ 300344]   INFO - STDOUT - 
2026-02-19 09:24:31,727 [ 300344]   INFO - STDOUT - Qodana - Sanity summary
2026-02-19 09:24:31,727 [ 300344]   INFO - STDOUT - Analysis results: 5 problems detected
2026-02-19 09:24:31,727 [ 300344]   INFO - STDOUT - 5 suspicious problems were detected during Sanity Check. Probably there are some troubles with corresponding inspections. You may fix the problems or exclude the files containing them from the analysis
2026-02-19 09:24:31,727 [ 300344]   INFO - STDOUT - --------------------------------------------------------------------------------------------
2026-02-19 09:24:31,727 [ 300344]   INFO - STDOUT - File                                                    Inspection  Severity  Problems count
2026-02-19 09:24:31,727 [ 300344]   INFO - STDOUT - --------------------------------------------------------------------------------------------
2026-02-19 09:24:31,727 [ 300344]   INFO - STDOUT - OneClass1.java                                         Java sanity  Critical               4
2026-02-19 09:24:31,727 [ 300344]   INFO - STDOUT - оооооо1.java                                           Java sanity  Critical               1
2026-02-19 09:24:31,727 [ 300344]   INFO - STDOUT - --------------------------------------------------------------------------------------------
2026-02-19 09:24:31,727 [ 300344]   INFO - STDOUT - 
2026-02-19 09:24:31,727 [ 300344]   INFO - STDOUT - 
2026-02-19 09:24:31,728 [ 300345]   INFO - STDOUT - 
2026-02-19 09:24:31,728 [ 300345]   INFO - STDOUT - Qodana - Detailed summary
2026-02-19 09:24:31,728 [ 300345]   INFO - STDOUT - Analysis results: 245 problems detected
2026-02-19 09:24:31,728 [ 300345]   INFO - STDOUT - By severity: Critical - 31, High - 205, Moderate - 9
2026-02-19 09:24:31,728 [ 300345]   INFO - STDOUT - ----------------------------------------------------------------------------
2026-02-19 09:24:31,728 [ 300345]   INFO - STDOUT - Name                                                Severity  Problems count
2026-02-19 09:24:31,728 [ 300345]   INFO - STDOUT - ----------------------------------------------------------------------------
2026-02-19 09:24:31,728 [ 300345]   INFO - STDOUT - Overly complex class                                Critical              24
2026-02-19 09:24:31,728 [ 300345]   INFO - STDOUT - Overly coupled class                                Critical               5
2026-02-19 09:24:31,729 [ 300346]   INFO - STDOUT - Hardcoded passwords                                 Critical               1
2026-02-19 09:24:31,729 [ 300346]   INFO - STDOUT - Vulnerable declared dependency                      Critical               1
2026-02-19 09:24:31,729 [ 300346]   INFO - STDOUT - Single class import                                     High             141
2026-02-19 09:24:31,729 [ 300346]   INFO - STDOUT - Lombok @Getter may be used                              High              17
2026-02-19 09:24:31,729 [ 300346]   INFO - STDOUT - Unused assignment                                       High              11
2026-02-19 09:24:31,729 [ 300346]   INFO - STDOUT - Vulnerable declared dependency                          High               9
2026-02-19 09:24:31,729 [ 300346]   INFO - STDOUT - Field may be 'final'                                    High               8
2026-02-19 09:24:31,729 [ 300346]   INFO - STDOUT - Lombok @Setter may be used                              High               5
2026-02-19 09:24:31,729 [ 300346]   INFO - STDOUT - Method is identical to its super method                 High               3
2026-02-19 09:24:31,729 [ 300346]   INFO - STDOUT - Constant values                                         High               2
2026-02-19 09:24:31,729 [ 300346]   INFO - STDOUT - String comparison using '==', instead of 'equals()      High               2
2026-02-19 09:24:31,729 [ 300346]   INFO - STDOUT - '                                                                           
2026-02-19 09:24:31,729 [ 300346]   INFO - STDOUT - 'InputStream' and 'OutputStream' can be constructe      High               1
2026-02-19 09:24:31,729 [ 300346]   INFO - STDOUT - d using 'Files' methods                                                     
2026-02-19 09:24:31,729 [ 300346]   INFO - STDOUT - Call to 'printStackTrace()'                             High               1
2026-02-19 09:24:31,729 [ 300346]   INFO - STDOUT - Class naming convention                                 High               1
2026-02-19 09:24:31,729 [ 300346]   INFO - STDOUT - Non-final field in 'enum'                               High               1
2026-02-19 09:24:31,729 [ 300346]   INFO - STDOUT - Redundant 'String' operation                            High               1
2026-02-19 09:24:31,729 [ 300346]   INFO - STDOUT - Redundant call to 'String.format()'                     High               1
2026-02-19 09:24:31,729 [ 300346]   INFO - STDOUT - Redundant local variable                                High               1
2026-02-19 09:24:31,729 [ 300346]   INFO - STDOUT - Vulnerable declared dependency                      Moderate               6
2026-02-19 09:24:31,729 [ 300346]   INFO - STDOUT - Constant values                                     Moderate               2
2026-02-19 09:24:31,729 [ 300346]   INFO - STDOUT - Method can be extracted                             Moderate               1
2026-02-19 09:24:31,729 [ 300346]   INFO - STDOUT - ----------------------------------------------------------------------------
2026-02-19 09:24:31,729 [ 300346]   INFO - STDOUT - 
2026-02-19 09:24:31,729 [ 300346]   INFO - STDOUT - 
2026-02-19 09:24:31,729 [ 300346]   INFO - STDOUT - Qodana - Coverage summary
2026-02-19 09:24:31,729 [ 300346]   INFO - STDOUT - WARNING! No coverage was computed, probably coverage file does not match the sources. Please check your settings
2026-02-19 09:24:31,729 [ 300346]   INFO - STDOUT - 
2026-02-19 09:24:31,837 [ 300454]   INFO - #o.j.q.s.i.r.QodanaInspectionApplication - sessionId: 26021909-23be93cfe3ac
2026-02-19 09:24:33,513 [ 302130]   INFO - STDOUT - The report is uploaded to https://qodana.cloud/projects/p45aW/reports/P2Bqnd
2026-02-19 09:24:33,683 [ 302300]   INFO - #c.i.u.i.PersistentDirtyFilesQueue - Dirty file ids stored. Size: 0. Index: 0 Path: /data/cache/idea/253/index/dirty-file-queues/15375f63
2026-02-19 09:24:33,688 [ 302305]   INFO - #c.i.p.p.ProjectEntitiesStorage - Project ProjectId(id=j2suruq9uuqaiel5ovj2) is disposed, removing entity
2026-02-19 09:24:33,688 [ 302305]   INFO - #c.i.p.d.i.f.FrontendXBreakpointManager - Breakpoint removed for XBreakpointId(uid=1)
2026-02-19 09:24:33,689 [ 302306]   INFO - #c.i.p.d.i.f.FrontendXBreakpointManager - Breakpoint removed for XBreakpointId(uid=2)
2026-02-19 09:24:33,694 [ 302311]   INFO - #c.i.j.d.b.r.HostToClientMessagingSession - Shutting down client ClientId(value=Host) communication
2026-02-19 09:24:33,706 [ 302323]   INFO - #c.i.w.i.i.GlobalWorkspaceModel - Project java-basics is removed from the list of initializing and open projects. Project was disposed.
2026-02-19 09:24:33,731 [ 302348]   INFO - #c.i.c.b.CompilerReferenceServiceBase - backward reference index reader is closed (didn't exist)
2026-02-19 09:24:33,812 [ 302429]   INFO - #c.i.e.r.RemoteProcessSupport - Terminating: 127.0.0.1:5772/Maven36ServerImple27b0173
2026-02-19 09:24:33,812 [ 302429]   INFO - #c.i.e.r.RemoteProcessSupport - Remote process will terminate: null message = null
2026-02-19 09:24:33,827 [ 302444]   INFO - #c.i.w.i.i.j.s.JpsGlobalModelSynchronizerImpl - Saving global entities com.intellij.platform.workspace.jps.entities.SdkEntity to files
2026-02-19 09:24:33,827 [ 302444]   INFO - #c.i.w.i.i.j.s.JpsGlobalModelSynchronizerImpl - Saving global entities com.intellij.platform.workspace.jps.entities.LibraryEntity to files
2026-02-19 09:24:33,839 [ 302456]   INFO - #c.i.a.o.PathMacrosImpl - Saved path macros: {MAVEN_REPOSITORY=/data/cache/.m2}
2026-02-19 09:24:33,855 [ 302472]   INFO - #c.i.i.s.e.u.EventLogExternalUploader - Statistics. Started external process for uploading event log
2026-02-19 09:24:33,860 [ 302477]   INFO - #c.i.o.f.i.FileTypeDetectionService - 2602 auto-detected files. Detection took 775 ms
2026-02-19 09:24:33,864 [ 302481]   INFO - #o.j.i.BuiltInServer - web server stopped
2026-02-19 09:24:33,868 [ 302485]   INFO - #c.i.u.i.FileBasedIndexImpl - Index dispose started
2026-02-19 09:24:33,877 [ 302494]   INFO - #c.i.u.i.PersistentDirtyFilesQueue - Dirty file ids stored. Size: 13. Index: 13 Path: /data/cache/idea/253/index/dirty-file-ids
2026-02-19 09:24:33,901 [ 302518]   INFO - #c.i.p.s.StubIndexImpl - StubIndexExtension-s were unloaded
2026-02-19 09:24:33,902 [ 302519]   INFO - #c.i.p.s.SerializationManagerImpl - Start shutting down /data/cache/idea/253/index/rep.names
2026-02-19 09:24:33,902 [ 302519]   INFO - #c.i.p.s.SerializationManagerImpl - Finished shutting down /data/cache/idea/253/index/rep.names
2026-02-19 09:24:33,904 [ 302521]   INFO - #c.i.u.i.FileBasedIndexImpl - Index dispose completed in 36ms.
2026-02-19 09:24:33,915 [ 302532]   INFO - #c.i.o.v.n.p.PersistentFSImpl - VFS dispose started
2026-02-19 09:24:33,916 [ 302533]   INFO - #c.i.o.v.n.p.FSRecordsImpl - VFS closing
2026-02-19 09:24:33,917 [ 302534]   INFO - #c.i.o.v.n.p.PersistentFSImpl - VFS dispose completed in 1 ms.
2026-02-19 09:24:33,945 [ 302562]   INFO - #c.i.p.i.b.AppStarter - ------------------------------------------------------ IDE SHUTDOWN ------------------------------------------------------
