# OpenTelemetry Metrics report: .csv, 4 fields: 
# <metric name>, <period start, nanoseconds>, <period end, nanoseconds>, <metric value>
# See CsvMetricsExporter for details.
# 
# NAME, PERIOD_START_NANOS, PERIOD_END_NANOS, VALUE
StorageLockContext.competingThreads.90P,1771492772083000000,1771492832163000000,0
MappedFileStorage.storages,1771492772083000000,1771492832163000000,16
DirectByteBufferAllocator.disposed,1771492772083000000,1771492832163000000,0
FilePageCache.disposedBuffers,1771492772083000000,1771492832163000000,514
FileChannelInterruptsRetryer.totalRetriedAttempts,1771492772083000000,1771492832163000000,0
FilePageCache.pageHits,1771492772083000000,1771492832163000000,0
FilePageCache.maxRegisteredFiles,1771492772083000000,1771492832163000000,1824
FilePageCache.totalPageLoadsUs,1771492772083000000,1771492832163000000,649948
FilePageCache.maxCacheSizeInBytes,1771492772083000000,1771492832163000000,629145600
FilePageCache.pageLoadsAboveSizeThreshold,1771492772083000000,1771492832163000000,512
FilePageCache.pageFastCacheHits,1771492772083000000,1771492832163000000,3154756
StreamlinedBlobStorage.totalLiveRecordsCapacityBytes,1771492772083000000,1771492832163000000,6710537
FilePageCache.totalPageDisposalsUs,1771492772083000000,1771492832163000000,929
MappedFileStorage.totalBytesMapped,1771492772083000000,1771492832163000000,202637312
StorageLockContext.competingThreads.max,1771492772083000000,1771492832163000000,0
StorageLockContext.competingThreads.avg,1771492772083000000,1771492832163000000,0.0
FilePageCache.uncachedFileAccess,1771492772083000000,1771492832163000000,1998
FilePageCache.pageLoads,1771492772083000000,1771492832163000000,602
StreamlinedBlobStorage.recordsAllocated,1771492772083000000,1771492832163000000,69046
StreamlinedBlobStorage.totalLiveRecordsPayloadBytes,1771492772083000000,1771492832163000000,3616205
FilePageCache.capacityInBytes,1771492772083000000,1771492832163000000,629145600
DirectByteBufferAllocator.totalSizeOfBuffersAllocatedInBytes,1771492772083000000,1771492832163000000,630194176
DirectByteBufferAllocator.totalSizeOfBuffersCachedInBytes,1771492772083000000,1771492832163000000,1048576
MappedFileStorage.totalTimeSpentOnMappingUs,1771492772083000000,1771492832163000000,253278
DirectByteBufferAllocator.hits,1771492772083000000,1771492832163000000,513
StreamlinedBlobStorage.recordsDeleted,1771492772083000000,1771492832163000000,19
StreamlinedBlobStorage.recordsRelocated,1771492772083000000,1771492832163000000,0
DirectByteBufferAllocator.reclaimed,1771492772083000000,1771492832163000000,514
MappedFileStorage.totalPagesMapped,1771492772083000000,1771492832163000000,16
DirectByteBufferAllocator.misses,1771492772083000000,1771492832163000000,601
compiler.ArtifactModifiableModelBridge.findArtifacts.ms,1771492772083000000,1771492832163000000,0
compiler.ArtifactManagerBridge.commit.ms,1771492772083000000,1771492832163000000,2
compiler.ArtifactManagerBridge.addArtifact.ms,1771492772083000000,1771492832163000000,0
compiler.ArtifactVirtualFileListener.filePathChanged.ms,1771492772083000000,1771492832163000000,0
compiler.ArtifactModifiableModelBridge.getArtifactsByType.ms,1771492772083000000,1771492832163000000,0
compiler.ArtifactManagerBridge.initBridges.ms,1771492772083000000,1771492832163000000,0
compiler.ArtifactVirtualFileListener.propertyChanged.ms,1771492772083000000,1771492832163000000,0
compiler.ArtifactManagerBridge.getArtifacts.ms,1771492772083000000,1771492832163000000,0
compiler.ArtifactManagerBridge.dropMappings.ms,1771492772083000000,1771492832163000000,0
compiler.ArtifactModifiableModelBridge.addArtifact.ms,1771492772083000000,1771492832163000000,0
compiler.ArtifactModifiableModelBridge.commit.ms,1771492772083000000,1771492832163000000,2
compiler.ArtifactModifiableModelBridge.dispose.ms,1771492772083000000,1771492832163000000,0
compiler.ArtifactManagerBridge.findArtifact.ms,1771492772083000000,1771492832163000000,0
compiler.ArtifactManagerBridge.getArtifactsByType.ms,1771492772083000000,1771492832163000000,0
compiler.ArtifactModifiableModelBridge.getArtifacts.ms,1771492772083000000,1771492832163000000,0
jps.global.initialize.library.bridges.after.loading.ms,1771492772083000000,1771492832163000000,1
workspaceModel.mutableEntityStorage.add.entity.ms,1771492772083000000,1771492832163000000,104
workspaceModel.mutableEntityStorage.instances.count,1771492772083000000,1771492832163000000,86
workspaceModel.mutableEntityStorage.entities.by.source.ms,1771492772083000000,1771492832163000000,1
workspaceModel.moduleManagerBridge.build.module.graph.ms,1771492772083000000,1771492832163000000,1
workspaceModel.mutableEntityStorage.remove.entity.ms,1771492772083000000,1771492832163000000,8
workspaceModel.global.updates.ms,1771492772083000000,1771492832163000000,24
jps.global.get.libraries.ms,1771492772083000000,1771492832163000000,0
workspaceModel.mutableEntityStorage.modify.entity.ms,1771492772083000000,1771492832163000000,77
jps.modifiable.module.model.bridge.new.module.ms,1771492772083000000,1771492832163000000,11
jps.module.iml.entities.serializer.save.entities.ms,1771492772083000000,1771492832163000000,0
jps.storage.jps.conf.reader.load.component.ms,1771492772083000000,1771492832163000000,7
workspaceModel.moduleManagerBridge.get.modules.ms,1771492772083000000,1771492832163000000,0
jps.modifiable.module.model.bridge.disposing.ms,1771492772083000000,1771492832163000000,0
jps.project.serializers.load.ms,1771492772083000000,1771492832163000000,49
jps.artifact.entities.serializer.load.entities.ms,1771492772083000000,1771492832163000000,2
workspaceModel.moduleManagerBridge.load.all.modules.ms,1771492772083000000,1771492832163000000,3
workspaceModel.orphan.listener.update.ms,1771492772083000000,1771492832163000000,6
jps.save.global.entities.ms,1771492772083000000,1771492832163000000,0
workspaceModel.mutableEntityStorage.changeLog.addReplaceEventForNewChild.ms,1771492772083000000,1771492832163000000,4
workspaceModel.moduleBridgeLoader.loading.modules.ms,1771492772083000000,1771492832163000000,124
workspaceModel.moduleBridge.before.changed.ms,1771492772083000000,1771492832163000000,0
jps.facet.change.listener.process.change.events.ms,1771492772083000000,1771492832163000000,0
jps.reload.project.entities.ms,1771492772083000000,1771492832163000000,0
jps.module.dependency.index.workspace.model.listener.on.changed.ms,1771492772083000000,1771492832163000000,5
jps.global.get.library.ms,1771492772083000000,1771492832163000000,0
workspaceModel.mutableEntityStorage.replace.by.source.ms,1771492772083000000,1771492832163000000,32
jps.project.serializers.save.ms,1771492772083000000,1771492832163000000,0
workspaceModel.sync.entities.ms,1771492772083000000,1771492832163000000,3
workspaceModel.global.apply.state.to.project.builder.ms,1771492772083000000,1771492832163000000,5
jps.global.get.library.by.name.ms,1771492772083000000,1771492832163000000,0
workspaceModel.mutableEntityStorage.to.snapshot.ms,1771492772083000000,1771492832163000000,4
workspaceModel.mutableEntityStorage.put.entity.ms,1771492772083000000,1771492832163000000,38
jps.global.handle.before.change.events.ms,1771492772083000000,1771492832163000000,0
workspaceModel.moduleBridge.facet.initialization.ms,1771492772083000000,1771492832163000000,0
workspaceModel.mutableEntityStorage.mutable.ext.mapping.ms,1771492772083000000,1771492832163000000,0
workspaceModel.do.save.caches.ms,1771492772083000000,1771492832163000000,89
workspaceModel.mutableEntityStorage.apply.changes.from.ms,1771492772083000000,1771492832163000000,11
workspaceModel.mutableEntityStorage.has.same.entities.ms,1771492772083000000,1771492832163000000,1
workspaceModel.moduleManagerBridge.newModule.ms,1771492772083000000,1771492832163000000,16
workspaceModel.load.cache.metadata.from.file.ms,1771492772083000000,1771492832163000000,0
workspaceModel.moduleManagerBridge.set.unloadedModules.ms,1771492772083000000,1771492832163000000,0
workspaceModel.moduleBridge.update.option.ms,1771492772083000000,1771492832163000000,0
jps.load.initial.state.ms,1771492772083000000,1771492832163000000,11
workspaceModel.mutableEntityStorage.referrers.ms,1771492772083000000,1771492832163000000,0
workspaceModel.mutableEntityStorage.entities.ms,1771492772083000000,1771492832163000000,0
jps.library.entities.serializer.load.entities.ms,1771492772083000000,1771492832163000000,2
workspaceModel.mutableEntityStorage.resolve.ms,1771492772083000000,1771492832163000000,0
workspaceModel.moduleManagerBridge.load.module.ms,1771492772083000000,1771492832163000000,0
workspaceModel.mutableEntityStorage.changeLog.addReplaceEventForNewParent.ms,1771492772083000000,1771492832163000000,1
workspaceModel.save.cache.to.file.ms,1771492772083000000,1771492832163000000,360
workspaceModel.global.updates.count,1771492772083000000,1771492832163000000,3
jps.module.iml.entities.serializer.load.entities.ms,1771492772083000000,1771492832163000000,25
workspaceModel.global.apply.state.to.project.ms,1771492772083000000,1771492832163000000,8
jps.artifact.entities.serializer.save.entities.ms,1771492772083000000,1771492832163000000,0
workspaceModel.mutableEntityStorage.changeLog.addReplaceEventForRemovedParent.ms,1771492772083000000,1771492832163000000,2
jps.global.initialize.library.bridges.ms,1771492772083000000,1771492832163000000,0
jps.facet.change.listener.init.bridge.ms,1771492772083000000,1771492832163000000,2
jps.load.project.to.empty.storage.ms,1771492772083000000,1771492832163000000,118
workspaceModel.mutableEntityStorage.collect.changes.ms,1771492772083000000,1771492832163000000,2
jps.library.entities.serializer.save.entities.ms,1771492772083000000,1771492832163000000,0
workspaceModel.mutableEntityStorage.changeLog.addReplaceEventForRemovedChild.ms,1771492772083000000,1771492832163000000,0
workspaceModel.mutableEntityStorage.mutable.vfurl.index.ms,1771492772083000000,1771492832163000000,1
jps.global.handle.changed.events.ms,1771492772083000000,1771492832163000000,0
jps.modifiable.module.model.bridge.renaming.ms,1771492772083000000,1771492832163000000,0
jps.facet.change.listener.before.change.events.ms,1771492772083000000,1771492832163000000,0
jps.app.storage.content.reader.load.component.ms,1771492772083000000,1771492832163000000,0
workspaceModel.mutableEntityStorage.hasReferrers.ms,1771492772083000000,1771492832163000000,0
workspaceModel.moduleManagerBridge.new.nonPersistent.module.ms,1771492772083000000,1771492832163000000,0
workspaceModel.delayed.project.synchronizer.sync.ms,1771492772083000000,1771492832163000000,0
jps.apply.loaded.storage.ms,1771492772083000000,1771492832163000000,72
jps.save.changed.project.entities.ms,1771492772083000000,1771492832163000000,0
workspaceModel.load.cache.from.file.ms,1771492772083000000,1771492832163000000,0
workspaceModel.moduleManagerBridge.create.module.instance.ms,1771492772083000000,1771492832163000000,4
jps.modifiable.module.model.bridge.load.module.ms,1771492772083000000,1771492832163000000,0
JVM.GC.collectionTimesMs,1771492772083000000,1771492832163000000,531
OS.loadAverage,1771492772083000000,1771492832163000000,3.908203125
JVM.newThreadsCount,1771492772083000000,1771492832163000000,393
JVM.GC.collections,1771492772083000000,1771492832163000000,64
JVM.totalDirectByteBuffersBytes,1771492772083000000,1771492832163000000,656025289
MEM.ramPlusSwapMinusFileMappingsBytes,1771492772083000000,1771492832163000000,2547331072
JVM.totalBytesAllocated,1771492772083000000,1771492832163000000,10323205304
MEM.fileMappingsRamBytes,1771492772083000000,1771492832163000000,723709952
JVM.maxThreadCount,1771492772083000000,1771492832163000000,220
JVM.totalTimeAtSafepointsMs,1771492772083000000,1771492832163000000,707
JVM.maxHeapBytes,1771492772083000000,1771492832163000000,28840034304
JVM.threadCount,1771492772083000000,1771492832163000000,152
JVM.committedHeapBytes,1771492772083000000,1771492832163000000,1207959552
JVM.totalCpuTimeMs,1771492772083000000,1771492832163000000,97920
JVM.usedNativeBytes,1771492772083000000,1771492832163000000,447274432
MEM.ramBytes,1771492772083000000,1771492832163000000,3271041024
JVM.usedHeapBytes,1771492772083000000,1771492832163000000,940698704
JVM.totalTimeToSafepointsMs,1771492772083000000,1771492832163000000,287
JVM.totalSafepointCount,1771492772083000000,1771492832163000000,431
MEM.ramMinusFileMappingsBytes,1771492772083000000,1771492832163000000,2547331072
NonBlockingReadAction.finalizedExecutionTimeUs,1771492772083000000,1771492832163000000,155541
FlushQueue.waitingTimeAvgNs,1771492772083000000,1771492832163000000,0.0
FlushQueue.queueSize90P,1771492772083000000,1771492832163000000,0
NonBlockingReadAction.finalizedExecutionsCount,1771492772083000000,1771492832163000000,89
FlushQueue.queueSizeMax,1771492772083000000,1771492832163000000,0
NonBlockingReadAction.failedExecutionTimeUs,1771492772083000000,1771492832163000000,392028
ReadAction.executionsCount,1771492772083000000,1771492832163000000,363307
AWTEventQueue.dispatchTimeAvgNs,1771492772083000000,1771492832163000000,0.0
FlushQueue.executionTimeAvgNs,1771492772083000000,1771492832163000000,0.0
WriteAction.executionsCount,1771492772083000000,1771492832163000000,74
FlushQueue.waitingTimeMaxNs,1771492772083000000,1771492832163000000,0
FlushQueue.tasksExecuted,1771492772083000000,1771492832163000000,0
AWTEventQueue.dispatchTimeMaxNs,1771492772083000000,1771492832163000000,0
FlushQueue.executionTime90PNs,1771492772083000000,1771492832163000000,0
AWTEventQueue.dispatchTime90PNs,1771492772083000000,1771492832163000000,0
AWTEventQueue.eventsDispatched,1771492772083000000,1771492832163000000,0
FlushQueue.queueSizeAvg,1771492772083000000,1771492832163000000,0.0
FlushQueue.executionTimeMaxNs,1771492772083000000,1771492832163000000,0
FlushQueue.waitingTime90PNs,1771492772083000000,1771492832163000000,0
AWTEventQueue.dispatchTimeTotalNS,1771492772083000000,1771492832163000000,2404833635
NonBlockingReadAction.failedExecutionsCount,1771492772083000000,1771492832163000000,14
cacheStateStorage.get.duration,1771492772083000000,1771492832163000000,0
cacheStateStorage.set.duration,1771492772083000000,1771492832163000000,39
cacheStateStorage.set.counter,1771492772083000000,1771492832163000000,3
cacheStateStorage.get.counter,1771492772083000000,1771492832163000000,18
Indexes.entries.lookupDurationMaxMs,1771492772083000000,1771492832163000000,0.0
Indexes.entries.lookupDurationAvgMs,1771492772083000000,1771492832163000000,0.0
Indexing.cache.totalCacheAccesses,1771492772083000000,1771492832163000000,2365271
Indexing.writer_3.totalTimeSpentWritingMs,1771492772083000000,1771492832163000000,4188
Indexes.entries.lookups,1771492772083000000,1771492832163000000,20
Indexes.allKeys.lookupDurationMaxMs,1771492772083000000,1771492832163000000,0.0
Indexing.cache.totalCacheEvicted,1771492772083000000,1771492832163000000,875560
Indexing.cache.totalCacheMisses,1771492772083000000,1771492832163000000,876694
Indexes.stubs.lookupDurationMaxMs,1771492772083000000,1771492832163000000,0.0
Indexes.stubs.lookupDuration90PMs,1771492772083000000,1771492832163000000,0.0
Indexing.totalTimeIndexersSleptMs,1771492772083000000,1771492832163000000,8107
Indexing.writer_1.totalTimeSpentWritingMs,1771492772083000000,1771492832163000000,1035
Indexing.writesQueuedMin,1771492772083000000,1771492832163000000,9223372036854775807
Indexes.allKeys.lookupDurationAvgMs,1771492772083000000,1771492832163000000,0.0
Indexes.allKeys.lookupDuration90PMs,1771492772083000000,1771492832163000000,0.0
Indexing.writer_0.totalTimeSpentWritingMs,1771492772083000000,1771492832163000000,1179
Indexes.allKeys.lookups,1771492772083000000,1771492832163000000,2
Indexing.writer_2.totalTimeSpentWritingMs,1771492772083000000,1771492832163000000,2558
Indexes.stubs.lookupDurationAvgMs,1771492772083000000,1771492832163000000,0.0
Indexes.stubs.lookups,1771492772083000000,1771492832163000000,2569
Indexes.entries.lookupDuration90PMs,1771492772083000000,1771492832163000000,0.0
Indexing.writesQueuedMax,1771492772083000000,1771492832163000000,0
workspaceModel.workspaceFileIndexData.instances.count,1771492772083000000,1771492832163000000,1
workspaceModel.workspaceFileIndexData.init.ms,1771492772083000000,1771492832163000000,3
workspaceModel.cachedValueWithParameters.from.cache.count,1771492772083000000,1771492832163000000,0
workspaceModel.workspaceFileIndexData.onEntitiesChanged.ms,1771492772083000000,1771492832163000000,34
workspaceModel.cachedValue.calculated.count,1771492772083000000,1771492832163000000,168
workspaceModel.collect.changes.ms,1771492772083000000,1771492832163000000,0
workspaceModel.pre.handlers.ms,1771492772083000000,1771492832163000000,1
workspaceModel.workspaceFileIndexData.markDirty.ms,1771492772083000000,1771492832163000000,0
workspaceModel.cachedValueWithParameters.clear.count,1771492772083000000,1771492832163000000,0
workspaceModel.on.changed.ms,1771492772083000000,1771492832163000000,119
workspaceModel.workspaceFileIndexData.visitFileSets.ms,1771492772083000000,1771492832163000000,154
workspaceModel.replace.project.model.ms,1771492772083000000,1771492832163000000,47
workspaceModel.workspaceFileIndexData.getFileInfo.ms,1771492772083000000,1771492832163000000,415
workspaceModel.cachedValue.clear.count,1771492772083000000,1771492832163000000,2
workspaceModel.to.snapshot.ms,1771492772083000000,1771492832163000000,1
workspaceModel.workspaceFileIndexData.processFileSets.ms,1771492772083000000,1771492832163000000,0
workspaceModel.cachedValue.from.cache.count,1771492772083000000,1771492832163000000,7300
workspaceModel.init.bridges.ms,1771492772083000000,1771492832163000000,32
workspaceModel.initializing.ms,1771492772083000000,1771492832163000000,18
workspaceModel.full.replace.project.model.ms,1771492772083000000,1771492832163000000,67
workspaceModel.updates.count,1771492772083000000,1771492832163000000,17
workspaceModel.loading.from.cache.ms,1771492772083000000,1771492832163000000,1
workspaceModel.updates.precise.ms,1771492772083000000,1771492832163000000,27
workspaceModel.updates.ms,1771492772083000000,1771492832163000000,162
workspaceModel.cachedValue.total.get.count,1771492772083000000,1771492832163000000,7468
workspaceModel.cachedValueWithParameters.total.get.count,1771492772083000000,1771492832163000000,0
workspaceModel.check.recursive.update.ms,1771492772083000000,1771492832163000000,1
workspaceModel.workspaceFileIndexData.getDirectoriesByPackageName.ms,1771492772083000000,1771492832163000000,0
workspaceModel.on.before.changed.ms,1771492772083000000,1771492832163000000,57
workspaceModel.workspaceFileIndexContributor.registerFileSets.ms,1771492772083000000,1771492832163000000,29
workspaceModel.loading.total.ms,1771492772083000000,1771492832163000000,3
workspaceModel.workspaceFileIndexData.getPackageName.ms,1771492772083000000,1771492832163000000,0
workspaceModel.workspaceFileIndexData.updateDirtyEntities.ms,1771492772083000000,1771492832163000000,0
workspaceModel.cachedValueWithParameters.calculated.count,1771492772083000000,1771492832163000000,0
workspaceModel.entityStorageSnapshotImpl.instances.count,1771492772083000000,1771492832163000000,62
workspaceModel.update.unloaded.entities.ms,1771492772083000000,1771492832163000000,0
VFS.contentStorage.recordsUncompressedSize,1771492772083000000,1771492832163000000,458036
VFS.contentStorage.recordsRead,1771492772083000000,1771492832163000000,31
VFS.fileByIdCache.hits,1771492772083000000,1771492832163000000,1
VFS.fileByIdCache.misses,1771492772083000000,1771492832163000000,33
FileNameCache.totalMisses,1771492772083000000,1771492832163000000,32896
VFS.cache.segmentsCreated,1771492772083000000,1771492832163000000,169
VFS.rootsCount,1771492772083000000,1771492832163000000,210.0
VFS.invertedFileNameIndex.requests,1771492772083000000,1771492832163000000,12
VFS.cache.filesCreated,1771492772083000000,1771492832163000000,138751
VFS.cache.directoriesCreated,1771492772083000000,1771492832163000000,4644
VFS.contentStorage.recordsStoredCompressed,1771492772083000000,1771492832163000000,6
VFS.fileChildByName,1771492772083000000,1771492832163000000,18413
FileNameCache.queries,1771492772083000000,1771492832163000000,6821568
VFS.contentStorage.recordsReadDecompressed,1771492772083000000,1771492832163000000,11
VFS.contentStorage.recordsStored,1771492772083000000,1771492832163000000,44
VFS.contentStorage.recordsDeduplicated,1771492772083000000,1771492832163000000,14
VFS.folderCaseSensitivityReads,1771492772083000000,1771492832163000000,379
VFS.contentStorage.recordsReadSize,1771492772083000000,1771492832163000000,887848
VFS.contentStorage.recordsDecompressionTimeUs,1771492772083000000,1771492832163000000,16329
VFS.cache.segments,1771492772083000000,1771492832163000000,168.0
VFS.contentStorage.recordsStoredSize,1771492772083000000,1771492832163000000,225707
parser.XML.time.ns,1771492772083000000,1771492832163000000,9276917
lexer.Lombok.Config.size.bytes,1771492772083000000,1771492832163000000,137
parser.SCSS.time.ns,1771492772083000000,1771492832163000000,56519411
DiskQueryRelay.taskWaitingTotalTimeUs,1771492772083000000,1771492832163000000,12283684
parser.JAVA.time.ns,1771492772083000000,1771492832163000000,421719108
lexer.Groovy.time.ns,1771492772083000000,1771492832163000000,2181833
lexer.ECMAScript.6.size.bytes,1771492772083000000,1771492832163000000,3714478
lexer.Flow.JS.size.bytes,1771492772083000000,1771492832163000000,140172
DiskQueryRelay.tasksRequested,1771492772083000000,1771492832163000000,54622
writeAction.wait.ms,1771492772083000000,1771492832163000000,331
lexer.SCSS.time.ns,1771492772083000000,1771492832163000000,4407544
writeAction.max.wait.ms,1771492772083000000,1771492832163000000,153
parser.HTML.time.ns,1771492772083000000,1771492832163000000,324097706
parser.Groovy.size.bytes,1771492772083000000,1771492832163000000,12777
parser.Lombok.Config.size.bytes,1771492772083000000,1771492832163000000,137
parser.JAVA.size.bytes,1771492772083000000,1771492832163000000,643229
DiskQueryRelay.tasksExecuted,1771492772083000000,1771492832163000000,54617
lexer.Flow.JS.time.ns,1771492772083000000,1771492832163000000,20168877
lexer.XML.size.bytes,1771492772083000000,1771492832163000000,39199
writeAction.count,1771492772083000000,1771492832163000000,74
parser.Flow.JS.time.ns,1771492772083000000,1771492832163000000,495586833
lexer.XML.time.ns,1771492772083000000,1771492832163000000,2250167
lexer.Lombok.Config.time.ns,1771492772083000000,1771492832163000000,79125
parser.Lombok.Config.time.ns,1771492772083000000,1771492832163000000,203500
parser.Groovy.time.ns,1771492772083000000,1771492832163000000,82111792
parser.SCSS.size.bytes,1771492772083000000,1771492832163000000,21698
parser.HTML.size.bytes,1771492772083000000,1771492832163000000,2250517
lexer.JSON.time.ns,1771492772083000000,1771492832163000000,1147958
LowMemory.gcOverloaded,1771492772083000000,1771492832163000000,0
parser.ECMAScript.6.size.bytes,1771492772083000000,1771492832163000000,13333179
parser.JSON.time.ns,1771492772083000000,1771492832163000000,16982583
DiskQueryRelay.taskExecutionTotalTimeUs,1771492772083000000,1771492832163000000,8886903
LowMemory.gcLoad,1771492772083000000,1771492832163000000,0.0
parser.XML.size.bytes,1771492772083000000,1771492832163000000,39199
parser.CSS.time.ns,1771492772083000000,1771492832163000000,831563867
lexer.CSS.time.ns,1771492772083000000,1771492832163000000,275672027
lexer.ECMAScript.6.time.ns,1771492772083000000,1771492832163000000,80850124
lexer.CSS.size.bytes,1771492772083000000,1771492832163000000,11020188
lexer.HTML.size.bytes,1771492772083000000,1771492832163000000,2250517
parser.JSON.size.bytes,1771492772083000000,1771492832163000000,503
lexer.JSON.size.bytes,1771492772083000000,1771492832163000000,503
lexer.JAVA.time.ns,1771492772083000000,1771492832163000000,57306075
lexer.HTML.time.ns,1771492772083000000,1771492832163000000,649395000
parser.CSS.size.bytes,1771492772083000000,1771492832163000000,11020188
lexer.JAVA.size.bytes,1771492772083000000,1771492832163000000,424990
writeAction.median.wait.ms,1771492772083000000,1771492832163000000,300
lexer.Groovy.size.bytes,1771492772083000000,1771492832163000000,12777
lexer.SCSS.size.bytes,1771492772083000000,1771492832163000000,21698
parser.Flow.JS.size.bytes,1771492772083000000,1771492832163000000,140172
parser.ECMAScript.6.time.ns,1771492772083000000,1771492832163000000,749650819
StorageLockContext.competingThreads.90P,1771492832163000000,1771492892116000000,0
MappedFileStorage.storages,1771492832163000000,1771492892116000000,16
DirectByteBufferAllocator.disposed,1771492832163000000,1771492892116000000,0
FilePageCache.disposedBuffers,1771492832163000000,1771492892116000000,0
FileChannelInterruptsRetryer.totalRetriedAttempts,1771492832163000000,1771492892116000000,0
FilePageCache.pageHits,1771492832163000000,1771492892116000000,0
FilePageCache.maxRegisteredFiles,1771492832163000000,1771492892116000000,1824
FilePageCache.totalPageLoadsUs,1771492832163000000,1771492892116000000,0
FilePageCache.maxCacheSizeInBytes,1771492832163000000,1771492892116000000,629145600
FilePageCache.pageLoadsAboveSizeThreshold,1771492832163000000,1771492892116000000,0
FilePageCache.pageFastCacheHits,1771492832163000000,1771492892116000000,0
StreamlinedBlobStorage.totalLiveRecordsCapacityBytes,1771492832163000000,1771492892116000000,0
FilePageCache.totalPageDisposalsUs,1771492832163000000,1771492892116000000,0
MappedFileStorage.totalBytesMapped,1771492832163000000,1771492892116000000,202637312
StorageLockContext.competingThreads.max,1771492832163000000,1771492892116000000,0
StorageLockContext.competingThreads.avg,1771492832163000000,1771492892116000000,0.0
FilePageCache.uncachedFileAccess,1771492832163000000,1771492892116000000,0
FilePageCache.pageLoads,1771492832163000000,1771492892116000000,0
StreamlinedBlobStorage.recordsAllocated,1771492832163000000,1771492892116000000,0
StreamlinedBlobStorage.totalLiveRecordsPayloadBytes,1771492832163000000,1771492892116000000,0
FilePageCache.capacityInBytes,1771492832163000000,1771492892116000000,629145600
DirectByteBufferAllocator.totalSizeOfBuffersAllocatedInBytes,1771492832163000000,1771492892116000000,630194176
DirectByteBufferAllocator.totalSizeOfBuffersCachedInBytes,1771492832163000000,1771492892116000000,1048576
MappedFileStorage.totalTimeSpentOnMappingUs,1771492832163000000,1771492892116000000,253278
DirectByteBufferAllocator.hits,1771492832163000000,1771492892116000000,0
StreamlinedBlobStorage.recordsDeleted,1771492832163000000,1771492892116000000,0
StreamlinedBlobStorage.recordsRelocated,1771492832163000000,1771492892116000000,0
DirectByteBufferAllocator.reclaimed,1771492832163000000,1771492892116000000,0
MappedFileStorage.totalPagesMapped,1771492832163000000,1771492892116000000,16
DirectByteBufferAllocator.misses,1771492832163000000,1771492892116000000,0
compiler.ArtifactModifiableModelBridge.findArtifacts.ms,1771492832163000000,1771492892116000000,0
compiler.ArtifactManagerBridge.commit.ms,1771492832163000000,1771492892116000000,0
compiler.ArtifactManagerBridge.addArtifact.ms,1771492832163000000,1771492892116000000,0
compiler.ArtifactVirtualFileListener.filePathChanged.ms,1771492832163000000,1771492892116000000,0
compiler.ArtifactModifiableModelBridge.getArtifactsByType.ms,1771492832163000000,1771492892116000000,0
compiler.ArtifactManagerBridge.initBridges.ms,1771492832163000000,1771492892116000000,0
compiler.ArtifactVirtualFileListener.propertyChanged.ms,1771492832163000000,1771492892116000000,0
compiler.ArtifactManagerBridge.getArtifacts.ms,1771492832163000000,1771492892116000000,0
compiler.ArtifactManagerBridge.dropMappings.ms,1771492832163000000,1771492892116000000,0
compiler.ArtifactModifiableModelBridge.addArtifact.ms,1771492832163000000,1771492892116000000,0
compiler.ArtifactModifiableModelBridge.commit.ms,1771492832163000000,1771492892116000000,2
compiler.ArtifactModifiableModelBridge.dispose.ms,1771492832163000000,1771492892116000000,0
compiler.ArtifactManagerBridge.findArtifact.ms,1771492832163000000,1771492892116000000,0
compiler.ArtifactManagerBridge.getArtifactsByType.ms,1771492832163000000,1771492892116000000,0
compiler.ArtifactModifiableModelBridge.getArtifacts.ms,1771492832163000000,1771492892116000000,0
jps.global.initialize.library.bridges.after.loading.ms,1771492832163000000,1771492892116000000,0
workspaceModel.mutableEntityStorage.add.entity.ms,1771492832163000000,1771492892116000000,0
workspaceModel.mutableEntityStorage.instances.count,1771492832163000000,1771492892116000000,0
workspaceModel.mutableEntityStorage.entities.by.source.ms,1771492832163000000,1771492892116000000,0
workspaceModel.moduleManagerBridge.build.module.graph.ms,1771492832163000000,1771492892116000000,0
workspaceModel.mutableEntityStorage.remove.entity.ms,1771492832163000000,1771492892116000000,0
workspaceModel.global.updates.ms,1771492832163000000,1771492892116000000,0
jps.global.get.libraries.ms,1771492832163000000,1771492892116000000,0
workspaceModel.mutableEntityStorage.modify.entity.ms,1771492832163000000,1771492892116000000,0
jps.modifiable.module.model.bridge.new.module.ms,1771492832163000000,1771492892116000000,0
jps.module.iml.entities.serializer.save.entities.ms,1771492832163000000,1771492892116000000,0
jps.storage.jps.conf.reader.load.component.ms,1771492832163000000,1771492892116000000,0
workspaceModel.moduleManagerBridge.get.modules.ms,1771492832163000000,1771492892116000000,0
jps.modifiable.module.model.bridge.disposing.ms,1771492832163000000,1771492892116000000,0
jps.project.serializers.load.ms,1771492832163000000,1771492892116000000,0
jps.artifact.entities.serializer.load.entities.ms,1771492832163000000,1771492892116000000,0
workspaceModel.moduleManagerBridge.load.all.modules.ms,1771492832163000000,1771492892116000000,0
workspaceModel.orphan.listener.update.ms,1771492832163000000,1771492892116000000,0
jps.save.global.entities.ms,1771492832163000000,1771492892116000000,0
workspaceModel.mutableEntityStorage.changeLog.addReplaceEventForNewChild.ms,1771492832163000000,1771492892116000000,0
workspaceModel.moduleBridgeLoader.loading.modules.ms,1771492832163000000,1771492892116000000,0
workspaceModel.moduleBridge.before.changed.ms,1771492832163000000,1771492892116000000,0
jps.facet.change.listener.process.change.events.ms,1771492832163000000,1771492892116000000,0
jps.reload.project.entities.ms,1771492832163000000,1771492892116000000,0
jps.module.dependency.index.workspace.model.listener.on.changed.ms,1771492832163000000,1771492892116000000,0
jps.global.get.library.ms,1771492832163000000,1771492892116000000,0
workspaceModel.mutableEntityStorage.replace.by.source.ms,1771492832163000000,1771492892116000000,0
jps.project.serializers.save.ms,1771492832163000000,1771492892116000000,0
workspaceModel.sync.entities.ms,1771492832163000000,1771492892116000000,0
workspaceModel.global.apply.state.to.project.builder.ms,1771492832163000000,1771492892116000000,0
jps.global.get.library.by.name.ms,1771492832163000000,1771492892116000000,0
workspaceModel.mutableEntityStorage.to.snapshot.ms,1771492832163000000,1771492892116000000,0
workspaceModel.mutableEntityStorage.put.entity.ms,1771492832163000000,1771492892116000000,0
jps.global.handle.before.change.events.ms,1771492832163000000,1771492892116000000,0
workspaceModel.moduleBridge.facet.initialization.ms,1771492832163000000,1771492892116000000,0
workspaceModel.mutableEntityStorage.mutable.ext.mapping.ms,1771492832163000000,1771492892116000000,0
workspaceModel.do.save.caches.ms,1771492832163000000,1771492892116000000,0
workspaceModel.mutableEntityStorage.apply.changes.from.ms,1771492832163000000,1771492892116000000,0
workspaceModel.mutableEntityStorage.has.same.entities.ms,1771492832163000000,1771492892116000000,0
workspaceModel.moduleManagerBridge.newModule.ms,1771492832163000000,1771492892116000000,0
workspaceModel.load.cache.metadata.from.file.ms,1771492832163000000,1771492892116000000,0
workspaceModel.moduleManagerBridge.set.unloadedModules.ms,1771492832163000000,1771492892116000000,0
workspaceModel.moduleBridge.update.option.ms,1771492832163000000,1771492892116000000,0
jps.load.initial.state.ms,1771492832163000000,1771492892116000000,0
workspaceModel.mutableEntityStorage.referrers.ms,1771492832163000000,1771492892116000000,0
workspaceModel.mutableEntityStorage.entities.ms,1771492832163000000,1771492892116000000,0
jps.library.entities.serializer.load.entities.ms,1771492832163000000,1771492892116000000,0
workspaceModel.mutableEntityStorage.resolve.ms,1771492832163000000,1771492892116000000,0
workspaceModel.moduleManagerBridge.load.module.ms,1771492832163000000,1771492892116000000,0
workspaceModel.mutableEntityStorage.changeLog.addReplaceEventForNewParent.ms,1771492832163000000,1771492892116000000,0
workspaceModel.save.cache.to.file.ms,1771492832163000000,1771492892116000000,0
workspaceModel.global.updates.count,1771492832163000000,1771492892116000000,0
jps.module.iml.entities.serializer.load.entities.ms,1771492832163000000,1771492892116000000,0
workspaceModel.global.apply.state.to.project.ms,1771492832163000000,1771492892116000000,0
jps.artifact.entities.serializer.save.entities.ms,1771492832163000000,1771492892116000000,0
workspaceModel.mutableEntityStorage.changeLog.addReplaceEventForRemovedParent.ms,1771492832163000000,1771492892116000000,0
jps.global.initialize.library.bridges.ms,1771492832163000000,1771492892116000000,0
jps.facet.change.listener.init.bridge.ms,1771492832163000000,1771492892116000000,0
jps.load.project.to.empty.storage.ms,1771492832163000000,1771492892116000000,0
workspaceModel.mutableEntityStorage.collect.changes.ms,1771492832163000000,1771492892116000000,0
jps.library.entities.serializer.save.entities.ms,1771492832163000000,1771492892116000000,0
workspaceModel.mutableEntityStorage.changeLog.addReplaceEventForRemovedChild.ms,1771492832163000000,1771492892116000000,0
workspaceModel.mutableEntityStorage.mutable.vfurl.index.ms,1771492832163000000,1771492892116000000,0
jps.global.handle.changed.events.ms,1771492832163000000,1771492892116000000,0
jps.modifiable.module.model.bridge.renaming.ms,1771492832163000000,1771492892116000000,0
jps.facet.change.listener.before.change.events.ms,1771492832163000000,1771492892116000000,0
jps.app.storage.content.reader.load.component.ms,1771492832163000000,1771492892116000000,0
workspaceModel.mutableEntityStorage.hasReferrers.ms,1771492832163000000,1771492892116000000,0
workspaceModel.moduleManagerBridge.new.nonPersistent.module.ms,1771492832163000000,1771492892116000000,0
workspaceModel.delayed.project.synchronizer.sync.ms,1771492832163000000,1771492892116000000,0
jps.apply.loaded.storage.ms,1771492832163000000,1771492892116000000,0
jps.save.changed.project.entities.ms,1771492832163000000,1771492892116000000,0
workspaceModel.load.cache.from.file.ms,1771492832163000000,1771492892116000000,0
workspaceModel.moduleManagerBridge.create.module.instance.ms,1771492832163000000,1771492892116000000,0
jps.modifiable.module.model.bridge.load.module.ms,1771492832163000000,1771492892116000000,0
JVM.GC.collectionTimesMs,1771492832163000000,1771492892116000000,0
OS.loadAverage,1771492832163000000,1771492892116000000,2.50390625
JVM.newThreadsCount,1771492832163000000,1771492892116000000,24
JVM.GC.collections,1771492832163000000,1771492892116000000,0
JVM.totalDirectByteBuffersBytes,1771492832163000000,1771492892116000000,635674889
MEM.ramPlusSwapMinusFileMappingsBytes,1771492832163000000,1771492892116000000,2544521216
JVM.totalBytesAllocated,1771492832163000000,1771492892116000000,50954832
MEM.fileMappingsRamBytes,1771492832163000000,1771492892116000000,723972096
JVM.maxThreadCount,1771492832163000000,1771492892116000000,220
JVM.totalTimeAtSafepointsMs,1771492832163000000,1771492892116000000,1
JVM.maxHeapBytes,1771492832163000000,1771492892116000000,28840034304
JVM.threadCount,1771492832163000000,1771492892116000000,89
JVM.committedHeapBytes,1771492832163000000,1771492892116000000,1207959552
JVM.totalCpuTimeMs,1771492832163000000,1771492892116000000,2900
JVM.usedNativeBytes,1771492832163000000,1771492892116000000,451359144
MEM.ramBytes,1771492832163000000,1771492892116000000,3268493312
JVM.usedHeapBytes,1771492832163000000,1771492892116000000,1007807568
JVM.totalTimeToSafepointsMs,1771492832163000000,1771492892116000000,2
JVM.totalSafepointCount,1771492832163000000,1771492892116000000,36
MEM.ramMinusFileMappingsBytes,1771492832163000000,1771492892116000000,2544521216
NonBlockingReadAction.finalizedExecutionTimeUs,1771492832163000000,1771492892116000000,0
FlushQueue.waitingTimeAvgNs,1771492832163000000,1771492892116000000,0.0
FlushQueue.queueSize90P,1771492832163000000,1771492892116000000,0
NonBlockingReadAction.finalizedExecutionsCount,1771492832163000000,1771492892116000000,0
FlushQueue.queueSizeMax,1771492832163000000,1771492892116000000,0
NonBlockingReadAction.failedExecutionTimeUs,1771492832163000000,1771492892116000000,0
ReadAction.executionsCount,1771492832163000000,1771492892116000000,3
AWTEventQueue.dispatchTimeAvgNs,1771492832163000000,1771492892116000000,0.0
FlushQueue.executionTimeAvgNs,1771492832163000000,1771492892116000000,0.0
WriteAction.executionsCount,1771492832163000000,1771492892116000000,0
FlushQueue.waitingTimeMaxNs,1771492832163000000,1771492892116000000,0
FlushQueue.tasksExecuted,1771492832163000000,1771492892116000000,0
AWTEventQueue.dispatchTimeMaxNs,1771492832163000000,1771492892116000000,0
FlushQueue.executionTime90PNs,1771492832163000000,1771492892116000000,0
AWTEventQueue.dispatchTime90PNs,1771492832163000000,1771492892116000000,0
AWTEventQueue.eventsDispatched,1771492832163000000,1771492892116000000,0
FlushQueue.queueSizeAvg,1771492832163000000,1771492892116000000,0.0
FlushQueue.executionTimeMaxNs,1771492832163000000,1771492892116000000,0
FlushQueue.waitingTime90PNs,1771492832163000000,1771492892116000000,0
AWTEventQueue.dispatchTimeTotalNS,1771492832163000000,1771492892116000000,119964843
NonBlockingReadAction.failedExecutionsCount,1771492832163000000,1771492892116000000,0
cacheStateStorage.get.duration,1771492832163000000,1771492892116000000,0
cacheStateStorage.set.duration,1771492832163000000,1771492892116000000,0
cacheStateStorage.set.counter,1771492832163000000,1771492892116000000,1
cacheStateStorage.get.counter,1771492832163000000,1771492892116000000,1
Indexes.entries.lookupDurationMaxMs,1771492832163000000,1771492892116000000,0.0
Indexes.entries.lookupDurationAvgMs,1771492832163000000,1771492892116000000,0.0
Indexing.cache.totalCacheAccesses,1771492832163000000,1771492892116000000,0
Indexing.writer_3.totalTimeSpentWritingMs,1771492832163000000,1771492892116000000,0
Indexes.entries.lookups,1771492832163000000,1771492892116000000,0
Indexes.allKeys.lookupDurationMaxMs,1771492832163000000,1771492892116000000,0.0
Indexing.cache.totalCacheEvicted,1771492832163000000,1771492892116000000,0
Indexing.cache.totalCacheMisses,1771492832163000000,1771492892116000000,0
Indexes.stubs.lookupDurationMaxMs,1771492832163000000,1771492892116000000,0.0
Indexes.stubs.lookupDuration90PMs,1771492832163000000,1771492892116000000,0.0
Indexing.totalTimeIndexersSleptMs,1771492832163000000,1771492892116000000,0
Indexing.writer_1.totalTimeSpentWritingMs,1771492832163000000,1771492892116000000,0
Indexing.writesQueuedMin,1771492832163000000,1771492892116000000,9223372036854775807
Indexes.allKeys.lookupDurationAvgMs,1771492832163000000,1771492892116000000,0.0
Indexes.allKeys.lookupDuration90PMs,1771492832163000000,1771492892116000000,0.0
Indexing.writer_0.totalTimeSpentWritingMs,1771492832163000000,1771492892116000000,0
Indexes.allKeys.lookups,1771492832163000000,1771492892116000000,0
Indexing.writer_2.totalTimeSpentWritingMs,1771492832163000000,1771492892116000000,0
Indexes.stubs.lookupDurationAvgMs,1771492832163000000,1771492892116000000,0.0
Indexes.stubs.lookups,1771492832163000000,1771492892116000000,0
Indexes.entries.lookupDuration90PMs,1771492832163000000,1771492892116000000,0.0
Indexing.writesQueuedMax,1771492832163000000,1771492892116000000,0
workspaceModel.workspaceFileIndexData.instances.count,1771492832163000000,1771492892116000000,0
workspaceModel.workspaceFileIndexData.init.ms,1771492832163000000,1771492892116000000,0
workspaceModel.cachedValueWithParameters.from.cache.count,1771492832163000000,1771492892116000000,0
workspaceModel.workspaceFileIndexData.onEntitiesChanged.ms,1771492832163000000,1771492892116000000,0
workspaceModel.cachedValue.calculated.count,1771492832163000000,1771492892116000000,0
workspaceModel.collect.changes.ms,1771492832163000000,1771492892116000000,0
workspaceModel.pre.handlers.ms,1771492832163000000,1771492892116000000,0
workspaceModel.workspaceFileIndexData.markDirty.ms,1771492832163000000,1771492892116000000,0
workspaceModel.cachedValueWithParameters.clear.count,1771492832163000000,1771492892116000000,0
workspaceModel.on.changed.ms,1771492832163000000,1771492892116000000,0
workspaceModel.workspaceFileIndexData.visitFileSets.ms,1771492832163000000,1771492892116000000,0
workspaceModel.replace.project.model.ms,1771492832163000000,1771492892116000000,0
workspaceModel.workspaceFileIndexData.getFileInfo.ms,1771492832163000000,1771492892116000000,0
workspaceModel.cachedValue.clear.count,1771492832163000000,1771492892116000000,0
workspaceModel.to.snapshot.ms,1771492832163000000,1771492892116000000,0
workspaceModel.workspaceFileIndexData.processFileSets.ms,1771492832163000000,1771492892116000000,0
workspaceModel.cachedValue.from.cache.count,1771492832163000000,1771492892116000000,0
workspaceModel.init.bridges.ms,1771492832163000000,1771492892116000000,0
workspaceModel.initializing.ms,1771492832163000000,1771492892116000000,0
workspaceModel.full.replace.project.model.ms,1771492832163000000,1771492892116000000,0
workspaceModel.updates.count,1771492832163000000,1771492892116000000,0
workspaceModel.loading.from.cache.ms,1771492832163000000,1771492892116000000,0
workspaceModel.updates.precise.ms,1771492832163000000,1771492892116000000,0
workspaceModel.updates.ms,1771492832163000000,1771492892116000000,0
workspaceModel.cachedValue.total.get.count,1771492832163000000,1771492892116000000,0
workspaceModel.cachedValueWithParameters.total.get.count,1771492832163000000,1771492892116000000,0
workspaceModel.check.recursive.update.ms,1771492832163000000,1771492892116000000,0
workspaceModel.workspaceFileIndexData.getDirectoriesByPackageName.ms,1771492832163000000,1771492892116000000,0
workspaceModel.on.before.changed.ms,1771492832163000000,1771492892116000000,0
workspaceModel.workspaceFileIndexContributor.registerFileSets.ms,1771492832163000000,1771492892116000000,0
workspaceModel.loading.total.ms,1771492832163000000,1771492892116000000,0
workspaceModel.workspaceFileIndexData.getPackageName.ms,1771492832163000000,1771492892116000000,0
workspaceModel.workspaceFileIndexData.updateDirtyEntities.ms,1771492832163000000,1771492892116000000,0
workspaceModel.cachedValueWithParameters.calculated.count,1771492832163000000,1771492892116000000,0
workspaceModel.entityStorageSnapshotImpl.instances.count,1771492832163000000,1771492892116000000,0
workspaceModel.update.unloaded.entities.ms,1771492832163000000,1771492892116000000,0
VFS.contentStorage.recordsUncompressedSize,1771492832163000000,1771492892116000000,0
VFS.contentStorage.recordsRead,1771492832163000000,1771492892116000000,0
VFS.fileByIdCache.hits,1771492832163000000,1771492892116000000,0
VFS.fileByIdCache.misses,1771492832163000000,1771492892116000000,0
FileNameCache.totalMisses,1771492832163000000,1771492892116000000,0
VFS.cache.segmentsCreated,1771492832163000000,1771492892116000000,0
VFS.rootsCount,1771492832163000000,1771492892116000000,210.0
VFS.invertedFileNameIndex.requests,1771492832163000000,1771492892116000000,0
VFS.cache.filesCreated,1771492832163000000,1771492892116000000,0
VFS.cache.directoriesCreated,1771492832163000000,1771492892116000000,0
VFS.contentStorage.recordsStoredCompressed,1771492832163000000,1771492892116000000,0
VFS.fileChildByName,1771492832163000000,1771492892116000000,0
FileNameCache.queries,1771492832163000000,1771492892116000000,0
VFS.contentStorage.recordsReadDecompressed,1771492832163000000,1771492892116000000,0
VFS.contentStorage.recordsStored,1771492832163000000,1771492892116000000,0
VFS.contentStorage.recordsDeduplicated,1771492832163000000,1771492892116000000,0
VFS.folderCaseSensitivityReads,1771492832163000000,1771492892116000000,0
VFS.contentStorage.recordsReadSize,1771492832163000000,1771492892116000000,0
VFS.contentStorage.recordsDecompressionTimeUs,1771492832163000000,1771492892116000000,0
VFS.cache.segments,1771492832163000000,1771492892116000000,168.0
VFS.contentStorage.recordsStoredSize,1771492832163000000,1771492892116000000,0
DiskQueryRelay.taskWaitingTotalTimeUs,1771492832163000000,1771492892116000000,0
DiskQueryRelay.tasksRequested,1771492832163000000,1771492892116000000,0
writeAction.wait.ms,1771492832163000000,1771492892116000000,0
writeAction.max.wait.ms,1771492832163000000,1771492892116000000,153
DiskQueryRelay.tasksExecuted,1771492832163000000,1771492892116000000,0
writeAction.count,1771492832163000000,1771492892116000000,0
LowMemory.gcOverloaded,1771492832163000000,1771492892116000000,0
DiskQueryRelay.taskExecutionTotalTimeUs,1771492832163000000,1771492892116000000,0
LowMemory.gcLoad,1771492832163000000,1771492892116000000,0.0
writeAction.median.wait.ms,1771492832163000000,1771492892116000000,300
StorageLockContext.competingThreads.90P,1771492892116000000,1771492952116000000,0
MappedFileStorage.storages,1771492892116000000,1771492952116000000,16
DirectByteBufferAllocator.disposed,1771492892116000000,1771492952116000000,0
FilePageCache.disposedBuffers,1771492892116000000,1771492952116000000,22
FileChannelInterruptsRetryer.totalRetriedAttempts,1771492892116000000,1771492952116000000,0
FilePageCache.pageHits,1771492892116000000,1771492952116000000,35330
FilePageCache.maxRegisteredFiles,1771492892116000000,1771492952116000000,1824
FilePageCache.totalPageLoadsUs,1771492892116000000,1771492952116000000,10768
FilePageCache.maxCacheSizeInBytes,1771492892116000000,1771492952116000000,629145600
FilePageCache.pageLoadsAboveSizeThreshold,1771492892116000000,1771492952116000000,22
FilePageCache.pageFastCacheHits,1771492892116000000,1771492952116000000,2152167
StreamlinedBlobStorage.totalLiveRecordsCapacityBytes,1771492892116000000,1771492952116000000,2199130
FilePageCache.totalPageDisposalsUs,1771492892116000000,1771492952116000000,4
MappedFileStorage.totalBytesMapped,1771492892116000000,1771492952116000000,202637312
StorageLockContext.competingThreads.max,1771492892116000000,1771492952116000000,0
StorageLockContext.competingThreads.avg,1771492892116000000,1771492952116000000,0.0
FilePageCache.uncachedFileAccess,1771492892116000000,1771492952116000000,28
FilePageCache.pageLoads,1771492892116000000,1771492952116000000,0
StreamlinedBlobStorage.recordsAllocated,1771492892116000000,1771492952116000000,31212
StreamlinedBlobStorage.totalLiveRecordsPayloadBytes,1771492892116000000,1771492952116000000,417310
FilePageCache.capacityInBytes,1771492892116000000,1771492952116000000,629145600
DirectByteBufferAllocator.totalSizeOfBuffersAllocatedInBytes,1771492892116000000,1771492952116000000,630194176
DirectByteBufferAllocator.totalSizeOfBuffersCachedInBytes,1771492892116000000,1771492952116000000,1048576
MappedFileStorage.totalTimeSpentOnMappingUs,1771492892116000000,1771492952116000000,253278
DirectByteBufferAllocator.hits,1771492892116000000,1771492952116000000,22
StreamlinedBlobStorage.recordsDeleted,1771492892116000000,1771492952116000000,1
StreamlinedBlobStorage.recordsRelocated,1771492892116000000,1771492952116000000,0
DirectByteBufferAllocator.reclaimed,1771492892116000000,1771492952116000000,22
MappedFileStorage.totalPagesMapped,1771492892116000000,1771492952116000000,16
DirectByteBufferAllocator.misses,1771492892116000000,1771492952116000000,0
compiler.ArtifactModifiableModelBridge.findArtifacts.ms,1771492892116000000,1771492952116000000,0
compiler.ArtifactManagerBridge.commit.ms,1771492892116000000,1771492952116000000,0
compiler.ArtifactManagerBridge.addArtifact.ms,1771492892116000000,1771492952116000000,0
compiler.ArtifactVirtualFileListener.filePathChanged.ms,1771492892116000000,1771492952116000000,0
compiler.ArtifactModifiableModelBridge.getArtifactsByType.ms,1771492892116000000,1771492952116000000,0
compiler.ArtifactManagerBridge.initBridges.ms,1771492892116000000,1771492952116000000,0
compiler.ArtifactVirtualFileListener.propertyChanged.ms,1771492892116000000,1771492952116000000,0
compiler.ArtifactManagerBridge.getArtifacts.ms,1771492892116000000,1771492952116000000,0
compiler.ArtifactManagerBridge.dropMappings.ms,1771492892116000000,1771492952116000000,0
compiler.ArtifactModifiableModelBridge.addArtifact.ms,1771492892116000000,1771492952116000000,0
compiler.ArtifactModifiableModelBridge.commit.ms,1771492892116000000,1771492952116000000,2
compiler.ArtifactModifiableModelBridge.dispose.ms,1771492892116000000,1771492952116000000,0
compiler.ArtifactManagerBridge.findArtifact.ms,1771492892116000000,1771492952116000000,0
compiler.ArtifactManagerBridge.getArtifactsByType.ms,1771492892116000000,1771492952116000000,0
compiler.ArtifactModifiableModelBridge.getArtifacts.ms,1771492892116000000,1771492952116000000,0
jps.global.initialize.library.bridges.after.loading.ms,1771492892116000000,1771492952116000000,0
workspaceModel.mutableEntityStorage.add.entity.ms,1771492892116000000,1771492952116000000,13
workspaceModel.mutableEntityStorage.instances.count,1771492892116000000,1771492952116000000,5
workspaceModel.mutableEntityStorage.entities.by.source.ms,1771492892116000000,1771492952116000000,0
workspaceModel.moduleManagerBridge.build.module.graph.ms,1771492892116000000,1771492952116000000,0
workspaceModel.mutableEntityStorage.remove.entity.ms,1771492892116000000,1771492952116000000,1
workspaceModel.global.updates.ms,1771492892116000000,1771492952116000000,0
jps.global.get.libraries.ms,1771492892116000000,1771492952116000000,0
workspaceModel.mutableEntityStorage.modify.entity.ms,1771492892116000000,1771492952116000000,20
jps.modifiable.module.model.bridge.new.module.ms,1771492892116000000,1771492952116000000,0
jps.module.iml.entities.serializer.save.entities.ms,1771492892116000000,1771492952116000000,0
jps.storage.jps.conf.reader.load.component.ms,1771492892116000000,1771492952116000000,0
workspaceModel.moduleManagerBridge.get.modules.ms,1771492892116000000,1771492952116000000,0
jps.modifiable.module.model.bridge.disposing.ms,1771492892116000000,1771492952116000000,0
jps.project.serializers.load.ms,1771492892116000000,1771492952116000000,0
jps.artifact.entities.serializer.load.entities.ms,1771492892116000000,1771492952116000000,0
workspaceModel.moduleManagerBridge.load.all.modules.ms,1771492892116000000,1771492952116000000,0
workspaceModel.orphan.listener.update.ms,1771492892116000000,1771492952116000000,0
jps.save.global.entities.ms,1771492892116000000,1771492952116000000,0
workspaceModel.mutableEntityStorage.changeLog.addReplaceEventForNewChild.ms,1771492892116000000,1771492952116000000,1
workspaceModel.moduleBridgeLoader.loading.modules.ms,1771492892116000000,1771492952116000000,0
workspaceModel.moduleBridge.before.changed.ms,1771492892116000000,1771492952116000000,0
jps.facet.change.listener.process.change.events.ms,1771492892116000000,1771492952116000000,0
jps.reload.project.entities.ms,1771492892116000000,1771492952116000000,0
jps.module.dependency.index.workspace.model.listener.on.changed.ms,1771492892116000000,1771492952116000000,1
jps.global.get.library.ms,1771492892116000000,1771492952116000000,0
workspaceModel.mutableEntityStorage.replace.by.source.ms,1771492892116000000,1771492952116000000,12
jps.project.serializers.save.ms,1771492892116000000,1771492952116000000,0
workspaceModel.sync.entities.ms,1771492892116000000,1771492952116000000,0
workspaceModel.global.apply.state.to.project.builder.ms,1771492892116000000,1771492952116000000,0
jps.global.get.library.by.name.ms,1771492892116000000,1771492952116000000,0
workspaceModel.mutableEntityStorage.to.snapshot.ms,1771492892116000000,1771492952116000000,1
workspaceModel.mutableEntityStorage.put.entity.ms,1771492892116000000,1771492952116000000,5
jps.global.handle.before.change.events.ms,1771492892116000000,1771492952116000000,0
workspaceModel.moduleBridge.facet.initialization.ms,1771492892116000000,1771492952116000000,0
workspaceModel.mutableEntityStorage.mutable.ext.mapping.ms,1771492892116000000,1771492952116000000,0
workspaceModel.do.save.caches.ms,1771492892116000000,1771492952116000000,32
workspaceModel.mutableEntityStorage.apply.changes.from.ms,1771492892116000000,1771492952116000000,0
workspaceModel.mutableEntityStorage.has.same.entities.ms,1771492892116000000,1771492952116000000,0
workspaceModel.moduleManagerBridge.newModule.ms,1771492892116000000,1771492952116000000,0
workspaceModel.load.cache.metadata.from.file.ms,1771492892116000000,1771492952116000000,0
workspaceModel.moduleManagerBridge.set.unloadedModules.ms,1771492892116000000,1771492952116000000,0
workspaceModel.moduleBridge.update.option.ms,1771492892116000000,1771492952116000000,0
jps.load.initial.state.ms,1771492892116000000,1771492952116000000,0
workspaceModel.mutableEntityStorage.referrers.ms,1771492892116000000,1771492952116000000,0
workspaceModel.mutableEntityStorage.entities.ms,1771492892116000000,1771492952116000000,0
jps.library.entities.serializer.load.entities.ms,1771492892116000000,1771492952116000000,0
workspaceModel.mutableEntityStorage.resolve.ms,1771492892116000000,1771492952116000000,0
workspaceModel.moduleManagerBridge.load.module.ms,1771492892116000000,1771492952116000000,0
workspaceModel.mutableEntityStorage.changeLog.addReplaceEventForNewParent.ms,1771492892116000000,1771492952116000000,1
workspaceModel.save.cache.to.file.ms,1771492892116000000,1771492952116000000,27
workspaceModel.global.updates.count,1771492892116000000,1771492952116000000,0
jps.module.iml.entities.serializer.load.entities.ms,1771492892116000000,1771492952116000000,0
workspaceModel.global.apply.state.to.project.ms,1771492892116000000,1771492952116000000,0
jps.artifact.entities.serializer.save.entities.ms,1771492892116000000,1771492952116000000,0
workspaceModel.mutableEntityStorage.changeLog.addReplaceEventForRemovedParent.ms,1771492892116000000,1771492952116000000,0
jps.global.initialize.library.bridges.ms,1771492892116000000,1771492952116000000,0
jps.facet.change.listener.init.bridge.ms,1771492892116000000,1771492952116000000,0
jps.load.project.to.empty.storage.ms,1771492892116000000,1771492952116000000,0
workspaceModel.mutableEntityStorage.collect.changes.ms,1771492892116000000,1771492952116000000,1
jps.library.entities.serializer.save.entities.ms,1771492892116000000,1771492952116000000,0
workspaceModel.mutableEntityStorage.changeLog.addReplaceEventForRemovedChild.ms,1771492892116000000,1771492952116000000,0
workspaceModel.mutableEntityStorage.mutable.vfurl.index.ms,1771492892116000000,1771492952116000000,0
jps.global.handle.changed.events.ms,1771492892116000000,1771492952116000000,0
jps.modifiable.module.model.bridge.renaming.ms,1771492892116000000,1771492952116000000,0
jps.facet.change.listener.before.change.events.ms,1771492892116000000,1771492952116000000,0
jps.app.storage.content.reader.load.component.ms,1771492892116000000,1771492952116000000,0
workspaceModel.mutableEntityStorage.hasReferrers.ms,1771492892116000000,1771492952116000000,0
workspaceModel.moduleManagerBridge.new.nonPersistent.module.ms,1771492892116000000,1771492952116000000,0
workspaceModel.delayed.project.synchronizer.sync.ms,1771492892116000000,1771492952116000000,0
jps.apply.loaded.storage.ms,1771492892116000000,1771492952116000000,0
jps.save.changed.project.entities.ms,1771492892116000000,1771492952116000000,0
workspaceModel.load.cache.from.file.ms,1771492892116000000,1771492952116000000,0
workspaceModel.moduleManagerBridge.create.module.instance.ms,1771492892116000000,1771492952116000000,0
jps.modifiable.module.model.bridge.load.module.ms,1771492892116000000,1771492952116000000,0
JVM.GC.collectionTimesMs,1771492892116000000,1771492952116000000,267
OS.loadAverage,1771492892116000000,1771492952116000000,2.54443359375
JVM.newThreadsCount,1771492892116000000,1771492952116000000,46
JVM.GC.collections,1771492892116000000,1771492952116000000,10
JVM.totalDirectByteBuffersBytes,1771492892116000000,1771492952116000000,634606042
MEM.ramPlusSwapMinusFileMappingsBytes,1771492892116000000,1771492952116000000,2551001088
JVM.totalBytesAllocated,1771492892116000000,1771492952116000000,3851157960
MEM.fileMappingsRamBytes,1771492892116000000,1771492952116000000,729247744
JVM.maxThreadCount,1771492892116000000,1771492952116000000,220
JVM.totalTimeAtSafepointsMs,1771492892116000000,1771492952116000000,286
JVM.maxHeapBytes,1771492892116000000,1771492952116000000,28840034304
JVM.threadCount,1771492892116000000,1771492952116000000,77
JVM.committedHeapBytes,1771492892116000000,1771492952116000000,1207959552
JVM.totalCpuTimeMs,1771492892116000000,1771492952116000000,23880
JVM.usedNativeBytes,1771492892116000000,1771492952116000000,442708552
MEM.ramBytes,1771492892116000000,1771492952116000000,3280248832
JVM.usedHeapBytes,1771492892116000000,1771492952116000000,974714440
JVM.totalTimeToSafepointsMs,1771492892116000000,1771492952116000000,28
JVM.totalSafepointCount,1771492892116000000,1771492952116000000,77
MEM.ramMinusFileMappingsBytes,1771492892116000000,1771492952116000000,2551001088
NonBlockingReadAction.finalizedExecutionTimeUs,1771492892116000000,1771492952116000000,30373
FlushQueue.waitingTimeAvgNs,1771492892116000000,1771492952116000000,0.0
FlushQueue.queueSize90P,1771492892116000000,1771492952116000000,0
NonBlockingReadAction.finalizedExecutionsCount,1771492892116000000,1771492952116000000,20
FlushQueue.queueSizeMax,1771492892116000000,1771492952116000000,0
NonBlockingReadAction.failedExecutionTimeUs,1771492892116000000,1771492952116000000,3907
ReadAction.executionsCount,1771492892116000000,1771492952116000000,162193
AWTEventQueue.dispatchTimeAvgNs,1771492892116000000,1771492952116000000,0.0
FlushQueue.executionTimeAvgNs,1771492892116000000,1771492952116000000,0.0
WriteAction.executionsCount,1771492892116000000,1771492952116000000,22
FlushQueue.waitingTimeMaxNs,1771492892116000000,1771492952116000000,0
FlushQueue.tasksExecuted,1771492892116000000,1771492952116000000,0
AWTEventQueue.dispatchTimeMaxNs,1771492892116000000,1771492952116000000,0
FlushQueue.executionTime90PNs,1771492892116000000,1771492952116000000,0
AWTEventQueue.dispatchTime90PNs,1771492892116000000,1771492952116000000,0
AWTEventQueue.eventsDispatched,1771492892116000000,1771492952116000000,0
FlushQueue.queueSizeAvg,1771492892116000000,1771492952116000000,0.0
FlushQueue.executionTimeMaxNs,1771492892116000000,1771492952116000000,0
FlushQueue.waitingTime90PNs,1771492892116000000,1771492952116000000,0
AWTEventQueue.dispatchTimeTotalNS,1771492892116000000,1771492952116000000,377654458
NonBlockingReadAction.failedExecutionsCount,1771492892116000000,1771492952116000000,2
cacheStateStorage.get.duration,1771492892116000000,1771492952116000000,0
cacheStateStorage.set.duration,1771492892116000000,1771492952116000000,0
cacheStateStorage.set.counter,1771492892116000000,1771492952116000000,0
cacheStateStorage.get.counter,1771492892116000000,1771492952116000000,0
Indexes.entries.lookupDurationMaxMs,1771492892116000000,1771492952116000000,0.0
Indexes.entries.lookupDurationAvgMs,1771492892116000000,1771492952116000000,0.0
Indexing.cache.totalCacheAccesses,1771492892116000000,1771492952116000000,1145291
Indexing.writer_3.totalTimeSpentWritingMs,1771492892116000000,1771492952116000000,1297
Indexes.entries.lookups,1771492892116000000,1771492952116000000,0
Indexes.allKeys.lookupDurationMaxMs,1771492892116000000,1771492952116000000,0.0
Indexing.cache.totalCacheEvicted,1771492892116000000,1771492952116000000,508476
Indexing.cache.totalCacheMisses,1771492892116000000,1771492952116000000,575748
Indexes.stubs.lookupDurationMaxMs,1771492892116000000,1771492952116000000,0.0
Indexes.stubs.lookupDuration90PMs,1771492892116000000,1771492952116000000,0.0
Indexing.totalTimeIndexersSleptMs,1771492892116000000,1771492952116000000,0
Indexing.writer_1.totalTimeSpentWritingMs,1771492892116000000,1771492952116000000,110
Indexing.writesQueuedMin,1771492892116000000,1771492952116000000,9223372036854775807
Indexes.allKeys.lookupDurationAvgMs,1771492892116000000,1771492952116000000,0.0
Indexes.allKeys.lookupDuration90PMs,1771492892116000000,1771492952116000000,0.0
Indexing.writer_0.totalTimeSpentWritingMs,1771492892116000000,1771492952116000000,126
Indexes.allKeys.lookups,1771492892116000000,1771492952116000000,0
Indexing.writer_2.totalTimeSpentWritingMs,1771492892116000000,1771492952116000000,1680
Indexes.stubs.lookupDurationAvgMs,1771492892116000000,1771492952116000000,0.0
Indexes.stubs.lookups,1771492892116000000,1771492952116000000,0
Indexes.entries.lookupDuration90PMs,1771492892116000000,1771492952116000000,0.0
Indexing.writesQueuedMax,1771492892116000000,1771492952116000000,0
workspaceModel.workspaceFileIndexData.instances.count,1771492892116000000,1771492952116000000,0
workspaceModel.workspaceFileIndexData.init.ms,1771492892116000000,1771492952116000000,0
workspaceModel.cachedValueWithParameters.from.cache.count,1771492892116000000,1771492952116000000,0
workspaceModel.workspaceFileIndexData.onEntitiesChanged.ms,1771492892116000000,1771492952116000000,15
workspaceModel.cachedValue.calculated.count,1771492892116000000,1771492952116000000,126
workspaceModel.collect.changes.ms,1771492892116000000,1771492952116000000,0
workspaceModel.pre.handlers.ms,1771492892116000000,1771492952116000000,0
workspaceModel.workspaceFileIndexData.markDirty.ms,1771492892116000000,1771492952116000000,0
workspaceModel.cachedValueWithParameters.clear.count,1771492892116000000,1771492952116000000,0
workspaceModel.on.changed.ms,1771492892116000000,1771492952116000000,7
workspaceModel.workspaceFileIndexData.visitFileSets.ms,1771492892116000000,1771492952116000000,0
workspaceModel.replace.project.model.ms,1771492892116000000,1771492952116000000,26
workspaceModel.workspaceFileIndexData.getFileInfo.ms,1771492892116000000,1771492952116000000,164
workspaceModel.cachedValue.clear.count,1771492892116000000,1771492952116000000,0
workspaceModel.to.snapshot.ms,1771492892116000000,1771492952116000000,0
workspaceModel.workspaceFileIndexData.processFileSets.ms,1771492892116000000,1771492952116000000,0
workspaceModel.cachedValue.from.cache.count,1771492892116000000,1771492952116000000,6523
workspaceModel.init.bridges.ms,1771492892116000000,1771492952116000000,3
workspaceModel.initializing.ms,1771492892116000000,1771492952116000000,0
workspaceModel.full.replace.project.model.ms,1771492892116000000,1771492952116000000,0
workspaceModel.updates.count,1771492892116000000,1771492952116000000,0
workspaceModel.loading.from.cache.ms,1771492892116000000,1771492952116000000,0
workspaceModel.updates.precise.ms,1771492892116000000,1771492952116000000,0
workspaceModel.updates.ms,1771492892116000000,1771492952116000000,0
workspaceModel.cachedValue.total.get.count,1771492892116000000,1771492952116000000,6649
workspaceModel.cachedValueWithParameters.total.get.count,1771492892116000000,1771492952116000000,0
workspaceModel.check.recursive.update.ms,1771492892116000000,1771492952116000000,0
workspaceModel.workspaceFileIndexData.getDirectoriesByPackageName.ms,1771492892116000000,1771492952116000000,0
workspaceModel.on.before.changed.ms,1771492892116000000,1771492952116000000,1
workspaceModel.workspaceFileIndexContributor.registerFileSets.ms,1771492892116000000,1771492952116000000,193
workspaceModel.loading.total.ms,1771492892116000000,1771492952116000000,0
workspaceModel.workspaceFileIndexData.getPackageName.ms,1771492892116000000,1771492952116000000,0
workspaceModel.workspaceFileIndexData.updateDirtyEntities.ms,1771492892116000000,1771492952116000000,90
workspaceModel.cachedValueWithParameters.calculated.count,1771492892116000000,1771492952116000000,0
workspaceModel.entityStorageSnapshotImpl.instances.count,1771492892116000000,1771492952116000000,4
workspaceModel.update.unloaded.entities.ms,1771492892116000000,1771492952116000000,0
VFS.contentStorage.recordsUncompressedSize,1771492892116000000,1771492952116000000,144053
VFS.contentStorage.recordsRead,1771492892116000000,1771492952116000000,12
VFS.fileByIdCache.hits,1771492892116000000,1771492952116000000,7
VFS.fileByIdCache.misses,1771492892116000000,1771492952116000000,0
FileNameCache.totalMisses,1771492892116000000,1771492952116000000,30144
VFS.cache.segmentsCreated,1771492892116000000,1771492952116000000,62
VFS.rootsCount,1771492892116000000,1771492952116000000,317.0
VFS.invertedFileNameIndex.requests,1771492892116000000,1771492952116000000,0
VFS.cache.filesCreated,1771492892116000000,1771492952116000000,143924
VFS.cache.directoriesCreated,1771492892116000000,1771492952116000000,2441
VFS.contentStorage.recordsStoredCompressed,1771492892116000000,1771492952116000000,3
VFS.fileChildByName,1771492892116000000,1771492952116000000,19502
FileNameCache.queries,1771492892116000000,1771492952116000000,4589184
VFS.contentStorage.recordsReadDecompressed,1771492892116000000,1771492952116000000,8
VFS.contentStorage.recordsStored,1771492892116000000,1771492952116000000,4
VFS.contentStorage.recordsDeduplicated,1771492892116000000,1771492952116000000,0
VFS.folderCaseSensitivityReads,1771492892116000000,1771492952116000000,275
VFS.contentStorage.recordsReadSize,1771492892116000000,1771492952116000000,399979
VFS.contentStorage.recordsDecompressionTimeUs,1771492892116000000,1771492952116000000,1390
VFS.cache.segments,1771492892116000000,1771492952116000000,230.0
VFS.contentStorage.recordsStoredSize,1771492892116000000,1771492952116000000,74743
parser.XML.time.ns,1771492892116000000,1771492952116000000,28242418
parser.FTL..size.bytes,1771492892116000000,1771492952116000000,1440
DiskQueryRelay.taskWaitingTotalTimeUs,1771492892116000000,1771492952116000000,5935952
parser.JAVA.time.ns,1771492892116000000,1771492952116000000,11154169
lexer.ECMAScript.6.size.bytes,1771492892116000000,1771492952116000000,99667
DiskQueryRelay.tasksRequested,1771492892116000000,1771492952116000000,48777
lexer.FTL..size.bytes,1771492892116000000,1771492952116000000,1440
writeAction.wait.ms,1771492892116000000,1771492952116000000,40
writeAction.max.wait.ms,1771492892116000000,1771492952116000000,153
parser.HTML.time.ns,1771492892116000000,1771492952116000000,834916
parser.JAVA.size.bytes,1771492892116000000,1771492952116000000,51963
DiskQueryRelay.tasksExecuted,1771492892116000000,1771492952116000000,48775
lexer.XML.size.bytes,1771492892116000000,1771492952116000000,429637
lexer.FTL..time.ns,1771492892116000000,1771492952116000000,1264041
writeAction.count,1771492892116000000,1771492952116000000,22
lexer.XML.time.ns,1771492892116000000,1771492952116000000,6305876
parser.HTML.size.bytes,1771492892116000000,1771492952116000000,5146
LowMemory.gcOverloaded,1771492892116000000,1771492952116000000,0
parser.ECMAScript.6.size.bytes,1771492892116000000,1771492952116000000,406702
parser.FTL..time.ns,1771492892116000000,1771492952116000000,2870292
DiskQueryRelay.taskExecutionTotalTimeUs,1771492892116000000,1771492952116000000,3170978
LowMemory.gcLoad,1771492892116000000,1771492952116000000,0.0
parser.XML.size.bytes,1771492892116000000,1771492952116000000,429637
lexer.ECMAScript.6.time.ns,1771492892116000000,1771492952116000000,4513167
lexer.HTML.size.bytes,1771492892116000000,1771492952116000000,5146
lexer.JAVA.time.ns,1771492892116000000,1771492952116000000,4993708
lexer.HTML.time.ns,1771492892116000000,1771492952116000000,409249
lexer.JAVA.size.bytes,1771492892116000000,1771492952116000000,41912
writeAction.median.wait.ms,1771492892116000000,1771492952116000000,300
parser.ECMAScript.6.time.ns,1771492892116000000,1771492952116000000,27150171
StorageLockContext.competingThreads.90P,1771492952116000000,1771493012118000000,0
MappedFileStorage.storages,1771492952116000000,1771493012118000000,16
DirectByteBufferAllocator.disposed,1771492952116000000,1771493012118000000,0
FilePageCache.disposedBuffers,1771492952116000000,1771493012118000000,2
FileChannelInterruptsRetryer.totalRetriedAttempts,1771492952116000000,1771493012118000000,0
FilePageCache.pageHits,1771492952116000000,1771493012118000000,1360
FilePageCache.maxRegisteredFiles,1771492952116000000,1771493012118000000,1824
FilePageCache.totalPageLoadsUs,1771492952116000000,1771493012118000000,1071
FilePageCache.maxCacheSizeInBytes,1771492952116000000,1771493012118000000,629145600
FilePageCache.pageLoadsAboveSizeThreshold,1771492952116000000,1771493012118000000,2
FilePageCache.pageFastCacheHits,1771492952116000000,1771493012118000000,400506
StreamlinedBlobStorage.totalLiveRecordsCapacityBytes,1771492952116000000,1771493012118000000,0
FilePageCache.totalPageDisposalsUs,1771492952116000000,1771493012118000000,2
MappedFileStorage.totalBytesMapped,1771492952116000000,1771493012118000000,202637312
StorageLockContext.competingThreads.max,1771492952116000000,1771493012118000000,0
StorageLockContext.competingThreads.avg,1771492952116000000,1771493012118000000,0.0
FilePageCache.uncachedFileAccess,1771492952116000000,1771493012118000000,113
FilePageCache.pageLoads,1771492952116000000,1771493012118000000,0
StreamlinedBlobStorage.recordsAllocated,1771492952116000000,1771493012118000000,0
StreamlinedBlobStorage.totalLiveRecordsPayloadBytes,1771492952116000000,1771493012118000000,0
FilePageCache.capacityInBytes,1771492952116000000,1771493012118000000,629145600
DirectByteBufferAllocator.totalSizeOfBuffersAllocatedInBytes,1771492952116000000,1771493012118000000,630194176
DirectByteBufferAllocator.totalSizeOfBuffersCachedInBytes,1771492952116000000,1771493012118000000,1048576
MappedFileStorage.totalTimeSpentOnMappingUs,1771492952116000000,1771493012118000000,253278
DirectByteBufferAllocator.hits,1771492952116000000,1771493012118000000,2
StreamlinedBlobStorage.recordsDeleted,1771492952116000000,1771493012118000000,0
StreamlinedBlobStorage.recordsRelocated,1771492952116000000,1771493012118000000,0
DirectByteBufferAllocator.reclaimed,1771492952116000000,1771493012118000000,2
MappedFileStorage.totalPagesMapped,1771492952116000000,1771493012118000000,16
DirectByteBufferAllocator.misses,1771492952116000000,1771493012118000000,0
compiler.ArtifactModifiableModelBridge.findArtifacts.ms,1771492952116000000,1771493012118000000,0
compiler.ArtifactManagerBridge.commit.ms,1771492952116000000,1771493012118000000,0
compiler.ArtifactManagerBridge.addArtifact.ms,1771492952116000000,1771493012118000000,0
compiler.ArtifactVirtualFileListener.filePathChanged.ms,1771492952116000000,1771493012118000000,0
compiler.ArtifactModifiableModelBridge.getArtifactsByType.ms,1771492952116000000,1771493012118000000,0
compiler.ArtifactManagerBridge.initBridges.ms,1771492952116000000,1771493012118000000,0
compiler.ArtifactVirtualFileListener.propertyChanged.ms,1771492952116000000,1771493012118000000,0
compiler.ArtifactManagerBridge.getArtifacts.ms,1771492952116000000,1771493012118000000,0
compiler.ArtifactManagerBridge.dropMappings.ms,1771492952116000000,1771493012118000000,0
compiler.ArtifactModifiableModelBridge.addArtifact.ms,1771492952116000000,1771493012118000000,0
compiler.ArtifactModifiableModelBridge.commit.ms,1771492952116000000,1771493012118000000,2
compiler.ArtifactModifiableModelBridge.dispose.ms,1771492952116000000,1771493012118000000,0
compiler.ArtifactManagerBridge.findArtifact.ms,1771492952116000000,1771493012118000000,0
compiler.ArtifactManagerBridge.getArtifactsByType.ms,1771492952116000000,1771493012118000000,0
compiler.ArtifactModifiableModelBridge.getArtifacts.ms,1771492952116000000,1771493012118000000,0
jps.global.initialize.library.bridges.after.loading.ms,1771492952116000000,1771493012118000000,0
workspaceModel.mutableEntityStorage.add.entity.ms,1771492952116000000,1771493012118000000,0
workspaceModel.mutableEntityStorage.instances.count,1771492952116000000,1771493012118000000,0
workspaceModel.mutableEntityStorage.entities.by.source.ms,1771492952116000000,1771493012118000000,0
workspaceModel.moduleManagerBridge.build.module.graph.ms,1771492952116000000,1771493012118000000,0
workspaceModel.mutableEntityStorage.remove.entity.ms,1771492952116000000,1771493012118000000,0
workspaceModel.global.updates.ms,1771492952116000000,1771493012118000000,0
jps.global.get.libraries.ms,1771492952116000000,1771493012118000000,0
workspaceModel.mutableEntityStorage.modify.entity.ms,1771492952116000000,1771493012118000000,0
jps.modifiable.module.model.bridge.new.module.ms,1771492952116000000,1771493012118000000,0
jps.module.iml.entities.serializer.save.entities.ms,1771492952116000000,1771493012118000000,0
jps.storage.jps.conf.reader.load.component.ms,1771492952116000000,1771493012118000000,0
workspaceModel.moduleManagerBridge.get.modules.ms,1771492952116000000,1771493012118000000,0
jps.modifiable.module.model.bridge.disposing.ms,1771492952116000000,1771493012118000000,0
jps.project.serializers.load.ms,1771492952116000000,1771493012118000000,0
jps.artifact.entities.serializer.load.entities.ms,1771492952116000000,1771493012118000000,0
workspaceModel.moduleManagerBridge.load.all.modules.ms,1771492952116000000,1771493012118000000,0
workspaceModel.orphan.listener.update.ms,1771492952116000000,1771493012118000000,0
jps.save.global.entities.ms,1771492952116000000,1771493012118000000,0
workspaceModel.mutableEntityStorage.changeLog.addReplaceEventForNewChild.ms,1771492952116000000,1771493012118000000,0
workspaceModel.moduleBridgeLoader.loading.modules.ms,1771492952116000000,1771493012118000000,0
workspaceModel.moduleBridge.before.changed.ms,1771492952116000000,1771493012118000000,0
jps.facet.change.listener.process.change.events.ms,1771492952116000000,1771493012118000000,0
jps.reload.project.entities.ms,1771492952116000000,1771493012118000000,0
jps.module.dependency.index.workspace.model.listener.on.changed.ms,1771492952116000000,1771493012118000000,0
jps.global.get.library.ms,1771492952116000000,1771493012118000000,0
workspaceModel.mutableEntityStorage.replace.by.source.ms,1771492952116000000,1771493012118000000,0
jps.project.serializers.save.ms,1771492952116000000,1771493012118000000,0
workspaceModel.sync.entities.ms,1771492952116000000,1771493012118000000,0
workspaceModel.global.apply.state.to.project.builder.ms,1771492952116000000,1771493012118000000,0
jps.global.get.library.by.name.ms,1771492952116000000,1771493012118000000,0
workspaceModel.mutableEntityStorage.to.snapshot.ms,1771492952116000000,1771493012118000000,0
workspaceModel.mutableEntityStorage.put.entity.ms,1771492952116000000,1771493012118000000,0
jps.global.handle.before.change.events.ms,1771492952116000000,1771493012118000000,0
workspaceModel.moduleBridge.facet.initialization.ms,1771492952116000000,1771493012118000000,0
workspaceModel.mutableEntityStorage.mutable.ext.mapping.ms,1771492952116000000,1771493012118000000,0
workspaceModel.do.save.caches.ms,1771492952116000000,1771493012118000000,0
workspaceModel.mutableEntityStorage.apply.changes.from.ms,1771492952116000000,1771493012118000000,0
workspaceModel.mutableEntityStorage.has.same.entities.ms,1771492952116000000,1771493012118000000,0
workspaceModel.moduleManagerBridge.newModule.ms,1771492952116000000,1771493012118000000,0
workspaceModel.load.cache.metadata.from.file.ms,1771492952116000000,1771493012118000000,0
workspaceModel.moduleManagerBridge.set.unloadedModules.ms,1771492952116000000,1771493012118000000,0
workspaceModel.moduleBridge.update.option.ms,1771492952116000000,1771493012118000000,0
jps.load.initial.state.ms,1771492952116000000,1771493012118000000,0
workspaceModel.mutableEntityStorage.referrers.ms,1771492952116000000,1771493012118000000,0
workspaceModel.mutableEntityStorage.entities.ms,1771492952116000000,1771493012118000000,0
jps.library.entities.serializer.load.entities.ms,1771492952116000000,1771493012118000000,0
workspaceModel.mutableEntityStorage.resolve.ms,1771492952116000000,1771493012118000000,0
workspaceModel.moduleManagerBridge.load.module.ms,1771492952116000000,1771493012118000000,0
workspaceModel.mutableEntityStorage.changeLog.addReplaceEventForNewParent.ms,1771492952116000000,1771493012118000000,0
workspaceModel.save.cache.to.file.ms,1771492952116000000,1771493012118000000,0
workspaceModel.global.updates.count,1771492952116000000,1771493012118000000,0
jps.module.iml.entities.serializer.load.entities.ms,1771492952116000000,1771493012118000000,0
workspaceModel.global.apply.state.to.project.ms,1771492952116000000,1771493012118000000,0
jps.artifact.entities.serializer.save.entities.ms,1771492952116000000,1771493012118000000,0
workspaceModel.mutableEntityStorage.changeLog.addReplaceEventForRemovedParent.ms,1771492952116000000,1771493012118000000,0
jps.global.initialize.library.bridges.ms,1771492952116000000,1771493012118000000,0
jps.facet.change.listener.init.bridge.ms,1771492952116000000,1771493012118000000,0
jps.load.project.to.empty.storage.ms,1771492952116000000,1771493012118000000,0
workspaceModel.mutableEntityStorage.collect.changes.ms,1771492952116000000,1771493012118000000,0
jps.library.entities.serializer.save.entities.ms,1771492952116000000,1771493012118000000,0
workspaceModel.mutableEntityStorage.changeLog.addReplaceEventForRemovedChild.ms,1771492952116000000,1771493012118000000,0
workspaceModel.mutableEntityStorage.mutable.vfurl.index.ms,1771492952116000000,1771493012118000000,0
jps.global.handle.changed.events.ms,1771492952116000000,1771493012118000000,0
jps.modifiable.module.model.bridge.renaming.ms,1771492952116000000,1771493012118000000,0
jps.facet.change.listener.before.change.events.ms,1771492952116000000,1771493012118000000,0
jps.app.storage.content.reader.load.component.ms,1771492952116000000,1771493012118000000,0
workspaceModel.mutableEntityStorage.hasReferrers.ms,1771492952116000000,1771493012118000000,0
workspaceModel.moduleManagerBridge.new.nonPersistent.module.ms,1771492952116000000,1771493012118000000,0
workspaceModel.delayed.project.synchronizer.sync.ms,1771492952116000000,1771493012118000000,0
jps.apply.loaded.storage.ms,1771492952116000000,1771493012118000000,0
jps.save.changed.project.entities.ms,1771492952116000000,1771493012118000000,0
workspaceModel.load.cache.from.file.ms,1771492952116000000,1771493012118000000,0
workspaceModel.moduleManagerBridge.create.module.instance.ms,1771492952116000000,1771493012118000000,0
jps.modifiable.module.model.bridge.load.module.ms,1771492952116000000,1771493012118000000,0
JVM.GC.collectionTimesMs,1771492952116000000,1771493012118000000,19
OS.loadAverage,1771492952116000000,1771493012118000000,2.2734375
JVM.newThreadsCount,1771492952116000000,1771493012118000000,0
JVM.GC.collections,1771492952116000000,1771493012118000000,3
JVM.totalDirectByteBuffersBytes,1771492952116000000,1771493012118000000,635234731
MEM.ramPlusSwapMinusFileMappingsBytes,1771492952116000000,1771493012118000000,2710589440
JVM.totalBytesAllocated,1771492952116000000,1771493012118000000,224619552
MEM.fileMappingsRamBytes,1771492952116000000,1771493012118000000,729247744
JVM.maxThreadCount,1771492952116000000,1771493012118000000,220
JVM.totalTimeAtSafepointsMs,1771492952116000000,1771493012118000000,23
JVM.maxHeapBytes,1771492952116000000,1771493012118000000,28840034304
JVM.threadCount,1771492952116000000,1771493012118000000,68
JVM.committedHeapBytes,1771492952116000000,1771493012118000000,1409286144
JVM.totalCpuTimeMs,1771492952116000000,1771493012118000000,4920
JVM.usedNativeBytes,1771492952116000000,1771493012118000000,442649904
MEM.ramBytes,1771492952116000000,1771493012118000000,3439837184
JVM.usedHeapBytes,1771492952116000000,1771493012118000000,560719800
JVM.totalTimeToSafepointsMs,1771492952116000000,1771493012118000000,3
JVM.totalSafepointCount,1771492952116000000,1771493012118000000,36
MEM.ramMinusFileMappingsBytes,1771492952116000000,1771493012118000000,2710589440
NonBlockingReadAction.finalizedExecutionTimeUs,1771492952116000000,1771493012118000000,242
FlushQueue.waitingTimeAvgNs,1771492952116000000,1771493012118000000,0.0
FlushQueue.queueSize90P,1771492952116000000,1771493012118000000,0
NonBlockingReadAction.finalizedExecutionsCount,1771492952116000000,1771493012118000000,1
FlushQueue.queueSizeMax,1771492952116000000,1771493012118000000,0
NonBlockingReadAction.failedExecutionTimeUs,1771492952116000000,1771493012118000000,0
ReadAction.executionsCount,1771492952116000000,1771493012118000000,8063
AWTEventQueue.dispatchTimeAvgNs,1771492952116000000,1771493012118000000,0.0
FlushQueue.executionTimeAvgNs,1771492952116000000,1771493012118000000,0.0
WriteAction.executionsCount,1771492952116000000,1771493012118000000,4
FlushQueue.waitingTimeMaxNs,1771492952116000000,1771493012118000000,0
FlushQueue.tasksExecuted,1771492952116000000,1771493012118000000,0
AWTEventQueue.dispatchTimeMaxNs,1771492952116000000,1771493012118000000,0
FlushQueue.executionTime90PNs,1771492952116000000,1771493012118000000,0
AWTEventQueue.dispatchTime90PNs,1771492952116000000,1771493012118000000,0
AWTEventQueue.eventsDispatched,1771492952116000000,1771493012118000000,0
FlushQueue.queueSizeAvg,1771492952116000000,1771493012118000000,0.0
FlushQueue.executionTimeMaxNs,1771492952116000000,1771493012118000000,0
FlushQueue.waitingTime90PNs,1771492952116000000,1771493012118000000,0
AWTEventQueue.dispatchTimeTotalNS,1771492952116000000,1771493012118000000,146746254
NonBlockingReadAction.failedExecutionsCount,1771492952116000000,1771493012118000000,0
cacheStateStorage.get.duration,1771492952116000000,1771493012118000000,0
cacheStateStorage.set.duration,1771492952116000000,1771493012118000000,0
cacheStateStorage.set.counter,1771492952116000000,1771493012118000000,0
cacheStateStorage.get.counter,1771492952116000000,1771493012118000000,0
Indexes.entries.lookupDurationMaxMs,1771492952116000000,1771493012118000000,0.0
Indexes.entries.lookupDurationAvgMs,1771492952116000000,1771493012118000000,0.0
Indexing.cache.totalCacheAccesses,1771492952116000000,1771493012118000000,53965
Indexing.writer_3.totalTimeSpentWritingMs,1771492952116000000,1771493012118000000,6
Indexes.entries.lookups,1771492952116000000,1771493012118000000,9
Indexes.allKeys.lookupDurationMaxMs,1771492952116000000,1771493012118000000,0.0
Indexing.cache.totalCacheEvicted,1771492952116000000,1771493012118000000,72233
Indexing.cache.totalCacheMisses,1771492952116000000,1771493012118000000,4961
Indexes.stubs.lookupDurationMaxMs,1771492952116000000,1771493012118000000,0.0
Indexes.stubs.lookupDuration90PMs,1771492952116000000,1771493012118000000,0.0
Indexing.totalTimeIndexersSleptMs,1771492952116000000,1771493012118000000,0
Indexing.writer_1.totalTimeSpentWritingMs,1771492952116000000,1771493012118000000,31
Indexing.writesQueuedMin,1771492952116000000,1771493012118000000,9223372036854775807
Indexes.allKeys.lookupDurationAvgMs,1771492952116000000,1771493012118000000,0.0
Indexes.allKeys.lookupDuration90PMs,1771492952116000000,1771493012118000000,0.0
Indexing.writer_0.totalTimeSpentWritingMs,1771492952116000000,1771493012118000000,22
Indexes.allKeys.lookups,1771492952116000000,1771493012118000000,1
Indexing.writer_2.totalTimeSpentWritingMs,1771492952116000000,1771493012118000000,6
Indexes.stubs.lookupDurationAvgMs,1771492952116000000,1771493012118000000,0.0
Indexes.stubs.lookups,1771492952116000000,1771493012118000000,0
Indexes.entries.lookupDuration90PMs,1771492952116000000,1771493012118000000,0.0
Indexing.writesQueuedMax,1771492952116000000,1771493012118000000,0
workspaceModel.workspaceFileIndexData.instances.count,1771492952116000000,1771493012118000000,0
workspaceModel.workspaceFileIndexData.init.ms,1771492952116000000,1771493012118000000,0
workspaceModel.cachedValueWithParameters.from.cache.count,1771492952116000000,1771493012118000000,0
workspaceModel.workspaceFileIndexData.onEntitiesChanged.ms,1771492952116000000,1771493012118000000,0
workspaceModel.cachedValue.calculated.count,1771492952116000000,1771493012118000000,0
workspaceModel.collect.changes.ms,1771492952116000000,1771493012118000000,0
workspaceModel.pre.handlers.ms,1771492952116000000,1771493012118000000,0
workspaceModel.workspaceFileIndexData.markDirty.ms,1771492952116000000,1771493012118000000,0
workspaceModel.cachedValueWithParameters.clear.count,1771492952116000000,1771493012118000000,0
workspaceModel.on.changed.ms,1771492952116000000,1771493012118000000,0
workspaceModel.workspaceFileIndexData.visitFileSets.ms,1771492952116000000,1771493012118000000,0
workspaceModel.replace.project.model.ms,1771492952116000000,1771493012118000000,0
workspaceModel.workspaceFileIndexData.getFileInfo.ms,1771492952116000000,1771493012118000000,1
workspaceModel.cachedValue.clear.count,1771492952116000000,1771493012118000000,0
workspaceModel.to.snapshot.ms,1771492952116000000,1771493012118000000,0
workspaceModel.workspaceFileIndexData.processFileSets.ms,1771492952116000000,1771493012118000000,0
workspaceModel.cachedValue.from.cache.count,1771492952116000000,1771493012118000000,179
workspaceModel.init.bridges.ms,1771492952116000000,1771493012118000000,0
workspaceModel.initializing.ms,1771492952116000000,1771493012118000000,0
workspaceModel.full.replace.project.model.ms,1771492952116000000,1771493012118000000,0
workspaceModel.updates.count,1771492952116000000,1771493012118000000,0
workspaceModel.loading.from.cache.ms,1771492952116000000,1771493012118000000,0
workspaceModel.updates.precise.ms,1771492952116000000,1771493012118000000,0
workspaceModel.updates.ms,1771492952116000000,1771493012118000000,0
workspaceModel.cachedValue.total.get.count,1771492952116000000,1771493012118000000,179
workspaceModel.cachedValueWithParameters.total.get.count,1771492952116000000,1771493012118000000,0
workspaceModel.check.recursive.update.ms,1771492952116000000,1771493012118000000,0
workspaceModel.workspaceFileIndexData.getDirectoriesByPackageName.ms,1771492952116000000,1771493012118000000,0
workspaceModel.on.before.changed.ms,1771492952116000000,1771493012118000000,0
workspaceModel.workspaceFileIndexContributor.registerFileSets.ms,1771492952116000000,1771493012118000000,0
workspaceModel.loading.total.ms,1771492952116000000,1771493012118000000,0
workspaceModel.workspaceFileIndexData.getPackageName.ms,1771492952116000000,1771493012118000000,0
workspaceModel.workspaceFileIndexData.updateDirtyEntities.ms,1771492952116000000,1771493012118000000,0
workspaceModel.cachedValueWithParameters.calculated.count,1771492952116000000,1771493012118000000,0
workspaceModel.entityStorageSnapshotImpl.instances.count,1771492952116000000,1771493012118000000,0
workspaceModel.update.unloaded.entities.ms,1771492952116000000,1771493012118000000,0
VFS.contentStorage.recordsUncompressedSize,1771492952116000000,1771493012118000000,0
VFS.contentStorage.recordsRead,1771492952116000000,1771493012118000000,0
VFS.fileByIdCache.hits,1771492952116000000,1771493012118000000,0
VFS.fileByIdCache.misses,1771492952116000000,1771493012118000000,15
FileNameCache.totalMisses,1771492952116000000,1771493012118000000,64
VFS.cache.segmentsCreated,1771492952116000000,1771493012118000000,0
VFS.rootsCount,1771492952116000000,1771493012118000000,317.0
VFS.invertedFileNameIndex.requests,1771492952116000000,1771493012118000000,0
VFS.cache.filesCreated,1771492952116000000,1771493012118000000,3396
VFS.cache.directoriesCreated,1771492952116000000,1771493012118000000,0
VFS.contentStorage.recordsStoredCompressed,1771492952116000000,1771493012118000000,0
VFS.fileChildByName,1771492952116000000,1771493012118000000,0
FileNameCache.queries,1771492952116000000,1771493012118000000,107520
VFS.contentStorage.recordsReadDecompressed,1771492952116000000,1771493012118000000,0
VFS.contentStorage.recordsStored,1771492952116000000,1771493012118000000,0
VFS.contentStorage.recordsDeduplicated,1771492952116000000,1771493012118000000,0
VFS.folderCaseSensitivityReads,1771492952116000000,1771493012118000000,0
VFS.contentStorage.recordsReadSize,1771492952116000000,1771493012118000000,0
VFS.contentStorage.recordsDecompressionTimeUs,1771492952116000000,1771493012118000000,0
VFS.cache.segments,1771492952116000000,1771493012118000000,230.0
VFS.contentStorage.recordsStoredSize,1771492952116000000,1771493012118000000,0
DiskQueryRelay.taskWaitingTotalTimeUs,1771492952116000000,1771493012118000000,252913
parser.JAVA.time.ns,1771492952116000000,1771493012118000000,51802585
DiskQueryRelay.tasksRequested,1771492952116000000,1771493012118000000,99
writeAction.wait.ms,1771492952116000000,1771493012118000000,0
writeAction.max.wait.ms,1771492952116000000,1771493012118000000,153
parser.HTML.time.ns,1771492952116000000,1771493012118000000,21180209
parser.JAVA.size.bytes,1771492952116000000,1771493012118000000,179446
DiskQueryRelay.tasksExecuted,1771492952116000000,1771493012118000000,99
writeAction.count,1771492952116000000,1771493012118000000,4
parser.HTML.size.bytes,1771492952116000000,1771493012118000000,319351
LowMemory.gcOverloaded,1771492952116000000,1771493012118000000,0
parser.ECMAScript.6.size.bytes,1771492952116000000,1771493012118000000,3669
DiskQueryRelay.taskExecutionTotalTimeUs,1771492952116000000,1771493012118000000,252825
LowMemory.gcLoad,1771492952116000000,1771493012118000000,0.0
parser.CSS.time.ns,1771492952116000000,1771493012118000000,6019377
lexer.CSS.time.ns,1771492952116000000,1771493012118000000,1445796
lexer.CSS.size.bytes,1771492952116000000,1771493012118000000,37413
lexer.HTML.size.bytes,1771492952116000000,1771493012118000000,319351
lexer.JAVA.time.ns,1771492952116000000,1771493012118000000,12914206
lexer.HTML.time.ns,1771492952116000000,1771493012118000000,179034875
parser.CSS.size.bytes,1771492952116000000,1771493012118000000,37413
lexer.JAVA.size.bytes,1771492952116000000,1771493012118000000,109708
writeAction.median.wait.ms,1771492952116000000,1771493012118000000,300
parser.ECMAScript.6.time.ns,1771492952116000000,1771493012118000000,676916
StorageLockContext.competingThreads.90P,1771493012118000000,1771493072108000000,0
MappedFileStorage.storages,1771493012118000000,1771493072108000000,16
DirectByteBufferAllocator.disposed,1771493012118000000,1771493072108000000,0
FilePageCache.disposedBuffers,1771493012118000000,1771493072108000000,33
FileChannelInterruptsRetryer.totalRetriedAttempts,1771493012118000000,1771493072108000000,0
FilePageCache.pageHits,1771493012118000000,1771493072108000000,2311
FilePageCache.maxRegisteredFiles,1771493012118000000,1771493072108000000,1827
FilePageCache.totalPageLoadsUs,1771493012118000000,1771493072108000000,24073
FilePageCache.maxCacheSizeInBytes,1771493012118000000,1771493072108000000,629145600
FilePageCache.pageLoadsAboveSizeThreshold,1771493012118000000,1771493072108000000,33
FilePageCache.pageFastCacheHits,1771493012118000000,1771493072108000000,65495
StreamlinedBlobStorage.totalLiveRecordsCapacityBytes,1771493012118000000,1771493072108000000,3188574
FilePageCache.totalPageDisposalsUs,1771493012118000000,1771493072108000000,14
MappedFileStorage.totalBytesMapped,1771493012118000000,1771493072108000000,202637312
StorageLockContext.competingThreads.max,1771493012118000000,1771493072108000000,0
StorageLockContext.competingThreads.avg,1771493012118000000,1771493072108000000,0.0
FilePageCache.uncachedFileAccess,1771493012118000000,1771493072108000000,50
FilePageCache.pageLoads,1771493012118000000,1771493072108000000,0
StreamlinedBlobStorage.recordsAllocated,1771493012118000000,1771493072108000000,1931
StreamlinedBlobStorage.totalLiveRecordsPayloadBytes,1771493012118000000,1771493072108000000,2405187
FilePageCache.capacityInBytes,1771493012118000000,1771493072108000000,629145600
DirectByteBufferAllocator.totalSizeOfBuffersAllocatedInBytes,1771493012118000000,1771493072108000000,630194176
DirectByteBufferAllocator.totalSizeOfBuffersCachedInBytes,1771493012118000000,1771493072108000000,1048576
MappedFileStorage.totalTimeSpentOnMappingUs,1771493012118000000,1771493072108000000,253278
DirectByteBufferAllocator.hits,1771493012118000000,1771493072108000000,33
StreamlinedBlobStorage.recordsDeleted,1771493012118000000,1771493072108000000,7
StreamlinedBlobStorage.recordsRelocated,1771493012118000000,1771493072108000000,0
DirectByteBufferAllocator.reclaimed,1771493012118000000,1771493072108000000,33
MappedFileStorage.totalPagesMapped,1771493012118000000,1771493072108000000,16
DirectByteBufferAllocator.misses,1771493012118000000,1771493072108000000,0
compiler.ArtifactModifiableModelBridge.findArtifacts.ms,1771493012118000000,1771493072108000000,0
compiler.ArtifactManagerBridge.commit.ms,1771493012118000000,1771493072108000000,0
compiler.ArtifactManagerBridge.addArtifact.ms,1771493012118000000,1771493072108000000,0
compiler.ArtifactVirtualFileListener.filePathChanged.ms,1771493012118000000,1771493072108000000,0
compiler.ArtifactModifiableModelBridge.getArtifactsByType.ms,1771493012118000000,1771493072108000000,0
compiler.ArtifactManagerBridge.initBridges.ms,1771493012118000000,1771493072108000000,0
compiler.ArtifactVirtualFileListener.propertyChanged.ms,1771493012118000000,1771493072108000000,0
compiler.ArtifactManagerBridge.getArtifacts.ms,1771493012118000000,1771493072108000000,0
compiler.ArtifactManagerBridge.dropMappings.ms,1771493012118000000,1771493072108000000,0
compiler.ArtifactModifiableModelBridge.addArtifact.ms,1771493012118000000,1771493072108000000,0
compiler.ArtifactModifiableModelBridge.commit.ms,1771493012118000000,1771493072108000000,2
compiler.ArtifactModifiableModelBridge.dispose.ms,1771493012118000000,1771493072108000000,0
compiler.ArtifactManagerBridge.findArtifact.ms,1771493012118000000,1771493072108000000,0
compiler.ArtifactManagerBridge.getArtifactsByType.ms,1771493012118000000,1771493072108000000,0
compiler.ArtifactModifiableModelBridge.getArtifacts.ms,1771493012118000000,1771493072108000000,0
jps.global.initialize.library.bridges.after.loading.ms,1771493012118000000,1771493072108000000,0
workspaceModel.mutableEntityStorage.add.entity.ms,1771493012118000000,1771493072108000000,0
workspaceModel.mutableEntityStorage.instances.count,1771493012118000000,1771493072108000000,1
workspaceModel.mutableEntityStorage.entities.by.source.ms,1771493012118000000,1771493072108000000,0
workspaceModel.moduleManagerBridge.build.module.graph.ms,1771493012118000000,1771493072108000000,0
workspaceModel.mutableEntityStorage.remove.entity.ms,1771493012118000000,1771493072108000000,0
workspaceModel.global.updates.ms,1771493012118000000,1771493072108000000,0
jps.global.get.libraries.ms,1771493012118000000,1771493072108000000,0
workspaceModel.mutableEntityStorage.modify.entity.ms,1771493012118000000,1771493072108000000,0
jps.modifiable.module.model.bridge.new.module.ms,1771493012118000000,1771493072108000000,0
jps.module.iml.entities.serializer.save.entities.ms,1771493012118000000,1771493072108000000,9
jps.storage.jps.conf.reader.load.component.ms,1771493012118000000,1771493072108000000,0
workspaceModel.moduleManagerBridge.get.modules.ms,1771493012118000000,1771493072108000000,0
jps.modifiable.module.model.bridge.disposing.ms,1771493012118000000,1771493072108000000,0
jps.project.serializers.load.ms,1771493012118000000,1771493072108000000,0
jps.artifact.entities.serializer.load.entities.ms,1771493012118000000,1771493072108000000,0
workspaceModel.moduleManagerBridge.load.all.modules.ms,1771493012118000000,1771493072108000000,0
workspaceModel.orphan.listener.update.ms,1771493012118000000,1771493072108000000,0
jps.save.global.entities.ms,1771493012118000000,1771493072108000000,22
workspaceModel.mutableEntityStorage.changeLog.addReplaceEventForNewChild.ms,1771493012118000000,1771493072108000000,0
workspaceModel.moduleBridgeLoader.loading.modules.ms,1771493012118000000,1771493072108000000,0
workspaceModel.moduleBridge.before.changed.ms,1771493012118000000,1771493072108000000,0
jps.facet.change.listener.process.change.events.ms,1771493012118000000,1771493072108000000,0
jps.reload.project.entities.ms,1771493012118000000,1771493072108000000,0
jps.module.dependency.index.workspace.model.listener.on.changed.ms,1771493012118000000,1771493072108000000,0
jps.global.get.library.ms,1771493012118000000,1771493072108000000,0
workspaceModel.mutableEntityStorage.replace.by.source.ms,1771493012118000000,1771493072108000000,0
jps.project.serializers.save.ms,1771493012118000000,1771493072108000000,19
workspaceModel.sync.entities.ms,1771493012118000000,1771493072108000000,0
workspaceModel.global.apply.state.to.project.builder.ms,1771493012118000000,1771493072108000000,0
jps.global.get.library.by.name.ms,1771493012118000000,1771493072108000000,0
workspaceModel.mutableEntityStorage.to.snapshot.ms,1771493012118000000,1771493072108000000,0
workspaceModel.mutableEntityStorage.put.entity.ms,1771493012118000000,1771493072108000000,0
jps.global.handle.before.change.events.ms,1771493012118000000,1771493072108000000,0
workspaceModel.moduleBridge.facet.initialization.ms,1771493012118000000,1771493072108000000,0
workspaceModel.mutableEntityStorage.mutable.ext.mapping.ms,1771493012118000000,1771493072108000000,0
workspaceModel.do.save.caches.ms,1771493012118000000,1771493072108000000,0
workspaceModel.mutableEntityStorage.apply.changes.from.ms,1771493012118000000,1771493072108000000,0
workspaceModel.mutableEntityStorage.has.same.entities.ms,1771493012118000000,1771493072108000000,0
workspaceModel.moduleManagerBridge.newModule.ms,1771493012118000000,1771493072108000000,0
jps.app.storage.content.writer.save.component.ms,1771493012118000000,1771493072108000000,5
workspaceModel.load.cache.metadata.from.file.ms,1771493012118000000,1771493072108000000,0
workspaceModel.moduleManagerBridge.set.unloadedModules.ms,1771493012118000000,1771493072108000000,0
workspaceModel.moduleBridge.update.option.ms,1771493012118000000,1771493072108000000,0
jps.load.initial.state.ms,1771493012118000000,1771493072108000000,0
workspaceModel.mutableEntityStorage.referrers.ms,1771493012118000000,1771493072108000000,0
workspaceModel.mutableEntityStorage.entities.ms,1771493012118000000,1771493072108000000,0
jps.library.entities.serializer.load.entities.ms,1771493012118000000,1771493072108000000,0
workspaceModel.mutableEntityStorage.resolve.ms,1771493012118000000,1771493072108000000,0
workspaceModel.moduleManagerBridge.load.module.ms,1771493012118000000,1771493072108000000,0
workspaceModel.mutableEntityStorage.changeLog.addReplaceEventForNewParent.ms,1771493012118000000,1771493072108000000,0
workspaceModel.save.cache.to.file.ms,1771493012118000000,1771493072108000000,0
workspaceModel.global.updates.count,1771493012118000000,1771493072108000000,0
jps.module.iml.entities.serializer.load.entities.ms,1771493012118000000,1771493072108000000,0
workspaceModel.global.apply.state.to.project.ms,1771493012118000000,1771493072108000000,0
jps.artifact.entities.serializer.save.entities.ms,1771493012118000000,1771493072108000000,0
workspaceModel.mutableEntityStorage.changeLog.addReplaceEventForRemovedParent.ms,1771493012118000000,1771493072108000000,0
jps.global.initialize.library.bridges.ms,1771493012118000000,1771493072108000000,0
jps.facet.change.listener.init.bridge.ms,1771493012118000000,1771493072108000000,0
jps.load.project.to.empty.storage.ms,1771493012118000000,1771493072108000000,0
workspaceModel.mutableEntityStorage.collect.changes.ms,1771493012118000000,1771493072108000000,0
jps.library.entities.serializer.save.entities.ms,1771493012118000000,1771493072108000000,4
workspaceModel.mutableEntityStorage.changeLog.addReplaceEventForRemovedChild.ms,1771493012118000000,1771493072108000000,0
workspaceModel.mutableEntityStorage.mutable.vfurl.index.ms,1771493012118000000,1771493072108000000,0
jps.global.handle.changed.events.ms,1771493012118000000,1771493072108000000,0
jps.modifiable.module.model.bridge.renaming.ms,1771493012118000000,1771493072108000000,0
jps.facet.change.listener.before.change.events.ms,1771493012118000000,1771493072108000000,0
jps.app.storage.content.reader.load.component.ms,1771493012118000000,1771493072108000000,0
workspaceModel.mutableEntityStorage.hasReferrers.ms,1771493012118000000,1771493072108000000,0
workspaceModel.moduleManagerBridge.new.nonPersistent.module.ms,1771493012118000000,1771493072108000000,0
workspaceModel.delayed.project.synchronizer.sync.ms,1771493012118000000,1771493072108000000,0
jps.apply.loaded.storage.ms,1771493012118000000,1771493072108000000,0
jps.save.changed.project.entities.ms,1771493012118000000,1771493072108000000,19
workspaceModel.load.cache.from.file.ms,1771493012118000000,1771493072108000000,0
workspaceModel.moduleManagerBridge.create.module.instance.ms,1771493012118000000,1771493072108000000,0
jps.modifiable.module.model.bridge.load.module.ms,1771493012118000000,1771493072108000000,0
JVM.GC.collectionTimesMs,1771493012118000000,1771493072108000000,804
OS.loadAverage,1771493012118000000,1771493072108000000,3.86669921875
JVM.newThreadsCount,1771493012118000000,1771493072108000000,78
JVM.GC.collections,1771493012118000000,1771493072108000000,32
JVM.totalDirectByteBuffersBytes,1771493012118000000,1771493072108000000,642054828
MEM.ramPlusSwapMinusFileMappingsBytes,1771493012118000000,1771493072108000000,5691731968
JVM.totalBytesAllocated,1771493012118000000,1771493072108000000,25981242160
MEM.fileMappingsRamBytes,1771493012118000000,1771493072108000000,940302336
JVM.maxThreadCount,1771493012118000000,1771493072108000000,220
JVM.totalTimeAtSafepointsMs,1771493012118000000,1771493072108000000,888
JVM.maxHeapBytes,1771493012118000000,1771493072108000000,28840034304
JVM.threadCount,1771493012118000000,1771493072108000000,91
JVM.committedHeapBytes,1771493012118000000,1771493072108000000,4026531840
JVM.totalCpuTimeMs,1771493012118000000,1771493072108000000,137310
JVM.usedNativeBytes,1771493012118000000,1771493072108000000,648761912
MEM.ramBytes,1771493012118000000,1771493072108000000,6632034304
JVM.usedHeapBytes,1771493012118000000,1771493072108000000,3230450160
JVM.totalTimeToSafepointsMs,1771493012118000000,1771493072108000000,243
JVM.totalSafepointCount,1771493012118000000,1771493072108000000,418
MEM.ramMinusFileMappingsBytes,1771493012118000000,1771493072108000000,5691731968
NonBlockingReadAction.finalizedExecutionTimeUs,1771493012118000000,1771493072108000000,173834
FlushQueue.waitingTimeAvgNs,1771493012118000000,1771493072108000000,0.0
FlushQueue.queueSize90P,1771493012118000000,1771493072108000000,0
NonBlockingReadAction.finalizedExecutionsCount,1771493012118000000,1771493072108000000,291
FlushQueue.queueSizeMax,1771493012118000000,1771493072108000000,0
NonBlockingReadAction.failedExecutionTimeUs,1771493012118000000,1771493072108000000,0
ReadAction.executionsCount,1771493012118000000,1771493072108000000,4145006
AWTEventQueue.dispatchTimeAvgNs,1771493012118000000,1771493072108000000,0.0
FlushQueue.executionTimeAvgNs,1771493012118000000,1771493072108000000,0.0
WriteAction.executionsCount,1771493012118000000,1771493072108000000,13
FlushQueue.waitingTimeMaxNs,1771493012118000000,1771493072108000000,0
FlushQueue.tasksExecuted,1771493012118000000,1771493072108000000,0
AWTEventQueue.dispatchTimeMaxNs,1771493012118000000,1771493072108000000,0
FlushQueue.executionTime90PNs,1771493012118000000,1771493072108000000,0
AWTEventQueue.dispatchTime90PNs,1771493012118000000,1771493072108000000,0
AWTEventQueue.eventsDispatched,1771493012118000000,1771493072108000000,0
FlushQueue.queueSizeAvg,1771493012118000000,1771493072108000000,0.0
FlushQueue.executionTimeMaxNs,1771493012118000000,1771493072108000000,0
FlushQueue.waitingTime90PNs,1771493012118000000,1771493072108000000,0
AWTEventQueue.dispatchTimeTotalNS,1771493012118000000,1771493072108000000,488755716
NonBlockingReadAction.failedExecutionsCount,1771493012118000000,1771493072108000000,0
cacheStateStorage.get.duration,1771493012118000000,1771493072108000000,0
cacheStateStorage.set.duration,1771493012118000000,1771493072108000000,13
cacheStateStorage.set.counter,1771493012118000000,1771493072108000000,121
cacheStateStorage.get.counter,1771493012118000000,1771493072108000000,0
Indexes.entries.lookupDurationMaxMs,1771493012118000000,1771493072108000000,0.0
Indexes.entries.lookupDurationAvgMs,1771493012118000000,1771493072108000000,0.0
Indexing.cache.totalCacheAccesses,1771493012118000000,1771493072108000000,334959
Indexing.writer_3.totalTimeSpentWritingMs,1771493012118000000,1771493072108000000,4
Indexes.entries.lookups,1771493012118000000,1771493072108000000,7421
Indexes.allKeys.lookupDurationMaxMs,1771493012118000000,1771493072108000000,0.0
Indexing.cache.totalCacheEvicted,1771493012118000000,1771493072108000000,84550
Indexing.cache.totalCacheMisses,1771493012118000000,1771493072108000000,91558
Indexes.stubs.lookupDurationMaxMs,1771493012118000000,1771493072108000000,0.0
Indexes.stubs.lookupDuration90PMs,1771493012118000000,1771493072108000000,0.0
Indexing.totalTimeIndexersSleptMs,1771493012118000000,1771493072108000000,0
Indexing.writer_1.totalTimeSpentWritingMs,1771493012118000000,1771493072108000000,11
Indexing.writesQueuedMin,1771493012118000000,1771493072108000000,9223372036854775807
Indexes.allKeys.lookupDurationAvgMs,1771493012118000000,1771493072108000000,0.0
Indexes.allKeys.lookupDuration90PMs,1771493012118000000,1771493072108000000,0.0
Indexing.writer_0.totalTimeSpentWritingMs,1771493012118000000,1771493072108000000,11
Indexes.allKeys.lookups,1771493012118000000,1771493072108000000,2
Indexing.writer_2.totalTimeSpentWritingMs,1771493012118000000,1771493072108000000,0
Indexes.stubs.lookupDurationAvgMs,1771493012118000000,1771493072108000000,0.0
Indexes.stubs.lookups,1771493012118000000,1771493072108000000,134711
Indexes.entries.lookupDuration90PMs,1771493012118000000,1771493072108000000,0.0
Indexing.writesQueuedMax,1771493012118000000,1771493072108000000,0
workspaceModel.workspaceFileIndexData.instances.count,1771493012118000000,1771493072108000000,0
workspaceModel.workspaceFileIndexData.init.ms,1771493012118000000,1771493072108000000,0
workspaceModel.cachedValueWithParameters.from.cache.count,1771493012118000000,1771493072108000000,816
workspaceModel.workspaceFileIndexData.onEntitiesChanged.ms,1771493012118000000,1771493072108000000,0
workspaceModel.cachedValue.calculated.count,1771493012118000000,1771493072108000000,4
workspaceModel.collect.changes.ms,1771493012118000000,1771493072108000000,0
workspaceModel.pre.handlers.ms,1771493012118000000,1771493072108000000,0
workspaceModel.workspaceFileIndexData.markDirty.ms,1771493012118000000,1771493072108000000,0
workspaceModel.cachedValueWithParameters.clear.count,1771493012118000000,1771493072108000000,0
workspaceModel.on.changed.ms,1771493012118000000,1771493072108000000,0
workspaceModel.workspaceFileIndexData.visitFileSets.ms,1771493012118000000,1771493072108000000,0
workspaceModel.replace.project.model.ms,1771493012118000000,1771493072108000000,0
workspaceModel.workspaceFileIndexData.getFileInfo.ms,1771493012118000000,1771493072108000000,1117
workspaceModel.cachedValue.clear.count,1771493012118000000,1771493072108000000,0
workspaceModel.to.snapshot.ms,1771493012118000000,1771493072108000000,0
workspaceModel.workspaceFileIndexData.processFileSets.ms,1771493012118000000,1771493072108000000,0
workspaceModel.cachedValue.from.cache.count,1771493012118000000,1771493072108000000,12300
workspaceModel.init.bridges.ms,1771493012118000000,1771493072108000000,0
workspaceModel.initializing.ms,1771493012118000000,1771493072108000000,0
workspaceModel.full.replace.project.model.ms,1771493012118000000,1771493072108000000,0
workspaceModel.updates.count,1771493012118000000,1771493072108000000,0
workspaceModel.loading.from.cache.ms,1771493012118000000,1771493072108000000,0
workspaceModel.updates.precise.ms,1771493012118000000,1771493072108000000,0
workspaceModel.updates.ms,1771493012118000000,1771493072108000000,0
workspaceModel.cachedValue.total.get.count,1771493012118000000,1771493072108000000,12304
workspaceModel.cachedValueWithParameters.total.get.count,1771493012118000000,1771493072108000000,817
workspaceModel.check.recursive.update.ms,1771493012118000000,1771493072108000000,0
workspaceModel.workspaceFileIndexData.getDirectoriesByPackageName.ms,1771493012118000000,1771493072108000000,12
workspaceModel.on.before.changed.ms,1771493012118000000,1771493072108000000,0
workspaceModel.workspaceFileIndexContributor.registerFileSets.ms,1771493012118000000,1771493072108000000,0
workspaceModel.loading.total.ms,1771493012118000000,1771493072108000000,0
workspaceModel.workspaceFileIndexData.getPackageName.ms,1771493012118000000,1771493072108000000,3
workspaceModel.workspaceFileIndexData.updateDirtyEntities.ms,1771493012118000000,1771493072108000000,0
workspaceModel.cachedValueWithParameters.calculated.count,1771493012118000000,1771493072108000000,1
workspaceModel.entityStorageSnapshotImpl.instances.count,1771493012118000000,1771493072108000000,1
workspaceModel.update.unloaded.entities.ms,1771493012118000000,1771493072108000000,0
VFS.contentStorage.recordsUncompressedSize,1771493012118000000,1771493072108000000,28577382
VFS.contentStorage.recordsRead,1771493012118000000,1771493072108000000,1107
VFS.fileByIdCache.hits,1771493012118000000,1771493072108000000,186
VFS.fileByIdCache.misses,1771493012118000000,1771493072108000000,10260
FileNameCache.totalMisses,1771493012118000000,1771493072108000000,3200
VFS.cache.segmentsCreated,1771493012118000000,1771493072108000000,12
VFS.rootsCount,1771493012118000000,1771493072108000000,325.0
VFS.invertedFileNameIndex.requests,1771493012118000000,1771493072108000000,2
VFS.cache.filesCreated,1771493012118000000,1771493072108000000,77185
VFS.cache.directoriesCreated,1771493012118000000,1771493072108000000,1780
VFS.contentStorage.recordsStoredCompressed,1771493012118000000,1771493072108000000,295
VFS.fileChildByName,1771493012118000000,1771493072108000000,502959
FileNameCache.queries,1771493012118000000,1771493072108000000,6061696
VFS.contentStorage.recordsReadDecompressed,1771493012118000000,1771493072108000000,319
VFS.contentStorage.recordsStored,1771493012118000000,1771493072108000000,680
VFS.contentStorage.recordsDeduplicated,1771493012118000000,1771493072108000000,268
VFS.folderCaseSensitivityReads,1771493012118000000,1771493072108000000,266
VFS.contentStorage.recordsReadSize,1771493012118000000,1771493072108000000,34243357
VFS.contentStorage.recordsDecompressionTimeUs,1771493012118000000,1771493072108000000,24926
VFS.cache.segments,1771493012118000000,1771493072108000000,242.0
VFS.contentStorage.recordsStoredSize,1771493012118000000,1771493072108000000,5286993
parser.textmate.size.bytes,1771493012118000000,1771493072108000000,4371017
parser.XML.time.ns,1771493012118000000,1771493072108000000,380332791
lexer.Lombok.Config.size.bytes,1771493012118000000,1771493072108000000,137
lexer.RegExp.time.ns,1771493012118000000,1771493072108000000,447835
lexer.textmate.size.bytes,1771493012118000000,1771493072108000000,4371017
parser.RegExp.time.ns,1771493012118000000,1771493072108000000,502167
lexer.SVG.time.ns,1771493012118000000,1771493072108000000,339249
DiskQueryRelay.taskWaitingTotalTimeUs,1771493012118000000,1771493072108000000,2106141
parser.JAVA.time.ns,1771493012118000000,1771493072108000000,198544151
lexer.SVG.size.bytes,1771493012118000000,1771493072108000000,17961
lexer.Groovy.time.ns,1771493012118000000,1771493072108000000,3478335
lexer.ECMAScript.6.size.bytes,1771493012118000000,1771493072108000000,7342
parser.Shell.Script.size.bytes,1771493012118000000,1771493072108000000,24940
DiskQueryRelay.tasksRequested,1771493012118000000,1771493072108000000,12293
writeAction.wait.ms,1771493012118000000,1771493072108000000,2
writeAction.max.wait.ms,1771493012118000000,1771493072108000000,153
parser.HTML.time.ns,1771493012118000000,1771493072108000000,150013714
parser.Groovy.size.bytes,1771493012118000000,1771493072108000000,12820
parser.Properties.time.ns,1771493012118000000,1771493072108000000,1917334
parser.Lombok.Config.size.bytes,1771493012118000000,1771493072108000000,137
parser.JAVA.size.bytes,1771493012118000000,1771493072108000000,226906
DiskQueryRelay.tasksExecuted,1771493012118000000,1771493072108000000,11734
lexer.XML.size.bytes,1771493012118000000,1771493072108000000,8865494
lexer.Properties.size.bytes,1771493012118000000,1771493072108000000,14632
lexer.Properties.time.ns,1771493012118000000,1771493072108000000,241251
writeAction.count,1771493012118000000,1771493072108000000,13
parser.IgnoreLang.time.ns,1771493012118000000,1771493072108000000,571000
parser.textmate.time.ns,1771493012118000000,1771493072108000000,985376
lexer.XML.time.ns,1771493012118000000,1771493072108000000,182968042
lexer.Lombok.Config.time.ns,1771493012118000000,1771493072108000000,28708
lexer.IgnoreLang.time.ns,1771493012118000000,1771493072108000000,146667
parser.Properties.size.bytes,1771493012118000000,1771493072108000000,14632
parser.Lombok.Config.time.ns,1771493012118000000,1771493072108000000,100750
parser.Groovy.time.ns,1771493012118000000,1771493072108000000,53931712
parser.HTML.size.bytes,1771493012118000000,1771493072108000000,2926387
parser.yaml.time.ns,1771493012118000000,1771493072108000000,4815294
lexer.JSON.time.ns,1771493012118000000,1771493072108000000,330212960
parser.RegExp.size.bytes,1771493012118000000,1771493072108000000,163
parser.yaml.size.bytes,1771493012118000000,1771493072108000000,21024
LowMemory.gcOverloaded,1771493012118000000,1771493072108000000,0
parser.ECMAScript.6.size.bytes,1771493012118000000,1771493072108000000,288534
parser.JSON.time.ns,1771493012118000000,1771493072108000000,1817513963
parser.JQuery-CSS.size.bytes,1771493012118000000,1771493072108000000,3300
lexer.Shell.Script.size.bytes,1771493012118000000,1771493072108000000,24940
DiskQueryRelay.taskExecutionTotalTimeUs,1771493012118000000,1771493072108000000,1054986
LowMemory.gcLoad,1771493012118000000,1771493072108000000,0.0
parser.XML.size.bytes,1771493012118000000,1771493072108000000,8865494
parser.CSS.time.ns,1771493012118000000,1771493072108000000,56789849
parser.SVG.time.ns,1771493012118000000,1771493072108000000,3815999
lexer.CSS.time.ns,1771493012118000000,1771493072108000000,11454701
lexer.IgnoreLang.size.bytes,1771493012118000000,1771493072108000000,444
lexer.Shell.Script.time.ns,1771493012118000000,1771493072108000000,2973959
lexer.textmate.time.ns,1771493012118000000,1771493072108000000,1274169
lexer.ECMAScript.6.time.ns,1771493012118000000,1771493072108000000,7967584
lexer.CSS.size.bytes,1771493012118000000,1771493072108000000,304061
lexer.HTML.size.bytes,1771493012118000000,1771493072108000000,2926387
parser.JSON.size.bytes,1771493012118000000,1771493072108000000,24046343
lexer.yaml.size.bytes,1771493012118000000,1771493072108000000,21024
parser.SVG.size.bytes,1771493012118000000,1771493072108000000,17961
lexer.RegExp.size.bytes,1771493012118000000,1771493072108000000,163
parser.IgnoreLang.size.bytes,1771493012118000000,1771493072108000000,444
parser.Shell.Script.time.ns,1771493012118000000,1771493072108000000,72904334
lexer.JSON.size.bytes,1771493012118000000,1771493072108000000,25729122
lexer.JQuery-CSS.size.bytes,1771493012118000000,1771493072108000000,3300
lexer.JAVA.time.ns,1771493012118000000,1771493072108000000,15587419
lexer.HTML.time.ns,1771493012118000000,1771493072108000000,137482332
lexer.JQuery-CSS.time.ns,1771493012118000000,1771493072108000000,505668
lexer.yaml.time.ns,1771493012118000000,1771493072108000000,2881794
parser.CSS.size.bytes,1771493012118000000,1771493072108000000,304061
lexer.JAVA.size.bytes,1771493012118000000,1771493072108000000,224862
writeAction.median.wait.ms,1771493012118000000,1771493072108000000,300
lexer.Groovy.size.bytes,1771493012118000000,1771493072108000000,12820
parser.JQuery-CSS.time.ns,1771493012118000000,1771493072108000000,4246746
parser.ECMAScript.6.time.ns,1771493012118000000,1771493072108000000,79015500
StorageLockContext.competingThreads.90P,1771493072108000000,1771493073934000000,0
DirectByteBufferAllocator.disposed,1771493072108000000,1771493073934000000,561
FilePageCache.disposedBuffers,1771493072108000000,1771493073934000000,600
FileChannelInterruptsRetryer.totalRetriedAttempts,1771493072108000000,1771493073934000000,0
FilePageCache.pageHits,1771493072108000000,1771493073934000000,0
FilePageCache.maxRegisteredFiles,1771493072108000000,1771493073934000000,1827
FilePageCache.totalPageLoadsUs,1771493072108000000,1771493073934000000,0
FilePageCache.maxCacheSizeInBytes,1771493072108000000,1771493073934000000,629145600
FilePageCache.pageLoadsAboveSizeThreshold,1771493072108000000,1771493073934000000,0
FilePageCache.pageFastCacheHits,1771493072108000000,1771493073934000000,0
FilePageCache.totalPageDisposalsUs,1771493072108000000,1771493073934000000,0
StorageLockContext.competingThreads.max,1771493072108000000,1771493073934000000,0
StorageLockContext.competingThreads.avg,1771493072108000000,1771493073934000000,0.0
FilePageCache.uncachedFileAccess,1771493072108000000,1771493073934000000,0
FilePageCache.pageLoads,1771493072108000000,1771493073934000000,0
FilePageCache.capacityInBytes,1771493072108000000,1771493073934000000,629145600
DirectByteBufferAllocator.totalSizeOfBuffersAllocatedInBytes,1771493072108000000,1771493073934000000,41943040
DirectByteBufferAllocator.totalSizeOfBuffersCachedInBytes,1771493072108000000,1771493073934000000,41943040
DirectByteBufferAllocator.hits,1771493072108000000,1771493073934000000,0
DirectByteBufferAllocator.reclaimed,1771493072108000000,1771493073934000000,39
DirectByteBufferAllocator.misses,1771493072108000000,1771493073934000000,0
compiler.ArtifactModifiableModelBridge.findArtifacts.ms,1771493072108000000,1771493073934000000,0
compiler.ArtifactManagerBridge.commit.ms,1771493072108000000,1771493073934000000,0
compiler.ArtifactManagerBridge.addArtifact.ms,1771493072108000000,1771493073934000000,0
compiler.ArtifactVirtualFileListener.filePathChanged.ms,1771493072108000000,1771493073934000000,0
compiler.ArtifactModifiableModelBridge.getArtifactsByType.ms,1771493072108000000,1771493073934000000,0
compiler.ArtifactManagerBridge.initBridges.ms,1771493072108000000,1771493073934000000,0
compiler.ArtifactVirtualFileListener.propertyChanged.ms,1771493072108000000,1771493073934000000,0
compiler.ArtifactManagerBridge.getArtifacts.ms,1771493072108000000,1771493073934000000,0
compiler.ArtifactManagerBridge.dropMappings.ms,1771493072108000000,1771493073934000000,0
compiler.ArtifactModifiableModelBridge.addArtifact.ms,1771493072108000000,1771493073934000000,0
compiler.ArtifactModifiableModelBridge.commit.ms,1771493072108000000,1771493073934000000,2
compiler.ArtifactModifiableModelBridge.dispose.ms,1771493072108000000,1771493073934000000,0
compiler.ArtifactManagerBridge.findArtifact.ms,1771493072108000000,1771493073934000000,0
compiler.ArtifactManagerBridge.getArtifactsByType.ms,1771493072108000000,1771493073934000000,0
compiler.ArtifactModifiableModelBridge.getArtifacts.ms,1771493072108000000,1771493073934000000,0
jps.global.initialize.library.bridges.after.loading.ms,1771493072108000000,1771493073934000000,0
workspaceModel.mutableEntityStorage.add.entity.ms,1771493072108000000,1771493073934000000,0
workspaceModel.mutableEntityStorage.instances.count,1771493072108000000,1771493073934000000,0
workspaceModel.mutableEntityStorage.entities.by.source.ms,1771493072108000000,1771493073934000000,0
workspaceModel.moduleManagerBridge.build.module.graph.ms,1771493072108000000,1771493073934000000,0
workspaceModel.mutableEntityStorage.remove.entity.ms,1771493072108000000,1771493073934000000,0
workspaceModel.global.updates.ms,1771493072108000000,1771493073934000000,0
jps.global.get.libraries.ms,1771493072108000000,1771493073934000000,0
workspaceModel.mutableEntityStorage.modify.entity.ms,1771493072108000000,1771493073934000000,0
jps.modifiable.module.model.bridge.new.module.ms,1771493072108000000,1771493073934000000,0
jps.module.iml.entities.serializer.save.entities.ms,1771493072108000000,1771493073934000000,0
jps.storage.jps.conf.reader.load.component.ms,1771493072108000000,1771493073934000000,0
workspaceModel.moduleManagerBridge.get.modules.ms,1771493072108000000,1771493073934000000,0
jps.modifiable.module.model.bridge.disposing.ms,1771493072108000000,1771493073934000000,0
jps.project.serializers.load.ms,1771493072108000000,1771493073934000000,0
jps.artifact.entities.serializer.load.entities.ms,1771493072108000000,1771493073934000000,0
workspaceModel.moduleManagerBridge.load.all.modules.ms,1771493072108000000,1771493073934000000,0
workspaceModel.orphan.listener.update.ms,1771493072108000000,1771493073934000000,0
jps.save.global.entities.ms,1771493072108000000,1771493073934000000,0
workspaceModel.mutableEntityStorage.changeLog.addReplaceEventForNewChild.ms,1771493072108000000,1771493073934000000,0
workspaceModel.moduleBridgeLoader.loading.modules.ms,1771493072108000000,1771493073934000000,0
workspaceModel.moduleBridge.before.changed.ms,1771493072108000000,1771493073934000000,0
jps.facet.change.listener.process.change.events.ms,1771493072108000000,1771493073934000000,0
jps.reload.project.entities.ms,1771493072108000000,1771493073934000000,0
jps.module.dependency.index.workspace.model.listener.on.changed.ms,1771493072108000000,1771493073934000000,0
jps.global.get.library.ms,1771493072108000000,1771493073934000000,0
workspaceModel.mutableEntityStorage.replace.by.source.ms,1771493072108000000,1771493073934000000,0
jps.project.serializers.save.ms,1771493072108000000,1771493073934000000,0
workspaceModel.sync.entities.ms,1771493072108000000,1771493073934000000,0
workspaceModel.global.apply.state.to.project.builder.ms,1771493072108000000,1771493073934000000,0
jps.global.get.library.by.name.ms,1771493072108000000,1771493073934000000,0
workspaceModel.mutableEntityStorage.to.snapshot.ms,1771493072108000000,1771493073934000000,0
workspaceModel.mutableEntityStorage.put.entity.ms,1771493072108000000,1771493073934000000,0
jps.global.handle.before.change.events.ms,1771493072108000000,1771493073934000000,0
workspaceModel.moduleBridge.facet.initialization.ms,1771493072108000000,1771493073934000000,0
workspaceModel.mutableEntityStorage.mutable.ext.mapping.ms,1771493072108000000,1771493073934000000,0
workspaceModel.do.save.caches.ms,1771493072108000000,1771493073934000000,0
workspaceModel.mutableEntityStorage.apply.changes.from.ms,1771493072108000000,1771493073934000000,0
workspaceModel.mutableEntityStorage.has.same.entities.ms,1771493072108000000,1771493073934000000,0
workspaceModel.moduleManagerBridge.newModule.ms,1771493072108000000,1771493073934000000,0
jps.app.storage.content.writer.save.component.ms,1771493072108000000,1771493073934000000,0
workspaceModel.load.cache.metadata.from.file.ms,1771493072108000000,1771493073934000000,0
workspaceModel.moduleManagerBridge.set.unloadedModules.ms,1771493072108000000,1771493073934000000,0
workspaceModel.moduleBridge.update.option.ms,1771493072108000000,1771493073934000000,0
jps.load.initial.state.ms,1771493072108000000,1771493073934000000,0
workspaceModel.mutableEntityStorage.referrers.ms,1771493072108000000,1771493073934000000,0
workspaceModel.mutableEntityStorage.entities.ms,1771493072108000000,1771493073934000000,0
jps.library.entities.serializer.load.entities.ms,1771493072108000000,1771493073934000000,0
workspaceModel.mutableEntityStorage.resolve.ms,1771493072108000000,1771493073934000000,0
workspaceModel.moduleManagerBridge.load.module.ms,1771493072108000000,1771493073934000000,0
workspaceModel.mutableEntityStorage.changeLog.addReplaceEventForNewParent.ms,1771493072108000000,1771493073934000000,0
workspaceModel.save.cache.to.file.ms,1771493072108000000,1771493073934000000,0
workspaceModel.global.updates.count,1771493072108000000,1771493073934000000,0
jps.module.iml.entities.serializer.load.entities.ms,1771493072108000000,1771493073934000000,0
workspaceModel.global.apply.state.to.project.ms,1771493072108000000,1771493073934000000,0
jps.artifact.entities.serializer.save.entities.ms,1771493072108000000,1771493073934000000,0
workspaceModel.mutableEntityStorage.changeLog.addReplaceEventForRemovedParent.ms,1771493072108000000,1771493073934000000,0
jps.global.initialize.library.bridges.ms,1771493072108000000,1771493073934000000,0
jps.facet.change.listener.init.bridge.ms,1771493072108000000,1771493073934000000,0
jps.load.project.to.empty.storage.ms,1771493072108000000,1771493073934000000,0
workspaceModel.mutableEntityStorage.collect.changes.ms,1771493072108000000,1771493073934000000,0
jps.library.entities.serializer.save.entities.ms,1771493072108000000,1771493073934000000,0
workspaceModel.mutableEntityStorage.changeLog.addReplaceEventForRemovedChild.ms,1771493072108000000,1771493073934000000,0
workspaceModel.mutableEntityStorage.mutable.vfurl.index.ms,1771493072108000000,1771493073934000000,0
jps.global.handle.changed.events.ms,1771493072108000000,1771493073934000000,0
jps.modifiable.module.model.bridge.renaming.ms,1771493072108000000,1771493073934000000,0
jps.facet.change.listener.before.change.events.ms,1771493072108000000,1771493073934000000,0
jps.app.storage.content.reader.load.component.ms,1771493072108000000,1771493073934000000,0
workspaceModel.mutableEntityStorage.hasReferrers.ms,1771493072108000000,1771493073934000000,0
workspaceModel.moduleManagerBridge.new.nonPersistent.module.ms,1771493072108000000,1771493073934000000,0
workspaceModel.delayed.project.synchronizer.sync.ms,1771493072108000000,1771493073934000000,0
jps.apply.loaded.storage.ms,1771493072108000000,1771493073934000000,0
jps.save.changed.project.entities.ms,1771493072108000000,1771493073934000000,0
workspaceModel.load.cache.from.file.ms,1771493072108000000,1771493073934000000,0
workspaceModel.moduleManagerBridge.create.module.instance.ms,1771493072108000000,1771493073934000000,0
jps.modifiable.module.model.bridge.load.module.ms,1771493072108000000,1771493073934000000,0
JVM.GC.collectionTimesMs,1771493072108000000,1771493073934000000,0
OS.loadAverage,1771493072108000000,1771493073934000000,3.86669921875
JVM.newThreadsCount,1771493072108000000,1771493073934000000,17
JVM.GC.collections,1771493072108000000,1771493073934000000,0
JVM.totalDirectByteBuffersBytes,1771493072108000000,1771493073934000000,53927965
MEM.ramPlusSwapMinusFileMappingsBytes,1771493072108000000,1771493073934000000,5695795200
JVM.totalBytesAllocated,1771493072108000000,1771493073934000000,48577184
MEM.fileMappingsRamBytes,1771493072108000000,1771493073934000000,942313472
JVM.maxThreadCount,1771493072108000000,1771493073934000000,220
JVM.totalTimeAtSafepointsMs,1771493072108000000,1771493073934000000,0
JVM.maxHeapBytes,1771493072108000000,1771493073934000000,28840034304
JVM.threadCount,1771493072108000000,1771493073934000000,92
JVM.committedHeapBytes,1771493072108000000,1771493073934000000,4026531840
JVM.totalCpuTimeMs,1771493072108000000,1771493073934000000,1910
JVM.usedNativeBytes,1771493072108000000,1771493073934000000,655311040
MEM.ramBytes,1771493072108000000,1771493073934000000,6638108672
JVM.usedHeapBytes,1771493072108000000,1771493073934000000,3431776752
JVM.totalTimeToSafepointsMs,1771493072108000000,1771493073934000000,0
JVM.totalSafepointCount,1771493072108000000,1771493073934000000,6
MEM.ramMinusFileMappingsBytes,1771493072108000000,1771493073934000000,5695795200
NonBlockingReadAction.finalizedExecutionTimeUs,1771493072108000000,1771493073934000000,0
NonBlockingReadAction.finalizedExecutionsCount,1771493072108000000,1771493073934000000,0
NonBlockingReadAction.failedExecutionTimeUs,1771493072108000000,1771493073934000000,0
AWTEventQueue.dispatchTimeTotalNS,1771493072108000000,1771493073934000000,131284539
NonBlockingReadAction.failedExecutionsCount,1771493072108000000,1771493073934000000,0
cacheStateStorage.get.duration,1771493072108000000,1771493073934000000,0
cacheStateStorage.set.duration,1771493072108000000,1771493073934000000,0
cacheStateStorage.set.counter,1771493072108000000,1771493073934000000,10
cacheStateStorage.get.counter,1771493072108000000,1771493073934000000,0
Indexes.entries.lookupDurationMaxMs,1771493072108000000,1771493073934000000,0.0
Indexes.entries.lookupDurationAvgMs,1771493072108000000,1771493073934000000,0.0
Indexing.cache.totalCacheAccesses,1771493072108000000,1771493073934000000,0
Indexing.writer_3.totalTimeSpentWritingMs,1771493072108000000,1771493073934000000,0
Indexes.entries.lookups,1771493072108000000,1771493073934000000,0
Indexes.allKeys.lookupDurationMaxMs,1771493072108000000,1771493073934000000,0.0
Indexing.cache.totalCacheEvicted,1771493072108000000,1771493073934000000,8142
Indexing.cache.totalCacheMisses,1771493072108000000,1771493073934000000,0
Indexes.stubs.lookupDurationMaxMs,1771493072108000000,1771493073934000000,0.0
Indexes.stubs.lookupDuration90PMs,1771493072108000000,1771493073934000000,0.0
Indexing.totalTimeIndexersSleptMs,1771493072108000000,1771493073934000000,0
Indexing.writer_1.totalTimeSpentWritingMs,1771493072108000000,1771493073934000000,0
Indexing.writesQueuedMin,1771493072108000000,1771493073934000000,9223372036854775807
Indexes.allKeys.lookupDurationAvgMs,1771493072108000000,1771493073934000000,0.0
Indexes.allKeys.lookupDuration90PMs,1771493072108000000,1771493073934000000,0.0
Indexing.writer_0.totalTimeSpentWritingMs,1771493072108000000,1771493073934000000,0
Indexes.allKeys.lookups,1771493072108000000,1771493073934000000,0
Indexing.writer_2.totalTimeSpentWritingMs,1771493072108000000,1771493073934000000,0
Indexes.stubs.lookupDurationAvgMs,1771493072108000000,1771493073934000000,0.0
Indexes.stubs.lookups,1771493072108000000,1771493073934000000,0
Indexes.entries.lookupDuration90PMs,1771493072108000000,1771493073934000000,0.0
Indexing.writesQueuedMax,1771493072108000000,1771493073934000000,0
workspaceModel.workspaceFileIndexData.instances.count,1771493072108000000,1771493073934000000,0
workspaceModel.workspaceFileIndexData.init.ms,1771493072108000000,1771493073934000000,0
workspaceModel.cachedValueWithParameters.from.cache.count,1771493072108000000,1771493073934000000,0
workspaceModel.workspaceFileIndexData.onEntitiesChanged.ms,1771493072108000000,1771493073934000000,0
workspaceModel.cachedValue.calculated.count,1771493072108000000,1771493073934000000,0
workspaceModel.collect.changes.ms,1771493072108000000,1771493073934000000,0
workspaceModel.pre.handlers.ms,1771493072108000000,1771493073934000000,0
workspaceModel.workspaceFileIndexData.markDirty.ms,1771493072108000000,1771493073934000000,0
workspaceModel.cachedValueWithParameters.clear.count,1771493072108000000,1771493073934000000,0
workspaceModel.on.changed.ms,1771493072108000000,1771493073934000000,0
workspaceModel.workspaceFileIndexData.visitFileSets.ms,1771493072108000000,1771493073934000000,0
workspaceModel.replace.project.model.ms,1771493072108000000,1771493073934000000,0
workspaceModel.workspaceFileIndexData.getFileInfo.ms,1771493072108000000,1771493073934000000,0
workspaceModel.cachedValue.clear.count,1771493072108000000,1771493073934000000,0
workspaceModel.to.snapshot.ms,1771493072108000000,1771493073934000000,0
workspaceModel.workspaceFileIndexData.processFileSets.ms,1771493072108000000,1771493073934000000,0
workspaceModel.cachedValue.from.cache.count,1771493072108000000,1771493073934000000,4
workspaceModel.init.bridges.ms,1771493072108000000,1771493073934000000,0
workspaceModel.initializing.ms,1771493072108000000,1771493073934000000,0
workspaceModel.full.replace.project.model.ms,1771493072108000000,1771493073934000000,0
workspaceModel.updates.count,1771493072108000000,1771493073934000000,0
workspaceModel.loading.from.cache.ms,1771493072108000000,1771493073934000000,0
workspaceModel.updates.precise.ms,1771493072108000000,1771493073934000000,0
workspaceModel.updates.ms,1771493072108000000,1771493073934000000,0
workspaceModel.cachedValue.total.get.count,1771493072108000000,1771493073934000000,4
workspaceModel.cachedValueWithParameters.total.get.count,1771493072108000000,1771493073934000000,0
workspaceModel.check.recursive.update.ms,1771493072108000000,1771493073934000000,0
workspaceModel.workspaceFileIndexData.getDirectoriesByPackageName.ms,1771493072108000000,1771493073934000000,0
workspaceModel.on.before.changed.ms,1771493072108000000,1771493073934000000,0
workspaceModel.workspaceFileIndexContributor.registerFileSets.ms,1771493072108000000,1771493073934000000,0
workspaceModel.loading.total.ms,1771493072108000000,1771493073934000000,0
workspaceModel.workspaceFileIndexData.getPackageName.ms,1771493072108000000,1771493073934000000,0
workspaceModel.workspaceFileIndexData.updateDirtyEntities.ms,1771493072108000000,1771493073934000000,0
workspaceModel.cachedValueWithParameters.calculated.count,1771493072108000000,1771493073934000000,0
workspaceModel.entityStorageSnapshotImpl.instances.count,1771493072108000000,1771493073934000000,0
workspaceModel.update.unloaded.entities.ms,1771493072108000000,1771493073934000000,0
DiskQueryRelay.taskWaitingTotalTimeUs,1771493072108000000,1771493073934000000,596
DiskQueryRelay.tasksRequested,1771493072108000000,1771493073934000000,7
writeAction.wait.ms,1771493072108000000,1771493073934000000,0
writeAction.max.wait.ms,1771493072108000000,1771493073934000000,153
DiskQueryRelay.tasksExecuted,1771493072108000000,1771493073934000000,7
writeAction.count,1771493072108000000,1771493073934000000,2
DiskQueryRelay.taskExecutionTotalTimeUs,1771493072108000000,1771493073934000000,126
writeAction.median.wait.ms,1771493072108000000,1771493073934000000,300
