# OpenTelemetry Metrics report: .csv, 4 fields: 
# <metric name>, <period start, nanoseconds>, <period end, nanoseconds>, <metric value>
# See CsvMetricsExporter for details.
# 
# NAME, PERIOD_START_NANOS, PERIOD_END_NANOS, VALUE
Indexing.totalTimeIndexersSleptMs,1774356784067000000,1774356844308000000,9099
Indexing.cache.totalCacheMisses,1774356784067000000,1774356844308000000,1863776
Indexing.writesQueuedMin,1774356784067000000,1774356844308000000,1147
Indexing.writesQueuedAvg,1774356784067000000,1774356844308000000,1147.0
Indexing.writer_3.totalTimeSpentWritingMs,1774356784067000000,1774356844308000000,2408
Indexing.writer_1.totalTimeSpentWritingMs,1774356784067000000,1774356844308000000,318
Indexing.cache.totalCacheEvicted,1774356784067000000,1774356844308000000,1751173
Indexing.writer_2.totalTimeSpentWritingMs,1774356784067000000,1774356844308000000,2669
Indexing.writer_0.totalTimeSpentWritingMs,1774356784067000000,1774356844308000000,5575
Indexing.cache.totalCacheAccesses,1774356784067000000,1774356844308000000,8149894
Indexing.writesQueuedMax,1774356784067000000,1774356844308000000,1147
workspaceModel.workspaceFileIndexData.updateDirtyEntities.ms,1774356784067000000,1774356844308000000,0
workspaceModel.update.unloaded.entities.ms,1774356784067000000,1774356844308000000,0
workspaceModel.check.recursive.update.ms,1774356784067000000,1774356844308000000,0
workspaceModel.on.changed.ms,1774356784067000000,1774356844308000000,107
workspaceModel.pre.handlers.ms,1774356784067000000,1774356844308000000,0
workspaceModel.cachedValue.clear.count,1774356784067000000,1774356844308000000,2
workspaceModel.updates.ms,1774356784067000000,1774356844308000000,117
workspaceModel.loading.total.ms,1774356784067000000,1774356844308000000,2
workspaceModel.on.before.changed.ms,1774356784067000000,1774356844308000000,59
workspaceModel.workspaceFileIndexData.init.ms,1774356784067000000,1774356844308000000,4
workspaceModel.init.bridges.ms,1774356784067000000,1774356844308000000,20
workspaceModel.workspaceFileIndexData.instances.count,1774356784067000000,1774356844308000000,1
workspaceModel.cachedValueWithParameters.calculated.count,1774356784067000000,1774356844308000000,0
workspaceModel.full.replace.project.model.ms,1774356784067000000,1774356844308000000,55
workspaceModel.updates.count,1774356784067000000,1774356844308000000,6
workspaceModel.initializing.ms,1774356784067000000,1774356844308000000,13
workspaceModel.workspaceFileIndexData.markDirty.ms,1774356784067000000,1774356844308000000,0
workspaceModel.cachedValue.total.get.count,1774356784067000000,1774356844308000000,2605
workspaceModel.workspaceFileIndexData.visitFileSets.ms,1774356784067000000,1774356844308000000,108
workspaceModel.workspaceFileIndexData.getDirectoriesByPackageName.ms,1774356784067000000,1774356844308000000,0
workspaceModel.workspaceFileIndexContributor.registerFileSets.ms,1774356784067000000,1774356844308000000,29
workspaceModel.to.snapshot.ms,1774356784067000000,1774356844308000000,0
workspaceModel.workspaceFileIndexData.processFileSets.ms,1774356784067000000,1774356844308000000,0
workspaceModel.loading.from.cache.ms,1774356784067000000,1774356844308000000,0
workspaceModel.cachedValueWithParameters.clear.count,1774356784067000000,1774356844308000000,0
workspaceModel.workspaceFileIndexData.getFileInfo.ms,1774356784067000000,1774356844308000000,362
workspaceModel.workspaceFileIndexData.onEntitiesChanged.ms,1774356784067000000,1774356844308000000,36
workspaceModel.updates.precise.ms,1774356784067000000,1774356844308000000,10
workspaceModel.cachedValue.from.cache.count,1774356784067000000,1774356844308000000,2560
workspaceModel.cachedValueWithParameters.from.cache.count,1774356784067000000,1774356844308000000,0
workspaceModel.collect.changes.ms,1774356784067000000,1774356844308000000,0
workspaceModel.cachedValueWithParameters.total.get.count,1774356784067000000,1774356844308000000,0
workspaceModel.replace.project.model.ms,1774356784067000000,1774356844308000000,66
workspaceModel.cachedValue.calculated.count,1774356784067000000,1774356844308000000,45
workspaceModel.workspaceFileIndexData.getPackageName.ms,1774356784067000000,1774356844308000000,0
workspaceModel.entityStorageSnapshotImpl.instances.count,1774356784067000000,1774356844308000000,40
workspaceModel.moduleBridgeLoader.loading.modules.ms,1774356784067000000,1774356844308000000,14
workspaceModel.mutableEntityStorage.has.same.entities.ms,1774356784067000000,1774356844308000000,1
workspaceModel.mutableEntityStorage.add.entity.ms,1774356784067000000,1774356844308000000,52
workspaceModel.mutableEntityStorage.mutable.vfurl.index.ms,1774356784067000000,1774356844308000000,1
workspaceModel.do.save.caches.ms,1774356784067000000,1774356844308000000,38
jps.global.handle.changed.events.ms,1774356784067000000,1774356844308000000,0
jps.modifiable.module.model.bridge.new.module.ms,1774356784067000000,1774356844308000000,8
jps.module.iml.entities.serializer.save.entities.ms,1774356784067000000,1774356844308000000,0
workspaceModel.load.cache.metadata.from.file.ms,1774356784067000000,1774356844308000000,0
workspaceModel.mutableEntityStorage.modify.entity.ms,1774356784067000000,1774356844308000000,26
jps.facet.change.listener.init.bridge.ms,1774356784067000000,1774356844308000000,2
jps.reload.project.entities.ms,1774356784067000000,1774356844308000000,0
workspaceModel.mutableEntityStorage.changeLog.addReplaceEventForRemovedChild.ms,1774356784067000000,1774356844308000000,0
workspaceModel.sync.entities.ms,1774356784067000000,1774356844308000000,3
workspaceModel.moduleManagerBridge.create.module.instance.ms,1774356784067000000,1774356844308000000,4
workspaceModel.mutableEntityStorage.changeLog.addReplaceEventForNewChild.ms,1774356784067000000,1774356844308000000,4
workspaceModel.mutableEntityStorage.resolve.ms,1774356784067000000,1774356844308000000,0
jps.module.iml.entities.serializer.load.entities.ms,1774356784067000000,1774356844308000000,29
workspaceModel.orphan.listener.update.ms,1774356784067000000,1774356844308000000,2
jps.global.get.library.by.name.ms,1774356784067000000,1774356844308000000,0
workspaceModel.moduleBridge.before.changed.ms,1774356784067000000,1774356844308000000,0
workspaceModel.mutableEntityStorage.to.snapshot.ms,1774356784067000000,1774356844308000000,1
workspaceModel.mutableEntityStorage.collect.changes.ms,1774356784067000000,1774356844308000000,1
workspaceModel.global.updates.ms,1774356784067000000,1774356844308000000,19
workspaceModel.mutableEntityStorage.hasReferrers.ms,1774356784067000000,1774356844308000000,0
jps.load.project.to.empty.storage.ms,1774356784067000000,1774356844308000000,126
jps.app.storage.content.reader.load.component.ms,1774356784067000000,1774356844308000000,1
workspaceModel.moduleManagerBridge.get.modules.ms,1774356784067000000,1774356844308000000,1
workspaceModel.moduleBridge.update.option.ms,1774356784067000000,1774356844308000000,0
jps.modifiable.module.model.bridge.disposing.ms,1774356784067000000,1774356844308000000,0
jps.load.initial.state.ms,1774356784067000000,1774356844308000000,18
workspaceModel.mutableEntityStorage.entities.by.source.ms,1774356784067000000,1774356844308000000,5
workspaceModel.mutableEntityStorage.referrers.ms,1774356784067000000,1774356844308000000,0
workspaceModel.mutableEntityStorage.replace.by.source.ms,1774356784067000000,1774356844308000000,21
jps.modifiable.module.model.bridge.renaming.ms,1774356784067000000,1774356844308000000,0
jps.modifiable.module.model.bridge.load.module.ms,1774356784067000000,1774356844308000000,0
workspaceModel.moduleManagerBridge.newModule.ms,1774356784067000000,1774356844308000000,33
workspaceModel.moduleManagerBridge.build.module.graph.ms,1774356784067000000,1774356844308000000,1
workspaceModel.mutableEntityStorage.changeLog.addReplaceEventForRemovedParent.ms,1774356784067000000,1774356844308000000,0
workspaceModel.mutableEntityStorage.entities.ms,1774356784067000000,1774356844308000000,0
jps.global.handle.before.change.events.ms,1774356784067000000,1774356844308000000,0
jps.project.serializers.load.ms,1774356784067000000,1774356844308000000,44
workspaceModel.moduleManagerBridge.new.nonPersistent.module.ms,1774356784067000000,1774356844308000000,0
workspaceModel.mutableEntityStorage.mutable.ext.mapping.ms,1774356784067000000,1774356844308000000,1
workspaceModel.load.cache.from.file.ms,1774356784067000000,1774356844308000000,0
workspaceModel.moduleManagerBridge.load.all.modules.ms,1774356784067000000,1774356844308000000,3
jps.global.get.library.ms,1774356784067000000,1774356844308000000,0
jps.library.entities.serializer.save.entities.ms,1774356784067000000,1774356844308000000,0
workspaceModel.global.apply.state.to.project.ms,1774356784067000000,1774356844308000000,7
jps.save.global.entities.ms,1774356784067000000,1774356844308000000,0
workspaceModel.delayed.project.synchronizer.sync.ms,1774356784067000000,1774356844308000000,0
workspaceModel.global.updates.count,1774356784067000000,1774356844308000000,3
jps.artifact.entities.serializer.load.entities.ms,1774356784067000000,1774356844308000000,4
workspaceModel.moduleManagerBridge.set.unloadedModules.ms,1774356784067000000,1774356844308000000,0
jps.facet.change.listener.process.change.events.ms,1774356784067000000,1774356844308000000,1
workspaceModel.mutableEntityStorage.apply.changes.from.ms,1774356784067000000,1774356844308000000,12
workspaceModel.moduleManagerBridge.load.module.ms,1774356784067000000,1774356844308000000,0
jps.storage.jps.conf.reader.load.component.ms,1774356784067000000,1774356844308000000,12
jps.module.dependency.index.workspace.model.listener.on.changed.ms,1774356784067000000,1774356844308000000,3
jps.global.initialize.library.bridges.ms,1774356784067000000,1774356844308000000,0
jps.global.get.libraries.ms,1774356784067000000,1774356844308000000,1
workspaceModel.mutableEntityStorage.remove.entity.ms,1774356784067000000,1774356844308000000,2
workspaceModel.save.cache.to.file.ms,1774356784067000000,1774356844308000000,109
jps.project.serializers.save.ms,1774356784067000000,1774356844308000000,0
workspaceModel.moduleBridge.facet.initialization.ms,1774356784067000000,1774356844308000000,0
jps.facet.change.listener.before.change.events.ms,1774356784067000000,1774356844308000000,0
jps.save.changed.project.entities.ms,1774356784067000000,1774356844308000000,0
jps.library.entities.serializer.load.entities.ms,1774356784067000000,1774356844308000000,5
workspaceModel.mutableEntityStorage.instances.count,1774356784067000000,1774356844308000000,64
jps.artifact.entities.serializer.save.entities.ms,1774356784067000000,1774356844308000000,0
workspaceModel.mutableEntityStorage.changeLog.addReplaceEventForNewParent.ms,1774356784067000000,1774356844308000000,1
workspaceModel.global.apply.state.to.project.builder.ms,1774356784067000000,1774356844308000000,5
jps.global.initialize.library.bridges.after.loading.ms,1774356784067000000,1774356844308000000,1
workspaceModel.mutableEntityStorage.put.entity.ms,1774356784067000000,1774356844308000000,12
jps.apply.loaded.storage.ms,1774356784067000000,1774356844308000000,60
VFS.rootsCount,1774356784067000000,1774356844308000000,72.0
VFS.cache.segmentsCreated,1774356784067000000,1774356844308000000,181
VFS.cache.filesCreated,1774356784067000000,1774356844308000000,103140
VFS.contentStorage.recordsUncompressedSize,1774356784067000000,1774356844308000000,450433
VFS.contentStorage.recordsDecompressionTimeUs,1774356784067000000,1774356844308000000,25460
VFS.fileChildByName,1774356784067000000,1774356844308000000,15341
VFS.contentStorage.recordsReadDecompressed,1774356784067000000,1774356844308000000,11
VFS.fileByIdCache.misses,1774356784067000000,1774356844308000000,0
VFS.contentStorage.recordsDeduplicated,1774356784067000000,1774356844308000000,0
VFS.cache.segments,1774356784067000000,1774356844308000000,180.0
FileNameCache.totalMisses,1774356784067000000,1774356844308000000,30272
VFS.invertedFileNameIndex.requests,1774356784067000000,1774356844308000000,0
VFS.contentStorage.recordsStoredSize,1774356784067000000,1774356844308000000,218104
VFS.contentStorage.recordsStoredCompressed,1774356784067000000,1774356844308000000,6
VFS.fileByIdCache.hits,1774356784067000000,1774356844308000000,0
VFS.contentStorage.recordsStored,1774356784067000000,1774356844308000000,21
VFS.folderCaseSensitivityReads,1774356784067000000,1774356844308000000,838
VFS.contentStorage.recordsRead,1774356784067000000,1774356844308000000,19
VFS.cache.directoriesCreated,1774356784067000000,1774356844308000000,5687
VFS.contentStorage.recordsReadSize,1774356784067000000,1774356844308000000,852460
FileNameCache.queries,1774356784067000000,1774356844308000000,4163008
cacheStateStorage.set.duration,1774356784067000000,1774356844308000000,89
cacheStateStorage.get.counter,1774356784067000000,1774356844308000000,18
cacheStateStorage.get.duration,1774356784067000000,1774356844308000000,0
cacheStateStorage.set.counter,1774356784067000000,1774356844308000000,4
compiler.ArtifactManagerBridge.dropMappings.ms,1774356784067000000,1774356844308000000,0
compiler.ArtifactManagerBridge.addArtifact.ms,1774356784067000000,1774356844308000000,0
compiler.ArtifactManagerBridge.getArtifacts.ms,1774356784067000000,1774356844308000000,0
compiler.ArtifactManagerBridge.findArtifact.ms,1774356784067000000,1774356844308000000,0
compiler.ArtifactManagerBridge.commit.ms,1774356784067000000,1774356844308000000,0
compiler.ArtifactManagerBridge.initBridges.ms,1774356784067000000,1774356844308000000,0
compiler.ArtifactVirtualFileListener.filePathChanged.ms,1774356784067000000,1774356844308000000,0
compiler.ArtifactManagerBridge.getArtifactsByType.ms,1774356784067000000,1774356844308000000,0
compiler.ArtifactVirtualFileListener.propertyChanged.ms,1774356784067000000,1774356844308000000,0
AWTEventQueue.dispatchTimeAvgNs,1774356784067000000,1774356844308000000,886960.0
FlushQueue.queueSizeMax,1774356784067000000,1774356844308000000,2
ReadAction.executionsCount,1774356784067000000,1774356844308000000,288463
FlushQueue.queueSizeAvg,1774356784067000000,1774356844308000000,1.0
FlushQueue.waitingTimeAvgNs,1774356784067000000,1774356844308000000,2138112.0
AWTEventQueue.dispatchTimeTotalNS,1774356784067000000,1774356844308000000,2003159153
NonBlockingReadAction.finalizedExecutionTimeUs,1774356784067000000,1774356844308000000,210256
FlushQueue.queueSize90P,1774356784067000000,1774356844308000000,2
NonBlockingReadAction.finalizedExecutionsCount,1774356784067000000,1774356844308000000,36
FlushQueue.waitingTime90PNs,1774356784067000000,1774356844308000000,2179071
FlushQueue.executionTimeMaxNs,1774356784067000000,1774356844308000000,60671
NonBlockingReadAction.failedExecutionsCount,1774356784067000000,1774356844308000000,5
AWTEventQueue.dispatchTime90PNs,1774356784067000000,1774356844308000000,1769471
FlushQueue.tasksExecuted,1774356784067000000,1774356844308000000,3
FlushQueue.executionTimeAvgNs,1774356784067000000,1774356844308000000,45973.333333333336
FlushQueue.executionTime90PNs,1774356784067000000,1774356844308000000,60671
AWTEventQueue.dispatchTimeMaxNs,1774356784067000000,1774356844308000000,1769471
WriteAction.executionsCount,1774356784067000000,1774356844308000000,29
FlushQueue.waitingTimeMaxNs,1774356784067000000,1774356844308000000,2179071
NonBlockingReadAction.failedExecutionTimeUs,1774356784067000000,1774356844308000000,151164
AWTEventQueue.eventsDispatched,1774356784067000000,1774356844308000000,2
MappedFileStorage.totalTimeSpentOnMappingUs,1774356784067000000,1774356844308000000,260009
MappedFileStorage.storages,1774356784067000000,1774356844308000000,15
FilePageCache.pageLoadsAboveSizeThreshold,1774356784067000000,1774356844308000000,0
StreamlinedBlobStorage.recordsRelocated,1774356784067000000,1774356844308000000,0
FilePageCache.disposedBuffers,1774356784067000000,1774356844308000000,3
FileChannelInterruptsRetryer.totalRetriedAttempts,1774356784067000000,1774356844308000000,0
DirectByteBufferAllocator.totalSizeOfBuffersAllocatedInBytes,1774356784067000000,1774356844308000000,370147328
StreamlinedBlobStorage.totalLiveRecordsPayloadBytes,1774356784067000000,1774356844308000000,398316
DirectByteBufferAllocator.misses,1774356784067000000,1774356844308000000,353
StorageLockContext.competingThreads.avg,1774356784067000000,1774356844308000000,0.0
StreamlinedBlobStorage.recordsDeleted,1774356784067000000,1774356844308000000,3
DirectByteBufferAllocator.totalSizeOfBuffersCachedInBytes,1774356784067000000,1774356844308000000,0
FilePageCache.uncachedFileAccess,1774356784067000000,1774356844308000000,554
FilePageCache.totalPageLoadsUs,1774356784067000000,1774356844308000000,201319
StorageLockContext.competingThreads.90P,1774356784067000000,1774356844308000000,0
MappedFileStorage.totalBytesMapped,1774356784067000000,1774356844308000000,198443008
FilePageCache.pageFastCacheHits,1774356784067000000,1774356844308000000,3960132
StreamlinedBlobStorage.recordsAllocated,1774356784067000000,1774356844308000000,25813
MappedFileStorage.totalPagesMapped,1774356784067000000,1774356844308000000,15
StreamlinedBlobStorage.totalLiveRecordsCapacityBytes,1774356784067000000,1774356844308000000,1853258
FilePageCache.capacityInBytes,1774356784067000000,1774356844308000000,629145600
FilePageCache.pageLoads,1774356784067000000,1774356844308000000,356
FilePageCache.pageHits,1774356784067000000,1774356844308000000,253509
DirectByteBufferAllocator.disposed,1774356784067000000,1774356844308000000,0
DirectByteBufferAllocator.reclaimed,1774356784067000000,1774356844308000000,3
FilePageCache.maxCacheSizeInBytes,1774356784067000000,1774356844308000000,370147328
FilePageCache.maxRegisteredFiles,1774356784067000000,1774356844308000000,791
DirectByteBufferAllocator.hits,1774356784067000000,1774356844308000000,3
StorageLockContext.competingThreads.max,1774356784067000000,1774356844308000000,0
FilePageCache.totalPageDisposalsUs,1774356784067000000,1774356844308000000,1111
JVM.totalTimeAtSafepointsMs,1774356784067000000,1774356844308000000,491
JVM.totalSafepointCount,1774356784067000000,1774356844308000000,106
JVM.GC.collections,1774356784067000000,1774356844308000000,50
JVM.newThreadsCount,1774356784067000000,1774356844308000000,415
OS.loadAverage,1774356784067000000,1774356844308000000,3.64013671875
MEM.fileMappingsRamBytes,1774356784067000000,1774356844308000000,702038016
JVM.totalTimeToSafepointsMs,1774356784067000000,1774356844308000000,75
JVM.usedHeapBytes,1774356784067000000,1774356844308000000,712248272
JVM.totalDirectByteBuffersBytes,1774356784067000000,1774356844308000000,370200577
JVM.committedHeapBytes,1774356784067000000,1774356844308000000,1828716544
JVM.totalCpuTimeMs,1774356784067000000,1774356844308000000,87980
JVM.GC.collectionTimesMs,1774356784067000000,1774356844308000000,424
MEM.ramMinusFileMappingsBytes,1774356784067000000,1774356844308000000,2629607424
JVM.totalBytesAllocated,1774356784067000000,1774356844308000000,10753060264
JVM.maxHeapBytes,1774356784067000000,1774356844308000000,28840034304
MEM.ramPlusSwapMinusFileMappingsBytes,1774356784067000000,1774356844308000000,2629607424
JVM.threadCount,1774356784067000000,1774356844308000000,147
MEM.ramBytes,1774356784067000000,1774356844308000000,3331645440
JVM.usedNativeBytes,1774356784067000000,1774356844308000000,369994296
JVM.maxThreadCount,1774356784067000000,1774356844308000000,254
lexer.CSS.size.bytes,1774356784067000000,1774356844308000000,96196
DiskQueryRelay.taskWaitingTotalTimeUs,1774356784067000000,1774356844308000000,8380100
parser.JSON.time.ns,1774356784067000000,1774356844308000000,8
parser.JSON.size.bytes,1774356784067000000,1774356844308000000,503
parser.ECMAScript.6.size.bytes,1774356784067000000,1774356844308000000,1564327
lexer.SCSS.time.ns,1774356784067000000,1774356844308000000,18342793
DiskQueryRelay.tasksExecuted,1774356784067000000,1774356844308000000,49798
parser.TypeScript.size.bytes,1774356784067000000,1774356844308000000,3375955
lexer.TypeScript.size.bytes,1774356784067000000,1774356844308000000,3375955
parser.SCSS.size.bytes,1774356784067000000,1774356844308000000,21698
lexer.JSON.size.bytes,1774356784067000000,1774356844308000000,503
lexer.ECMAScript.6.time.ns,1774356784067000000,1774356844308000000,9595125
lexer.TypeScript.time.ns,1774356784067000000,1774356844308000000,69699207
parser.ECMAScript.6.time.ns,1774356784067000000,1774356844308000000,139214320
parser.Groovy.time.ns,1774356784067000000,1774356844308000000,48716000
lexer.JAVA.size.bytes,1774356784067000000,1774356844308000000,106196
parser.Flow.JS.size.bytes,1774356784067000000,1774356844308000000,140172
lexer.Groovy.size.bytes,1774356784067000000,1774356844308000000,786
DiskQueryRelay.taskExecutionTotalTimeUs,1774356784067000000,1774356844308000000,4545623
parser.JAVA.size.bytes,1774356784067000000,1774356844308000000,183689
lexer.ECMAScript.6.size.bytes,1774356784067000000,1774356844308000000,401036
lexer.JAVA.time.ns,1774356784067000000,1774356844308000000,8108876
writeAction.max.wait.ms,1774356784067000000,1774356844308000000,79
lexer.Flow.JS.size.bytes,1774356784067000000,1774356844308000000,140172
lexer.JSON.time.ns,1774356784067000000,1774356844308000000,1209917
writeAction.count,1774356784067000000,1774356844308000000,29
writeAction.median.wait.ms,1774356784067000000,1774356844308000000,100
parser.TypeScript.time.ns,1774356784067000000,1774356844308000000,639594453
lexer.SCSS.size.bytes,1774356784067000000,1774356844308000000,21698
parser.SCSS.time.ns,1774356784067000000,1774356844308000000,53059464
lexer.Groovy.time.ns,1774356784067000000,1774356844308000000,3369916
lexer.CSS.time.ns,1774356784067000000,1774356844308000000,9988082
LowMemory.gcLoad,1774356784067000000,1774356844308000000,0.0
DiskQueryRelay.tasksRequested,1774356784067000000,1774356844308000000,49797
parser.JAVA.time.ns,1774356784067000000,1774356844308000000,214839136
parser.CSS.size.bytes,1774356784067000000,1774356844308000000,96196
parser.CSS.time.ns,1774356784067000000,1774356844308000000,22293330
writeAction.wait.ms,1774356784067000000,1774356844308000000,205
LowMemory.gcOverloaded,1774356784067000000,1774356844308000000,0
lexer.Flow.JS.time.ns,1774356784067000000,1774356844308000000,14665582
parser.Groovy.size.bytes,1774356784067000000,1774356844308000000,786
parser.Flow.JS.time.ns,1774356784067000000,1774356844308000000,142793668
Indexes.allKeys.lookupDurationMaxMs,1774356844308000000,1774356904113000000,0.0
Indexes.allKeys.lookupDurationAvgMs,1774356844308000000,1774356904113000000,0.0
Indexes.stubs.lookupDurationMaxMs,1774356844308000000,1774356904113000000,0.0
Indexing.writesQueuedMin,1774356844308000000,1774356904113000000,9223372036854775807
Indexing.writer_3.totalTimeSpentWritingMs,1774356844308000000,1774356904113000000,942
Indexes.entries.lookupDurationMaxMs,1774356844308000000,1774356904113000000,0.0
Indexing.writer_2.totalTimeSpentWritingMs,1774356844308000000,1774356904113000000,899
Indexing.writer_0.totalTimeSpentWritingMs,1774356844308000000,1774356904113000000,1373
Indexes.allKeys.lookupDuration90PMs,1774356844308000000,1774356904113000000,0.0
Indexes.allKeys.lookups,1774356844308000000,1774356904113000000,2
Indexes.entries.lookups,1774356844308000000,1774356904113000000,20
Indexing.totalTimeIndexersSleptMs,1774356844308000000,1774356904113000000,5426
Indexing.cache.totalCacheMisses,1774356844308000000,1774356904113000000,525265
Indexes.stubs.lookupDurationAvgMs,1774356844308000000,1774356904113000000,0.0
Indexes.stubs.lookupDuration90PMs,1774356844308000000,1774356904113000000,0.0
Indexing.writer_1.totalTimeSpentWritingMs,1774356844308000000,1774356904113000000,248
Indexes.stubs.lookups,1774356844308000000,1774356904113000000,2562
Indexing.cache.totalCacheEvicted,1774356844308000000,1774356904113000000,637868
Indexing.cache.totalCacheAccesses,1774356844308000000,1774356904113000000,2424174
Indexing.writesQueuedMax,1774356844308000000,1774356904113000000,0
Indexes.entries.lookupDuration90PMs,1774356844308000000,1774356904113000000,0.0
Indexes.entries.lookupDurationAvgMs,1774356844308000000,1774356904113000000,0.0
workspaceModel.workspaceFileIndexData.updateDirtyEntities.ms,1774356844308000000,1774356904113000000,0
workspaceModel.update.unloaded.entities.ms,1774356844308000000,1774356904113000000,0
workspaceModel.check.recursive.update.ms,1774356844308000000,1774356904113000000,1
workspaceModel.on.changed.ms,1774356844308000000,1774356904113000000,18
workspaceModel.pre.handlers.ms,1774356844308000000,1774356904113000000,0
workspaceModel.cachedValue.clear.count,1774356844308000000,1774356904113000000,0
workspaceModel.updates.ms,1774356844308000000,1774356904113000000,20
workspaceModel.loading.total.ms,1774356844308000000,1774356904113000000,0
workspaceModel.on.before.changed.ms,1774356844308000000,1774356904113000000,4
workspaceModel.workspaceFileIndexData.init.ms,1774356844308000000,1774356904113000000,0
workspaceModel.init.bridges.ms,1774356844308000000,1774356904113000000,7
workspaceModel.workspaceFileIndexData.instances.count,1774356844308000000,1774356904113000000,0
workspaceModel.cachedValueWithParameters.calculated.count,1774356844308000000,1774356904113000000,0
workspaceModel.full.replace.project.model.ms,1774356844308000000,1774356904113000000,0
workspaceModel.updates.count,1774356844308000000,1774356904113000000,3
workspaceModel.initializing.ms,1774356844308000000,1774356904113000000,2
workspaceModel.workspaceFileIndexData.markDirty.ms,1774356844308000000,1774356904113000000,0
workspaceModel.cachedValue.total.get.count,1774356844308000000,1774356904113000000,3260
workspaceModel.workspaceFileIndexData.visitFileSets.ms,1774356844308000000,1774356904113000000,15
workspaceModel.workspaceFileIndexData.getDirectoriesByPackageName.ms,1774356844308000000,1774356904113000000,0
workspaceModel.workspaceFileIndexContributor.registerFileSets.ms,1774356844308000000,1774356904113000000,2
workspaceModel.to.snapshot.ms,1774356844308000000,1774356904113000000,0
workspaceModel.workspaceFileIndexData.processFileSets.ms,1774356844308000000,1774356904113000000,0
workspaceModel.loading.from.cache.ms,1774356844308000000,1774356904113000000,0
workspaceModel.cachedValueWithParameters.clear.count,1774356844308000000,1774356904113000000,0
workspaceModel.workspaceFileIndexData.getFileInfo.ms,1774356844308000000,1774356904113000000,95
workspaceModel.workspaceFileIndexData.onEntitiesChanged.ms,1774356844308000000,1774356904113000000,3
workspaceModel.updates.precise.ms,1774356844308000000,1774356904113000000,6
workspaceModel.cachedValue.from.cache.count,1774356844308000000,1774356904113000000,3186
workspaceModel.cachedValueWithParameters.from.cache.count,1774356844308000000,1774356904113000000,0
workspaceModel.collect.changes.ms,1774356844308000000,1774356904113000000,1
workspaceModel.cachedValueWithParameters.total.get.count,1774356844308000000,1774356904113000000,0
workspaceModel.replace.project.model.ms,1774356844308000000,1774356904113000000,20
workspaceModel.cachedValue.calculated.count,1774356844308000000,1774356904113000000,74
workspaceModel.workspaceFileIndexData.getPackageName.ms,1774356844308000000,1774356904113000000,0
workspaceModel.entityStorageSnapshotImpl.instances.count,1774356844308000000,1774356904113000000,17
workspaceModel.moduleBridgeLoader.loading.modules.ms,1774356844308000000,1774356904113000000,0
workspaceModel.mutableEntityStorage.has.same.entities.ms,1774356844308000000,1774356904113000000,0
workspaceModel.mutableEntityStorage.add.entity.ms,1774356844308000000,1774356904113000000,17
workspaceModel.mutableEntityStorage.mutable.vfurl.index.ms,1774356844308000000,1774356904113000000,0
workspaceModel.do.save.caches.ms,1774356844308000000,1774356904113000000,23
jps.global.handle.changed.events.ms,1774356844308000000,1774356904113000000,0
jps.modifiable.module.model.bridge.new.module.ms,1774356844308000000,1774356904113000000,3
jps.module.iml.entities.serializer.save.entities.ms,1774356844308000000,1774356904113000000,0
workspaceModel.load.cache.metadata.from.file.ms,1774356844308000000,1774356904113000000,0
workspaceModel.mutableEntityStorage.modify.entity.ms,1774356844308000000,1774356904113000000,12
jps.facet.change.listener.init.bridge.ms,1774356844308000000,1774356904113000000,0
jps.reload.project.entities.ms,1774356844308000000,1774356904113000000,0
workspaceModel.mutableEntityStorage.changeLog.addReplaceEventForRemovedChild.ms,1774356844308000000,1774356904113000000,0
workspaceModel.sync.entities.ms,1774356844308000000,1774356904113000000,0
workspaceModel.moduleManagerBridge.create.module.instance.ms,1774356844308000000,1774356904113000000,0
workspaceModel.mutableEntityStorage.changeLog.addReplaceEventForNewChild.ms,1774356844308000000,1774356904113000000,0
workspaceModel.mutableEntityStorage.resolve.ms,1774356844308000000,1774356904113000000,2
jps.module.iml.entities.serializer.load.entities.ms,1774356844308000000,1774356904113000000,0
workspaceModel.orphan.listener.update.ms,1774356844308000000,1774356904113000000,5
jps.global.get.library.by.name.ms,1774356844308000000,1774356904113000000,0
workspaceModel.moduleBridge.before.changed.ms,1774356844308000000,1774356904113000000,0
workspaceModel.mutableEntityStorage.to.snapshot.ms,1774356844308000000,1774356904113000000,0
workspaceModel.mutableEntityStorage.collect.changes.ms,1774356844308000000,1774356904113000000,1
workspaceModel.global.updates.ms,1774356844308000000,1774356904113000000,0
workspaceModel.mutableEntityStorage.hasReferrers.ms,1774356844308000000,1774356904113000000,0
jps.load.project.to.empty.storage.ms,1774356844308000000,1774356904113000000,0
jps.app.storage.content.reader.load.component.ms,1774356844308000000,1774356904113000000,0
workspaceModel.moduleManagerBridge.get.modules.ms,1774356844308000000,1774356904113000000,1
workspaceModel.moduleBridge.update.option.ms,1774356844308000000,1774356904113000000,0
jps.modifiable.module.model.bridge.disposing.ms,1774356844308000000,1774356904113000000,0
jps.load.initial.state.ms,1774356844308000000,1774356904113000000,0
workspaceModel.mutableEntityStorage.entities.by.source.ms,1774356844308000000,1774356904113000000,0
workspaceModel.mutableEntityStorage.referrers.ms,1774356844308000000,1774356904113000000,0
workspaceModel.mutableEntityStorage.replace.by.source.ms,1774356844308000000,1774356904113000000,8
jps.modifiable.module.model.bridge.renaming.ms,1774356844308000000,1774356904113000000,0
jps.modifiable.module.model.bridge.load.module.ms,1774356844308000000,1774356904113000000,0
workspaceModel.moduleManagerBridge.newModule.ms,1774356844308000000,1774356904113000000,0
workspaceModel.moduleManagerBridge.build.module.graph.ms,1774356844308000000,1774356904113000000,0
workspaceModel.mutableEntityStorage.changeLog.addReplaceEventForRemovedParent.ms,1774356844308000000,1774356904113000000,0
workspaceModel.mutableEntityStorage.entities.ms,1774356844308000000,1774356904113000000,0
jps.global.handle.before.change.events.ms,1774356844308000000,1774356904113000000,0
jps.project.serializers.load.ms,1774356844308000000,1774356904113000000,0
workspaceModel.moduleManagerBridge.new.nonPersistent.module.ms,1774356844308000000,1774356904113000000,0
workspaceModel.mutableEntityStorage.mutable.ext.mapping.ms,1774356844308000000,1774356904113000000,0
workspaceModel.load.cache.from.file.ms,1774356844308000000,1774356904113000000,0
workspaceModel.moduleManagerBridge.load.all.modules.ms,1774356844308000000,1774356904113000000,0
jps.global.get.library.ms,1774356844308000000,1774356904113000000,0
jps.library.entities.serializer.save.entities.ms,1774356844308000000,1774356904113000000,0
workspaceModel.global.apply.state.to.project.ms,1774356844308000000,1774356904113000000,0
jps.save.global.entities.ms,1774356844308000000,1774356904113000000,0
workspaceModel.delayed.project.synchronizer.sync.ms,1774356844308000000,1774356904113000000,0
workspaceModel.global.updates.count,1774356844308000000,1774356904113000000,0
jps.artifact.entities.serializer.load.entities.ms,1774356844308000000,1774356904113000000,0
workspaceModel.moduleManagerBridge.set.unloadedModules.ms,1774356844308000000,1774356904113000000,0
jps.facet.change.listener.process.change.events.ms,1774356844308000000,1774356904113000000,0
workspaceModel.mutableEntityStorage.apply.changes.from.ms,1774356844308000000,1774356904113000000,6
workspaceModel.moduleManagerBridge.load.module.ms,1774356844308000000,1774356904113000000,0
jps.storage.jps.conf.reader.load.component.ms,1774356844308000000,1774356904113000000,0
jps.module.dependency.index.workspace.model.listener.on.changed.ms,1774356844308000000,1774356904113000000,1
jps.global.initialize.library.bridges.ms,1774356844308000000,1774356904113000000,0
jps.global.get.libraries.ms,1774356844308000000,1774356904113000000,0
workspaceModel.mutableEntityStorage.remove.entity.ms,1774356844308000000,1774356904113000000,2
workspaceModel.save.cache.to.file.ms,1774356844308000000,1774356904113000000,21
jps.project.serializers.save.ms,1774356844308000000,1774356904113000000,0
workspaceModel.moduleBridge.facet.initialization.ms,1774356844308000000,1774356904113000000,0
jps.facet.change.listener.before.change.events.ms,1774356844308000000,1774356904113000000,0
jps.save.changed.project.entities.ms,1774356844308000000,1774356904113000000,0
jps.library.entities.serializer.load.entities.ms,1774356844308000000,1774356904113000000,0
workspaceModel.mutableEntityStorage.instances.count,1774356844308000000,1774356904113000000,24
jps.artifact.entities.serializer.save.entities.ms,1774356844308000000,1774356904113000000,0
workspaceModel.mutableEntityStorage.changeLog.addReplaceEventForNewParent.ms,1774356844308000000,1774356904113000000,0
workspaceModel.global.apply.state.to.project.builder.ms,1774356844308000000,1774356904113000000,0
jps.global.initialize.library.bridges.after.loading.ms,1774356844308000000,1774356904113000000,0
workspaceModel.mutableEntityStorage.put.entity.ms,1774356844308000000,1774356904113000000,7
jps.apply.loaded.storage.ms,1774356844308000000,1774356904113000000,0
VFS.rootsCount,1774356844308000000,1774356904113000000,210.0
VFS.cache.segmentsCreated,1774356844308000000,1774356904113000000,14
VFS.cache.filesCreated,1774356844308000000,1774356904113000000,69273
VFS.contentStorage.recordsUncompressedSize,1774356844308000000,1774356904113000000,7387
VFS.contentStorage.recordsDecompressionTimeUs,1774356844308000000,1774356904113000000,0
VFS.fileChildByName,1774356844308000000,1774356904113000000,12935
VFS.contentStorage.recordsReadDecompressed,1774356844308000000,1774356904113000000,0
VFS.fileByIdCache.misses,1774356844308000000,1774356904113000000,15
VFS.contentStorage.recordsDeduplicated,1774356844308000000,1774356904113000000,7
VFS.cache.segments,1774356844308000000,1774356904113000000,194.0
FileNameCache.totalMisses,1774356844308000000,1774356904113000000,5696
VFS.invertedFileNameIndex.requests,1774356844308000000,1774356904113000000,12
VFS.contentStorage.recordsStoredSize,1774356844308000000,1774356904113000000,7387
VFS.contentStorage.recordsStoredCompressed,1774356844308000000,1774356904113000000,0
VFS.fileByIdCache.hits,1774356844308000000,1774356904113000000,1
VFS.contentStorage.recordsStored,1774356844308000000,1774356904113000000,23
VFS.folderCaseSensitivityReads,1774356844308000000,1774356904113000000,126
VFS.contentStorage.recordsRead,1774356844308000000,1774356904113000000,12
VFS.cache.directoriesCreated,1774356844308000000,1774356904113000000,641
VFS.contentStorage.recordsReadSize,1774356844308000000,1774356904113000000,30002
FileNameCache.queries,1774356844308000000,1774356904113000000,1397312
cacheStateStorage.set.duration,1774356844308000000,1774356904113000000,0
cacheStateStorage.get.counter,1774356844308000000,1774356904113000000,0
cacheStateStorage.get.duration,1774356844308000000,1774356904113000000,0
cacheStateStorage.set.counter,1774356844308000000,1774356904113000000,0
compiler.ArtifactManagerBridge.dropMappings.ms,1774356844308000000,1774356904113000000,0
compiler.ArtifactManagerBridge.addArtifact.ms,1774356844308000000,1774356904113000000,0
compiler.ArtifactModifiableModelBridge.getArtifacts.ms,1774356844308000000,1774356904113000000,0
compiler.ArtifactManagerBridge.commit.ms,1774356844308000000,1774356904113000000,4
compiler.ArtifactVirtualFileListener.propertyChanged.ms,1774356844308000000,1774356904113000000,0
compiler.ArtifactModifiableModelBridge.commit.ms,1774356844308000000,1774356904113000000,4
compiler.ArtifactModifiableModelBridge.dispose.ms,1774356844308000000,1774356904113000000,0
compiler.ArtifactManagerBridge.getArtifacts.ms,1774356844308000000,1774356904113000000,0
compiler.ArtifactManagerBridge.findArtifact.ms,1774356844308000000,1774356904113000000,0
compiler.ArtifactModifiableModelBridge.findArtifacts.ms,1774356844308000000,1774356904113000000,0
compiler.ArtifactModifiableModelBridge.addArtifact.ms,1774356844308000000,1774356904113000000,0
compiler.ArtifactManagerBridge.initBridges.ms,1774356844308000000,1774356904113000000,0
compiler.ArtifactVirtualFileListener.filePathChanged.ms,1774356844308000000,1774356904113000000,0
compiler.ArtifactManagerBridge.getArtifactsByType.ms,1774356844308000000,1774356904113000000,0
compiler.ArtifactModifiableModelBridge.getArtifactsByType.ms,1774356844308000000,1774356904113000000,0
AWTEventQueue.dispatchTimeAvgNs,1774356844308000000,1774356904113000000,142908.0
FlushQueue.queueSizeMax,1774356844308000000,1774356904113000000,0
ReadAction.executionsCount,1774356844308000000,1774356904113000000,193759
FlushQueue.queueSizeAvg,1774356844308000000,1774356904113000000,0.0
FlushQueue.waitingTimeAvgNs,1774356844308000000,1774356904113000000,63360.0
AWTEventQueue.dispatchTimeTotalNS,1774356844308000000,1774356904113000000,553106098
NonBlockingReadAction.finalizedExecutionTimeUs,1774356844308000000,1774356904113000000,70360
FlushQueue.queueSize90P,1774356844308000000,1774356904113000000,0
NonBlockingReadAction.finalizedExecutionsCount,1774356844308000000,1774356904113000000,42
FlushQueue.waitingTime90PNs,1774356844308000000,1774356904113000000,63487
FlushQueue.executionTimeMaxNs,1774356844308000000,1774356904113000000,223231
NonBlockingReadAction.failedExecutionsCount,1774356844308000000,1774356904113000000,1
AWTEventQueue.dispatchTime90PNs,1774356844308000000,1774356904113000000,284671
FlushQueue.tasksExecuted,1774356844308000000,1774356904113000000,1
FlushQueue.executionTimeAvgNs,1774356844308000000,1774356904113000000,222720.0
FlushQueue.executionTime90PNs,1774356844308000000,1774356904113000000,223231
AWTEventQueue.dispatchTimeMaxNs,1774356844308000000,1774356904113000000,284671
WriteAction.executionsCount,1774356844308000000,1774356904113000000,25
FlushQueue.waitingTimeMaxNs,1774356844308000000,1774356904113000000,63487
NonBlockingReadAction.failedExecutionTimeUs,1774356844308000000,1774356904113000000,26649
AWTEventQueue.eventsDispatched,1774356844308000000,1774356904113000000,2
MappedFileStorage.totalTimeSpentOnMappingUs,1774356844308000000,1774356904113000000,272255
MappedFileStorage.storages,1774356844308000000,1774356904113000000,16
FilePageCache.pageLoadsAboveSizeThreshold,1774356844308000000,1774356904113000000,0
StreamlinedBlobStorage.recordsRelocated,1774356844308000000,1774356904113000000,0
FilePageCache.disposedBuffers,1774356844308000000,1774356904113000000,0
FileChannelInterruptsRetryer.totalRetriedAttempts,1774356844308000000,1774356904113000000,0
DirectByteBufferAllocator.totalSizeOfBuffersAllocatedInBytes,1774356844308000000,1774356904113000000,617611264
StreamlinedBlobStorage.totalLiveRecordsPayloadBytes,1774356844308000000,1774356904113000000,193209
DirectByteBufferAllocator.misses,1774356844308000000,1774356904113000000,236
StorageLockContext.competingThreads.avg,1774356844308000000,1774356904113000000,0.0
StreamlinedBlobStorage.recordsDeleted,1774356844308000000,1774356904113000000,5
DirectByteBufferAllocator.totalSizeOfBuffersCachedInBytes,1774356844308000000,1774356904113000000,0
FilePageCache.uncachedFileAccess,1774356844308000000,1774356904113000000,712
FilePageCache.totalPageLoadsUs,1774356844308000000,1774356904113000000,124546
StorageLockContext.competingThreads.90P,1774356844308000000,1774356904113000000,0
MappedFileStorage.totalBytesMapped,1774356844308000000,1774356904113000000,202637312
FilePageCache.pageFastCacheHits,1774356844308000000,1774356904113000000,2157317
StreamlinedBlobStorage.recordsAllocated,1774356844308000000,1774356904113000000,15194
MappedFileStorage.totalPagesMapped,1774356844308000000,1774356904113000000,16
StreamlinedBlobStorage.totalLiveRecordsCapacityBytes,1774356844308000000,1774356904113000000,1067284
FilePageCache.capacityInBytes,1774356844308000000,1774356904113000000,629145600
FilePageCache.pageLoads,1774356844308000000,1774356904113000000,236
FilePageCache.pageHits,1774356844308000000,1774356904113000000,186682
DirectByteBufferAllocator.disposed,1774356844308000000,1774356904113000000,0
DirectByteBufferAllocator.reclaimed,1774356844308000000,1774356904113000000,0
FilePageCache.maxCacheSizeInBytes,1774356844308000000,1774356904113000000,617611264
FilePageCache.maxRegisteredFiles,1774356844308000000,1774356904113000000,791
DirectByteBufferAllocator.hits,1774356844308000000,1774356904113000000,0
StorageLockContext.competingThreads.max,1774356844308000000,1774356904113000000,0
FilePageCache.totalPageDisposalsUs,1774356844308000000,1774356904113000000,59
JVM.totalTimeAtSafepointsMs,1774356844308000000,1774356904113000000,94
JVM.totalSafepointCount,1774356844308000000,1774356904113000000,4
JVM.GC.collections,1774356844308000000,1774356904113000000,4
JVM.newThreadsCount,1774356844308000000,1774356904113000000,27
OS.loadAverage,1774356844308000000,1774356904113000000,2.87841796875
MEM.fileMappingsRamBytes,1774356844308000000,1774356904113000000,772673536
JVM.totalTimeToSafepointsMs,1774356844308000000,1774356904113000000,0
JVM.usedHeapBytes,1774356844308000000,1774356904113000000,622484536
JVM.totalDirectByteBuffersBytes,1774356844308000000,1774356904113000000,617664513
JVM.committedHeapBytes,1774356844308000000,1774356904113000000,1828716544
JVM.totalCpuTimeMs,1774356844308000000,1774356904113000000,33140
JVM.GC.collectionTimesMs,1774356844308000000,1774356904113000000,92
MEM.ramMinusFileMappingsBytes,1774356844308000000,1774356904113000000,3106619392
JVM.totalBytesAllocated,1774356844308000000,1774356904113000000,3795209144
JVM.maxHeapBytes,1774356844308000000,1774356904113000000,28840034304
MEM.ramPlusSwapMinusFileMappingsBytes,1774356844308000000,1774356904113000000,3106619392
JVM.threadCount,1774356844308000000,1774356904113000000,135
MEM.ramBytes,1774356844308000000,1774356904113000000,3879292928
JVM.usedNativeBytes,1774356844308000000,1774356904113000000,425398640
JVM.maxThreadCount,1774356844308000000,1774356904113000000,254
DiskQueryRelay.taskWaitingTotalTimeUs,1774356844308000000,1774356904113000000,5494195
parser.ECMAScript.6.size.bytes,1774356844308000000,1774356904113000000,3001279
parser.XML.time.ns,1774356844308000000,1774356904113000000,17
lexer.ECMAScript.6.time.ns,1774356844308000000,1774356904113000000,16190917
parser.ECMAScript.6.time.ns,1774356844308000000,1774356904113000000,174940526
lexer.Groovy.size.bytes,1774356844308000000,1774356904113000000,11991
DiskQueryRelay.taskExecutionTotalTimeUs,1774356844308000000,1774356904113000000,3413131
lexer.ECMAScript.6.size.bytes,1774356844308000000,1774356904113000000,833867
lexer.Lombok.Config.time.ns,1774356844308000000,1774356904113000000,354000
writeAction.count,1774356844308000000,1774356904113000000,25
parser.Markdown.time.ns,1774356844308000000,1774356904113000000,126017013
writeAction.median.wait.ms,1774356844308000000,1774356904113000000,200
parser.XML.size.bytes,1774356844308000000,1774356904113000000,39199
parser.JAVA.time.ns,1774356844308000000,1774356904113000000,233865865
lexer.Markdown.size.bytes,1774356844308000000,1774356904113000000,261761
parser.CSS.time.ns,1774356844308000000,1774356904113000000,255035720
lexer.Markdown.time.ns,1774356844308000000,1774356904113000000,127421834
lexer.CSS.size.bytes,1774356844308000000,1774356904113000000,2884480
lexer.Lombok.Config.size.bytes,1774356844308000000,1774356904113000000,137
DiskQueryRelay.tasksExecuted,1774356844308000000,1774356904113000000,26762
lexer.HTML.size.bytes,1774356844308000000,1774356904113000000,1654531
lexer.XML.size.bytes,1774356844308000000,1774356904113000000,39199
parser.Groovy.time.ns,1774356844308000000,1774356904113000000,70454289
lexer.JAVA.size.bytes,1774356844308000000,1774356904113000000,326625
parser.Lombok.Config.size.bytes,1774356844308000000,1774356904113000000,137
parser.JAVA.size.bytes,1774356844308000000,1774356904113000000,474176
lexer.JAVA.time.ns,1774356844308000000,1774356904113000000,32494828
writeAction.max.wait.ms,1774356844308000000,1774356904113000000,79
parser.Lombok.Config.time.ns,1774356844308000000,1774356904113000000,210917
parser.Markdown.size.bytes,1774356844308000000,1774356904113000000,261761
lexer.XML.time.ns,1774356844308000000,1774356904113000000,5814625
parser.HTML.size.bytes,1774356844308000000,1774356904113000000,1654531
parser.HTML.time.ns,1774356844308000000,1774356904113000000,176193500
lexer.Groovy.time.ns,1774356844308000000,1774356904113000000,1375253
lexer.CSS.time.ns,1774356844308000000,1774356904113000000,80486335
lexer.HTML.time.ns,1774356844308000000,1774356904113000000,770745626
LowMemory.gcLoad,1774356844308000000,1774356904113000000,0.0
DiskQueryRelay.tasksRequested,1774356844308000000,1774356904113000000,26763
parser.CSS.size.bytes,1774356844308000000,1774356904113000000,2884480
writeAction.wait.ms,1774356844308000000,1774356904113000000,13
LowMemory.gcOverloaded,1774356844308000000,1774356904113000000,0
parser.Groovy.size.bytes,1774356844308000000,1774356904113000000,11991
Indexes.allKeys.lookupDurationMaxMs,1774356904113000000,1774356964112000000,0.0
Indexes.allKeys.lookupDurationAvgMs,1774356904113000000,1774356964112000000,0.0
Indexes.stubs.lookupDurationMaxMs,1774356904113000000,1774356964112000000,0.0
Indexing.writesQueuedMin,1774356904113000000,1774356964112000000,9223372036854775807
Indexing.writer_3.totalTimeSpentWritingMs,1774356904113000000,1774356964112000000,116
Indexes.entries.lookupDurationMaxMs,1774356904113000000,1774356964112000000,0.0
Indexing.writer_2.totalTimeSpentWritingMs,1774356904113000000,1774356964112000000,110
Indexing.writer_0.totalTimeSpentWritingMs,1774356904113000000,1774356964112000000,42
Indexes.allKeys.lookupDuration90PMs,1774356904113000000,1774356964112000000,0.0
Indexes.allKeys.lookups,1774356904113000000,1774356964112000000,0
Indexes.entries.lookups,1774356904113000000,1774356964112000000,0
Indexing.totalTimeIndexersSleptMs,1774356904113000000,1774356964112000000,0
Indexing.cache.totalCacheMisses,1774356904113000000,1774356964112000000,53545
Indexes.stubs.lookupDurationAvgMs,1774356904113000000,1774356964112000000,0.0
Indexes.stubs.lookupDuration90PMs,1774356904113000000,1774356964112000000,0.0
Indexing.writer_1.totalTimeSpentWritingMs,1774356904113000000,1774356964112000000,49
Indexes.stubs.lookups,1774356904113000000,1774356964112000000,0
Indexing.cache.totalCacheEvicted,1774356904113000000,1774356964112000000,31661
Indexing.cache.totalCacheAccesses,1774356904113000000,1774356964112000000,184801
Indexing.writesQueuedMax,1774356904113000000,1774356964112000000,0
Indexes.entries.lookupDuration90PMs,1774356904113000000,1774356964112000000,0.0
Indexes.entries.lookupDurationAvgMs,1774356904113000000,1774356964112000000,0.0
workspaceModel.workspaceFileIndexData.updateDirtyEntities.ms,1774356904113000000,1774356964112000000,77
workspaceModel.update.unloaded.entities.ms,1774356904113000000,1774356964112000000,0
workspaceModel.check.recursive.update.ms,1774356904113000000,1774356964112000000,0
workspaceModel.on.changed.ms,1774356904113000000,1774356964112000000,6
workspaceModel.pre.handlers.ms,1774356904113000000,1774356964112000000,0
workspaceModel.cachedValue.clear.count,1774356904113000000,1774356964112000000,0
workspaceModel.updates.ms,1774356904113000000,1774356964112000000,0
workspaceModel.loading.total.ms,1774356904113000000,1774356964112000000,0
workspaceModel.on.before.changed.ms,1774356904113000000,1774356964112000000,2
workspaceModel.workspaceFileIndexData.init.ms,1774356904113000000,1774356964112000000,0
workspaceModel.init.bridges.ms,1774356904113000000,1774356964112000000,5
workspaceModel.workspaceFileIndexData.instances.count,1774356904113000000,1774356964112000000,0
workspaceModel.cachedValueWithParameters.calculated.count,1774356904113000000,1774356964112000000,0
workspaceModel.full.replace.project.model.ms,1774356904113000000,1774356964112000000,0
workspaceModel.updates.count,1774356904113000000,1774356964112000000,0
workspaceModel.initializing.ms,1774356904113000000,1774356964112000000,0
workspaceModel.workspaceFileIndexData.markDirty.ms,1774356904113000000,1774356964112000000,0
workspaceModel.cachedValue.total.get.count,1774356904113000000,1774356964112000000,3935
workspaceModel.workspaceFileIndexData.visitFileSets.ms,1774356904113000000,1774356964112000000,0
workspaceModel.workspaceFileIndexData.getDirectoriesByPackageName.ms,1774356904113000000,1774356964112000000,0
workspaceModel.workspaceFileIndexContributor.registerFileSets.ms,1774356904113000000,1774356964112000000,169
workspaceModel.to.snapshot.ms,1774356904113000000,1774356964112000000,0
workspaceModel.workspaceFileIndexData.processFileSets.ms,1774356904113000000,1774356964112000000,0
workspaceModel.loading.from.cache.ms,1774356904113000000,1774356964112000000,0
workspaceModel.cachedValueWithParameters.clear.count,1774356904113000000,1774356964112000000,0
workspaceModel.workspaceFileIndexData.getFileInfo.ms,1774356904113000000,1774356964112000000,37
workspaceModel.workspaceFileIndexData.onEntitiesChanged.ms,1774356904113000000,1774356964112000000,20
workspaceModel.updates.precise.ms,1774356904113000000,1774356964112000000,0
workspaceModel.cachedValue.from.cache.count,1774356904113000000,1774356964112000000,3792
workspaceModel.cachedValueWithParameters.from.cache.count,1774356904113000000,1774356964112000000,0
workspaceModel.collect.changes.ms,1774356904113000000,1774356964112000000,0
workspaceModel.cachedValueWithParameters.total.get.count,1774356904113000000,1774356964112000000,0
workspaceModel.replace.project.model.ms,1774356904113000000,1774356964112000000,32
workspaceModel.cachedValue.calculated.count,1774356904113000000,1774356964112000000,143
workspaceModel.workspaceFileIndexData.getPackageName.ms,1774356904113000000,1774356964112000000,0
workspaceModel.entityStorageSnapshotImpl.instances.count,1774356904113000000,1774356964112000000,5
workspaceModel.moduleBridgeLoader.loading.modules.ms,1774356904113000000,1774356964112000000,0
workspaceModel.mutableEntityStorage.has.same.entities.ms,1774356904113000000,1774356964112000000,0
workspaceModel.mutableEntityStorage.add.entity.ms,1774356904113000000,1774356964112000000,17
workspaceModel.mutableEntityStorage.mutable.vfurl.index.ms,1774356904113000000,1774356964112000000,0
workspaceModel.do.save.caches.ms,1774356904113000000,1774356964112000000,30
jps.global.handle.changed.events.ms,1774356904113000000,1774356964112000000,0
jps.modifiable.module.model.bridge.new.module.ms,1774356904113000000,1774356964112000000,0
jps.module.iml.entities.serializer.save.entities.ms,1774356904113000000,1774356964112000000,0
workspaceModel.load.cache.metadata.from.file.ms,1774356904113000000,1774356964112000000,0
workspaceModel.mutableEntityStorage.modify.entity.ms,1774356904113000000,1774356964112000000,25
jps.facet.change.listener.init.bridge.ms,1774356904113000000,1774356964112000000,0
jps.reload.project.entities.ms,1774356904113000000,1774356964112000000,0
workspaceModel.mutableEntityStorage.changeLog.addReplaceEventForRemovedChild.ms,1774356904113000000,1774356964112000000,1
workspaceModel.sync.entities.ms,1774356904113000000,1774356964112000000,0
workspaceModel.moduleManagerBridge.create.module.instance.ms,1774356904113000000,1774356964112000000,0
workspaceModel.mutableEntityStorage.changeLog.addReplaceEventForNewChild.ms,1774356904113000000,1774356964112000000,1
workspaceModel.mutableEntityStorage.resolve.ms,1774356904113000000,1774356964112000000,0
jps.module.iml.entities.serializer.load.entities.ms,1774356904113000000,1774356964112000000,0
workspaceModel.orphan.listener.update.ms,1774356904113000000,1774356964112000000,0
jps.global.get.library.by.name.ms,1774356904113000000,1774356964112000000,0
workspaceModel.moduleBridge.before.changed.ms,1774356904113000000,1774356964112000000,0
workspaceModel.mutableEntityStorage.to.snapshot.ms,1774356904113000000,1774356964112000000,0
workspaceModel.mutableEntityStorage.collect.changes.ms,1774356904113000000,1774356964112000000,0
workspaceModel.global.updates.ms,1774356904113000000,1774356964112000000,0
workspaceModel.mutableEntityStorage.hasReferrers.ms,1774356904113000000,1774356964112000000,0
jps.load.project.to.empty.storage.ms,1774356904113000000,1774356964112000000,0
jps.app.storage.content.reader.load.component.ms,1774356904113000000,1774356964112000000,0
workspaceModel.moduleManagerBridge.get.modules.ms,1774356904113000000,1774356964112000000,0
workspaceModel.moduleBridge.update.option.ms,1774356904113000000,1774356964112000000,0
jps.modifiable.module.model.bridge.disposing.ms,1774356904113000000,1774356964112000000,0
jps.load.initial.state.ms,1774356904113000000,1774356964112000000,0
workspaceModel.mutableEntityStorage.entities.by.source.ms,1774356904113000000,1774356964112000000,0
workspaceModel.mutableEntityStorage.referrers.ms,1774356904113000000,1774356964112000000,0
workspaceModel.mutableEntityStorage.replace.by.source.ms,1774356904113000000,1774356964112000000,18
jps.modifiable.module.model.bridge.renaming.ms,1774356904113000000,1774356964112000000,0
jps.modifiable.module.model.bridge.load.module.ms,1774356904113000000,1774356964112000000,0
workspaceModel.moduleManagerBridge.newModule.ms,1774356904113000000,1774356964112000000,0
workspaceModel.moduleManagerBridge.build.module.graph.ms,1774356904113000000,1774356964112000000,0
workspaceModel.mutableEntityStorage.changeLog.addReplaceEventForRemovedParent.ms,1774356904113000000,1774356964112000000,0
workspaceModel.mutableEntityStorage.entities.ms,1774356904113000000,1774356964112000000,0
jps.global.handle.before.change.events.ms,1774356904113000000,1774356964112000000,0
jps.project.serializers.load.ms,1774356904113000000,1774356964112000000,0
workspaceModel.moduleManagerBridge.new.nonPersistent.module.ms,1774356904113000000,1774356964112000000,0
workspaceModel.mutableEntityStorage.mutable.ext.mapping.ms,1774356904113000000,1774356964112000000,0
workspaceModel.load.cache.from.file.ms,1774356904113000000,1774356964112000000,0
workspaceModel.moduleManagerBridge.load.all.modules.ms,1774356904113000000,1774356964112000000,0
jps.global.get.library.ms,1774356904113000000,1774356964112000000,0
jps.library.entities.serializer.save.entities.ms,1774356904113000000,1774356964112000000,0
workspaceModel.global.apply.state.to.project.ms,1774356904113000000,1774356964112000000,0
jps.save.global.entities.ms,1774356904113000000,1774356964112000000,0
workspaceModel.delayed.project.synchronizer.sync.ms,1774356904113000000,1774356964112000000,0
workspaceModel.global.updates.count,1774356904113000000,1774356964112000000,0
jps.artifact.entities.serializer.load.entities.ms,1774356904113000000,1774356964112000000,0
workspaceModel.moduleManagerBridge.set.unloadedModules.ms,1774356904113000000,1774356964112000000,0
jps.facet.change.listener.process.change.events.ms,1774356904113000000,1774356964112000000,0
workspaceModel.mutableEntityStorage.apply.changes.from.ms,1774356904113000000,1774356964112000000,0
workspaceModel.moduleManagerBridge.load.module.ms,1774356904113000000,1774356964112000000,0
jps.storage.jps.conf.reader.load.component.ms,1774356904113000000,1774356964112000000,0
jps.module.dependency.index.workspace.model.listener.on.changed.ms,1774356904113000000,1774356964112000000,0
jps.global.initialize.library.bridges.ms,1774356904113000000,1774356964112000000,0
jps.global.get.libraries.ms,1774356904113000000,1774356964112000000,0
workspaceModel.mutableEntityStorage.remove.entity.ms,1774356904113000000,1774356964112000000,1
workspaceModel.save.cache.to.file.ms,1774356904113000000,1774356964112000000,28
jps.project.serializers.save.ms,1774356904113000000,1774356964112000000,0
workspaceModel.moduleBridge.facet.initialization.ms,1774356904113000000,1774356964112000000,0
jps.facet.change.listener.before.change.events.ms,1774356904113000000,1774356964112000000,0
jps.save.changed.project.entities.ms,1774356904113000000,1774356964112000000,0
jps.library.entities.serializer.load.entities.ms,1774356904113000000,1774356964112000000,0
workspaceModel.mutableEntityStorage.instances.count,1774356904113000000,1774356964112000000,6
jps.artifact.entities.serializer.save.entities.ms,1774356904113000000,1774356964112000000,0
workspaceModel.mutableEntityStorage.changeLog.addReplaceEventForNewParent.ms,1774356904113000000,1774356964112000000,1
workspaceModel.global.apply.state.to.project.builder.ms,1774356904113000000,1774356964112000000,0
jps.global.initialize.library.bridges.after.loading.ms,1774356904113000000,1774356964112000000,0
workspaceModel.mutableEntityStorage.put.entity.ms,1774356904113000000,1774356964112000000,2
jps.apply.loaded.storage.ms,1774356904113000000,1774356964112000000,0
VFS.rootsCount,1774356904113000000,1774356964112000000,317.0
VFS.cache.segmentsCreated,1774356904113000000,1774356964112000000,56
VFS.cache.filesCreated,1774356904113000000,1774356964112000000,131363
VFS.contentStorage.recordsUncompressedSize,1774356904113000000,1774356964112000000,55426
VFS.contentStorage.recordsDecompressionTimeUs,1774356904113000000,1774356964112000000,118
VFS.fileChildByName,1774356904113000000,1774356964112000000,10675
VFS.contentStorage.recordsReadDecompressed,1774356904113000000,1774356964112000000,1
VFS.fileByIdCache.misses,1774356904113000000,1774356964112000000,0
VFS.contentStorage.recordsDeduplicated,1774356904113000000,1774356964112000000,0
VFS.cache.segments,1774356904113000000,1774356964112000000,247.0
FileNameCache.totalMisses,1774356904113000000,1774356964112000000,27008
VFS.invertedFileNameIndex.requests,1774356904113000000,1774356964112000000,0
VFS.contentStorage.recordsStoredSize,1774356904113000000,1774356964112000000,28978
VFS.contentStorage.recordsStoredCompressed,1774356904113000000,1774356964112000000,1
VFS.fileByIdCache.hits,1774356904113000000,1774356964112000000,2
VFS.contentStorage.recordsStored,1774356904113000000,1774356964112000000,2
VFS.folderCaseSensitivityReads,1774356904113000000,1774356964112000000,277
VFS.contentStorage.recordsRead,1774356904113000000,1774356964112000000,3
VFS.cache.directoriesCreated,1774356904113000000,1774356964112000000,1977
VFS.contentStorage.recordsReadSize,1774356904113000000,1774356964112000000,67632
FileNameCache.queries,1774356904113000000,1774356964112000000,1187008
cacheStateStorage.set.duration,1774356904113000000,1774356964112000000,0
cacheStateStorage.get.counter,1774356904113000000,1774356964112000000,0
cacheStateStorage.get.duration,1774356904113000000,1774356964112000000,0
cacheStateStorage.set.counter,1774356904113000000,1774356964112000000,0
compiler.ArtifactManagerBridge.dropMappings.ms,1774356904113000000,1774356964112000000,0
compiler.ArtifactManagerBridge.addArtifact.ms,1774356904113000000,1774356964112000000,0
compiler.ArtifactModifiableModelBridge.getArtifacts.ms,1774356904113000000,1774356964112000000,0
compiler.ArtifactManagerBridge.commit.ms,1774356904113000000,1774356964112000000,0
compiler.ArtifactVirtualFileListener.propertyChanged.ms,1774356904113000000,1774356964112000000,0
compiler.ArtifactModifiableModelBridge.commit.ms,1774356904113000000,1774356964112000000,4
compiler.ArtifactModifiableModelBridge.dispose.ms,1774356904113000000,1774356964112000000,0
compiler.ArtifactManagerBridge.getArtifacts.ms,1774356904113000000,1774356964112000000,0
compiler.ArtifactManagerBridge.findArtifact.ms,1774356904113000000,1774356964112000000,0
compiler.ArtifactModifiableModelBridge.findArtifacts.ms,1774356904113000000,1774356964112000000,0
compiler.ArtifactModifiableModelBridge.addArtifact.ms,1774356904113000000,1774356964112000000,0
compiler.ArtifactManagerBridge.initBridges.ms,1774356904113000000,1774356964112000000,0
compiler.ArtifactVirtualFileListener.filePathChanged.ms,1774356904113000000,1774356964112000000,0
compiler.ArtifactManagerBridge.getArtifactsByType.ms,1774356904113000000,1774356964112000000,0
compiler.ArtifactModifiableModelBridge.getArtifactsByType.ms,1774356904113000000,1774356964112000000,0
AWTEventQueue.dispatchTimeAvgNs,1774356904113000000,1774356964112000000,0.0
FlushQueue.queueSizeMax,1774356904113000000,1774356964112000000,0
ReadAction.executionsCount,1774356904113000000,1774356964112000000,66875
FlushQueue.queueSizeAvg,1774356904113000000,1774356964112000000,0.0
FlushQueue.waitingTimeAvgNs,1774356904113000000,1774356964112000000,0.0
AWTEventQueue.dispatchTimeTotalNS,1774356904113000000,1774356964112000000,257073705
NonBlockingReadAction.finalizedExecutionTimeUs,1774356904113000000,1774356964112000000,24113
FlushQueue.queueSize90P,1774356904113000000,1774356964112000000,0
NonBlockingReadAction.finalizedExecutionsCount,1774356904113000000,1774356964112000000,5
FlushQueue.waitingTime90PNs,1774356904113000000,1774356964112000000,0
FlushQueue.executionTimeMaxNs,1774356904113000000,1774356964112000000,0
NonBlockingReadAction.failedExecutionsCount,1774356904113000000,1774356964112000000,1
AWTEventQueue.dispatchTime90PNs,1774356904113000000,1774356964112000000,0
FlushQueue.tasksExecuted,1774356904113000000,1774356964112000000,0
FlushQueue.executionTimeAvgNs,1774356904113000000,1774356964112000000,0.0
FlushQueue.executionTime90PNs,1774356904113000000,1774356964112000000,0
AWTEventQueue.dispatchTimeMaxNs,1774356904113000000,1774356964112000000,0
WriteAction.executionsCount,1774356904113000000,1774356964112000000,12
FlushQueue.waitingTimeMaxNs,1774356904113000000,1774356964112000000,0
NonBlockingReadAction.failedExecutionTimeUs,1774356904113000000,1774356964112000000,1154
AWTEventQueue.eventsDispatched,1774356904113000000,1774356964112000000,0
MappedFileStorage.totalTimeSpentOnMappingUs,1774356904113000000,1774356964112000000,272255
MappedFileStorage.storages,1774356904113000000,1774356964112000000,16
FilePageCache.pageLoadsAboveSizeThreshold,1774356904113000000,1774356964112000000,0
StreamlinedBlobStorage.recordsRelocated,1774356904113000000,1774356964112000000,0
FilePageCache.disposedBuffers,1774356904113000000,1774356964112000000,0
FileChannelInterruptsRetryer.totalRetriedAttempts,1774356904113000000,1774356964112000000,0
DirectByteBufferAllocator.totalSizeOfBuffersAllocatedInBytes,1774356904113000000,1774356964112000000,617611264
StreamlinedBlobStorage.totalLiveRecordsPayloadBytes,1774356904113000000,1774356964112000000,84037
DirectByteBufferAllocator.misses,1774356904113000000,1774356964112000000,0
StorageLockContext.competingThreads.avg,1774356904113000000,1774356964112000000,0.0
StreamlinedBlobStorage.recordsDeleted,1774356904113000000,1774356964112000000,1
DirectByteBufferAllocator.totalSizeOfBuffersCachedInBytes,1774356904113000000,1774356964112000000,0
FilePageCache.uncachedFileAccess,1774356904113000000,1774356964112000000,0
FilePageCache.totalPageLoadsUs,1774356904113000000,1774356964112000000,0
StorageLockContext.competingThreads.90P,1774356904113000000,1774356964112000000,0
MappedFileStorage.totalBytesMapped,1774356904113000000,1774356964112000000,202637312
FilePageCache.pageFastCacheHits,1774356904113000000,1774356964112000000,78986
StreamlinedBlobStorage.recordsAllocated,1774356904113000000,1774356964112000000,5710
MappedFileStorage.totalPagesMapped,1774356904113000000,1774356964112000000,16
StreamlinedBlobStorage.totalLiveRecordsCapacityBytes,1774356904113000000,1774356964112000000,412966
FilePageCache.capacityInBytes,1774356904113000000,1774356964112000000,629145600
FilePageCache.pageLoads,1774356904113000000,1774356964112000000,0
FilePageCache.pageHits,1774356904113000000,1774356964112000000,3582
DirectByteBufferAllocator.disposed,1774356904113000000,1774356964112000000,0
DirectByteBufferAllocator.reclaimed,1774356904113000000,1774356964112000000,0
FilePageCache.maxCacheSizeInBytes,1774356904113000000,1774356964112000000,617611264
FilePageCache.maxRegisteredFiles,1774356904113000000,1774356964112000000,791
DirectByteBufferAllocator.hits,1774356904113000000,1774356964112000000,0
StorageLockContext.competingThreads.max,1774356904113000000,1774356964112000000,0
FilePageCache.totalPageDisposalsUs,1774356904113000000,1774356964112000000,0
JVM.totalTimeAtSafepointsMs,1774356904113000000,1774356964112000000,0
JVM.totalSafepointCount,1774356904113000000,1774356964112000000,0
JVM.GC.collections,1774356904113000000,1774356964112000000,0
JVM.newThreadsCount,1774356904113000000,1774356964112000000,51
OS.loadAverage,1774356904113000000,1774356964112000000,3.5439453125
MEM.fileMappingsRamBytes,1774356904113000000,1774356964112000000,775643136
JVM.totalTimeToSafepointsMs,1774356904113000000,1774356964112000000,0
JVM.usedHeapBytes,1774356904113000000,1774356964112000000,1528454200
JVM.totalDirectByteBuffersBytes,1774356904113000000,1774356964112000000,618336257
JVM.committedHeapBytes,1774356904113000000,1774356964112000000,1828716544
JVM.totalCpuTimeMs,1774356904113000000,1774356964112000000,10160
JVM.GC.collectionTimesMs,1774356904113000000,1774356964112000000,0
MEM.ramMinusFileMappingsBytes,1774356904113000000,1774356964112000000,3106959360
JVM.totalBytesAllocated,1774356904113000000,1774356964112000000,856986416
JVM.maxHeapBytes,1774356904113000000,1774356964112000000,28840034304
MEM.ramPlusSwapMinusFileMappingsBytes,1774356904113000000,1774356964112000000,3106959360
JVM.threadCount,1774356904113000000,1774356964112000000,103
MEM.ramBytes,1774356904113000000,1774356964112000000,3882602496
JVM.usedNativeBytes,1774356904113000000,1774356964112000000,432525552
JVM.maxThreadCount,1774356904113000000,1774356964112000000,254
DiskQueryRelay.taskWaitingTotalTimeUs,1774356904113000000,1774356964112000000,3342700
parser.ECMAScript.6.size.bytes,1774356904113000000,1774356964112000000,3397
parser.XML.time.ns,1774356904113000000,1774356964112000000,11
parser.ECMAScript.6.time.ns,1774356904113000000,1774356964112000000,5559624
DiskQueryRelay.taskExecutionTotalTimeUs,1774356904113000000,1774356964112000000,2428298
writeAction.count,1774356904113000000,1774356964112000000,12
parser.Markdown.time.ns,1774356904113000000,1774356964112000000,5135791
writeAction.median.wait.ms,1774356904113000000,1774356964112000000,200
parser.XML.size.bytes,1774356904113000000,1774356964112000000,93632
parser.JAVA.time.ns,1774356904113000000,1774356964112000000,69267633
lexer.Markdown.size.bytes,1774356904113000000,1774356964112000000,9203
parser.CSS.time.ns,1774356904113000000,1774356964112000000,8941513
lexer.Markdown.time.ns,1774356904113000000,1774356964112000000,8857584
lexer.CSS.size.bytes,1774356904113000000,1774356964112000000,34538
DiskQueryRelay.tasksExecuted,1774356904113000000,1774356964112000000,12484
lexer.HTML.size.bytes,1774356904113000000,1774356964112000000,418581
lexer.XML.size.bytes,1774356904113000000,1774356964112000000,93632
lexer.JAVA.size.bytes,1774356904113000000,1774356964112000000,151985
parser.JAVA.size.bytes,1774356904113000000,1774356964112000000,231827
lexer.JAVA.time.ns,1774356904113000000,1774356964112000000,8054875
writeAction.max.wait.ms,1774356904113000000,1774356964112000000,79
parser.Markdown.size.bytes,1774356904113000000,1774356964112000000,9203
lexer.XML.time.ns,1774356904113000000,1774356964112000000,1477625
parser.HTML.size.bytes,1774356904113000000,1774356964112000000,418581
parser.HTML.time.ns,1774356904113000000,1774356964112000000,77453791
lexer.CSS.time.ns,1774356904113000000,1774356964112000000,3104740
lexer.HTML.time.ns,1774356904113000000,1774356964112000000,87071292
LowMemory.gcLoad,1774356904113000000,1774356964112000000,0.0
DiskQueryRelay.tasksRequested,1774356904113000000,1774356964112000000,12485
parser.CSS.size.bytes,1774356904113000000,1774356964112000000,34538
writeAction.wait.ms,1774356904113000000,1774356964112000000,25
LowMemory.gcOverloaded,1774356904113000000,1774356964112000000,0
Indexes.allKeys.lookupDurationMaxMs,1774356964112000000,1774357024128000000,0.0
Indexes.allKeys.lookupDurationAvgMs,1774356964112000000,1774357024128000000,0.0
Indexes.stubs.lookupDurationMaxMs,1774356964112000000,1774357024128000000,0.0
Indexing.writesQueuedMin,1774356964112000000,1774357024128000000,9223372036854775807
Indexing.writer_3.totalTimeSpentWritingMs,1774356964112000000,1774357024128000000,1226
Indexes.entries.lookupDurationMaxMs,1774356964112000000,1774357024128000000,0.0
Indexing.writer_2.totalTimeSpentWritingMs,1774356964112000000,1774357024128000000,1475
Indexing.writer_0.totalTimeSpentWritingMs,1774356964112000000,1774357024128000000,221
Indexes.allKeys.lookupDuration90PMs,1774356964112000000,1774357024128000000,0.0
Indexes.allKeys.lookups,1774356964112000000,1774357024128000000,1
Indexes.entries.lookups,1774356964112000000,1774357024128000000,9
Indexing.totalTimeIndexersSleptMs,1774356964112000000,1774357024128000000,0
Indexing.cache.totalCacheMisses,1774356964112000000,1774357024128000000,529918
Indexes.stubs.lookupDurationAvgMs,1774356964112000000,1774357024128000000,0.0
Indexes.stubs.lookupDuration90PMs,1774356964112000000,1774357024128000000,0.0
Indexing.writer_1.totalTimeSpentWritingMs,1774356964112000000,1774357024128000000,172
Indexes.stubs.lookups,1774356964112000000,1774357024128000000,0
Indexing.cache.totalCacheEvicted,1774356964112000000,1774357024128000000,551802
Indexing.cache.totalCacheAccesses,1774356964112000000,1774357024128000000,1013214
Indexing.writesQueuedMax,1774356964112000000,1774357024128000000,0
Indexes.entries.lookupDuration90PMs,1774356964112000000,1774357024128000000,0.0
Indexes.entries.lookupDurationAvgMs,1774356964112000000,1774357024128000000,0.0
workspaceModel.workspaceFileIndexData.updateDirtyEntities.ms,1774356964112000000,1774357024128000000,0
workspaceModel.update.unloaded.entities.ms,1774356964112000000,1774357024128000000,0
workspaceModel.check.recursive.update.ms,1774356964112000000,1774357024128000000,0
workspaceModel.on.changed.ms,1774356964112000000,1774357024128000000,0
workspaceModel.pre.handlers.ms,1774356964112000000,1774357024128000000,0
workspaceModel.cachedValue.clear.count,1774356964112000000,1774357024128000000,0
workspaceModel.updates.ms,1774356964112000000,1774357024128000000,0
workspaceModel.loading.total.ms,1774356964112000000,1774357024128000000,0
workspaceModel.on.before.changed.ms,1774356964112000000,1774357024128000000,0
workspaceModel.workspaceFileIndexData.init.ms,1774356964112000000,1774357024128000000,0
workspaceModel.init.bridges.ms,1774356964112000000,1774357024128000000,0
workspaceModel.workspaceFileIndexData.instances.count,1774356964112000000,1774357024128000000,0
workspaceModel.cachedValueWithParameters.calculated.count,1774356964112000000,1774357024128000000,0
workspaceModel.full.replace.project.model.ms,1774356964112000000,1774357024128000000,0
workspaceModel.updates.count,1774356964112000000,1774357024128000000,0
workspaceModel.initializing.ms,1774356964112000000,1774357024128000000,0
workspaceModel.workspaceFileIndexData.markDirty.ms,1774356964112000000,1774357024128000000,0
workspaceModel.cachedValue.total.get.count,1774356964112000000,1774357024128000000,72
workspaceModel.workspaceFileIndexData.visitFileSets.ms,1774356964112000000,1774357024128000000,0
workspaceModel.workspaceFileIndexData.getDirectoriesByPackageName.ms,1774356964112000000,1774357024128000000,0
workspaceModel.workspaceFileIndexContributor.registerFileSets.ms,1774356964112000000,1774357024128000000,0
workspaceModel.to.snapshot.ms,1774356964112000000,1774357024128000000,0
workspaceModel.workspaceFileIndexData.processFileSets.ms,1774356964112000000,1774357024128000000,0
workspaceModel.loading.from.cache.ms,1774356964112000000,1774357024128000000,0
workspaceModel.cachedValueWithParameters.clear.count,1774356964112000000,1774357024128000000,0
workspaceModel.workspaceFileIndexData.getFileInfo.ms,1774356964112000000,1774357024128000000,51
workspaceModel.workspaceFileIndexData.onEntitiesChanged.ms,1774356964112000000,1774357024128000000,0
workspaceModel.updates.precise.ms,1774356964112000000,1774357024128000000,0
workspaceModel.cachedValue.from.cache.count,1774356964112000000,1774357024128000000,72
workspaceModel.cachedValueWithParameters.from.cache.count,1774356964112000000,1774357024128000000,0
workspaceModel.collect.changes.ms,1774356964112000000,1774357024128000000,0
workspaceModel.cachedValueWithParameters.total.get.count,1774356964112000000,1774357024128000000,0
workspaceModel.replace.project.model.ms,1774356964112000000,1774357024128000000,0
workspaceModel.cachedValue.calculated.count,1774356964112000000,1774357024128000000,0
workspaceModel.workspaceFileIndexData.getPackageName.ms,1774356964112000000,1774357024128000000,0
workspaceModel.entityStorageSnapshotImpl.instances.count,1774356964112000000,1774357024128000000,0
workspaceModel.moduleBridgeLoader.loading.modules.ms,1774356964112000000,1774357024128000000,0
workspaceModel.mutableEntityStorage.has.same.entities.ms,1774356964112000000,1774357024128000000,0
workspaceModel.mutableEntityStorage.add.entity.ms,1774356964112000000,1774357024128000000,0
workspaceModel.mutableEntityStorage.mutable.vfurl.index.ms,1774356964112000000,1774357024128000000,0
workspaceModel.do.save.caches.ms,1774356964112000000,1774357024128000000,0
jps.global.handle.changed.events.ms,1774356964112000000,1774357024128000000,0
jps.modifiable.module.model.bridge.new.module.ms,1774356964112000000,1774357024128000000,0
jps.module.iml.entities.serializer.save.entities.ms,1774356964112000000,1774357024128000000,0
workspaceModel.load.cache.metadata.from.file.ms,1774356964112000000,1774357024128000000,0
workspaceModel.mutableEntityStorage.modify.entity.ms,1774356964112000000,1774357024128000000,0
jps.facet.change.listener.init.bridge.ms,1774356964112000000,1774357024128000000,0
jps.reload.project.entities.ms,1774356964112000000,1774357024128000000,0
workspaceModel.mutableEntityStorage.changeLog.addReplaceEventForRemovedChild.ms,1774356964112000000,1774357024128000000,0
workspaceModel.sync.entities.ms,1774356964112000000,1774357024128000000,0
workspaceModel.moduleManagerBridge.create.module.instance.ms,1774356964112000000,1774357024128000000,0
workspaceModel.mutableEntityStorage.changeLog.addReplaceEventForNewChild.ms,1774356964112000000,1774357024128000000,0
workspaceModel.mutableEntityStorage.resolve.ms,1774356964112000000,1774357024128000000,0
jps.module.iml.entities.serializer.load.entities.ms,1774356964112000000,1774357024128000000,0
workspaceModel.orphan.listener.update.ms,1774356964112000000,1774357024128000000,0
jps.global.get.library.by.name.ms,1774356964112000000,1774357024128000000,0
workspaceModel.moduleBridge.before.changed.ms,1774356964112000000,1774357024128000000,0
workspaceModel.mutableEntityStorage.to.snapshot.ms,1774356964112000000,1774357024128000000,0
workspaceModel.mutableEntityStorage.collect.changes.ms,1774356964112000000,1774357024128000000,0
workspaceModel.global.updates.ms,1774356964112000000,1774357024128000000,0
workspaceModel.mutableEntityStorage.hasReferrers.ms,1774356964112000000,1774357024128000000,0
jps.load.project.to.empty.storage.ms,1774356964112000000,1774357024128000000,0
jps.app.storage.content.reader.load.component.ms,1774356964112000000,1774357024128000000,0
workspaceModel.moduleManagerBridge.get.modules.ms,1774356964112000000,1774357024128000000,0
workspaceModel.moduleBridge.update.option.ms,1774356964112000000,1774357024128000000,0
jps.modifiable.module.model.bridge.disposing.ms,1774356964112000000,1774357024128000000,0
jps.load.initial.state.ms,1774356964112000000,1774357024128000000,0
workspaceModel.mutableEntityStorage.entities.by.source.ms,1774356964112000000,1774357024128000000,0
workspaceModel.mutableEntityStorage.referrers.ms,1774356964112000000,1774357024128000000,0
workspaceModel.mutableEntityStorage.replace.by.source.ms,1774356964112000000,1774357024128000000,0
jps.modifiable.module.model.bridge.renaming.ms,1774356964112000000,1774357024128000000,0
jps.modifiable.module.model.bridge.load.module.ms,1774356964112000000,1774357024128000000,0
workspaceModel.moduleManagerBridge.newModule.ms,1774356964112000000,1774357024128000000,0
workspaceModel.moduleManagerBridge.build.module.graph.ms,1774356964112000000,1774357024128000000,0
workspaceModel.mutableEntityStorage.changeLog.addReplaceEventForRemovedParent.ms,1774356964112000000,1774357024128000000,0
workspaceModel.mutableEntityStorage.entities.ms,1774356964112000000,1774357024128000000,0
jps.global.handle.before.change.events.ms,1774356964112000000,1774357024128000000,0
jps.project.serializers.load.ms,1774356964112000000,1774357024128000000,0
workspaceModel.moduleManagerBridge.new.nonPersistent.module.ms,1774356964112000000,1774357024128000000,0
workspaceModel.mutableEntityStorage.mutable.ext.mapping.ms,1774356964112000000,1774357024128000000,0
workspaceModel.load.cache.from.file.ms,1774356964112000000,1774357024128000000,0
workspaceModel.moduleManagerBridge.load.all.modules.ms,1774356964112000000,1774357024128000000,0
jps.global.get.library.ms,1774356964112000000,1774357024128000000,0
jps.library.entities.serializer.save.entities.ms,1774356964112000000,1774357024128000000,0
workspaceModel.global.apply.state.to.project.ms,1774356964112000000,1774357024128000000,0
jps.save.global.entities.ms,1774356964112000000,1774357024128000000,0
workspaceModel.delayed.project.synchronizer.sync.ms,1774356964112000000,1774357024128000000,0
workspaceModel.global.updates.count,1774356964112000000,1774357024128000000,0
jps.artifact.entities.serializer.load.entities.ms,1774356964112000000,1774357024128000000,0
workspaceModel.moduleManagerBridge.set.unloadedModules.ms,1774356964112000000,1774357024128000000,0
jps.facet.change.listener.process.change.events.ms,1774356964112000000,1774357024128000000,0
workspaceModel.mutableEntityStorage.apply.changes.from.ms,1774356964112000000,1774357024128000000,0
workspaceModel.moduleManagerBridge.load.module.ms,1774356964112000000,1774357024128000000,0
jps.storage.jps.conf.reader.load.component.ms,1774356964112000000,1774357024128000000,0
jps.module.dependency.index.workspace.model.listener.on.changed.ms,1774356964112000000,1774357024128000000,0
jps.global.initialize.library.bridges.ms,1774356964112000000,1774357024128000000,0
jps.global.get.libraries.ms,1774356964112000000,1774357024128000000,0
workspaceModel.mutableEntityStorage.remove.entity.ms,1774356964112000000,1774357024128000000,0
workspaceModel.save.cache.to.file.ms,1774356964112000000,1774357024128000000,0
jps.project.serializers.save.ms,1774356964112000000,1774357024128000000,0
workspaceModel.moduleBridge.facet.initialization.ms,1774356964112000000,1774357024128000000,0
jps.facet.change.listener.before.change.events.ms,1774356964112000000,1774357024128000000,0
jps.save.changed.project.entities.ms,1774356964112000000,1774357024128000000,0
jps.library.entities.serializer.load.entities.ms,1774356964112000000,1774357024128000000,0
workspaceModel.mutableEntityStorage.instances.count,1774356964112000000,1774357024128000000,0
jps.artifact.entities.serializer.save.entities.ms,1774356964112000000,1774357024128000000,0
workspaceModel.mutableEntityStorage.changeLog.addReplaceEventForNewParent.ms,1774356964112000000,1774357024128000000,0
workspaceModel.global.apply.state.to.project.builder.ms,1774356964112000000,1774357024128000000,0
jps.global.initialize.library.bridges.after.loading.ms,1774356964112000000,1774357024128000000,0
workspaceModel.mutableEntityStorage.put.entity.ms,1774356964112000000,1774357024128000000,0
jps.apply.loaded.storage.ms,1774356964112000000,1774357024128000000,0
VFS.rootsCount,1774356964112000000,1774357024128000000,317.0
VFS.cache.segmentsCreated,1774356964112000000,1774357024128000000,10
VFS.cache.filesCreated,1774356964112000000,1774357024128000000,10221
VFS.contentStorage.recordsUncompressedSize,1774356964112000000,1774357024128000000,88627
VFS.contentStorage.recordsDecompressionTimeUs,1774356964112000000,1774357024128000000,729
VFS.fileChildByName,1774356964112000000,1774357024128000000,10485
VFS.contentStorage.recordsReadDecompressed,1774356964112000000,1774357024128000000,7
VFS.fileByIdCache.misses,1774356964112000000,1774357024128000000,6
VFS.contentStorage.recordsDeduplicated,1774356964112000000,1774357024128000000,0
VFS.cache.segments,1774356964112000000,1774357024128000000,257.0
FileNameCache.totalMisses,1774356964112000000,1774357024128000000,6016
VFS.invertedFileNameIndex.requests,1774356964112000000,1774357024128000000,0
VFS.contentStorage.recordsStoredSize,1774356964112000000,1774357024128000000,45765
VFS.contentStorage.recordsStoredCompressed,1774356964112000000,1774357024128000000,2
VFS.fileByIdCache.hits,1774356964112000000,1774357024128000000,0
VFS.contentStorage.recordsStored,1774356964112000000,1774357024128000000,2
VFS.folderCaseSensitivityReads,1774356964112000000,1774357024128000000,0
VFS.contentStorage.recordsRead,1774356964112000000,1774357024128000000,9
VFS.cache.directoriesCreated,1774356964112000000,1774357024128000000,466
VFS.contentStorage.recordsReadSize,1774356964112000000,1774357024128000000,332347
FileNameCache.queries,1774356964112000000,1774357024128000000,1708544
cacheStateStorage.set.duration,1774356964112000000,1774357024128000000,0
cacheStateStorage.get.counter,1774356964112000000,1774357024128000000,0
cacheStateStorage.get.duration,1774356964112000000,1774357024128000000,0
cacheStateStorage.set.counter,1774356964112000000,1774357024128000000,0
compiler.ArtifactManagerBridge.dropMappings.ms,1774356964112000000,1774357024128000000,0
compiler.ArtifactManagerBridge.addArtifact.ms,1774356964112000000,1774357024128000000,0
compiler.ArtifactModifiableModelBridge.getArtifacts.ms,1774356964112000000,1774357024128000000,0
compiler.ArtifactManagerBridge.commit.ms,1774356964112000000,1774357024128000000,0
compiler.ArtifactVirtualFileListener.propertyChanged.ms,1774356964112000000,1774357024128000000,0
compiler.ArtifactModifiableModelBridge.commit.ms,1774356964112000000,1774357024128000000,4
compiler.ArtifactModifiableModelBridge.dispose.ms,1774356964112000000,1774357024128000000,0
compiler.ArtifactManagerBridge.getArtifacts.ms,1774356964112000000,1774357024128000000,0
compiler.ArtifactManagerBridge.findArtifact.ms,1774356964112000000,1774357024128000000,0
compiler.ArtifactModifiableModelBridge.findArtifacts.ms,1774356964112000000,1774357024128000000,0
compiler.ArtifactModifiableModelBridge.addArtifact.ms,1774356964112000000,1774357024128000000,0
compiler.ArtifactManagerBridge.initBridges.ms,1774356964112000000,1774357024128000000,0
compiler.ArtifactVirtualFileListener.filePathChanged.ms,1774356964112000000,1774357024128000000,0
compiler.ArtifactManagerBridge.getArtifactsByType.ms,1774356964112000000,1774357024128000000,0
compiler.ArtifactModifiableModelBridge.getArtifactsByType.ms,1774356964112000000,1774357024128000000,0
AWTEventQueue.dispatchTimeAvgNs,1774356964112000000,1774357024128000000,0.0
FlushQueue.queueSizeMax,1774356964112000000,1774357024128000000,0
ReadAction.executionsCount,1774356964112000000,1774357024128000000,92763
FlushQueue.queueSizeAvg,1774356964112000000,1774357024128000000,0.0
FlushQueue.waitingTimeAvgNs,1774356964112000000,1774357024128000000,0.0
AWTEventQueue.dispatchTimeTotalNS,1774356964112000000,1774357024128000000,160942209
NonBlockingReadAction.finalizedExecutionTimeUs,1774356964112000000,1774357024128000000,207
FlushQueue.queueSize90P,1774356964112000000,1774357024128000000,0
NonBlockingReadAction.finalizedExecutionsCount,1774356964112000000,1774357024128000000,1
FlushQueue.waitingTime90PNs,1774356964112000000,1774357024128000000,0
FlushQueue.executionTimeMaxNs,1774356964112000000,1774357024128000000,0
NonBlockingReadAction.failedExecutionsCount,1774356964112000000,1774357024128000000,0
AWTEventQueue.dispatchTime90PNs,1774356964112000000,1774357024128000000,0
FlushQueue.tasksExecuted,1774356964112000000,1774357024128000000,0
FlushQueue.executionTimeAvgNs,1774356964112000000,1774357024128000000,0.0
FlushQueue.executionTime90PNs,1774356964112000000,1774357024128000000,0
AWTEventQueue.dispatchTimeMaxNs,1774356964112000000,1774357024128000000,0
WriteAction.executionsCount,1774356964112000000,1774357024128000000,2
FlushQueue.waitingTimeMaxNs,1774356964112000000,1774357024128000000,0
NonBlockingReadAction.failedExecutionTimeUs,1774356964112000000,1774357024128000000,0
AWTEventQueue.eventsDispatched,1774356964112000000,1774357024128000000,0
MappedFileStorage.totalTimeSpentOnMappingUs,1774356964112000000,1774357024128000000,272255
MappedFileStorage.storages,1774356964112000000,1774357024128000000,16
FilePageCache.pageLoadsAboveSizeThreshold,1774356964112000000,1774357024128000000,9
StreamlinedBlobStorage.recordsRelocated,1774356964112000000,1774357024128000000,0
FilePageCache.disposedBuffers,1774356964112000000,1774357024128000000,8
FileChannelInterruptsRetryer.totalRetriedAttempts,1774356964112000000,1774357024128000000,0
DirectByteBufferAllocator.totalSizeOfBuffersAllocatedInBytes,1774356964112000000,1774357024128000000,630194176
StreamlinedBlobStorage.totalLiveRecordsPayloadBytes,1774356964112000000,1774357024128000000,332639
DirectByteBufferAllocator.misses,1774356964112000000,1774357024128000000,12
StorageLockContext.competingThreads.avg,1774356964112000000,1774357024128000000,0.0
StreamlinedBlobStorage.recordsDeleted,1774356964112000000,1774357024128000000,0
DirectByteBufferAllocator.totalSizeOfBuffersCachedInBytes,1774356964112000000,1774357024128000000,1048576
FilePageCache.uncachedFileAccess,1774356964112000000,1774357024128000000,125
FilePageCache.totalPageLoadsUs,1774356964112000000,1774357024128000000,21498
StorageLockContext.competingThreads.90P,1774356964112000000,1774357024128000000,0
MappedFileStorage.totalBytesMapped,1774356964112000000,1774357024128000000,202637312
FilePageCache.pageFastCacheHits,1774356964112000000,1774357024128000000,2171729
StreamlinedBlobStorage.recordsAllocated,1774356964112000000,1774357024128000000,25504
MappedFileStorage.totalPagesMapped,1774356964112000000,1774357024128000000,16
StreamlinedBlobStorage.totalLiveRecordsCapacityBytes,1774356964112000000,1774357024128000000,1786272
FilePageCache.capacityInBytes,1774356964112000000,1774357024128000000,629145600
FilePageCache.pageLoads,1774356964112000000,1774357024128000000,10
FilePageCache.pageHits,1774356964112000000,1774357024128000000,138464
DirectByteBufferAllocator.disposed,1774356964112000000,1774357024128000000,0
DirectByteBufferAllocator.reclaimed,1774356964112000000,1774357024128000000,8
FilePageCache.maxCacheSizeInBytes,1774356964112000000,1774357024128000000,629145600
FilePageCache.maxRegisteredFiles,1774356964112000000,1774357024128000000,791
DirectByteBufferAllocator.hits,1774356964112000000,1774357024128000000,7
StorageLockContext.competingThreads.max,1774356964112000000,1774357024128000000,0
FilePageCache.totalPageDisposalsUs,1774356964112000000,1774357024128000000,14
JVM.totalTimeAtSafepointsMs,1774356964112000000,1774357024128000000,146
JVM.totalSafepointCount,1774356964112000000,1774357024128000000,3
JVM.GC.collections,1774356964112000000,1774357024128000000,3
JVM.newThreadsCount,1774356964112000000,1774357024128000000,0
OS.loadAverage,1774356964112000000,1774357024128000000,2.44384765625
MEM.fileMappingsRamBytes,1774356964112000000,1774357024128000000,778518528
JVM.totalTimeToSafepointsMs,1774356964112000000,1774357024128000000,0
JVM.usedHeapBytes,1774356964112000000,1774357024128000000,1652310224
JVM.totalDirectByteBuffersBytes,1774356964112000000,1774357024128000000,630247425
JVM.committedHeapBytes,1774356964112000000,1774357024128000000,2197815296
JVM.totalCpuTimeMs,1774356964112000000,1774357024128000000,17640
JVM.GC.collectionTimesMs,1774356964112000000,1774357024128000000,142
MEM.ramMinusFileMappingsBytes,1774356964112000000,1774357024128000000,3488497664
JVM.totalBytesAllocated,1774356964112000000,1774357024128000000,3441277928
JVM.maxHeapBytes,1774356964112000000,1774357024128000000,28840034304
MEM.ramPlusSwapMinusFileMappingsBytes,1774356964112000000,1774357024128000000,3488497664
JVM.threadCount,1774356964112000000,1774357024128000000,73
MEM.ramBytes,1774356964112000000,1774357024128000000,4267016192
JVM.usedNativeBytes,1774356964112000000,1774357024128000000,437765768
JVM.maxThreadCount,1774356964112000000,1774357024128000000,254
DiskQueryRelay.taskWaitingTotalTimeUs,1774356964112000000,1774357024128000000,5571194
parser.ECMAScript.6.size.bytes,1774356964112000000,1774357024128000000,406702
parser.XML.time.ns,1774356964112000000,1774357024128000000,19
lexer.ECMAScript.6.time.ns,1774356964112000000,1774357024128000000,6943792
parser.ECMAScript.6.time.ns,1774356964112000000,1774357024128000000,40009362
DiskQueryRelay.taskExecutionTotalTimeUs,1774356964112000000,1774357024128000000,2389098
lexer.ECMAScript.6.size.bytes,1774356964112000000,1774357024128000000,99667
writeAction.count,1774356964112000000,1774357024128000000,2
parser.Markdown.time.ns,1774356964112000000,1774357024128000000,39432338
writeAction.median.wait.ms,1774356964112000000,1774357024128000000,200
parser.XML.size.bytes,1774356964112000000,1774357024128000000,336005
lexer.FTL..size.bytes,1774356964112000000,1774357024128000000,1440
lexer.Markdown.size.bytes,1774356964112000000,1774357024128000000,207847
lexer.Markdown.time.ns,1774356964112000000,1774357024128000000,20855988
parser.FTL..time.ns,1774356964112000000,1774357024128000000,6403500
DiskQueryRelay.tasksExecuted,1774356964112000000,1774357024128000000,36184
lexer.HTML.size.bytes,1774356964112000000,1774357024128000000,5146
lexer.XML.size.bytes,1774356964112000000,1774357024128000000,336005
parser.FTL..size.bytes,1774356964112000000,1774357024128000000,1440
lexer.FTL..time.ns,1774356964112000000,1774357024128000000,1859875
writeAction.max.wait.ms,1774356964112000000,1774357024128000000,79
parser.Markdown.size.bytes,1774356964112000000,1774357024128000000,207847
lexer.XML.time.ns,1774356964112000000,1774357024128000000,6578997
parser.HTML.size.bytes,1774356964112000000,1774357024128000000,5146
parser.HTML.time.ns,1774356964112000000,1774357024128000000,1562207
lexer.HTML.time.ns,1774356964112000000,1774357024128000000,419500
LowMemory.gcLoad,1774356964112000000,1774357024128000000,0.0
DiskQueryRelay.tasksRequested,1774356964112000000,1774357024128000000,36184
writeAction.wait.ms,1774356964112000000,1774357024128000000,1
LowMemory.gcOverloaded,1774356964112000000,1774357024128000000,0
Indexes.allKeys.lookupDurationMaxMs,1774357024128000000,1774357056714000000,0.0
Indexes.allKeys.lookupDurationAvgMs,1774357024128000000,1774357056714000000,0.0
Indexes.stubs.lookupDurationMaxMs,1774357024128000000,1774357056714000000,0.0
Indexing.writesQueuedMin,1774357024128000000,1774357056714000000,9223372036854775807
Indexing.writer_3.totalTimeSpentWritingMs,1774357024128000000,1774357056714000000,2
Indexes.entries.lookupDurationMaxMs,1774357024128000000,1774357056714000000,0.0
Indexing.writer_2.totalTimeSpentWritingMs,1774357024128000000,1774357056714000000,1
Indexing.writer_0.totalTimeSpentWritingMs,1774357024128000000,1774357056714000000,18
Indexes.allKeys.lookupDuration90PMs,1774357024128000000,1774357056714000000,0.0
Indexes.allKeys.lookups,1774357024128000000,1774357056714000000,1
Indexes.entries.lookups,1774357024128000000,1774357056714000000,7671
Indexing.totalTimeIndexersSleptMs,1774357024128000000,1774357056714000000,0
Indexing.cache.totalCacheMisses,1774357024128000000,1774357056714000000,51094
Indexes.stubs.lookupDurationAvgMs,1774357024128000000,1774357056714000000,0.0
Indexes.stubs.lookupDuration90PMs,1774357024128000000,1774357056714000000,0.0
Indexing.writer_1.totalTimeSpentWritingMs,1774357024128000000,1774357056714000000,16
Indexes.stubs.lookups,1774357024128000000,1774357056714000000,112832
Indexing.cache.totalCacheEvicted,1774357024128000000,1774357056714000000,51094
Indexing.cache.totalCacheAccesses,1774357024128000000,1774357056714000000,155252
Indexing.writesQueuedMax,1774357024128000000,1774357056714000000,0
Indexes.entries.lookupDuration90PMs,1774357024128000000,1774357056714000000,0.0
Indexes.entries.lookupDurationAvgMs,1774357024128000000,1774357056714000000,0.0
workspaceModel.workspaceFileIndexData.updateDirtyEntities.ms,1774357024128000000,1774357056714000000,0
workspaceModel.update.unloaded.entities.ms,1774357024128000000,1774357056714000000,0
workspaceModel.check.recursive.update.ms,1774357024128000000,1774357056714000000,0
workspaceModel.on.changed.ms,1774357024128000000,1774357056714000000,0
workspaceModel.pre.handlers.ms,1774357024128000000,1774357056714000000,0
workspaceModel.cachedValue.clear.count,1774357024128000000,1774357056714000000,0
workspaceModel.updates.ms,1774357024128000000,1774357056714000000,0
workspaceModel.loading.total.ms,1774357024128000000,1774357056714000000,1
workspaceModel.on.before.changed.ms,1774357024128000000,1774357056714000000,0
workspaceModel.workspaceFileIndexData.init.ms,1774357024128000000,1774357056714000000,0
workspaceModel.init.bridges.ms,1774357024128000000,1774357056714000000,0
workspaceModel.workspaceFileIndexData.instances.count,1774357024128000000,1774357056714000000,0
workspaceModel.cachedValueWithParameters.calculated.count,1774357024128000000,1774357056714000000,1
workspaceModel.full.replace.project.model.ms,1774357024128000000,1774357056714000000,0
workspaceModel.updates.count,1774357024128000000,1774357056714000000,0
workspaceModel.initializing.ms,1774357024128000000,1774357056714000000,0
workspaceModel.workspaceFileIndexData.markDirty.ms,1774357024128000000,1774357056714000000,0
workspaceModel.cachedValue.total.get.count,1774357024128000000,1774357056714000000,12445
workspaceModel.workspaceFileIndexData.visitFileSets.ms,1774357024128000000,1774357056714000000,0
workspaceModel.workspaceFileIndexData.getDirectoriesByPackageName.ms,1774357024128000000,1774357056714000000,13
workspaceModel.workspaceFileIndexContributor.registerFileSets.ms,1774357024128000000,1774357056714000000,0
workspaceModel.to.snapshot.ms,1774357024128000000,1774357056714000000,0
workspaceModel.workspaceFileIndexData.processFileSets.ms,1774357024128000000,1774357056714000000,0
workspaceModel.loading.from.cache.ms,1774357024128000000,1774357056714000000,1
workspaceModel.cachedValueWithParameters.clear.count,1774357024128000000,1774357056714000000,0
workspaceModel.workspaceFileIndexData.getFileInfo.ms,1774357024128000000,1774357056714000000,369
workspaceModel.workspaceFileIndexData.onEntitiesChanged.ms,1774357024128000000,1774357056714000000,0
workspaceModel.updates.precise.ms,1774357024128000000,1774357056714000000,0
workspaceModel.cachedValue.from.cache.count,1774357024128000000,1774357056714000000,12440
workspaceModel.cachedValueWithParameters.from.cache.count,1774357024128000000,1774357056714000000,513
workspaceModel.collect.changes.ms,1774357024128000000,1774357056714000000,0
workspaceModel.cachedValueWithParameters.total.get.count,1774357024128000000,1774357056714000000,514
workspaceModel.replace.project.model.ms,1774357024128000000,1774357056714000000,0
workspaceModel.cachedValue.calculated.count,1774357024128000000,1774357056714000000,5
workspaceModel.workspaceFileIndexData.getPackageName.ms,1774357024128000000,1774357056714000000,4
workspaceModel.entityStorageSnapshotImpl.instances.count,1774357024128000000,1774357056714000000,1
workspaceModel.moduleBridgeLoader.loading.modules.ms,1774357024128000000,1774357056714000000,0
workspaceModel.mutableEntityStorage.has.same.entities.ms,1774357024128000000,1774357056714000000,0
workspaceModel.mutableEntityStorage.add.entity.ms,1774357024128000000,1774357056714000000,0
workspaceModel.mutableEntityStorage.mutable.vfurl.index.ms,1774357024128000000,1774357056714000000,0
workspaceModel.do.save.caches.ms,1774357024128000000,1774357056714000000,0
jps.global.handle.changed.events.ms,1774357024128000000,1774357056714000000,0
jps.modifiable.module.model.bridge.new.module.ms,1774357024128000000,1774357056714000000,0
jps.module.iml.entities.serializer.save.entities.ms,1774357024128000000,1774357056714000000,10
workspaceModel.load.cache.metadata.from.file.ms,1774357024128000000,1774357056714000000,0
workspaceModel.mutableEntityStorage.modify.entity.ms,1774357024128000000,1774357056714000000,0
jps.facet.change.listener.init.bridge.ms,1774357024128000000,1774357056714000000,0
jps.reload.project.entities.ms,1774357024128000000,1774357056714000000,0
workspaceModel.mutableEntityStorage.changeLog.addReplaceEventForRemovedChild.ms,1774357024128000000,1774357056714000000,0
workspaceModel.sync.entities.ms,1774357024128000000,1774357056714000000,0
workspaceModel.moduleManagerBridge.create.module.instance.ms,1774357024128000000,1774357056714000000,0
workspaceModel.mutableEntityStorage.changeLog.addReplaceEventForNewChild.ms,1774357024128000000,1774357056714000000,0
workspaceModel.mutableEntityStorage.resolve.ms,1774357024128000000,1774357056714000000,0
jps.module.iml.entities.serializer.load.entities.ms,1774357024128000000,1774357056714000000,0
workspaceModel.orphan.listener.update.ms,1774357024128000000,1774357056714000000,0
jps.global.get.library.by.name.ms,1774357024128000000,1774357056714000000,0
workspaceModel.moduleBridge.before.changed.ms,1774357024128000000,1774357056714000000,0
workspaceModel.mutableEntityStorage.to.snapshot.ms,1774357024128000000,1774357056714000000,0
workspaceModel.mutableEntityStorage.collect.changes.ms,1774357024128000000,1774357056714000000,0
workspaceModel.global.updates.ms,1774357024128000000,1774357056714000000,0
workspaceModel.mutableEntityStorage.hasReferrers.ms,1774357024128000000,1774357056714000000,0
jps.load.project.to.empty.storage.ms,1774357024128000000,1774357056714000000,0
jps.app.storage.content.reader.load.component.ms,1774357024128000000,1774357056714000000,0
workspaceModel.moduleManagerBridge.get.modules.ms,1774357024128000000,1774357056714000000,0
workspaceModel.moduleBridge.update.option.ms,1774357024128000000,1774357056714000000,0
jps.modifiable.module.model.bridge.disposing.ms,1774357024128000000,1774357056714000000,0
jps.load.initial.state.ms,1774357024128000000,1774357056714000000,0
workspaceModel.mutableEntityStorage.entities.by.source.ms,1774357024128000000,1774357056714000000,0
workspaceModel.mutableEntityStorage.referrers.ms,1774357024128000000,1774357056714000000,0
workspaceModel.mutableEntityStorage.replace.by.source.ms,1774357024128000000,1774357056714000000,0
jps.modifiable.module.model.bridge.renaming.ms,1774357024128000000,1774357056714000000,0
jps.modifiable.module.model.bridge.load.module.ms,1774357024128000000,1774357056714000000,0
workspaceModel.moduleManagerBridge.newModule.ms,1774357024128000000,1774357056714000000,0
workspaceModel.moduleManagerBridge.build.module.graph.ms,1774357024128000000,1774357056714000000,0
workspaceModel.mutableEntityStorage.changeLog.addReplaceEventForRemovedParent.ms,1774357024128000000,1774357056714000000,0
workspaceModel.mutableEntityStorage.entities.ms,1774357024128000000,1774357056714000000,0
jps.global.handle.before.change.events.ms,1774357024128000000,1774357056714000000,0
jps.project.serializers.load.ms,1774357024128000000,1774357056714000000,0
workspaceModel.moduleManagerBridge.new.nonPersistent.module.ms,1774357024128000000,1774357056714000000,0
workspaceModel.mutableEntityStorage.mutable.ext.mapping.ms,1774357024128000000,1774357056714000000,0
workspaceModel.load.cache.from.file.ms,1774357024128000000,1774357056714000000,0
workspaceModel.moduleManagerBridge.load.all.modules.ms,1774357024128000000,1774357056714000000,0
jps.global.get.library.ms,1774357024128000000,1774357056714000000,0
jps.library.entities.serializer.save.entities.ms,1774357024128000000,1774357056714000000,4
workspaceModel.global.apply.state.to.project.ms,1774357024128000000,1774357056714000000,0
jps.save.global.entities.ms,1774357024128000000,1774357056714000000,65
workspaceModel.delayed.project.synchronizer.sync.ms,1774357024128000000,1774357056714000000,0
workspaceModel.global.updates.count,1774357024128000000,1774357056714000000,0
jps.artifact.entities.serializer.load.entities.ms,1774357024128000000,1774357056714000000,0
workspaceModel.moduleManagerBridge.set.unloadedModules.ms,1774357024128000000,1774357056714000000,0
jps.facet.change.listener.process.change.events.ms,1774357024128000000,1774357056714000000,0
workspaceModel.mutableEntityStorage.apply.changes.from.ms,1774357024128000000,1774357056714000000,0
workspaceModel.moduleManagerBridge.load.module.ms,1774357024128000000,1774357056714000000,0
jps.storage.jps.conf.reader.load.component.ms,1774357024128000000,1774357056714000000,0
jps.module.dependency.index.workspace.model.listener.on.changed.ms,1774357024128000000,1774357056714000000,0
jps.global.initialize.library.bridges.ms,1774357024128000000,1774357056714000000,0
jps.global.get.libraries.ms,1774357024128000000,1774357056714000000,0
workspaceModel.mutableEntityStorage.remove.entity.ms,1774357024128000000,1774357056714000000,0
workspaceModel.save.cache.to.file.ms,1774357024128000000,1774357056714000000,0
jps.project.serializers.save.ms,1774357024128000000,1774357056714000000,23
workspaceModel.moduleBridge.facet.initialization.ms,1774357024128000000,1774357056714000000,0
jps.facet.change.listener.before.change.events.ms,1774357024128000000,1774357056714000000,0
jps.save.changed.project.entities.ms,1774357024128000000,1774357056714000000,23
jps.library.entities.serializer.load.entities.ms,1774357024128000000,1774357056714000000,0
workspaceModel.mutableEntityStorage.instances.count,1774357024128000000,1774357056714000000,1
jps.artifact.entities.serializer.save.entities.ms,1774357024128000000,1774357056714000000,0
workspaceModel.mutableEntityStorage.changeLog.addReplaceEventForNewParent.ms,1774357024128000000,1774357056714000000,0
workspaceModel.global.apply.state.to.project.builder.ms,1774357024128000000,1774357056714000000,0
jps.global.initialize.library.bridges.after.loading.ms,1774357024128000000,1774357056714000000,0
workspaceModel.mutableEntityStorage.put.entity.ms,1774357024128000000,1774357056714000000,0
jps.app.storage.content.writer.save.component.ms,1774357024128000000,1774357056714000000,12
jps.apply.loaded.storage.ms,1774357024128000000,1774357056714000000,0
cacheStateStorage.set.duration,1774357024128000000,1774357056714000000,9
cacheStateStorage.get.counter,1774357024128000000,1774357056714000000,0
cacheStateStorage.get.duration,1774357024128000000,1774357056714000000,0
cacheStateStorage.set.counter,1774357024128000000,1774357056714000000,118
compiler.ArtifactManagerBridge.dropMappings.ms,1774357024128000000,1774357056714000000,0
compiler.ArtifactManagerBridge.addArtifact.ms,1774357024128000000,1774357056714000000,0
compiler.ArtifactModifiableModelBridge.getArtifacts.ms,1774357024128000000,1774357056714000000,0
compiler.ArtifactManagerBridge.commit.ms,1774357024128000000,1774357056714000000,0
compiler.ArtifactVirtualFileListener.propertyChanged.ms,1774357024128000000,1774357056714000000,0
compiler.ArtifactModifiableModelBridge.commit.ms,1774357024128000000,1774357056714000000,4
compiler.ArtifactModifiableModelBridge.dispose.ms,1774357024128000000,1774357056714000000,0
compiler.ArtifactManagerBridge.getArtifacts.ms,1774357024128000000,1774357056714000000,0
compiler.ArtifactManagerBridge.findArtifact.ms,1774357024128000000,1774357056714000000,0
compiler.ArtifactModifiableModelBridge.findArtifacts.ms,1774357024128000000,1774357056714000000,0
compiler.ArtifactModifiableModelBridge.addArtifact.ms,1774357024128000000,1774357056714000000,0
compiler.ArtifactManagerBridge.initBridges.ms,1774357024128000000,1774357056714000000,0
compiler.ArtifactVirtualFileListener.filePathChanged.ms,1774357024128000000,1774357056714000000,0
compiler.ArtifactManagerBridge.getArtifactsByType.ms,1774357024128000000,1774357056714000000,0
compiler.ArtifactModifiableModelBridge.getArtifactsByType.ms,1774357024128000000,1774357056714000000,0
AWTEventQueue.dispatchTimeTotalNS,1774357024128000000,1774357056714000000,688889239
NonBlockingReadAction.finalizedExecutionTimeUs,1774357024128000000,1774357056714000000,152421
NonBlockingReadAction.finalizedExecutionsCount,1774357024128000000,1774357056714000000,289
NonBlockingReadAction.failedExecutionsCount,1774357024128000000,1774357056714000000,0
NonBlockingReadAction.failedExecutionTimeUs,1774357024128000000,1774357056714000000,0
FilePageCache.pageLoadsAboveSizeThreshold,1774357024128000000,1774357056714000000,3
FilePageCache.disposedBuffers,1774357024128000000,1774357056714000000,603
FileChannelInterruptsRetryer.totalRetriedAttempts,1774357024128000000,1774357056714000000,0
DirectByteBufferAllocator.totalSizeOfBuffersAllocatedInBytes,1774357024128000000,1774357056714000000,41943040
DirectByteBufferAllocator.misses,1774357024128000000,1774357056714000000,0
StorageLockContext.competingThreads.avg,1774357024128000000,1774357056714000000,0.0
DirectByteBufferAllocator.totalSizeOfBuffersCachedInBytes,1774357024128000000,1774357056714000000,41943040
FilePageCache.uncachedFileAccess,1774357024128000000,1774357056714000000,14
FilePageCache.totalPageLoadsUs,1774357024128000000,1774357056714000000,1380
StorageLockContext.competingThreads.90P,1774357024128000000,1774357056714000000,0
FilePageCache.pageFastCacheHits,1774357024128000000,1774357056714000000,42702
FilePageCache.capacityInBytes,1774357024128000000,1774357056714000000,629145600
FilePageCache.pageLoads,1774357024128000000,1774357056714000000,0
FilePageCache.pageHits,1774357024128000000,1774357056714000000,6466
DirectByteBufferAllocator.disposed,1774357024128000000,1774357056714000000,561
DirectByteBufferAllocator.reclaimed,1774357024128000000,1774357056714000000,42
FilePageCache.maxCacheSizeInBytes,1774357024128000000,1774357056714000000,629145600
FilePageCache.maxRegisteredFiles,1774357024128000000,1774357056714000000,794
DirectByteBufferAllocator.hits,1774357024128000000,1774357056714000000,3
StorageLockContext.competingThreads.max,1774357024128000000,1774357056714000000,0
FilePageCache.totalPageDisposalsUs,1774357024128000000,1774357056714000000,3
JVM.totalTimeAtSafepointsMs,1774357024128000000,1774357056714000000,456
JVM.totalSafepointCount,1774357024128000000,1774357056714000000,86
JVM.GC.collections,1774357024128000000,1774357056714000000,9
JVM.newThreadsCount,1774357024128000000,1774357056714000000,94
OS.loadAverage,1774357024128000000,1774357056714000000,2.9736328125
MEM.fileMappingsRamBytes,1774357024128000000,1774357056714000000,988065792
JVM.totalTimeToSafepointsMs,1774357024128000000,1774357056714000000,107
JVM.usedHeapBytes,1774357024128000000,1774357056714000000,2533250480
JVM.totalDirectByteBuffersBytes,1774357024128000000,1774357056714000000,42110977
JVM.committedHeapBytes,1774357024128000000,1774357056714000000,3254779904
JVM.totalCpuTimeMs,1774357024128000000,1774357056714000000,74130
JVM.GC.collectionTimesMs,1774357024128000000,1774357056714000000,442
MEM.ramMinusFileMappingsBytes,1774357024128000000,1774357056714000000,4897505280
JVM.totalBytesAllocated,1774357024128000000,1774357056714000000,8289947976
JVM.maxHeapBytes,1774357024128000000,1774357056714000000,28840034304
MEM.ramPlusSwapMinusFileMappingsBytes,1774357024128000000,1774357056714000000,4897505280
JVM.threadCount,1774357024128000000,1774357056714000000,98
MEM.ramBytes,1774357024128000000,1774357056714000000,5885571072
JVM.usedNativeBytes,1774357024128000000,1774357056714000000,654637144
JVM.maxThreadCount,1774357024128000000,1774357056714000000,254
DiskQueryRelay.taskWaitingTotalTimeUs,1774357024128000000,1774357056714000000,2227369
parser.ECMAScript.6.size.bytes,1774357024128000000,1774357056714000000,71042
parser.Properties.size.bytes,1774357024128000000,1774357056714000000,14761
parser.XML.time.ns,1774357024128000000,1774357056714000000,0
parser.ECMAScript.6.time.ns,1774357024128000000,1774357056714000000,5755209
lexer.Groovy.size.bytes,1774357024128000000,1774357056714000000,12583
DiskQueryRelay.taskExecutionTotalTimeUs,1774357024128000000,1774357056714000000,824721
parser.IgnoreLang.time.ns,1774357024128000000,1774357056714000000,1946500
parser.SVG.time.ns,1774357024128000000,1774357056714000000,1371542
lexer.Lombok.Config.time.ns,1774357024128000000,1774357056714000000,25958
lexer.JSON.Lines.size.bytes,1774357024128000000,1774357056714000000,456
writeAction.median.wait.ms,1774357024128000000,1774357056714000000,200
lexer.JSON.Lines.time.ns,1774357024128000000,1774357056714000000,12291
parser.XML.size.bytes,1774357024128000000,1774357056714000000,6673
lexer.SVG.size.bytes,1774357024128000000,1774357056714000000,17961
lexer.yaml.size.bytes,1774357024128000000,1774357056714000000,8128
parser.CSS.time.ns,1774357024128000000,1774357056714000000,16426540
lexer.Shell.Script.time.ns,1774357024128000000,1774357056714000000,1639334
lexer.CSS.size.bytes,1774357024128000000,1774357056714000000,68591
parser.JQuery-CSS.time.ns,1774357024128000000,1774357056714000000,683954
parser.SVG.size.bytes,1774357024128000000,1774357056714000000,17961
DiskQueryRelay.tasksExecuted,1774357024128000000,1774357056714000000,10123
lexer.JSON.size.bytes,1774357024128000000,1774357056714000000,2931113
lexer.Properties.size.bytes,1774357024128000000,1774357056714000000,14761
lexer.XML.size.bytes,1774357024128000000,1774357056714000000,6673
lexer.RegExp.size.bytes,1774357024128000000,1774357056714000000,163
lexer.JAVA.size.bytes,1774357024128000000,1774357056714000000,4924517
lexer.IgnoreLang.time.ns,1774357024128000000,1774357056714000000,160000
parser.yaml.size.bytes,1774357024128000000,1774357056714000000,8128
lexer.Shell.Script.size.bytes,1774357024128000000,1774357056714000000,20832
lexer.Groovy.time.ns,1774357024128000000,1774357056714000000,2894423
lexer.CSS.time.ns,1774357024128000000,1774357056714000000,2892500
parser.yaml.time.ns,1774357024128000000,1774357056714000000,3163625
lexer.RegExp.time.ns,1774357024128000000,1774357056714000000,149625
LowMemory.gcLoad,1774357024128000000,1774357056714000000,0.0
DiskQueryRelay.tasksRequested,1774357024128000000,1774357056714000000,10406
parser.CSS.size.bytes,1774357024128000000,1774357056714000000,68591
writeAction.wait.ms,1774357024128000000,1774357056714000000,17
LowMemory.gcOverloaded,1774357024128000000,1774357056714000000,0
parser.Groovy.size.bytes,1774357024128000000,1774357056714000000,12583
parser.JSON.time.ns,1774357024128000000,1774357056714000000,568
parser.JSON.size.bytes,1774357024128000000,1774357056714000000,2525122
lexer.textmate.size.bytes,1774357024128000000,1774357056714000000,675635
parser.JSON.Lines.size.bytes,1774357024128000000,1774357056714000000,456
lexer.JQuery-CSS.size.bytes,1774357024128000000,1774357056714000000,660
lexer.JQuery-CSS.time.ns,1774357024128000000,1774357056714000000,67168
lexer.ECMAScript.6.time.ns,1774357024128000000,1774357056714000000,143291
parser.RegExp.size.bytes,1774357024128000000,1774357056714000000,163
lexer.textmate.time.ns,1774357024128000000,1774357056714000000,47959
lexer.ECMAScript.6.size.bytes,1774357024128000000,1774357056714000000,7342
lexer.IgnoreLang.size.bytes,1774357024128000000,1774357056714000000,444
lexer.JSON.time.ns,1774357024128000000,1774357056714000000,65437541
writeAction.count,1774357024128000000,1774357056714000000,9
parser.Shell.Script.time.ns,1774357024128000000,1774357056714000000,125889416
parser.JAVA.time.ns,1774357024128000000,1774357056714000000,493657672
parser.JQuery-CSS.size.bytes,1774357024128000000,1774357056714000000,660
parser.JSON.Lines.time.ns,1774357024128000000,1774357056714000000,0
parser.textmate.size.bytes,1774357024128000000,1774357056714000000,675635
lexer.Lombok.Config.size.bytes,1774357024128000000,1774357056714000000,137
parser.textmate.time.ns,1774357024128000000,1774357056714000000,389418
lexer.HTML.size.bytes,1774357024128000000,1774357056714000000,891524
parser.Groovy.time.ns,1774357024128000000,1774357056714000000,84107624
lexer.SVG.time.ns,1774357024128000000,1774357056714000000,819375
parser.Properties.time.ns,1774357024128000000,1774357056714000000,3561209
lexer.Properties.time.ns,1774357024128000000,1774357056714000000,451417
parser.Lombok.Config.size.bytes,1774357024128000000,1774357056714000000,137
parser.JAVA.size.bytes,1774357024128000000,1774357056714000000,5272637
lexer.JAVA.time.ns,1774357024128000000,1774357056714000000,20494899
writeAction.max.wait.ms,1774357024128000000,1774357056714000000,79
parser.Lombok.Config.time.ns,1774357024128000000,1774357056714000000,92333
lexer.XML.time.ns,1774357024128000000,1774357056714000000,126750
parser.Shell.Script.size.bytes,1774357024128000000,1774357056714000000,20832
parser.HTML.size.bytes,1774357024128000000,1774357056714000000,891524
parser.RegExp.time.ns,1774357024128000000,1774357056714000000,495791
lexer.yaml.time.ns,1774357024128000000,1774357056714000000,1261539
parser.IgnoreLang.size.bytes,1774357024128000000,1774357056714000000,444
parser.HTML.time.ns,1774357024128000000,1774357056714000000,83324875
lexer.HTML.time.ns,1774357024128000000,1774357056714000000,57860580
