2026-02-17 11:19:34,204 [     11]   INFO - #c.i.p.i.b.AppStarter - ------------------------------------------------------ IDE STARTED ------------------------------------------------------
2026-02-17 11:19:34,208 [     15]   INFO - #c.i.p.i.b.AppStarter - loading shell environment is turned off
2026-02-17 11:19:34,210 [     17]   INFO - #c.i.p.i.b.AppStarter - Will skip the config import to directory "/root/.config/idea" (exists = true). Current entries: "options", "ide.vmoptions".
2026-02-17 11:19:34,216 [     23]   INFO - #c.i.p.i.b.AppStarter - JNA library (64-bit) loaded in 8 ms
2026-02-17 11:19:34,223 [     30]   INFO - #c.i.p.i.b.AppStarter - IDE: Qodana for JVM (build #QDJVM-253.31444, Tue, 17 Feb 2026 11:19:34 GMT)
2026-02-17 11:19:34,223 [     30]   INFO - #c.i.p.i.b.AppStarter - OS: Linux (6.10.14-linuxkit)
2026-02-17 11:19:34,223 [     30]   INFO - #c.i.p.i.b.AppStarter - JRE: 21.0.10+7-b1163.108, aarch64 (JetBrains s.r.o.)
2026-02-17 11:19:34,224 [     31]   INFO - #c.i.p.i.b.AppStarter - JVM: 21.0.10+7-b1163.108 (OpenJDK 64-Bit Server VM)
2026-02-17 11:19:34,224 [     31]   INFO - #c.i.p.i.b.AppStarter - PID: 60
2026-02-17 11:19:34,224 [     31]   INFO - #c.i.p.i.b.AppStarter - desktop: null
2026-02-17 11:19:34,225 [     32]   INFO - #c.i.p.i.b.AppStarter - toolkit: sun.awt.HeadlessToolkit
2026-02-17 11:19:34,231 [     38]   INFO - #c.i.p.i.b.AppStarter - JVM options: [abort, vfprintf, -XX:ErrorFile=/root/java_error_in_idea_%p.log, -XX:HeapDumpPath=/root/java_error_in_idea.hprof, -Xms128m, -XX:JbrShrinkingGcMaxHeapFreeRatio=40, -XX:ReservedCodeCacheSize=512m, -XX:+HeapDumpOnOutOfMemoryError, -XX:-OmitStackTraceInFastThrow, -XX:CICompilerCount=2, -XX:+IgnoreUnrecognizedVMOptions, -XX:+UnlockDiagnosticVMOptions, -XX:TieredOldPercentage=100000, -ea, -Dsun.io.useCanonCaches=false, -Dsun.java2d.metal=true, -Djbr.catch.SIGABRT=true, -Djdk.http.auth.tunneling.disabledSchemes="", -Djdk.attach.allowAttachSelf=true, -Djdk.module.illegalAccess.silent=true, -Djdk.nio.maxCachedBufferSize=2097152, -Djava.util.zip.use.nio.for.zip.file.access=true, -Dkotlinx.coroutines.debug=off, -Djava.nio.file.spi.DefaultFileSystemProvider=com.intellij.platform.core.nio.fs.MultiRoutingFileSystemProvider, -Dintellij.plugins.custom.built.in.repository.url=https://buildserver.labs.intellij.net/guestAuth/repository/download/ijplatform_IjPlatform253_IdeaInstallersBuild/878398920:id/IU-plugins/plugins.xml,https://buildserver.labs.intellij.net/guestAuth/repository/download/ijplatform_IjPlatform253_IdeaInstallersBuild/878398920:id/IU-plugins/auto-uploading/plugins.xml, -Dsun.tools.attach.tmp.only=true, -Dawt.lock.fair=true, -Ddisabled.plugins.file.path=/opt/idea/disabled_plugins.txt, -Didea.config.path=/root/.config/idea, -Didea.headless.enable.statistics=true, -Didea.headless.statistics.device.id=200820300000000-5bdb-7ee4-9f5d-6bfcda02bf94, -Didea.headless.statistics.salt=36f620b84288008fdf0f2c8107a65bd8, -Didea.log.path=/data/results/log, -Didea.plugins.path=/data/cache/plugins/253, -Didea.system.path=/data/cache/idea/253, -Dplugin.path=/opt/idea/custom-plugins/devkit,/opt/idea/custom-plugins/uiDesigner, -Dqodana.automation.guid=98b4ba26-ce99-49e8-8807-3e7383a8726c, -Dqodana.coverage.input=/data/coverage, -XX:MaxRAMPercentage=70, -Xlog:gc*:/data/results/log/gc.log, -Djb.vmOptionsFile=/root/.config/idea/ide.vmoptions, -Djava.system.class.loader=com.intellij.util.lang.PathClassLoader, -Didea.vendor.name=JetBrains, -Didea.paths.selector=IntelliJIdea2025.3, -Djna.boot.library.path=/opt/idea/lib/jna/aarch64, -Djna.nosys=true, -Djna.noclasspath=true, -Dpty4j.preferred.native.folder=/opt/idea/lib/pty4j, -Dio.netty.allocator.type=pooled, -Dskiko.library.path=/opt/idea/lib/skiko-awt-runtime-all, -Dintellij.platform.runtime.repository.path=/opt/idea/modules/module-descriptors.dat, -Dsplash=true, -Daether.connector.resumeDownloads=false, -Dcompose.swing.render.on.graphics=true, --add-opens=java.base/java.io=ALL-UNNAMED, --add-opens=java.base/java.lang=ALL-UNNAMED, --add-opens=java.base/java.lang.ref=ALL-UNNAMED, --add-opens=java.base/java.lang.reflect=ALL-UNNAMED, --add-opens=java.base/java.net=ALL-UNNAMED, --add-opens=java.base/java.nio=ALL-UNNAMED, --add-opens=java.base/java.nio.charset=ALL-UNNAMED, --add-opens=java.base/java.text=ALL-UNNAMED, --add-opens=java.base/java.time=ALL-UNNAMED, --add-opens=java.base/java.util=ALL-UNNAMED, --add-opens=java.base/java.util.concurrent=ALL-UNNAMED, --add-opens=java.base/java.util.concurrent.atomic=ALL-UNNAMED, --add-opens=java.base/java.util.concurrent.locks=ALL-UNNAMED, --add-opens=java.base/jdk.internal.ref=ALL-UNNAMED, --add-opens=java.base/jdk.internal.vm=ALL-UNNAMED, --add-opens=java.base/sun.net.dns=ALL-UNNAMED, --add-opens=java.base/sun.nio=ALL-UNNAMED, --add-opens=java.base/sun.nio.ch=ALL-UNNAMED, --add-opens=java.base/sun.nio.fs=ALL-UNNAMED, --add-opens=java.base/sun.security.ssl=ALL-UNNAMED, --add-opens=java.base/sun.security.util=ALL-UNNAMED, --add-opens=java.desktop/com.sun.java.swing=ALL-UNNAMED, --add-opens=java.desktop/com.sun.java.swing.plaf.gtk=ALL-UNNAMED, --add-opens=java.desktop/java.awt=ALL-UNNAMED, --add-opens=java.desktop/java.awt.dnd.peer=ALL-UNNAMED, --add-opens=java.desktop/java.awt.event=ALL-UNNAMED, --add-opens=java.desktop/java.awt.font=ALL-UNNAMED, --add-opens=java.desktop/java.awt.image=ALL-UNNAMED, --add-opens=java.desktop/java.awt.peer=ALL-UNNAMED, --add-opens=java.desktop/javax.swing=ALL-UNNAMED, --add-opens=java.desktop/javax.swing.plaf.basic=ALL-UNNAMED, --add-opens=java.desktop/javax.swing.text=ALL-UNNAMED, --add-opens=java.desktop/javax.swing.text.html=ALL-UNNAMED, --add-opens=java.desktop/javax.swing.text.html.parser=ALL-UNNAMED, --add-opens=java.desktop/sun.awt=ALL-UNNAMED, --add-opens=java.desktop/sun.awt.X11=ALL-UNNAMED, --add-opens=java.desktop/sun.awt.datatransfer=ALL-UNNAMED, --add-opens=java.desktop/sun.awt.image=ALL-UNNAMED, --add-opens=java.desktop/sun.font=ALL-UNNAMED, --add-opens=java.desktop/sun.java2d=ALL-UNNAMED, --add-opens=java.desktop/sun.swing=ALL-UNNAMED, --add-opens=java.management/sun.management=ALL-UNNAMED, --add-opens=jdk.attach/sun.tools.attach=ALL-UNNAMED, --add-opens=jdk.compiler/com.sun.tools.javac.api=ALL-UNNAMED, --add-opens=jdk.internal.jvmstat/sun.jvmstat.monitor=ALL-UNNAMED, --add-opens=jdk.jdi/com.sun.tools.jdi=ALL-UNNAMED, -Dqodana.application=true, -Dintellij.platform.load.app.info.from.resources=true, -Dfus.internal.reduce.initial.delay=true, -Didea.headless.statistics.max.files.to.send=5000, -Djava.awt.headless=true, -Didea.qodana.thirdpartyplugins.accept=true, -Dide.warmup.use.predicates=false, -Dvcs.log.index.enable=false, -Didea.job.launcher.without.timeout=true, -Dscanning.in.smart.mode=false, -Deap.login.enabled=false, -Dsdk.download.consent=true, -Dide.activity.tracking.enable.debug=true, -Deslint.service.expiration.timeout.ms=5000, -Dphp.additional.library.manager.new.updater=true, -Dide.region.url.mapping.expiration.timeout=7200, -Dexternal.system.auto.import.headless.async=true, -Dmaven.default.headless.import=true, -Dide.do.not.check.ls.on.startup=true, -Dintellij.console.use.severe.log.level=true, -Dqodana.product.name=Qodana for JVM, -Dqodana.build.number=QDJVM-253.31444, -Dqodana.eap=false, -Dide.native.launcher=true]
2026-02-17 11:19:34,231 [     38]   INFO - #c.i.p.i.b.AppStarter - args: qodana --config-dir /tmp/qd-effective-config-171072138 /data/project /data/results
2026-02-17 11:19:34,232 [     39]   INFO - #c.i.p.i.b.AppStarter - library path: /usr/java/packages/lib:/usr/lib64:/lib64:/lib:/usr/lib
2026-02-17 11:19:34,232 [     39]   INFO - #c.i.p.i.b.AppStarter - boot library path: /opt/idea/jbr/lib
2026-02-17 11:19:34,234 [     41]   INFO - #c.i.p.i.b.AppStarter - locale=en_US JNU=UTF-8 file.encoding=UTF-8
    idea.home.path=/opt/idea
    idea.config.path=/root/.config/idea
    idea.system.path=/data/cache/idea/253
    idea.plugins.path=/data/cache/plugins/253 -> java.nio.file.NoSuchFileException: /data/cache/plugins/253
    idea.log.path=/data/results/log
2026-02-17 11:19:34,237 [     44]   INFO - #c.i.p.i.b.AppStarter - CPU cores: 8; ForkJoinPool.commonPool: java.util.concurrent.ForkJoinPool@69ef3ebc[Running, parallelism = 8, size = 0, active = 0, running = 0, steals = 0, tasks = 0, submissions = 0]; factory: com.intellij.concurrency.IdeaForkJoinWorkerThreadFactory@18d6b552
2026-02-17 11:19:34,330 [    137]   INFO - #c.i.i.p.DisabledPluginsState - Plugins to disable: [com.intellij.modules.ultimate], applied
2026-02-17 11:19:34,335 [    142]   WARN - #c.i.i.p.PluginManager - Dist index is missing or corrupted; an OLD, DEPRECATED, SOON-TO-BE-UNSUPPORTED implementation will be used
2026-02-17 11:19:34,441 [    248]   INFO - #c.i.i.p.PluginManager - Ignoring cached broken plugins file from an earlier IDE build (IU-253.31444)
2026-02-17 11:19:34,465 [    272]   INFO - #c.i.i.p.PluginManager - Plugin set resolution:
Module intellij.json.frontend.split is not enabled because dependency intellij.platform.frontend.split is not available
Module intellij.editorconfig.frontend.split is not enabled because dependency intellij.platform.frontend.split is not available
Module intellij.platform.identifiers.highlighting.backend is not enabled because dependency com.jetbrains.codeWithMe is not available
Module intellij.properties/copyright is not enabled because dependency com.intellij.copyright is not available
Module intellij.vcs.git/terminal is not enabled because dependency org.jetbrains.plugins.terminal is not available
Module intellij.kotlin.performanceExtendedPlugin is not enabled because dependency intellij.performanceTesting.vcs is not available
Module intellij.kotlin.jvm.decompiler is not enabled because dependency org.jetbrains.java.decompiler is not available
Module intellij.kotlin.completion.ml is not enabled because dependency com.intellij.completion.ml.ranking is not available
Module intellij.kotlin.grazie is not enabled because dependency tanvd.grazi is not available
Module intellij.kotlin.coverage is not enabled because dependency Coverage is not available
Module intellij.kotlin.copyright is not enabled because dependency com.intellij.copyright is not available
Module kotlin-ultimate.profiler is not enabled because dependency com.intellij.LineProfiler is not available
Module kotlin-ultimate.wasm.debugger is not enabled because dependency intellij.javascript.debugger.backend is not available
Module kotlin-ultimate.javascript.nodeJs is not enabled because dependency JavaScriptDebugger is not available
Module kotlin-ultimate.javascript.debugger is not enabled because dependency intellij.javascript.debugger.backend is not available
Module intellij.kotlin.devkit.k1 is not enabled because dependency com.intellij.modules.kotlin.k1 is not available
Module intellij.devkit.workspaceModel.k1 is not enabled because dependency com.intellij.modules.kotlin.k1 is not available
Module intellij.jvm.dfa.analysis.ui is not enabled because dependency com.intellij.modules.ultimate is not available
Module intellij.profiler.ultimate is not enabled because dependency com.intellij.modules.ultimate is not available
Module intellij.java.duplicatesDetection is not enabled because dependency com.intellij.modules.ultimate is not available
Module intellij.java.duplicates.analysis is not enabled because dependency com.intellij.modules.ultimate is not available
Module intellij.java.terminal is not enabled because dependency org.jetbrains.plugins.terminal is not available
Module intellij.java.performancePlugin is not enabled because dependency intellij.performanceTesting.vcs is not available
Module intellij.java.featuresTrainer is not enabled because dependency training is not available
Module intellij.kotlin.featuresTrainer is not enabled because dependency intellij.java.featuresTrainer is not available
Module intellij.java.ide.customization/training is not enabled because dependency intellij.java.featuresTrainer is not available
Module intellij.qodana.jvm.swagger is not enabled because dependency com.intellij.swagger is not available
Module intellij.qodana.python.community is not enabled because dependency com.intellij.modules.python is not available
Module intellij.qodana.inspectionKts.js is not enabled because dependency JavaScript is not available
Module intellij.qodana.cpp is not enabled because dependency intellij.clion.radler.core is not available
Module intellij.qodana.jvm.coverage is not enabled because dependency Coverage is not available
Module intellij.qodana.python.coverage is not enabled because dependency intellij.python is not available
Module intellij.qodana.php is not enabled because dependency com.jetbrains.php is not available
Module intellij.qodana.js is not enabled because dependency JavaScript is not available
Module intellij.qodana.go is not enabled because dependency intellij.go.coverage is not available
Module intellij.qodana/yaml is not enabled because dependency intellij.yaml.backend is not available
Module intellij.groovy/byte-code-viewer is not enabled because dependency ByteCodeViewer is not available
Module intellij.groovy/ant is not enabled because dependency AntSupport is not available
Module intellij.groovy.duplicates is not enabled because dependency com.intellij.modules.ultimate is not available
Module intellij.maven.profiler is not enabled because dependency intellij.profiler.ultimate is not available
Module intellij.kotlin.gradle.codeInsight.toml is not enabled because dependency org.toml.lang is not available
Module kotlin-ultimate.native-debugger is not enabled because dependency intellij.cidr.runner is not available
Module kotlin-ultimate.ultimate-native is not enabled because dependency kotlin-ultimate.native-debugger is not available
Module intellij.gradle.dependencyUpdater is not enabled because dependency org.jetbrains.idea.gradle.dsl is not available
Module intellij.gradle.analysis is not enabled because dependency org.jetbrains.idea.gradle.dsl is not available
Module intellij.gradle.profiler is not enabled because dependency intellij.profiler.ultimate is not available
2026-02-17 11:19:34,473 [    280]   INFO - #c.i.i.p.PluginManager - Loaded bundled plugins: IDEA CORE (253.31444), Qodana (253.31444.0), JSON (253.31444.0), EditorConfig (253.31444.0), Artifacts Repository Search (253.31444.0), XPathView + XSLT (253.31444.0), Mercurial (253.31444.0), Properties (253.31444.0), Gradle (253.31444.0), DevKit Runtime (253.31444.0), Configuration Script (253.31444.0), Git (253.31444.0), Java (253.31444.0), Kotlin (253.31444.0-IJ), Java IDE Customization (253.31444.0), Lombok (253.31444.0), Java Internationalization (253.31444.0), JUnit (253.31444.0), Groovy (253.31444.0), Maven (253.31444.0), TestNG (253.31444.0), Gradle for Java (253.31444.0), Eclipse Interoperability (253.31444.0)
2026-02-17 11:19:34,473 [    280]   INFO - #c.i.i.p.PluginManager - Loaded custom plugins: Plugin DevKit (253.31444.0), Swing UI Designer (253.31444.0)
2026-02-17 11:19:34,555 [    362]   INFO - #o.j.q.s.i.s.QodanaApplicationStarter - Command line arguments: [qodana, --config-dir, /tmp/qd-effective-config-171072138, /data/project, /data/results]
2026-02-17 11:19:34,573 [    380]   INFO - #c.i.u.i.PageCacheUtils - File page caching params:
	DEFAULT_PAGE_SIZE: 10485760
	Direct memory to use, max: 28819062784
	FilePageCache: regular
	Regular FilePageCache: 629145600 bytes
	DirectByteBuffers pool: 104857600 bytes
2026-02-17 11:19:34,603 [    410]   INFO - #c.i.u.s.JBUIScale - System scale factor: 1.0 (IDE-managed HiDPI)
2026-02-17 11:19:34,608 [    415]   INFO - #c.i.p.e.i.f.EelMultiRoutingFileSystemBackendInitializationService - Eel MultiRoutingFileSystem backend is initialized
2026-02-17 11:19:34,610 [    417]   INFO - #c.i.o.v.n.i.VfsData - Use SoftReference in VFS cache: true
2026-02-17 11:19:34,640 [    447]   INFO - #c.i.o.u.LowMemoryWatcherManager - Use ExponentiallySmoothingTracker(90000 ms)
2026-02-17 11:19:34,640 [    447]   INFO - #c.i.a.o.PathMacrosImpl - Loaded path macros: {MAVEN_REPOSITORY=/data/cache/.m2}
2026-02-17 11:19:34,643 [    450]   INFO - #c.i.o.u.LowMemoryWatcherManager - Subscribing to MemoryPool[G1 Old Gen]{max: 28840034304, threshold: 27398031360 (0.95 * max)}
2026-02-17 11:19:34,643 [    450]   INFO - #c.i.o.u.LowMemoryWatcherManager - Schedule GC-time updating: each 15000ms
2026-02-17 11:19:34,644 [    451]   INFO - #c.i.o.v.n.p.PersistentFSLoader - VFS uses names enumerator over mmapped file
2026-02-17 11:19:34,645 [    452]   INFO - #c.i.o.v.n.p.PersistentFSLoader - VFS uses streamlined attributes storage (over mmapped file)
2026-02-17 11:19:34,646 [    453]   INFO - #c.i.o.v.n.p.PersistentFSLoader - VFS uses content storage over memory-mapped file, with compression algo: LZ4[ > 8000b ]
2026-02-17 11:19:34,648 [    455]   INFO - #c.i.o.v.n.p.PersistentFSLoader - VFS uses OverMMappedFile(pageSize=67108864, acquireStorageOwnership=true) storage for main file records table
2026-02-17 11:19:34,649 [    456]   INFO - #c.i.p.k.b.BackendKernelServiceKt - Backend started Kernel
2026-02-17 11:19:34,659 [    466]   INFO - c.i.p.i.IdeFingerprint - Calculated dependencies fingerprint in 120 ms (hash=1tussrywj5rru, buildTime=1771327174, appVersion=QDJVM-253.31444)
2026-02-17 11:19:34,680 [    487]   INFO - #c.i.l.LocalizationStateServiceImpl - [i18n] Localization property from registry is null
2026-02-17 11:19:34,761 [    568]   INFO - #c.i.i.p.ExpiredPluginsState - Plugins to skip: []
2026-02-17 11:19:34,765 [    572]   INFO - #c.i.i.s.StatisticsRegionSettingsServiceImpl - Statistics. Region code is not_set
2026-02-17 11:19:34,782 [    589]   INFO - #c.i.o.v.n.p.FSRecords - VFS health-check enabled: first after 600000 ms, and each following 43200000 ms, wrap in RA: true
2026-02-17 11:19:34,788 [    595]   INFO - #fleet.kernel.Transactor - Duration: 126.784375ms, change from: fleet.tracing.runtime.Span$Noop@1c67e3a9
2026-02-17 11:19:34,808 [    615]   INFO - #c.i.i.s.e.StatisticsEventLoggerProvider - Initialize event logger provider for 'FUS'
2026-02-17 11:19:34,813 [    620]   INFO - #c.i.i.s.e.StatisticsEventLoggerProvider - Initialize event logger provider for 'MP'
2026-02-17 11:19:34,813 [    620]   INFO - #c.i.i.s.e.StatisticsEventLoggerProvider - Initialize event logger provider for 'TRACE'
2026-02-17 11:19:34,813 [    620]   INFO - #c.i.i.s.e.StatisticsEventLoggerProvider - Initialize event logger provider for 'ML'
2026-02-17 11:19:34,823 [    630]   INFO - #c.i.p.trialPromotion - IDE is not managed
2026-02-17 11:19:34,823 [    630]   INFO - #c.i.s.c.m.SettingsRepositoryToSettingsSyncMigration - No data from settingsRepository in 'settingsRepository' folder => no migration needed
2026-02-17 11:19:34,833 [    640]   INFO - #c.i.p.trialPromotion - [auto-trial check] Not eligible for auto-trial: the user is not new or imported config is not old enough
2026-02-17 11:19:34,868 [    675]   INFO - #c.i.u.n.s.CertificateManager - Default SSL context initialized
2026-02-17 11:19:34,876 [    683]   INFO - #c.i.p.trialPromotion - Checking available licenses for product [QDL]
2026-02-17 11:19:34,886 [    693]   INFO - #c.i.p.trialPromotion - Get licenses: request requires authentication
2026-02-17 11:19:34,886 [    693]   INFO - #c.i.p.trialPromotion - Checking trial availability for product [QDL]
2026-02-17 11:19:34,899 [    706]   INFO - #o.j.i.BuiltInServerManager - built-in server started, port 63342
2026-02-17 11:19:34,919 [    726]   INFO - #c.i.u.i.c.d.IndexWriter - Use com.intellij.util.indexing.contentQueue.dev.MultiThreadedWithSuspendIndexWriter@209d3d57 as (parallel) index writer implementation
2026-02-17 11:19:34,921 [    728]   INFO - #c.i.u.i.i.SlruIndexStorageCacheProvider - SLRU cache will be used for indexes
2026-02-17 11:19:34,921 [    728]   INFO - #c.i.u.i.i.MapIndexStorageCacheProvider$Companion - Default index storage cache provider [com.intellij.util.indexing.impl.SlruIndexStorageCacheProvider@41710120] is used
2026-02-17 11:19:35,205 [   1012]   INFO - #c.i.i.s.DeviceIdManager - Generating new Device ID for 'MP'
2026-02-17 11:19:35,206 [   1013]   INFO - #c.i.i.s.e.EventLogConfiguration - Generating new salt for MP
2026-02-17 11:19:35,771 [   1578]   INFO - #c.i.o.v.n.p.PersistentFSLoader - VFS: impl (expected) version=846400, 0 file records, 0 content blobs
2026-02-17 11:19:35,786 [   1593]   INFO - #c.i.o.v.n.p.FSRecordsImpl - VFS scanned: file-by-name index was populated
2026-02-17 11:19:35,791 [   1598]   INFO - #c.i.o.v.n.p.FSRecordsImpl - VFS initialized: 1137 ms, 0 failed attempts, 0 error(s) were recovered
2026-02-17 11:19:35,803 [   1610]   INFO - #c.i.o.v.n.p.PersistentFSImpl - VFS.MAX_FILE_LENGTH_TO_CACHE: 1048576
2026-02-17 11:19:35,868 [   1675]   INFO - #c.i.o.v.i.l.NativeFileWatcherImpl - Native file watcher is disabled
2026-02-17 11:19:35,871 [   1678]   INFO - #c.i.u.i.FileBasedIndexImpl - Loading indexes
2026-02-17 11:19:35,919 [   1726]   INFO - #c.i.u.i.i.s.IndexStorageLayoutLocator - Layout 'default' will be used to for 'Stubs' index (applicable providers: [default, fake-storage])
2026-02-17 11:19:35,921 [   1728]   INFO - #c.i.u.i.i.s.IndexStorageLayoutLocator - Layout 'default' will be used to for 'fileIncludes' index (applicable providers: [default, fake-storage])
2026-02-17 11:19:35,924 [   1731]   INFO - #c.i.u.i.i.s.IndexStorageLayoutLocator - Layout 'default' will be used to for 'filetypes' index (applicable providers: [default, fake-storage])
2026-02-17 11:19:35,924 [   1731]   INFO - #c.i.u.i.i.s.IndexStorageLayoutLocator - Layout 'default' will be used to for 'FilenameIndex' index (applicable providers: [default, fake-storage])
2026-02-17 11:19:35,924 [   1731]   INFO - #c.i.f.n.TrigramIndexFilter - Filter exclude extensions is enabled: CustomizableExcludeExtensions([com.intellij.java.JavaLibrarySourcesExcludingIndexFilterExtension@371d6301])
2026-02-17 11:19:35,925 [   1732]   INFO - #c.i.u.i.i.s.IndexStorageLayoutLocator - Layout 'default' will be used to for 'Trigram.Index' index (applicable providers: [default, fake-storage]), shards = 1
2026-02-17 11:19:35,925 [   1732]   INFO - #c.i.u.i.i.s.IndexStorageLayoutLocator - Layout 'default' will be used to for 'TodoIndex' index (applicable providers: [default, fake-storage])
2026-02-17 11:19:35,932 [   1739]   INFO - #c.i.u.i.i.s.IndexStorageLayoutLocator - Layout 'default' will be used to for 'IdIndex' index (applicable providers: [default, fake-storage]), shards = 1
2026-02-17 11:19:35,938 [   1745]   INFO - #c.i.u.i.i.s.IndexStorageLayoutLocator - Layout 'default' will be used to for 'HashFragmentIndex' index (applicable providers: [default, fake-storage])
2026-02-17 11:19:35,948 [   1755]   INFO - #c.i.u.i.i.s.IndexStorageLayoutLocator - Layout 'default' will be used to for 'FrameworkDetectionIndex' index (applicable providers: [default, fake-storage])
2026-02-17 11:19:35,978 [   1785]   INFO - #c.i.u.i.i.s.IndexStorageLayoutLocator - Layout 'default' will be used to for 'XmlTagNames' index (applicable providers: [default, fake-storage])
2026-02-17 11:19:35,991 [   1798]   INFO - #c.i.u.i.i.s.IndexStorageLayoutLocator - Layout 'default' will be used to for 'XmlNamespaces' index (applicable providers: [default, fake-storage])
2026-02-17 11:19:36,000 [   1807]   INFO - #c.i.u.i.i.s.IndexStorageLayoutLocator - Layout 'default' will be used to for 'SchemaTypeInheritance' index (applicable providers: [default, fake-storage])
2026-02-17 11:19:36,000 [   1807]   INFO - #c.i.u.i.i.s.IndexStorageLayoutLocator - Layout 'default' will be used to for 'html5.custom.attributes.index' index (applicable providers: [default, fake-storage])
2026-02-17 11:19:36,005 [   1812]   INFO - #c.i.u.i.i.s.IndexStorageLayoutLocator - Layout 'default' will be used to for 'DomFileIndex' index (applicable providers: [default, fake-storage])
2026-02-17 11:19:36,013 [   1820]   INFO - #c.i.u.i.i.s.IndexStorageLayoutLocator - Layout 'default' will be used to for 'RelaxSymbolIndex' index (applicable providers: [default, fake-storage])
2026-02-17 11:19:36,014 [   1821]   INFO - #c.i.u.i.i.s.IndexStorageLayoutLocator - Layout 'default' will be used to for 'json.file.root.values' index (applicable providers: [default, fake-storage])
2026-02-17 11:19:36,014 [   1821]   INFO - #c.i.u.i.i.s.IndexStorageLayoutLocator - Layout 'default' will be used to for 'editorconfig.index.name' index (applicable providers: [default, fake-storage])
2026-02-17 11:19:36,015 [   1822]   INFO - #c.i.u.i.i.s.IndexStorageLayoutLocator - Layout 'default' will be used to for 'XsltSymbolIndex' index (applicable providers: [default, fake-storage])
2026-02-17 11:19:36,021 [   1828]   INFO - #c.i.u.i.i.s.IndexStorageLayoutLocator - Layout 'default' will be used to for 'xmlProperties' index (applicable providers: [default, fake-storage])
2026-02-17 11:19:36,028 [   1835]   INFO - #c.i.u.i.i.s.IndexStorageLayoutLocator - Layout 'default' will be used to for 'java.auto.module.name' index (applicable providers: [default, fake-storage])
2026-02-17 11:19:36,034 [   1841]   INFO - #c.i.u.i.i.s.IndexStorageLayoutLocator - Layout 'default' will be used to for 'java.source.module.name' index (applicable providers: [default, fake-storage])
2026-02-17 11:19:36,039 [   1846]   INFO - #c.i.u.i.i.s.IndexStorageLayoutLocator - Layout 'default' will be used to for 'java.null.method.argument' index (applicable providers: [default, fake-storage])
2026-02-17 11:19:36,043 [   1850]   INFO - #c.i.u.i.i.s.IndexStorageLayoutLocator - Layout 'default' will be used to for 'java.fun.expression' index (applicable providers: [default, fake-storage])
2026-02-17 11:19:36,043 [   1850]   INFO - #c.i.u.i.i.s.IndexStorageLayoutLocator - Layout 'default' will be used to for 'bytecodeAnalysis' index (applicable providers: [default, fake-storage])
2026-02-17 11:19:36,044 [   1851]   INFO - #c.i.u.i.i.s.IndexStorageLayoutLocator - Layout 'default' will be used to for 'java.binary.plus.expression' index (applicable providers: [default, fake-storage])
2026-02-17 11:19:36,053 [   1860]   INFO - #c.i.u.i.i.s.IndexStorageLayoutLocator - Layout 'default' will be used to for 'org.jetbrains.kotlin.idea.versions.KotlinJvmMetadataVersionIndex' index (applicable providers: [default, fake-storage])
2026-02-17 11:19:36,062 [   1869]   INFO - #c.i.u.i.i.s.IndexStorageLayoutLocator - Layout 'default' will be used to for 'org.jetbrains.kotlin.idea.versions.KotlinJsMetadataVersionIndex' index (applicable providers: [default, fake-storage])
2026-02-17 11:19:36,066 [   1873]   INFO - #c.i.u.i.i.s.IndexStorageLayoutLocator - Layout 'default' will be used to for 'org.jetbrains.kotlin.idea.vfilefinder.KotlinPartialPackageNamesIndex' index (applicable providers: [default, fake-storage])
2026-02-17 11:19:36,091 [   1898]   INFO - #c.i.u.i.i.s.IndexStorageLayoutLocator - Layout 'default' will be used to for 'org.jetbrains.kotlin.idea.vfilefinder.KotlinClassFileIndex' index (applicable providers: [default, fake-storage])
2026-02-17 11:19:36,092 [   1899]   INFO - #c.i.u.i.i.s.IndexStorageLayoutLocator - Layout 'default' will be used to for 'org.jetbrains.kotlin.idea.vfilefinder.KotlinJavaScriptMetaFileIndex' index (applicable providers: [default, fake-storage])
2026-02-17 11:19:36,101 [   1908]   INFO - #c.i.u.i.i.s.IndexStorageLayoutLocator - Layout 'default' will be used to for 'org.jetbrains.kotlin.idea.vfilefinder.KotlinMetadataFileIndex' index (applicable providers: [default, fake-storage])
2026-02-17 11:19:36,102 [   1909]   INFO - #c.i.u.i.i.s.IndexStorageLayoutLocator - Layout 'default' will be used to for 'org.jetbrains.kotlin.idea.vfilefinder.KotlinBuiltInsMetadataIndex' index (applicable providers: [default, fake-storage])
2026-02-17 11:19:36,104 [   1911]   INFO - #c.i.u.i.i.s.IndexStorageLayoutLocator - Layout 'default' will be used to for 'org.jetbrains.kotlin.idea.vfilefinder.KotlinStdlibIndex' index (applicable providers: [default, fake-storage])
2026-02-17 11:19:36,106 [   1913]   INFO - #c.i.u.i.i.s.IndexStorageLayoutLocator - Layout 'default' will be used to for 'KotlinPackageSourcesMemberNamesIndex' index (applicable providers: [default, fake-storage])
2026-02-17 11:19:36,108 [   1915]   INFO - #c.i.u.i.i.s.IndexStorageLayoutLocator - Layout 'default' will be used to for 'org.jetbrains.kotlin.idea.vfilefinder.KotlinMetadataFilePackageIndex' index (applicable providers: [default, fake-storage])
2026-02-17 11:19:36,125 [   1932]   INFO - #c.i.u.i.i.s.IndexStorageLayoutLocator - Layout 'default' will be used to for 'org.jetbrains.kotlin.idea.vfilefinder.KlibMetaFileIndex' index (applicable providers: [default, fake-storage])
2026-02-17 11:19:36,125 [   1932]   INFO - #c.i.u.i.i.s.IndexStorageLayoutLocator - Layout 'default' will be used to for 'org.jetbrains.kotlin.idea.vfilefinder.KotlinModuleMappingIndex' index (applicable providers: [default, fake-storage])
2026-02-17 11:19:36,131 [   1938]   INFO - #c.i.u.i.i.s.IndexStorageLayoutLocator - Layout 'default' will be used to for 'org.jetbrains.kotlin.idea.vfilefinder.KotlinJvmModuleAnnotationsIndex' index (applicable providers: [default, fake-storage])
2026-02-17 11:19:36,134 [   1941]   INFO - #c.i.u.i.i.s.IndexStorageLayoutLocator - Layout 'default' will be used to for 'PluginIdDependenciesIndex' index (applicable providers: [default, fake-storage])
2026-02-17 11:19:36,135 [   1942]   INFO - #c.i.u.i.i.s.IndexStorageLayoutLocator - Layout 'default' will be used to for 'IdeaPluginRegistrationIndex' index (applicable providers: [default, fake-storage])
2026-02-17 11:19:36,137 [   1944]   INFO - #c.i.u.i.i.s.IndexStorageLayoutLocator - Layout 'default' will be used to for 'KotlinBinaryRootToPackageIndex' index (applicable providers: [default, fake-storage])
2026-02-17 11:19:36,137 [   1944]   INFO - #c.i.u.i.i.s.IndexStorageLayoutLocator - Layout 'default' will be used to for 'PluginIdModuleIndex' index (applicable providers: [default, fake-storage])
2026-02-17 11:19:36,137 [   1944]   INFO - #c.i.u.i.i.s.IndexStorageLayoutLocator - Layout 'default' will be used to for 'KotlinTopLevelClassLikeDeclarationByPackageShortNameIndex' index (applicable providers: [default, fake-storage])
2026-02-17 11:19:36,138 [   1945]   INFO - #c.i.u.i.i.s.IndexStorageLayoutLocator - Layout 'default' will be used to for 'KotlinTopLevelCallableByPackageShortNameIndex' index (applicable providers: [default, fake-storage])
2026-02-17 11:19:36,138 [   1945]   INFO - #c.i.u.i.i.s.IndexStorageLayoutLocator - Layout 'default' will be used to for 'devkit.ExtensionPointIndex' index (applicable providers: [default, fake-storage])
2026-02-17 11:19:36,140 [   1947]   INFO - #c.i.u.i.i.s.IndexStorageLayoutLocator - Layout 'default' will be used to for 'LombokConfigIndex' index (applicable providers: [default, fake-storage])
2026-02-17 11:19:36,140 [   1947]   INFO - #c.i.u.i.i.s.IndexStorageLayoutLocator - Layout 'default' will be used to for 'devkit.ExtensionPointClassIndex' index (applicable providers: [default, fake-storage])
2026-02-17 11:19:36,141 [   1948]   INFO - #c.i.u.i.i.s.IndexStorageLayoutLocator - Layout 'default' will be used to for 'com.intellij.uiDesigner.FormClassIndex' index (applicable providers: [default, fake-storage])
2026-02-17 11:19:36,153 [   1960]   INFO - #c.i.u.i.FileBasedIndexImpl - Indices to be built:java.binary.plus.expression(v = 4),java.source.module.name(v = 4),org.jetbrains.kotlin.idea.vfilefinder.KlibMetaFileIndex(v = 4),html5.custom.attributes.index(v = 1),filetypes(v = 4096),XmlNamespaces(v = 8),java.auto.module.name(v = 6),devkit.ExtensionPointIndex(v = 12),XmlTagNames(v = 1),KotlinTopLevelCallableByPackageShortNameIndex(v = 3),org.jetbrains.kotlin.idea.vfilefinder.KotlinBuiltInsMetadataIndex(v = 4),org.jetbrains.kotlin.idea.versions.KotlinJvmMetadataVersionIndex(v = 5),com.intellij.uiDesigner.FormClassIndex(v = 0),KotlinBinaryRootToPackageIndex(v = 7),org.jetbrains.kotlin.idea.vfilefinder.KotlinMetadataFilePackageIndex(v = 2),SchemaTypeInheritance(v = 2),PluginIdModuleIndex(v = 13),java.null.method.argument(v = 1),IdeaPluginRegistrationIndex(v = 20),org.jetbrains.kotlin.idea.vfilefinder.KotlinPartialPackageNamesIndex(v = 5),KotlinPackageSourcesMemberNamesIndex(v = 2),org.jetbrains.kotlin.idea.vfilefinder.KotlinMetadataFileIndex(v = 2),PluginIdDependenciesIndex(v = 17),DomFileIndex(v = 0),Trigram.Index(v = 4),org.jetbrains.kotlin.idea.vfilefinder.KotlinJvmModuleAnnotationsIndex(v = 1),XsltSymbolIndex(v = 0),org.jetbrains.kotlin.idea.vfilefinder.KotlinClassFileIndex(v = 3),RelaxSymbolIndex(v = 0),Stubs(v = 46),LombokConfigIndex(v = 15),FrameworkDetectionIndex(v = 65536),org.jetbrains.kotlin.idea.versions.KotlinJsMetadataVersionIndex(v = 3),FilenameIndex(v = 258),editorconfig.index.name(v = 5),bytecodeAnalysis(v = 11),devkit.ExtensionPointClassIndex(v = 12),IdIndex(v = 22),java.fun.expression(v = 6),org.jetbrains.kotlin.idea.vfilefinder.KotlinModuleMappingIndex(v = 5),org.jetbrains.kotlin.idea.vfilefinder.KotlinStdlibIndex(v = 2),KotlinTopLevelClassLikeDeclarationByPackageShortNameIndex(v = 3),fileIncludes(v = 6),xmlProperties(v = 2),json.file.root.values(v = 5),HashFragmentIndex(v = 19111503),TodoIndex(v = 13),org.jetbrains.kotlin.idea.vfilefinder.KotlinJavaScriptMetaFileIndex(v = 4)
2026-02-17 11:19:36,155 [   1962]   INFO - #c.i.u.i.FileBasedIndexImpl - Using simple flusher for indexes
2026-02-17 11:19:36,157 [   1964]   INFO - #c.i.u.i.IndexDataInitializer - Index data initialization done: 281 ms. Initialized indexes: [FilenameIndex, Trigram.Index, XmlTagNames, IdIndex, XmlNamespaces, HashFragmentIndex, TodoIndex, SchemaTypeInheritance, FrameworkDetectionIndex, fileIncludes, json.file.root.values, html5.custom.attributes.index, DomFileIndex, XsltSymbolIndex, RelaxSymbolIndex, xmlProperties, editorconfig.index.name, java.source.module.name, bytecodeAnalysis, java.auto.module.name, java.binary.plus.expression, org.jetbrains.kotlin.idea.vfilefinder.KotlinPartialPackageNamesIndex, org.jetbrains.kotlin.idea.versions.KotlinJsMetadataVersionIndex, Stubs, java.null.method.argument, org.jetbrains.kotlin.idea.versions.KotlinJvmMetadataVersionIndex, java.fun.expression, org.jetbrains.kotlin.idea.vfilefinder.KotlinJavaScriptMetaFileIndex, filetypes, org.jetbrains.kotlin.idea.vfilefinder.KotlinClassFileIndex, org.jetbrains.kotlin.idea.vfilefinder.KotlinBuiltInsMetadataIndex, org.jetbrains.kotlin.idea.vfilefinder.KotlinMetadataFileIndex, org.jetbrains.kotlin.idea.vfilefinder.KotlinStdlibIndex, KotlinPackageSourcesMemberNamesIndex, org.jetbrains.kotlin.idea.vfilefinder.KotlinMetadataFilePackageIndex, org.jetbrains.kotlin.idea.vfilefinder.KotlinModuleMappingIndex, PluginIdDependenciesIndex, devkit.ExtensionPointIndex, org.jetbrains.kotlin.idea.vfilefinder.KotlinJvmModuleAnnotationsIndex, KotlinBinaryRootToPackageIndex, PluginIdModuleIndex, KotlinTopLevelCallableByPackageShortNameIndex, KotlinTopLevelClassLikeDeclarationByPackageShortNameIndex, org.jetbrains.kotlin.idea.vfilefinder.KlibMetaFileIndex, com.intellij.uiDesigner.FormClassIndex, IdeaPluginRegistrationIndex, LombokConfigIndex, devkit.ExtensionPointClassIndex].
2026-02-17 11:19:36,294 [   2101]   INFO - #c.i.p.s.StubIndexImpl - Following stub indices will be built:KotlinTopLevelFunctionByPackageIndex(v = 2),KotlinTypeAliasByExpansionShortNameIndex(v = 2),KotlinProbablyNothingPropertyShortNameIndex(v = 2),gr.script.fqn.s(v = 5),java.field.name(v = 2),org.jetbrains.kotlin.idea.stubindex.KotlinTopLevelTypeAliasFqNameIndex(v = 2),org.jetbrains.kotlin.idea.stubindex.KotlinSubclassObjectNameIndex(v = 3),gr.script.class(v = 5),org.jetbrains.kotlin.idea.stubindex.KotlinPropertyShortNameIndex(v = 2),dom.elementClass(v = 0),dom.namespaceKey(v = 1),org.jetbrains.kotlin.idea.stubindex.KotlinMultifileClassPartIndex(v = 2),org.jetbrains.kotlin.idea.stubindex.KotlinFilePartClassIndex(v = 2),org.jetbrains.kotlin.idea.stubindex.KotlinFullClassNameIndex(v = 3),KotlinTopLevelExpectFunctionFqNameIndex(v = 2),KotlinTopLevelTypeAliasByPackageIndex(v = 2),org.jetbrains.kotlin.idea.stubindex.KotlinSuperClassIndex(v = 2),kotlin.primeIndexKey(v = 2),org.jetbrains.kotlin.idea.stubindex.KotlinTopLevelFunctionFqnNameIndex(v = 3),org.jetbrains.kotlin.idea.stubindex.KotlinInnerTypeAliasClassIdIndex(v = 2),java.module.name(v = 4),java.annotations(v = 2),org.jetbrains.kotlin.idea.stubindex.KotlinTopLevelPropertyFqnNameIndex(v = 3),gr.field.name(v = 5),java.class.shortname(v = 4),KotlinOverridableInternalMembersShortNameIndex(v = 2),jvm.static.member.name(v = 2),org.jetbrains.kotlin.idea.stubindex.KotlinJvmNameAnnotationIndex(v = 2),org.jetbrains.kotlin.idea.stubindex.KotlinClassShortNameIndex(v = 3),java.method.name(v = 2),KotlinTopLevelPropertyByPackageIndex(v = 2),KotlinTopLevelExpectPropertyFqNameIndex(v = 2),KotlinProbablyNothingFunctionShortNameIndex(v = 2),java.method.parameter.types(v = 3),java.record.component.name(v = 2),java.class.extlist(v = 3),gr.class.super(v = 5),org.jetbrains.kotlin.idea.stubindex.KotlinFileFacadeShortNameIndex(v = 3),java.unnamed.class(v = 2),jvm.static.member.type(v = 2),org.jetbrains.kotlin.idea.stubindex.KotlinFileFacadeFqNameIndex(v = 2),org.jetbrains.kotlin.idea.stubindex.KotlinTypeAliasShortNameIndex(v = 2),org.jetbrains.kotlin.idea.stubindex.KotlinExactPackagesIndex(v = 2),KotlinFileFacadeClassByPackageIndex(v = 2),org.jetbrains.kotlin.idea.stubindex.KotlinFunctionShortNameIndex(v = 3),java.class.fqn(v = 1),org.jetbrains.kotlin.idea.stubindex.KotlinAnnotationsIndex(v = 3),gr.class.fqn.s(v = 5),gr.method.name(v = 5),org.jetbrains.kotlin.idea.stubindex.KotlinTopLevelClassByPackageIndex(v = 2),gr.annot.method.name(v = 5),KotlinProbablyContractedFunctionShortNameIndex(v = 2),org.jetbrains.kotlin.idea.stubindex.KotlinScriptFqnIndex(v = 2),KotlinTopLevelExtensionsByReceiverTypeIndex(v = 4),properties.index(v = 2),gr.annot.members(v = 5),gr.anonymous.class(v = 6),java.anonymous.baseref(v = 2),KotlinExtensionsInObjectsByReceiverTypeIndex(v = 2),KotlinProbablyInjectedFunctionShortNameIndex(v = 2)
2026-02-17 11:19:36,296 [   2103]   INFO - #c.i.u.i.IndexDataInitializer - Index data initialization done: 139 ms. Initialized stub indexes: {java.method.name, KotlinProbablyNothingFunctionShortNameIndex, org.jetbrains.kotlin.idea.stubindex.KotlinScriptFqnIndex, dom.namespaceKey, java.method.parameter.types, org.jetbrains.kotlin.idea.stubindex.KotlinInnerTypeAliasClassIdIndex, org.jetbrains.kotlin.idea.stubindex.KotlinTypeAliasShortNameIndex, KotlinTopLevelExpectPropertyFqNameIndex, jvm.static.member.name, gr.class.super, org.jetbrains.kotlin.idea.stubindex.KotlinSuperClassIndex, KotlinTopLevelFunctionByPackageIndex, KotlinTopLevelTypeAliasByPackageIndex, org.jetbrains.kotlin.idea.stubindex.KotlinExactPackagesIndex, org.jetbrains.kotlin.idea.stubindex.KotlinJvmNameAnnotationIndex, java.unnamed.class, properties.index, KotlinTypeAliasByExpansionShortNameIndex, gr.annot.members, KotlinProbablyContractedFunctionShortNameIndex, gr.class.fqn.s, KotlinProbablyInjectedFunctionShortNameIndex, gr.field.name, java.annotations, gr.script.fqn.s, KotlinProbablyNothingPropertyShortNameIndex, gr.script.class, jvm.static.member.type, gr.method.name, org.jetbrains.kotlin.idea.stubindex.KotlinMultifileClassPartIndex, gr.annot.method.name, java.record.component.name, org.jetbrains.kotlin.idea.stubindex.KotlinSubclassObjectNameIndex, org.jetbrains.kotlin.idea.stubindex.KotlinAnnotationsIndex, org.jetbrains.kotlin.idea.stubindex.KotlinFileFacadeShortNameIndex, org.jetbrains.kotlin.idea.stubindex.KotlinTopLevelPropertyFqnNameIndex, org.jetbrains.kotlin.idea.stubindex.KotlinTopLevelFunctionFqnNameIndex, dom.elementClass, KotlinTopLevelExpectFunctionFqNameIndex, java.class.shortname, org.jetbrains.kotlin.idea.stubindex.KotlinFilePartClassIndex, java.module.name, java.class.fqn, java.class.extlist, org.jetbrains.kotlin.idea.stubindex.KotlinFunctionShortNameIndex, KotlinTopLevelExtensionsByReceiverTypeIndex, KotlinExtensionsInObjectsByReceiverTypeIndex, org.jetbrains.kotlin.idea.stubindex.KotlinFileFacadeFqNameIndex, KotlinOverridableInternalMembersShortNameIndex, org.jetbrains.kotlin.idea.stubindex.KotlinClassShortNameIndex, org.jetbrains.kotlin.idea.stubindex.KotlinFullClassNameIndex, KotlinFileFacadeClassByPackageIndex, org.jetbrains.kotlin.idea.stubindex.KotlinTopLevelClassByPackageIndex, kotlin.primeIndexKey, java.field.name, org.jetbrains.kotlin.idea.stubindex.KotlinPropertyShortNameIndex, KotlinTopLevelPropertyByPackageIndex, java.anonymous.baseref, org.jetbrains.kotlin.idea.stubindex.KotlinTopLevelTypeAliasFqNameIndex, gr.anonymous.class}.
2026-02-17 11:19:36,591 [   2398]   INFO - STDOUT - By using this linter, you agree to
2026-02-17 11:19:36,594 [   2401]   INFO - STDOUT - - JetBrains Privacy Policy (https://jb.gg/jetbrains-privacy-policy)
2026-02-17 11:19:36,594 [   2401]   INFO - STDOUT - - Qodana Community Linters Agreement (https://jb.gg/qodana-community-linters)
2026-02-17 11:19:36,594 [   2401]   INFO - STDOUT - Qodana license plan: Community
2026-02-17 11:19:36,596 [   2403]   WARN - org.jline - Unable to create a system terminal, creating a dumb terminal (enable debug logging for more information)
2026-02-17 11:19:36,617 [   2424]   WARN - org.jline - Unable to create a system terminal, creating a dumb terminal (enable debug logging for more information)
2026-02-17 11:19:36,628 [   2435]   INFO - STDOUT -                                         
2026-02-17 11:19:36,629 [   2436]   INFO - STDOUT -           _              _       
2026-02-17 11:19:36,629 [   2436]   INFO - STDOUT -          /\ \           /\ \        Qodana for JVM 2025.3.3 Preview
2026-02-17 11:19:36,630 [   2437]   INFO - STDOUT -         /  \ \         /  \ \       Documentation
2026-02-17 11:19:36,631 [   2438]   INFO - STDOUT -        / /\ \ \       / /\ \ \      https://jb.gg/qodana-docs
2026-02-17 11:19:36,631 [   2438]   INFO - STDOUT -       / / /\ \ \     / / /\ \ \     Contact us at
2026-02-17 11:19:36,632 [   2439]   INFO - STDOUT -      / / /  \ \_\   / / /  \ \_\    qodana-support@jetbrains.com
2026-02-17 11:19:36,632 [   2439]   INFO - STDOUT -     / / / _ / / /  / / /   / / /    Or via our issue tracker
2026-02-17 11:19:36,633 [   2440]   INFO - STDOUT -    / / / /\ \/ /  / / /   / / /     https://jb.gg/qodana-issue
2026-02-17 11:19:36,633 [   2440]   INFO - STDOUT -   / / /__\ \ \/  / / /___/ / /      Or share your feedback at our forum
2026-02-17 11:19:36,634 [   2441]   INFO - STDOUT -  / / /____\ \ \ / / /____\/ /       https://jb.gg/qodana-forum
2026-02-17 11:19:36,634 [   2441]   INFO - STDOUT -  \/________\_\/ \/_________/     
2026-02-17 11:19:36,634 [   2441]   INFO - STDOUT -                                                    
2026-02-17 11:19:36,635 [   2442]   INFO - STDOUT -                                         
2026-02-17 11:19:36,637 [   2444]   INFO - STDOUT - Starting up Qodana for JVM 2025.3.3 Preview (build QDJVM-253.31444)…done.
2026-02-17 11:19:36,644 [   2451]   WARN - #c.i.p.trialPromotion - Trial dry-run: request failed: There is no release for version 2025.3
2026-02-17 11:19:47,430 [  13237]   INFO - #o.j.q.j.j.QodanaConfigJdkService - Setting up JDK '21' from Qodana config
2026-02-17 11:19:47,452 [  13259]   INFO - #c.i.o.p.i.j.JdkAuto - Looking for a local SDK for JDK with name 21
2026-02-17 11:19:47,474 [  13281]   INFO - #c.i.o.p.i.j.JdkAuto - The following local JDKs were found: [/opt/idea/jbr, 21.0.10, 21]
2026-02-17 11:19:47,527 [  13334]   INFO - #c.i.w.i.i.j.s.JpsGlobalModelSynchronizerImpl - Loading global entities com.intellij.platform.workspace.jps.entities.SdkEntity from files
2026-02-17 11:19:47,528 [  13335]   INFO - #c.i.w.i.i.j.s.JpsGlobalModelSynchronizerImpl - Loading global entities com.intellij.platform.workspace.jps.entities.LibraryEntity from files
2026-02-17 11:19:47,557 [  13364]   INFO - #c.i.u.s.JBUIScale - Computed user scale factor: 1.0 (IDE-managed HiDPI)
2026-02-17 11:19:47,920 [  13727]   INFO - #c.i.w.i.i.GlobalWorkspaceModel - Global model updated to version 2 in 10 ms: Adding SDK: 21 JavaSDK
2026-02-17 11:19:47,921 [  13728]   INFO - #c.i.o.p.i.UnknownMissingSdkFixLocal - Automatically set Sdk SdkLookup{JDK, name=21} to /opt/idea/jbr
2026-02-17 11:19:47,921 [  13728]   INFO - #o.j.q.j.j.QodanaConfigJdkService - Setting up JDK '21' from Qodana config completed
2026-02-17 11:19:47,925 [  13732]   INFO - #o.j.q.s.i.r.ConsoleLog - Preparing for the Project opening stage ...
2026-02-17 11:19:47,925 [  13732]   INFO - STDOUT - Opening project…Preparing for the Project opening stage ...
2026-02-17 11:19:47,938 [  13745]   INFO - #c.i.i.i.ProjectUtil - Opening existing project with .idea at /data/project
2026-02-17 11:19:47,949 [  13756]   INFO - #c.i.p.p.ProjectEntitiesStorage - Creating entity for project ProjectId(id=6100442m8cjlu67kh31p)
2026-02-17 11:19:47,958 [  13765]   INFO - #c.i.p.p.ProjectEntitiesStorage - Entity for project ProjectId(id=6100442m8cjlu67kh31p) created successfully
2026-02-17 11:19:47,970 [  13777]   INFO - #c.i.c.ComponentStoreImpl - Project store initialization started for path: /data/project and template: null
2026-02-17 11:19:48,018 [  13825]   INFO - #c.i.c.ComponentStoreImpl - Project store initialized with paths: [Macro(key=$PROJECT_CONFIG_DIR$, value=/data/project/.idea), Macro(key=$WORKSPACE_FILE$, value=/data/project/.idea/workspace.xml), Macro(key=$PROJECT_FILE$, value=/data/project/.idea/misc.xml), Macro(key=$CACHE_FILE$, value=/data/cache/idea/253/projects/project.15375f63/cache-state.xml), Macro(key=$PRODUCT_WORKSPACE_FILE$, value=/root/.config/idea/workspace/34jFNVRP1mvQHeF1ZhaD1SREEFz.xml)]
2026-02-17 11:19:48,034 [  13841]   INFO - #c.i.w.i.i.GlobalWorkspaceModel - Project java-basics is added to the list of initializing and open projects
2026-02-17 11:19:48,035 [  13842]   INFO - #c.i.w.i.i.l.m.ModuleBridgeLoaderService - Workspace model loaded without cache. Loading real project state into workspace model. Thread[#47,DefaultDispatcher-worker-15,5,main]
2026-02-17 11:19:48,075 [  13882]   INFO - #c.i.w.i.i.EntitiesOrphanageImpl - Update orphanage. 0 modules added
2026-02-17 11:19:48,077 [  13884]   INFO - #c.i.w.i.i.WorkspaceModelImpl - Project model updated to version 1 in 28 ms: Change entity sources to externally imported
2026-02-17 11:19:48,186 [  13993]   INFO - #c.i.w.i.i.GlobalWorkspaceModel - Sync global entities with mutable entity storage
2026-02-17 11:19:48,210 [  14017]   INFO - #c.i.w.i.i.j.s.JpsProjectModelSynchronizer - Attempt 1: Apply JPS storage (iml files)
2026-02-17 11:19:48,234 [  14041]   INFO - #c.i.c.m.CodeInsightContextEnabling - multiverse is enabled
2026-02-17 11:19:48,269 [  14076]   INFO - #c.i.w.i.i.GlobalWorkspaceModel - During global workspace model update the changes were also applied to project: java-basics
2026-02-17 11:19:48,270 [  14077]   INFO - #c.i.w.i.i.GlobalWorkspaceModel - Global model updated to version 3 in 2 ms: Sync entities from project java-basics with global storage
2026-02-17 11:19:48,270 [  14077]   INFO - #c.i.w.i.i.EntitiesOrphanageImpl - Update orphanage. 0 modules added
2026-02-17 11:19:48,281 [  14088]   INFO - #c.i.w.i.i.WorkspaceModelImpl - Project model updated to version 2
2026-02-17 11:19:48,283 [  14090]   INFO - #c.i.w.i.i.EntitiesOrphanageImpl - Update orphanage. 1 modules added
2026-02-17 11:19:48,283 [  14090]   INFO - #c.i.w.i.i.j.s.JpsProjectModelSynchronizer - Attempt 1: Changes were successfully applied
2026-02-17 11:19:48,325 [  14132]   INFO - #c.i.p.c.ProjectCodeStyleSettingsManager - Initialized from default code style settings.
2026-02-17 11:19:48,371 [  14178]   INFO - #c.i.w.i.i.EntitiesOrphanageImpl - Update orphanage. 0 modules added
2026-02-17 11:19:48,372 [  14179]   INFO - #c.i.w.i.i.WorkspaceModelImpl - Project model updated to version 3 in 14 ms: Module model commit
2026-02-17 11:19:48,418 [  14225]   INFO - #c.i.w.i.i.EntitiesOrphanageImpl - Update orphanage. 0 modules added
2026-02-17 11:19:48,418 [  14225]   INFO - #c.i.w.i.i.WorkspaceModelImpl - Project model updated to version 4 in 17 ms: Root model commit
2026-02-17 11:19:48,428 [  14235]   INFO - #c.i.w.i.i.EntitiesOrphanageImpl - Update orphanage. 0 modules added
2026-02-17 11:19:48,429 [  14236]   INFO - #c.i.w.i.i.WorkspaceModelImpl - Project model updated to version 5 in 4 ms: Add project root /data/project to project java-basics
2026-02-17 11:19:48,429 [  14236]   INFO - #c.i.o.p.i.ProjectManagerImpl - Project java-basics was added to the list of open projects
2026-02-17 11:19:48,457 [  14264]   INFO - #c.i.o.p.MergingQueueGuiExecutor - Running task: (dumb mode task) com.intellij.openapi.project.InitialDumbTaskRequiredForSmartMode@62fac943
2026-02-17 11:19:48,460 [  14267]   INFO - #c.i.o.p.DumbServiceMergingTaskQueue - Initializing DumbServiceMergingTaskQueue...
2026-02-17 11:19:48,463 [  14270]   INFO - #c.i.o.p.InitialDumbTaskRequiredForSmartMode - Running task required for smart mode: com.intellij.util.indexing.ProjectFileBasedIndexStartupActivity@4c068633
2026-02-17 11:19:48,464 [  14271]   INFO - #c.i.u.i.FileBasedIndexImpl - Indexes are already loaded
2026-02-17 11:19:48,466 [  14273]   INFO - STDOUT - 'external-system' is in progress...
2026-02-17 11:19:48,467 [  14274]   INFO - #c.i.u.i.p.IncrementalProjectIndexableFilesFilterHolder - PersistentProjectIndexableFilesFilterFactory is chosen as indexable files filter factory for project: java-basics
2026-02-17 11:19:48,470 [  14277]   INFO - #c.i.u.i.FileBasedIndexImpl - Indexes are already loaded
2026-02-17 11:19:48,490 [  14297]   INFO - #c.i.o.e.s.p.m.ExternalProjectsDataStorage - Load external projects data in 3 millis (read time: 0)
2026-02-17 11:19:48,510 [  14317]   INFO - #c.i.o.v.i.p.NewMappings - VCS Root: [Git] - [<Project>]
2026-02-17 11:19:48,511 [  14318]   INFO - #c.i.o.v.i.p.NewMappings - VCS Root: [Git] - [/data/project/subproject]
2026-02-17 11:19:48,560 [  14367]   INFO - #o.j.k.i.PluginStartupActivity - Kotlin plugin mode: K2
2026-02-17 11:19:48,562 [  14369]   INFO - #o.j.q.s.i.r.ConsoleLog - Setting project JDK 21
2026-02-17 11:19:48,563 [  14370]   INFO - STDOUT - Setting project JDK 21
2026-02-17 11:19:48,564 [  14371]   INFO - #o.j.q.j.j.SdkRootsFixActivity - Set resolve roots for SDK 21 Version:java version "21.0.10" Path:(/opt/idea/jbr)
2026-02-17 11:19:48,577 [  14384]   INFO - #c.i.i.s.IdeStartupScripts - 0 startup script(s) found
2026-02-17 11:19:48,595 [  14402]   INFO - #c.i.d.PerformanceWatcherImpl - Post-startup activities under progress took 139ms; general responsiveness: ok; EDT responsiveness: ok
2026-02-17 11:19:48,607 [  14414]   WARN - #o.j.i.maven - MavenProjectsTree is inconsistent
2026-02-17 11:19:48,609 [  14416]   INFO - #o.j.i.maven - Updating index list for project Project(name=java-basics, containerState=COMPONENT_CREATED, componentStore=/data/project)
2026-02-17 11:19:48,609 [  14416]   INFO - #o.j.i.maven - updating index list for Project(name=java-basics, containerState=COMPONENT_CREATED, componentStore=/data/project) - will add repository local:local:/data/cache/.m2, before was null
2026-02-17 11:19:48,612 [  14419]   WARN - #o.j.i.maven - updateAllMavenProjects started: incremental=false, MavenProjectsManager.onProjectStartup java-basics
2026-02-17 11:19:48,612 [  14419]   INFO - #o.j.i.maven - Starting update maven index for local:local:/data/cache/.m2
2026-02-17 11:19:48,616 [  14423]   INFO - #o.j.i.maven - GAV index updated for repo /data/cache/.m2, 0 files processed in 0 groups in 2 millis, succeed = true
2026-02-17 11:19:48,623 [  14430]   INFO - #git4idea.commands.GitHandler - [/data/project] git -c core.quotepath=false -c log.showSignature=false version
2026-02-17 11:19:48,633 [  14440]   INFO - #git4idea.commands.GitHandler - git version 2.39.5
2026-02-17 11:19:48,636 [  14443]   INFO - #git4idea.config.GitExecutableFileTester - Git version for /usr/bin/git: 2.39.5.0 (UNIX)
2026-02-17 11:19:48,721 [  14528]   INFO - #c.i.c.CompilerWorkspaceConfiguration - Available processors: 8
2026-02-17 11:20:01,744 [  27551]   INFO - #c.i.u.i.d.AppIndexingDependenciesService - Invalidating all indexing flags. Reason: App fingerprint changed: FingerprintImpl(fingerprint=0) to FingerprintImpl(fingerprint=8668020364623507162)
2026-02-17 11:20:01,750 [  27557]   INFO - #c.i.u.i.UnindexedFilesScanner - Full scanning on startup will NOT be skipped for project java-basics because of following unsatisfied conditions:
FILTER_IS_NOT_UP_TO_DATE: Persistent indexable files filter is NOT up-to-date because of following unsatisfied conditions: [IS_FILTER_LOADED_FROM_DISK, FILTER_IS_NOT_INVALIDATED, INDEXING_REQUEST_ID_DID_NOT_CHANGE_AFTER_LAST_SCANNING]
2026-02-17 11:20:01,752 [  27559]   WARN - #c.i.w.i.i.WorkspaceModelMessageDeliveryListener - Long WSM event processing. Topic=WorkspaceModelChangeListener, offender=class com.intellij.workspaceModel.ide.impl.legacyBridge.module.LegacyProjectModelListenersBridge, message=changed, time=13200ms
2026-02-17 11:20:01,753 [  27560]   INFO - #c.i.w.i.i.EntitiesOrphanageImpl - Update orphanage. 0 modules added
2026-02-17 11:20:01,754 [  27561]   INFO - #c.i.w.i.i.WorkspaceModelImpl - Project model updated to version 6 in 13216 ms: ConstantEntitiesCheckActivity
2026-02-17 11:20:01,756 [  27563]   INFO - #c.i.o.p.UnindexedFilesScannerExecutor - [15375f63] Running task: com.intellij.util.indexing.UnindexedFilesScannerExecutorImpl$ScheduledScanningTask@113780ce
2026-02-17 11:20:01,756 [  27563]   INFO - #c.i.w.i.i.WorkspaceModelImpl - Project model update details: Updater code: 1 ms, Pre handlers: 0 ms, Collect changes: 0 ms
2026-02-17 11:20:01,757 [  27564]   INFO - #c.i.w.i.i.WorkspaceModelImpl - Bridge initialization: 0 ms, To snapshot: 0 ms
2026-02-17 11:20:01,761 [  27568]   INFO - #c.i.o.p.InitialDumbTaskRequiredForSmartMode - Finished task required for smart mode: com.intellij.util.indexing.ProjectFileBasedIndexStartupActivity@4c068633
2026-02-17 11:20:01,761 [  27568]   INFO - #c.i.o.p.InitialDumbTaskRequiredForSmartMode - Running task required for smart mode: com.intellij.util.indexing.FileBasedIndexInfrastructureExtensionStartup@586223b3
2026-02-17 11:20:01,761 [  27568]   INFO - #c.i.o.p.InitialDumbTaskRequiredForSmartMode - Finished task required for smart mode: com.intellij.util.indexing.FileBasedIndexInfrastructureExtensionStartup@586223b3
2026-02-17 11:20:01,761 [  27568]   INFO - #c.i.o.p.InitialDumbTaskRequiredForSmartMode - Running task required for smart mode: com.intellij.util.indexing.DumbModeWhileScanningSubscriber@4a00daee
2026-02-17 11:20:01,761 [  27568]   INFO - #c.i.o.p.InitialDumbTaskRequiredForSmartMode - Finished task required for smart mode: com.intellij.util.indexing.DumbModeWhileScanningSubscriber@4a00daee
2026-02-17 11:20:01,761 [  27568]   INFO - #c.i.o.p.InitialDumbTaskRequiredForSmartMode - Running task required for smart mode: com.intellij.ide.projectWizard.generators.SdkPreIndexingRequiredForSmartModeActivity@63eff9bc
2026-02-17 11:20:01,762 [  27569]   INFO - #c.i.o.p.InitialDumbTaskRequiredForSmartMode - Finished task required for smart mode: com.intellij.ide.projectWizard.generators.SdkPreIndexingRequiredForSmartModeActivity@63eff9bc
2026-02-17 11:20:01,762 [  27569]   INFO - #c.i.o.p.MergingQueueGuiExecutor - Task finished: (dumb mode task) com.intellij.openapi.project.InitialDumbTaskRequiredForSmartMode@62fac943
2026-02-17 11:20:01,767 [  27574]   INFO - #c.i.u.i.UnindexedFilesScanner - [15375f63] scanning stage (scanning id=0): DelayedPushProperties
2026-02-17 11:20:01,768 [  27575]   INFO - #c.i.o.v.i.p.NewMappings - Mapped Roots: 1
2026-02-17 11:20:01,771 [  27578]   INFO - #c.i.u.i.FileBasedIndexImpl - Indexes are already loaded
2026-02-17 11:20:01,776 [  27583]   INFO - #c.i.o.v.i.p.NewMappings - Mapped Roots: 2
2026-02-17 11:20:01,776 [  27583]   INFO - #c.i.o.v.i.p.NewMappings - Detected mapped Root: [Git] - [/data/project]
2026-02-17 11:20:01,780 [  27587]   INFO - #c.i.w.i.i.EntitiesOrphanageImpl - Update orphanage. 0 modules added
2026-02-17 11:20:01,781 [  27588]   INFO - #c.i.w.i.i.WorkspaceModelImpl - Project model updated to version 7 in 3 ms: setOrClearProjectSdkName: SdkId(name=21, type=JavaSDK)
2026-02-17 11:20:01,792 [  27599]   INFO - #c.i.w.i.i.EntitiesOrphanageImpl - Update orphanage. 0 modules added
2026-02-17 11:20:01,793 [  27600]   INFO - #c.i.o.a.i.NonBlockingReadActionImpl - OTel monitoring for NonBlockingReadAction is enabled
2026-02-17 11:20:01,803 [  27610]   INFO - #c.i.w.i.i.WorkspaceModelImpl - Project model updated to version 8 in 19 ms: Sync global entities with project: java-basics
2026-02-17 11:20:01,807 [  27614]   INFO - #c.i.w.i.i.GlobalWorkspaceModel - During global workspace model update the changes were also applied to project: java-basics
2026-02-17 11:20:01,810 [  27617]   INFO - #c.i.w.i.i.GlobalWorkspaceModel - Global model updated to version 4 in 21 ms: Modifying SDK SdkId(name=21, type=JavaSDK)
2026-02-17 11:20:01,812 [  27619]   INFO - #c.i.u.i.UnindexedFilesScanner - [15375f63] Started scanning for indexing of java-basics. Reason: On project open
2026-02-17 11:20:01,817 [  27624]   INFO - #c.i.u.i.UnindexedFilesScanner - [15375f63] scanning stage (scanning id=0): CreatingIterators
2026-02-17 11:20:01,819 [  27626]   INFO - #c.i.p.d.i.f.FrontendXBreakpointManager - Breakpoint created for XBreakpointId(uid=1)
2026-02-17 11:20:01,834 [  27641]   INFO - #o.j.p.g.j.IdeVersionedDataUpdater - Updating version compatibility for org.jetbrains.plugins.gradle.jvmcompat.GradleCompatibilitySupportUpdater. Last update was: 0. Update interval: 1d Url to update https://download.jetbrains.com/resources/intellij/plugins/gradle/v1/compatibility.json
2026-02-17 11:20:01,881 [  27688]   INFO - #c.i.u.i.UnindexedFilesScanner - [15375f63] scanning stage (scanning id=0): CollectingIndexableFiles
2026-02-17 11:20:01,882 [  27689]   INFO - #c.i.u.i.UnindexedFilesScanner - Scanning of java-basics uses 8 scanning threads
2026-02-17 11:20:01,887 [  27694]   INFO - #o.j.j.b.i.CompilerReferenceIndex - backward reference index version doesn't exist
2026-02-17 11:20:01,900 [  27707]   INFO - #c.i.c.b.IsUpToDateCheckStartupActivity - suitable consumer is not found
2026-02-17 11:20:01,942 [  27749]   INFO - #o.j.q.s.QodanaLinterBackgroundStartupActivity - Executed Qodana backgroundPostStartupActivity
2026-02-17 11:20:01,949 [  27756]   INFO - #c.i.p.i.c.i.i.JavaIdIndexer - skipSourceFilesInLibraries: false (registry: 'ide.index.id.skip.java.sources.in.libs')
2026-02-17 11:20:01,958 [  27765]   INFO - #c.i.u.i.IndexingReasonExplanationLogger - Scheduling indexing of VmEvent.class (id=43238) by request of indexes: [bytecodeAnalysis->NOT_INDEXED(not indexed),org.jetbrains.kotlin.idea.vfilefinder.KotlinPartialPackageNamesIndex->NOT_INDEXED(not indexed),org.jetbrains.kotlin.idea.versions.KotlinJvmMetadataVersionIndex->NOT_INDEXED(not indexed),org.jetbrains.kotlin.idea.vfilefinder.KotlinClassFileIndex->NOT_INDEXED(not indexed),KotlinBinaryRootToPackageIndex->NOT_INDEXED(not indexed),KotlinTopLevelCallableByPackageShortNameIndex->NOT_INDEXED(not indexed),KotlinTopLevelClassLikeDeclarationByPackageShortNameIndex->NOT_INDEXED(not indexed),Stubs->NOT_INDEXED(not indexed),filetypes->NOT_INDEXED(not indexed),]. Scanner has updated file VmEvent.class (id=43238) with appliers: [SingleIndexValueApplier{indexId=filetypes, inputId=43238, fileInfo='VmEvent.class(id=43238)'}] and removers: []; 
2026-02-17 11:20:01,958 [  27765]   INFO - #c.i.u.i.IndexingReasonExplanationLogger - Scheduling indexing of Ref.class (id=43166) by request of indexes: [bytecodeAnalysis->NOT_INDEXED(not indexed),org.jetbrains.kotlin.idea.vfilefinder.KotlinPartialPackageNamesIndex->NOT_INDEXED(not indexed),org.jetbrains.kotlin.idea.versions.KotlinJvmMetadataVersionIndex->NOT_INDEXED(not indexed),org.jetbrains.kotlin.idea.vfilefinder.KotlinClassFileIndex->NOT_INDEXED(not indexed),KotlinBinaryRootToPackageIndex->NOT_INDEXED(not indexed),KotlinTopLevelCallableByPackageShortNameIndex->NOT_INDEXED(not indexed),KotlinTopLevelClassLikeDeclarationByPackageShortNameIndex->NOT_INDEXED(not indexed),Stubs->NOT_INDEXED(not indexed),filetypes->NOT_INDEXED(not indexed),]. Scanner has updated file Ref.class (id=43166) with appliers: [SingleIndexValueApplier{indexId=filetypes, inputId=43166, fileInfo='Ref.class(id=43166)'}] and removers: []; 
2026-02-17 11:20:01,958 [  27765]   INFO - #c.i.u.i.IndexingReasonExplanationLogger - Scheduling indexing of coroutines.kotlin_builtins (id=43059) by request of indexes: [org.jetbrains.kotlin.idea.vfilefinder.KotlinPartialPackageNamesIndex->NOT_INDEXED(not indexed),org.jetbrains.kotlin.idea.vfilefinder.KotlinBuiltInsMetadataIndex->NOT_INDEXED(not indexed),org.jetbrains.kotlin.idea.vfilefinder.KotlinMetadataFileIndex->NOT_INDEXED(not indexed),org.jetbrains.kotlin.idea.vfilefinder.KotlinMetadataFilePackageIndex->NOT_INDEXED(not indexed),KotlinBinaryRootToPackageIndex->NOT_INDEXED(not indexed),KotlinTopLevelCallableByPackageShortNameIndex->NOT_INDEXED(not indexed),KotlinTopLevelClassLikeDeclarationByPackageShortNameIndex->NOT_INDEXED(not indexed),Stubs->NOT_INDEXED(not indexed),filetypes->NOT_INDEXED(not indexed),]. Scanner has updated file coroutines.kotlin_builtins (id=43059) with appliers: [SingleIndexValueApplier{indexId=filetypes, inputId=43059, fileInfo='coroutines.kotlin_builtins(id=43059)'}] and removers: []; 
2026-02-17 11:20:01,959 [  27766]   INFO - #c.i.u.i.IndexingReasonExplanationLogger - Scheduling indexing of Blob.class (id=43177) by request of indexes: [bytecodeAnalysis->NOT_INDEXED(not indexed),org.jetbrains.kotlin.idea.vfilefinder.KotlinPartialPackageNamesIndex->NOT_INDEXED(not indexed),org.jetbrains.kotlin.idea.versions.KotlinJvmMetadataVersionIndex->NOT_INDEXED(not indexed),org.jetbrains.kotlin.idea.vfilefinder.KotlinClassFileIndex->NOT_INDEXED(not indexed),KotlinBinaryRootToPackageIndex->NOT_INDEXED(not indexed),KotlinTopLevelCallableByPackageShortNameIndex->NOT_INDEXED(not indexed),KotlinTopLevelClassLikeDeclarationByPackageShortNameIndex->NOT_INDEXED(not indexed),Stubs->NOT_INDEXED(not indexed),filetypes->NOT_INDEXED(not indexed),]. Scanner has updated file Blob.class (id=43177) with appliers: [SingleIndexValueApplier{indexId=filetypes, inputId=43177, fileInfo='Blob.class(id=43177)'}] and removers: []; 
2026-02-17 11:20:01,962 [  27769]   INFO - #c.i.u.i.IndexingReasonExplanationLogger - Scheduling indexing of atomics.kotlin_builtins (id=43062) by request of indexes: [org.jetbrains.kotlin.idea.vfilefinder.KotlinPartialPackageNamesIndex->NOT_INDEXED(not indexed),org.jetbrains.kotlin.idea.vfilefinder.KotlinBuiltInsMetadataIndex->NOT_INDEXED(not indexed),org.jetbrains.kotlin.idea.vfilefinder.KotlinMetadataFileIndex->NOT_INDEXED(not indexed),org.jetbrains.kotlin.idea.vfilefinder.KotlinMetadataFilePackageIndex->NOT_INDEXED(not indexed),KotlinBinaryRootToPackageIndex->NOT_INDEXED(not indexed),KotlinTopLevelCallableByPackageShortNameIndex->NOT_INDEXED(not indexed),KotlinTopLevelClassLikeDeclarationByPackageShortNameIndex->NOT_INDEXED(not indexed),Stubs->NOT_INDEXED(not indexed),filetypes->NOT_INDEXED(not indexed),]. Scanner has updated file atomics.kotlin_builtins (id=43062) with appliers: [SingleIndexValueApplier{indexId=filetypes, inputId=43062, fileInfo='atomics.kotlin_builtins(id=43062)'}] and removers: []; 
2026-02-17 11:20:01,962 [  27769]   INFO - #c.i.u.i.IndexingReasonExplanationLogger - Scheduling indexing of HostEvent.class (id=43241) by request of indexes: [bytecodeAnalysis->NOT_INDEXED(not indexed),org.jetbrains.kotlin.idea.vfilefinder.KotlinPartialPackageNamesIndex->NOT_INDEXED(not indexed),org.jetbrains.kotlin.idea.versions.KotlinJvmMetadataVersionIndex->NOT_INDEXED(not indexed),org.jetbrains.kotlin.idea.vfilefinder.KotlinClassFileIndex->NOT_INDEXED(not indexed),KotlinBinaryRootToPackageIndex->NOT_INDEXED(not indexed),KotlinTopLevelCallableByPackageShortNameIndex->NOT_INDEXED(not indexed),KotlinTopLevelClassLikeDeclarationByPackageShortNameIndex->NOT_INDEXED(not indexed),Stubs->NOT_INDEXED(not indexed),filetypes->NOT_INDEXED(not indexed),]. Scanner has updated file HostEvent.class (id=43241) with appliers: [SingleIndexValueApplier{indexId=filetypes, inputId=43241, fileInfo='HostEvent.class(id=43241)'}] and removers: []; 
2026-02-17 11:20:01,963 [  27770]   INFO - #c.i.u.i.IndexingReasonExplanationLogger - Scheduling indexing of Clob.class (id=43175) by request of indexes: [bytecodeAnalysis->NOT_INDEXED(not indexed),org.jetbrains.kotlin.idea.vfilefinder.KotlinPartialPackageNamesIndex->NOT_INDEXED(not indexed),org.jetbrains.kotlin.idea.versions.KotlinJvmMetadataVersionIndex->NOT_INDEXED(not indexed),org.jetbrains.kotlin.idea.vfilefinder.KotlinClassFileIndex->NOT_INDEXED(not indexed),KotlinBinaryRootToPackageIndex->NOT_INDEXED(not indexed),KotlinTopLevelCallableByPackageShortNameIndex->NOT_INDEXED(not indexed),KotlinTopLevelClassLikeDeclarationByPackageShortNameIndex->NOT_INDEXED(not indexed),Stubs->NOT_INDEXED(not indexed),filetypes->NOT_INDEXED(not indexed),]. Scanner has updated file Clob.class (id=43175) with appliers: [SingleIndexValueApplier{indexId=filetypes, inputId=43175, fileInfo='Clob.class(id=43175)'}] and removers: []; 
2026-02-17 11:20:01,963 [  27770]   INFO - #c.i.u.i.IndexingReasonExplanationLogger - Scheduling indexing of JSObject.class (id=43184) by request of indexes: [bytecodeAnalysis->NOT_INDEXED(not indexed),org.jetbrains.kotlin.idea.vfilefinder.KotlinPartialPackageNamesIndex->NOT_INDEXED(not indexed),org.jetbrains.kotlin.idea.versions.KotlinJvmMetadataVersionIndex->NOT_INDEXED(not indexed),org.jetbrains.kotlin.idea.vfilefinder.KotlinClassFileIndex->NOT_INDEXED(not indexed),KotlinBinaryRootToPackageIndex->NOT_INDEXED(not indexed),KotlinTopLevelCallableByPackageShortNameIndex->NOT_INDEXED(not indexed),KotlinTopLevelClassLikeDeclarationByPackageShortNameIndex->NOT_INDEXED(not indexed),Stubs->NOT_INDEXED(not indexed),filetypes->NOT_INDEXED(not indexed),]. Scanner has updated file JSObject.class (id=43184) with appliers: [SingleIndexValueApplier{indexId=filetypes, inputId=43184, fileInfo='JSObject.class(id=43184)'}] and removers: []; 
2026-02-17 11:20:01,964 [  27771]   INFO - #c.i.u.i.IndexingReasonExplanationLogger - Scheduling indexing of JSException.class (id=43185) by request of indexes: [bytecodeAnalysis->NOT_INDEXED(not indexed),org.jetbrains.kotlin.idea.vfilefinder.KotlinPartialPackageNamesIndex->NOT_INDEXED(not indexed),org.jetbrains.kotlin.idea.versions.KotlinJvmMetadataVersionIndex->NOT_INDEXED(not indexed),org.jetbrains.kotlin.idea.vfilefinder.KotlinClassFileIndex->NOT_INDEXED(not indexed),KotlinBinaryRootToPackageIndex->NOT_INDEXED(not indexed),KotlinTopLevelCallableByPackageShortNameIndex->NOT_INDEXED(not indexed),KotlinTopLevelClassLikeDeclarationByPackageShortNameIndex->NOT_INDEXED(not indexed),Stubs->NOT_INDEXED(not indexed),filetypes->NOT_INDEXED(not indexed),]. Scanner has updated file JSException.class (id=43185) with appliers: [SingleIndexValueApplier{indexId=filetypes, inputId=43185, fileInfo='JSException.class(id=43185)'}] and removers: []; 
2026-02-17 11:20:01,964 [  27771]   INFO - #c.i.u.i.IndexingReasonExplanationLogger - Scheduling indexing of VmListener.class (id=43240) by request of indexes: [bytecodeAnalysis->NOT_INDEXED(not indexed),org.jetbrains.kotlin.idea.vfilefinder.KotlinPartialPackageNamesIndex->NOT_INDEXED(not indexed),org.jetbrains.kotlin.idea.versions.KotlinJvmMetadataVersionIndex->NOT_INDEXED(not indexed),org.jetbrains.kotlin.idea.vfilefinder.KotlinClassFileIndex->NOT_INDEXED(not indexed),KotlinBinaryRootToPackageIndex->NOT_INDEXED(not indexed),KotlinTopLevelCallableByPackageShortNameIndex->NOT_INDEXED(not indexed),KotlinTopLevelClassLikeDeclarationByPackageShortNameIndex->NOT_INDEXED(not indexed),Stubs->NOT_INDEXED(not indexed),filetypes->NOT_INDEXED(not indexed),]. Scanner has updated file VmListener.class (id=43240) with appliers: [SingleIndexValueApplier{indexId=filetypes, inputId=43240, fileInfo='VmListener.class(id=43240)'}] and removers: []; 
2026-02-17 11:20:02,026 [  27833]   INFO - STDOUT - [IDE]: Task 'Importing 'project' Gradle Project' started
2026-02-17 11:20:02,035 [  27842]   INFO - #c.i.o.p.DumbServiceImpl - exit dumb mode [java-basics]
2026-02-17 11:20:02,050 [  27857]   INFO - STDOUT - [IDE]: Task 'Analyzing project to enable smart features' ended
2026-02-17 11:20:02,060 [  27867]   INFO - #o.j.k.g.s.s.r.GradleBuildRootIndex - /data/project: null -> org.jetbrains.kotlin.gradle.scripting.shared.roots.New@4be6740f
2026-02-17 11:20:02,063 [  27870]   INFO - #c.i.w.i.i.EntitiesOrphanageImpl - Update orphanage. 0 modules added
2026-02-17 11:20:02,063 [  27870]   INFO - #c.i.w.i.i.WorkspaceModelImpl - Project model updated to version 9 in 1 ms: Add project root /data/project to project java-basics
2026-02-17 11:20:02,130 [  27937]   INFO - #o.j.i.maven - preimport statistics: linked: 1 of 1 with total 1 modules interpolated 15 of 15, 0 modules added. This statistics calculated for 0 millis
2026-02-17 11:20:02,138 [  27945]   INFO - #o.j.i.maven - Importing Maven project using Workspace API
2026-02-17 11:20:02,153 [  27960]   INFO - #c.i.o.e.u.ExternalSystemUtil - External project [/data/project] resolution task started
2026-02-17 11:20:02,159 [  27966]   INFO - STDOUT - [Gradle]: Gradle resolve stage started java-basics:15375f63, working dir: /data/project
2026-02-17 11:20:02,247 [  28054]   INFO - #o.j.p.g.GradleManager - Instructing gradle to use java from /opt/idea/jbr
2026-02-17 11:20:02,266 [  28073]   INFO - #o.j.p.g.GradleManager - Instructing gradle to use java from /opt/idea/jbr
2026-02-17 11:20:02,393 [  28200]   INFO - #o.j.p.g.j.IdeVersionedDataUpdater - IDE versioned data for org.jetbrains.plugins.gradle.jvmcompat.GradleCompatibilitySupportUpdater was updated
2026-02-17 11:20:02,458 [  28265]   INFO - #c.i.w.i.i.EntitiesOrphanageImpl - Update orphanage. 0 modules added
2026-02-17 11:20:02,462 [  28269]   INFO - #c.i.w.i.i.WorkspaceModelImpl - Project model updated to version 10: Maven update project model
2026-02-17 11:20:02,465 [  28272]   INFO - #o.j.i.m.i.w.WorkspaceProjectImporter - Project model updated to version 10 (attempts: 1, previous version: 9)
2026-02-17 11:20:02,470 [  28277]   INFO - #o.j.i.maven - [maven import] applying models to workspace model took 332ms
2026-02-17 11:20:02,478 [  28285]   INFO - #c.i.w.i.i.EntitiesOrphanageImpl - Update orphanage. 0 modules added
2026-02-17 11:20:02,480 [  28287]   INFO - #c.i.w.i.i.WorkspaceModelImpl - Project model updated to version 11 in 10 ms: The Gradle project sync
  phase = INITIAL_PHASE
  taskId = RESOLVE_PROJECT:2
  projectPath = /data/project
2026-02-17 11:20:02,537 [  28344]   INFO - #c.i.u.i.IndexingReasonExplanationLogger - Scanner has updated file thai_dict (id=44568) with appliers: [SingleIndexValueApplier{indexId=filetypes, inputId=44568, fileInfo='thai_dict(id=44568)'}] and removers: []; 
2026-02-17 11:20:02,565 [  28372]   INFO - #c.i.u.i.IndexingReasonExplanationLogger - Scanner has updated file metadata.bin (id=45585) with appliers: [SingleIndexValueApplier{indexId=filetypes, inputId=45585, fileInfo='metadata.bin(id=45585)'}] and removers: []; 
2026-02-17 11:20:02,584 [  28391]   INFO - #c.i.u.i.IndexingReasonExplanationLogger - Scanner has updated file LineBreakIteratorData_th (id=44546) with appliers: [SingleIndexValueApplier{indexId=filetypes, inputId=44546, fileInfo='LineBreakIteratorData_th(id=44546)'}] and removers: []; 
2026-02-17 11:20:02,587 [  28394]   INFO - #c.i.u.i.IndexingReasonExplanationLogger - Scanner has updated file WordBreakIteratorData_th (id=44675) with appliers: [SingleIndexValueApplier{indexId=filetypes, inputId=44675, fileInfo='WordBreakIteratorData_th(id=44675)'}] and removers: []; 
2026-02-17 11:20:02,606 [  28413]   INFO - #c.i.e.r.RemoteProcessSupport - Starring remote process. Existing info not found, creating PendingInfo:<DeferredCoroutine{Active}@64e714a0,>
2026-02-17 11:20:02,610 [  28417]   INFO - #o.j.i.maven - Using extension org.jetbrains.idea.maven.maven3.Maven3Support@244aec53 to start MavenServer
2026-02-17 11:20:02,619 [  28426]   INFO - STDOUT - Downloading https://services.gradle.org/distributions/gradle-8.2.1-bin.zip
2026-02-17 11:20:02,642 [  28449]   INFO - #c.i.e.r.RemoteProcessSupport - Remote process system:/opt/idea/jbr/bin/java -Djava.awt.headless=true -Dmaven.defaultProjectBuilder.disableGlobalModelCache=true -Ddelegate.ssl.to.ide=true -Didea.version=2025.3.3 -Didea.maven.embedder.version=3.9.11 -Xmx768m -Dsun.rmi.server.exceptionTrace=true -Dmaven.ext.class.path=/opt/idea/plugins/maven/lib/maven-event-listener.jar -Dfile.encoding=UTF-8 -Dsun.stdout.encoding=UTF-8 -Dsun.stderr.encoding=UTF-8 -classpath /opt/idea/plugins/repository-search/lib/maven-model.jar:/opt/idea/plugins/maven/lib/maven-server.jar:/opt/idea/plugins/maven/lib/maven-server-telemetry.jar:/opt/idea/lib/opentelemetry.jar:/opt/idea/plugins/maven/lib/maven-telemetry-lib/jackson-core-2.16.0.jar:/opt/idea/plugins/maven/lib/maven3-server-common.jar:/opt/idea/plugins/maven/lib/maven3-server-lib/archetype-descriptor-2.2.jar:/opt/idea/plugins/maven/lib/maven3-server-lib/maven-dependency-tree-1.2.jar:/opt/idea/plugins/maven/lib/maven3-server-lib/lucene-core-2.4.1.jar:/opt/idea/plugins/maven/lib/maven3-server-lib/archetype-common-2.2.jar:/opt/idea/plugins/maven/lib/maven3-server-lib/archetype-catalog-2.2.jar:/opt/idea/plugins/maven/lib/maven3-server-lib/nexus-indexer-3.0.4.jar:/opt/idea/plugins/maven/lib/maven3-server-lib/nexus-indexer-artifact-1.0.1.jar:/opt/idea/plugins/maven/lib/maven3-server.jar:/opt/idea/plugins/maven/lib/maven36-server.jar:/opt/idea/plugins/maven/lib/maven3/lib/maven-embedder-3.9.11.jar:/opt/idea/plugins/maven/lib/maven3/lib/httpclient-4.5.14.jar:/opt/idea/plugins/maven/lib/maven3/lib/httpcore-4.4.16.jar:/opt/idea/plugins/maven/lib/maven3/lib/plexus-component-annotations-2.2.0.jar:/opt/idea/plugins/maven/lib/maven3/lib/wagon-http-shared-3.5.3.jar:/opt/idea/plugins/maven/lib/maven3/lib/maven-resolver-impl-1.9.24.jar:/opt/idea/plugins/maven/lib/maven3/lib/maven-compat-3.9.11.jar:/opt/idea/plugins/maven/lib/maven3/lib/wagon-file-3.5.3.jar:/opt/idea/plugins/maven/lib/maven3/lib/org.eclipse.sisu.inject-0.9.0.M4.jar:/opt/idea/plugins/maven/lib/maven3/lib/wagon-http-3.5.3.jar:/opt/idea/plugins/maven/lib/maven3/lib/plexus-sec-dispatcher-2.0.jar:/opt/idea/plugins/maven/lib/maven3/lib/maven-plugin-api-3.9.11.jar:/opt/idea/plugins/maven/lib/maven3/lib/maven-repository-metadata-3.9.11.jar:/opt/idea/plugins/maven/lib/maven3/lib/plexus-cipher-2.0.jar:/opt/idea/plugins/maven/lib/maven3/lib/failureaccess-1.0.3.jar:/opt/idea/plugins/maven/lib/maven3/lib/jansi-2.4.2.jar:/opt/idea/plugins/maven/lib/maven3/lib/maven-settings-builder-3.9.11.jar:/opt/idea/plugins/maven/lib/maven3/lib/javax.annotation-api-1.3.2.jar:/opt/idea/plugins/maven/lib/maven3/lib/plexus-interpolation-1.28.jar:/opt/idea/plugins/maven/lib/maven3/lib/maven-shared-utils-3.4.2.jar:/opt/idea/plugins/maven/lib/maven3/lib/maven-resolver-provider-3.9.11.jar:/opt/idea/plugins/maven/lib/maven3/lib/maven-model-builder-3.9.11.jar:/opt/idea/plugins/maven/lib/maven3/lib/gson-2.13.1.jar:/opt/idea/plugins/maven/lib/maven3/lib/slf4j-api-1.7.36.jar:/opt/idea/plugins/maven/lib/maven3/lib/commons-cli-1.9.0.jar:/opt/idea/plugins/maven/lib/maven3/lib/jcl-over-slf4j-1.7.36.jar:/opt/idea/plugins/maven/lib/maven3/lib/plexus-utils-3.6.0.jar:/opt/idea/plugins/maven/lib/maven3/lib/guava-33.4.8-jre.jar:/opt/idea/plugins/maven/lib/maven3/lib/maven-resolver-spi-1.9.24.jar:/opt/idea/plugins/maven/lib/maven3/lib/aopalliance-1.0.jar:/opt/idea/plugins/maven/lib/maven3/lib/guice-5.1.0-classes.jar:/opt/idea/plugins/maven/lib/maven3/lib/maven-resolver-named-locks-1.9.24.jar:/opt/idea/plugins/maven/lib/maven3/lib/maven-resolver-connector-basic-1.9.24.jar:/opt/idea/plugins/maven/lib/maven3/lib/maven-resolver-util-1.9.24.jar:/opt/idea/plugins/maven/lib/maven3/lib/jspecify-1.0.0.jar:/opt/idea/plugins/maven/lib/maven3/lib/maven-core-3.9.11.jar:/opt/idea/plugins/maven/lib/maven3/lib/maven-model-3.9.11.jar:/opt/idea/plugins/maven/lib/maven3/lib/org.eclipse.sisu.plexus-0.9.0.M4.jar:/opt/idea/plugins/maven/lib/maven3/lib/javax.inject-1.jar:/opt/idea/plugins/maven/lib/maven3/lib/maven-resolver-transport-http-1.9.24.jar:/opt/idea/plugins/maven/lib/maven3/lib/maven-settings-3.9.11.jar:/opt/idea/plugins/maven/lib/maven3/lib/maven-resolver-transport-file-1.9.24.jar:/opt/idea/plugins/maven/lib/maven3/lib/error_prone_annotations-2.38.0.jar:/opt/idea/plugins/maven/lib/maven3/lib/wagon-provider-api-3.5.3.jar:/opt/idea/plugins/maven/lib/maven3/lib/maven-resolver-api-1.9.24.jar:/opt/idea/plugins/maven/lib/maven3/lib/maven-artifact-3.9.11.jar:/opt/idea/plugins/maven/lib/maven3/lib/asm-9.8.jar:/opt/idea/plugins/maven/lib/maven3/lib/commons-codec-1.18.0.jar:/opt/idea/plugins/maven/lib/maven3/lib/maven-builder-support-3.9.11.jar:/opt/idea/plugins/maven/lib/maven3/lib/maven-resolver-transport-wagon-1.9.24.jar:/opt/idea/plugins/maven/lib/maven3/boot/plexus-classworlds-2.9.0.jar:/opt/idea/plugins/maven/lib/maven3/boot/plexus-classworlds.license:/opt/idea/lib/util_rt.jar:/opt/idea/lib/annotations.jar:/opt/idea/lib/util-8.jar org.jetbrains.idea.maven.server.RemoteMavenServer36

2026-02-17 11:20:02,643 [  28450]   INFO - #c.i.e.r.RemoteProcessSupport - Staring remote process, startNotified received, creating PendingInfo: <DeferredCoroutine{Active}@64e714a0,>
2026-02-17 11:20:02,645 [  28452]   INFO - #o.j.i.maven - Sent token to maven server
2026-02-17 11:20:02,732 [  28539]   INFO - #c.i.u.i.IndexingReasonExplanationLogger - Scanner has updated file sjis0213.dat (id=58354) with appliers: [SingleIndexValueApplier{indexId=filetypes, inputId=58354, fileInfo='sjis0213.dat(id=58354)'}] and removers: []; 
2026-02-17 11:20:02,775 [  28582]   INFO - STDOUT - [IDE]: Task 'Resolving SDKs' started
2026-02-17 11:20:02,775 [  28582]   INFO - STDOUT - [IDE]: Validating existing SDKs
2026-02-17 11:20:02,777 [  28584]   INFO - STDOUT - [IDE]: Task 'Resolving SDKs' ended in 4 ms
2026-02-17 11:20:02,833 [  28640]   INFO - #c.i.u.i.IndexingReasonExplanationLogger - Scanner has updated file arrow.png (id=54640) with appliers: [SingleIndexValueApplier{indexId=filetypes, inputId=54640, fileInfo='arrow.png(id=54640)'}] and removers: []; 
2026-02-17 11:20:02,836 [  28643]   INFO - #c.i.u.i.IndexingReasonExplanationLogger - Scanner has updated file triangle.png (id=54642) with appliers: [SingleIndexValueApplier{indexId=filetypes, inputId=54642, fileInfo='triangle.png(id=54642)'}] and removers: []; 
2026-02-17 11:20:02,836 [  28643]   INFO - #c.i.u.i.IndexingReasonExplanationLogger - Scanner has updated file breakpoint.png (id=54641) with appliers: [SingleIndexValueApplier{indexId=filetypes, inputId=54641, fileInfo='breakpoint.png(id=54641)'}] and removers: []; 
2026-02-17 11:20:02,952 [  28759]   INFO - #c.i.u.i.IndexingReasonExplanationLogger - Scanner has updated file nfc.nrm (id=47264) with appliers: [SingleIndexValueApplier{indexId=filetypes, inputId=47264, fileInfo='nfc.nrm(id=47264)'}] and removers: []; 
2026-02-17 11:20:02,957 [  28764]   INFO - #c.i.u.i.IndexingReasonExplanationLogger - Scanner has updated file x.png (id=67670) with appliers: [SingleIndexValueApplier{indexId=filetypes, inputId=67670, fileInfo='x.png(id=67670)'}] and removers: []; 
2026-02-17 11:20:03,017 [  28824]   INFO - #c.i.e.r.RemoteProcessSupport - Started remote process on: 127.0.0.1:61700with service port 41931 and id = Maven36ServerImpl2ac960e
2026-02-17 11:20:03,639 [  29446]   INFO - #c.i.p.i.c.i.i.JavaIdIndexer - skipSourceFilesInLibraries: false (registry: 'ide.index.id.skip.java.sources.in.libs')
2026-02-17 11:20:03,800 [  29607]   INFO - #c.i.u.i.UnindexedFilesScanner - [15375f63] Scanning completed for java-basics. Number of scanned files: 32593; number of files for indexing: 32262
2026-02-17 11:20:03,800 [  29607]   INFO - #c.i.o.p.InitialVfsRefreshService - 15375f63: marking roots for initial VFS refresh
2026-02-17 11:20:03,803 [  29610]   INFO - #c.i.o.p.InitialVfsRefreshService - 15375f63: starting initial VFS refresh of 3 roots
2026-02-17 11:20:03,910 [  29717]   INFO - #c.i.o.p.InitialVfsRefreshService - 15375f63: initial VFS refresh finished in 107 ms
2026-02-17 11:20:03,921 [  29728]   INFO - #c.i.o.p.UnindexedFilesScannerExecutor - [15375f63] Task finished (scanning id=0): com.intellij.util.indexing.UnindexedFilesScannerExecutorImpl$ScheduledScanningTask@113780ce
2026-02-17 11:20:03,922 [  29729]   INFO - #c.i.o.p.DumbServiceImpl - enter dumb mode [java-basics]
2026-02-17 11:20:03,926 [  29733]   INFO - #c.i.o.p.UnindexedFilesScannerExecutor - [15375f63] Running task: com.intellij.util.indexing.UnindexedFilesScannerExecutorImpl$ScheduledScanningTask@412b96b
2026-02-17 11:20:03,927 [  29734]   INFO - #c.i.u.i.UnindexedFilesScanner - [15375f63] scanning stage (scanning id=1): DelayedPushProperties
2026-02-17 11:20:03,930 [  29737]   INFO - #c.i.u.i.FileBasedIndexImpl - Indexes are already loaded
2026-02-17 11:20:03,930 [  29737]   INFO - #c.i.o.p.MergingQueueGuiExecutor - Running task: (dumb mode task) UnindexedFilesIndexer[java-basics, reasons: [On project open]]
2026-02-17 11:20:03,939 [  29746]   INFO - #c.i.u.i.UnindexedFilesScanner - [15375f63] Started scanning for indexing of java-basics. Reason: Merged Changes from WorkspaceFileIndex with changes in: "Module 'java-basics' (all roots)" with changes in: "Module 'project' (all roots)"
2026-02-17 11:20:03,940 [  29747]   INFO - #c.i.u.i.UnindexedFilesScanner - [15375f63] scanning stage (scanning id=1): CreatingIterators
2026-02-17 11:20:03,940 [  29747]   INFO - #c.i.u.i.UnindexedFilesScanner - [15375f63] scanning stage (scanning id=1): CollectingIndexableFiles
2026-02-17 11:20:03,941 [  29748]   INFO - #c.i.u.i.UnindexedFilesScanner - Scanning of java-basics uses 8 scanning threads
2026-02-17 11:20:03,944 [  29751]   INFO - #c.i.u.i.IndexingReasonExplanationLogger - Scheduling indexing of GSSUtil.class (id=71858) by request of indexes: [bytecodeAnalysis->NOT_INDEXED(not indexed),org.jetbrains.kotlin.idea.vfilefinder.KotlinPartialPackageNamesIndex->NOT_INDEXED(not indexed),org.jetbrains.kotlin.idea.versions.KotlinJvmMetadataVersionIndex->NOT_INDEXED(not indexed),org.jetbrains.kotlin.idea.vfilefinder.KotlinClassFileIndex->NOT_INDEXED(not indexed),KotlinBinaryRootToPackageIndex->NOT_INDEXED(not indexed),KotlinTopLevelCallableByPackageShortNameIndex->NOT_INDEXED(not indexed),KotlinTopLevelClassLikeDeclarationByPackageShortNameIndex->NOT_INDEXED(not indexed),Stubs->NOT_INDEXED(not indexed),]. 
2026-02-17 11:20:03,944 [  29751]   INFO - #c.i.u.i.IndexingReasonExplanationLogger - Scheduling indexing of Row.class (id=50208) by request of indexes: [bytecodeAnalysis->NOT_INDEXED(not indexed),org.jetbrains.kotlin.idea.vfilefinder.KotlinPartialPackageNamesIndex->NOT_INDEXED(not indexed),org.jetbrains.kotlin.idea.versions.KotlinJvmMetadataVersionIndex->NOT_INDEXED(not indexed),org.jetbrains.kotlin.idea.vfilefinder.KotlinClassFileIndex->NOT_INDEXED(not indexed),KotlinBinaryRootToPackageIndex->NOT_INDEXED(not indexed),KotlinTopLevelCallableByPackageShortNameIndex->NOT_INDEXED(not indexed),KotlinTopLevelClassLikeDeclarationByPackageShortNameIndex->NOT_INDEXED(not indexed),Stubs->NOT_INDEXED(not indexed),]. 
2026-02-17 11:20:03,944 [  29751]   INFO - #c.i.u.i.IndexingReasonExplanationLogger - Scheduling indexing of BaseRow.class (id=50202) by request of indexes: [bytecodeAnalysis->NOT_INDEXED(not indexed),org.jetbrains.kotlin.idea.vfilefinder.KotlinPartialPackageNamesIndex->NOT_INDEXED(not indexed),org.jetbrains.kotlin.idea.versions.KotlinJvmMetadataVersionIndex->NOT_INDEXED(not indexed),org.jetbrains.kotlin.idea.vfilefinder.KotlinClassFileIndex->NOT_INDEXED(not indexed),KotlinBinaryRootToPackageIndex->NOT_INDEXED(not indexed),KotlinTopLevelCallableByPackageShortNameIndex->NOT_INDEXED(not indexed),KotlinTopLevelClassLikeDeclarationByPackageShortNameIndex->NOT_INDEXED(not indexed),Stubs->NOT_INDEXED(not indexed),]. 
2026-02-17 11:20:03,945 [  29752]   INFO - #c.i.u.i.IndexingReasonExplanationLogger - Scheduling indexing of InsertRow.class (id=50205) by request of indexes: [bytecodeAnalysis->NOT_INDEXED(not indexed),org.jetbrains.kotlin.idea.vfilefinder.KotlinPartialPackageNamesIndex->NOT_INDEXED(not indexed),org.jetbrains.kotlin.idea.versions.KotlinJvmMetadataVersionIndex->NOT_INDEXED(not indexed),org.jetbrains.kotlin.idea.vfilefinder.KotlinClassFileIndex->NOT_INDEXED(not indexed),KotlinBinaryRootToPackageIndex->NOT_INDEXED(not indexed),KotlinTopLevelCallableByPackageShortNameIndex->NOT_INDEXED(not indexed),KotlinTopLevelClassLikeDeclarationByPackageShortNameIndex->NOT_INDEXED(not indexed),Stubs->NOT_INDEXED(not indexed),]. 
2026-02-17 11:20:03,945 [  29752]   INFO - #c.i.u.i.IndexingReasonExplanationLogger - Scheduling indexing of Rect.class (id=67308) by request of indexes: [bytecodeAnalysis->NOT_INDEXED(not indexed),org.jetbrains.kotlin.idea.vfilefinder.KotlinPartialPackageNamesIndex->NOT_INDEXED(not indexed),org.jetbrains.kotlin.idea.versions.KotlinJvmMetadataVersionIndex->NOT_INDEXED(not indexed),org.jetbrains.kotlin.idea.vfilefinder.KotlinClassFileIndex->NOT_INDEXED(not indexed),KotlinBinaryRootToPackageIndex->NOT_INDEXED(not indexed),KotlinTopLevelCallableByPackageShortNameIndex->NOT_INDEXED(not indexed),KotlinTopLevelClassLikeDeclarationByPackageShortNameIndex->NOT_INDEXED(not indexed),Stubs->NOT_INDEXED(not indexed),]. 
2026-02-17 11:20:03,946 [  29753]   INFO - #c.i.u.i.IndexingReasonExplanationLogger - Scheduling indexing of XmlResolver.class (id=50204) by request of indexes: [bytecodeAnalysis->NOT_INDEXED(not indexed),org.jetbrains.kotlin.idea.vfilefinder.KotlinPartialPackageNamesIndex->NOT_INDEXED(not indexed),org.jetbrains.kotlin.idea.versions.KotlinJvmMetadataVersionIndex->NOT_INDEXED(not indexed),org.jetbrains.kotlin.idea.vfilefinder.KotlinClassFileIndex->NOT_INDEXED(not indexed),KotlinBinaryRootToPackageIndex->NOT_INDEXED(not indexed),KotlinTopLevelCallableByPackageShortNameIndex->NOT_INDEXED(not indexed),KotlinTopLevelClassLikeDeclarationByPackageShortNameIndex->NOT_INDEXED(not indexed),Stubs->NOT_INDEXED(not indexed),]. 
2026-02-17 11:20:03,947 [  29754]   INFO - #c.i.u.i.IndexingReasonExplanationLogger - Scheduling indexing of XmlErrorHandler.class (id=50207) by request of indexes: [bytecodeAnalysis->NOT_INDEXED(not indexed),org.jetbrains.kotlin.idea.vfilefinder.KotlinPartialPackageNamesIndex->NOT_INDEXED(not indexed),org.jetbrains.kotlin.idea.versions.KotlinJvmMetadataVersionIndex->NOT_INDEXED(not indexed),org.jetbrains.kotlin.idea.vfilefinder.KotlinClassFileIndex->NOT_INDEXED(not indexed),KotlinBinaryRootToPackageIndex->NOT_INDEXED(not indexed),KotlinTopLevelCallableByPackageShortNameIndex->NOT_INDEXED(not indexed),KotlinTopLevelClassLikeDeclarationByPackageShortNameIndex->NOT_INDEXED(not indexed),Stubs->NOT_INDEXED(not indexed),]. 
2026-02-17 11:20:03,948 [  29755]   INFO - #c.i.u.i.IndexingReasonExplanationLogger - Scheduling indexing of CSSRule.class (id=67292) by request of indexes: [bytecodeAnalysis->NOT_INDEXED(not indexed),org.jetbrains.kotlin.idea.vfilefinder.KotlinPartialPackageNamesIndex->NOT_INDEXED(not indexed),org.jetbrains.kotlin.idea.versions.KotlinJvmMetadataVersionIndex->NOT_INDEXED(not indexed),org.jetbrains.kotlin.idea.vfilefinder.KotlinClassFileIndex->NOT_INDEXED(not indexed),KotlinBinaryRootToPackageIndex->NOT_INDEXED(not indexed),KotlinTopLevelCallableByPackageShortNameIndex->NOT_INDEXED(not indexed),KotlinTopLevelClassLikeDeclarationByPackageShortNameIndex->NOT_INDEXED(not indexed),Stubs->NOT_INDEXED(not indexed),]. 
2026-02-17 11:20:03,948 [  29755]   INFO - #c.i.u.i.IndexingReasonExplanationLogger - Scheduling indexing of SyncResolverImpl.class (id=50200) by request of indexes: [bytecodeAnalysis->NOT_INDEXED(not indexed),org.jetbrains.kotlin.idea.vfilefinder.KotlinPartialPackageNamesIndex->NOT_INDEXED(not indexed),org.jetbrains.kotlin.idea.versions.KotlinJvmMetadataVersionIndex->NOT_INDEXED(not indexed),org.jetbrains.kotlin.idea.vfilefinder.KotlinClassFileIndex->NOT_INDEXED(not indexed),KotlinBinaryRootToPackageIndex->NOT_INDEXED(not indexed),KotlinTopLevelCallableByPackageShortNameIndex->NOT_INDEXED(not indexed),KotlinTopLevelClassLikeDeclarationByPackageShortNameIndex->NOT_INDEXED(not indexed),Stubs->NOT_INDEXED(not indexed),]. 
2026-02-17 11:20:03,949 [  29756]   INFO - #c.i.u.i.IndexingReasonExplanationLogger - Scheduling indexing of Counter.class (id=67298) by request of indexes: [bytecodeAnalysis->NOT_INDEXED(not indexed),org.jetbrains.kotlin.idea.vfilefinder.KotlinPartialPackageNamesIndex->NOT_INDEXED(not indexed),org.jetbrains.kotlin.idea.versions.KotlinJvmMetadataVersionIndex->NOT_INDEXED(not indexed),org.jetbrains.kotlin.idea.vfilefinder.KotlinClassFileIndex->NOT_INDEXED(not indexed),KotlinBinaryRootToPackageIndex->NOT_INDEXED(not indexed),KotlinTopLevelCallableByPackageShortNameIndex->NOT_INDEXED(not indexed),KotlinTopLevelClassLikeDeclarationByPackageShortNameIndex->NOT_INDEXED(not indexed),Stubs->NOT_INDEXED(not indexed),]. 
2026-02-17 11:20:04,289 [  30096]   INFO - #c.i.u.i.IndexingReasonExplanationLogger - Scanner has updated file qodana.sarif.json (id=77771) with appliers: [SingleIndexValueApplier{indexId=filetypes, inputId=77771, fileInfo='qodana.sarif.json(id=77771)'}] and removers: []; 
2026-02-17 11:20:04,290 [  30097]   INFO - #c.i.u.i.IndexingReasonExplanationLogger - Scanner has updated file QD-vendors.js (id=77805) with appliers: [SingleIndexValueApplier{indexId=filetypes, inputId=77805, fileInfo='QD-vendors.js(id=77805)'}] and removers: []; 
2026-02-17 11:20:04,293 [  30100]   INFO - #c.i.u.i.IndexingReasonExplanationLogger - Scanner has updated file favicon.ico (id=77802) with appliers: [SingleIndexValueApplier{indexId=filetypes, inputId=77802, fileInfo='favicon.ico(id=77802)'}] and removers: []; 
2026-02-17 11:20:04,294 [  30101]   INFO - #c.i.u.i.IndexingReasonExplanationLogger - Scanner has updated file projectMetadata.json (id=77813) with appliers: [SingleIndexValueApplier{indexId=filetypes, inputId=77813, fileInfo='projectMetadata.json(id=77813)'}] and removers: []; 
2026-02-17 11:20:04,296 [  30103]   INFO - #c.i.u.i.IndexingReasonExplanationLogger - Scanner has updated file qodana.sarif.json (id=77691) with appliers: [SingleIndexValueApplier{indexId=filetypes, inputId=77691, fileInfo='qodana.sarif.json(id=77691)'}] and removers: []; 
2026-02-17 11:20:04,310 [  30117]   INFO - #c.i.u.i.IndexingReasonExplanationLogger - Scanner has updated file chromedriver (id=48535) with appliers: [SingleIndexValueApplier{indexId=filetypes, inputId=48535, fileInfo='chromedriver(id=48535)'}] and removers: []; 
2026-02-17 11:20:04,351 [  30158]   INFO - #c.i.u.i.IndexingReasonExplanationLogger - Scanner has updated file chromedriver.exe (id=48537) with appliers: [SingleIndexValueApplier{indexId=filetypes, inputId=48537, fileInfo='chromedriver.exe(id=48537)'}] and removers: []; 
2026-02-17 11:20:04,412 [  30219]   INFO - #c.i.u.i.IndexingReasonExplanationLogger - Scanner has updated file chromedriver_linux (id=48538) with appliers: [SingleIndexValueApplier{indexId=filetypes, inputId=48538, fileInfo='chromedriver_linux(id=48538)'}] and removers: []; 
2026-02-17 11:20:04,414 [  30221]   INFO - #c.i.u.i.IndexingReasonExplanationLogger - Scanner has updated file .name (id=49025) with appliers: [SingleIndexValueApplier{indexId=filetypes, inputId=49025, fileInfo='.name(id=49025)'}] and removers: []; 
2026-02-17 11:20:04,415 [  30222]   INFO - #c.i.u.i.IndexingReasonExplanationLogger - Scanner has updated file shelved.patch (id=49060) with appliers: [SingleIndexValueApplier{indexId=filetypes, inputId=49060, fileInfo='shelved.patch(id=49060)'}] and removers: []; 
2026-02-17 11:20:04,666 [  30473]   INFO - #c.i.u.i.UnindexedFilesScanner - [15375f63] Scanning completed for java-basics. Number of scanned files: 32945; number of files for indexing: 32474
2026-02-17 11:20:04,667 [  30474]   INFO - #c.i.o.p.UnindexedFilesScannerExecutor - [15375f63] Task finished (scanning id=1): com.intellij.util.indexing.UnindexedFilesScannerExecutorImpl$ScheduledScanningTask@412b96b
2026-02-17 11:20:04,668 [  30475]   INFO - #c.i.u.i.FileBasedIndexImpl - Indexes are already loaded
2026-02-17 11:20:04,674 [  30481]   INFO - #c.i.u.i.c.IndexUpdateRunner - Using 8 workers for indexing and 4 for writing indexes
2026-02-17 11:20:05,045 [  30852]   INFO - #c.i.c.m.CodeInsightContextEnabling - multiverse is enabled
2026-02-17 11:20:08,545 [  34352]   INFO - STDOUT - ..........................................................................................................................
2026-02-17 11:20:08,548 [  34355]   INFO - STDOUT - [Gradle]: Download https://services.gradle.org/distributions/gradle-8.2.1-bin.zip, took 5 s 927 ms
2026-02-17 11:20:09,970 [  35777]   INFO - #o.j.p.g.s.e.GradleExecutionHelper - Passing command-line to Gradle Tooling API: --init-script /tmp/ijMapper1.gradle --init-script /tmp/ijIdeaPluginConfigurator1.gradle -Didea.gradle.download.sources=false -Didea.sync.active=true -Didea.resolveSourceSetDependencies=true -Porg.gradle.kotlin.dsl.provider.cid=109788848840 -Didea.gradle.download.sources.force=false -Pkotlin.mpp.enableIntransitiveMetadataConfiguration=true --init-script /tmp/ijInit1.gradle -Didea.active=true -Didea.version=2025.3.3 -Didea.vendor.name=JetBrains
2026-02-17 11:20:11,261 [  37068]   INFO - STDOUT - [Gradle]: Starting Gradle Daemon...
2026-02-17 11:20:11,718 [  37525]   INFO - #c.i.u.i.c.IndexUpdateRunner - Coroutine 6 finished gracefully
2026-02-17 11:20:11,719 [  37526]   INFO - #c.i.u.i.c.IndexUpdateRunner - Coroutine 0 finished gracefully
2026-02-17 11:20:11,719 [  37526]   INFO - #c.i.u.i.c.IndexUpdateRunner - Coroutine 5 finished gracefully
2026-02-17 11:20:11,719 [  37526]   INFO - #c.i.u.i.c.IndexUpdateRunner - Coroutine 2 finished gracefully
2026-02-17 11:20:11,719 [  37526]   INFO - #c.i.u.i.c.IndexUpdateRunner - Coroutine 1 finished gracefully
2026-02-17 11:20:11,723 [  37530]   INFO - #c.i.u.i.c.IndexUpdateRunner - Coroutine 7 finished gracefully
2026-02-17 11:20:11,726 [  37533]   INFO - #c.i.u.i.c.IndexUpdateRunner - Coroutine 4 finished gracefully
2026-02-17 11:20:11,762 [  37569]   INFO - #c.i.u.i.c.IndexUpdateRunner - Coroutine 3 finished gracefully
2026-02-17 11:20:11,796 [  37603]   INFO - #c.i.u.i.ProjectChangedFilesScanner - Retrieving changed during indexing files of java-basics : 94 to update, calculated in 9ms
2026-02-17 11:20:11,862 [  37669]   INFO - #c.i.u.i.c.IndexUpdateRunner - Coroutine 7 finished gracefully
2026-02-17 11:20:11,867 [  37674]   INFO - #c.i.u.i.c.IndexUpdateRunner - Coroutine 5 finished gracefully
2026-02-17 11:20:11,868 [  37675]   INFO - #c.i.u.i.c.IndexUpdateRunner - Coroutine 0 finished gracefully
2026-02-17 11:20:11,868 [  37675]   INFO - #c.i.u.i.c.IndexUpdateRunner - Coroutine 3 finished gracefully
2026-02-17 11:20:11,868 [  37675]   INFO - #c.i.u.i.c.IndexUpdateRunner - Coroutine 4 finished gracefully
2026-02-17 11:20:11,868 [  37675]   INFO - #c.i.u.i.c.IndexUpdateRunner - Coroutine 6 finished gracefully
2026-02-17 11:20:11,868 [  37675]   INFO - #c.i.u.i.c.IndexUpdateRunner - Coroutine 1 finished gracefully
2026-02-17 11:20:11,868 [  37675]   INFO - #c.i.u.i.c.IndexUpdateRunner - Coroutine 2 finished gracefully
2026-02-17 11:20:11,892 [  37699]   INFO - #c.i.u.i.UnindexedFilesIndexer - Finished for java-basics. Unindexed files update took 7222ms; general responsiveness: ok; EDT responsiveness: ok
2026-02-17 11:20:11,893 [  37700]   INFO - #c.i.o.p.MergingQueueGuiExecutor - Task finished: (dumb mode task) UnindexedFilesIndexer[java-basics, reasons: [On project open]]
2026-02-17 11:20:11,893 [  37700]   INFO - #c.i.o.p.MergingQueueGuiExecutor - Running task: (dumb mode task) UnindexedFilesIndexer[java-basics, reasons: [Merged Changes from WorkspaceFileIndex with changes in: "Module 'java-basics' (all roots)" with changes in: "Module 'project' (all roots)"]]
2026-02-17 11:20:11,894 [  37701]   INFO - #c.i.u.i.FileBasedIndexImpl - Indexes are already loaded
2026-02-17 11:20:11,894 [  37701]   INFO - #c.i.u.i.c.IndexUpdateRunner - Using 8 workers for indexing and 4 for writing indexes
2026-02-17 11:20:11,896 [  37703]   INFO - #c.i.u.i.ProjectChangedFilesScanner - Retrieving changed during indexing files of java-basics : 0 to update, calculated in 0ms
2026-02-17 11:20:11,896 [  37703]   INFO - #c.i.u.i.UnindexedFilesIndexer - Finished for java-basics. Unindexed files update took 0ms; general responsiveness: ok; EDT responsiveness: ok
2026-02-17 11:20:11,896 [  37703]   INFO - #c.i.o.p.MergingQueueGuiExecutor - Task finished: (dumb mode task) UnindexedFilesIndexer[java-basics, reasons: [Merged Changes from WorkspaceFileIndex with changes in: "Module 'java-basics' (all roots)" with changes in: "Module 'project' (all roots)"]]
2026-02-17 11:20:11,896 [  37703]   INFO - #c.i.o.p.DumbServiceImpl - exit dumb mode [java-basics]
2026-02-17 11:20:11,897 [  37704]   INFO - STDOUT - [IDE]: Task 'Analyzing project to enable smart features' ended
2026-02-17 11:20:14,948 [  40755]   INFO - #c.i.i.b.BookmarksManager - no state loaded for new bookmarks
2026-02-17 11:20:14,951 [  40758]   INFO - #c.i.i.b.BookmarkManager - no state loaded for old bookmarks
2026-02-17 11:20:14,960 [  40767]   INFO - STDOUT - [Gradle]: Gradle Daemon started in 3 s 687 ms
2026-02-17 11:20:15,104 [  40911]   INFO - #o.j.k.i.script - [KOTLIN_SCRIPTING] Loading script definitions: classes=[], classpath=[]
2026-02-17 11:20:15,130 [  40937]   INFO - #c.i.i.f.FavoritesManager - no state loaded for old favorites
2026-02-17 11:20:17,929 [  43736]   INFO - #o.j.q.s.i.r.ConsoleLog - Keep running Project opening ... so far 30s
2026-02-17 11:20:17,930 [  43737]   INFO - STDOUT - Keep running Project opening ... so far 30s
2026-02-17 11:20:26,119 [  51926]   INFO - STDOUT - [Gradle]: Download https://plugins.gradle.org/m2/org/jetbrains/kotlinx/kover/org.jetbrains.kotlinx.kover.gradle.plugin/0.7.3/org.jetbrains.kotlinx.kover.gradle.plugin-0.7.3.pom, took 537 ms
2026-02-17 11:20:26,910 [  52717]   INFO - STDOUT - [Gradle]: Download https://plugins.gradle.org/m2/io/freefair/gradle/lombok-plugin/8.1.0/lombok-plugin-8.1.0.pom, took 767 ms
2026-02-17 11:20:27,300 [  53107]   INFO - STDOUT - [Gradle]: Download https://plugins.gradle.org/m2/io/freefair/gradle/lombok-plugin/8.1.0/lombok-plugin-8.1.0.module, took 373 ms
2026-02-17 11:20:28,314 [  54121]   INFO - STDOUT - [Gradle]: Download https://plugins.gradle.org/m2/io/freefair/gradle/aspectj-plugin/5.1.1/aspectj-plugin-5.1.1.pom, took 261 ms
2026-02-17 11:20:28,653 [  54460]   INFO - STDOUT - [Gradle]: Download https://plugins.gradle.org/m2/org/jetbrains/kotlinx/kover-gradle-plugin/0.7.3/kover-gradle-plugin-0.7.3.pom, took 127 ms
2026-02-17 11:20:28,784 [  54591]   INFO - STDOUT - [Gradle]: Download https://plugins.gradle.org/m2/org/jetbrains/kotlinx/kover-gradle-plugin/0.7.3/kover-gradle-plugin-0.7.3.module, took 127 ms
2026-02-17 11:20:28,926 [  54733]   INFO - STDOUT - [Gradle]: Download https://plugins.gradle.org/m2/com/squareup/okio/okio/2.7.0/okio-2.7.0.pom, took 138 ms
2026-02-17 11:20:29,044 [  54851]   INFO - STDOUT - [Gradle]: Download https://plugins.gradle.org/m2/com/squareup/okio/okio/2.7.0/okio-2.7.0.module, took 114 ms
2026-02-17 11:20:29,156 [  54963]   INFO - STDOUT - [Gradle]: Download https://plugins.gradle.org/m2/org/jetbrains/kotlin/kotlin-stdlib-common/1.3.70/kotlin-stdlib-common-1.3.70.pom, took 106 ms
2026-02-17 11:20:29,194 [  55001]   INFO - STDOUT - [Gradle]: Download https://plugins.gradle.org/m2/org/jetbrains/kotlin/kotlin-stdlib/1.3.70/kotlin-stdlib-1.3.70.pom, took 144 ms
2026-02-17 11:20:29,333 [  55140]   INFO - STDOUT - [Gradle]: Download https://plugins.gradle.org/m2/org/jetbrains/annotations/13.0/annotations-13.0.pom, took 128 ms
2026-02-17 11:20:30,698 [  56505]   INFO - STDOUT - [Gradle]: Download https://plugins.gradle.org/m2/org/jetbrains/kotlinx/kover-gradle-plugin/0.7.3/kover-gradle-plugin-0.7.3.jar, took 127 ms
2026-02-17 11:20:30,701 [  56508]   INFO - STDOUT - [Gradle]: Download https://plugins.gradle.org/m2/com/squareup/okio/okio/2.7.0/okio-2.7.0.jar, took 126 ms
2026-02-17 11:20:30,708 [  56515]   INFO - STDOUT - [Gradle]: Download https://plugins.gradle.org/m2/org/jetbrains/annotations/13.0/annotations-13.0.jar, took 154 ms
2026-02-17 11:20:30,721 [  56528]   INFO - STDOUT - [Gradle]: Download https://plugins.gradle.org/m2/io/freefair/gradle/aspectj-plugin/5.1.1/aspectj-plugin-5.1.1.jar, took 229 ms
2026-02-17 11:20:30,744 [  56551]   INFO - STDOUT - [Gradle]: Download https://plugins.gradle.org/m2/org/jetbrains/kotlin/kotlin-stdlib-common/1.3.70/kotlin-stdlib-common-1.3.70.jar, took 273 ms
2026-02-17 11:20:30,760 [  56567]   INFO - STDOUT - [Gradle]: Download https://plugins.gradle.org/m2/io/qameta/allure/allure-gradle/2.8.0/allure-gradle-2.8.0.jar, took 309 ms
2026-02-17 11:20:31,062 [  56869]   INFO - STDOUT - [Gradle]: Download https://plugins.gradle.org/m2/org/jetbrains/kotlin/kotlin-stdlib/1.3.70/kotlin-stdlib-1.3.70.jar, took 602 ms
2026-02-17 11:20:31,253 [  57060]   INFO - STDOUT - [Gradle]: Download https://plugins.gradle.org/m2/io/freefair/gradle/lombok-plugin/8.1.0/lombok-plugin-8.1.0.jar, took 843 ms
2026-02-17 11:20:31,786 [  57593]   INFO - STDOUT - [Gradle]: 
2026-02-17 11:20:31,787 [  57594]   INFO - STDOUT - [Gradle]: > Configure project :
2026-02-17 11:20:31,787 [  57594]   INFO - STDOUT - [Gradle]: 
2026-02-17 11:20:31,787 [  57594]   INFO - STDOUT - [Gradle]: from build root
2026-02-17 11:20:31,788 [  57595]   INFO - STDOUT - [Gradle]: 
2026-02-17 11:20:31,837 [  57644]   INFO - STDOUT - [Gradle]: Download https://repo.maven.apache.org/maven2/org/aspectj/aspectjweaver/1.8.10/aspectjweaver-1.8.10.pom, took 41 ms
2026-02-17 11:20:32,052 [  57859]   INFO - STDOUT - [Gradle]: Download https://repo.maven.apache.org/maven2/org/aspectj/aspectjweaver/1.8.10/aspectjweaver-1.8.10.jar, took 60 ms
2026-02-17 11:20:32,093 [  57900]   INFO - STDOUT - [Gradle]: 
2026-02-17 11:20:32,095 [  57902]   INFO - STDOUT - [Gradle]: > Task :prepareKotlinBuildScriptModel
2026-02-17 11:20:32,095 [  57902]   INFO - STDOUT - [Gradle]:  UP-TO-DATE
2026-02-17 11:20:32,096 [  57903]   INFO - STDOUT - [Gradle]: 
2026-02-17 11:20:32,185 [  57992]   INFO - STDOUT - [Gradle]: from task root
2026-02-17 11:20:32,186 [  57993]   INFO - STDOUT - [Gradle]: 
2026-02-17 11:20:32,188 [  57995]   INFO - STDOUT - [Gradle]: from 2
2026-02-17 11:20:32,189 [  57996]   INFO - STDOUT - [Gradle]: 
2026-02-17 11:20:32,272 [  58079]   INFO - STDOUT - [Gradle]: Download https://repo.maven.apache.org/maven2/com/typesafe/config/1.4.1/config-1.4.1.pom, took 51 ms
2026-02-17 11:20:32,283 [  58090]   INFO - STDOUT - [Gradle]: Download https://repo.maven.apache.org/maven2/org/projectlombok/lombok/1.18.28/lombok-1.18.28.pom, took 52 ms
2026-02-17 11:20:32,291 [  58098]   INFO - STDOUT - [Gradle]: Download https://repo.maven.apache.org/maven2/org/assertj/assertj-core/3.19.0/assertj-core-3.19.0.pom, took 60 ms
2026-02-17 11:20:32,325 [  58132]   INFO - STDOUT - [Gradle]: Download https://repo.maven.apache.org/maven2/org/assertj/assertj-parent-pom/2.2.10/assertj-parent-pom-2.2.10.pom, took 29 ms
2026-02-17 11:20:32,329 [  58136]   INFO - STDOUT - [Gradle]: Download https://repo.maven.apache.org/maven2/org/junit/junit-bom/5.7.0/junit-bom-5.7.0.module, took 28 ms
2026-02-17 11:20:32,353 [  58160]   INFO - STDOUT - [Gradle]: Download https://repo.maven.apache.org/maven2/org/junit/jupiter/junit-jupiter-params/5.7.0/junit-jupiter-params-5.7.0.module, took 24 ms
2026-02-17 11:20:32,354 [  58161]   INFO - STDOUT - [Gradle]: Download https://repo.maven.apache.org/maven2/org/junit/platform/junit-platform-launcher/1.7.0/junit-platform-launcher-1.7.0.module, took 21 ms
2026-02-17 11:20:32,357 [  58164]   INFO - STDOUT - [Gradle]: Download https://repo.maven.apache.org/maven2/org/junit/jupiter/junit-jupiter-engine/5.7.0/junit-jupiter-engine-5.7.0.module, took 29 ms
2026-02-17 11:20:32,359 [  58166]   INFO - STDOUT - [Gradle]: Download https://repo.maven.apache.org/maven2/org/junit/junit-bom/5.6.3/junit-bom-5.6.3.pom, took 26 ms
2026-02-17 11:20:32,382 [  58189]   INFO - STDOUT - [Gradle]: Download https://repo.maven.apache.org/maven2/org/junit/junit-bom/5.6.3/junit-bom-5.6.3.module, took 22 ms
2026-02-17 11:20:32,453 [  58260]   INFO - STDOUT - [Gradle]: Download https://repo.maven.apache.org/maven2/org/junit/platform/junit-platform-engine/1.7.0/junit-platform-engine-1.7.0.module, took 28 ms
2026-02-17 11:20:32,552 [  58359]   INFO - STDOUT - [Gradle]: Download https://repo.maven.apache.org/maven2/org/junit/jupiter/junit-jupiter-api/5.7.0/junit-jupiter-api-5.7.0.module, took 26 ms
2026-02-17 11:20:32,611 [  58418]   INFO - STDOUT - [Gradle]: Download https://repo.maven.apache.org/maven2/org/junit/platform/junit-platform-commons/1.7.0/junit-platform-commons-1.7.0.module, took 27 ms
2026-02-17 11:20:32,789 [  58596]   INFO - STDOUT - [Gradle]: Download https://repo.maven.apache.org/maven2/org/junit/platform/junit-platform-commons/1.7.0/junit-platform-commons-1.7.0.jar, took 27 ms
2026-02-17 11:20:32,935 [  58742]   INFO - STDOUT - [Gradle]: Download https://repo.maven.apache.org/maven2/org/junit/jupiter/junit-jupiter-api/5.7.0/junit-jupiter-api-5.7.0.jar, took 34 ms
2026-02-17 11:20:32,946 [  58753]   INFO - STDOUT - [Gradle]: Download https://repo.maven.apache.org/maven2/org/junit/platform/junit-platform-engine/1.7.0/junit-platform-engine-1.7.0.jar, took 33 ms
2026-02-17 11:20:32,948 [  58755]   INFO - STDOUT - [Gradle]: Download https://repo.maven.apache.org/maven2/org/junit/jupiter/junit-jupiter-engine/5.7.0/junit-jupiter-engine-5.7.0.jar, took 35 ms
2026-02-17 11:20:32,956 [  58763]   INFO - STDOUT - [Gradle]: Download https://repo.maven.apache.org/maven2/org/junit/platform/junit-platform-launcher/1.7.0/junit-platform-launcher-1.7.0.jar, took 36 ms
2026-02-17 11:20:32,959 [  58766]   INFO - STDOUT - [Gradle]: Download https://repo.maven.apache.org/maven2/com/typesafe/config/1.4.1/config-1.4.1.jar, took 40 ms
2026-02-17 11:20:32,980 [  58787]   INFO - STDOUT - [Gradle]: Download https://repo.maven.apache.org/maven2/org/junit/jupiter/junit-jupiter-params/5.7.0/junit-jupiter-params-5.7.0.jar, took 42 ms
2026-02-17 11:20:33,031 [  58838]   INFO - STDOUT - [Gradle]: Download https://repo.maven.apache.org/maven2/org/aspectj/aspectjrt/1.9.6/aspectjrt-1.9.6.jar, took 31 ms
2026-02-17 11:20:33,163 [  58970]   INFO - STDOUT - [Gradle]: Download https://repo.maven.apache.org/maven2/org/apiguardian/apiguardian-api/1.1.0/apiguardian-api-1.1.0.jar, took 28 ms
2026-02-17 11:20:33,164 [  58971]   INFO - STDOUT - [Gradle]: Download https://repo.maven.apache.org/maven2/org/opentest4j/opentest4j/1.2.0/opentest4j-1.2.0.jar, took 28 ms
2026-02-17 11:20:33,451 [  59258]   INFO - STDOUT - [Gradle]: Download https://repo.maven.apache.org/maven2/org/projectlombok/lombok/1.18.28/lombok-1.18.28.jar, took 57 ms
2026-02-17 11:20:33,586 [  59393]   INFO - STDOUT - [Gradle]: Download https://repo.maven.apache.org/maven2/org/assertj/assertj-core/3.19.0/assertj-core-3.19.0.jar, took 119 ms
2026-02-17 11:20:33,588 [  59395]   INFO - STDOUT - [Gradle]: Download https://repo.maven.apache.org/maven2/com/fasterxml/jackson/core/jackson-core/2.10.4/jackson-core-2.10.4.pom, took 47 ms
2026-02-17 11:20:33,589 [  59396]   INFO - STDOUT - [Gradle]: Download https://repo.maven.apache.org/maven2/com/fasterxml/jackson/core/jackson-annotations/2.10.4/jackson-annotations-2.10.4.pom, took 47 ms
2026-02-17 11:20:33,591 [  59398]   INFO - STDOUT - [Gradle]: Download https://repo.maven.apache.org/maven2/com/fasterxml/jackson/jackson-base/2.10.4/jackson-base-2.10.4.pom, took 24 ms
2026-02-17 11:20:33,592 [  59399]   INFO - STDOUT - [Gradle]: Download https://repo.maven.apache.org/maven2/com/fasterxml/jackson/jackson-parent/2.10/jackson-parent-2.10.pom, took 25 ms
2026-02-17 11:20:33,596 [  59403]   INFO - STDOUT - [Gradle]: Download https://repo.maven.apache.org/maven2/com/fasterxml/jackson/jackson-bom/2.10.4/jackson-bom-2.10.4.pom, took 24 ms
2026-02-17 11:20:33,597 [  59404]   INFO - STDOUT - [Gradle]: Download https://repo.maven.apache.org/maven2/com/fasterxml/oss-parent/38/oss-parent-38.pom, took 23 ms
2026-02-17 11:20:33,637 [  59444]   INFO - STDOUT - [Gradle]: Download https://repo.maven.apache.org/maven2/com/fasterxml/jackson/core/jackson-annotations/2.10.4/jackson-annotations-2.10.4.jar, took 23 ms
2026-02-17 11:20:33,656 [  59463]   INFO - STDOUT - [Gradle]: Download https://repo.maven.apache.org/maven2/com/fasterxml/jackson/core/jackson-core/2.10.4/jackson-core-2.10.4.jar, took 31 ms
2026-02-17 11:20:33,657 [  59464]   INFO - STDOUT - [Gradle]: Download https://repo.maven.apache.org/maven2/org/projectlombok/lombok/1.18.16/lombok-1.18.16.pom, took 44 ms
2026-02-17 11:20:33,793 [  59600]   INFO - STDOUT - [Gradle]: Download https://repo.maven.apache.org/maven2/org/projectlombok/lombok/1.18.16/lombok-1.18.16.jar, took 52 ms
2026-02-17 11:20:33,797 [  59604]   INFO - STDOUT - [Gradle]: 
2026-02-17 11:20:33,798 [  59605]   INFO - STDOUT - [Gradle]: Deprecated Gradle features were used in this build, making it incompatible with Gradle 9.0.
2026-02-17 11:20:33,799 [  59606]   INFO - STDOUT - [Gradle]: 
2026-02-17 11:20:33,799 [  59606]   INFO - STDOUT - [Gradle]: 
2026-02-17 11:20:33,800 [  59607]   INFO - STDOUT - [Gradle]: You can use '--warning-mode all' to show the individual deprecation warnings and determine if they come from your own scripts or plugins.
2026-02-17 11:20:33,800 [  59607]   INFO - STDOUT - [Gradle]: 
2026-02-17 11:20:33,800 [  59607]   INFO - STDOUT - [Gradle]: 
2026-02-17 11:20:33,801 [  59608]   INFO - STDOUT - [Gradle]: For more on this, please refer to https://docs.gradle.org/8.2.1/userguide/command_line_interface.html#sec:command_line_warnings in the Gradle documentation.
2026-02-17 11:20:33,801 [  59608]   INFO - STDOUT - [Gradle]: 
2026-02-17 11:20:33,802 [  59609]   INFO - STDOUT - [Gradle]: 
2026-02-17 11:20:33,802 [  59609]   INFO - STDOUT - [Gradle]: BUILD SUCCESSFUL
2026-02-17 11:20:33,803 [  59610]   INFO - STDOUT - [Gradle]:  in 23s
2026-02-17 11:20:33,803 [  59610]   INFO - STDOUT - [Gradle]: 
2026-02-17 11:20:33,831 [  59638]   INFO - #c.i.o.p.UnindexedFilesScannerExecutor - [15375f63] Running task: com.intellij.util.indexing.UnindexedFilesScannerExecutorImpl$ScheduledScanningTask@77ad42ed
2026-02-17 11:20:33,832 [  59639]   INFO - #c.i.w.i.i.EntitiesOrphanageImpl - Update orphanage. 0 modules added
2026-02-17 11:20:33,832 [  59639]   INFO - #c.i.w.i.i.WorkspaceModelImpl - Project model updated to version 12 in 8 ms: The Gradle project sync
  phase = PROJECT_MODEL_PHASE
  taskId = RESOLVE_PROJECT:2
  projectPath = /data/project
2026-02-17 11:20:33,834 [  59641]   INFO - #c.i.o.p.UnindexedFilesScannerExecutor - [15375f63] Skipping task: com.intellij.util.indexing.UnindexedFilesScannerExecutorImpl$ScheduledScanningTask@77ad42ed
2026-02-17 11:20:33,838 [  59645]   INFO - #c.i.o.p.UnindexedFilesScannerExecutor - [15375f63] Running task: com.intellij.util.indexing.UnindexedFilesScannerExecutorImpl$ScheduledScanningTask@47f406dc
2026-02-17 11:20:33,839 [  59646]   INFO - #c.i.u.i.UnindexedFilesScanner - [15375f63] scanning stage (scanning id=2): DelayedPushProperties
2026-02-17 11:20:33,839 [  59646]   INFO - #c.i.u.i.FileBasedIndexImpl - Indexes are already loaded
2026-02-17 11:20:33,839 [  59646]   INFO - #c.i.u.i.UnindexedFilesScanner - [15375f63] Started scanning for indexing of java-basics. Reason: changes in: "Module 'project.java-basics' (all roots)"
2026-02-17 11:20:33,839 [  59646]   INFO - #c.i.u.i.UnindexedFilesScanner - [15375f63] scanning stage (scanning id=2): CreatingIterators
2026-02-17 11:20:33,839 [  59646]   INFO - #c.i.u.i.UnindexedFilesScanner - [15375f63] scanning stage (scanning id=2): CollectingIndexableFiles
2026-02-17 11:20:33,839 [  59646]   INFO - #c.i.u.i.UnindexedFilesScanner - Scanning of java-basics uses 8 scanning threads
2026-02-17 11:20:33,853 [  59660]   INFO - #c.i.w.i.i.EntitiesOrphanageImpl - Update orphanage. 1 modules added
2026-02-17 11:20:33,853 [  59660]   INFO - #c.i.w.i.i.ContentRootAdder - Move content roots for 1 modules from orphanage to storage
2026-02-17 11:20:33,853 [  59660]   INFO - #c.i.w.i.i.SourceRootAdder - Move source roots for 0 modules from orphanage to storage
2026-02-17 11:20:33,853 [  59660]   INFO - #c.i.w.i.i.ExcludeRootAdder - Move exclude roots for 0 modules from orphanage to storage
2026-02-17 11:20:33,855 [  59662]   INFO - #c.i.w.i.i.EntitiesOrphanageImpl - Update orphanage. 0 modules added
2026-02-17 11:20:33,856 [  59663]   INFO - #c.i.w.i.i.WorkspaceModelImpl - Project model updated to version 14 in 3 ms: Move orphan elements
2026-02-17 11:20:33,856 [  59663]   INFO - #c.i.w.i.i.WorkspaceModelImpl - Project model updated to version 14 in 10 ms: The Gradle project sync
  phase = SOURCE_SET_MODEL_PHASE
  taskId = RESOLVE_PROJECT:2
  projectPath = /data/project
2026-02-17 11:20:33,866 [  59673]   INFO - #c.i.w.i.i.EntitiesOrphanageImpl - Update orphanage. 0 modules added
2026-02-17 11:20:33,874 [  59681]   INFO - #c.i.w.i.i.WorkspaceModelImpl - Project model updated to version 15 in 3 ms: The Gradle project sync
  phase = ADDITIONAL_MODEL_PHASE
  taskId = RESOLVE_PROJECT:2
  projectPath = /data/project
2026-02-17 11:20:33,902 [  59709]   INFO - #c.i.u.i.UnindexedFilesScanner - [15375f63] Scanning completed for java-basics. Number of scanned files: 569; number of files for indexing: 0
2026-02-17 11:20:33,904 [  59711]   INFO - #c.i.u.i.PerProjectIndexingQueue - Finished for java-basics. No files to index with loading content.
2026-02-17 11:20:33,904 [  59711]   INFO - #c.i.o.p.UnindexedFilesScannerExecutor - [15375f63] Task finished (scanning id=2): com.intellij.util.indexing.UnindexedFilesScannerExecutorImpl$ScheduledScanningTask@47f406dc
2026-02-17 11:20:33,905 [  59712]   INFO - #c.i.o.p.UnindexedFilesScannerExecutor - [15375f63] Running task: com.intellij.util.indexing.UnindexedFilesScannerExecutorImpl$ScheduledScanningTask@6b90528e
2026-02-17 11:20:33,905 [  59712]   INFO - #c.i.u.i.UnindexedFilesScanner - [15375f63] scanning stage (scanning id=3): DelayedPushProperties
2026-02-17 11:20:33,905 [  59712]   INFO - #c.i.u.i.FileBasedIndexImpl - Indexes are already loaded
2026-02-17 11:20:33,905 [  59712]   INFO - #c.i.u.i.UnindexedFilesScanner - [15375f63] Started scanning for indexing of java-basics. Reason: Merged changes in: "Module 'java-basics.test' (all roots)", "Module 'java-basics.main' (all roots)" with changes in: "Module 'java-basics.main' (main)"
2026-02-17 11:20:33,905 [  59712]   INFO - #c.i.u.i.UnindexedFilesScanner - [15375f63] scanning stage (scanning id=3): CreatingIterators
2026-02-17 11:20:33,905 [  59712]   INFO - #c.i.u.i.UnindexedFilesScanner - [15375f63] scanning stage (scanning id=3): CollectingIndexableFiles
2026-02-17 11:20:33,906 [  59713]   INFO - #c.i.u.i.UnindexedFilesScanner - Scanning of java-basics uses 8 scanning threads
2026-02-17 11:20:33,910 [  59717]   INFO - STDOUT - [Gradle]: Gradle resolve stage finished with success: java-basics:15375f63
2026-02-17 11:20:33,914 [  59721]   INFO - #c.i.u.i.IndexingReasonExplanationLogger - Scheduling indexing of RestTestApplication1.java (id=44369) by request of indexes: [java.binary.plus.expression->NOT_INDEXED(not indexed),java.null.method.argument->NOT_INDEXED(not indexed),java.fun.expression->NOT_INDEXED(not indexed),Stubs->NOT_INDEXED(not indexed),]. 
2026-02-17 11:20:33,915 [  59722]   INFO - #c.i.u.i.IndexingReasonExplanationLogger - Scheduling indexing of RestTestApplicationTests1.java (id=44855) by request of indexes: [java.binary.plus.expression->NOT_INDEXED(not indexed),java.null.method.argument->NOT_INDEXED(not indexed),java.fun.expression->NOT_INDEXED(not indexed),Stubs->NOT_INDEXED(not indexed),]. 
2026-02-17 11:20:33,924 [  59731]   INFO - #c.i.o.p.DumbServiceImpl - enter dumb mode [java-basics]
2026-02-17 11:20:33,935 [  59742]   INFO - #c.i.u.i.IndexingReasonExplanationLogger - Scheduling indexing of build.gradle (id=44360) by request of indexes: [HashFragmentIndex->NOT_INDEXED(not indexed),]. 
2026-02-17 11:20:33,935 [  59742]   INFO - #c.i.u.i.IndexingReasonExplanationLogger - Scheduling indexing of settings.gradle (id=44357) by request of indexes: [HashFragmentIndex->NOT_INDEXED(not indexed),]. 
2026-02-17 11:20:33,935 [  59742]   INFO - #c.i.o.p.MergingQueueGuiExecutor - Running task: (dumb mode task) com.intellij.openapi.roots.impl.PushedFilePropertiesUpdaterImpl$MyDumbModeTask@55607401 (reason: Push on VFS changes)
2026-02-17 11:20:33,936 [  59743]   INFO - #c.i.u.i.UnindexedFilesScanner - [15375f63] Scanning completed for java-basics. Number of scanned files: 137; number of files for indexing: 4
2026-02-17 11:20:33,937 [  59744]   INFO - #c.i.o.p.UnindexedFilesScannerExecutor - [15375f63] Task finished (scanning id=3): com.intellij.util.indexing.UnindexedFilesScannerExecutorImpl$ScheduledScanningTask@6b90528e
2026-02-17 11:20:33,938 [  59745]   INFO - #o.j.k.g.s.s.r.GradleBuildRootIndex - /data/project: org.jetbrains.kotlin.gradle.scripting.shared.roots.New@4be6740f -> org.jetbrains.kotlin.gradle.scripting.shared.roots.Imported@3f563551
2026-02-17 11:20:33,939 [  59746]   INFO - #c.i.o.e.u.ExternalSystemUtil - External project [/data/project] resolution task executed in 31785 ms.
2026-02-17 11:20:33,941 [  59748]   INFO - STDOUT - [Gradle]: Gradle data import stage started: java-basics:15375f63
2026-02-17 11:20:33,945 [  59752]   INFO - #c.i.o.p.MergingQueueGuiExecutor - Task finished: (dumb mode task) com.intellij.openapi.roots.impl.PushedFilePropertiesUpdaterImpl$MyDumbModeTask@55607401 (reason: Push on VFS changes)
2026-02-17 11:20:33,946 [  59753]   INFO - #c.i.o.p.MergingQueueGuiExecutor - Running task: (dumb mode task) UnindexedFilesIndexer[java-basics, reasons: [Merged changes in: "Module 'java-basics.test' (all roots)", "Module 'java-basics.main' (all roots)" with changes in: "Module 'java-basics.main' (main)", On refresh of files in java-basics]]
2026-02-17 11:20:33,946 [  59753]   INFO - #c.i.u.i.FileBasedIndexImpl - Indexes are already loaded
2026-02-17 11:20:33,947 [  59754]   INFO - #c.i.u.i.c.IndexUpdateRunner - Using 8 workers for indexing and 4 for writing indexes
2026-02-17 11:20:33,947 [  59754]   INFO - #c.i.u.i.c.IndexUpdateRunner - Coroutine 5 finished gracefully
2026-02-17 11:20:33,947 [  59754]   INFO - #c.i.u.i.c.IndexUpdateRunner - Coroutine 0 finished gracefully
2026-02-17 11:20:33,947 [  59754]   INFO - #c.i.u.i.c.IndexUpdateRunner - Coroutine 4 finished gracefully
2026-02-17 11:20:33,948 [  59755]   INFO - #c.i.u.i.c.IndexUpdateRunner - Coroutine 7 finished gracefully
2026-02-17 11:20:33,950 [  59757]   INFO - #c.i.u.i.c.IndexUpdateRunner - Coroutine 2 finished gracefully
2026-02-17 11:20:33,950 [  59757]   INFO - #c.i.u.i.c.IndexUpdateRunner - Coroutine 1 finished gracefully
2026-02-17 11:20:33,955 [  59762]   INFO - STDOUT - [IDE]: Gradle: Importing gradle bridge data                                                                                        0%
2026-02-17 11:20:33,956 [  59763]   INFO - #c.i.o.e.s.p.IdeModifiableModelsProviderImpl - Ide modifiable models provider, create builder from version 15
2026-02-17 11:20:33,957 [  59764]   INFO - #c.i.u.i.c.IndexUpdateRunner - Coroutine 6 finished gracefully
2026-02-17 11:20:33,959 [  59766]   INFO - STDOUT - [IDE]: Gradle: Importing module data                                                                                               0%
2026-02-17 11:20:33,960 [  59767]   INFO - #c.i.u.i.c.IndexUpdateRunner - Coroutine 3 finished gracefully
2026-02-17 11:20:33,962 [  59769]   INFO - STDOUT - [IDE]: Gradle: Importing native target data                                                                                        2%
2026-02-17 11:20:33,962 [  59769]   INFO - STDOUT - [IDE]: Gradle: Importing kotlin target data                                                                     .                  5%
2026-02-17 11:20:33,962 [  59769]   INFO - STDOUT - [IDE]: Gradle: Importing kotlin fragment data                                                                   .                  8%
2026-02-17 11:20:33,963 [  59770]   INFO - STDOUT - [IDE]: Gradle: Importing gradle project build script data                                                       ..                 11%
2026-02-17 11:20:33,964 [  59771]   INFO - STDOUT - [IDE]: Gradle: Importing gradle source set data                                                                 ..                 14%
2026-02-17 11:20:33,966 [  59773]   INFO - STDOUT - [IDE]: Gradle: Importing gradle bridge module data                                                              ...                17%
2026-02-17 11:20:33,967 [  59774]   INFO - STDOUT - [IDE]: Gradle: Importing gradle bridge module data                                                              ...                20%
2026-02-17 11:20:33,967 [  59774]   INFO - STDOUT - [IDE]: Gradle: Importing project data                                                                           ...                20%
2026-02-17 11:20:33,967 [  59774]   INFO - STDOUT - [IDE]: Gradle: Importing java project data                                                                      ....               23%
2026-02-17 11:20:33,970 [  59777]   INFO - STDOUT - [IDE]: Gradle: Importing project sdk data                                                                       ....               26%
2026-02-17 11:20:33,970 [  59777]   INFO - STDOUT - [IDE]: Gradle: Importing composite build data                                                                   .....              29%
2026-02-17 11:20:33,970 [  59777]   INFO - STDOUT - [IDE]: Gradle: Importing java module data                                                                       .....              32%
2026-02-17 11:20:33,972 [  59779]   INFO - STDOUT - [IDE]: Gradle: Importing module sdk data                                                                        ......             35%
2026-02-17 11:20:33,972 [  59779]   INFO - STDOUT - [IDE]: Gradle: Importing library data                                                                           ......             38%
2026-02-17 11:20:33,973 [  59780]   INFO - STDOUT - [IDE]: Gradle: Importing library data                                                                           .......            41%
2026-02-17 11:20:33,988 [  59795]   INFO - #c.i.u.i.ProjectChangedFilesScanner - Retrieving changed during indexing files of java-basics : 116 to update, calculated in 6ms
2026-02-17 11:20:34,015 [  59822]   INFO - STDOUT - [IDE]: Gradle: Importing content root data                                                                      .......            41%
2026-02-17 11:20:34,027 [  59834]   INFO - STDOUT - [IDE]: Gradle: Importing kotlin output paths data                                                               .......            44%
2026-02-17 11:20:34,029 [  59836]   INFO - STDOUT - [IDE]: Gradle: Importing module dependency data                                                                 ........           47%
2026-02-17 11:20:34,029 [  59836]   INFO - STDOUT - [IDE]: Gradle: Importing library dependency data                                                                .........          50%
2026-02-17 11:20:34,032 [  59839]   INFO - STDOUT - [IDE]: Gradle: Importing dependency accessors model                                                             .........          52%
2026-02-17 11:20:34,033 [  59840]   INFO - STDOUT - [IDE]: Gradle: Importing version catalogs model                                                                 ..........         55%
2026-02-17 11:20:34,033 [  59840]   INFO - STDOUT - [IDE]: Gradle: Importing build script classpath data                                                            ..........         58%
2026-02-17 11:20:34,033 [  59840]   INFO - STDOUT - [IDE]: Gradle: Importing build script classpath data                                                            ...........        61%
2026-02-17 11:20:34,046 [  59853]   INFO - #c.i.w.i.i.EntitiesOrphanageImpl - Update orphanage. 0 modules added
2026-02-17 11:20:34,046 [  59853]   INFO - #c.i.w.i.i.WorkspaceModelImpl - Project model updated to version 16 in 3 ms: AbstractExternalSystemLocalSettings async update
2026-02-17 11:20:34,047 [  59854]   INFO - STDOUT - [IDE]: Gradle: Importing gradle extensions                                                                      ...........        61%
2026-02-17 11:20:34,054 [  59861]   INFO - STDOUT - [IDE]: Gradle: Importing task data                                                                              ...........        64%
2026-02-17 11:20:34,055 [  59862]   INFO - STDOUT - [IDE]: Gradle: Importing java manifest data                                                                     ............       67%
2026-02-17 11:20:34,055 [  59862]   INFO - STDOUT - [IDE]: Gradle: Importing external project                                                                       ............       70%
2026-02-17 11:20:34,055 [  59862]   INFO - STDOUT - [IDE]: Gradle: Importing configuration data                                                                     .............      73%
2026-02-17 11:20:34,055 [  59862]   INFO - STDOUT - [IDE]: Gradle: Importing test data                                                                              .............      76%
2026-02-17 11:20:34,055 [  59862]   INFO - STDOUT - [IDE]: Gradle: Importing project dependencies                                                                   ..............     79%
2026-02-17 11:20:34,055 [  59862]   INFO - STDOUT - [IDE]: Gradle: Importing project dependencies                                                                   ..............     82%
2026-02-17 11:20:34,056 [  59863]   INFO - STDOUT - [IDE]: Gradle: Importing annotation processing data                                                             ..............     82%
2026-02-17 11:20:34,059 [  59866]   INFO - STDOUT - [IDE]: Gradle: Importing annotation processing data$ annotation processor output                                ...............    85%
2026-02-17 11:20:34,061 [  59868]   INFO - STDOUT - [IDE]: Gradle: Importing external system operation descriptor                                                   ...............    88%
2026-02-17 11:20:34,061 [  59868]   INFO - STDOUT - [IDE]: Gradle: Importing maven repository data                                                                  ................   91%
2026-02-17 11:20:34,064 [  59871]   INFO - STDOUT - [IDE]: Gradle: Importing project repository data                                                                ................   94%
2026-02-17 11:20:34,085 [  59892]   INFO - #c.i.u.i.c.IndexUpdateRunner - Coroutine 6 finished gracefully
2026-02-17 11:20:34,086 [  59893]   INFO - #c.i.u.i.c.IndexUpdateRunner - Coroutine 7 finished gracefully
2026-02-17 11:20:34,087 [  59894]   INFO - #c.i.u.i.c.IndexUpdateRunner - Coroutine 3 finished gracefully
2026-02-17 11:20:34,087 [  59894]   INFO - #c.i.u.i.c.IndexUpdateRunner - Coroutine 4 finished gracefully
2026-02-17 11:20:34,087 [  59894]   INFO - #c.i.u.i.c.IndexUpdateRunner - Coroutine 1 finished gracefully
2026-02-17 11:20:34,088 [  59895]   INFO - #c.i.u.i.c.IndexUpdateRunner - Coroutine 0 finished gracefully
2026-02-17 11:20:34,088 [  59895]   INFO - #c.i.u.i.c.IndexUpdateRunner - Coroutine 5 finished gracefully
2026-02-17 11:20:34,088 [  59895]   INFO - #c.i.u.i.c.IndexUpdateRunner - Coroutine 2 finished gracefully
2026-02-17 11:20:34,096 [  59903]   INFO - #c.i.w.i.i.EntitiesOrphanageImpl - Update orphanage. 0 modules added
2026-02-17 11:20:34,096 [  59903]   INFO - #c.i.w.i.i.WorkspaceModelImpl - Project model updated to version 17 in 0 ms: Commit artifact manager
2026-02-17 11:20:34,107 [  59914]   INFO - #c.i.w.i.i.EntitiesOrphanageImpl - Update orphanage. 0 modules added
2026-02-17 11:20:34,108 [  59915]   INFO - #c.i.w.i.i.WorkspaceModelImpl - Project model updated to version 18 in 11 ms: External system: commit model
2026-02-17 11:20:34,110 [  59917]   INFO - STDOUT - [Gradle]: Gradle data import stage finished with success: java-basics:15375f63
2026-02-17 11:20:34,110 [  59917]   INFO - #c.i.u.i.UnindexedFilesIndexer - Finished for java-basics. Unindexed files update took 164ms; general responsiveness: ok; EDT responsiveness: ok
2026-02-17 11:20:34,111 [  59918]   INFO - #c.i.o.p.MergingQueueGuiExecutor - Task finished: (dumb mode task) UnindexedFilesIndexer[java-basics, reasons: [Merged changes in: "Module 'java-basics.test' (all roots)", "Module 'java-basics.main' (all roots)" with changes in: "Module 'java-basics.main' (main)", On refresh of files in java-basics]]
2026-02-17 11:20:34,113 [  59920]   INFO - #c.i.o.p.UnindexedFilesScannerExecutor - [15375f63] Running task: com.intellij.util.indexing.UnindexedFilesScannerExecutorImpl$ScheduledScanningTask@29121024
2026-02-17 11:20:34,115 [  59922]   INFO - #c.i.o.p.MergingQueueGuiExecutor - Running task: (dumb mode task) com.intellij.openapi.roots.impl.PushedFilePropertiesUpdaterImpl$MyDumbModeTask@73b722cd (reason: Push all on [com.intellij.openapi.roots.impl.JavaLanguageLevelPusher@5445a6fe])
2026-02-17 11:20:34,120 [  59927]   INFO - STDOUT - [Gradle]: Gradle data import(final tasks) stage started: java-basics:15375f63
2026-02-17 11:20:34,120 [  59927]   INFO - #c.i.u.i.UnindexedFilesScanner - [15375f63] scanning stage (scanning id=4): DelayedPushProperties
2026-02-17 11:20:34,121 [  59928]   INFO - #c.i.u.i.FileBasedIndexImpl - Indexes are already loaded
2026-02-17 11:20:34,121 [  59928]   INFO - #c.i.u.i.UnindexedFilesScanner - [15375f63] Started scanning for indexing of java-basics. Reason: Merged Changes from WorkspaceFileIndex with changes in: "Module 'java-basics.main' (all roots)", "Module 'java-basics.test' (all roots)", "Module 'java-basics' (project)"
2026-02-17 11:20:34,121 [  59928]   INFO - #c.i.u.i.UnindexedFilesScanner - [15375f63] scanning stage (scanning id=4): CreatingIterators
2026-02-17 11:20:34,121 [  59928]   INFO - #c.i.u.i.UnindexedFilesScanner - [15375f63] scanning stage (scanning id=4): CollectingIndexableFiles
2026-02-17 11:20:34,122 [  59929]   INFO - #c.i.u.i.UnindexedFilesScanner - Scanning of java-basics uses 8 scanning threads
2026-02-17 11:20:34,125 [  59932]   INFO - #c.i.w.i.i.EntitiesOrphanageImpl - Update orphanage. 0 modules added
2026-02-17 11:20:34,125 [  59932]   INFO - #c.i.w.i.i.WorkspaceModelImpl - Project model updated to version 19 in 1 ms: AbstractExternalSystemLocalSettings async update
2026-02-17 11:20:34,129 [  59936]   INFO - #c.i.u.i.IndexingReasonExplanationLogger - Scanner has updated file apiguardian-api-1.1.0.jar (id=77969) with appliers: [SingleIndexValueApplier{indexId=java.auto.module.name, inputId=77969, fileInfo='apiguardian-api-1.1.0.jar(id=77969)'}] and removers: []; 
2026-02-17 11:20:34,129 [  59936]   INFO - #c.i.u.i.IndexingReasonExplanationLogger - Scheduling indexing of API.class (id=78364) by request of indexes: [bytecodeAnalysis->NOT_INDEXED(not indexed),org.jetbrains.kotlin.idea.vfilefinder.KotlinPartialPackageNamesIndex->NOT_INDEXED(not indexed),org.jetbrains.kotlin.idea.versions.KotlinJvmMetadataVersionIndex->NOT_INDEXED(not indexed),org.jetbrains.kotlin.idea.vfilefinder.KotlinClassFileIndex->NOT_INDEXED(not indexed),KotlinBinaryRootToPackageIndex->NOT_INDEXED(not indexed),KotlinTopLevelCallableByPackageShortNameIndex->NOT_INDEXED(not indexed),KotlinTopLevelClassLikeDeclarationByPackageShortNameIndex->NOT_INDEXED(not indexed),Stubs->NOT_INDEXED(not indexed),filetypes->NOT_INDEXED(not indexed),]. Scanner has updated file API.class (id=78364) with appliers: [SingleIndexValueApplier{indexId=filetypes, inputId=78364, fileInfo='API.class(id=78364)'}] and removers: []; 
2026-02-17 11:20:34,130 [  59937]   INFO - #c.i.u.i.IndexingReasonExplanationLogger - Scheduling indexing of API$Status.class (id=78363) by request of indexes: [bytecodeAnalysis->NOT_INDEXED(not indexed),org.jetbrains.kotlin.idea.vfilefinder.KotlinPartialPackageNamesIndex->NOT_INDEXED(not indexed),org.jetbrains.kotlin.idea.versions.KotlinJvmMetadataVersionIndex->NOT_INDEXED(not indexed),org.jetbrains.kotlin.idea.vfilefinder.KotlinClassFileIndex->NOT_INDEXED(not indexed),KotlinBinaryRootToPackageIndex->NOT_INDEXED(not indexed),KotlinTopLevelCallableByPackageShortNameIndex->NOT_INDEXED(not indexed),KotlinTopLevelClassLikeDeclarationByPackageShortNameIndex->NOT_INDEXED(not indexed),Stubs->NOT_INDEXED(not indexed),filetypes->NOT_INDEXED(not indexed),]. Scanner has updated file API$Status.class (id=78363) with appliers: [SingleIndexValueApplier{indexId=filetypes, inputId=78363, fileInfo='API$Status.class(id=78363)'}] and removers: []; 
2026-02-17 11:20:34,130 [  59937]   INFO - #c.i.u.i.IndexingReasonExplanationLogger - Scheduling indexing of MANIFEST.MF (id=78398) by request of indexes: [org.jetbrains.kotlin.idea.vfilefinder.KotlinStdlibIndex->NOT_INDEXED(not indexed),Trigram.Index->NOT_INDEXED(not indexed),IdIndex->NOT_INDEXED(not indexed),java.source.module.name->NOT_INDEXED(not indexed),filetypes->NOT_INDEXED(not indexed),]. Scanner has updated file MANIFEST.MF (id=78398) with appliers: [SingleIndexValueApplier{indexId=filetypes, inputId=78398, fileInfo='MANIFEST.MF(id=78398)'}] and removers: []; 
2026-02-17 11:20:34,131 [  59938]   INFO - #c.i.u.i.IndexingReasonExplanationLogger - Scheduling indexing of module-info.class (id=78123) by request of indexes: [bytecodeAnalysis->NOT_INDEXED(not indexed),org.jetbrains.kotlin.idea.vfilefinder.KotlinPartialPackageNamesIndex->NOT_INDEXED(not indexed),org.jetbrains.kotlin.idea.versions.KotlinJvmMetadataVersionIndex->NOT_INDEXED(not indexed),org.jetbrains.kotlin.idea.vfilefinder.KotlinClassFileIndex->NOT_INDEXED(not indexed),KotlinBinaryRootToPackageIndex->NOT_INDEXED(not indexed),KotlinTopLevelCallableByPackageShortNameIndex->NOT_INDEXED(not indexed),KotlinTopLevelClassLikeDeclarationByPackageShortNameIndex->NOT_INDEXED(not indexed),Stubs->NOT_INDEXED(not indexed),filetypes->NOT_INDEXED(not indexed),]. Scanner has updated file module-info.class (id=78123) with appliers: [SingleIndexValueApplier{indexId=filetypes, inputId=78123, fileInfo='module-info.class(id=78123)'}] and removers: []; 
2026-02-17 11:20:34,131 [  59938]   INFO - #c.i.u.i.IndexingReasonExplanationLogger - Scanner has updated file opentest4j-1.2.0.jar (id=77980) with appliers: [SingleIndexValueApplier{indexId=java.auto.module.name, inputId=77980, fileInfo='opentest4j-1.2.0.jar(id=77980)'}] and removers: []; 
2026-02-17 11:20:34,131 [  59938]   INFO - #c.i.u.i.IndexingReasonExplanationLogger - Scanner has updated file junit-jupiter-api-5.7.0.jar (id=77963) with appliers: [SingleIndexValueApplier{indexId=java.auto.module.name, inputId=77963, fileInfo='junit-jupiter-api-5.7.0.jar(id=77963)'}] and removers: []; 
2026-02-17 11:20:34,132 [  59939]   INFO - #c.i.u.i.IndexingReasonExplanationLogger - Scheduling indexing of TempDir.class (id=78365) by request of indexes: [bytecodeAnalysis->NOT_INDEXED(not indexed),org.jetbrains.kotlin.idea.vfilefinder.KotlinPartialPackageNamesIndex->NOT_INDEXED(not indexed),org.jetbrains.kotlin.idea.versions.KotlinJvmMetadataVersionIndex->NOT_INDEXED(not indexed),org.jetbrains.kotlin.idea.vfilefinder.KotlinClassFileIndex->NOT_INDEXED(not indexed),KotlinBinaryRootToPackageIndex->NOT_INDEXED(not indexed),KotlinTopLevelCallableByPackageShortNameIndex->NOT_INDEXED(not indexed),KotlinTopLevelClassLikeDeclarationByPackageShortNameIndex->NOT_INDEXED(not indexed),Stubs->NOT_INDEXED(not indexed),filetypes->NOT_INDEXED(not indexed),]. Scanner has updated file TempDir.class (id=78365) with appliers: [SingleIndexValueApplier{indexId=filetypes, inputId=78365, fileInfo='TempDir.class(id=78365)'}] and removers: []; 
2026-02-17 11:20:34,134 [  59941]   INFO - #c.i.u.i.IndexingReasonExplanationLogger - Scheduling indexing of Executable.class (id=78407) by request of indexes: [bytecodeAnalysis->NOT_INDEXED(not indexed),org.jetbrains.kotlin.idea.vfilefinder.KotlinPartialPackageNamesIndex->NOT_INDEXED(not indexed),org.jetbrains.kotlin.idea.versions.KotlinJvmMetadataVersionIndex->NOT_INDEXED(not indexed),org.jetbrains.kotlin.idea.vfilefinder.KotlinClassFileIndex->NOT_INDEXED(not indexed),KotlinBinaryRootToPackageIndex->NOT_INDEXED(not indexed),KotlinTopLevelCallableByPackageShortNameIndex->NOT_INDEXED(not indexed),KotlinTopLevelClassLikeDeclarationByPackageShortNameIndex->NOT_INDEXED(not indexed),Stubs->NOT_INDEXED(not indexed),filetypes->NOT_INDEXED(not indexed),]. Scanner has updated file Executable.class (id=78407) with appliers: [SingleIndexValueApplier{indexId=filetypes, inputId=78407, fileInfo='Executable.class(id=78407)'}] and removers: []; 
2026-02-17 11:20:34,135 [  59942]   INFO - #c.i.u.i.IndexingReasonExplanationLogger - Scheduling indexing of ValueWrapper.class (id=78923) by request of indexes: [bytecodeAnalysis->NOT_INDEXED(not indexed),org.jetbrains.kotlin.idea.vfilefinder.KotlinPartialPackageNamesIndex->NOT_INDEXED(not indexed),org.jetbrains.kotlin.idea.versions.KotlinJvmMetadataVersionIndex->NOT_INDEXED(not indexed),org.jetbrains.kotlin.idea.vfilefinder.KotlinClassFileIndex->NOT_INDEXED(not indexed),KotlinBinaryRootToPackageIndex->NOT_INDEXED(not indexed),KotlinTopLevelCallableByPackageShortNameIndex->NOT_INDEXED(not indexed),KotlinTopLevelClassLikeDeclarationByPackageShortNameIndex->NOT_INDEXED(not indexed),Stubs->NOT_INDEXED(not indexed),filetypes->NOT_INDEXED(not indexed),]. Scanner has updated file ValueWrapper.class (id=78923) with appliers: [SingleIndexValueApplier{indexId=filetypes, inputId=78923, fileInfo='ValueWrapper.class(id=78923)'}] and removers: []; 
2026-02-17 11:20:34,135 [  59942]   INFO - #c.i.u.i.IndexingReasonExplanationLogger - Scheduling indexing of ThrowingConsumer.class (id=78409) by request of indexes: [bytecodeAnalysis->NOT_INDEXED(not indexed),org.jetbrains.kotlin.idea.vfilefinder.KotlinPartialPackageNamesIndex->NOT_INDEXED(not indexed),org.jetbrains.kotlin.idea.versions.KotlinJvmMetadataVersionIndex->NOT_INDEXED(not indexed),org.jetbrains.kotlin.idea.vfilefinder.KotlinClassFileIndex->NOT_INDEXED(not indexed),KotlinBinaryRootToPackageIndex->NOT_INDEXED(not indexed),KotlinTopLevelCallableByPackageShortNameIndex->NOT_INDEXED(not indexed),KotlinTopLevelClassLikeDeclarationByPackageShortNameIndex->NOT_INDEXED(not indexed),Stubs->NOT_INDEXED(not indexed),filetypes->NOT_INDEXED(not indexed),]. Scanner has updated file ThrowingConsumer.class (id=78409) with appliers: [SingleIndexValueApplier{indexId=filetypes, inputId=78409, fileInfo='ThrowingConsumer.class(id=78409)'}] and removers: []; 
2026-02-17 11:20:34,136 [  59943]   INFO - #c.i.u.i.IndexingReasonExplanationLogger - Scheduling indexing of AssertionFailedError.class (id=78927) by request of indexes: [bytecodeAnalysis->NOT_INDEXED(not indexed),org.jetbrains.kotlin.idea.vfilefinder.KotlinPartialPackageNamesIndex->NOT_INDEXED(not indexed),org.jetbrains.kotlin.idea.versions.KotlinJvmMetadataVersionIndex->NOT_INDEXED(not indexed),org.jetbrains.kotlin.idea.vfilefinder.KotlinClassFileIndex->NOT_INDEXED(not indexed),KotlinBinaryRootToPackageIndex->NOT_INDEXED(not indexed),KotlinTopLevelCallableByPackageShortNameIndex->NOT_INDEXED(not indexed),KotlinTopLevelClassLikeDeclarationByPackageShortNameIndex->NOT_INDEXED(not indexed),Stubs->NOT_INDEXED(not indexed),filetypes->NOT_INDEXED(not indexed),]. Scanner has updated file AssertionFailedError.class (id=78927) with appliers: [SingleIndexValueApplier{indexId=filetypes, inputId=78927, fileInfo='AssertionFailedError.class(id=78927)'}] and removers: []; 
2026-02-17 11:20:34,137 [  59944]   INFO - #c.i.u.i.IndexingReasonExplanationLogger - Scanner has updated file junit-platform-commons-1.7.0.jar (id=77974) with appliers: [SingleIndexValueApplier{indexId=java.auto.module.name, inputId=77974, fileInfo='junit-platform-commons-1.7.0.jar(id=77974)'}] and removers: []; 
2026-02-17 11:20:34,137 [  59944]   INFO - #c.i.u.i.IndexingReasonExplanationLogger - Scheduling indexing of ThrowingSupplier.class (id=78408) by request of indexes: [bytecodeAnalysis->NOT_INDEXED(not indexed),org.jetbrains.kotlin.idea.vfilefinder.KotlinPartialPackageNamesIndex->NOT_INDEXED(not indexed),org.jetbrains.kotlin.idea.versions.KotlinJvmMetadataVersionIndex->NOT_INDEXED(not indexed),org.jetbrains.kotlin.idea.vfilefinder.KotlinClassFileIndex->NOT_INDEXED(not indexed),KotlinBinaryRootToPackageIndex->NOT_INDEXED(not indexed),KotlinTopLevelCallableByPackageShortNameIndex->NOT_INDEXED(not indexed),KotlinTopLevelClassLikeDeclarationByPackageShortNameIndex->NOT_INDEXED(not indexed),Stubs->NOT_INDEXED(not indexed),filetypes->NOT_INDEXED(not indexed),]. Scanner has updated file ThrowingSupplier.class (id=78408) with appliers: [SingleIndexValueApplier{indexId=filetypes, inputId=78408, fileInfo='ThrowingSupplier.class(id=78408)'}] and removers: []; 
2026-02-17 11:20:34,138 [  59945]   INFO - #c.i.u.i.IndexingReasonExplanationLogger - Scanner has updated file aspectjrt-1.9.6.jar (id=77947) with appliers: [SingleIndexValueApplier{indexId=java.auto.module.name, inputId=77947, fileInfo='aspectjrt-1.9.6.jar(id=77947)'}] and removers: []; 
2026-02-17 11:20:34,138 [  59945]   INFO - #c.i.u.i.IndexingReasonExplanationLogger - Scanner has updated file junit-jupiter-params-5.7.0.jar (id=77923) with appliers: [SingleIndexValueApplier{indexId=java.auto.module.name, inputId=77923, fileInfo='junit-jupiter-params-5.7.0.jar(id=77923)'}] and removers: []; 
2026-02-17 11:20:34,139 [  59946]   INFO - #c.i.u.i.IndexingReasonExplanationLogger - Scanner has updated file junit-platform-engine-1.7.0.jar (id=77958) with appliers: [SingleIndexValueApplier{indexId=java.auto.module.name, inputId=77958, fileInfo='junit-platform-engine-1.7.0.jar(id=77958)'}] and removers: []; 
2026-02-17 11:20:34,146 [  59953]   INFO - #c.i.u.i.IndexingReasonExplanationLogger - Scanner has updated file junit-platform-launcher-1.7.0.jar (id=77929) with appliers: [SingleIndexValueApplier{indexId=java.auto.module.name, inputId=77929, fileInfo='junit-platform-launcher-1.7.0.jar(id=77929)'}] and removers: []; 
2026-02-17 11:20:34,148 [  59955]   INFO - #c.i.u.i.IndexingReasonExplanationLogger - Scanner has updated file jackson-core-2.10.4.jar (id=77991) with appliers: [SingleIndexValueApplier{indexId=java.auto.module.name, inputId=77991, fileInfo='jackson-core-2.10.4.jar(id=77991)'}] and removers: []; 
2026-02-17 11:20:34,155 [  59962]   INFO - #c.i.u.i.IndexingReasonExplanationLogger - Scanner has updated file jackson-annotations-2.10.4.jar (id=77986) with appliers: [SingleIndexValueApplier{indexId=java.auto.module.name, inputId=77986, fileInfo='jackson-annotations-2.10.4.jar(id=77986)'}] and removers: []; 
2026-02-17 11:20:34,222 [  60029]   INFO - #c.i.o.p.MergingQueueGuiExecutor - Task finished: (dumb mode task) com.intellij.openapi.roots.impl.PushedFilePropertiesUpdaterImpl$MyDumbModeTask@73b722cd (reason: Push all on [com.intellij.openapi.roots.impl.JavaLanguageLevelPusher@5445a6fe])
2026-02-17 11:20:34,224 [  60031]   INFO - #c.i.o.p.DumbServiceImpl - exit dumb mode [java-basics]
2026-02-17 11:20:34,226 [  60033]   INFO - STDOUT - [IDE]: Task 'Analyzing project to enable smart features' ended
2026-02-17 11:20:34,341 [  60148]   INFO - STDOUT - [Gradle]: Gradle data import(final tasks) stage finished: java-basics:15375f63
2026-02-17 11:20:34,350 [  60157]   INFO - STDOUT - [IDE]: Task 'Importing 'project' Gradle Project' ended in 32 s 324 ms
2026-02-17 11:20:34,361 [  60168]   INFO - #c.i.u.i.UnindexedFilesScanner - [15375f63] Scanning completed for java-basics. Number of scanned files: 7315; number of files for indexing: 5077
2026-02-17 11:20:34,361 [  60168]   INFO - #c.i.o.p.UnindexedFilesScannerExecutor - [15375f63] Task finished (scanning id=4): com.intellij.util.indexing.UnindexedFilesScannerExecutorImpl$ScheduledScanningTask@29121024
2026-02-17 11:20:34,361 [  60168]   INFO - #c.i.o.p.DumbServiceImpl - enter dumb mode [java-basics]
2026-02-17 11:20:34,363 [  60170]   INFO - #c.i.o.p.MergingQueueGuiExecutor - Running task: (dumb mode task) UnindexedFilesIndexer[java-basics, reasons: [Merged Changes from WorkspaceFileIndex with changes in: "Module 'java-basics.main' (all roots)", "Module 'java-basics.test' (all roots)", "Module 'java-basics' (project)"]]
2026-02-17 11:20:34,363 [  60170]   INFO - #c.i.u.i.FileBasedIndexImpl - Indexes are already loaded
2026-02-17 11:20:34,363 [  60170]   INFO - #c.i.u.i.c.IndexUpdateRunner - Using 8 workers for indexing and 4 for writing indexes
2026-02-17 11:20:34,818 [  60625]   INFO - #c.i.u.i.c.IndexUpdateRunner - Coroutine 2 finished gracefully
2026-02-17 11:20:34,819 [  60626]   INFO - #c.i.u.i.c.IndexUpdateRunner - Coroutine 6 finished gracefully
2026-02-17 11:20:34,819 [  60626]   INFO - #c.i.u.i.c.IndexUpdateRunner - Coroutine 0 finished gracefully
2026-02-17 11:20:34,820 [  60627]   INFO - #c.i.u.i.c.IndexUpdateRunner - Coroutine 1 finished gracefully
2026-02-17 11:20:34,820 [  60627]   INFO - #c.i.u.i.c.IndexUpdateRunner - Coroutine 3 finished gracefully
2026-02-17 11:20:34,820 [  60627]   INFO - #c.i.u.i.c.IndexUpdateRunner - Coroutine 7 finished gracefully
2026-02-17 11:20:34,820 [  60627]   INFO - #c.i.u.i.c.IndexUpdateRunner - Coroutine 5 finished gracefully
2026-02-17 11:20:34,829 [  60636]   INFO - #c.i.u.i.c.IndexUpdateRunner - Coroutine 4 finished gracefully
2026-02-17 11:20:34,851 [  60658]   INFO - #c.i.u.i.ProjectChangedFilesScanner - Retrieving changed during indexing files of java-basics : 0 to update, calculated in 0ms
2026-02-17 11:20:34,851 [  60658]   INFO - #c.i.u.i.UnindexedFilesIndexer - Finished for java-basics. Unindexed files update took 488ms; general responsiveness: ok; EDT responsiveness: ok
2026-02-17 11:20:34,852 [  60659]   INFO - #c.i.o.p.MergingQueueGuiExecutor - Task finished: (dumb mode task) UnindexedFilesIndexer[java-basics, reasons: [Merged Changes from WorkspaceFileIndex with changes in: "Module 'java-basics.main' (all roots)", "Module 'java-basics.test' (all roots)", "Module 'java-basics' (project)"]]
2026-02-17 11:20:34,853 [  60660]   INFO - #c.i.o.p.DumbServiceImpl - exit dumb mode [java-basics]
2026-02-17 11:20:34,854 [  60661]   INFO - STDOUT - [IDE]: Task 'Analyzing project to enable smart features' ended
2026-02-17 11:20:34,876 [  60683]   INFO - #o.j.i.maven - Updating index list for project Project(name=java-basics, containerState=COMPONENT_CREATED, componentStore=/data/project)
2026-02-17 11:20:34,876 [  60683]   INFO - STDOUT - 'external-system' is completed.
2026-02-17 11:20:34,876 [  60683]   INFO - STDOUT - 'Maven' is in progress...
2026-02-17 11:20:34,876 [  60683]   INFO - #o.j.i.maven - updating index list for Project(name=java-basics, containerState=COMPONENT_CREATED, componentStore=/data/project) - local:local:/data/cache/.m2 remains the same, nothing to update
2026-02-17 11:20:47,932 [  73739]   INFO - #o.j.q.s.i.r.ConsoleLog - Keep running Project opening ... so far 1m
2026-02-17 11:20:47,933 [  73740]   INFO - STDOUT - Keep running Project opening ... so far 1m
2026-02-17 11:21:01,765 [  87572]   INFO - #c.i.u.g.s.GistStorageImpl - Cleaning old huge-gists dirs from [/data/cache/idea/253/caches/huge-gists] ...
2026-02-17 11:21:01,765 [  87572]   INFO - #c.i.u.g.s.GistStorageImpl - Cleaning old huge-gists dirs finished
2026-02-17 11:21:11,910 [  97717]   INFO - #c.i.o.u.i.ExternalUpdateManager - update manager: -
2026-02-17 11:21:11,917 [  97724]   INFO - #c.i.o.w.i.X11UiUtil - Cannot get icon theme: Cannot run program "gsettings": Exec failed, error: 2 (No such file or directory) 
2026-02-17 11:21:17,931 [ 103738]   INFO - #o.j.q.s.i.r.ConsoleLog - Keep running Project opening ... so far 1m 30s
2026-02-17 11:21:17,932 [ 103739]   INFO - STDOUT - Keep running Project opening ... so far 1m 30s
2026-02-17 11:21:47,935 [ 133742]   INFO - #o.j.q.s.i.r.ConsoleLog - Keep running Project opening ... so far 2m
2026-02-17 11:21:47,936 [ 133743]   INFO - STDOUT - Keep running Project opening ... so far 2m
2026-02-17 11:22:00,146 [ 145953]   INFO - #o.j.i.maven - Importing Maven project using Workspace API
2026-02-17 11:22:00,149 [ 145956]   INFO - #o.j.i.maven - maven plugin resolution started: [org.apache.maven.plugins:maven-failsafe-plugin:2.22.2, org.apache.maven.plugins:maven-deploy-plugin:3.1.2, org.apache.maven.plugins:maven-site-plugin:3.12.1, org.apache.maven.plugins:maven-jar-plugin:3.4.1, org.apache.maven.plugins:maven-install-plugin:3.1.2, org.apache.maven.plugins:maven-resources-plugin:3.2.0, org.apache.maven.plugins:maven-clean-plugin:3.2.0, org.apache.maven.plugins:maven-compiler-plugin:3.8.1, io.qameta.allure:allure-maven:2.10.0, org.apache.maven.plugins:maven-surefire-plugin:2.22.2]
2026-02-17 11:22:00,284 [ 146091]   INFO - #c.i.o.p.UnindexedFilesScannerExecutor - [15375f63] Running task: com.intellij.util.indexing.UnindexedFilesScannerExecutorImpl$ScheduledScanningTask@3bf891
2026-02-17 11:22:00,285 [ 146092]   INFO - #c.i.w.i.i.EntitiesOrphanageImpl - Update orphanage. 0 modules added
2026-02-17 11:22:00,288 [ 146095]   INFO - #c.i.w.i.i.WorkspaceModelImpl - Project model updated to version 20: Maven update project model
2026-02-17 11:22:00,299 [ 146106]   INFO - #o.j.i.m.i.w.WorkspaceProjectImporter - Project model updated to version 20 (attempts: 1, previous version: 19)
2026-02-17 11:22:00,300 [ 146107]   INFO - #c.i.u.i.UnindexedFilesScanner - [15375f63] scanning stage (scanning id=5): DelayedPushProperties
2026-02-17 11:22:00,301 [ 146108]   INFO - #o.j.i.maven - [maven import] applying models to workspace model took 156ms
2026-02-17 11:22:00,302 [ 146109]   INFO - #o.j.i.maven - Updating index list for project Project(name=java-basics, containerState=COMPONENT_CREATED, componentStore=/data/project)
2026-02-17 11:22:00,303 [ 146110]   INFO - #o.j.i.maven - updating index list for Project(name=java-basics, containerState=COMPONENT_CREATED, componentStore=/data/project) - local:local:/data/cache/.m2 remains the same, nothing to update
2026-02-17 11:22:00,305 [ 146112]   INFO - #c.i.u.i.FileBasedIndexImpl - Indexes are already loaded
2026-02-17 11:22:00,307 [ 146114]   INFO - #c.i.u.i.UnindexedFilesScanner - [15375f63] Started scanning for indexing of java-basics. Reason: Changes from WorkspaceFileIndex
2026-02-17 11:22:00,308 [ 146115]   INFO - #c.i.u.i.UnindexedFilesScanner - [15375f63] scanning stage (scanning id=5): CreatingIterators
2026-02-17 11:22:00,312 [ 146119]   INFO - #c.i.u.i.UnindexedFilesScanner - [15375f63] scanning stage (scanning id=5): CollectingIndexableFiles
2026-02-17 11:22:00,313 [ 146120]   INFO - #c.i.u.i.UnindexedFilesScanner - Scanning of java-basics uses 8 scanning threads
2026-02-17 11:22:00,330 [ 146137]   INFO - #c.i.u.i.IndexingReasonExplanationLogger - Scanner has updated file activation-1.1.1.jar (id=85354) with appliers: [SingleIndexValueApplier{indexId=java.auto.module.name, inputId=85354, fileInfo='activation-1.1.1.jar(id=85354)'}] and removers: []; 
2026-02-17 11:22:00,331 [ 146138]   INFO - #c.i.u.i.IndexingReasonExplanationLogger - Scheduling indexing of TextEditor.class (id=85595) by request of indexes: [bytecodeAnalysis->NOT_INDEXED(not indexed),org.jetbrains.kotlin.idea.vfilefinder.KotlinPartialPackageNamesIndex->NOT_INDEXED(not indexed),org.jetbrains.kotlin.idea.versions.KotlinJvmMetadataVersionIndex->NOT_INDEXED(not indexed),org.jetbrains.kotlin.idea.vfilefinder.KotlinClassFileIndex->NOT_INDEXED(not indexed),KotlinBinaryRootToPackageIndex->NOT_INDEXED(not indexed),KotlinTopLevelCallableByPackageShortNameIndex->NOT_INDEXED(not indexed),KotlinTopLevelClassLikeDeclarationByPackageShortNameIndex->NOT_INDEXED(not indexed),Stubs->NOT_INDEXED(not indexed),filetypes->NOT_INDEXED(not indexed),]. Scanner has updated file TextEditor.class (id=85595) with appliers: [SingleIndexValueApplier{indexId=filetypes, inputId=85595, fileInfo='TextEditor.class(id=85595)'}] and removers: []; 
2026-02-17 11:22:00,333 [ 146140]   INFO - #c.i.u.i.IndexingReasonExplanationLogger - Scanner has updated file javax.activation-api-1.2.0.jar (id=85316) with appliers: [SingleIndexValueApplier{indexId=java.auto.module.name, inputId=85316, fileInfo='javax.activation-api-1.2.0.jar(id=85316)'}] and removers: []; 
2026-02-17 11:22:00,333 [ 146140]   INFO - #c.i.u.i.IndexingReasonExplanationLogger - Scheduling indexing of TextViewer.class (id=85592) by request of indexes: [bytecodeAnalysis->NOT_INDEXED(not indexed),org.jetbrains.kotlin.idea.vfilefinder.KotlinPartialPackageNamesIndex->NOT_INDEXED(not indexed),org.jetbrains.kotlin.idea.versions.KotlinJvmMetadataVersionIndex->NOT_INDEXED(not indexed),org.jetbrains.kotlin.idea.vfilefinder.KotlinClassFileIndex->NOT_INDEXED(not indexed),KotlinBinaryRootToPackageIndex->NOT_INDEXED(not indexed),KotlinTopLevelCallableByPackageShortNameIndex->NOT_INDEXED(not indexed),KotlinTopLevelClassLikeDeclarationByPackageShortNameIndex->NOT_INDEXED(not indexed),Stubs->NOT_INDEXED(not indexed),filetypes->NOT_INDEXED(not indexed),]. Scanner has updated file TextViewer.class (id=85592) with appliers: [SingleIndexValueApplier{indexId=filetypes, inputId=85592, fileInfo='TextViewer.class(id=85592)'}] and removers: []; 
2026-02-17 11:22:00,333 [ 146140]   INFO - #c.i.u.i.IndexingReasonExplanationLogger - Scheduling indexing of ImageViewer.class (id=85593) by request of indexes: [bytecodeAnalysis->NOT_INDEXED(not indexed),org.jetbrains.kotlin.idea.vfilefinder.KotlinPartialPackageNamesIndex->NOT_INDEXED(not indexed),org.jetbrains.kotlin.idea.versions.KotlinJvmMetadataVersionIndex->NOT_INDEXED(not indexed),org.jetbrains.kotlin.idea.vfilefinder.KotlinClassFileIndex->NOT_INDEXED(not indexed),KotlinBinaryRootToPackageIndex->NOT_INDEXED(not indexed),KotlinTopLevelCallableByPackageShortNameIndex->NOT_INDEXED(not indexed),KotlinTopLevelClassLikeDeclarationByPackageShortNameIndex->NOT_INDEXED(not indexed),Stubs->NOT_INDEXED(not indexed),filetypes->NOT_INDEXED(not indexed),]. Scanner has updated file ImageViewer.class (id=85593) with appliers: [SingleIndexValueApplier{indexId=filetypes, inputId=85593, fileInfo='ImageViewer.class(id=85593)'}] and removers: []; 
2026-02-17 11:22:00,339 [ 146146]   INFO - #c.i.u.i.IndexingReasonExplanationLogger - Scheduling indexing of ImageViewerCanvas.class (id=85594) by request of indexes: [bytecodeAnalysis->NOT_INDEXED(not indexed),org.jetbrains.kotlin.idea.vfilefinder.KotlinPartialPackageNamesIndex->NOT_INDEXED(not indexed),org.jetbrains.kotlin.idea.versions.KotlinJvmMetadataVersionIndex->NOT_INDEXED(not indexed),org.jetbrains.kotlin.idea.vfilefinder.KotlinClassFileIndex->NOT_INDEXED(not indexed),KotlinBinaryRootToPackageIndex->NOT_INDEXED(not indexed),KotlinTopLevelCallableByPackageShortNameIndex->NOT_INDEXED(not indexed),KotlinTopLevelClassLikeDeclarationByPackageShortNameIndex->NOT_INDEXED(not indexed),Stubs->NOT_INDEXED(not indexed),filetypes->NOT_INDEXED(not indexed),]. Scanner has updated file ImageViewerCanvas.class (id=85594) with appliers: [SingleIndexValueApplier{indexId=filetypes, inputId=85594, fileInfo='ImageViewerCanvas.class(id=85594)'}] and removers: []; 
2026-02-17 11:22:02,614 [ 148421]   INFO - #c.i.u.i.IndexingReasonExplanationLogger - Scheduling indexing of LogSupport.class (id=85600) by request of indexes: [bytecodeAnalysis->NOT_INDEXED(not indexed),org.jetbrains.kotlin.idea.vfilefinder.KotlinPartialPackageNamesIndex->NOT_INDEXED(not indexed),org.jetbrains.kotlin.idea.versions.KotlinJvmMetadataVersionIndex->NOT_INDEXED(not indexed),org.jetbrains.kotlin.idea.vfilefinder.KotlinClassFileIndex->NOT_INDEXED(not indexed),KotlinBinaryRootToPackageIndex->NOT_INDEXED(not indexed),KotlinTopLevelCallableByPackageShortNameIndex->NOT_INDEXED(not indexed),KotlinTopLevelClassLikeDeclarationByPackageShortNameIndex->NOT_INDEXED(not indexed),Stubs->NOT_INDEXED(not indexed),filetypes->NOT_INDEXED(not indexed),]. Scanner has updated file LogSupport.class (id=85600) with appliers: [SingleIndexValueApplier{indexId=filetypes, inputId=85600, fileInfo='LogSupport.class(id=85600)'}] and removers: []; 
2026-02-17 11:22:02,666 [ 148473]   INFO - #c.i.u.i.IndexingReasonExplanationLogger - Scheduling indexing of MailcapFile.class (id=85599) by request of indexes: [bytecodeAnalysis->NOT_INDEXED(not indexed),org.jetbrains.kotlin.idea.vfilefinder.KotlinPartialPackageNamesIndex->NOT_INDEXED(not indexed),org.jetbrains.kotlin.idea.versions.KotlinJvmMetadataVersionIndex->NOT_INDEXED(not indexed),org.jetbrains.kotlin.idea.vfilefinder.KotlinClassFileIndex->NOT_INDEXED(not indexed),KotlinBinaryRootToPackageIndex->NOT_INDEXED(not indexed),KotlinTopLevelCallableByPackageShortNameIndex->NOT_INDEXED(not indexed),KotlinTopLevelClassLikeDeclarationByPackageShortNameIndex->NOT_INDEXED(not indexed),Stubs->NOT_INDEXED(not indexed),filetypes->NOT_INDEXED(not indexed),]. Scanner has updated file MailcapFile.class (id=85599) with appliers: [SingleIndexValueApplier{indexId=filetypes, inputId=85599, fileInfo='MailcapFile.class(id=85599)'}] and removers: []; 
2026-02-17 11:22:02,670 [ 148477]   INFO - #c.i.u.i.IndexingReasonExplanationLogger - Scheduling indexing of MimeTypeFile.class (id=85603) by request of indexes: [bytecodeAnalysis->NOT_INDEXED(not indexed),org.jetbrains.kotlin.idea.vfilefinder.KotlinPartialPackageNamesIndex->NOT_INDEXED(not indexed),org.jetbrains.kotlin.idea.versions.KotlinJvmMetadataVersionIndex->NOT_INDEXED(not indexed),org.jetbrains.kotlin.idea.vfilefinder.KotlinClassFileIndex->NOT_INDEXED(not indexed),KotlinBinaryRootToPackageIndex->NOT_INDEXED(not indexed),KotlinTopLevelCallableByPackageShortNameIndex->NOT_INDEXED(not indexed),KotlinTopLevelClassLikeDeclarationByPackageShortNameIndex->NOT_INDEXED(not indexed),Stubs->NOT_INDEXED(not indexed),filetypes->NOT_INDEXED(not indexed),]. Scanner has updated file MimeTypeFile.class (id=85603) with appliers: [SingleIndexValueApplier{indexId=filetypes, inputId=85603, fileInfo='MimeTypeFile.class(id=85603)'}] and removers: []; 
2026-02-17 11:22:02,671 [ 148478]   INFO - #c.i.u.i.IndexingReasonExplanationLogger - Scheduling indexing of LineTokenizer.class (id=85601) by request of indexes: [bytecodeAnalysis->NOT_INDEXED(not indexed),org.jetbrains.kotlin.idea.vfilefinder.KotlinPartialPackageNamesIndex->NOT_INDEXED(not indexed),org.jetbrains.kotlin.idea.versions.KotlinJvmMetadataVersionIndex->NOT_INDEXED(not indexed),org.jetbrains.kotlin.idea.vfilefinder.KotlinClassFileIndex->NOT_INDEXED(not indexed),KotlinBinaryRootToPackageIndex->NOT_INDEXED(not indexed),KotlinTopLevelCallableByPackageShortNameIndex->NOT_INDEXED(not indexed),KotlinTopLevelClassLikeDeclarationByPackageShortNameIndex->NOT_INDEXED(not indexed),Stubs->NOT_INDEXED(not indexed),filetypes->NOT_INDEXED(not indexed),]. Scanner has updated file LineTokenizer.class (id=85601) with appliers: [SingleIndexValueApplier{indexId=filetypes, inputId=85601, fileInfo='LineTokenizer.class(id=85601)'}] and removers: []; 
2026-02-17 11:22:02,671 [ 148478]   INFO - #c.i.u.i.IndexingReasonExplanationLogger - Scheduling indexing of MimeTypeEntry.class (id=85604) by request of indexes: [bytecodeAnalysis->NOT_INDEXED(not indexed),org.jetbrains.kotlin.idea.vfilefinder.KotlinPartialPackageNamesIndex->NOT_INDEXED(not indexed),org.jetbrains.kotlin.idea.versions.KotlinJvmMetadataVersionIndex->NOT_INDEXED(not indexed),org.jetbrains.kotlin.idea.vfilefinder.KotlinClassFileIndex->NOT_INDEXED(not indexed),KotlinBinaryRootToPackageIndex->NOT_INDEXED(not indexed),KotlinTopLevelCallableByPackageShortNameIndex->NOT_INDEXED(not indexed),KotlinTopLevelClassLikeDeclarationByPackageShortNameIndex->NOT_INDEXED(not indexed),Stubs->NOT_INDEXED(not indexed),filetypes->NOT_INDEXED(not indexed),]. Scanner has updated file MimeTypeEntry.class (id=85604) with appliers: [SingleIndexValueApplier{indexId=filetypes, inputId=85604, fileInfo='MimeTypeEntry.class(id=85604)'}] and removers: []; 
2026-02-17 11:22:02,671 [ 148478]   INFO - #c.i.u.i.IndexingReasonExplanationLogger - Scheduling indexing of MailcapTokenizer.class (id=85602) by request of indexes: [bytecodeAnalysis->NOT_INDEXED(not indexed),org.jetbrains.kotlin.idea.vfilefinder.KotlinPartialPackageNamesIndex->NOT_INDEXED(not indexed),org.jetbrains.kotlin.idea.versions.KotlinJvmMetadataVersionIndex->NOT_INDEXED(not indexed),org.jetbrains.kotlin.idea.vfilefinder.KotlinClassFileIndex->NOT_INDEXED(not indexed),KotlinBinaryRootToPackageIndex->NOT_INDEXED(not indexed),KotlinTopLevelCallableByPackageShortNameIndex->NOT_INDEXED(not indexed),KotlinTopLevelClassLikeDeclarationByPackageShortNameIndex->NOT_INDEXED(not indexed),Stubs->NOT_INDEXED(not indexed),filetypes->NOT_INDEXED(not indexed),]. Scanner has updated file MailcapTokenizer.class (id=85602) with appliers: [SingleIndexValueApplier{indexId=filetypes, inputId=85602, fileInfo='MailcapTokenizer.class(id=85602)'}] and removers: []; 
2026-02-17 11:22:02,672 [ 148479]   INFO - #c.i.u.i.IndexingReasonExplanationLogger - Scanner has updated file commons-codec-1.9.jar (id=85345) with appliers: [SingleIndexValueApplier{indexId=java.auto.module.name, inputId=85345, fileInfo='commons-codec-1.9.jar(id=85345)'}] and removers: []; 
2026-02-17 11:22:02,672 [ 148479]   INFO - #c.i.u.i.IndexingReasonExplanationLogger - Scanner has updated file commons-logging-1.2.jar (id=85350) with appliers: [SingleIndexValueApplier{indexId=java.auto.module.name, inputId=85350, fileInfo='commons-logging-1.2.jar(id=85350)'}] and removers: []; 
2026-02-17 11:22:02,672 [ 148479]   INFO - #c.i.u.i.IndexingReasonExplanationLogger - Scanner has updated file jakarta.xml.bind-api-2.3.3.jar (id=85334) with appliers: [SingleIndexValueApplier{indexId=java.auto.module.name, inputId=85334, fileInfo='jakarta.xml.bind-api-2.3.3.jar(id=85334)'}] and removers: []; 
2026-02-17 11:22:02,672 [ 148479]   INFO - #c.i.u.i.IndexingReasonExplanationLogger - Scanner has updated file jaxb-api-2.3.1.jar (id=85328) with appliers: [SingleIndexValueApplier{indexId=java.auto.module.name, inputId=85328, fileInfo='jaxb-api-2.3.1.jar(id=85328)'}] and removers: []; 
2026-02-17 11:22:02,672 [ 148479]   INFO - #c.i.o.p.DumbServiceImpl - enter dumb mode [java-basics]
2026-02-17 11:22:02,707 [ 148514]   INFO - #c.i.o.a.i.ApplicationImpl - LONG VFS PROCESSING. Topic=BulkFileListener, offender=class com.intellij.psi.impl.file.impl.PsiVFSListenerKt$installGlobalListener$1, message=after, time=82ms
2026-02-17 11:22:02,719 [ 148526]   INFO - #c.i.o.p.MergingQueueGuiExecutor - Running task: (dumb mode task) com.intellij.openapi.roots.impl.PushedFilePropertiesUpdaterImpl$MyDumbModeTask@64f842b4 (reason: Push on VFS changes)
2026-02-17 11:22:02,723 [ 148530]   INFO - #c.i.u.i.IndexingReasonExplanationLogger - Scanner has updated file jakarta.activation-api-1.2.2.jar (id=85322) with appliers: [SingleIndexValueApplier{indexId=java.auto.module.name, inputId=85322, fileInfo='jakarta.activation-api-1.2.2.jar(id=85322)'}] and removers: []; 
2026-02-17 11:22:02,726 [ 148533]   INFO - #c.i.o.p.MergingQueueGuiExecutor - Task finished: (dumb mode task) com.intellij.openapi.roots.impl.PushedFilePropertiesUpdaterImpl$MyDumbModeTask@64f842b4 (reason: Push on VFS changes)
2026-02-17 11:22:02,751 [ 148558]   INFO - STDOUT - [IDE]: Task 'Analyzing project to enable smart features' ended
2026-02-17 11:22:02,755 [ 148562]   INFO - #c.i.o.p.MergingQueueGuiExecutor - Running task: (dumb mode task) com.intellij.openapi.roots.impl.PushedFilePropertiesUpdaterImpl$MyDumbModeTask@32ab34b1 (reason: Push on VFS changes)
2026-02-17 11:22:02,756 [ 148563]   INFO - #c.i.o.p.MergingQueueGuiExecutor - Task finished: (dumb mode task) com.intellij.openapi.roots.impl.PushedFilePropertiesUpdaterImpl$MyDumbModeTask@32ab34b1 (reason: Push on VFS changes)
2026-02-17 11:22:02,796 [ 148603]   INFO - STDOUT - [IDE]: Task 'Analyzing project to enable smart features' ended
2026-02-17 11:22:02,800 [ 148607]   INFO - #c.i.o.p.MergingQueueGuiExecutor - Running task: (dumb mode task) com.intellij.openapi.roots.impl.PushedFilePropertiesUpdaterImpl$MyDumbModeTask@1e677bd (reason: Push on VFS changes)
2026-02-17 11:22:02,808 [ 148615]   INFO - #c.i.o.p.MergingQueueGuiExecutor - Task finished: (dumb mode task) com.intellij.openapi.roots.impl.PushedFilePropertiesUpdaterImpl$MyDumbModeTask@1e677bd (reason: Push on VFS changes)
2026-02-17 11:22:02,809 [ 148616]   INFO - #c.i.o.p.DumbServiceImpl - exit dumb mode [java-basics]
2026-02-17 11:22:02,812 [ 148619]   INFO - STDOUT - [IDE]: Task 'Analyzing project to enable smart features' ended
2026-02-17 11:22:02,818 [ 148625]   INFO - #c.i.u.i.IndexingReasonExplanationLogger - Scanner has updated file byte-buddy-1.10.19.jar (id=85340) with appliers: [SingleIndexValueApplier{indexId=java.auto.module.name, inputId=85340, fileInfo='byte-buddy-1.10.19.jar(id=85340)'}] and removers: []; 
2026-02-17 11:22:02,885 [ 148692]   INFO - #c.i.u.i.UnindexedFilesScanner - [15375f63] Scanning completed for java-basics. Number of scanned files: 3064; number of files for indexing: 3064
2026-02-17 11:22:02,887 [ 148694]   INFO - #c.i.o.p.UnindexedFilesScannerExecutor - [15375f63] Task finished (scanning id=5): com.intellij.util.indexing.UnindexedFilesScannerExecutorImpl$ScheduledScanningTask@3bf891
2026-02-17 11:22:02,887 [ 148694]   INFO - #c.i.o.p.DumbServiceImpl - enter dumb mode [java-basics]
2026-02-17 11:22:02,888 [ 148695]   INFO - #c.i.o.p.UnindexedFilesScannerExecutor - [15375f63] Running task: com.intellij.util.indexing.UnindexedFilesScannerExecutorImpl$ScheduledScanningTask@4493f19d
2026-02-17 11:22:02,890 [ 148697]   INFO - #c.i.u.i.UnindexedFilesScanner - [15375f63] scanning stage (scanning id=6): DelayedPushProperties
2026-02-17 11:22:02,891 [ 148698]   INFO - #c.i.u.i.FileBasedIndexImpl - Indexes are already loaded
2026-02-17 11:22:02,891 [ 148698]   INFO - #c.i.u.i.UnindexedFilesScanner - [15375f63] Started scanning for indexing of java-basics. Reason: Merged changes in: "Module 'java-basics' (project)" with Changes from WorkspaceFileIndex with Changes from WorkspaceFileIndex with Changes from WorkspaceFileIndex with Changes from WorkspaceFileIndex with Changes from WorkspaceFileIndex with Changes from WorkspaceFileIndex
2026-02-17 11:22:02,894 [ 148701]   INFO - #c.i.u.i.UnindexedFilesScanner - [15375f63] scanning stage (scanning id=6): CreatingIterators
2026-02-17 11:22:02,901 [ 148708]   INFO - #c.i.u.i.UnindexedFilesScanner - [15375f63] scanning stage (scanning id=6): CollectingIndexableFiles
2026-02-17 11:22:02,903 [ 148710]   INFO - #c.i.u.i.UnindexedFilesScanner - Scanning of java-basics uses 8 scanning threads
2026-02-17 11:22:02,904 [ 148711]   INFO - #c.i.o.p.MergingQueueGuiExecutor - Running task: (dumb mode task) UnindexedFilesIndexer[java-basics, reasons: [Changes from WorkspaceFileIndex]]
2026-02-17 11:22:02,904 [ 148711]   INFO - #c.i.u.i.IndexingReasonExplanationLogger - Scanner has updated file commons-exec-1.3.jar (id=87049) with appliers: [SingleIndexValueApplier{indexId=java.auto.module.name, inputId=87049, fileInfo='commons-exec-1.3.jar(id=87049)'}] and removers: []; 
2026-02-17 11:22:02,905 [ 148712]   INFO - #c.i.u.i.IndexingReasonExplanationLogger - Scheduling indexing of MapUtils.class (id=89036) by request of indexes: [bytecodeAnalysis->NOT_INDEXED(not indexed),org.jetbrains.kotlin.idea.vfilefinder.KotlinPartialPackageNamesIndex->NOT_INDEXED(not indexed),org.jetbrains.kotlin.idea.versions.KotlinJvmMetadataVersionIndex->NOT_INDEXED(not indexed),org.jetbrains.kotlin.idea.vfilefinder.KotlinClassFileIndex->NOT_INDEXED(not indexed),KotlinBinaryRootToPackageIndex->NOT_INDEXED(not indexed),KotlinTopLevelCallableByPackageShortNameIndex->NOT_INDEXED(not indexed),KotlinTopLevelClassLikeDeclarationByPackageShortNameIndex->NOT_INDEXED(not indexed),Stubs->NOT_INDEXED(not indexed),filetypes->NOT_INDEXED(not indexed),]. Scanner has updated file MapUtils.class (id=89036) with appliers: [SingleIndexValueApplier{indexId=filetypes, inputId=89036, fileInfo='MapUtils.class(id=89036)'}] and removers: []; 
2026-02-17 11:22:02,905 [ 148712]   INFO - #c.i.u.i.IndexingReasonExplanationLogger - Scheduling indexing of DebugUtils.class (id=89034) by request of indexes: [bytecodeAnalysis->NOT_INDEXED(not indexed),org.jetbrains.kotlin.idea.vfilefinder.KotlinPartialPackageNamesIndex->NOT_INDEXED(not indexed),org.jetbrains.kotlin.idea.versions.KotlinJvmMetadataVersionIndex->NOT_INDEXED(not indexed),org.jetbrains.kotlin.idea.vfilefinder.KotlinClassFileIndex->NOT_INDEXED(not indexed),KotlinBinaryRootToPackageIndex->NOT_INDEXED(not indexed),KotlinTopLevelCallableByPackageShortNameIndex->NOT_INDEXED(not indexed),KotlinTopLevelClassLikeDeclarationByPackageShortNameIndex->NOT_INDEXED(not indexed),Stubs->NOT_INDEXED(not indexed),filetypes->NOT_INDEXED(not indexed),]. Scanner has updated file DebugUtils.class (id=89034) with appliers: [SingleIndexValueApplier{indexId=filetypes, inputId=89034, fileInfo='DebugUtils.class(id=89034)'}] and removers: []; 
2026-02-17 11:22:02,906 [ 148713]   INFO - #c.i.u.i.IndexingReasonExplanationLogger - Scheduling indexing of StringUtils.class (id=89037) by request of indexes: [bytecodeAnalysis->NOT_INDEXED(not indexed),org.jetbrains.kotlin.idea.vfilefinder.KotlinPartialPackageNamesIndex->NOT_INDEXED(not indexed),org.jetbrains.kotlin.idea.versions.KotlinJvmMetadataVersionIndex->NOT_INDEXED(not indexed),org.jetbrains.kotlin.idea.vfilefinder.KotlinClassFileIndex->NOT_INDEXED(not indexed),KotlinBinaryRootToPackageIndex->NOT_INDEXED(not indexed),KotlinTopLevelCallableByPackageShortNameIndex->NOT_INDEXED(not indexed),KotlinTopLevelClassLikeDeclarationByPackageShortNameIndex->NOT_INDEXED(not indexed),Stubs->NOT_INDEXED(not indexed),filetypes->NOT_INDEXED(not indexed),]. Scanner has updated file StringUtils.class (id=89037) with appliers: [SingleIndexValueApplier{indexId=filetypes, inputId=89037, fileInfo='StringUtils.class(id=89037)'}] and removers: []; 
2026-02-17 11:22:02,907 [ 148714]   INFO - #c.i.u.i.IndexingReasonExplanationLogger - Scheduling indexing of OS.class (id=89016) by request of indexes: [bytecodeAnalysis->NOT_INDEXED(not indexed),org.jetbrains.kotlin.idea.vfilefinder.KotlinPartialPackageNamesIndex->NOT_INDEXED(not indexed),org.jetbrains.kotlin.idea.versions.KotlinJvmMetadataVersionIndex->NOT_INDEXED(not indexed),org.jetbrains.kotlin.idea.vfilefinder.KotlinClassFileIndex->NOT_INDEXED(not indexed),KotlinBinaryRootToPackageIndex->NOT_INDEXED(not indexed),KotlinTopLevelCallableByPackageShortNameIndex->NOT_INDEXED(not indexed),KotlinTopLevelClassLikeDeclarationByPackageShortNameIndex->NOT_INDEXED(not indexed),Stubs->NOT_INDEXED(not indexed),filetypes->NOT_INDEXED(not indexed),]. Scanner has updated file OS.class (id=89016) with appliers: [SingleIndexValueApplier{indexId=filetypes, inputId=89016, fileInfo='OS.class(id=89016)'}] and removers: []; 
2026-02-17 11:22:02,907 [ 148714]   INFO - #c.i.u.i.IndexingReasonExplanationLogger - Scheduling indexing of CommandLauncher.class (id=89044) by request of indexes: [bytecodeAnalysis->NOT_INDEXED(not indexed),org.jetbrains.kotlin.idea.vfilefinder.KotlinPartialPackageNamesIndex->NOT_INDEXED(not indexed),org.jetbrains.kotlin.idea.versions.KotlinJvmMetadataVersionIndex->NOT_INDEXED(not indexed),org.jetbrains.kotlin.idea.vfilefinder.KotlinClassFileIndex->NOT_INDEXED(not indexed),KotlinBinaryRootToPackageIndex->NOT_INDEXED(not indexed),KotlinTopLevelCallableByPackageShortNameIndex->NOT_INDEXED(not indexed),KotlinTopLevelClassLikeDeclarationByPackageShortNameIndex->NOT_INDEXED(not indexed),Stubs->NOT_INDEXED(not indexed),filetypes->NOT_INDEXED(not indexed),]. Scanner has updated file CommandLauncher.class (id=89044) with appliers: [SingleIndexValueApplier{indexId=filetypes, inputId=89044, fileInfo='CommandLauncher.class(id=89044)'}] and removers: []; 
2026-02-17 11:22:02,907 [ 148714]   INFO - #c.i.u.i.IndexingReasonExplanationLogger - Scheduling indexing of OS2CommandLauncher.class (id=89047) by request of indexes: [bytecodeAnalysis->NOT_INDEXED(not indexed),org.jetbrains.kotlin.idea.vfilefinder.KotlinPartialPackageNamesIndex->NOT_INDEXED(not indexed),org.jetbrains.kotlin.idea.versions.KotlinJvmMetadataVersionIndex->NOT_INDEXED(not indexed),org.jetbrains.kotlin.idea.vfilefinder.KotlinClassFileIndex->NOT_INDEXED(not indexed),KotlinBinaryRootToPackageIndex->NOT_INDEXED(not indexed),KotlinTopLevelCallableByPackageShortNameIndex->NOT_INDEXED(not indexed),KotlinTopLevelClassLikeDeclarationByPackageShortNameIndex->NOT_INDEXED(not indexed),Stubs->NOT_INDEXED(not indexed),filetypes->NOT_INDEXED(not indexed),]. Scanner has updated file OS2CommandLauncher.class (id=89047) with appliers: [SingleIndexValueApplier{indexId=filetypes, inputId=89047, fileInfo='OS2CommandLauncher.class(id=89047)'}] and removers: []; 
2026-02-17 11:22:02,907 [ 148714]   INFO - #c.i.u.i.IndexingReasonExplanationLogger - Scheduling indexing of VmsCommandLauncher.class (id=89049) by request of indexes: [bytecodeAnalysis->NOT_INDEXED(not indexed),org.jetbrains.kotlin.idea.vfilefinder.KotlinPartialPackageNamesIndex->NOT_INDEXED(not indexed),org.jetbrains.kotlin.idea.versions.KotlinJvmMetadataVersionIndex->NOT_INDEXED(not indexed),org.jetbrains.kotlin.idea.vfilefinder.KotlinClassFileIndex->NOT_INDEXED(not indexed),KotlinBinaryRootToPackageIndex->NOT_INDEXED(not indexed),KotlinTopLevelCallableByPackageShortNameIndex->NOT_INDEXED(not indexed),KotlinTopLevelClassLikeDeclarationByPackageShortNameIndex->NOT_INDEXED(not indexed),Stubs->NOT_INDEXED(not indexed),filetypes->NOT_INDEXED(not indexed),]. Scanner has updated file VmsCommandLauncher.class (id=89049) with appliers: [SingleIndexValueApplier{indexId=filetypes, inputId=89049, fileInfo='VmsCommandLauncher.class(id=89049)'}] and removers: []; 
2026-02-17 11:22:02,908 [ 148715]   INFO - #c.i.u.i.IndexingReasonExplanationLogger - Scheduling indexing of CommandLauncherImpl.class (id=89046) by request of indexes: [bytecodeAnalysis->NOT_INDEXED(not indexed),org.jetbrains.kotlin.idea.vfilefinder.KotlinPartialPackageNamesIndex->NOT_INDEXED(not indexed),org.jetbrains.kotlin.idea.versions.KotlinJvmMetadataVersionIndex->NOT_INDEXED(not indexed),org.jetbrains.kotlin.idea.vfilefinder.KotlinClassFileIndex->NOT_INDEXED(not indexed),KotlinBinaryRootToPackageIndex->NOT_INDEXED(not indexed),KotlinTopLevelCallableByPackageShortNameIndex->NOT_INDEXED(not indexed),KotlinTopLevelClassLikeDeclarationByPackageShortNameIndex->NOT_INDEXED(not indexed),Stubs->NOT_INDEXED(not indexed),filetypes->NOT_INDEXED(not indexed),]. Scanner has updated file CommandLauncherImpl.class (id=89046) with appliers: [SingleIndexValueApplier{indexId=filetypes, inputId=89046, fileInfo='CommandLauncherImpl.class(id=89046)'}] and removers: []; 
2026-02-17 11:22:02,908 [ 148715]   INFO - #c.i.u.i.IndexingReasonExplanationLogger - Scheduling indexing of CommandLauncherProxy.class (id=89045) by request of indexes: [bytecodeAnalysis->NOT_INDEXED(not indexed),org.jetbrains.kotlin.idea.vfilefinder.KotlinPartialPackageNamesIndex->NOT_INDEXED(not indexed),org.jetbrains.kotlin.idea.versions.KotlinJvmMetadataVersionIndex->NOT_INDEXED(not indexed),org.jetbrains.kotlin.idea.vfilefinder.KotlinClassFileIndex->NOT_INDEXED(not indexed),KotlinBinaryRootToPackageIndex->NOT_INDEXED(not indexed),KotlinTopLevelCallableByPackageShortNameIndex->NOT_INDEXED(not indexed),KotlinTopLevelClassLikeDeclarationByPackageShortNameIndex->NOT_INDEXED(not indexed),Stubs->NOT_INDEXED(not indexed),filetypes->NOT_INDEXED(not indexed),]. Scanner has updated file CommandLauncherProxy.class (id=89045) with appliers: [SingleIndexValueApplier{indexId=filetypes, inputId=89045, fileInfo='CommandLauncherProxy.class(id=89045)'}] and removers: []; 
2026-02-17 11:22:02,910 [ 148717]   INFO - #c.i.u.i.IndexingReasonExplanationLogger - Scheduling indexing of WinNTCommandLauncher.class (id=89051) by request of indexes: [bytecodeAnalysis->NOT_INDEXED(not indexed),org.jetbrains.kotlin.idea.vfilefinder.KotlinPartialPackageNamesIndex->NOT_INDEXED(not indexed),org.jetbrains.kotlin.idea.versions.KotlinJvmMetadataVersionIndex->NOT_INDEXED(not indexed),org.jetbrains.kotlin.idea.vfilefinder.KotlinClassFileIndex->NOT_INDEXED(not indexed),KotlinBinaryRootToPackageIndex->NOT_INDEXED(not indexed),KotlinTopLevelCallableByPackageShortNameIndex->NOT_INDEXED(not indexed),KotlinTopLevelClassLikeDeclarationByPackageShortNameIndex->NOT_INDEXED(not indexed),Stubs->NOT_INDEXED(not indexed),filetypes->NOT_INDEXED(not indexed),]. Scanner has updated file WinNTCommandLauncher.class (id=89051) with appliers: [SingleIndexValueApplier{indexId=filetypes, inputId=89051, fileInfo='WinNTCommandLauncher.class(id=89051)'}] and removers: []; 
2026-02-17 11:22:02,912 [ 148719]   INFO - #c.i.u.i.IndexingReasonExplanationLogger - Scanner has updated file selenium-firefox-driver-4.0.0-beta-1.jar (id=86926) with appliers: [SingleIndexValueApplier{indexId=java.auto.module.name, inputId=86926, fileInfo='selenium-firefox-driver-4.0.0-beta-1.jar(id=86926)'}] and removers: []; 
2026-02-17 11:22:02,913 [ 148720]   INFO - #c.i.u.i.IndexingReasonExplanationLogger - Scanner has updated file junit-jupiter-engine-5.7.0.jar (id=86943) with appliers: [SingleIndexValueApplier{indexId=java.auto.module.name, inputId=86943, fileInfo='junit-jupiter-engine-5.7.0.jar(id=86943)'}] and removers: []; 
2026-02-17 11:22:02,914 [ 148721]   INFO - #c.i.u.i.IndexingReasonExplanationLogger - Scanner has updated file groovy-xml-3.0.6.jar (id=86902) with appliers: [SingleIndexValueApplier{indexId=java.auto.module.name, inputId=86902, fileInfo='groovy-xml-3.0.6.jar(id=86902)'}] and removers: []; 
2026-02-17 11:22:02,922 [ 148729]   INFO - #c.i.u.i.IndexingReasonExplanationLogger - Scanner has updated file tika-core-1.26.jar (id=86959) with appliers: [SingleIndexValueApplier{indexId=java.auto.module.name, inputId=86959, fileInfo='tika-core-1.26.jar(id=86959)'}] and removers: []; 
2026-02-17 11:22:02,933 [ 148740]   INFO - #c.i.u.i.IndexingReasonExplanationLogger - Scanner has updated file junit-jupiter-params-5.7.0.jar (id=86918) with appliers: [SingleIndexValueApplier{indexId=java.auto.module.name, inputId=86918, fileInfo='junit-jupiter-params-5.7.0.jar(id=86918)'}] and removers: []; 
2026-02-17 11:22:02,934 [ 148741]   INFO - #c.i.u.i.IndexingReasonExplanationLogger - Scanner has updated file selenium-firefox-xpi-driver-4.0.0-beta-1.jar (id=87065) with appliers: [SingleIndexValueApplier{indexId=java.auto.module.name, inputId=87065, fileInfo='selenium-firefox-xpi-driver-4.0.0-beta-1.jar(id=87065)'}] and removers: []; 
2026-02-17 11:22:02,935 [ 148742]   INFO - #c.i.u.i.IndexingReasonExplanationLogger - Scanner has updated file x_ignore_nofocus.so (id=93411) with appliers: [SingleIndexValueApplier{indexId=filetypes, inputId=93411, fileInfo='x_ignore_nofocus.so(id=93411)'}] and removers: []; 
2026-02-17 11:22:02,937 [ 148744]   INFO - #c.i.u.i.IndexingReasonExplanationLogger - Scanner has updated file x_ignore_nofocus.so (id=93422) with appliers: [SingleIndexValueApplier{indexId=filetypes, inputId=93422, fileInfo='x_ignore_nofocus.so(id=93422)'}] and removers: []; 
2026-02-17 11:22:02,940 [ 148747]   INFO - #c.i.u.i.IndexingReasonExplanationLogger - Scanner has updated file webdriver.xpi (id=93348) with appliers: [SingleIndexValueApplier{indexId=filetypes, inputId=93348, fileInfo='webdriver.xpi(id=93348)'}] and removers: []; 
2026-02-17 11:22:03,660 [ 149467]   INFO - #c.i.u.i.UnindexedFilesScanner - [15375f63] Scanning completed for java-basics. Number of scanned files: 26884; number of files for indexing: 25446
2026-02-17 11:22:03,661 [ 149468]   INFO - #c.i.o.p.UnindexedFilesScannerExecutor - [15375f63] Task finished (scanning id=6): com.intellij.util.indexing.UnindexedFilesScannerExecutorImpl$ScheduledScanningTask@4493f19d
2026-02-17 11:22:03,663 [ 149470]   INFO - #c.i.u.i.FileBasedIndexImpl - Indexes are already loaded
2026-02-17 11:22:03,671 [ 149478]   INFO - #c.i.u.i.c.IndexUpdateRunner - Using 8 workers for indexing and 4 for writing indexes
2026-02-17 11:22:05,594 [ 151401]   INFO - #c.i.u.i.c.IndexUpdateRunner - Coroutine 2 finished gracefully
2026-02-17 11:22:05,594 [ 151401]   INFO - #c.i.u.i.c.IndexUpdateRunner - Coroutine 1 finished gracefully
2026-02-17 11:22:05,594 [ 151401]   INFO - #c.i.u.i.c.IndexUpdateRunner - Coroutine 4 finished gracefully
2026-02-17 11:22:05,594 [ 151401]   INFO - #c.i.u.i.c.IndexUpdateRunner - Coroutine 5 finished gracefully
2026-02-17 11:22:05,595 [ 151402]   INFO - #c.i.u.i.c.IndexUpdateRunner - Coroutine 3 finished gracefully
2026-02-17 11:22:05,595 [ 151402]   INFO - #c.i.u.i.c.IndexUpdateRunner - Coroutine 6 finished gracefully
2026-02-17 11:22:05,597 [ 151404]   INFO - #c.i.u.i.c.IndexUpdateRunner - Coroutine 7 finished gracefully
2026-02-17 11:22:05,607 [ 151414]   INFO - #c.i.u.i.c.IndexUpdateRunner - Coroutine 0 finished gracefully
2026-02-17 11:22:05,640 [ 151447]   INFO - #c.i.u.i.ProjectChangedFilesScanner - Retrieving changed during indexing files of java-basics : 151 to update, calculated in 7ms
2026-02-17 11:22:05,719 [ 151526]   INFO - #c.i.u.i.c.IndexUpdateRunner - Coroutine 3 finished gracefully
2026-02-17 11:22:05,720 [ 151527]   INFO - #c.i.u.i.c.IndexUpdateRunner - Coroutine 1 finished gracefully
2026-02-17 11:22:05,722 [ 151529]   INFO - #c.i.u.i.c.IndexUpdateRunner - Coroutine 5 finished gracefully
2026-02-17 11:22:05,724 [ 151531]   INFO - #c.i.u.i.c.IndexUpdateRunner - Coroutine 4 finished gracefully
2026-02-17 11:22:05,724 [ 151531]   INFO - #c.i.u.i.c.IndexUpdateRunner - Coroutine 7 finished gracefully
2026-02-17 11:22:05,725 [ 151532]   INFO - #c.i.u.i.c.IndexUpdateRunner - Coroutine 6 finished gracefully
2026-02-17 11:22:05,725 [ 151532]   INFO - #c.i.u.i.c.IndexUpdateRunner - Coroutine 0 finished gracefully
2026-02-17 11:22:05,728 [ 151535]   INFO - #c.i.u.i.c.IndexUpdateRunner - Coroutine 2 finished gracefully
2026-02-17 11:22:05,787 [ 151594]   INFO - #c.i.u.i.UnindexedFilesIndexer - Finished for java-basics. Unindexed files update took 2122ms; general responsiveness: ok; EDT responsiveness: ok
2026-02-17 11:22:05,794 [ 151601]   INFO - #c.i.o.p.MergingQueueGuiExecutor - Task finished: (dumb mode task) UnindexedFilesIndexer[java-basics, reasons: [Changes from WorkspaceFileIndex]]
2026-02-17 11:22:05,801 [ 151608]   INFO - #c.i.o.p.MergingQueueGuiExecutor - Running task: (dumb mode task) com.intellij.openapi.roots.impl.PushedFilePropertiesUpdaterImpl$MyDumbModeTask@1774db37 (reason: Push on VFS changes)
2026-02-17 11:22:05,801 [ 151608]   INFO - #c.i.o.p.UnindexedFilesScannerExecutor - [15375f63] Running task: com.intellij.util.indexing.UnindexedFilesScannerExecutorImpl$ScheduledScanningTask@746af54c
2026-02-17 11:22:05,802 [ 151609]   INFO - #c.i.u.i.UnindexedFilesScanner - [15375f63] scanning stage (scanning id=7): DelayedPushProperties
2026-02-17 11:22:05,811 [ 151618]   INFO - #c.i.u.i.FileBasedIndexImpl - Indexes are already loaded
2026-02-17 11:22:05,811 [ 151618]   INFO - #c.i.u.i.UnindexedFilesScanner - [15375f63] Started scanning for indexing of java-basics. Reason: Merged Changes from WorkspaceFileIndex with Changes from WorkspaceFileIndex
2026-02-17 11:22:05,812 [ 151619]   INFO - #c.i.u.i.UnindexedFilesScanner - [15375f63] scanning stage (scanning id=7): CreatingIterators
2026-02-17 11:22:05,816 [ 151623]   INFO - #c.i.u.i.UnindexedFilesScanner - [15375f63] scanning stage (scanning id=7): CollectingIndexableFiles
2026-02-17 11:22:05,817 [ 151624]   INFO - #c.i.u.i.UnindexedFilesScanner - Scanning of java-basics uses 8 scanning threads
2026-02-17 11:22:05,818 [ 151625]   INFO - #c.i.o.p.MergingQueueGuiExecutor - Task finished: (dumb mode task) com.intellij.openapi.roots.impl.PushedFilePropertiesUpdaterImpl$MyDumbModeTask@1774db37 (reason: Push on VFS changes)
2026-02-17 11:22:05,819 [ 151626]   INFO - #c.i.o.p.MergingQueueGuiExecutor - Running task: (dumb mode task) UnindexedFilesIndexer[java-basics, reasons: [Merged changes in: "Module 'java-basics' (project)" with Changes from WorkspaceFileIndex with Changes from WorkspaceFileIndex with Changes from WorkspaceFileIndex with Changes from WorkspaceFileIndex with Changes from WorkspaceFileIndex with Changes from WorkspaceFileIndex]]
2026-02-17 11:22:06,131 [ 151938]   INFO - #c.i.u.i.UnindexedFilesScanner - [15375f63] Scanning completed for java-basics. Number of scanned files: 26234; number of files for indexing: 0
2026-02-17 11:22:06,138 [ 151945]   INFO - #c.i.u.i.PerProjectIndexingQueue - Finished for java-basics. No files to index with loading content.
2026-02-17 11:22:06,139 [ 151946]   INFO - #c.i.o.p.UnindexedFilesScannerExecutor - [15375f63] Task finished (scanning id=7): com.intellij.util.indexing.UnindexedFilesScannerExecutorImpl$ScheduledScanningTask@746af54c
2026-02-17 11:22:06,140 [ 151947]   INFO - #c.i.u.i.FileBasedIndexImpl - Indexes are already loaded
2026-02-17 11:22:06,142 [ 151949]   INFO - #c.i.u.i.c.IndexUpdateRunner - Using 8 workers for indexing and 4 for writing indexes
2026-02-17 11:22:06,145 [ 151952]   INFO - #c.i.u.i.ProjectChangedFilesScanner - Retrieving changed during indexing files of java-basics : 0 to update, calculated in 0ms
2026-02-17 11:22:06,145 [ 151952]   INFO - #c.i.u.i.UnindexedFilesIndexer - Finished for java-basics. Unindexed files update took 0ms; general responsiveness: ok; EDT responsiveness: ok
2026-02-17 11:22:06,149 [ 151956]   INFO - #c.i.o.p.MergingQueueGuiExecutor - Task finished: (dumb mode task) UnindexedFilesIndexer[java-basics, reasons: [Merged changes in: "Module 'java-basics' (project)" with Changes from WorkspaceFileIndex with Changes from WorkspaceFileIndex with Changes from WorkspaceFileIndex with Changes from WorkspaceFileIndex with Changes from WorkspaceFileIndex with Changes from WorkspaceFileIndex]]
2026-02-17 11:22:06,149 [ 151956]   INFO - #c.i.o.p.DumbServiceImpl - exit dumb mode [java-basics]
2026-02-17 11:22:06,149 [ 151956]   INFO - STDOUT - [IDE]: Task 'Analyzing project to enable smart features' ended
2026-02-17 11:22:17,936 [ 163743]   INFO - #o.j.q.s.i.r.ConsoleLog - Keep running Project opening ... so far 2m 30s
2026-02-17 11:22:17,948 [ 163755]   INFO - STDOUT - Keep running Project opening ... so far 2m 30s
2026-02-17 11:22:47,938 [ 193745]   INFO - #o.j.q.s.i.r.ConsoleLog - Keep running Project opening ... so far 3m
2026-02-17 11:22:47,943 [ 193750]   INFO - STDOUT - Keep running Project opening ... so far 3m
2026-02-17 11:23:17,941 [ 223748]   INFO - #o.j.q.s.i.r.ConsoleLog - Keep running Project opening ... so far 3m 30s
2026-02-17 11:23:17,941 [ 223748]   INFO - STDOUT - Keep running Project opening ... so far 3m 30s
2026-02-17 11:23:36,144 [ 241951]   INFO - #o.j.i.maven - maven plugin resolution finished, unresolved: []
2026-02-17 11:23:36,410 [ 242217]   WARN - #o.j.i.maven - updateAllMavenProjects finished: incremental=false, MavenProjectsManager.onProjectStartup java-basics
2026-02-17 11:23:36,411 [ 242218]   INFO - STDOUT - 'Maven' is completed.
2026-02-17 11:23:36,411 [ 242218]   INFO - STDOUT - 'Queries for MergingUpdateQueue' is in progress...
2026-02-17 11:23:36,716 [ 242523]   INFO - STDOUT - 'Queries for MergingUpdateQueue' is completed.
2026-02-17 11:23:36,727 [ 242534]   INFO - #c.i.w.i.i.j.s.JpsGlobalModelSynchronizerImpl - Saving global entities com.intellij.platform.workspace.jps.entities.SdkEntity to files
2026-02-17 11:23:36,732 [ 242539]   INFO - #c.i.w.i.i.j.s.JpsGlobalModelSynchronizerImpl - Saving global entities com.intellij.platform.workspace.jps.entities.LibraryEntity to files
2026-02-17 11:23:36,855 [ 242662]   INFO - #c.i.a.o.PathMacrosImpl - Saved path macros: {MAVEN_REPOSITORY=/data/cache/.m2}
2026-02-17 11:23:36,874 [ 242681]   INFO - #c.i.c.ComponentStoreImpl - Saving appFindSettings took 17 ms
2026-02-17 11:23:36,890 [ 242697]   INFO - #c.i.w.i.i.j.s.JpsGlobalModelSynchronizerImpl - Saving global entities com.intellij.platform.workspace.jps.entities.SdkEntity to files
2026-02-17 11:23:36,890 [ 242697]   INFO - #c.i.w.i.i.j.s.JpsGlobalModelSynchronizerImpl - Saving global entities com.intellij.platform.workspace.jps.entities.LibraryEntity to files
2026-02-17 11:23:36,899 [ 242706]   INFO - #c.i.a.o.PathMacrosImpl - Saved path macros: {MAVEN_REPOSITORY=/data/cache/.m2}
2026-02-17 11:23:36,965 [ 242772]   INFO - #c.i.o.e.s.p.m.ExternalProjectsDataStorage - Save external projects data in 39 ms
2026-02-17 11:23:37,027 [ 242834]   INFO - #c.i.c.ComponentStoreImpl - Saving Project(name=java-basics, containerState=COMPONENT_CREATED, componentStore=/data/project)KotlinCommonCompilerArguments took 14 ms, XDebuggerManager took 16 ms
2026-02-17 11:23:37,060 [ 242867]   INFO - #c.i.o.p.DumbServiceImpl - enter dumb mode [java-basics]
2026-02-17 11:23:37,066 [ 242873]   INFO - #c.i.o.p.MergingQueueGuiExecutor - Running task: (dumb mode task) com.intellij.openapi.roots.impl.PushedFilePropertiesUpdaterImpl$MyDumbModeTask@6cc93f06 (reason: Push on VFS changes)
2026-02-17 11:23:37,068 [ 242875]   INFO - #c.i.o.p.MergingQueueGuiExecutor - Task finished: (dumb mode task) com.intellij.openapi.roots.impl.PushedFilePropertiesUpdaterImpl$MyDumbModeTask@6cc93f06 (reason: Push on VFS changes)
2026-02-17 11:23:37,069 [ 242876]   INFO - #c.i.o.p.DumbServiceImpl - exit dumb mode [java-basics]
2026-02-17 11:23:37,070 [ 242877]   INFO - STDOUT - [IDE]: Task 'Analyzing project to enable smart features' ended
2026-02-17 11:23:37,080 [ 242887]   INFO - STDOUT - Configuration phase 0 is completed. Initiating another phase to cover possible side effects...
2026-02-17 11:23:37,081 [ 242888]   INFO - STDOUT - All configuration phases are completed.
2026-02-17 11:23:37,081 [ 242888]   INFO - STDOUT - 'external-system' is in progress...
2026-02-17 11:23:37,084 [ 242891]   INFO - STDOUT - 'external-system' is completed.
2026-02-17 11:23:37,084 [ 242891]   INFO - STDOUT - 'Queries for MergingUpdateQueue' is in progress...
2026-02-17 11:23:38,001 [ 243808]   INFO - STDOUT - 'Queries for MergingUpdateQueue' is completed.
2026-02-17 11:23:38,002 [ 243809]   INFO - #c.i.w.i.i.j.s.JpsGlobalModelSynchronizerImpl - Saving global entities com.intellij.platform.workspace.jps.entities.SdkEntity to files
2026-02-17 11:23:38,003 [ 243810]   INFO - #c.i.w.i.i.j.s.JpsGlobalModelSynchronizerImpl - Saving global entities com.intellij.platform.workspace.jps.entities.LibraryEntity to files
2026-02-17 11:23:38,049 [ 243856]   INFO - #c.i.a.o.PathMacrosImpl - Saved path macros: {MAVEN_REPOSITORY=/data/cache/.m2}
2026-02-17 11:23:38,072 [ 243879]   INFO - #c.i.w.i.i.j.s.JpsGlobalModelSynchronizerImpl - Saving global entities com.intellij.platform.workspace.jps.entities.SdkEntity to files
2026-02-17 11:23:38,074 [ 243881]   INFO - #c.i.w.i.i.j.s.JpsGlobalModelSynchronizerImpl - Saving global entities com.intellij.platform.workspace.jps.entities.LibraryEntity to files
2026-02-17 11:23:38,077 [ 243884]   INFO - #c.i.a.o.PathMacrosImpl - Saved path macros: {MAVEN_REPOSITORY=/data/cache/.m2}
2026-02-17 11:23:38,079 [ 243886]   INFO - STDOUT - Configuration phase 1 is completed. Initiating another phase to cover possible side effects...
2026-02-17 11:23:38,079 [ 243886]   INFO - STDOUT - All configuration phases are completed.
2026-02-17 11:23:38,079 [ 243886]   INFO - STDOUT - 'Queries for MergingUpdateQueue' is in progress...
2026-02-17 11:23:39,105 [ 244912]   INFO - STDOUT - 'Queries for MergingUpdateQueue' is completed.
2026-02-17 11:23:39,106 [ 244913]   INFO - #c.i.w.i.i.j.s.JpsGlobalModelSynchronizerImpl - Saving global entities com.intellij.platform.workspace.jps.entities.SdkEntity to files
2026-02-17 11:23:39,106 [ 244913]   INFO - #c.i.w.i.i.j.s.JpsGlobalModelSynchronizerImpl - Saving global entities com.intellij.platform.workspace.jps.entities.LibraryEntity to files
2026-02-17 11:23:39,153 [ 244960]   INFO - #c.i.a.o.PathMacrosImpl - Saved path macros: {MAVEN_REPOSITORY=/data/cache/.m2}
2026-02-17 11:23:39,169 [ 244976]   INFO - #c.i.w.i.i.j.s.JpsGlobalModelSynchronizerImpl - Saving global entities com.intellij.platform.workspace.jps.entities.SdkEntity to files
2026-02-17 11:23:39,170 [ 244977]   INFO - #c.i.w.i.i.j.s.JpsGlobalModelSynchronizerImpl - Saving global entities com.intellij.platform.workspace.jps.entities.LibraryEntity to files
2026-02-17 11:23:39,175 [ 244982]   INFO - #c.i.a.o.PathMacrosImpl - Saved path macros: {MAVEN_REPOSITORY=/data/cache/.m2}
2026-02-17 11:23:39,176 [ 244983]   INFO - STDOUT - Configuration phase 2 is completed. Initiating another phase to cover possible side effects...
2026-02-17 11:23:39,176 [ 244983]   INFO - STDOUT - All configuration phases are completed.
2026-02-17 11:23:39,216 [ 245023]   INFO - #o.j.q.s.i.r.ConsoleLog - The Project opening stage completed in 3m 51s
2026-02-17 11:23:39,216 [ 245023]   INFO - STDOUT - The Project opening stage completed in 3m 51s
2026-02-17 11:23:39,216 [ 245023]   INFO - STDOUT - done.
2026-02-17 11:23:39,327 [ 245134]   INFO - #c.i.o.p.DumbServiceImpl - enter dumb mode [java-basics]
2026-02-17 11:23:39,330 [ 245137]   INFO - #o.j.q.s.i.r.ConsoleLog - Preparing for the Project configuration stage ...
2026-02-17 11:23:39,331 [ 245138]   INFO - #c.i.o.p.MergingQueueGuiExecutor - Running task: (dumb mode task) com.intellij.openapi.roots.impl.PushedFilePropertiesUpdaterImpl$MyDumbModeTask@356c7c46 (reason: Push on VFS changes)
2026-02-17 11:23:39,331 [ 245138]   INFO - STDOUT - Preparing for the Project configuration stage ...
2026-02-17 11:23:39,331 [ 245138]   INFO - STDOUT - 'external-system' is in progress...
2026-02-17 11:23:39,333 [ 245140]   INFO - STDOUT - 'external-system' is completed.
2026-02-17 11:23:39,333 [ 245140]   INFO - #c.i.o.p.MergingQueueGuiExecutor - Task finished: (dumb mode task) com.intellij.openapi.roots.impl.PushedFilePropertiesUpdaterImpl$MyDumbModeTask@356c7c46 (reason: Push on VFS changes)
2026-02-17 11:23:39,333 [ 245140]   INFO - STDOUT - 'Queries for MergingUpdateQueue' is in progress...
2026-02-17 11:23:39,333 [ 245140]   INFO - #c.i.o.p.MergingQueueGuiExecutor - Running task: (dumb mode task) UnindexedFilesIndexer[java-basics, reasons: [On refresh of files in java-basics]]
2026-02-17 11:23:39,333 [ 245140]   INFO - #c.i.u.i.FileBasedIndexImpl - Indexes are already loaded
2026-02-17 11:23:39,334 [ 245141]   INFO - #c.i.u.i.c.IndexUpdateRunner - Using 8 workers for indexing and 4 for writing indexes
2026-02-17 11:23:39,338 [ 245145]   INFO - #c.i.u.i.ProjectChangedFilesScanner - Retrieving changed during indexing files of java-basics : 19 to update, calculated in 4ms
2026-02-17 11:23:39,354 [ 245161]   INFO - #c.i.u.i.c.IndexUpdateRunner - Coroutine 5 finished gracefully
2026-02-17 11:23:39,359 [ 245166]   INFO - #c.i.u.i.c.IndexUpdateRunner - Coroutine 4 finished gracefully
2026-02-17 11:23:39,360 [ 245167]   INFO - #c.i.u.i.c.IndexUpdateRunner - Coroutine 2 finished gracefully
2026-02-17 11:23:39,361 [ 245168]   INFO - #c.i.u.i.c.IndexUpdateRunner - Coroutine 6 finished gracefully
2026-02-17 11:23:39,361 [ 245168]   INFO - #c.i.u.i.c.IndexUpdateRunner - Coroutine 1 finished gracefully
2026-02-17 11:23:39,363 [ 245170]   INFO - #c.i.u.i.c.IndexUpdateRunner - Coroutine 3 finished gracefully
2026-02-17 11:23:39,375 [ 245182]   INFO - #c.i.u.i.c.IndexUpdateRunner - Coroutine 7 finished gracefully
2026-02-17 11:23:39,375 [ 245182]   INFO - #c.i.u.i.c.IndexUpdateRunner - Coroutine 0 finished gracefully
2026-02-17 11:23:39,400 [ 245207]   INFO - #c.i.u.i.UnindexedFilesIndexer - Finished for java-basics. Unindexed files update took 67ms; general responsiveness: ok; EDT responsiveness: ok
2026-02-17 11:23:39,401 [ 245208]   INFO - #c.i.o.p.MergingQueueGuiExecutor - Task finished: (dumb mode task) UnindexedFilesIndexer[java-basics, reasons: [On refresh of files in java-basics]]
2026-02-17 11:23:39,401 [ 245208]   INFO - #c.i.o.p.DumbServiceImpl - exit dumb mode [java-basics]
2026-02-17 11:23:39,402 [ 245209]   INFO - STDOUT - [IDE]: Task 'Analyzing project to enable smart features' ended
2026-02-17 11:23:40,258 [ 246065]   INFO - STDOUT - 'Queries for MergingUpdateQueue' is completed.
2026-02-17 11:23:40,259 [ 246066]   INFO - #c.i.w.i.i.j.s.JpsGlobalModelSynchronizerImpl - Saving global entities com.intellij.platform.workspace.jps.entities.SdkEntity to files
2026-02-17 11:23:40,259 [ 246066]   INFO - #c.i.w.i.i.j.s.JpsGlobalModelSynchronizerImpl - Saving global entities com.intellij.platform.workspace.jps.entities.LibraryEntity to files
2026-02-17 11:23:40,306 [ 246113]   INFO - #c.i.a.o.PathMacrosImpl - Saved path macros: {MAVEN_REPOSITORY=/data/cache/.m2}
2026-02-17 11:23:40,322 [ 246129]   INFO - #c.i.w.i.i.j.s.JpsGlobalModelSynchronizerImpl - Saving global entities com.intellij.platform.workspace.jps.entities.SdkEntity to files
2026-02-17 11:23:40,322 [ 246129]   INFO - #c.i.w.i.i.j.s.JpsGlobalModelSynchronizerImpl - Saving global entities com.intellij.platform.workspace.jps.entities.LibraryEntity to files
2026-02-17 11:23:40,328 [ 246135]   INFO - #c.i.a.o.PathMacrosImpl - Saved path macros: {MAVEN_REPOSITORY=/data/cache/.m2}
2026-02-17 11:23:40,330 [ 246137]   INFO - STDOUT - Configuration phase 0 is completed. Initiating another phase to cover possible side effects...
2026-02-17 11:23:40,330 [ 246137]   INFO - STDOUT - All configuration phases are completed.
2026-02-17 11:23:40,330 [ 246137]   INFO - STDOUT - 'Queries for MergingUpdateQueue' is in progress...
2026-02-17 11:23:41,343 [ 247150]   INFO - STDOUT - 'Queries for MergingUpdateQueue' is completed.
2026-02-17 11:23:41,344 [ 247151]   INFO - #c.i.w.i.i.j.s.JpsGlobalModelSynchronizerImpl - Saving global entities com.intellij.platform.workspace.jps.entities.SdkEntity to files
2026-02-17 11:23:41,344 [ 247151]   INFO - #c.i.w.i.i.j.s.JpsGlobalModelSynchronizerImpl - Saving global entities com.intellij.platform.workspace.jps.entities.LibraryEntity to files
2026-02-17 11:23:41,390 [ 247197]   INFO - #c.i.a.o.PathMacrosImpl - Saved path macros: {MAVEN_REPOSITORY=/data/cache/.m2}
2026-02-17 11:23:41,404 [ 247211]   INFO - #c.i.w.i.i.j.s.JpsGlobalModelSynchronizerImpl - Saving global entities com.intellij.platform.workspace.jps.entities.SdkEntity to files
2026-02-17 11:23:41,405 [ 247212]   INFO - #c.i.w.i.i.j.s.JpsGlobalModelSynchronizerImpl - Saving global entities com.intellij.platform.workspace.jps.entities.LibraryEntity to files
2026-02-17 11:23:41,410 [ 247217]   INFO - #c.i.a.o.PathMacrosImpl - Saved path macros: {MAVEN_REPOSITORY=/data/cache/.m2}
2026-02-17 11:23:41,411 [ 247218]   INFO - STDOUT - Configuration phase 1 is completed. Initiating another phase to cover possible side effects...
2026-02-17 11:23:41,411 [ 247218]   INFO - STDOUT - All configuration phases are completed.
2026-02-17 11:23:41,411 [ 247218]   INFO - STDOUT - 'Queries for MergingUpdateQueue' is in progress...
2026-02-17 11:23:42,424 [ 248231]   INFO - STDOUT - 'Queries for MergingUpdateQueue' is completed.
2026-02-17 11:23:42,425 [ 248232]   INFO - #c.i.w.i.i.j.s.JpsGlobalModelSynchronizerImpl - Saving global entities com.intellij.platform.workspace.jps.entities.SdkEntity to files
2026-02-17 11:23:42,425 [ 248232]   INFO - #c.i.w.i.i.j.s.JpsGlobalModelSynchronizerImpl - Saving global entities com.intellij.platform.workspace.jps.entities.LibraryEntity to files
2026-02-17 11:23:42,467 [ 248274]   INFO - #c.i.a.o.PathMacrosImpl - Saved path macros: {MAVEN_REPOSITORY=/data/cache/.m2}
2026-02-17 11:23:42,484 [ 248291]   INFO - #c.i.w.i.i.j.s.JpsGlobalModelSynchronizerImpl - Saving global entities com.intellij.platform.workspace.jps.entities.SdkEntity to files
2026-02-17 11:23:42,484 [ 248291]   INFO - #c.i.w.i.i.j.s.JpsGlobalModelSynchronizerImpl - Saving global entities com.intellij.platform.workspace.jps.entities.LibraryEntity to files
2026-02-17 11:23:42,488 [ 248295]   INFO - #c.i.a.o.PathMacrosImpl - Saved path macros: {MAVEN_REPOSITORY=/data/cache/.m2}
2026-02-17 11:23:42,489 [ 248296]   INFO - STDOUT - Configuration phase 2 is completed. Initiating another phase to cover possible side effects...
2026-02-17 11:23:42,490 [ 248297]   INFO - STDOUT - All configuration phases are completed.
2026-02-17 11:23:42,512 [ 248319]   INFO - #o.j.q.s.i.r.s.QodanaProjectLoader - Configured project
2026-02-17 11:23:42,546 [ 248353]   INFO - #o.j.q.s.i.r.ConsoleLog - The Project configuration stage completed in 3s
2026-02-17 11:23:42,546 [ 248353]   INFO - STDOUT - The Project configuration stage completed in 3s
2026-02-17 11:23:42,547 [ 248354]   INFO - o.j.q.i.linter - Loading dynamic inspections (FlexInspect)
2026-02-17 11:23:42,547 [ 248354]   INFO - o.j.q.i.linter - FlexInspect: finished loading
- total number of inspection.kts files: 0}
- number of compiled inspection.kts files: 0}
- number of inspections from compiled inspection.kts files: 0}
- number of failed to compile inspection.kts files: 0} 
2026-02-17 11:23:43,512 [ 249319]   INFO - STDOUT - Initializing project…Inspecting with the 'qodana.recommended' profile
2026-02-17 11:23:43,575 [ 249382]   INFO - #o.j.q.s.p.QodanaProfile - The 'qodana.sanity' profile is configured for sanity checks
2026-02-17 11:23:44,591 [ 250398]   INFO - #o.j.q.s.i.r.ConsoleLog - Preparing for the Project analysis stage ...
2026-02-17 11:23:44,594 [ 250401]   INFO - STDOUT - Preparing for the Project analysis stage ...
2026-02-17 11:23:44,635 [ 250442]   INFO - #c.i.a.AnalysisScope - Scanning scope took 8 ms
2026-02-17 11:23:44,640 [ 250447]   INFO - #c.i.c.e.GlobalJavaInspectionContextImpl - Processing external usages finished in 0 ms
2026-02-17 11:23:44,873 [ 250680]   INFO - #c.i.x.Html5SchemaProvider - HTML5_SCHEMA_LOCATION = /opt/idea/lib/modules/intellij.relaxng.jar!/resources/html5-schema/html5.rnc
2026-02-17 11:23:44,886 [ 250693]   INFO - STDOUT - Analyzing code 1%
2026-02-17 11:23:45,795 [ 251602]   INFO - #o.j.q.s.i.r.AsyncInspectionToolResultWriter - Async result writer started
2026-02-17 11:23:45,807 [ 251614]   INFO - STDOUT - Analyzing code 2%
2026-02-17 11:23:46,418 [ 252225]   INFO - STDOUT - Analyzing code 3%
2026-02-17 11:23:47,357 [ 253164]   INFO - STDOUT - Analyzing code 4%
2026-02-17 11:23:47,426 [ 253233]   INFO - STDOUT - Analyzing code 5%
2026-02-17 11:23:47,682 [ 253489]   INFO - STDOUT - Analyzing code 6%
2026-02-17 11:23:48,007 [ 253814]   INFO - STDOUT - Analyzing code 7%
2026-02-17 11:23:48,139 [ 253946]   INFO - STDOUT - Analyzing code 8%
2026-02-17 11:23:48,544 [ 254351]   INFO - STDOUT - Analyzing code 9%
2026-02-17 11:23:48,870 [ 254677]   INFO - STDOUT - Analyzing code 10%
2026-02-17 11:23:49,080 [ 254887]   INFO - STDOUT - Analyzing code 11%
2026-02-17 11:23:49,571 [ 255378]   INFO - STDOUT - Analyzing code 12%
2026-02-17 11:23:49,723 [ 255530]   INFO - STDOUT - Analyzing code 13%
2026-02-17 11:23:49,756 [ 255563]   INFO - STDOUT - Analyzing code 14%
2026-02-17 11:23:49,994 [ 255801]   INFO - STDOUT - Analyzing code 15%
2026-02-17 11:23:50,025 [ 255832]   INFO - STDOUT - Analyzing code 16%
2026-02-17 11:23:50,212 [ 256019]   INFO - STDOUT - Analyzing code 17%
2026-02-17 11:23:50,293 [ 256100]   INFO - STDOUT - Analyzing code 18%
2026-02-17 11:23:50,475 [ 256282]   INFO - STDOUT - Analyzing code 19%
2026-02-17 11:23:50,569 [ 256376]   INFO - STDOUT - Analyzing code 20%
2026-02-17 11:23:50,725 [ 256532]   INFO - STDOUT - Analyzing code 21%
2026-02-17 11:23:50,835 [ 256642]   INFO - STDOUT - Analyzing code 22%
2026-02-17 11:23:50,883 [ 256690]   INFO - STDOUT - Analyzing code 23%
2026-02-17 11:23:50,933 [ 256740]   INFO - STDOUT - Analyzing code 24%
2026-02-17 11:23:51,007 [ 256814]   INFO - STDOUT - Analyzing code 25%
2026-02-17 11:23:51,215 [ 257022]   INFO - STDOUT - Analyzing code 26%
2026-02-17 11:23:51,315 [ 257122]   INFO - STDOUT - Analyzing code 27%
2026-02-17 11:23:51,947 [ 257754]   INFO - STDOUT - Analyzing code 28%
2026-02-17 11:23:52,079 [ 257886]   INFO - STDOUT - Analyzing code 29%
2026-02-17 11:23:52,338 [ 258145]   INFO - STDOUT - Analyzing code 30%
2026-02-17 11:23:52,426 [ 258233]   INFO - STDOUT - Analyzing code 31%
2026-02-17 11:23:52,922 [ 258729]   INFO - STDOUT - Analyzing code 32%
2026-02-17 11:23:53,191 [ 258998]   INFO - STDOUT - Analyzing code 33%
2026-02-17 11:23:53,560 [ 259367]   INFO - STDOUT - Analyzing code 34%
2026-02-17 11:23:53,647 [ 259454]   INFO - STDOUT - Analyzing code 35%
2026-02-17 11:23:53,706 [ 259513]   INFO - STDOUT - Analyzing code 36%
2026-02-17 11:23:53,749 [ 259556]   INFO - STDOUT - Analyzing code 37%
2026-02-17 11:23:53,945 [ 259752]   INFO - STDOUT - Analyzing code 38%
2026-02-17 11:23:54,024 [ 259831]   INFO - STDOUT - Analyzing code 39%
2026-02-17 11:23:54,298 [ 260105]   INFO - STDOUT - Analyzing code 40%
2026-02-17 11:23:54,333 [ 260140]   INFO - STDOUT - Analyzing code 41%
2026-02-17 11:23:54,401 [ 260208]   INFO - STDOUT - Analyzing code 42%
2026-02-17 11:23:54,607 [ 260414]   INFO - STDOUT - Analyzing code 43%
2026-02-17 11:23:54,759 [ 260566]   INFO - STDOUT - Analyzing code 44%
2026-02-17 11:23:54,927 [ 260734]   INFO - STDOUT - Analyzing code 45%
2026-02-17 11:23:55,091 [ 260898]   INFO - STDOUT - Analyzing code 46%
2026-02-17 11:23:55,145 [ 260952]   INFO - STDOUT - Analyzing code 47%
2026-02-17 11:23:55,370 [ 261177]   INFO - STDOUT - Analyzing code 48%
2026-02-17 11:23:55,380 [ 261187]   INFO - STDOUT - Analyzing code 49%
2026-02-17 11:23:55,402 [ 261209]   INFO - STDOUT - Analyzing code 50%
2026-02-17 11:23:55,521 [ 261328]   INFO - STDOUT - Analyzing code 51%
2026-02-17 11:23:55,740 [ 261547]   INFO - STDOUT - Analyzing code 52%
2026-02-17 11:23:55,820 [ 261627]   INFO - STDOUT - Analyzing code 53%
2026-02-17 11:23:56,009 [ 261816]   INFO - STDOUT - Analyzing code 54%
2026-02-17 11:23:56,197 [ 262004]   INFO - STDOUT - Analyzing code 55%
2026-02-17 11:23:56,367 [ 262174]   INFO - STDOUT - Analyzing code 56%
2026-02-17 11:23:57,067 [ 262874]   INFO - STDOUT - Analyzing code 57%
2026-02-17 11:23:57,362 [ 263169]   INFO - STDOUT - Analyzing code 58%
2026-02-17 11:23:57,398 [ 263205]   INFO - STDOUT - Analyzing code 59%
2026-02-17 11:23:57,547 [ 263354]   INFO - STDOUT - Analyzing code 60%
2026-02-17 11:23:57,600 [ 263407]   INFO - STDOUT - Analyzing code 61%
2026-02-17 11:23:57,656 [ 263463]   INFO - STDOUT - Analyzing code 62%
2026-02-17 11:23:57,695 [ 263502]   INFO - STDOUT - Analyzing code 63%
2026-02-17 11:23:57,754 [ 263561]   INFO - STDOUT - Analyzing code 64%
2026-02-17 11:23:57,810 [ 263617]   INFO - STDOUT - Analyzing code 65%
2026-02-17 11:23:57,892 [ 263699]   INFO - STDOUT - Analyzing code 66%
2026-02-17 11:23:58,727 [ 264534]   INFO - #o.j.q.s.i.r.ConsoleLog - The Project analysis stage completed in 14s
2026-02-17 11:23:58,727 [ 264534]   INFO - STDOUT - The Project analysis stage completed in 14s
2026-02-17 11:23:58,772 [ 264579]   INFO - #o.j.q.s.s.n.RuntimeNotificationCollector$NotificationReportContributor - No tool errors to report to sarif file
2026-02-17 11:23:58,777 [ 264584]   WARN - #o.j.q.s.s.GitReportContributor - Unable to find the remote url, please set the environment variable QODANA_REMOTE_URL
2026-02-17 11:23:58,778 [ 264585]   WARN - #o.j.q.s.s.GitReportContributor - Unable to parse the repository url, please set the environment variable QODANA_REPO_URL, should start with https://
2026-02-17 11:23:58,812 [ 264619]   INFO - STDOUT - 
2026-02-17 11:23:58,812 [ 264619]   INFO - STDOUT - Qodana - Sanity summary
2026-02-17 11:23:58,812 [ 264619]   INFO - STDOUT - Analysis results: 5 problems detected
2026-02-17 11:23:58,813 [ 264620]   INFO - STDOUT - 5 suspicious problems were detected during Sanity Check. Probably there are some troubles with corresponding inspections. You may fix the problems or exclude the files containing them from the analysis
2026-02-17 11:23:58,814 [ 264621]   INFO - STDOUT - --------------------------------------------------------------------------------------------
2026-02-17 11:23:58,814 [ 264621]   INFO - STDOUT - File                                                    Inspection  Severity  Problems count
2026-02-17 11:23:58,814 [ 264621]   INFO - STDOUT - --------------------------------------------------------------------------------------------
2026-02-17 11:23:58,814 [ 264621]   INFO - STDOUT - OneClass1.java                                         Java sanity  Critical               4
2026-02-17 11:23:58,814 [ 264621]   INFO - STDOUT - оооооо1.java                                           Java sanity  Critical               1
2026-02-17 11:23:58,814 [ 264621]   INFO - STDOUT - --------------------------------------------------------------------------------------------
2026-02-17 11:23:58,814 [ 264621]   INFO - STDOUT - 
2026-02-17 11:23:58,815 [ 264622]   INFO - STDOUT - 
2026-02-17 11:23:58,815 [ 264622]   INFO - STDOUT - 
2026-02-17 11:23:58,815 [ 264622]   INFO - STDOUT - Qodana - Detailed summary
2026-02-17 11:23:58,815 [ 264622]   INFO - STDOUT - Analysis results: 228 problems detected
2026-02-17 11:23:58,815 [ 264622]   INFO - STDOUT - By severity: Critical - 29, High - 196, Moderate - 3
2026-02-17 11:23:58,815 [ 264622]   INFO - STDOUT - ----------------------------------------------------------------------------
2026-02-17 11:23:58,816 [ 264623]   INFO - STDOUT - Name                                                Severity  Problems count
2026-02-17 11:23:58,816 [ 264623]   INFO - STDOUT - ----------------------------------------------------------------------------
2026-02-17 11:23:58,816 [ 264623]   INFO - STDOUT - Overly complex class                                Critical              24
2026-02-17 11:23:58,816 [ 264623]   INFO - STDOUT - Overly coupled class                                Critical               5
2026-02-17 11:23:58,817 [ 264624]   INFO - STDOUT - Single class import                                     High             141
2026-02-17 11:23:58,817 [ 264624]   INFO - STDOUT - Lombok @Getter may be used                              High              17
2026-02-17 11:23:58,818 [ 264625]   INFO - STDOUT - Unused assignment                                       High              11
2026-02-17 11:23:58,818 [ 264625]   INFO - STDOUT - Field may be 'final'                                    High               8
2026-02-17 11:23:58,819 [ 264626]   INFO - STDOUT - Lombok @Setter may be used                              High               5
2026-02-17 11:23:58,820 [ 264627]   INFO - STDOUT - Method is identical to its super method                 High               3
2026-02-17 11:23:58,821 [ 264628]   INFO - STDOUT - Constant values                                         High               2
2026-02-17 11:23:58,821 [ 264628]   INFO - STDOUT - String comparison using '==', instead of 'equals()      High               2
2026-02-17 11:23:58,821 [ 264628]   INFO - STDOUT - '                                                                           
2026-02-17 11:23:58,821 [ 264628]   INFO - STDOUT - 'InputStream' and 'OutputStream' can be constructe      High               1
2026-02-17 11:23:58,821 [ 264628]   INFO - STDOUT - d using 'Files' methods                                                     
2026-02-17 11:23:58,821 [ 264628]   INFO - STDOUT - Call to 'printStackTrace()'                             High               1
2026-02-17 11:23:58,821 [ 264628]   INFO - STDOUT - Class naming convention                                 High               1
2026-02-17 11:23:58,821 [ 264628]   INFO - STDOUT - Non-final field in 'enum'                               High               1
2026-02-17 11:23:58,822 [ 264629]   INFO - STDOUT - Redundant 'String' operation                            High               1
2026-02-17 11:23:58,822 [ 264629]   INFO - STDOUT - Redundant call to 'String.format()'                     High               1
2026-02-17 11:23:58,822 [ 264629]   INFO - STDOUT - Redundant local variable                                High               1
2026-02-17 11:23:58,822 [ 264629]   INFO - STDOUT - Constant values                                     Moderate               2
2026-02-17 11:23:58,822 [ 264629]   INFO - STDOUT - Method can be extracted                             Moderate               1
2026-02-17 11:23:58,822 [ 264629]   INFO - STDOUT - ----------------------------------------------------------------------------
2026-02-17 11:23:58,822 [ 264629]   INFO - STDOUT - 
2026-02-17 11:23:58,822 [ 264629]   INFO - STDOUT - 
2026-02-17 11:23:58,912 [ 264719]   INFO - #o.j.q.s.i.r.QodanaInspectionApplication - sessionId: 26021711-461b915b90ce
2026-02-17 11:24:00,645 [ 266452]   INFO - STDOUT - The report is uploaded to https://qodana.cloud/projects/p45aW/reports/xPLGdr
2026-02-17 11:24:00,705 [ 266512]   INFO - #c.i.u.i.PersistentDirtyFilesQueue - Dirty file ids stored. Size: 0. Index: 0 Path: /data/cache/idea/253/index/dirty-file-queues/15375f63
2026-02-17 11:24:00,707 [ 266514]   INFO - #c.i.p.p.ProjectEntitiesStorage - Project ProjectId(id=6100442m8cjlu67kh31p) is disposed, removing entity
2026-02-17 11:24:00,707 [ 266514]   INFO - #c.i.p.d.i.f.FrontendXBreakpointManager - Breakpoint removed for XBreakpointId(uid=1)
2026-02-17 11:24:00,717 [ 266524]   INFO - #c.i.w.i.i.GlobalWorkspaceModel - Project java-basics is removed from the list of initializing and open projects. Project was disposed.
2026-02-17 11:24:00,794 [ 266601]   INFO - #c.i.c.b.CompilerReferenceServiceBase - backward reference index reader is closed (didn't exist)
2026-02-17 11:24:00,796 [ 266603]   INFO - #c.i.e.r.RemoteProcessSupport - Terminating: 127.0.0.1:61700/Maven36ServerImpl2ac960e
2026-02-17 11:24:00,796 [ 266603]   INFO - #c.i.e.r.RemoteProcessSupport - Remote process will terminate: null message = null
2026-02-17 11:24:00,806 [ 266613]   INFO - #c.i.w.i.i.j.s.JpsGlobalModelSynchronizerImpl - Saving global entities com.intellij.platform.workspace.jps.entities.SdkEntity to files
2026-02-17 11:24:00,806 [ 266613]   INFO - #c.i.w.i.i.j.s.JpsGlobalModelSynchronizerImpl - Saving global entities com.intellij.platform.workspace.jps.entities.LibraryEntity to files
2026-02-17 11:24:00,813 [ 266620]   INFO - #c.i.a.o.PathMacrosImpl - Saved path macros: {MAVEN_REPOSITORY=/data/cache/.m2}
2026-02-17 11:24:00,828 [ 266635]   INFO - #c.i.i.s.e.u.EventLogExternalUploader - Statistics. Started external process for uploading event log
2026-02-17 11:24:00,833 [ 266640]   INFO - #c.i.o.f.i.FileTypeDetectionService - 3034 auto-detected files. Detection took 3689 ms
2026-02-17 11:24:00,838 [ 266645]   INFO - #o.j.i.BuiltInServer - web server stopped
2026-02-17 11:24:00,840 [ 266647]   INFO - #c.i.u.i.FileBasedIndexImpl - Index dispose started
2026-02-17 11:24:00,847 [ 266654]   INFO - #c.i.u.i.PersistentDirtyFilesQueue - Dirty file ids stored. Size: 10. Index: 10 Path: /data/cache/idea/253/index/dirty-file-ids
2026-02-17 11:24:00,862 [ 266669]   INFO - #c.i.p.s.StubIndexImpl - StubIndexExtension-s were unloaded
2026-02-17 11:24:00,862 [ 266669]   INFO - #c.i.p.s.SerializationManagerImpl - Start shutting down /data/cache/idea/253/index/rep.names
2026-02-17 11:24:00,862 [ 266669]   INFO - #c.i.p.s.SerializationManagerImpl - Finished shutting down /data/cache/idea/253/index/rep.names
2026-02-17 11:24:00,862 [ 266669]   INFO - #c.i.u.i.FileBasedIndexImpl - Index dispose completed in 22ms.
2026-02-17 11:24:00,869 [ 266676]   INFO - #c.i.o.v.n.p.PersistentFSImpl - VFS dispose started
2026-02-17 11:24:00,869 [ 266676]   INFO - #c.i.o.v.n.p.FSRecordsImpl - VFS closing
2026-02-17 11:24:00,870 [ 266677]   INFO - #c.i.o.v.n.p.PersistentFSImpl - VFS dispose completed in 0 ms.
2026-02-17 11:24:00,888 [ 266695]   INFO - #c.i.p.i.b.AppStarter - ------------------------------------------------------ IDE SHUTDOWN ------------------------------------------------------
