# OpenTelemetry Metrics report: .csv, 4 fields: 
# <metric name>, <period start, nanoseconds>, <period end, nanoseconds>, <metric value>
# See CsvMetricsExporter for details.
# 
# NAME, PERIOD_START_NANOS, PERIOD_END_NANOS, VALUE
VFS.contentStorage.recordsStoredSize,1771327174578000000,1771327234706000000,14522
VFS.fileChildByName,1771327174578000000,1771327234706000000,24223
VFS.cache.filesCreated,1771327174578000000,1771327234706000000,144634
VFS.cache.directoriesCreated,1771327174578000000,1771327234706000000,4575
VFS.cache.segments,1771327174578000000,1771327234706000000,167.0
VFS.folderCaseSensitivityReads,1771327174578000000,1771327234706000000,338
VFS.contentStorage.recordsReadDecompressed,1771327174578000000,1771327234706000000,1
VFS.cache.segmentsCreated,1771327174578000000,1771327234706000000,168
VFS.contentStorage.recordsDecompressionTimeUs,1771327174578000000,1771327234706000000,457
VFS.contentStorage.recordsDeduplicated,1771327174578000000,1771327234706000000,0
VFS.contentStorage.recordsStoredCompressed,1771327174578000000,1771327234706000000,1
VFS.fileByIdCache.hits,1771327174578000000,1771327234706000000,1
VFS.rootsCount,1771327174578000000,1771327234706000000,202.0
VFS.fileByIdCache.misses,1771327174578000000,1771327234706000000,3
VFS.contentStorage.recordsRead,1771327174578000000,1771327234706000000,9
VFS.contentStorage.recordsStored,1771327174578000000,1771327234706000000,6
FileNameCache.totalMisses,1771327174578000000,1771327234706000000,28992
VFS.contentStorage.recordsUncompressedSize,1771327174578000000,1771327234706000000,36873
FileNameCache.queries,1771327174578000000,1771327234706000000,3211072
VFS.contentStorage.recordsReadSize,1771327174578000000,1771327234706000000,62181
VFS.invertedFileNameIndex.requests,1771327174578000000,1771327234706000000,0
Indexes.entries.lookupDuration90PMs,1771327174578000000,1771327234706000000,0.0
Indexing.writer_0.totalTimeSpentWritingMs,1771327174578000000,1771327234706000000,945
Indexing.writesQueuedMax,1771327174578000000,1771327234706000000,0
Indexing.writesQueuedMin,1771327174578000000,1771327234706000000,9223372036854775807
Indexing.writer_1.totalTimeSpentWritingMs,1771327174578000000,1771327234706000000,972
Indexes.allKeys.lookupDuration90PMs,1771327174578000000,1771327234706000000,0.0
Indexes.stubs.lookupDurationAvgMs,1771327174578000000,1771327234706000000,0.0
Indexing.cache.totalCacheEvicted,1771327174578000000,1771327234706000000,1265338
Indexes.stubs.lookupDuration90PMs,1771327174578000000,1771327234706000000,0.0
Indexing.writer_2.totalTimeSpentWritingMs,1771327174578000000,1771327234706000000,4485
Indexes.stubs.lookupDurationMaxMs,1771327174578000000,1771327234706000000,0.0
Indexes.allKeys.lookups,1771327174578000000,1771327234706000000,0
Indexes.entries.lookupDurationAvgMs,1771327174578000000,1771327234706000000,0.0
Indexes.entries.lookupDurationMaxMs,1771327174578000000,1771327234706000000,0.0
Indexes.allKeys.lookupDurationMaxMs,1771327174578000000,1771327234706000000,0.0
Indexing.cache.totalCacheAccesses,1771327174578000000,1771327234706000000,2574583
Indexing.cache.totalCacheMisses,1771327174578000000,1771327234706000000,1275055
Indexes.stubs.lookups,1771327174578000000,1771327234706000000,2575
Indexing.writer_3.totalTimeSpentWritingMs,1771327174578000000,1771327234706000000,4427
Indexes.allKeys.lookupDurationAvgMs,1771327174578000000,1771327234706000000,0.0
Indexing.totalTimeIndexersSleptMs,1771327174578000000,1771327234706000000,3272
Indexes.entries.lookups,1771327174578000000,1771327234706000000,2
JVM.totalTimeAtSafepointsMs,1771327174578000000,1771327234706000000,614
JVM.usedHeapBytes,1771327174578000000,1771327234706000000,466344976
JVM.totalTimeToSafepointsMs,1771327174578000000,1771327234706000000,231
MEM.ramMinusFileMappingsBytes,1771327174578000000,1771327234706000000,2418315264
OS.loadAverage,1771327174578000000,1771327234706000000,5.78564453125
JVM.newThreadsCount,1771327174578000000,1771327234706000000,346
MEM.ramPlusSwapMinusFileMappingsBytes,1771327174578000000,1771327234706000000,2418315264
JVM.maxThreadCount,1771327174578000000,1771327234706000000,182
JVM.threadCount,1771327174578000000,1771327234706000000,90
JVM.totalBytesAllocated,1771327174578000000,1771327234706000000,8610019224
JVM.totalDirectByteBuffersBytes,1771327174578000000,1771327234706000000,356293212
JVM.totalCpuTimeMs,1771327174578000000,1771327234706000000,83910
JVM.GC.collections,1771327174578000000,1771327234706000000,49
JVM.maxHeapBytes,1771327174578000000,1771327234706000000,28840034304
MEM.ramBytes,1771327174578000000,1771327234706000000,2977234944
JVM.totalSafepointCount,1771327174578000000,1771327234706000000,344
JVM.GC.collectionTimesMs,1771327174578000000,1771327234706000000,443
JVM.usedNativeBytes,1771327174578000000,1771327234706000000,377356840
MEM.fileMappingsRamBytes,1771327174578000000,1771327234706000000,558919680
JVM.committedHeapBytes,1771327174578000000,1771327234706000000,1476395008
jps.apply.loaded.storage.ms,1771327174578000000,1771327234706000000,75
jps.module.iml.entities.serializer.save.entities.ms,1771327174578000000,1771327234706000000,0
workspaceModel.mutableEntityStorage.to.snapshot.ms,1771327174578000000,1771327234706000000,5
workspaceModel.mutableEntityStorage.add.entity.ms,1771327174578000000,1771327234706000000,90
workspaceModel.mutableEntityStorage.hasReferrers.ms,1771327174578000000,1771327234706000000,0
workspaceModel.mutableEntityStorage.collect.changes.ms,1771327174578000000,1771327234706000000,2
workspaceModel.mutableEntityStorage.modify.entity.ms,1771327174578000000,1771327234706000000,57
workspaceModel.sync.entities.ms,1771327174578000000,1771327234706000000,4
workspaceModel.global.updates.count,1771327174578000000,1771327234706000000,3
jps.load.project.to.empty.storage.ms,1771327174578000000,1771327234706000000,160
jps.load.initial.state.ms,1771327174578000000,1771327234706000000,11
jps.module.dependency.index.workspace.model.listener.on.changed.ms,1771327174578000000,1771327234706000000,1
jps.artifact.entities.serializer.load.entities.ms,1771327174578000000,1771327234706000000,3
jps.global.get.libraries.ms,1771327174578000000,1771327234706000000,0
workspaceModel.save.cache.to.file.ms,1771327174578000000,1771327234706000000,97
workspaceModel.moduleManagerBridge.create.module.instance.ms,1771327174578000000,1771327234706000000,6
jps.artifact.entities.serializer.save.entities.ms,1771327174578000000,1771327234706000000,0
jps.library.entities.serializer.save.entities.ms,1771327174578000000,1771327234706000000,0
jps.project.serializers.load.ms,1771327174578000000,1771327234706000000,65
workspaceModel.mutableEntityStorage.apply.changes.from.ms,1771327174578000000,1771327234706000000,20
workspaceModel.mutableEntityStorage.referrers.ms,1771327174578000000,1771327234706000000,0
workspaceModel.mutableEntityStorage.changeLog.addReplaceEventForNewParent.ms,1771327174578000000,1771327234706000000,0
jps.global.get.library.by.name.ms,1771327174578000000,1771327234706000000,0
jps.global.get.library.ms,1771327174578000000,1771327234706000000,0
jps.reload.project.entities.ms,1771327174578000000,1771327234706000000,0
workspaceModel.moduleManagerBridge.build.module.graph.ms,1771327174578000000,1771327234706000000,1
jps.app.storage.content.reader.load.component.ms,1771327174578000000,1771327234706000000,1
workspaceModel.mutableEntityStorage.has.same.entities.ms,1771327174578000000,1771327234706000000,0
workspaceModel.moduleBridge.update.option.ms,1771327174578000000,1771327234706000000,0
jps.storage.jps.conf.reader.load.component.ms,1771327174578000000,1771327234706000000,13
jps.library.entities.serializer.load.entities.ms,1771327174578000000,1771327234706000000,4
jps.module.iml.entities.serializer.load.entities.ms,1771327174578000000,1771327234706000000,38
workspaceModel.mutableEntityStorage.resolve.ms,1771327174578000000,1771327234706000000,0
workspaceModel.moduleBridge.facet.initialization.ms,1771327174578000000,1771327234706000000,0
jps.facet.change.listener.process.change.events.ms,1771327174578000000,1771327234706000000,1
workspaceModel.moduleManagerBridge.load.module.ms,1771327174578000000,1771327234706000000,0
workspaceModel.moduleManagerBridge.set.unloadedModules.ms,1771327174578000000,1771327234706000000,0
workspaceModel.moduleManagerBridge.new.nonPersistent.module.ms,1771327174578000000,1771327234706000000,0
workspaceModel.do.save.caches.ms,1771327174578000000,1771327234706000000,71
workspaceModel.moduleBridge.before.changed.ms,1771327174578000000,1771327234706000000,0
jps.global.handle.before.change.events.ms,1771327174578000000,1771327234706000000,0
workspaceModel.load.cache.from.file.ms,1771327174578000000,1771327234706000000,0
workspaceModel.mutableEntityStorage.replace.by.source.ms,1771327174578000000,1771327234706000000,26
jps.facet.change.listener.before.change.events.ms,1771327174578000000,1771327234706000000,0
jps.modifiable.module.model.bridge.renaming.ms,1771327174578000000,1771327234706000000,0
jps.global.handle.changed.events.ms,1771327174578000000,1771327234706000000,0
jps.facet.change.listener.init.bridge.ms,1771327174578000000,1771327234706000000,1
workspaceModel.global.apply.state.to.project.ms,1771327174578000000,1771327234706000000,20
workspaceModel.mutableEntityStorage.changeLog.addReplaceEventForRemovedChild.ms,1771327174578000000,1771327234706000000,0
jps.global.initialize.library.bridges.after.loading.ms,1771327174578000000,1771327234706000000,1
workspaceModel.moduleManagerBridge.get.modules.ms,1771327174578000000,1771327234706000000,1
jps.modifiable.module.model.bridge.new.module.ms,1771327174578000000,1771327234706000000,13
jps.modifiable.module.model.bridge.load.module.ms,1771327174578000000,1771327234706000000,0
workspaceModel.mutableEntityStorage.changeLog.addReplaceEventForRemovedParent.ms,1771327174578000000,1771327234706000000,0
workspaceModel.mutableEntityStorage.instances.count,1771327174578000000,1771327234706000000,83
jps.save.changed.project.entities.ms,1771327174578000000,1771327234706000000,0
jps.global.initialize.library.bridges.ms,1771327174578000000,1771327234706000000,1
workspaceModel.mutableEntityStorage.mutable.ext.mapping.ms,1771327174578000000,1771327234706000000,1
jps.modifiable.module.model.bridge.disposing.ms,1771327174578000000,1771327234706000000,0
workspaceModel.moduleBridgeLoader.loading.modules.ms,1771327174578000000,1771327234706000000,13
workspaceModel.mutableEntityStorage.changeLog.addReplaceEventForNewChild.ms,1771327174578000000,1771327234706000000,5
workspaceModel.global.apply.state.to.project.builder.ms,1771327174578000000,1771327234706000000,8
workspaceModel.mutableEntityStorage.entities.by.source.ms,1771327174578000000,1771327234706000000,0
jps.project.serializers.save.ms,1771327174578000000,1771327234706000000,0
jps.save.global.entities.ms,1771327174578000000,1771327234706000000,0
workspaceModel.mutableEntityStorage.remove.entity.ms,1771327174578000000,1771327234706000000,3
workspaceModel.mutableEntityStorage.put.entity.ms,1771327174578000000,1771327234706000000,40
workspaceModel.delayed.project.synchronizer.sync.ms,1771327174578000000,1771327234706000000,0
workspaceModel.load.cache.metadata.from.file.ms,1771327174578000000,1771327234706000000,0
workspaceModel.moduleManagerBridge.newModule.ms,1771327174578000000,1771327234706000000,39
workspaceModel.orphan.listener.update.ms,1771327174578000000,1771327234706000000,8
workspaceModel.global.updates.ms,1771327174578000000,1771327234706000000,33
workspaceModel.moduleManagerBridge.load.all.modules.ms,1771327174578000000,1771327234706000000,4
workspaceModel.mutableEntityStorage.mutable.vfurl.index.ms,1771327174578000000,1771327234706000000,0
workspaceModel.mutableEntityStorage.entities.ms,1771327174578000000,1771327234706000000,2
ReadAction.executionsCount,1771327174578000000,1771327234706000000,355726
FlushQueue.queueSizeMax,1771327174578000000,1771327234706000000,0
AWTEventQueue.dispatchTimeAvgNs,1771327174578000000,1771327234706000000,0.0
WriteAction.executionsCount,1771327174578000000,1771327234706000000,56
AWTEventQueue.dispatchTimeTotalNS,1771327174578000000,1771327234706000000,2180586296
AWTEventQueue.eventsDispatched,1771327174578000000,1771327234706000000,0
FlushQueue.waitingTime90PNs,1771327174578000000,1771327234706000000,0
NonBlockingReadAction.failedExecutionTimeUs,1771327174578000000,1771327234706000000,0
NonBlockingReadAction.finalizedExecutionsCount,1771327174578000000,1771327234706000000,83
FlushQueue.executionTime90PNs,1771327174578000000,1771327234706000000,0
FlushQueue.waitingTimeMaxNs,1771327174578000000,1771327234706000000,0
AWTEventQueue.dispatchTime90PNs,1771327174578000000,1771327234706000000,0
FlushQueue.queueSize90P,1771327174578000000,1771327234706000000,0
FlushQueue.executionTimeAvgNs,1771327174578000000,1771327234706000000,0.0
NonBlockingReadAction.finalizedExecutionTimeUs,1771327174578000000,1771327234706000000,136494
FlushQueue.tasksExecuted,1771327174578000000,1771327234706000000,0
AWTEventQueue.dispatchTimeMaxNs,1771327174578000000,1771327234706000000,0
FlushQueue.queueSizeAvg,1771327174578000000,1771327234706000000,0.0
NonBlockingReadAction.failedExecutionsCount,1771327174578000000,1771327234706000000,0
FlushQueue.executionTimeMaxNs,1771327174578000000,1771327234706000000,0
FlushQueue.waitingTimeAvgNs,1771327174578000000,1771327234706000000,0.0
parser.Groovy.size.bytes,1771327174578000000,1771327234706000000,8796
parser.HTML.size.bytes,1771327174578000000,1771327234706000000,1742502
lexer.Groovy.time.ns,1771327174578000000,1771327234706000000,1595707
parser.XML.size.bytes,1771327174578000000,1771327234706000000,14750
parser.Groovy.time.ns,1771327174578000000,1771327234706000000,86456084
writeAction.count,1771327174578000000,1771327234706000000,56
DiskQueryRelay.tasksExecuted,1771327174578000000,1771327234706000000,63035
lexer.JAVA.time.ns,1771327174578000000,1771327234706000000,24531630
LowMemory.gcLoad,1771327174578000000,1771327234706000000,0.0
lexer.JAVA.size.bytes,1771327174578000000,1771327234706000000,449070
DiskQueryRelay.taskWaitingTotalTimeUs,1771327174578000000,1771327234706000000,25678972
DiskQueryRelay.tasksRequested,1771327174578000000,1771327234706000000,63062
lexer.HTML.time.ns,1771327174578000000,1771327234706000000,486188082
writeAction.wait.ms,1771327174578000000,1771327234706000000,295
lexer.HTML.size.bytes,1771327174578000000,1771327234706000000,1742502
parser.JAVA.time.ns,1771327174578000000,1771327234706000000,396797256
lexer.XML.size.bytes,1771327174578000000,1771327234706000000,14750
LowMemory.gcOverloaded,1771327174578000000,1771327234706000000,0
parser.Lombok.Config.time.ns,1771327174578000000,1771327234706000000,483708
parser.HTML.time.ns,1771327174578000000,1771327234706000000,324031622
writeAction.median.wait.ms,1771327174578000000,1771327234706000000,0
writeAction.max.wait.ms,1771327174578000000,1771327234706000000,183
lexer.Groovy.size.bytes,1771327174578000000,1771327234706000000,8796
lexer.Lombok.Config.time.ns,1771327174578000000,1771327234706000000,115334
parser.JAVA.size.bytes,1771327174578000000,1771327234706000000,491462
DiskQueryRelay.taskExecutionTotalTimeUs,1771327174578000000,1771327234706000000,17137260
parser.Lombok.Config.size.bytes,1771327174578000000,1771327234706000000,137
lexer.Lombok.Config.size.bytes,1771327174578000000,1771327234706000000,137
lexer.XML.time.ns,1771327174578000000,1771327234706000000,1702001
parser.XML.time.ns,1771327174578000000,1771327234706000000,5602708
workspaceModel.entityStorageSnapshotImpl.instances.count,1771327174578000000,1771327234706000000,60
workspaceModel.workspaceFileIndexData.getDirectoriesByPackageName.ms,1771327174578000000,1771327234706000000,0
workspaceModel.workspaceFileIndexData.processFileSets.ms,1771327174578000000,1771327234706000000,0
workspaceModel.cachedValue.calculated.count,1771327174578000000,1771327234706000000,141
workspaceModel.loading.total.ms,1771327174578000000,1771327234706000000,2
workspaceModel.workspaceFileIndexData.init.ms,1771327174578000000,1771327234706000000,3
workspaceModel.replace.project.model.ms,1771327174578000000,1771327234706000000,41
workspaceModel.updates.count,1771327174578000000,1771327234706000000,17
workspaceModel.workspaceFileIndexData.visitFileSets.ms,1771327174578000000,1771327234706000000,13
workspaceModel.cachedValueWithParameters.calculated.count,1771327174578000000,1771327234706000000,0
workspaceModel.loading.from.cache.ms,1771327174578000000,1771327234706000000,0
workspaceModel.pre.handlers.ms,1771327174578000000,1771327234706000000,3
workspaceModel.workspaceFileIndexData.updateDirtyEntities.ms,1771327174578000000,1771327234706000000,0
workspaceModel.init.bridges.ms,1771327174578000000,1771327234706000000,19
workspaceModel.cachedValueWithParameters.clear.count,1771327174578000000,1771327234706000000,0
workspaceModel.updates.ms,1771327174578000000,1771327234706000000,13351
workspaceModel.workspaceFileIndexContributor.registerFileSets.ms,1771327174578000000,1771327234706000000,36
workspaceModel.updates.precise.ms,1771327174578000000,1771327234706000000,29
workspaceModel.cachedValue.clear.count,1771327174578000000,1771327234706000000,2
workspaceModel.check.recursive.update.ms,1771327174578000000,1771327234706000000,1
workspaceModel.workspaceFileIndexData.markDirty.ms,1771327174578000000,1771327234706000000,0
workspaceModel.cachedValueWithParameters.from.cache.count,1771327174578000000,1771327234706000000,0
workspaceModel.collect.changes.ms,1771327174578000000,1771327234706000000,0
workspaceModel.workspaceFileIndexData.instances.count,1771327174578000000,1771327234706000000,1
workspaceModel.cachedValue.from.cache.count,1771327174578000000,1771327234706000000,787
workspaceModel.full.replace.project.model.ms,1771327174578000000,1771327234706000000,68
workspaceModel.workspaceFileIndexData.getPackageName.ms,1771327174578000000,1771327234706000000,0
workspaceModel.initializing.ms,1771327174578000000,1771327234706000000,13
workspaceModel.cachedValueWithParameters.total.get.count,1771327174578000000,1771327234706000000,0
workspaceModel.workspaceFileIndexData.getFileInfo.ms,1771327174578000000,1771327234706000000,406
workspaceModel.cachedValue.total.get.count,1771327174578000000,1771327234706000000,928
workspaceModel.to.snapshot.ms,1771327174578000000,1771327234706000000,1
workspaceModel.workspaceFileIndexData.onEntitiesChanged.ms,1771327174578000000,1771327234706000000,39
workspaceModel.update.unloaded.entities.ms,1771327174578000000,1771327234706000000,0
workspaceModel.on.changed.ms,1771327174578000000,1771327234706000000,13304
workspaceModel.on.before.changed.ms,1771327174578000000,1771327234706000000,60
compiler.ArtifactModifiableModelBridge.findArtifacts.ms,1771327174578000000,1771327234706000000,0
compiler.ArtifactManagerBridge.initBridges.ms,1771327174578000000,1771327234706000000,0
compiler.ArtifactVirtualFileListener.propertyChanged.ms,1771327174578000000,1771327234706000000,0
compiler.ArtifactManagerBridge.getArtifactsByType.ms,1771327174578000000,1771327234706000000,0
compiler.ArtifactModifiableModelBridge.addArtifact.ms,1771327174578000000,1771327234706000000,0
compiler.ArtifactModifiableModelBridge.dispose.ms,1771327174578000000,1771327234706000000,0
compiler.ArtifactManagerBridge.dropMappings.ms,1771327174578000000,1771327234706000000,0
compiler.ArtifactModifiableModelBridge.getArtifacts.ms,1771327174578000000,1771327234706000000,0
compiler.ArtifactModifiableModelBridge.commit.ms,1771327174578000000,1771327234706000000,2
compiler.ArtifactManagerBridge.addArtifact.ms,1771327174578000000,1771327234706000000,0
compiler.ArtifactManagerBridge.getArtifacts.ms,1771327174578000000,1771327234706000000,0
compiler.ArtifactModifiableModelBridge.getArtifactsByType.ms,1771327174578000000,1771327234706000000,0
compiler.ArtifactManagerBridge.commit.ms,1771327174578000000,1771327234706000000,2
compiler.ArtifactVirtualFileListener.filePathChanged.ms,1771327174578000000,1771327234706000000,0
compiler.ArtifactManagerBridge.findArtifact.ms,1771327174578000000,1771327234706000000,0
MappedFileStorage.totalPagesMapped,1771327174578000000,1771327234706000000,15
DirectByteBufferAllocator.disposed,1771327174578000000,1771327234706000000,0
StorageLockContext.competingThreads.max,1771327174578000000,1771327234706000000,0
StreamlinedBlobStorage.totalLiveRecordsPayloadBytes,1771327174578000000,1771327234706000000,723637
StorageLockContext.competingThreads.90P,1771327174578000000,1771327234706000000,0
StreamlinedBlobStorage.recordsAllocated,1771327174578000000,1771327234706000000,42414
FilePageCache.disposedBuffers,1771327174578000000,1771327234706000000,3
StreamlinedBlobStorage.totalLiveRecordsCapacityBytes,1771327174578000000,1771327234706000000,3015033
FileChannelInterruptsRetryer.totalRetriedAttempts,1771327174578000000,1771327234706000000,0
FilePageCache.pageFastCacheHits,1771327174578000000,1771327234706000000,4395322
DirectByteBufferAllocator.reclaimed,1771327174578000000,1771327234706000000,3
FilePageCache.pageHits,1771327174578000000,1771327234706000000,42827
MappedFileStorage.totalBytesMapped,1771327174578000000,1771327234706000000,198443008
FilePageCache.pageLoads,1771327174578000000,1771327234706000000,328
FilePageCache.maxRegisteredFiles,1771327174578000000,1771327234706000000,439
DirectByteBufferAllocator.hits,1771327174578000000,1771327234706000000,3
StorageLockContext.competingThreads.avg,1771327174578000000,1771327234706000000,0.0
DirectByteBufferAllocator.misses,1771327174578000000,1771327234706000000,325
FilePageCache.totalPageDisposalsUs,1771327174578000000,1771327234706000000,2145
DirectByteBufferAllocator.totalSizeOfBuffersCachedInBytes,1771327174578000000,1771327234706000000,0
StreamlinedBlobStorage.recordsRelocated,1771327174578000000,1771327234706000000,0
FilePageCache.pageLoadsAboveSizeThreshold,1771327174578000000,1771327234706000000,0
DirectByteBufferAllocator.totalSizeOfBuffersAllocatedInBytes,1771327174578000000,1771327234706000000,340787200
MappedFileStorage.storages,1771327174578000000,1771327234706000000,15
MappedFileStorage.totalTimeSpentOnMappingUs,1771327174578000000,1771327234706000000,177934
FilePageCache.capacityInBytes,1771327174578000000,1771327234706000000,629145600
FilePageCache.maxCacheSizeInBytes,1771327174578000000,1771327234706000000,340787200
FilePageCache.totalPageLoadsUs,1771327174578000000,1771327234706000000,216371
FilePageCache.uncachedFileAccess,1771327174578000000,1771327234706000000,636
StreamlinedBlobStorage.recordsDeleted,1771327174578000000,1771327234706000000,7
cacheStateStorage.set.counter,1771327174578000000,1771327234706000000,4
cacheStateStorage.get.duration,1771327174578000000,1771327234706000000,0
cacheStateStorage.get.counter,1771327174578000000,1771327234706000000,14
cacheStateStorage.set.duration,1771327174578000000,1771327234706000000,24
VFS.contentStorage.recordsStoredSize,1771327234706000000,1771327294637000000,0
VFS.fileChildByName,1771327234706000000,1771327294637000000,816
VFS.cache.filesCreated,1771327234706000000,1771327294637000000,769
VFS.cache.directoriesCreated,1771327234706000000,1771327294637000000,0
VFS.cache.segments,1771327234706000000,1771327294637000000,167.0
VFS.folderCaseSensitivityReads,1771327234706000000,1771327294637000000,0
VFS.contentStorage.recordsReadDecompressed,1771327234706000000,1771327294637000000,0
VFS.cache.segmentsCreated,1771327234706000000,1771327294637000000,0
VFS.contentStorage.recordsDecompressionTimeUs,1771327234706000000,1771327294637000000,0
VFS.contentStorage.recordsDeduplicated,1771327234706000000,1771327294637000000,0
VFS.contentStorage.recordsStoredCompressed,1771327234706000000,1771327294637000000,0
VFS.fileByIdCache.hits,1771327234706000000,1771327294637000000,0
VFS.rootsCount,1771327234706000000,1771327294637000000,202.0
VFS.fileByIdCache.misses,1771327234706000000,1771327294637000000,0
VFS.contentStorage.recordsRead,1771327234706000000,1771327294637000000,1
VFS.contentStorage.recordsStored,1771327234706000000,1771327294637000000,0
FileNameCache.totalMisses,1771327234706000000,1771327294637000000,128
VFS.contentStorage.recordsUncompressedSize,1771327234706000000,1771327294637000000,0
FileNameCache.queries,1771327234706000000,1771327294637000000,54656
VFS.contentStorage.recordsReadSize,1771327234706000000,1771327294637000000,3959
VFS.invertedFileNameIndex.requests,1771327234706000000,1771327294637000000,0
Indexes.entries.lookupDuration90PMs,1771327234706000000,1771327294637000000,0.0
Indexing.writer_0.totalTimeSpentWritingMs,1771327234706000000,1771327294637000000,9
Indexing.writesQueuedMax,1771327234706000000,1771327294637000000,0
Indexing.writesQueuedMin,1771327234706000000,1771327294637000000,9223372036854775807
Indexing.writer_1.totalTimeSpentWritingMs,1771327234706000000,1771327294637000000,10
Indexes.allKeys.lookupDuration90PMs,1771327234706000000,1771327294637000000,0.0
Indexes.stubs.lookupDurationAvgMs,1771327234706000000,1771327294637000000,0.0
Indexing.cache.totalCacheEvicted,1771327234706000000,1771327294637000000,29017
Indexes.stubs.lookupDuration90PMs,1771327234706000000,1771327294637000000,0.0
Indexing.writer_2.totalTimeSpentWritingMs,1771327234706000000,1771327294637000000,33
Indexes.stubs.lookupDurationMaxMs,1771327234706000000,1771327294637000000,0.0
Indexes.allKeys.lookups,1771327234706000000,1771327294637000000,0
Indexes.entries.lookupDurationAvgMs,1771327234706000000,1771327294637000000,0.0
Indexes.entries.lookupDurationMaxMs,1771327234706000000,1771327294637000000,0.0
Indexes.allKeys.lookupDurationMaxMs,1771327234706000000,1771327294637000000,0.0
Indexing.cache.totalCacheAccesses,1771327234706000000,1771327294637000000,58987
Indexing.cache.totalCacheMisses,1771327234706000000,1771327294637000000,19300
Indexes.stubs.lookups,1771327234706000000,1771327294637000000,0
Indexing.writer_3.totalTimeSpentWritingMs,1771327234706000000,1771327294637000000,47
Indexes.allKeys.lookupDurationAvgMs,1771327234706000000,1771327294637000000,0.0
Indexing.totalTimeIndexersSleptMs,1771327234706000000,1771327294637000000,0
Indexes.entries.lookups,1771327234706000000,1771327294637000000,1
JVM.totalTimeAtSafepointsMs,1771327234706000000,1771327294637000000,1
JVM.usedHeapBytes,1771327234706000000,1771327294637000000,667671568
JVM.totalTimeToSafepointsMs,1771327234706000000,1771327294637000000,1
MEM.ramMinusFileMappingsBytes,1771327234706000000,1771327294637000000,2443612160
OS.loadAverage,1771327234706000000,1771327294637000000,4.62744140625
JVM.newThreadsCount,1771327234706000000,1771327294637000000,18
MEM.ramPlusSwapMinusFileMappingsBytes,1771327234706000000,1771327294637000000,2443612160
JVM.maxThreadCount,1771327234706000000,1771327294637000000,182
JVM.threadCount,1771327234706000000,1771327294637000000,89
JVM.totalBytesAllocated,1771327234706000000,1771327294637000000,180818784
JVM.totalDirectByteBuffersBytes,1771327234706000000,1771327294637000000,385023520
JVM.totalCpuTimeMs,1771327234706000000,1771327294637000000,2830
JVM.GC.collections,1771327234706000000,1771327294637000000,0
JVM.maxHeapBytes,1771327234706000000,1771327294637000000,28840034304
MEM.ramBytes,1771327234706000000,1771327294637000000,3003289600
JVM.totalSafepointCount,1771327234706000000,1771327294637000000,40
JVM.GC.collectionTimesMs,1771327234706000000,1771327294637000000,0
JVM.usedNativeBytes,1771327234706000000,1771327294637000000,382919640
MEM.fileMappingsRamBytes,1771327234706000000,1771327294637000000,559677440
JVM.committedHeapBytes,1771327234706000000,1771327294637000000,1476395008
jps.apply.loaded.storage.ms,1771327234706000000,1771327294637000000,0
jps.module.iml.entities.serializer.save.entities.ms,1771327234706000000,1771327294637000000,0
workspaceModel.mutableEntityStorage.to.snapshot.ms,1771327234706000000,1771327294637000000,0
workspaceModel.mutableEntityStorage.add.entity.ms,1771327234706000000,1771327294637000000,0
workspaceModel.mutableEntityStorage.hasReferrers.ms,1771327234706000000,1771327294637000000,0
workspaceModel.mutableEntityStorage.collect.changes.ms,1771327234706000000,1771327294637000000,0
workspaceModel.mutableEntityStorage.modify.entity.ms,1771327234706000000,1771327294637000000,0
workspaceModel.sync.entities.ms,1771327234706000000,1771327294637000000,0
workspaceModel.global.updates.count,1771327234706000000,1771327294637000000,0
jps.load.project.to.empty.storage.ms,1771327234706000000,1771327294637000000,0
jps.load.initial.state.ms,1771327234706000000,1771327294637000000,0
jps.module.dependency.index.workspace.model.listener.on.changed.ms,1771327234706000000,1771327294637000000,0
jps.artifact.entities.serializer.load.entities.ms,1771327234706000000,1771327294637000000,0
jps.global.get.libraries.ms,1771327234706000000,1771327294637000000,0
workspaceModel.save.cache.to.file.ms,1771327234706000000,1771327294637000000,8
workspaceModel.moduleManagerBridge.create.module.instance.ms,1771327234706000000,1771327294637000000,0
jps.artifact.entities.serializer.save.entities.ms,1771327234706000000,1771327294637000000,0
jps.library.entities.serializer.save.entities.ms,1771327234706000000,1771327294637000000,0
jps.project.serializers.load.ms,1771327234706000000,1771327294637000000,0
workspaceModel.mutableEntityStorage.apply.changes.from.ms,1771327234706000000,1771327294637000000,0
workspaceModel.mutableEntityStorage.referrers.ms,1771327234706000000,1771327294637000000,0
workspaceModel.mutableEntityStorage.changeLog.addReplaceEventForNewParent.ms,1771327234706000000,1771327294637000000,0
jps.global.get.library.by.name.ms,1771327234706000000,1771327294637000000,0
jps.global.get.library.ms,1771327234706000000,1771327294637000000,0
jps.reload.project.entities.ms,1771327234706000000,1771327294637000000,0
workspaceModel.moduleManagerBridge.build.module.graph.ms,1771327234706000000,1771327294637000000,0
jps.app.storage.content.reader.load.component.ms,1771327234706000000,1771327294637000000,0
workspaceModel.mutableEntityStorage.has.same.entities.ms,1771327234706000000,1771327294637000000,0
workspaceModel.moduleBridge.update.option.ms,1771327234706000000,1771327294637000000,0
jps.storage.jps.conf.reader.load.component.ms,1771327234706000000,1771327294637000000,0
jps.library.entities.serializer.load.entities.ms,1771327234706000000,1771327294637000000,0
jps.module.iml.entities.serializer.load.entities.ms,1771327234706000000,1771327294637000000,0
workspaceModel.mutableEntityStorage.resolve.ms,1771327234706000000,1771327294637000000,0
workspaceModel.moduleBridge.facet.initialization.ms,1771327234706000000,1771327294637000000,0
jps.facet.change.listener.process.change.events.ms,1771327234706000000,1771327294637000000,0
workspaceModel.moduleManagerBridge.load.module.ms,1771327234706000000,1771327294637000000,0
workspaceModel.moduleManagerBridge.set.unloadedModules.ms,1771327234706000000,1771327294637000000,0
workspaceModel.moduleManagerBridge.new.nonPersistent.module.ms,1771327234706000000,1771327294637000000,0
workspaceModel.do.save.caches.ms,1771327234706000000,1771327294637000000,9
workspaceModel.moduleBridge.before.changed.ms,1771327234706000000,1771327294637000000,0
jps.global.handle.before.change.events.ms,1771327234706000000,1771327294637000000,0
workspaceModel.load.cache.from.file.ms,1771327234706000000,1771327294637000000,0
workspaceModel.mutableEntityStorage.replace.by.source.ms,1771327234706000000,1771327294637000000,0
jps.facet.change.listener.before.change.events.ms,1771327234706000000,1771327294637000000,0
jps.modifiable.module.model.bridge.renaming.ms,1771327234706000000,1771327294637000000,0
jps.global.handle.changed.events.ms,1771327234706000000,1771327294637000000,0
jps.facet.change.listener.init.bridge.ms,1771327234706000000,1771327294637000000,0
workspaceModel.global.apply.state.to.project.ms,1771327234706000000,1771327294637000000,0
workspaceModel.mutableEntityStorage.changeLog.addReplaceEventForRemovedChild.ms,1771327234706000000,1771327294637000000,0
jps.global.initialize.library.bridges.after.loading.ms,1771327234706000000,1771327294637000000,0
workspaceModel.moduleManagerBridge.get.modules.ms,1771327234706000000,1771327294637000000,0
jps.modifiable.module.model.bridge.new.module.ms,1771327234706000000,1771327294637000000,0
jps.modifiable.module.model.bridge.load.module.ms,1771327234706000000,1771327294637000000,0
workspaceModel.mutableEntityStorage.changeLog.addReplaceEventForRemovedParent.ms,1771327234706000000,1771327294637000000,0
workspaceModel.mutableEntityStorage.instances.count,1771327234706000000,1771327294637000000,2
jps.save.changed.project.entities.ms,1771327234706000000,1771327294637000000,0
jps.global.initialize.library.bridges.ms,1771327234706000000,1771327294637000000,0
workspaceModel.mutableEntityStorage.mutable.ext.mapping.ms,1771327234706000000,1771327294637000000,0
jps.modifiable.module.model.bridge.disposing.ms,1771327234706000000,1771327294637000000,0
workspaceModel.moduleBridgeLoader.loading.modules.ms,1771327234706000000,1771327294637000000,0
workspaceModel.mutableEntityStorage.changeLog.addReplaceEventForNewChild.ms,1771327234706000000,1771327294637000000,0
workspaceModel.global.apply.state.to.project.builder.ms,1771327234706000000,1771327294637000000,0
workspaceModel.mutableEntityStorage.entities.by.source.ms,1771327234706000000,1771327294637000000,0
jps.project.serializers.save.ms,1771327234706000000,1771327294637000000,0
jps.save.global.entities.ms,1771327234706000000,1771327294637000000,0
workspaceModel.mutableEntityStorage.remove.entity.ms,1771327234706000000,1771327294637000000,0
workspaceModel.mutableEntityStorage.put.entity.ms,1771327234706000000,1771327294637000000,0
workspaceModel.delayed.project.synchronizer.sync.ms,1771327234706000000,1771327294637000000,0
workspaceModel.load.cache.metadata.from.file.ms,1771327234706000000,1771327294637000000,0
workspaceModel.moduleManagerBridge.newModule.ms,1771327234706000000,1771327294637000000,0
workspaceModel.orphan.listener.update.ms,1771327234706000000,1771327294637000000,0
workspaceModel.global.updates.ms,1771327234706000000,1771327294637000000,0
workspaceModel.moduleManagerBridge.load.all.modules.ms,1771327234706000000,1771327294637000000,0
workspaceModel.mutableEntityStorage.mutable.vfurl.index.ms,1771327234706000000,1771327294637000000,0
workspaceModel.mutableEntityStorage.entities.ms,1771327234706000000,1771327294637000000,0
ReadAction.executionsCount,1771327234706000000,1771327294637000000,3226
FlushQueue.queueSizeMax,1771327234706000000,1771327294637000000,0
AWTEventQueue.dispatchTimeAvgNs,1771327234706000000,1771327294637000000,0.0
WriteAction.executionsCount,1771327234706000000,1771327294637000000,4
AWTEventQueue.dispatchTimeTotalNS,1771327234706000000,1771327294637000000,82705389
AWTEventQueue.eventsDispatched,1771327234706000000,1771327294637000000,0
FlushQueue.waitingTime90PNs,1771327234706000000,1771327294637000000,0
NonBlockingReadAction.failedExecutionTimeUs,1771327234706000000,1771327294637000000,0
NonBlockingReadAction.finalizedExecutionsCount,1771327234706000000,1771327294637000000,2
FlushQueue.executionTime90PNs,1771327234706000000,1771327294637000000,0
FlushQueue.waitingTimeMaxNs,1771327234706000000,1771327294637000000,0
AWTEventQueue.dispatchTime90PNs,1771327234706000000,1771327294637000000,0
FlushQueue.queueSize90P,1771327234706000000,1771327294637000000,0
FlushQueue.executionTimeAvgNs,1771327234706000000,1771327294637000000,0.0
NonBlockingReadAction.finalizedExecutionTimeUs,1771327234706000000,1771327294637000000,21502
FlushQueue.tasksExecuted,1771327234706000000,1771327294637000000,0
AWTEventQueue.dispatchTimeMaxNs,1771327234706000000,1771327294637000000,0
FlushQueue.queueSizeAvg,1771327234706000000,1771327294637000000,0.0
NonBlockingReadAction.failedExecutionsCount,1771327234706000000,1771327294637000000,0
FlushQueue.executionTimeMaxNs,1771327234706000000,1771327294637000000,0
FlushQueue.waitingTimeAvgNs,1771327234706000000,1771327294637000000,0.0
parser.Groovy.size.bytes,1771327234706000000,1771327294637000000,3981
parser.HTML.size.bytes,1771327234706000000,1771327294637000000,3177
lexer.Groovy.time.ns,1771327234706000000,1771327294637000000,539541
parser.XML.size.bytes,1771327234706000000,1771327294637000000,24449
parser.Groovy.time.ns,1771327234706000000,1771327294637000000,6355625
writeAction.count,1771327234706000000,1771327294637000000,4
DiskQueryRelay.tasksExecuted,1771327234706000000,1771327294637000000,1857
LowMemory.gcLoad,1771327234706000000,1771327294637000000,0.0
DiskQueryRelay.taskWaitingTotalTimeUs,1771327234706000000,1771327294637000000,510248
DiskQueryRelay.tasksRequested,1771327234706000000,1771327294637000000,1859
lexer.HTML.time.ns,1771327234706000000,1771327294637000000,353666
writeAction.wait.ms,1771327234706000000,1771327294637000000,0
lexer.HTML.size.bytes,1771327234706000000,1771327294637000000,3177
lexer.XML.size.bytes,1771327234706000000,1771327294637000000,24449
LowMemory.gcOverloaded,1771327234706000000,1771327294637000000,0
parser.HTML.time.ns,1771327234706000000,1771327294637000000,283667
writeAction.median.wait.ms,1771327234706000000,1771327294637000000,0
writeAction.max.wait.ms,1771327234706000000,1771327294637000000,183
lexer.Groovy.size.bytes,1771327234706000000,1771327294637000000,3981
DiskQueryRelay.taskExecutionTotalTimeUs,1771327234706000000,1771327294637000000,297636
lexer.XML.time.ns,1771327234706000000,1771327294637000000,346250
parser.XML.time.ns,1771327234706000000,1771327294637000000,2274208
workspaceModel.entityStorageSnapshotImpl.instances.count,1771327234706000000,1771327294637000000,2
workspaceModel.workspaceFileIndexData.getDirectoriesByPackageName.ms,1771327234706000000,1771327294637000000,0
workspaceModel.workspaceFileIndexData.processFileSets.ms,1771327234706000000,1771327294637000000,0
workspaceModel.cachedValue.calculated.count,1771327234706000000,1771327294637000000,0
workspaceModel.loading.total.ms,1771327234706000000,1771327294637000000,0
workspaceModel.workspaceFileIndexData.init.ms,1771327234706000000,1771327294637000000,0
workspaceModel.replace.project.model.ms,1771327234706000000,1771327294637000000,0
workspaceModel.updates.count,1771327234706000000,1771327294637000000,0
workspaceModel.workspaceFileIndexData.visitFileSets.ms,1771327234706000000,1771327294637000000,0
workspaceModel.cachedValueWithParameters.calculated.count,1771327234706000000,1771327294637000000,0
workspaceModel.loading.from.cache.ms,1771327234706000000,1771327294637000000,0
workspaceModel.pre.handlers.ms,1771327234706000000,1771327294637000000,0
workspaceModel.workspaceFileIndexData.updateDirtyEntities.ms,1771327234706000000,1771327294637000000,0
workspaceModel.init.bridges.ms,1771327234706000000,1771327294637000000,0
workspaceModel.cachedValueWithParameters.clear.count,1771327234706000000,1771327294637000000,0
workspaceModel.updates.ms,1771327234706000000,1771327294637000000,0
workspaceModel.workspaceFileIndexContributor.registerFileSets.ms,1771327234706000000,1771327294637000000,0
workspaceModel.updates.precise.ms,1771327234706000000,1771327294637000000,0
workspaceModel.cachedValue.clear.count,1771327234706000000,1771327294637000000,0
workspaceModel.check.recursive.update.ms,1771327234706000000,1771327294637000000,0
workspaceModel.workspaceFileIndexData.markDirty.ms,1771327234706000000,1771327294637000000,0
workspaceModel.cachedValueWithParameters.from.cache.count,1771327234706000000,1771327294637000000,0
workspaceModel.collect.changes.ms,1771327234706000000,1771327294637000000,0
workspaceModel.workspaceFileIndexData.instances.count,1771327234706000000,1771327294637000000,0
workspaceModel.cachedValue.from.cache.count,1771327234706000000,1771327294637000000,1
workspaceModel.full.replace.project.model.ms,1771327234706000000,1771327294637000000,0
workspaceModel.workspaceFileIndexData.getPackageName.ms,1771327234706000000,1771327294637000000,0
workspaceModel.initializing.ms,1771327234706000000,1771327294637000000,0
workspaceModel.cachedValueWithParameters.total.get.count,1771327234706000000,1771327294637000000,0
workspaceModel.workspaceFileIndexData.getFileInfo.ms,1771327234706000000,1771327294637000000,2
workspaceModel.cachedValue.total.get.count,1771327234706000000,1771327294637000000,1
workspaceModel.to.snapshot.ms,1771327234706000000,1771327294637000000,0
workspaceModel.workspaceFileIndexData.onEntitiesChanged.ms,1771327234706000000,1771327294637000000,0
workspaceModel.update.unloaded.entities.ms,1771327234706000000,1771327294637000000,0
workspaceModel.on.changed.ms,1771327234706000000,1771327294637000000,0
workspaceModel.on.before.changed.ms,1771327234706000000,1771327294637000000,0
compiler.ArtifactModifiableModelBridge.findArtifacts.ms,1771327234706000000,1771327294637000000,0
compiler.ArtifactManagerBridge.initBridges.ms,1771327234706000000,1771327294637000000,0
compiler.ArtifactVirtualFileListener.propertyChanged.ms,1771327234706000000,1771327294637000000,0
compiler.ArtifactManagerBridge.getArtifactsByType.ms,1771327234706000000,1771327294637000000,0
compiler.ArtifactModifiableModelBridge.addArtifact.ms,1771327234706000000,1771327294637000000,0
compiler.ArtifactModifiableModelBridge.dispose.ms,1771327234706000000,1771327294637000000,0
compiler.ArtifactManagerBridge.dropMappings.ms,1771327234706000000,1771327294637000000,0
compiler.ArtifactModifiableModelBridge.getArtifacts.ms,1771327234706000000,1771327294637000000,0
compiler.ArtifactModifiableModelBridge.commit.ms,1771327234706000000,1771327294637000000,2
compiler.ArtifactManagerBridge.addArtifact.ms,1771327234706000000,1771327294637000000,0
compiler.ArtifactManagerBridge.getArtifacts.ms,1771327234706000000,1771327294637000000,0
compiler.ArtifactModifiableModelBridge.getArtifactsByType.ms,1771327234706000000,1771327294637000000,0
compiler.ArtifactManagerBridge.commit.ms,1771327234706000000,1771327294637000000,0
compiler.ArtifactVirtualFileListener.filePathChanged.ms,1771327234706000000,1771327294637000000,0
compiler.ArtifactManagerBridge.findArtifact.ms,1771327234706000000,1771327294637000000,0
MappedFileStorage.totalPagesMapped,1771327234706000000,1771327294637000000,15
DirectByteBufferAllocator.disposed,1771327234706000000,1771327294637000000,0
StorageLockContext.competingThreads.max,1771327234706000000,1771327294637000000,0
StreamlinedBlobStorage.totalLiveRecordsPayloadBytes,1771327234706000000,1771327294637000000,13143
StorageLockContext.competingThreads.90P,1771327234706000000,1771327294637000000,0
StreamlinedBlobStorage.recordsAllocated,1771327234706000000,1771327294637000000,1011
FilePageCache.disposedBuffers,1771327234706000000,1771327294637000000,0
StreamlinedBlobStorage.totalLiveRecordsCapacityBytes,1771327234706000000,1771327294637000000,70770
FileChannelInterruptsRetryer.totalRetriedAttempts,1771327234706000000,1771327294637000000,0
FilePageCache.pageFastCacheHits,1771327234706000000,1771327294637000000,198913
DirectByteBufferAllocator.reclaimed,1771327234706000000,1771327294637000000,0
FilePageCache.pageHits,1771327234706000000,1771327294637000000,2777
MappedFileStorage.totalBytesMapped,1771327234706000000,1771327294637000000,198443008
FilePageCache.pageLoads,1771327234706000000,1771327294637000000,31
FilePageCache.maxRegisteredFiles,1771327234706000000,1771327294637000000,439
DirectByteBufferAllocator.hits,1771327234706000000,1771327294637000000,0
StorageLockContext.competingThreads.avg,1771327234706000000,1771327294637000000,0.0
DirectByteBufferAllocator.misses,1771327234706000000,1771327294637000000,31
FilePageCache.totalPageDisposalsUs,1771327234706000000,1771327294637000000,113
DirectByteBufferAllocator.totalSizeOfBuffersCachedInBytes,1771327234706000000,1771327294637000000,0
StreamlinedBlobStorage.recordsRelocated,1771327234706000000,1771327294637000000,0
FilePageCache.pageLoadsAboveSizeThreshold,1771327234706000000,1771327294637000000,0
DirectByteBufferAllocator.totalSizeOfBuffersAllocatedInBytes,1771327234706000000,1771327294637000000,373293056
MappedFileStorage.storages,1771327234706000000,1771327294637000000,15
MappedFileStorage.totalTimeSpentOnMappingUs,1771327234706000000,1771327294637000000,177934
FilePageCache.capacityInBytes,1771327234706000000,1771327294637000000,629145600
FilePageCache.maxCacheSizeInBytes,1771327234706000000,1771327294637000000,373293056
FilePageCache.totalPageLoadsUs,1771327234706000000,1771327294637000000,13882
FilePageCache.uncachedFileAccess,1771327234706000000,1771327294637000000,137
StreamlinedBlobStorage.recordsDeleted,1771327234706000000,1771327294637000000,0
cacheStateStorage.set.counter,1771327234706000000,1771327294637000000,0
cacheStateStorage.get.duration,1771327234706000000,1771327294637000000,0
cacheStateStorage.get.counter,1771327234706000000,1771327294637000000,0
cacheStateStorage.set.duration,1771327234706000000,1771327294637000000,0
VFS.contentStorage.recordsStoredSize,1771327294637000000,1771327354606000000,0
VFS.fileChildByName,1771327294637000000,1771327354606000000,19613
VFS.cache.filesCreated,1771327294637000000,1771327354606000000,167682
VFS.cache.directoriesCreated,1771327294637000000,1771327354606000000,2443
VFS.cache.segments,1771327294637000000,1771327354606000000,229.0
VFS.folderCaseSensitivityReads,1771327294637000000,1771327354606000000,276
VFS.contentStorage.recordsReadDecompressed,1771327294637000000,1771327354606000000,0
VFS.cache.segmentsCreated,1771327294637000000,1771327354606000000,62
VFS.contentStorage.recordsDecompressionTimeUs,1771327294637000000,1771327354606000000,0
VFS.contentStorage.recordsDeduplicated,1771327294637000000,1771327354606000000,0
VFS.contentStorage.recordsStoredCompressed,1771327294637000000,1771327354606000000,0
VFS.fileByIdCache.hits,1771327294637000000,1771327354606000000,5
VFS.rootsCount,1771327294637000000,1771327354606000000,309.0
VFS.fileByIdCache.misses,1771327294637000000,1771327354606000000,0
VFS.contentStorage.recordsRead,1771327294637000000,1771327354606000000,2
VFS.contentStorage.recordsStored,1771327294637000000,1771327354606000000,0
FileNameCache.totalMisses,1771327294637000000,1771327354606000000,33344
VFS.contentStorage.recordsUncompressedSize,1771327294637000000,1771327354606000000,0
FileNameCache.queries,1771327294637000000,1771327354606000000,2530112
VFS.contentStorage.recordsReadSize,1771327294637000000,1771327354606000000,13346
VFS.invertedFileNameIndex.requests,1771327294637000000,1771327354606000000,0
Indexes.entries.lookupDuration90PMs,1771327294637000000,1771327354606000000,0.0
Indexing.writer_0.totalTimeSpentWritingMs,1771327294637000000,1771327354606000000,254
Indexing.writesQueuedMax,1771327294637000000,1771327354606000000,0
Indexing.writesQueuedMin,1771327294637000000,1771327354606000000,9223372036854775807
Indexing.writer_1.totalTimeSpentWritingMs,1771327294637000000,1771327354606000000,215
Indexes.allKeys.lookupDuration90PMs,1771327294637000000,1771327354606000000,0.0
Indexes.stubs.lookupDurationAvgMs,1771327294637000000,1771327354606000000,0.0
Indexing.cache.totalCacheEvicted,1771327294637000000,1771327354606000000,576366
Indexes.stubs.lookupDuration90PMs,1771327294637000000,1771327354606000000,0.0
Indexing.writer_2.totalTimeSpentWritingMs,1771327294637000000,1771327354606000000,1448
Indexes.stubs.lookupDurationMaxMs,1771327294637000000,1771327354606000000,0.0
Indexes.allKeys.lookups,1771327294637000000,1771327354606000000,0
Indexes.entries.lookupDurationAvgMs,1771327294637000000,1771327354606000000,0.0
Indexes.entries.lookupDurationMaxMs,1771327294637000000,1771327354606000000,0.0
Indexes.allKeys.lookupDurationMaxMs,1771327294637000000,1771327354606000000,0.0
Indexing.cache.totalCacheAccesses,1771327294637000000,1771327354606000000,1184642
Indexing.cache.totalCacheMisses,1771327294637000000,1771327354606000000,576366
Indexes.stubs.lookups,1771327294637000000,1771327354606000000,0
Indexing.writer_3.totalTimeSpentWritingMs,1771327294637000000,1771327354606000000,1360
Indexes.allKeys.lookupDurationAvgMs,1771327294637000000,1771327354606000000,0.0
Indexing.totalTimeIndexersSleptMs,1771327294637000000,1771327354606000000,0
Indexes.entries.lookups,1771327294637000000,1771327354606000000,1
JVM.totalTimeAtSafepointsMs,1771327294637000000,1771327354606000000,278
JVM.usedHeapBytes,1771327294637000000,1771327354606000000,404142720
JVM.totalTimeToSafepointsMs,1771327294637000000,1771327354606000000,2309
MEM.ramMinusFileMappingsBytes,1771327294637000000,1771327354606000000,2774425600
OS.loadAverage,1771327294637000000,1771327354606000000,4.056640625
JVM.newThreadsCount,1771327294637000000,1771327354606000000,53
MEM.ramPlusSwapMinusFileMappingsBytes,1771327294637000000,1771327354606000000,2774425600
JVM.maxThreadCount,1771327294637000000,1771327354606000000,182
JVM.threadCount,1771327294637000000,1771327354606000000,82
JVM.totalBytesAllocated,1771327294637000000,1771327354606000000,3845654544
JVM.totalDirectByteBuffersBytes,1771327294637000000,1771327354606000000,394425406
JVM.totalCpuTimeMs,1771327294637000000,1771327354606000000,27810
JVM.GC.collections,1771327294637000000,1771327354606000000,5
JVM.maxHeapBytes,1771327294637000000,1771327354606000000,28840034304
MEM.ramBytes,1771327294637000000,1771327354606000000,3338326016
JVM.totalSafepointCount,1771327294637000000,1771327354606000000,71
JVM.GC.collectionTimesMs,1771327294637000000,1771327354606000000,249
JVM.usedNativeBytes,1771327294637000000,1771327354606000000,399019304
MEM.fileMappingsRamBytes,1771327294637000000,1771327354606000000,563900416
JVM.committedHeapBytes,1771327294637000000,1771327354606000000,1778384896
jps.apply.loaded.storage.ms,1771327294637000000,1771327354606000000,0
jps.module.iml.entities.serializer.save.entities.ms,1771327294637000000,1771327354606000000,0
workspaceModel.mutableEntityStorage.to.snapshot.ms,1771327294637000000,1771327354606000000,0
workspaceModel.mutableEntityStorage.add.entity.ms,1771327294637000000,1771327354606000000,22
workspaceModel.mutableEntityStorage.hasReferrers.ms,1771327294637000000,1771327354606000000,0
workspaceModel.mutableEntityStorage.collect.changes.ms,1771327294637000000,1771327354606000000,1
workspaceModel.mutableEntityStorage.modify.entity.ms,1771327294637000000,1771327354606000000,76
workspaceModel.sync.entities.ms,1771327294637000000,1771327354606000000,0
workspaceModel.global.updates.count,1771327294637000000,1771327354606000000,0
jps.load.project.to.empty.storage.ms,1771327294637000000,1771327354606000000,0
jps.load.initial.state.ms,1771327294637000000,1771327354606000000,0
jps.module.dependency.index.workspace.model.listener.on.changed.ms,1771327294637000000,1771327354606000000,1
jps.artifact.entities.serializer.load.entities.ms,1771327294637000000,1771327354606000000,0
jps.global.get.libraries.ms,1771327294637000000,1771327354606000000,0
workspaceModel.save.cache.to.file.ms,1771327294637000000,1771327354606000000,56
workspaceModel.moduleManagerBridge.create.module.instance.ms,1771327294637000000,1771327354606000000,0
jps.artifact.entities.serializer.save.entities.ms,1771327294637000000,1771327354606000000,0
jps.library.entities.serializer.save.entities.ms,1771327294637000000,1771327354606000000,0
jps.project.serializers.load.ms,1771327294637000000,1771327354606000000,0
workspaceModel.mutableEntityStorage.apply.changes.from.ms,1771327294637000000,1771327354606000000,0
workspaceModel.mutableEntityStorage.referrers.ms,1771327294637000000,1771327354606000000,0
workspaceModel.mutableEntityStorage.changeLog.addReplaceEventForNewParent.ms,1771327294637000000,1771327354606000000,0
jps.global.get.library.by.name.ms,1771327294637000000,1771327354606000000,0
jps.global.get.library.ms,1771327294637000000,1771327354606000000,0
jps.reload.project.entities.ms,1771327294637000000,1771327354606000000,0
workspaceModel.moduleManagerBridge.build.module.graph.ms,1771327294637000000,1771327354606000000,0
jps.app.storage.content.reader.load.component.ms,1771327294637000000,1771327354606000000,0
workspaceModel.mutableEntityStorage.has.same.entities.ms,1771327294637000000,1771327354606000000,1
workspaceModel.moduleBridge.update.option.ms,1771327294637000000,1771327354606000000,0
jps.storage.jps.conf.reader.load.component.ms,1771327294637000000,1771327354606000000,0
jps.library.entities.serializer.load.entities.ms,1771327294637000000,1771327354606000000,0
jps.module.iml.entities.serializer.load.entities.ms,1771327294637000000,1771327354606000000,0
workspaceModel.mutableEntityStorage.resolve.ms,1771327294637000000,1771327354606000000,0
workspaceModel.moduleBridge.facet.initialization.ms,1771327294637000000,1771327354606000000,0
jps.facet.change.listener.process.change.events.ms,1771327294637000000,1771327354606000000,0
workspaceModel.moduleManagerBridge.load.module.ms,1771327294637000000,1771327354606000000,0
workspaceModel.moduleManagerBridge.set.unloadedModules.ms,1771327294637000000,1771327354606000000,0
workspaceModel.moduleManagerBridge.new.nonPersistent.module.ms,1771327294637000000,1771327354606000000,0
workspaceModel.do.save.caches.ms,1771327294637000000,1771327354606000000,63
workspaceModel.moduleBridge.before.changed.ms,1771327294637000000,1771327354606000000,0
jps.global.handle.before.change.events.ms,1771327294637000000,1771327354606000000,0
workspaceModel.load.cache.from.file.ms,1771327294637000000,1771327354606000000,0
workspaceModel.mutableEntityStorage.replace.by.source.ms,1771327294637000000,1771327354606000000,16
jps.facet.change.listener.before.change.events.ms,1771327294637000000,1771327354606000000,0
jps.modifiable.module.model.bridge.renaming.ms,1771327294637000000,1771327354606000000,0
jps.global.handle.changed.events.ms,1771327294637000000,1771327354606000000,0
jps.facet.change.listener.init.bridge.ms,1771327294637000000,1771327354606000000,0
workspaceModel.global.apply.state.to.project.ms,1771327294637000000,1771327354606000000,0
workspaceModel.mutableEntityStorage.changeLog.addReplaceEventForRemovedChild.ms,1771327294637000000,1771327354606000000,0
jps.global.initialize.library.bridges.after.loading.ms,1771327294637000000,1771327354606000000,0
workspaceModel.moduleManagerBridge.get.modules.ms,1771327294637000000,1771327354606000000,0
jps.modifiable.module.model.bridge.new.module.ms,1771327294637000000,1771327354606000000,0
jps.modifiable.module.model.bridge.load.module.ms,1771327294637000000,1771327354606000000,0
workspaceModel.mutableEntityStorage.changeLog.addReplaceEventForRemovedParent.ms,1771327294637000000,1771327354606000000,0
workspaceModel.mutableEntityStorage.instances.count,1771327294637000000,1771327354606000000,5
jps.save.changed.project.entities.ms,1771327294637000000,1771327354606000000,0
jps.global.initialize.library.bridges.ms,1771327294637000000,1771327354606000000,0
workspaceModel.mutableEntityStorage.mutable.ext.mapping.ms,1771327294637000000,1771327354606000000,1
jps.modifiable.module.model.bridge.disposing.ms,1771327294637000000,1771327354606000000,0
workspaceModel.moduleBridgeLoader.loading.modules.ms,1771327294637000000,1771327354606000000,0
workspaceModel.mutableEntityStorage.changeLog.addReplaceEventForNewChild.ms,1771327294637000000,1771327354606000000,0
workspaceModel.global.apply.state.to.project.builder.ms,1771327294637000000,1771327354606000000,0
workspaceModel.mutableEntityStorage.entities.by.source.ms,1771327294637000000,1771327354606000000,0
jps.project.serializers.save.ms,1771327294637000000,1771327354606000000,0
jps.save.global.entities.ms,1771327294637000000,1771327354606000000,0
workspaceModel.mutableEntityStorage.remove.entity.ms,1771327294637000000,1771327354606000000,0
workspaceModel.mutableEntityStorage.put.entity.ms,1771327294637000000,1771327354606000000,8
workspaceModel.delayed.project.synchronizer.sync.ms,1771327294637000000,1771327354606000000,0
workspaceModel.load.cache.metadata.from.file.ms,1771327294637000000,1771327354606000000,0
workspaceModel.moduleManagerBridge.newModule.ms,1771327294637000000,1771327354606000000,0
workspaceModel.orphan.listener.update.ms,1771327294637000000,1771327354606000000,0
workspaceModel.global.updates.ms,1771327294637000000,1771327354606000000,0
workspaceModel.moduleManagerBridge.load.all.modules.ms,1771327294637000000,1771327354606000000,0
workspaceModel.mutableEntityStorage.mutable.vfurl.index.ms,1771327294637000000,1771327354606000000,0
workspaceModel.mutableEntityStorage.entities.ms,1771327294637000000,1771327354606000000,0
ReadAction.executionsCount,1771327294637000000,1771327354606000000,217351
FlushQueue.queueSizeMax,1771327294637000000,1771327354606000000,0
AWTEventQueue.dispatchTimeAvgNs,1771327294637000000,1771327354606000000,0.0
WriteAction.executionsCount,1771327294637000000,1771327354606000000,20
AWTEventQueue.dispatchTimeTotalNS,1771327294637000000,1771327354606000000,2660159459
AWTEventQueue.eventsDispatched,1771327294637000000,1771327354606000000,0
FlushQueue.waitingTime90PNs,1771327294637000000,1771327354606000000,0
NonBlockingReadAction.failedExecutionTimeUs,1771327294637000000,1771327354606000000,7822
NonBlockingReadAction.finalizedExecutionsCount,1771327294637000000,1771327354606000000,20
FlushQueue.executionTime90PNs,1771327294637000000,1771327354606000000,0
FlushQueue.waitingTimeMaxNs,1771327294637000000,1771327354606000000,0
AWTEventQueue.dispatchTime90PNs,1771327294637000000,1771327354606000000,0
FlushQueue.queueSize90P,1771327294637000000,1771327354606000000,0
FlushQueue.executionTimeAvgNs,1771327294637000000,1771327354606000000,0.0
NonBlockingReadAction.finalizedExecutionTimeUs,1771327294637000000,1771327354606000000,37539
FlushQueue.tasksExecuted,1771327294637000000,1771327354606000000,0
AWTEventQueue.dispatchTimeMaxNs,1771327294637000000,1771327354606000000,0
FlushQueue.queueSizeAvg,1771327294637000000,1771327354606000000,0.0
NonBlockingReadAction.failedExecutionsCount,1771327294637000000,1771327354606000000,2
FlushQueue.executionTimeMaxNs,1771327294637000000,1771327354606000000,0
FlushQueue.waitingTimeAvgNs,1771327294637000000,1771327354606000000,0.0
parser.HTML.size.bytes,1771327294637000000,1771327354606000000,253898
parser.XML.size.bytes,1771327294637000000,1771327354606000000,429637
writeAction.count,1771327294637000000,1771327354606000000,20
DiskQueryRelay.tasksExecuted,1771327294637000000,1771327354606000000,48870
lexer.JAVA.time.ns,1771327294637000000,1771327354606000000,9510580
LowMemory.gcLoad,1771327294637000000,1771327354606000000,0.0
lexer.JAVA.size.bytes,1771327294637000000,1771327354606000000,151548
DiskQueryRelay.taskWaitingTotalTimeUs,1771327294637000000,1771327354606000000,21455050
DiskQueryRelay.tasksRequested,1771327294637000000,1771327354606000000,48870
lexer.HTML.time.ns,1771327294637000000,1771327354606000000,9176498
writeAction.wait.ms,1771327294637000000,1771327354606000000,2292
lexer.HTML.size.bytes,1771327294637000000,1771327354606000000,253898
parser.JAVA.time.ns,1771327294637000000,1771327354606000000,62990915
lexer.XML.size.bytes,1771327294637000000,1771327354606000000,429637
LowMemory.gcOverloaded,1771327294637000000,1771327354606000000,0
parser.HTML.time.ns,1771327294637000000,1771327354606000000,22799291
writeAction.median.wait.ms,1771327294637000000,1771327354606000000,200
writeAction.max.wait.ms,1771327294637000000,1771327354606000000,2271
parser.JAVA.size.bytes,1771327294637000000,1771327354606000000,168851
DiskQueryRelay.taskExecutionTotalTimeUs,1771327294637000000,1771327354606000000,14918377
lexer.XML.time.ns,1771327294637000000,1771327354606000000,21838912
parser.XML.time.ns,1771327294637000000,1771327354606000000,68259040
workspaceModel.entityStorageSnapshotImpl.instances.count,1771327294637000000,1771327354606000000,4
workspaceModel.workspaceFileIndexData.getDirectoriesByPackageName.ms,1771327294637000000,1771327354606000000,0
workspaceModel.workspaceFileIndexData.processFileSets.ms,1771327294637000000,1771327354606000000,0
workspaceModel.cachedValue.calculated.count,1771327294637000000,1771327354606000000,126
workspaceModel.loading.total.ms,1771327294637000000,1771327354606000000,0
workspaceModel.workspaceFileIndexData.init.ms,1771327294637000000,1771327354606000000,0
workspaceModel.replace.project.model.ms,1771327294637000000,1771327354606000000,35
workspaceModel.updates.count,1771327294637000000,1771327354606000000,0
workspaceModel.workspaceFileIndexData.visitFileSets.ms,1771327294637000000,1771327354606000000,0
workspaceModel.cachedValueWithParameters.calculated.count,1771327294637000000,1771327354606000000,0
workspaceModel.loading.from.cache.ms,1771327294637000000,1771327354606000000,0
workspaceModel.pre.handlers.ms,1771327294637000000,1771327354606000000,0
workspaceModel.workspaceFileIndexData.updateDirtyEntities.ms,1771327294637000000,1771327354606000000,135
workspaceModel.init.bridges.ms,1771327294637000000,1771327354606000000,4
workspaceModel.cachedValueWithParameters.clear.count,1771327294637000000,1771327354606000000,0
workspaceModel.updates.ms,1771327294637000000,1771327354606000000,0
workspaceModel.workspaceFileIndexContributor.registerFileSets.ms,1771327294637000000,1771327354606000000,290
workspaceModel.updates.precise.ms,1771327294637000000,1771327354606000000,0
workspaceModel.cachedValue.clear.count,1771327294637000000,1771327354606000000,0
workspaceModel.check.recursive.update.ms,1771327294637000000,1771327354606000000,0
workspaceModel.workspaceFileIndexData.markDirty.ms,1771327294637000000,1771327354606000000,0
workspaceModel.cachedValueWithParameters.from.cache.count,1771327294637000000,1771327354606000000,0
workspaceModel.collect.changes.ms,1771327294637000000,1771327354606000000,0
workspaceModel.workspaceFileIndexData.instances.count,1771327294637000000,1771327354606000000,0
workspaceModel.cachedValue.from.cache.count,1771327294637000000,1771327354606000000,3757
workspaceModel.full.replace.project.model.ms,1771327294637000000,1771327354606000000,0
workspaceModel.workspaceFileIndexData.getPackageName.ms,1771327294637000000,1771327354606000000,0
workspaceModel.initializing.ms,1771327294637000000,1771327354606000000,0
workspaceModel.cachedValueWithParameters.total.get.count,1771327294637000000,1771327354606000000,0
workspaceModel.workspaceFileIndexData.getFileInfo.ms,1771327294637000000,1771327354606000000,225
workspaceModel.cachedValue.total.get.count,1771327294637000000,1771327354606000000,3883
workspaceModel.to.snapshot.ms,1771327294637000000,1771327354606000000,0
workspaceModel.workspaceFileIndexData.onEntitiesChanged.ms,1771327294637000000,1771327354606000000,22
workspaceModel.update.unloaded.entities.ms,1771327294637000000,1771327354606000000,0
workspaceModel.on.changed.ms,1771327294637000000,1771327354606000000,7
workspaceModel.on.before.changed.ms,1771327294637000000,1771327354606000000,2
compiler.ArtifactModifiableModelBridge.findArtifacts.ms,1771327294637000000,1771327354606000000,0
compiler.ArtifactManagerBridge.initBridges.ms,1771327294637000000,1771327354606000000,0
compiler.ArtifactVirtualFileListener.propertyChanged.ms,1771327294637000000,1771327354606000000,0
compiler.ArtifactManagerBridge.getArtifactsByType.ms,1771327294637000000,1771327354606000000,0
compiler.ArtifactModifiableModelBridge.addArtifact.ms,1771327294637000000,1771327354606000000,0
compiler.ArtifactModifiableModelBridge.dispose.ms,1771327294637000000,1771327354606000000,0
compiler.ArtifactManagerBridge.dropMappings.ms,1771327294637000000,1771327354606000000,0
compiler.ArtifactModifiableModelBridge.getArtifacts.ms,1771327294637000000,1771327354606000000,0
compiler.ArtifactModifiableModelBridge.commit.ms,1771327294637000000,1771327354606000000,2
compiler.ArtifactManagerBridge.addArtifact.ms,1771327294637000000,1771327354606000000,0
compiler.ArtifactManagerBridge.getArtifacts.ms,1771327294637000000,1771327354606000000,0
compiler.ArtifactModifiableModelBridge.getArtifactsByType.ms,1771327294637000000,1771327354606000000,0
compiler.ArtifactManagerBridge.commit.ms,1771327294637000000,1771327354606000000,0
compiler.ArtifactVirtualFileListener.filePathChanged.ms,1771327294637000000,1771327354606000000,0
compiler.ArtifactManagerBridge.findArtifact.ms,1771327294637000000,1771327354606000000,0
MappedFileStorage.totalPagesMapped,1771327294637000000,1771327354606000000,15
DirectByteBufferAllocator.disposed,1771327294637000000,1771327354606000000,0
StorageLockContext.competingThreads.max,1771327294637000000,1771327354606000000,0
StreamlinedBlobStorage.totalLiveRecordsPayloadBytes,1771327294637000000,1771327354606000000,416925
StorageLockContext.competingThreads.90P,1771327294637000000,1771327354606000000,0
StreamlinedBlobStorage.recordsAllocated,1771327294637000000,1771327354606000000,31247
FilePageCache.disposedBuffers,1771327294637000000,1771327354606000000,0
StreamlinedBlobStorage.totalLiveRecordsCapacityBytes,1771327294637000000,1771327354606000000,2201654
FileChannelInterruptsRetryer.totalRetriedAttempts,1771327294637000000,1771327354606000000,0
FilePageCache.pageFastCacheHits,1771327294637000000,1771327354606000000,2208894
DirectByteBufferAllocator.reclaimed,1771327294637000000,1771327354606000000,0
FilePageCache.pageHits,1771327294637000000,1771327354606000000,132886
MappedFileStorage.totalBytesMapped,1771327294637000000,1771327354606000000,198443008
FilePageCache.pageLoads,1771327294637000000,1771327354606000000,15
FilePageCache.maxRegisteredFiles,1771327294637000000,1771327354606000000,439
DirectByteBufferAllocator.hits,1771327294637000000,1771327354606000000,0
StorageLockContext.competingThreads.avg,1771327294637000000,1771327354606000000,0.0
DirectByteBufferAllocator.misses,1771327294637000000,1771327354606000000,15
FilePageCache.totalPageDisposalsUs,1771327294637000000,1771327354606000000,35
DirectByteBufferAllocator.totalSizeOfBuffersCachedInBytes,1771327294637000000,1771327354606000000,0
StreamlinedBlobStorage.recordsRelocated,1771327294637000000,1771327354606000000,0
FilePageCache.pageLoadsAboveSizeThreshold,1771327294637000000,1771327354606000000,0
DirectByteBufferAllocator.totalSizeOfBuffersAllocatedInBytes,1771327294637000000,1771327354606000000,389021696
MappedFileStorage.storages,1771327294637000000,1771327354606000000,15
MappedFileStorage.totalTimeSpentOnMappingUs,1771327294637000000,1771327354606000000,177934
FilePageCache.capacityInBytes,1771327294637000000,1771327354606000000,629145600
FilePageCache.maxCacheSizeInBytes,1771327294637000000,1771327354606000000,389021696
FilePageCache.totalPageLoadsUs,1771327294637000000,1771327354606000000,20837
FilePageCache.uncachedFileAccess,1771327294637000000,1771327354606000000,89
StreamlinedBlobStorage.recordsDeleted,1771327294637000000,1771327354606000000,2
cacheStateStorage.set.counter,1771327294637000000,1771327354606000000,0
cacheStateStorage.get.duration,1771327294637000000,1771327354606000000,0
cacheStateStorage.get.counter,1771327294637000000,1771327354606000000,0
cacheStateStorage.set.duration,1771327294637000000,1771327354606000000,0
VFS.contentStorage.recordsStoredSize,1771327354606000000,1771327414608000000,0
VFS.fileChildByName,1771327354606000000,1771327414608000000,0
VFS.cache.filesCreated,1771327354606000000,1771327414608000000,0
VFS.cache.directoriesCreated,1771327354606000000,1771327414608000000,0
VFS.cache.segments,1771327354606000000,1771327414608000000,229.0
VFS.folderCaseSensitivityReads,1771327354606000000,1771327414608000000,0
VFS.contentStorage.recordsReadDecompressed,1771327354606000000,1771327414608000000,0
VFS.cache.segmentsCreated,1771327354606000000,1771327414608000000,0
VFS.contentStorage.recordsDecompressionTimeUs,1771327354606000000,1771327414608000000,0
VFS.contentStorage.recordsDeduplicated,1771327354606000000,1771327414608000000,0
VFS.contentStorage.recordsStoredCompressed,1771327354606000000,1771327414608000000,0
VFS.fileByIdCache.hits,1771327354606000000,1771327414608000000,0
VFS.rootsCount,1771327354606000000,1771327414608000000,309.0
VFS.fileByIdCache.misses,1771327354606000000,1771327414608000000,0
VFS.contentStorage.recordsRead,1771327354606000000,1771327414608000000,0
VFS.contentStorage.recordsStored,1771327354606000000,1771327414608000000,0
FileNameCache.totalMisses,1771327354606000000,1771327414608000000,0
VFS.contentStorage.recordsUncompressedSize,1771327354606000000,1771327414608000000,0
FileNameCache.queries,1771327354606000000,1771327414608000000,0
VFS.contentStorage.recordsReadSize,1771327354606000000,1771327414608000000,0
VFS.invertedFileNameIndex.requests,1771327354606000000,1771327414608000000,0
Indexes.entries.lookupDuration90PMs,1771327354606000000,1771327414608000000,0.0
Indexing.writer_0.totalTimeSpentWritingMs,1771327354606000000,1771327414608000000,0
Indexing.writesQueuedMax,1771327354606000000,1771327414608000000,0
Indexing.writesQueuedMin,1771327354606000000,1771327414608000000,9223372036854775807
Indexing.writer_1.totalTimeSpentWritingMs,1771327354606000000,1771327414608000000,0
Indexes.allKeys.lookupDuration90PMs,1771327354606000000,1771327414608000000,0.0
Indexes.stubs.lookupDurationAvgMs,1771327354606000000,1771327414608000000,0.0
Indexing.cache.totalCacheEvicted,1771327354606000000,1771327414608000000,0
Indexes.stubs.lookupDuration90PMs,1771327354606000000,1771327414608000000,0.0
Indexing.writer_2.totalTimeSpentWritingMs,1771327354606000000,1771327414608000000,0
Indexes.stubs.lookupDurationMaxMs,1771327354606000000,1771327414608000000,0.0
Indexes.allKeys.lookups,1771327354606000000,1771327414608000000,0
Indexes.entries.lookupDurationAvgMs,1771327354606000000,1771327414608000000,0.0
Indexes.entries.lookupDurationMaxMs,1771327354606000000,1771327414608000000,0.0
Indexes.allKeys.lookupDurationMaxMs,1771327354606000000,1771327414608000000,0.0
Indexing.cache.totalCacheAccesses,1771327354606000000,1771327414608000000,0
Indexing.cache.totalCacheMisses,1771327354606000000,1771327414608000000,0
Indexes.stubs.lookups,1771327354606000000,1771327414608000000,0
Indexing.writer_3.totalTimeSpentWritingMs,1771327354606000000,1771327414608000000,0
Indexes.allKeys.lookupDurationAvgMs,1771327354606000000,1771327414608000000,0.0
Indexing.totalTimeIndexersSleptMs,1771327354606000000,1771327414608000000,0
Indexes.entries.lookups,1771327354606000000,1771327414608000000,0
JVM.totalTimeAtSafepointsMs,1771327354606000000,1771327414608000000,1
JVM.usedHeapBytes,1771327354606000000,1771327414608000000,437697152
JVM.totalTimeToSafepointsMs,1771327354606000000,1771327414608000000,2
MEM.ramMinusFileMappingsBytes,1771327354606000000,1771327414608000000,2772905984
OS.loadAverage,1771327354606000000,1771327414608000000,2.62548828125
JVM.newThreadsCount,1771327354606000000,1771327414608000000,0
MEM.ramPlusSwapMinusFileMappingsBytes,1771327354606000000,1771327414608000000,2772905984
JVM.maxThreadCount,1771327354606000000,1771327414608000000,182
JVM.threadCount,1771327354606000000,1771327414608000000,55
JVM.totalBytesAllocated,1771327354606000000,1771327414608000000,25334888
JVM.totalDirectByteBuffersBytes,1771327354606000000,1771327414608000000,392478360
JVM.totalCpuTimeMs,1771327354606000000,1771327414608000000,1530
JVM.GC.collections,1771327354606000000,1771327414608000000,0
JVM.maxHeapBytes,1771327354606000000,1771327414608000000,28840034304
MEM.ramBytes,1771327354606000000,1771327414608000000,3336806400
JVM.totalSafepointCount,1771327354606000000,1771327414608000000,23
JVM.GC.collectionTimesMs,1771327354606000000,1771327414608000000,0
JVM.usedNativeBytes,1771327354606000000,1771327414608000000,399855112
MEM.fileMappingsRamBytes,1771327354606000000,1771327414608000000,563900416
JVM.committedHeapBytes,1771327354606000000,1771327414608000000,1778384896
jps.apply.loaded.storage.ms,1771327354606000000,1771327414608000000,0
jps.module.iml.entities.serializer.save.entities.ms,1771327354606000000,1771327414608000000,0
workspaceModel.mutableEntityStorage.to.snapshot.ms,1771327354606000000,1771327414608000000,0
workspaceModel.mutableEntityStorage.add.entity.ms,1771327354606000000,1771327414608000000,0
workspaceModel.mutableEntityStorage.hasReferrers.ms,1771327354606000000,1771327414608000000,0
workspaceModel.mutableEntityStorage.collect.changes.ms,1771327354606000000,1771327414608000000,0
workspaceModel.mutableEntityStorage.modify.entity.ms,1771327354606000000,1771327414608000000,0
workspaceModel.sync.entities.ms,1771327354606000000,1771327414608000000,0
workspaceModel.global.updates.count,1771327354606000000,1771327414608000000,0
jps.load.project.to.empty.storage.ms,1771327354606000000,1771327414608000000,0
jps.load.initial.state.ms,1771327354606000000,1771327414608000000,0
jps.module.dependency.index.workspace.model.listener.on.changed.ms,1771327354606000000,1771327414608000000,0
jps.artifact.entities.serializer.load.entities.ms,1771327354606000000,1771327414608000000,0
jps.global.get.libraries.ms,1771327354606000000,1771327414608000000,0
workspaceModel.save.cache.to.file.ms,1771327354606000000,1771327414608000000,0
workspaceModel.moduleManagerBridge.create.module.instance.ms,1771327354606000000,1771327414608000000,0
jps.artifact.entities.serializer.save.entities.ms,1771327354606000000,1771327414608000000,0
jps.library.entities.serializer.save.entities.ms,1771327354606000000,1771327414608000000,0
jps.project.serializers.load.ms,1771327354606000000,1771327414608000000,0
workspaceModel.mutableEntityStorage.apply.changes.from.ms,1771327354606000000,1771327414608000000,0
workspaceModel.mutableEntityStorage.referrers.ms,1771327354606000000,1771327414608000000,0
workspaceModel.mutableEntityStorage.changeLog.addReplaceEventForNewParent.ms,1771327354606000000,1771327414608000000,0
jps.global.get.library.by.name.ms,1771327354606000000,1771327414608000000,0
jps.global.get.library.ms,1771327354606000000,1771327414608000000,0
jps.reload.project.entities.ms,1771327354606000000,1771327414608000000,0
workspaceModel.moduleManagerBridge.build.module.graph.ms,1771327354606000000,1771327414608000000,0
jps.app.storage.content.reader.load.component.ms,1771327354606000000,1771327414608000000,0
workspaceModel.mutableEntityStorage.has.same.entities.ms,1771327354606000000,1771327414608000000,0
workspaceModel.moduleBridge.update.option.ms,1771327354606000000,1771327414608000000,0
jps.storage.jps.conf.reader.load.component.ms,1771327354606000000,1771327414608000000,0
jps.library.entities.serializer.load.entities.ms,1771327354606000000,1771327414608000000,0
jps.module.iml.entities.serializer.load.entities.ms,1771327354606000000,1771327414608000000,0
workspaceModel.mutableEntityStorage.resolve.ms,1771327354606000000,1771327414608000000,0
workspaceModel.moduleBridge.facet.initialization.ms,1771327354606000000,1771327414608000000,0
jps.facet.change.listener.process.change.events.ms,1771327354606000000,1771327414608000000,0
workspaceModel.moduleManagerBridge.load.module.ms,1771327354606000000,1771327414608000000,0
workspaceModel.moduleManagerBridge.set.unloadedModules.ms,1771327354606000000,1771327414608000000,0
workspaceModel.moduleManagerBridge.new.nonPersistent.module.ms,1771327354606000000,1771327414608000000,0
workspaceModel.do.save.caches.ms,1771327354606000000,1771327414608000000,0
workspaceModel.moduleBridge.before.changed.ms,1771327354606000000,1771327414608000000,0
jps.global.handle.before.change.events.ms,1771327354606000000,1771327414608000000,0
workspaceModel.load.cache.from.file.ms,1771327354606000000,1771327414608000000,0
workspaceModel.mutableEntityStorage.replace.by.source.ms,1771327354606000000,1771327414608000000,0
jps.facet.change.listener.before.change.events.ms,1771327354606000000,1771327414608000000,0
jps.modifiable.module.model.bridge.renaming.ms,1771327354606000000,1771327414608000000,0
jps.global.handle.changed.events.ms,1771327354606000000,1771327414608000000,0
jps.facet.change.listener.init.bridge.ms,1771327354606000000,1771327414608000000,0
workspaceModel.global.apply.state.to.project.ms,1771327354606000000,1771327414608000000,0
workspaceModel.mutableEntityStorage.changeLog.addReplaceEventForRemovedChild.ms,1771327354606000000,1771327414608000000,0
jps.global.initialize.library.bridges.after.loading.ms,1771327354606000000,1771327414608000000,0
workspaceModel.moduleManagerBridge.get.modules.ms,1771327354606000000,1771327414608000000,0
jps.modifiable.module.model.bridge.new.module.ms,1771327354606000000,1771327414608000000,0
jps.modifiable.module.model.bridge.load.module.ms,1771327354606000000,1771327414608000000,0
workspaceModel.mutableEntityStorage.changeLog.addReplaceEventForRemovedParent.ms,1771327354606000000,1771327414608000000,0
workspaceModel.mutableEntityStorage.instances.count,1771327354606000000,1771327414608000000,0
jps.save.changed.project.entities.ms,1771327354606000000,1771327414608000000,0
jps.global.initialize.library.bridges.ms,1771327354606000000,1771327414608000000,0
workspaceModel.mutableEntityStorage.mutable.ext.mapping.ms,1771327354606000000,1771327414608000000,0
jps.modifiable.module.model.bridge.disposing.ms,1771327354606000000,1771327414608000000,0
workspaceModel.moduleBridgeLoader.loading.modules.ms,1771327354606000000,1771327414608000000,0
workspaceModel.mutableEntityStorage.changeLog.addReplaceEventForNewChild.ms,1771327354606000000,1771327414608000000,0
workspaceModel.global.apply.state.to.project.builder.ms,1771327354606000000,1771327414608000000,0
workspaceModel.mutableEntityStorage.entities.by.source.ms,1771327354606000000,1771327414608000000,0
jps.project.serializers.save.ms,1771327354606000000,1771327414608000000,0
jps.save.global.entities.ms,1771327354606000000,1771327414608000000,0
workspaceModel.mutableEntityStorage.remove.entity.ms,1771327354606000000,1771327414608000000,0
workspaceModel.mutableEntityStorage.put.entity.ms,1771327354606000000,1771327414608000000,0
workspaceModel.delayed.project.synchronizer.sync.ms,1771327354606000000,1771327414608000000,0
workspaceModel.load.cache.metadata.from.file.ms,1771327354606000000,1771327414608000000,0
workspaceModel.moduleManagerBridge.newModule.ms,1771327354606000000,1771327414608000000,0
workspaceModel.orphan.listener.update.ms,1771327354606000000,1771327414608000000,0
workspaceModel.global.updates.ms,1771327354606000000,1771327414608000000,0
workspaceModel.moduleManagerBridge.load.all.modules.ms,1771327354606000000,1771327414608000000,0
workspaceModel.mutableEntityStorage.mutable.vfurl.index.ms,1771327354606000000,1771327414608000000,0
workspaceModel.mutableEntityStorage.entities.ms,1771327354606000000,1771327414608000000,0
ReadAction.executionsCount,1771327354606000000,1771327414608000000,0
FlushQueue.queueSizeMax,1771327354606000000,1771327414608000000,0
AWTEventQueue.dispatchTimeAvgNs,1771327354606000000,1771327414608000000,0.0
WriteAction.executionsCount,1771327354606000000,1771327414608000000,0
AWTEventQueue.dispatchTimeTotalNS,1771327354606000000,1771327414608000000,91068246
AWTEventQueue.eventsDispatched,1771327354606000000,1771327414608000000,0
FlushQueue.waitingTime90PNs,1771327354606000000,1771327414608000000,0
NonBlockingReadAction.failedExecutionTimeUs,1771327354606000000,1771327414608000000,0
NonBlockingReadAction.finalizedExecutionsCount,1771327354606000000,1771327414608000000,0
FlushQueue.executionTime90PNs,1771327354606000000,1771327414608000000,0
FlushQueue.waitingTimeMaxNs,1771327354606000000,1771327414608000000,0
AWTEventQueue.dispatchTime90PNs,1771327354606000000,1771327414608000000,0
FlushQueue.queueSize90P,1771327354606000000,1771327414608000000,0
FlushQueue.executionTimeAvgNs,1771327354606000000,1771327414608000000,0.0
NonBlockingReadAction.finalizedExecutionTimeUs,1771327354606000000,1771327414608000000,0
FlushQueue.tasksExecuted,1771327354606000000,1771327414608000000,0
AWTEventQueue.dispatchTimeMaxNs,1771327354606000000,1771327414608000000,0
FlushQueue.queueSizeAvg,1771327354606000000,1771327414608000000,0.0
NonBlockingReadAction.failedExecutionsCount,1771327354606000000,1771327414608000000,0
FlushQueue.executionTimeMaxNs,1771327354606000000,1771327414608000000,0
FlushQueue.waitingTimeAvgNs,1771327354606000000,1771327414608000000,0.0
writeAction.count,1771327354606000000,1771327414608000000,0
DiskQueryRelay.tasksExecuted,1771327354606000000,1771327414608000000,0
LowMemory.gcLoad,1771327354606000000,1771327414608000000,0.0
DiskQueryRelay.taskWaitingTotalTimeUs,1771327354606000000,1771327414608000000,0
DiskQueryRelay.tasksRequested,1771327354606000000,1771327414608000000,0
writeAction.wait.ms,1771327354606000000,1771327414608000000,0
LowMemory.gcOverloaded,1771327354606000000,1771327414608000000,0
writeAction.median.wait.ms,1771327354606000000,1771327414608000000,200
writeAction.max.wait.ms,1771327354606000000,1771327414608000000,2271
DiskQueryRelay.taskExecutionTotalTimeUs,1771327354606000000,1771327414608000000,0
workspaceModel.entityStorageSnapshotImpl.instances.count,1771327354606000000,1771327414608000000,0
workspaceModel.workspaceFileIndexData.getDirectoriesByPackageName.ms,1771327354606000000,1771327414608000000,0
workspaceModel.workspaceFileIndexData.processFileSets.ms,1771327354606000000,1771327414608000000,0
workspaceModel.cachedValue.calculated.count,1771327354606000000,1771327414608000000,0
workspaceModel.loading.total.ms,1771327354606000000,1771327414608000000,0
workspaceModel.workspaceFileIndexData.init.ms,1771327354606000000,1771327414608000000,0
workspaceModel.replace.project.model.ms,1771327354606000000,1771327414608000000,0
workspaceModel.updates.count,1771327354606000000,1771327414608000000,0
workspaceModel.workspaceFileIndexData.visitFileSets.ms,1771327354606000000,1771327414608000000,0
workspaceModel.cachedValueWithParameters.calculated.count,1771327354606000000,1771327414608000000,0
workspaceModel.loading.from.cache.ms,1771327354606000000,1771327414608000000,0
workspaceModel.pre.handlers.ms,1771327354606000000,1771327414608000000,0
workspaceModel.workspaceFileIndexData.updateDirtyEntities.ms,1771327354606000000,1771327414608000000,0
workspaceModel.init.bridges.ms,1771327354606000000,1771327414608000000,0
workspaceModel.cachedValueWithParameters.clear.count,1771327354606000000,1771327414608000000,0
workspaceModel.updates.ms,1771327354606000000,1771327414608000000,0
workspaceModel.workspaceFileIndexContributor.registerFileSets.ms,1771327354606000000,1771327414608000000,0
workspaceModel.updates.precise.ms,1771327354606000000,1771327414608000000,0
workspaceModel.cachedValue.clear.count,1771327354606000000,1771327414608000000,0
workspaceModel.check.recursive.update.ms,1771327354606000000,1771327414608000000,0
workspaceModel.workspaceFileIndexData.markDirty.ms,1771327354606000000,1771327414608000000,0
workspaceModel.cachedValueWithParameters.from.cache.count,1771327354606000000,1771327414608000000,0
workspaceModel.collect.changes.ms,1771327354606000000,1771327414608000000,0
workspaceModel.workspaceFileIndexData.instances.count,1771327354606000000,1771327414608000000,0
workspaceModel.cachedValue.from.cache.count,1771327354606000000,1771327414608000000,0
workspaceModel.full.replace.project.model.ms,1771327354606000000,1771327414608000000,0
workspaceModel.workspaceFileIndexData.getPackageName.ms,1771327354606000000,1771327414608000000,0
workspaceModel.initializing.ms,1771327354606000000,1771327414608000000,0
workspaceModel.cachedValueWithParameters.total.get.count,1771327354606000000,1771327414608000000,0
workspaceModel.workspaceFileIndexData.getFileInfo.ms,1771327354606000000,1771327414608000000,0
workspaceModel.cachedValue.total.get.count,1771327354606000000,1771327414608000000,0
workspaceModel.to.snapshot.ms,1771327354606000000,1771327414608000000,0
workspaceModel.workspaceFileIndexData.onEntitiesChanged.ms,1771327354606000000,1771327414608000000,0
workspaceModel.update.unloaded.entities.ms,1771327354606000000,1771327414608000000,0
workspaceModel.on.changed.ms,1771327354606000000,1771327414608000000,0
workspaceModel.on.before.changed.ms,1771327354606000000,1771327414608000000,0
compiler.ArtifactModifiableModelBridge.findArtifacts.ms,1771327354606000000,1771327414608000000,0
compiler.ArtifactManagerBridge.initBridges.ms,1771327354606000000,1771327414608000000,0
compiler.ArtifactVirtualFileListener.propertyChanged.ms,1771327354606000000,1771327414608000000,0
compiler.ArtifactManagerBridge.getArtifactsByType.ms,1771327354606000000,1771327414608000000,0
compiler.ArtifactModifiableModelBridge.addArtifact.ms,1771327354606000000,1771327414608000000,0
compiler.ArtifactModifiableModelBridge.dispose.ms,1771327354606000000,1771327414608000000,0
compiler.ArtifactManagerBridge.dropMappings.ms,1771327354606000000,1771327414608000000,0
compiler.ArtifactModifiableModelBridge.getArtifacts.ms,1771327354606000000,1771327414608000000,0
compiler.ArtifactModifiableModelBridge.commit.ms,1771327354606000000,1771327414608000000,2
compiler.ArtifactManagerBridge.addArtifact.ms,1771327354606000000,1771327414608000000,0
compiler.ArtifactManagerBridge.getArtifacts.ms,1771327354606000000,1771327414608000000,0
compiler.ArtifactModifiableModelBridge.getArtifactsByType.ms,1771327354606000000,1771327414608000000,0
compiler.ArtifactManagerBridge.commit.ms,1771327354606000000,1771327414608000000,0
compiler.ArtifactVirtualFileListener.filePathChanged.ms,1771327354606000000,1771327414608000000,0
compiler.ArtifactManagerBridge.findArtifact.ms,1771327354606000000,1771327414608000000,0
MappedFileStorage.totalPagesMapped,1771327354606000000,1771327414608000000,15
DirectByteBufferAllocator.disposed,1771327354606000000,1771327414608000000,0
StorageLockContext.competingThreads.max,1771327354606000000,1771327414608000000,0
StreamlinedBlobStorage.totalLiveRecordsPayloadBytes,1771327354606000000,1771327414608000000,0
StorageLockContext.competingThreads.90P,1771327354606000000,1771327414608000000,0
StreamlinedBlobStorage.recordsAllocated,1771327354606000000,1771327414608000000,0
FilePageCache.disposedBuffers,1771327354606000000,1771327414608000000,0
StreamlinedBlobStorage.totalLiveRecordsCapacityBytes,1771327354606000000,1771327414608000000,0
FileChannelInterruptsRetryer.totalRetriedAttempts,1771327354606000000,1771327414608000000,0
FilePageCache.pageFastCacheHits,1771327354606000000,1771327414608000000,0
DirectByteBufferAllocator.reclaimed,1771327354606000000,1771327414608000000,0
FilePageCache.pageHits,1771327354606000000,1771327414608000000,0
MappedFileStorage.totalBytesMapped,1771327354606000000,1771327414608000000,198443008
FilePageCache.pageLoads,1771327354606000000,1771327414608000000,0
FilePageCache.maxRegisteredFiles,1771327354606000000,1771327414608000000,439
DirectByteBufferAllocator.hits,1771327354606000000,1771327414608000000,0
StorageLockContext.competingThreads.avg,1771327354606000000,1771327414608000000,0.0
DirectByteBufferAllocator.misses,1771327354606000000,1771327414608000000,0
FilePageCache.totalPageDisposalsUs,1771327354606000000,1771327414608000000,0
DirectByteBufferAllocator.totalSizeOfBuffersCachedInBytes,1771327354606000000,1771327414608000000,0
StreamlinedBlobStorage.recordsRelocated,1771327354606000000,1771327414608000000,0
FilePageCache.pageLoadsAboveSizeThreshold,1771327354606000000,1771327414608000000,0
DirectByteBufferAllocator.totalSizeOfBuffersAllocatedInBytes,1771327354606000000,1771327414608000000,389021696
MappedFileStorage.storages,1771327354606000000,1771327414608000000,15
MappedFileStorage.totalTimeSpentOnMappingUs,1771327354606000000,1771327414608000000,177934
FilePageCache.capacityInBytes,1771327354606000000,1771327414608000000,629145600
FilePageCache.maxCacheSizeInBytes,1771327354606000000,1771327414608000000,389021696
FilePageCache.totalPageLoadsUs,1771327354606000000,1771327414608000000,0
FilePageCache.uncachedFileAccess,1771327354606000000,1771327414608000000,0
StreamlinedBlobStorage.recordsDeleted,1771327354606000000,1771327414608000000,0
cacheStateStorage.set.counter,1771327354606000000,1771327414608000000,0
cacheStateStorage.get.duration,1771327354606000000,1771327414608000000,0
cacheStateStorage.get.counter,1771327354606000000,1771327414608000000,0
cacheStateStorage.set.duration,1771327354606000000,1771327414608000000,0
Indexes.entries.lookupDuration90PMs,1771327414608000000,1771327440885000000,0.0
Indexing.writer_0.totalTimeSpentWritingMs,1771327414608000000,1771327440885000000,12
Indexing.writesQueuedMax,1771327414608000000,1771327440885000000,0
Indexing.writesQueuedMin,1771327414608000000,1771327440885000000,9223372036854775807
Indexing.writer_1.totalTimeSpentWritingMs,1771327414608000000,1771327440885000000,11
Indexes.allKeys.lookupDuration90PMs,1771327414608000000,1771327440885000000,0.0
Indexes.stubs.lookupDurationAvgMs,1771327414608000000,1771327440885000000,0.0
Indexing.cache.totalCacheEvicted,1771327414608000000,1771327440885000000,46683
Indexes.stubs.lookupDuration90PMs,1771327414608000000,1771327440885000000,0.0
Indexing.writer_2.totalTimeSpentWritingMs,1771327414608000000,1771327440885000000,1
Indexes.stubs.lookupDurationMaxMs,1771327414608000000,1771327440885000000,0.0
Indexes.allKeys.lookups,1771327414608000000,1771327440885000000,0
Indexes.entries.lookupDurationAvgMs,1771327414608000000,1771327440885000000,0.0
Indexes.entries.lookupDurationMaxMs,1771327414608000000,1771327440885000000,0.0
Indexes.allKeys.lookupDurationMaxMs,1771327414608000000,1771327440885000000,0.0
Indexing.cache.totalCacheAccesses,1771327414608000000,1771327440885000000,155563
Indexing.cache.totalCacheMisses,1771327414608000000,1771327440885000000,46683
Indexes.stubs.lookups,1771327414608000000,1771327440885000000,118401
Indexing.writer_3.totalTimeSpentWritingMs,1771327414608000000,1771327440885000000,1
Indexes.allKeys.lookupDurationAvgMs,1771327414608000000,1771327440885000000,0.0
Indexing.totalTimeIndexersSleptMs,1771327414608000000,1771327440885000000,0
Indexes.entries.lookups,1771327414608000000,1771327440885000000,4678
JVM.totalTimeAtSafepointsMs,1771327414608000000,1771327440885000000,464
JVM.usedHeapBytes,1771327414608000000,1771327440885000000,1213146672
JVM.totalTimeToSafepointsMs,1771327414608000000,1771327440885000000,214
MEM.ramMinusFileMappingsBytes,1771327414608000000,1771327440885000000,3298828288
OS.loadAverage,1771327414608000000,1771327440885000000,3.5361328125
JVM.newThreadsCount,1771327414608000000,1771327440885000000,72
MEM.ramPlusSwapMinusFileMappingsBytes,1771327414608000000,1771327440885000000,3298828288
JVM.maxThreadCount,1771327414608000000,1771327440885000000,182
JVM.threadCount,1771327414608000000,1771327440885000000,78
JVM.totalBytesAllocated,1771327414608000000,1771327440885000000,12988448368
JVM.totalDirectByteBuffersBytes,1771327414608000000,1771327440885000000,56495009
JVM.totalCpuTimeMs,1771327414608000000,1771327440885000000,70910
JVM.GC.collections,1771327414608000000,1771327440885000000,24
JVM.maxHeapBytes,1771327414608000000,1771327440885000000,28840034304
MEM.ramBytes,1771327414608000000,1771327440885000000,3980345344
JVM.totalSafepointCount,1771327414608000000,1771327440885000000,330
JVM.GC.collectionTimesMs,1771327414608000000,1771327440885000000,414
JVM.usedNativeBytes,1771327414608000000,1771327440885000000,515930368
MEM.fileMappingsRamBytes,1771327414608000000,1771327440885000000,681517056
JVM.committedHeapBytes,1771327414608000000,1771327440885000000,2097152000
jps.apply.loaded.storage.ms,1771327414608000000,1771327440885000000,0
jps.module.iml.entities.serializer.save.entities.ms,1771327414608000000,1771327440885000000,11
workspaceModel.mutableEntityStorage.to.snapshot.ms,1771327414608000000,1771327440885000000,0
workspaceModel.mutableEntityStorage.add.entity.ms,1771327414608000000,1771327440885000000,0
workspaceModel.mutableEntityStorage.hasReferrers.ms,1771327414608000000,1771327440885000000,0
workspaceModel.mutableEntityStorage.collect.changes.ms,1771327414608000000,1771327440885000000,0
workspaceModel.mutableEntityStorage.modify.entity.ms,1771327414608000000,1771327440885000000,0
workspaceModel.sync.entities.ms,1771327414608000000,1771327440885000000,0
workspaceModel.global.updates.count,1771327414608000000,1771327440885000000,0
jps.load.project.to.empty.storage.ms,1771327414608000000,1771327440885000000,0
jps.load.initial.state.ms,1771327414608000000,1771327440885000000,0
jps.module.dependency.index.workspace.model.listener.on.changed.ms,1771327414608000000,1771327440885000000,0
jps.artifact.entities.serializer.load.entities.ms,1771327414608000000,1771327440885000000,0
jps.global.get.libraries.ms,1771327414608000000,1771327440885000000,0
workspaceModel.save.cache.to.file.ms,1771327414608000000,1771327440885000000,0
workspaceModel.moduleManagerBridge.create.module.instance.ms,1771327414608000000,1771327440885000000,0
jps.artifact.entities.serializer.save.entities.ms,1771327414608000000,1771327440885000000,0
jps.library.entities.serializer.save.entities.ms,1771327414608000000,1771327440885000000,5
jps.project.serializers.load.ms,1771327414608000000,1771327440885000000,0
workspaceModel.mutableEntityStorage.apply.changes.from.ms,1771327414608000000,1771327440885000000,0
workspaceModel.mutableEntityStorage.referrers.ms,1771327414608000000,1771327440885000000,0
workspaceModel.mutableEntityStorage.changeLog.addReplaceEventForNewParent.ms,1771327414608000000,1771327440885000000,0
jps.global.get.library.by.name.ms,1771327414608000000,1771327440885000000,0
jps.global.get.library.ms,1771327414608000000,1771327440885000000,0
jps.reload.project.entities.ms,1771327414608000000,1771327440885000000,0
workspaceModel.moduleManagerBridge.build.module.graph.ms,1771327414608000000,1771327440885000000,1
jps.app.storage.content.reader.load.component.ms,1771327414608000000,1771327440885000000,0
workspaceModel.mutableEntityStorage.has.same.entities.ms,1771327414608000000,1771327440885000000,0
workspaceModel.moduleBridge.update.option.ms,1771327414608000000,1771327440885000000,0
jps.storage.jps.conf.reader.load.component.ms,1771327414608000000,1771327440885000000,0
jps.library.entities.serializer.load.entities.ms,1771327414608000000,1771327440885000000,0
jps.module.iml.entities.serializer.load.entities.ms,1771327414608000000,1771327440885000000,0
workspaceModel.mutableEntityStorage.resolve.ms,1771327414608000000,1771327440885000000,0
workspaceModel.moduleBridge.facet.initialization.ms,1771327414608000000,1771327440885000000,0
jps.facet.change.listener.process.change.events.ms,1771327414608000000,1771327440885000000,0
workspaceModel.moduleManagerBridge.load.module.ms,1771327414608000000,1771327440885000000,0
workspaceModel.moduleManagerBridge.set.unloadedModules.ms,1771327414608000000,1771327440885000000,0
workspaceModel.moduleManagerBridge.new.nonPersistent.module.ms,1771327414608000000,1771327440885000000,0
workspaceModel.do.save.caches.ms,1771327414608000000,1771327440885000000,0
workspaceModel.moduleBridge.before.changed.ms,1771327414608000000,1771327440885000000,0
jps.global.handle.before.change.events.ms,1771327414608000000,1771327440885000000,0
workspaceModel.load.cache.from.file.ms,1771327414608000000,1771327440885000000,0
workspaceModel.mutableEntityStorage.replace.by.source.ms,1771327414608000000,1771327440885000000,0
jps.facet.change.listener.before.change.events.ms,1771327414608000000,1771327440885000000,0
jps.modifiable.module.model.bridge.renaming.ms,1771327414608000000,1771327440885000000,0
jps.global.handle.changed.events.ms,1771327414608000000,1771327440885000000,0
jps.facet.change.listener.init.bridge.ms,1771327414608000000,1771327440885000000,0
workspaceModel.global.apply.state.to.project.ms,1771327414608000000,1771327440885000000,0
workspaceModel.mutableEntityStorage.changeLog.addReplaceEventForRemovedChild.ms,1771327414608000000,1771327440885000000,0
jps.global.initialize.library.bridges.after.loading.ms,1771327414608000000,1771327440885000000,0
workspaceModel.moduleManagerBridge.get.modules.ms,1771327414608000000,1771327440885000000,0
jps.modifiable.module.model.bridge.new.module.ms,1771327414608000000,1771327440885000000,0
jps.modifiable.module.model.bridge.load.module.ms,1771327414608000000,1771327440885000000,0
workspaceModel.mutableEntityStorage.changeLog.addReplaceEventForRemovedParent.ms,1771327414608000000,1771327440885000000,0
workspaceModel.mutableEntityStorage.instances.count,1771327414608000000,1771327440885000000,0
jps.save.changed.project.entities.ms,1771327414608000000,1771327440885000000,28
jps.global.initialize.library.bridges.ms,1771327414608000000,1771327440885000000,0
workspaceModel.mutableEntityStorage.mutable.ext.mapping.ms,1771327414608000000,1771327440885000000,0
jps.app.storage.content.writer.save.component.ms,1771327414608000000,1771327440885000000,5
jps.modifiable.module.model.bridge.disposing.ms,1771327414608000000,1771327440885000000,0
workspaceModel.moduleBridgeLoader.loading.modules.ms,1771327414608000000,1771327440885000000,0
workspaceModel.mutableEntityStorage.changeLog.addReplaceEventForNewChild.ms,1771327414608000000,1771327440885000000,0
workspaceModel.global.apply.state.to.project.builder.ms,1771327414608000000,1771327440885000000,0
workspaceModel.mutableEntityStorage.entities.by.source.ms,1771327414608000000,1771327440885000000,0
jps.project.serializers.save.ms,1771327414608000000,1771327440885000000,27
jps.save.global.entities.ms,1771327414608000000,1771327440885000000,30
workspaceModel.mutableEntityStorage.remove.entity.ms,1771327414608000000,1771327440885000000,0
workspaceModel.mutableEntityStorage.put.entity.ms,1771327414608000000,1771327440885000000,0
workspaceModel.delayed.project.synchronizer.sync.ms,1771327414608000000,1771327440885000000,0
workspaceModel.load.cache.metadata.from.file.ms,1771327414608000000,1771327440885000000,0
workspaceModel.moduleManagerBridge.newModule.ms,1771327414608000000,1771327440885000000,0
workspaceModel.orphan.listener.update.ms,1771327414608000000,1771327440885000000,0
workspaceModel.global.updates.ms,1771327414608000000,1771327440885000000,0
workspaceModel.moduleManagerBridge.load.all.modules.ms,1771327414608000000,1771327440885000000,0
workspaceModel.mutableEntityStorage.mutable.vfurl.index.ms,1771327414608000000,1771327440885000000,0
workspaceModel.mutableEntityStorage.entities.ms,1771327414608000000,1771327440885000000,0
AWTEventQueue.dispatchTimeTotalNS,1771327414608000000,1771327440885000000,423991021
NonBlockingReadAction.failedExecutionTimeUs,1771327414608000000,1771327440885000000,0
NonBlockingReadAction.finalizedExecutionsCount,1771327414608000000,1771327440885000000,272
NonBlockingReadAction.finalizedExecutionTimeUs,1771327414608000000,1771327440885000000,128500
NonBlockingReadAction.failedExecutionsCount,1771327414608000000,1771327440885000000,0
parser.Groovy.size.bytes,1771327414608000000,1771327440885000000,8010
parser.HTML.size.bytes,1771327414608000000,1771327440885000000,2392533
lexer.Groovy.time.ns,1771327414608000000,1771327440885000000,1170669
lexer.IgnoreLang.size.bytes,1771327414608000000,1771327440885000000,444
lexer.RegExp.time.ns,1771327414608000000,1771327440885000000,408209
parser.XML.size.bytes,1771327414608000000,1771327440885000000,5350314
parser.RegExp.time.ns,1771327414608000000,1771327440885000000,654917
parser.Groovy.time.ns,1771327414608000000,1771327440885000000,19392037
parser.IgnoreLang.time.ns,1771327414608000000,1771327440885000000,961500
writeAction.count,1771327414608000000,1771327440885000000,15
DiskQueryRelay.tasksExecuted,1771327414608000000,1771327440885000000,11481
lexer.JAVA.time.ns,1771327414608000000,1771327440885000000,12529297
parser.Properties.time.ns,1771327414608000000,1771327440885000000,2522168
LowMemory.gcLoad,1771327414608000000,1771327440885000000,0.0
parser.JSON.time.ns,1771327414608000000,1771327440885000000,1375867763
lexer.JAVA.size.bytes,1771327414608000000,1771327440885000000,228177
DiskQueryRelay.taskWaitingTotalTimeUs,1771327414608000000,1771327440885000000,1879860
DiskQueryRelay.tasksRequested,1771327414608000000,1771327440885000000,11951
lexer.HTML.time.ns,1771327414608000000,1771327440885000000,80123089
writeAction.wait.ms,1771327414608000000,1771327440885000000,3
lexer.Properties.size.bytes,1771327414608000000,1771327440885000000,14761
parser.JSON.size.bytes,1771327414608000000,1771327440885000000,17719868
lexer.HTML.size.bytes,1771327414608000000,1771327440885000000,2392533
lexer.JSON.size.bytes,1771327414608000000,1771327440885000000,18119144
parser.JAVA.time.ns,1771327414608000000,1771327440885000000,146793964
lexer.RegExp.size.bytes,1771327414608000000,1771327440885000000,163
lexer.XML.size.bytes,1771327414608000000,1771327440885000000,5350314
LowMemory.gcOverloaded,1771327414608000000,1771327440885000000,0
parser.Lombok.Config.time.ns,1771327414608000000,1771327440885000000,121292
lexer.IgnoreLang.time.ns,1771327414608000000,1771327440885000000,132958
parser.HTML.time.ns,1771327414608000000,1771327440885000000,141509834
lexer.Properties.time.ns,1771327414608000000,1771327440885000000,291958
writeAction.median.wait.ms,1771327414608000000,1771327440885000000,200
writeAction.max.wait.ms,1771327414608000000,1771327440885000000,2271
parser.IgnoreLang.size.bytes,1771327414608000000,1771327440885000000,444
parser.Properties.size.bytes,1771327414608000000,1771327440885000000,14761
lexer.JSON.time.ns,1771327414608000000,1771327440885000000,202805874
lexer.Groovy.size.bytes,1771327414608000000,1771327440885000000,8010
lexer.Lombok.Config.time.ns,1771327414608000000,1771327440885000000,45625
parser.JAVA.size.bytes,1771327414608000000,1771327440885000000,239525
DiskQueryRelay.taskExecutionTotalTimeUs,1771327414608000000,1771327440885000000,893948
parser.Lombok.Config.size.bytes,1771327414608000000,1771327440885000000,137
lexer.Lombok.Config.size.bytes,1771327414608000000,1771327440885000000,137
lexer.XML.time.ns,1771327414608000000,1771327440885000000,105363707
parser.RegExp.size.bytes,1771327414608000000,1771327440885000000,163
parser.XML.time.ns,1771327414608000000,1771327440885000000,447372917
workspaceModel.entityStorageSnapshotImpl.instances.count,1771327414608000000,1771327440885000000,0
workspaceModel.workspaceFileIndexData.getDirectoriesByPackageName.ms,1771327414608000000,1771327440885000000,10
workspaceModel.workspaceFileIndexData.processFileSets.ms,1771327414608000000,1771327440885000000,0
workspaceModel.cachedValue.calculated.count,1771327414608000000,1771327440885000000,3
workspaceModel.loading.total.ms,1771327414608000000,1771327440885000000,0
workspaceModel.workspaceFileIndexData.init.ms,1771327414608000000,1771327440885000000,0
workspaceModel.replace.project.model.ms,1771327414608000000,1771327440885000000,0
workspaceModel.updates.count,1771327414608000000,1771327440885000000,0
workspaceModel.workspaceFileIndexData.visitFileSets.ms,1771327414608000000,1771327440885000000,0
workspaceModel.cachedValueWithParameters.calculated.count,1771327414608000000,1771327440885000000,1
workspaceModel.loading.from.cache.ms,1771327414608000000,1771327440885000000,0
workspaceModel.pre.handlers.ms,1771327414608000000,1771327440885000000,0
workspaceModel.workspaceFileIndexData.updateDirtyEntities.ms,1771327414608000000,1771327440885000000,0
workspaceModel.init.bridges.ms,1771327414608000000,1771327440885000000,0
workspaceModel.cachedValueWithParameters.clear.count,1771327414608000000,1771327440885000000,0
workspaceModel.updates.ms,1771327414608000000,1771327440885000000,0
workspaceModel.workspaceFileIndexContributor.registerFileSets.ms,1771327414608000000,1771327440885000000,0
workspaceModel.updates.precise.ms,1771327414608000000,1771327440885000000,0
workspaceModel.cachedValue.clear.count,1771327414608000000,1771327440885000000,0
workspaceModel.check.recursive.update.ms,1771327414608000000,1771327440885000000,0
workspaceModel.workspaceFileIndexData.markDirty.ms,1771327414608000000,1771327440885000000,0
workspaceModel.cachedValueWithParameters.from.cache.count,1771327414608000000,1771327440885000000,847
workspaceModel.collect.changes.ms,1771327414608000000,1771327440885000000,0
workspaceModel.workspaceFileIndexData.instances.count,1771327414608000000,1771327440885000000,0
workspaceModel.cachedValue.from.cache.count,1771327414608000000,1771327440885000000,9731
workspaceModel.full.replace.project.model.ms,1771327414608000000,1771327440885000000,0
workspaceModel.workspaceFileIndexData.getPackageName.ms,1771327414608000000,1771327440885000000,3
workspaceModel.initializing.ms,1771327414608000000,1771327440885000000,0
workspaceModel.cachedValueWithParameters.total.get.count,1771327414608000000,1771327440885000000,848
workspaceModel.workspaceFileIndexData.getFileInfo.ms,1771327414608000000,1771327440885000000,733
workspaceModel.cachedValue.total.get.count,1771327414608000000,1771327440885000000,9734
workspaceModel.to.snapshot.ms,1771327414608000000,1771327440885000000,0
workspaceModel.workspaceFileIndexData.onEntitiesChanged.ms,1771327414608000000,1771327440885000000,0
workspaceModel.update.unloaded.entities.ms,1771327414608000000,1771327440885000000,0
workspaceModel.on.changed.ms,1771327414608000000,1771327440885000000,0
workspaceModel.on.before.changed.ms,1771327414608000000,1771327440885000000,0
compiler.ArtifactModifiableModelBridge.findArtifacts.ms,1771327414608000000,1771327440885000000,0
compiler.ArtifactManagerBridge.initBridges.ms,1771327414608000000,1771327440885000000,0
compiler.ArtifactVirtualFileListener.propertyChanged.ms,1771327414608000000,1771327440885000000,0
compiler.ArtifactManagerBridge.getArtifactsByType.ms,1771327414608000000,1771327440885000000,0
compiler.ArtifactModifiableModelBridge.addArtifact.ms,1771327414608000000,1771327440885000000,0
compiler.ArtifactModifiableModelBridge.dispose.ms,1771327414608000000,1771327440885000000,0
compiler.ArtifactManagerBridge.dropMappings.ms,1771327414608000000,1771327440885000000,0
compiler.ArtifactModifiableModelBridge.getArtifacts.ms,1771327414608000000,1771327440885000000,0
compiler.ArtifactModifiableModelBridge.commit.ms,1771327414608000000,1771327440885000000,2
compiler.ArtifactManagerBridge.addArtifact.ms,1771327414608000000,1771327440885000000,0
compiler.ArtifactManagerBridge.getArtifacts.ms,1771327414608000000,1771327440885000000,0
compiler.ArtifactModifiableModelBridge.getArtifactsByType.ms,1771327414608000000,1771327440885000000,0
compiler.ArtifactManagerBridge.commit.ms,1771327414608000000,1771327440885000000,0
compiler.ArtifactVirtualFileListener.filePathChanged.ms,1771327414608000000,1771327440885000000,0
compiler.ArtifactManagerBridge.findArtifact.ms,1771327414608000000,1771327440885000000,0
DirectByteBufferAllocator.disposed,1771327414608000000,1771327440885000000,332
StorageLockContext.competingThreads.max,1771327414608000000,1771327440885000000,0
StorageLockContext.competingThreads.90P,1771327414608000000,1771327440885000000,0
FilePageCache.disposedBuffers,1771327414608000000,1771327440885000000,372
FileChannelInterruptsRetryer.totalRetriedAttempts,1771327414608000000,1771327440885000000,0
FilePageCache.pageFastCacheHits,1771327414608000000,1771327440885000000,37103
DirectByteBufferAllocator.reclaimed,1771327414608000000,1771327440885000000,40
FilePageCache.pageHits,1771327414608000000,1771327440885000000,1200
FilePageCache.pageLoads,1771327414608000000,1771327440885000000,1
FilePageCache.maxRegisteredFiles,1771327414608000000,1771327440885000000,442
DirectByteBufferAllocator.hits,1771327414608000000,1771327440885000000,0
StorageLockContext.competingThreads.avg,1771327414608000000,1771327440885000000,0.0
DirectByteBufferAllocator.misses,1771327414608000000,1771327440885000000,1
FilePageCache.totalPageDisposalsUs,1771327414608000000,1771327440885000000,9
DirectByteBufferAllocator.totalSizeOfBuffersCachedInBytes,1771327414608000000,1771327440885000000,41943040
FilePageCache.pageLoadsAboveSizeThreshold,1771327414608000000,1771327440885000000,0
DirectByteBufferAllocator.totalSizeOfBuffersAllocatedInBytes,1771327414608000000,1771327440885000000,41943040
FilePageCache.capacityInBytes,1771327414608000000,1771327440885000000,629145600
FilePageCache.maxCacheSizeInBytes,1771327414608000000,1771327440885000000,390070272
FilePageCache.totalPageLoadsUs,1771327414608000000,1771327440885000000,243
FilePageCache.uncachedFileAccess,1771327414608000000,1771327440885000000,16
cacheStateStorage.set.counter,1771327414608000000,1771327440885000000,92
cacheStateStorage.get.duration,1771327414608000000,1771327440885000000,0
cacheStateStorage.get.counter,1771327414608000000,1771327440885000000,0
cacheStateStorage.set.duration,1771327414608000000,1771327440885000000,13
