# OpenTelemetry Metrics report: .csv, 4 fields: 
# <metric name>, <period start, nanoseconds>, <period end, nanoseconds>, <metric value>
# See CsvMetricsExporter for details.
# 
# NAME, PERIOD_START_NANOS, PERIOD_END_NANOS, VALUE
parser.Flow.JS.time.ns,1772809176930000000,1772809236936000000,346058460
parser.CSS.size.bytes,1772809176930000000,1772809236936000000,11511726
parser.JAVA.size.bytes,1772809176930000000,1772809236936000000,230286
lexer.Flow.JS.size.bytes,1772809176930000000,1772809236936000000,140172
DiskQueryRelay.tasksRequested,1772809176930000000,1772809236936000000,43705
parser.HTML.time.ns,1772809176930000000,1772809236936000000,1335730920
lexer.CSS.size.bytes,1772809176930000000,1772809236936000000,11511726
parser.ECMAScript.6.time.ns,1772809176930000000,1772809236936000000,1327208992
LowMemory.gcLoad,1772809176930000000,1772809236936000000,0.0
lexer.Groovy.time.ns,1772809176930000000,1772809236936000000,1563831
parser.Groovy.time.ns,1772809176930000000,1772809236936000000,108491547
lexer.HTML.time.ns,1772809176930000000,1772809236936000000,894286836
DiskQueryRelay.tasksExecuted,1772809176930000000,1772809236936000000,43705
writeAction.wait.ms,1772809176930000000,1772809236936000000,128
lexer.CSS.time.ns,1772809176930000000,1772809236936000000,343283014
lexer.SCSS.time.ns,1772809176930000000,1772809236936000000,3815541
writeAction.max.wait.ms,1772809176930000000,1772809236936000000,81
lexer.Lombok.Config.time.ns,1772809176930000000,1772809236936000000,79167
lexer.ECMAScript.6.size.bytes,1772809176930000000,1772809236936000000,7679794
parser.XML.time.ns,1772809176930000000,1772809236936000000,7584125
lexer.Flow.JS.time.ns,1772809176930000000,1772809236936000000,25515752
parser.JAVA.time.ns,1772809176930000000,1772809236936000000,235611131
lexer.JAVA.size.bytes,1772809176930000000,1772809236936000000,150826
DiskQueryRelay.taskExecutionTotalTimeUs,1772809176930000000,1772809236936000000,10657969
lexer.ECMAScript.6.time.ns,1772809176930000000,1772809236936000000,133147627
lexer.XML.time.ns,1772809176930000000,1772809236936000000,1033416
lexer.HTML.size.bytes,1772809176930000000,1772809236936000000,7221610
parser.CSS.time.ns,1772809176930000000,1772809236936000000,917338095
parser.JSON.size.bytes,1772809176930000000,1772809236936000000,503
parser.SCSS.time.ns,1772809176930000000,1772809236936000000,74061629
lexer.JAVA.time.ns,1772809176930000000,1772809236936000000,17336661
lexer.JSON.time.ns,1772809176930000000,1772809236936000000,3217042
writeAction.median.wait.ms,1772809176930000000,1772809236936000000,0
writeAction.count,1772809176930000000,1772809236936000000,31
parser.HTML.size.bytes,1772809176930000000,1772809236936000000,7221610
lexer.XML.size.bytes,1772809176930000000,1772809236936000000,6673
parser.Lombok.Config.time.ns,1772809176930000000,1772809236936000000,183959
LowMemory.gcOverloaded,1772809176930000000,1772809236936000000,0
parser.Flow.JS.size.bytes,1772809176930000000,1772809236936000000,140172
lexer.SCSS.size.bytes,1772809176930000000,1772809236936000000,21698
lexer.Groovy.size.bytes,1772809176930000000,1772809236936000000,8010
lexer.JSON.size.bytes,1772809176930000000,1772809236936000000,503
parser.JSON.time.ns,1772809176930000000,1772809236936000000,12899708
parser.XML.size.bytes,1772809176930000000,1772809236936000000,6673
parser.Lombok.Config.size.bytes,1772809176930000000,1772809236936000000,137
parser.SCSS.size.bytes,1772809176930000000,1772809236936000000,21698
parser.ECMAScript.6.size.bytes,1772809176930000000,1772809236936000000,25503601
parser.Groovy.size.bytes,1772809176930000000,1772809236936000000,8010
DiskQueryRelay.taskWaitingTotalTimeUs,1772809176930000000,1772809236936000000,13134921
lexer.Lombok.Config.size.bytes,1772809176930000000,1772809236936000000,137
workspaceModel.pre.handlers.ms,1772809176930000000,1772809236936000000,0
workspaceModel.on.changed.ms,1772809176930000000,1772809236936000000,125
workspaceModel.loading.total.ms,1772809176930000000,1772809236936000000,3
workspaceModel.cachedValueWithParameters.clear.count,1772809176930000000,1772809236936000000,0
workspaceModel.updates.precise.ms,1772809176930000000,1772809236936000000,10
workspaceModel.replace.project.model.ms,1772809176930000000,1772809236936000000,46
workspaceModel.entityStorageSnapshotImpl.instances.count,1772809176930000000,1772809236936000000,41
workspaceModel.cachedValue.from.cache.count,1772809176930000000,1772809236936000000,8817
workspaceModel.check.recursive.update.ms,1772809176930000000,1772809236936000000,1
workspaceModel.updates.count,1772809176930000000,1772809236936000000,9
workspaceModel.workspaceFileIndexData.getDirectoriesByPackageName.ms,1772809176930000000,1772809236936000000,0
workspaceModel.cachedValueWithParameters.calculated.count,1772809176930000000,1772809236936000000,0
workspaceModel.update.unloaded.entities.ms,1772809176930000000,1772809236936000000,0
workspaceModel.updates.ms,1772809176930000000,1772809236936000000,197
workspaceModel.collect.changes.ms,1772809176930000000,1772809236936000000,0
workspaceModel.workspaceFileIndexData.instances.count,1772809176930000000,1772809236936000000,1
workspaceModel.to.snapshot.ms,1772809176930000000,1772809236936000000,2
workspaceModel.workspaceFileIndexData.onEntitiesChanged.ms,1772809176930000000,1772809236936000000,38
workspaceModel.workspaceFileIndexData.markDirty.ms,1772809176930000000,1772809236936000000,0
workspaceModel.workspaceFileIndexContributor.registerFileSets.ms,1772809176930000000,1772809236936000000,34
workspaceModel.initializing.ms,1772809176930000000,1772809236936000000,42
workspaceModel.cachedValue.total.get.count,1772809176930000000,1772809236936000000,8861
workspaceModel.workspaceFileIndexData.init.ms,1772809176930000000,1772809236936000000,3
workspaceModel.cachedValueWithParameters.from.cache.count,1772809176930000000,1772809236936000000,0
workspaceModel.workspaceFileIndexData.processFileSets.ms,1772809176930000000,1772809236936000000,0
workspaceModel.workspaceFileIndexData.updateDirtyEntities.ms,1772809176930000000,1772809236936000000,0
workspaceModel.workspaceFileIndexData.getFileInfo.ms,1772809176930000000,1772809236936000000,486
workspaceModel.on.before.changed.ms,1772809176930000000,1772809236936000000,77
workspaceModel.workspaceFileIndexData.getPackageName.ms,1772809176930000000,1772809236936000000,0
workspaceModel.workspaceFileIndexData.visitFileSets.ms,1772809176930000000,1772809236936000000,130
workspaceModel.cachedValue.calculated.count,1772809176930000000,1772809236936000000,44
workspaceModel.loading.from.cache.ms,1772809176930000000,1772809236936000000,1
workspaceModel.cachedValueWithParameters.total.get.count,1772809176930000000,1772809236936000000,0
workspaceModel.full.replace.project.model.ms,1772809176930000000,1772809236936000000,59
workspaceModel.init.bridges.ms,1772809176930000000,1772809236936000000,46
workspaceModel.cachedValue.clear.count,1772809176930000000,1772809236936000000,2
VFS.fileByIdCache.misses,1772809176930000000,1772809236936000000,0
VFS.contentStorage.recordsUncompressedSize,1772809176930000000,1772809236936000000,574171
VFS.contentStorage.recordsDecompressionTimeUs,1772809176930000000,1772809236936000000,12944
VFS.cache.segmentsCreated,1772809176930000000,1772809236936000000,156
VFS.contentStorage.recordsReadSize,1772809176930000000,1772809236936000000,994759
VFS.contentStorage.recordsStored,1772809176930000000,1772809236936000000,47
FileNameCache.queries,1772809176930000000,1772809236936000000,4150400
VFS.contentStorage.recordsRead,1772809176930000000,1772809236936000000,34
VFS.contentStorage.recordsReadDecompressed,1772809176930000000,1772809236936000000,13
VFS.contentStorage.recordsStoredCompressed,1772809176930000000,1772809236936000000,8
FileNameCache.totalMisses,1772809176930000000,1772809236936000000,27392
VFS.contentStorage.recordsDeduplicated,1772809176930000000,1772809236936000000,20
VFS.cache.segments,1772809176930000000,1772809236936000000,155.0
VFS.invertedFileNameIndex.requests,1772809176930000000,1772809236936000000,0
VFS.rootsCount,1772809176930000000,1772809236936000000,72.0
VFS.fileByIdCache.hits,1772809176930000000,1772809236936000000,0
VFS.cache.filesCreated,1772809176930000000,1772809236936000000,96973
VFS.contentStorage.recordsStoredSize,1772809176930000000,1772809236936000000,288333
VFS.folderCaseSensitivityReads,1772809176930000000,1772809236936000000,307
VFS.cache.directoriesCreated,1772809176930000000,1772809236936000000,4051
VFS.fileChildByName,1772809176930000000,1772809236936000000,11368
workspaceModel.moduleManagerBridge.get.modules.ms,1772809176930000000,1772809236936000000,0
jps.library.entities.serializer.save.entities.ms,1772809176930000000,1772809236936000000,0
workspaceModel.mutableEntityStorage.changeLog.addReplaceEventForRemovedChild.ms,1772809176930000000,1772809236936000000,1
workspaceModel.mutableEntityStorage.collect.changes.ms,1772809176930000000,1772809236936000000,1
workspaceModel.mutableEntityStorage.replace.by.source.ms,1772809176930000000,1772809236936000000,31
jps.global.initialize.library.bridges.ms,1772809176930000000,1772809236936000000,0
jps.facet.change.listener.init.bridge.ms,1772809176930000000,1772809236936000000,27
workspaceModel.moduleManagerBridge.create.module.instance.ms,1772809176930000000,1772809236936000000,4
jps.global.handle.before.change.events.ms,1772809176930000000,1772809236936000000,0
workspaceModel.mutableEntityStorage.mutable.vfurl.index.ms,1772809176930000000,1772809236936000000,0
workspaceModel.moduleManagerBridge.build.module.graph.ms,1772809176930000000,1772809236936000000,2
workspaceModel.mutableEntityStorage.mutable.ext.mapping.ms,1772809176930000000,1772809236936000000,0
workspaceModel.mutableEntityStorage.modify.entity.ms,1772809176930000000,1772809236936000000,50
jps.modifiable.module.model.bridge.load.module.ms,1772809176930000000,1772809236936000000,0
jps.app.storage.content.reader.load.component.ms,1772809176930000000,1772809236936000000,0
workspaceModel.global.updates.count,1772809176930000000,1772809236936000000,3
jps.load.initial.state.ms,1772809176930000000,1772809236936000000,14
workspaceModel.moduleBridgeLoader.loading.modules.ms,1772809176930000000,1772809236936000000,275
workspaceModel.mutableEntityStorage.instances.count,1772809176930000000,1772809236936000000,60
workspaceModel.delayed.project.synchronizer.sync.ms,1772809176930000000,1772809236936000000,0
workspaceModel.mutableEntityStorage.changeLog.addReplaceEventForRemovedParent.ms,1772809176930000000,1772809236936000000,0
jps.library.entities.serializer.load.entities.ms,1772809176930000000,1772809236936000000,2
jps.module.iml.entities.serializer.load.entities.ms,1772809176930000000,1772809236936000000,28
workspaceModel.global.updates.ms,1772809176930000000,1772809236936000000,38
jps.storage.jps.conf.reader.load.component.ms,1772809176930000000,1772809236936000000,12
jps.load.project.to.empty.storage.ms,1772809176930000000,1772809236936000000,166
workspaceModel.mutableEntityStorage.put.entity.ms,1772809176930000000,1772809236936000000,26
workspaceModel.mutableEntityStorage.entities.ms,1772809176930000000,1772809236936000000,1
workspaceModel.moduleManagerBridge.set.unloadedModules.ms,1772809176930000000,1772809236936000000,0
workspaceModel.mutableEntityStorage.has.same.entities.ms,1772809176930000000,1772809236936000000,0
workspaceModel.moduleBridge.before.changed.ms,1772809176930000000,1772809236936000000,0
jps.artifact.entities.serializer.load.entities.ms,1772809176930000000,1772809236936000000,2
workspaceModel.moduleManagerBridge.load.module.ms,1772809176930000000,1772809236936000000,0
workspaceModel.save.cache.to.file.ms,1772809176930000000,1772809236936000000,419
workspaceModel.load.cache.from.file.ms,1772809176930000000,1772809236936000000,0
workspaceModel.moduleBridge.facet.initialization.ms,1772809176930000000,1772809236936000000,0
workspaceModel.mutableEntityStorage.entities.by.source.ms,1772809176930000000,1772809236936000000,0
jps.modifiable.module.model.bridge.disposing.ms,1772809176930000000,1772809236936000000,0
workspaceModel.mutableEntityStorage.referrers.ms,1772809176930000000,1772809236936000000,0
jps.project.serializers.load.ms,1772809176930000000,1772809236936000000,63
jps.global.get.library.by.name.ms,1772809176930000000,1772809236936000000,0
jps.save.global.entities.ms,1772809176930000000,1772809236936000000,0
jps.global.initialize.library.bridges.after.loading.ms,1772809176930000000,1772809236936000000,2
workspaceModel.mutableEntityStorage.remove.entity.ms,1772809176930000000,1772809236936000000,13
workspaceModel.mutableEntityStorage.hasReferrers.ms,1772809176930000000,1772809236936000000,0
workspaceModel.global.apply.state.to.project.builder.ms,1772809176930000000,1772809236936000000,10
jps.facet.change.listener.process.change.events.ms,1772809176930000000,1772809236936000000,1
workspaceModel.mutableEntityStorage.resolve.ms,1772809176930000000,1772809236936000000,0
jps.project.serializers.save.ms,1772809176930000000,1772809236936000000,0
workspaceModel.sync.entities.ms,1772809176930000000,1772809236936000000,2
jps.global.get.library.ms,1772809176930000000,1772809236936000000,0
workspaceModel.do.save.caches.ms,1772809176930000000,1772809236936000000,50
jps.save.changed.project.entities.ms,1772809176930000000,1772809236936000000,0
workspaceModel.load.cache.metadata.from.file.ms,1772809176930000000,1772809236936000000,0
jps.modifiable.module.model.bridge.renaming.ms,1772809176930000000,1772809236936000000,0
jps.apply.loaded.storage.ms,1772809176930000000,1772809236936000000,98
workspaceModel.mutableEntityStorage.to.snapshot.ms,1772809176930000000,1772809236936000000,3
workspaceModel.moduleManagerBridge.load.all.modules.ms,1772809176930000000,1772809236936000000,3
jps.modifiable.module.model.bridge.new.module.ms,1772809176930000000,1772809236936000000,8
workspaceModel.global.apply.state.to.project.ms,1772809176930000000,1772809236936000000,23
jps.reload.project.entities.ms,1772809176930000000,1772809236936000000,0
workspaceModel.mutableEntityStorage.changeLog.addReplaceEventForNewChild.ms,1772809176930000000,1772809236936000000,6
jps.global.handle.changed.events.ms,1772809176930000000,1772809236936000000,0
jps.module.iml.entities.serializer.save.entities.ms,1772809176930000000,1772809236936000000,0
workspaceModel.mutableEntityStorage.changeLog.addReplaceEventForNewParent.ms,1772809176930000000,1772809236936000000,0
jps.module.dependency.index.workspace.model.listener.on.changed.ms,1772809176930000000,1772809236936000000,8
workspaceModel.mutableEntityStorage.add.entity.ms,1772809176930000000,1772809236936000000,143
workspaceModel.orphan.listener.update.ms,1772809176930000000,1772809236936000000,1
jps.artifact.entities.serializer.save.entities.ms,1772809176930000000,1772809236936000000,0
workspaceModel.moduleManagerBridge.newModule.ms,1772809176930000000,1772809236936000000,20
workspaceModel.moduleBridge.update.option.ms,1772809176930000000,1772809236936000000,0
jps.facet.change.listener.before.change.events.ms,1772809176930000000,1772809236936000000,0
workspaceModel.moduleManagerBridge.new.nonPersistent.module.ms,1772809176930000000,1772809236936000000,0
workspaceModel.mutableEntityStorage.apply.changes.from.ms,1772809176930000000,1772809236936000000,11
jps.global.get.libraries.ms,1772809176930000000,1772809236936000000,0
compiler.ArtifactManagerBridge.findArtifact.ms,1772809176930000000,1772809236936000000,0
compiler.ArtifactManagerBridge.getArtifactsByType.ms,1772809176930000000,1772809236936000000,0
compiler.ArtifactVirtualFileListener.propertyChanged.ms,1772809176930000000,1772809236936000000,0
compiler.ArtifactManagerBridge.commit.ms,1772809176930000000,1772809236936000000,0
compiler.ArtifactManagerBridge.addArtifact.ms,1772809176930000000,1772809236936000000,0
compiler.ArtifactManagerBridge.dropMappings.ms,1772809176930000000,1772809236936000000,0
compiler.ArtifactVirtualFileListener.filePathChanged.ms,1772809176930000000,1772809236936000000,0
compiler.ArtifactManagerBridge.initBridges.ms,1772809176930000000,1772809236936000000,0
compiler.ArtifactManagerBridge.getArtifacts.ms,1772809176930000000,1772809236936000000,0
MappedFileStorage.totalPagesMapped,1772809176930000000,1772809236936000000,16
StorageLockContext.competingThreads.max,1772809176930000000,1772809236936000000,3
FilePageCache.maxRegisteredFiles,1772809176930000000,1772809236936000000,1824
FilePageCache.capacityInBytes,1772809176930000000,1772809236936000000,629145600
DirectByteBufferAllocator.misses,1772809176930000000,1772809236936000000,601
StreamlinedBlobStorage.totalLiveRecordsCapacityBytes,1772809176930000000,1772809236936000000,5408010
FilePageCache.totalPageLoadsUs,1772809176930000000,1772809236936000000,522841
MappedFileStorage.totalTimeSpentOnMappingUs,1772809176930000000,1772809236936000000,188645
FilePageCache.pageFastCacheHits,1772809176930000000,1772809236936000000,2430730
StreamlinedBlobStorage.recordsDeleted,1772809176930000000,1772809236936000000,3
FilePageCache.pageLoads,1772809176930000000,1772809236936000000,602
StreamlinedBlobStorage.totalLiveRecordsPayloadBytes,1772809176930000000,1772809236936000000,2913769
FilePageCache.maxCacheSizeInBytes,1772809176930000000,1772809236936000000,629145600
StorageLockContext.competingThreads.avg,1772809176930000000,1772809236936000000,0.05084745762711865
DirectByteBufferAllocator.disposed,1772809176930000000,1772809236936000000,0
MappedFileStorage.totalBytesMapped,1772809176930000000,1772809236936000000,202637312
StorageLockContext.competingThreads.90P,1772809176930000000,1772809236936000000,0
FilePageCache.totalPageDisposalsUs,1772809176930000000,1772809236936000000,890
FilePageCache.pageHits,1772809176930000000,1772809236936000000,3
StreamlinedBlobStorage.recordsRelocated,1772809176930000000,1772809236936000000,0
MappedFileStorage.storages,1772809176930000000,1772809236936000000,16
FileChannelInterruptsRetryer.totalRetriedAttempts,1772809176930000000,1772809236936000000,0
DirectByteBufferAllocator.reclaimed,1772809176930000000,1772809236936000000,210
StreamlinedBlobStorage.recordsAllocated,1772809176930000000,1772809236936000000,62049
FilePageCache.disposedBuffers,1772809176930000000,1772809236936000000,210
DirectByteBufferAllocator.totalSizeOfBuffersAllocatedInBytes,1772809176930000000,1772809236936000000,630194176
DirectByteBufferAllocator.hits,1772809176930000000,1772809236936000000,209
FilePageCache.uncachedFileAccess,1772809176930000000,1772809236936000000,1223
DirectByteBufferAllocator.totalSizeOfBuffersCachedInBytes,1772809176930000000,1772809236936000000,1048576
FilePageCache.pageLoadsAboveSizeThreshold,1772809176930000000,1772809236936000000,208
JVM.totalBytesAllocated,1772809176930000000,1772809236936000000,10187731088
JVM.maxThreadCount,1772809176930000000,1772809236936000000,256
JVM.usedNativeBytes,1772809176930000000,1772809236936000000,376110024
JVM.totalTimeToSafepointsMs,1772809176930000000,1772809236936000000,299
JVM.GC.collectionTimesMs,1772809176930000000,1772809236936000000,443
MEM.ramBytes,1772809176930000000,1772809236936000000,3261267968
JVM.threadCount,1772809176930000000,1772809236936000000,141
JVM.usedHeapBytes,1772809176930000000,1772809236936000000,1088442392
JVM.totalSafepointCount,1772809176930000000,1772809236936000000,382
JVM.newThreadsCount,1772809176930000000,1772809236936000000,393
JVM.maxHeapBytes,1772809176930000000,1772809236936000000,28840034304
JVM.totalTimeAtSafepointsMs,1772809176930000000,1772809236936000000,591
JVM.GC.collections,1772809176930000000,1772809236936000000,55
OS.loadAverage,1772809176930000000,1772809236936000000,3.14306640625
MEM.fileMappingsRamBytes,1772809176930000000,1772809236936000000,627580928
MEM.ramMinusFileMappingsBytes,1772809176930000000,1772809236936000000,2633687040
JVM.totalCpuTimeMs,1772809176930000000,1772809236936000000,95540
JVM.committedHeapBytes,1772809176930000000,1772809236936000000,1392508928
JVM.totalDirectByteBuffersBytes,1772809176930000000,1772809236936000000,656421439
MEM.ramPlusSwapMinusFileMappingsBytes,1772809176930000000,1772809236936000000,2633687040
Indexing.cache.totalCacheMisses,1772809176930000000,1772809236936000000,945717
Indexing.cache.totalCacheAccesses,1772809176930000000,1772809236936000000,3691800
Indexing.writer_0.totalTimeSpentWritingMs,1772809176930000000,1772809236936000000,1289
Indexing.writesQueuedMin,1772809176930000000,1772809236936000000,0
Indexing.cache.totalCacheEvicted,1772809176930000000,1772809236936000000,835770
Indexing.writer_1.totalTimeSpentWritingMs,1772809176930000000,1772809236936000000,1346
Indexing.writer_3.totalTimeSpentWritingMs,1772809176930000000,1772809236936000000,3742
Indexing.writesQueuedAvg,1772809176930000000,1772809236936000000,63.72631578947368
Indexing.writer_2.totalTimeSpentWritingMs,1772809176930000000,1772809236936000000,2282
Indexing.totalTimeIndexersSleptMs,1772809176930000000,1772809236936000000,10276
Indexing.writesQueuedMax,1772809176930000000,1772809236936000000,1324
cacheStateStorage.get.counter,1772809176930000000,1772809236936000000,18
cacheStateStorage.set.duration,1772809176930000000,1772809236936000000,29
cacheStateStorage.set.counter,1772809176930000000,1772809236936000000,3
cacheStateStorage.get.duration,1772809176930000000,1772809236936000000,1
NonBlockingReadAction.finalizedExecutionsCount,1772809176930000000,1772809236936000000,44
FlushQueue.tasksExecuted,1772809176930000000,1772809236936000000,520
FlushQueue.executionTimeAvgNs,1772809176930000000,1772809236936000000,4516938.284615384
AWTEventQueue.eventsDispatched,1772809176930000000,1772809236936000000,1748
NonBlockingReadAction.failedExecutionTimeUs,1772809176930000000,1772809236936000000,453251
AWTEventQueue.dispatchTimeMaxNs,1772809176930000000,1772809236936000000,494927871
FlushQueue.queueSize90P,1772809176930000000,1772809236936000000,5
FlushQueue.waitingTimeMaxNs,1772809176930000000,1772809236936000000,557842431
FlushQueue.waitingTimeAvgNs,1772809176930000000,1772809236936000000,3.977968578461538E7
AWTEventQueue.dispatchTimeTotalNS,1772809176930000000,1772809236936000000,2290826464
NonBlockingReadAction.failedExecutionsCount,1772809176930000000,1772809236936000000,2
FlushQueue.executionTime90PNs,1772809176930000000,1772809236936000000,4095999
NonBlockingReadAction.finalizedExecutionTimeUs,1772809176930000000,1772809236936000000,103255
WriteAction.executionsCount,1772809176930000000,1772809236936000000,31
FlushQueue.executionTimeMaxNs,1772809176930000000,1772809236936000000,492830719
FlushQueue.queueSizeAvg,1772809176930000000,1772809236936000000,1.5980769230769232
ReadAction.executionsCount,1772809176930000000,1772809236936000000,249699
FlushQueue.queueSizeMax,1772809176930000000,1772809236936000000,29
AWTEventQueue.dispatchTime90PNs,1772809176930000000,1772809236936000000,835583
AWTEventQueue.dispatchTimeAvgNs,1772809176930000000,1772809236936000000,1311171.6064073227
FlushQueue.waitingTime90PNs,1772809176930000000,1772809236936000000,77594623
parser.CSS.size.bytes,1772809236936000000,1772809296935000000,10806081
parser.JAVA.size.bytes,1772809236936000000,1772809296935000000,420672
DiskQueryRelay.tasksRequested,1772809236936000000,1772809296935000000,11668
parser.HTML.time.ns,1772809236936000000,1772809296935000000,395168
lexer.CSS.size.bytes,1772809236936000000,1772809296935000000,10806081
parser.ECMAScript.6.time.ns,1772809236936000000,1772809296935000000,33670792
LowMemory.gcLoad,1772809236936000000,1772809296935000000,0.0
lexer.Groovy.time.ns,1772809236936000000,1772809296935000000,475001
parser.Groovy.time.ns,1772809236936000000,1772809296935000000,9982626
lexer.HTML.time.ns,1772809236936000000,1772809296935000000,1974251
DiskQueryRelay.tasksExecuted,1772809236936000000,1772809296935000000,11664
writeAction.wait.ms,1772809236936000000,1772809296935000000,30
lexer.CSS.time.ns,1772809236936000000,1772809296935000000,230726213
writeAction.max.wait.ms,1772809236936000000,1772809296935000000,81
parser.XML.time.ns,1772809236936000000,1772809296935000000,3446876
parser.JAVA.time.ns,1772809236936000000,1772809296935000000,184891431
lexer.JAVA.size.bytes,1772809236936000000,1772809296935000000,280707
DiskQueryRelay.taskExecutionTotalTimeUs,1772809236936000000,1772809296935000000,1618648
lexer.XML.time.ns,1772809236936000000,1772809296935000000,463749
lexer.HTML.size.bytes,1772809236936000000,1772809296935000000,5268
parser.CSS.time.ns,1772809236936000000,1772809296935000000,373017001
lexer.JAVA.time.ns,1772809236936000000,1772809296935000000,52892166
writeAction.median.wait.ms,1772809236936000000,1772809296935000000,100
writeAction.count,1772809236936000000,1772809296935000000,43
parser.HTML.size.bytes,1772809236936000000,1772809296935000000,5268
lexer.XML.size.bytes,1772809236936000000,1772809296935000000,32526
LowMemory.gcOverloaded,1772809236936000000,1772809296935000000,0
lexer.Groovy.size.bytes,1772809236936000000,1772809296935000000,4767
parser.XML.size.bytes,1772809236936000000,1772809296935000000,32526
parser.ECMAScript.6.size.bytes,1772809236936000000,1772809296935000000,803890
parser.Groovy.size.bytes,1772809236936000000,1772809296935000000,4767
DiskQueryRelay.taskWaitingTotalTimeUs,1772809236936000000,1772809296935000000,2532764
workspaceModel.pre.handlers.ms,1772809236936000000,1772809296935000000,0
workspaceModel.on.changed.ms,1772809236936000000,1772809296935000000,20
workspaceModel.loading.total.ms,1772809236936000000,1772809296935000000,0
workspaceModel.cachedValueWithParameters.clear.count,1772809236936000000,1772809296935000000,0
workspaceModel.updates.precise.ms,1772809236936000000,1772809296935000000,14
workspaceModel.replace.project.model.ms,1772809236936000000,1772809296935000000,0
workspaceModel.entityStorageSnapshotImpl.instances.count,1772809236936000000,1772809296935000000,21
workspaceModel.cachedValue.from.cache.count,1772809236936000000,1772809296935000000,7517
workspaceModel.check.recursive.update.ms,1772809236936000000,1772809296935000000,2
workspaceModel.updates.count,1772809236936000000,1772809296935000000,8
workspaceModel.workspaceFileIndexData.getDirectoriesByPackageName.ms,1772809236936000000,1772809296935000000,0
workspaceModel.cachedValueWithParameters.calculated.count,1772809236936000000,1772809296935000000,0
workspaceModel.update.unloaded.entities.ms,1772809236936000000,1772809296935000000,0
workspaceModel.updates.ms,1772809236936000000,1772809296935000000,47
workspaceModel.collect.changes.ms,1772809236936000000,1772809296935000000,1
workspaceModel.workspaceFileIndexData.instances.count,1772809236936000000,1772809296935000000,0
workspaceModel.to.snapshot.ms,1772809236936000000,1772809296935000000,0
workspaceModel.workspaceFileIndexData.onEntitiesChanged.ms,1772809236936000000,1772809296935000000,4
workspaceModel.workspaceFileIndexData.markDirty.ms,1772809236936000000,1772809296935000000,0
workspaceModel.workspaceFileIndexContributor.registerFileSets.ms,1772809236936000000,1772809296935000000,2
workspaceModel.initializing.ms,1772809236936000000,1772809296935000000,4
workspaceModel.cachedValue.total.get.count,1772809236936000000,1772809296935000000,7628
workspaceModel.workspaceFileIndexData.init.ms,1772809236936000000,1772809296935000000,0
workspaceModel.cachedValueWithParameters.from.cache.count,1772809236936000000,1772809296935000000,0
workspaceModel.workspaceFileIndexData.processFileSets.ms,1772809236936000000,1772809296935000000,0
workspaceModel.workspaceFileIndexData.updateDirtyEntities.ms,1772809236936000000,1772809296935000000,0
workspaceModel.workspaceFileIndexData.getFileInfo.ms,1772809236936000000,1772809296935000000,68
workspaceModel.on.before.changed.ms,1772809236936000000,1772809296935000000,3
workspaceModel.workspaceFileIndexData.getPackageName.ms,1772809236936000000,1772809296935000000,0
workspaceModel.workspaceFileIndexData.visitFileSets.ms,1772809236936000000,1772809296935000000,20
workspaceModel.cachedValue.calculated.count,1772809236936000000,1772809296935000000,111
workspaceModel.loading.from.cache.ms,1772809236936000000,1772809296935000000,0
workspaceModel.cachedValueWithParameters.total.get.count,1772809236936000000,1772809296935000000,0
workspaceModel.full.replace.project.model.ms,1772809236936000000,1772809296935000000,0
workspaceModel.init.bridges.ms,1772809236936000000,1772809296935000000,4
workspaceModel.cachedValue.clear.count,1772809236936000000,1772809296935000000,0
VFS.fileByIdCache.misses,1772809236936000000,1772809296935000000,57
VFS.contentStorage.recordsUncompressedSize,1772809236936000000,1772809296935000000,121
VFS.contentStorage.recordsDecompressionTimeUs,1772809236936000000,1772809296935000000,0
VFS.cache.segmentsCreated,1772809236936000000,1772809296935000000,14
VFS.contentStorage.recordsReadSize,1772809236936000000,1772809296935000000,3959
VFS.contentStorage.recordsStored,1772809236936000000,1772809296935000000,1
FileNameCache.queries,1772809236936000000,1772809296935000000,835840
VFS.contentStorage.recordsRead,1772809236936000000,1772809296935000000,1
VFS.contentStorage.recordsReadDecompressed,1772809236936000000,1772809296935000000,0
VFS.contentStorage.recordsStoredCompressed,1772809236936000000,1772809296935000000,0
FileNameCache.totalMisses,1772809236936000000,1772809296935000000,1280
VFS.contentStorage.recordsDeduplicated,1772809236936000000,1772809296935000000,1
VFS.cache.segments,1772809236936000000,1772809296935000000,169.0
VFS.invertedFileNameIndex.requests,1772809236936000000,1772809296935000000,12
VFS.rootsCount,1772809236936000000,1772809296935000000,210.0
VFS.fileByIdCache.hits,1772809236936000000,1772809296935000000,1
VFS.cache.filesCreated,1772809236936000000,1772809296935000000,54176
VFS.contentStorage.recordsStoredSize,1772809236936000000,1772809296935000000,121
VFS.folderCaseSensitivityReads,1772809236936000000,1772809296935000000,119
VFS.cache.directoriesCreated,1772809236936000000,1772809296935000000,641
VFS.fileChildByName,1772809236936000000,1772809296935000000,8231
workspaceModel.moduleManagerBridge.get.modules.ms,1772809236936000000,1772809296935000000,0
jps.library.entities.serializer.save.entities.ms,1772809236936000000,1772809296935000000,0
workspaceModel.mutableEntityStorage.changeLog.addReplaceEventForRemovedChild.ms,1772809236936000000,1772809296935000000,1
workspaceModel.mutableEntityStorage.collect.changes.ms,1772809236936000000,1772809296935000000,1
workspaceModel.mutableEntityStorage.replace.by.source.ms,1772809236936000000,1772809296935000000,5
jps.global.initialize.library.bridges.ms,1772809236936000000,1772809296935000000,0
jps.facet.change.listener.init.bridge.ms,1772809236936000000,1772809296935000000,0
workspaceModel.moduleManagerBridge.create.module.instance.ms,1772809236936000000,1772809296935000000,1
jps.global.handle.before.change.events.ms,1772809236936000000,1772809296935000000,0
workspaceModel.mutableEntityStorage.mutable.vfurl.index.ms,1772809236936000000,1772809296935000000,0
workspaceModel.moduleManagerBridge.build.module.graph.ms,1772809236936000000,1772809296935000000,0
workspaceModel.mutableEntityStorage.mutable.ext.mapping.ms,1772809236936000000,1772809296935000000,0
workspaceModel.mutableEntityStorage.modify.entity.ms,1772809236936000000,1772809296935000000,12
jps.modifiable.module.model.bridge.load.module.ms,1772809236936000000,1772809296935000000,0
jps.app.storage.content.reader.load.component.ms,1772809236936000000,1772809296935000000,0
workspaceModel.global.updates.count,1772809236936000000,1772809296935000000,0
jps.load.initial.state.ms,1772809236936000000,1772809296935000000,0
workspaceModel.moduleBridgeLoader.loading.modules.ms,1772809236936000000,1772809296935000000,0
workspaceModel.mutableEntityStorage.instances.count,1772809236936000000,1772809296935000000,26
workspaceModel.delayed.project.synchronizer.sync.ms,1772809236936000000,1772809296935000000,0
workspaceModel.mutableEntityStorage.changeLog.addReplaceEventForRemovedParent.ms,1772809236936000000,1772809296935000000,0
jps.library.entities.serializer.load.entities.ms,1772809236936000000,1772809296935000000,0
jps.module.iml.entities.serializer.load.entities.ms,1772809236936000000,1772809296935000000,0
workspaceModel.global.updates.ms,1772809236936000000,1772809296935000000,0
jps.storage.jps.conf.reader.load.component.ms,1772809236936000000,1772809296935000000,0
jps.load.project.to.empty.storage.ms,1772809236936000000,1772809296935000000,0
workspaceModel.mutableEntityStorage.put.entity.ms,1772809236936000000,1772809296935000000,7
workspaceModel.mutableEntityStorage.entities.ms,1772809236936000000,1772809296935000000,0
workspaceModel.moduleManagerBridge.set.unloadedModules.ms,1772809236936000000,1772809296935000000,0
workspaceModel.mutableEntityStorage.has.same.entities.ms,1772809236936000000,1772809296935000000,0
workspaceModel.moduleBridge.before.changed.ms,1772809236936000000,1772809296935000000,0
jps.artifact.entities.serializer.load.entities.ms,1772809236936000000,1772809296935000000,0
workspaceModel.moduleManagerBridge.load.module.ms,1772809236936000000,1772809296935000000,0
workspaceModel.save.cache.to.file.ms,1772809236936000000,1772809296935000000,15
workspaceModel.load.cache.from.file.ms,1772809236936000000,1772809296935000000,0
workspaceModel.moduleBridge.facet.initialization.ms,1772809236936000000,1772809296935000000,0
workspaceModel.mutableEntityStorage.entities.by.source.ms,1772809236936000000,1772809296935000000,0
jps.modifiable.module.model.bridge.disposing.ms,1772809236936000000,1772809296935000000,0
workspaceModel.mutableEntityStorage.referrers.ms,1772809236936000000,1772809296935000000,1
jps.project.serializers.load.ms,1772809236936000000,1772809296935000000,0
jps.global.get.library.by.name.ms,1772809236936000000,1772809296935000000,0
jps.save.global.entities.ms,1772809236936000000,1772809296935000000,0
jps.global.initialize.library.bridges.after.loading.ms,1772809236936000000,1772809296935000000,0
workspaceModel.mutableEntityStorage.remove.entity.ms,1772809236936000000,1772809296935000000,3
workspaceModel.mutableEntityStorage.hasReferrers.ms,1772809236936000000,1772809296935000000,0
workspaceModel.global.apply.state.to.project.builder.ms,1772809236936000000,1772809296935000000,0
jps.facet.change.listener.process.change.events.ms,1772809236936000000,1772809296935000000,0
workspaceModel.mutableEntityStorage.resolve.ms,1772809236936000000,1772809296935000000,0
jps.project.serializers.save.ms,1772809236936000000,1772809296935000000,0
workspaceModel.sync.entities.ms,1772809236936000000,1772809296935000000,0
jps.global.get.library.ms,1772809236936000000,1772809296935000000,0
workspaceModel.do.save.caches.ms,1772809236936000000,1772809296935000000,16
jps.save.changed.project.entities.ms,1772809236936000000,1772809296935000000,0
workspaceModel.load.cache.metadata.from.file.ms,1772809236936000000,1772809296935000000,0
jps.modifiable.module.model.bridge.renaming.ms,1772809236936000000,1772809296935000000,0
jps.apply.loaded.storage.ms,1772809236936000000,1772809296935000000,0
workspaceModel.mutableEntityStorage.to.snapshot.ms,1772809236936000000,1772809296935000000,0
workspaceModel.moduleManagerBridge.load.all.modules.ms,1772809236936000000,1772809296935000000,0
jps.modifiable.module.model.bridge.new.module.ms,1772809236936000000,1772809296935000000,6
workspaceModel.global.apply.state.to.project.ms,1772809236936000000,1772809296935000000,0
jps.reload.project.entities.ms,1772809236936000000,1772809296935000000,0
workspaceModel.mutableEntityStorage.changeLog.addReplaceEventForNewChild.ms,1772809236936000000,1772809296935000000,1
jps.global.handle.changed.events.ms,1772809236936000000,1772809296935000000,0
jps.module.iml.entities.serializer.save.entities.ms,1772809236936000000,1772809296935000000,0
workspaceModel.mutableEntityStorage.changeLog.addReplaceEventForNewParent.ms,1772809236936000000,1772809296935000000,0
jps.module.dependency.index.workspace.model.listener.on.changed.ms,1772809236936000000,1772809296935000000,1
workspaceModel.mutableEntityStorage.add.entity.ms,1772809236936000000,1772809296935000000,16
workspaceModel.orphan.listener.update.ms,1772809236936000000,1772809296935000000,4
jps.artifact.entities.serializer.save.entities.ms,1772809236936000000,1772809296935000000,0
workspaceModel.moduleManagerBridge.newModule.ms,1772809236936000000,1772809296935000000,0
workspaceModel.moduleBridge.update.option.ms,1772809236936000000,1772809296935000000,0
jps.facet.change.listener.before.change.events.ms,1772809236936000000,1772809296935000000,0
workspaceModel.moduleManagerBridge.new.nonPersistent.module.ms,1772809236936000000,1772809296935000000,0
workspaceModel.mutableEntityStorage.apply.changes.from.ms,1772809236936000000,1772809296935000000,4
jps.global.get.libraries.ms,1772809236936000000,1772809296935000000,0
compiler.ArtifactManagerBridge.findArtifact.ms,1772809236936000000,1772809296935000000,0
compiler.ArtifactVirtualFileListener.propertyChanged.ms,1772809236936000000,1772809296935000000,0
compiler.ArtifactManagerBridge.commit.ms,1772809236936000000,1772809296935000000,4
compiler.ArtifactManagerBridge.addArtifact.ms,1772809236936000000,1772809296935000000,0
compiler.ArtifactModifiableModelBridge.commit.ms,1772809236936000000,1772809296935000000,4
compiler.ArtifactModifiableModelBridge.getArtifacts.ms,1772809236936000000,1772809296935000000,0
compiler.ArtifactVirtualFileListener.filePathChanged.ms,1772809236936000000,1772809296935000000,0
compiler.ArtifactManagerBridge.initBridges.ms,1772809236936000000,1772809296935000000,0
compiler.ArtifactModifiableModelBridge.dispose.ms,1772809236936000000,1772809296935000000,0
compiler.ArtifactModifiableModelBridge.getArtifactsByType.ms,1772809236936000000,1772809296935000000,0
compiler.ArtifactManagerBridge.getArtifactsByType.ms,1772809236936000000,1772809296935000000,0
compiler.ArtifactModifiableModelBridge.findArtifacts.ms,1772809236936000000,1772809296935000000,0
compiler.ArtifactManagerBridge.dropMappings.ms,1772809236936000000,1772809296935000000,0
compiler.ArtifactManagerBridge.getArtifacts.ms,1772809236936000000,1772809296935000000,0
compiler.ArtifactModifiableModelBridge.addArtifact.ms,1772809236936000000,1772809296935000000,0
MappedFileStorage.totalPagesMapped,1772809236936000000,1772809296935000000,16
StorageLockContext.competingThreads.max,1772809236936000000,1772809296935000000,1
FilePageCache.maxRegisteredFiles,1772809236936000000,1772809296935000000,1824
FilePageCache.capacityInBytes,1772809236936000000,1772809296935000000,629145600
DirectByteBufferAllocator.misses,1772809236936000000,1772809296935000000,0
StreamlinedBlobStorage.totalLiveRecordsCapacityBytes,1772809236936000000,1772809296935000000,498024
FilePageCache.totalPageLoadsUs,1772809236936000000,1772809296935000000,162197
MappedFileStorage.totalTimeSpentOnMappingUs,1772809236936000000,1772809296935000000,188645
FilePageCache.pageFastCacheHits,1772809236936000000,1772809296935000000,1026404
StreamlinedBlobStorage.recordsDeleted,1772809236936000000,1772809296935000000,4
FilePageCache.pageLoads,1772809236936000000,1772809296935000000,0
StreamlinedBlobStorage.totalLiveRecordsPayloadBytes,1772809236936000000,1772809296935000000,87494
FilePageCache.maxCacheSizeInBytes,1772809236936000000,1772809296935000000,629145600
StorageLockContext.competingThreads.avg,1772809236936000000,1772809296935000000,0.008403361344537815
DirectByteBufferAllocator.disposed,1772809236936000000,1772809296935000000,0
MappedFileStorage.totalBytesMapped,1772809236936000000,1772809296935000000,202637312
StorageLockContext.competingThreads.90P,1772809236936000000,1772809296935000000,0
FilePageCache.totalPageDisposalsUs,1772809236936000000,1772809296935000000,26
FilePageCache.pageHits,1772809236936000000,1772809296935000000,0
StreamlinedBlobStorage.recordsRelocated,1772809236936000000,1772809296935000000,0
MappedFileStorage.storages,1772809236936000000,1772809296935000000,16
FileChannelInterruptsRetryer.totalRetriedAttempts,1772809236936000000,1772809296935000000,0
DirectByteBufferAllocator.reclaimed,1772809236936000000,1772809296935000000,306
StreamlinedBlobStorage.recordsAllocated,1772809236936000000,1772809296935000000,7063
FilePageCache.disposedBuffers,1772809236936000000,1772809296935000000,306
DirectByteBufferAllocator.totalSizeOfBuffersAllocatedInBytes,1772809236936000000,1772809296935000000,630194176
DirectByteBufferAllocator.hits,1772809236936000000,1772809296935000000,306
FilePageCache.uncachedFileAccess,1772809236936000000,1772809296935000000,783
DirectByteBufferAllocator.totalSizeOfBuffersCachedInBytes,1772809236936000000,1772809296935000000,1048576
FilePageCache.pageLoadsAboveSizeThreshold,1772809236936000000,1772809296935000000,306
JVM.totalBytesAllocated,1772809236936000000,1772809296935000000,2745317944
JVM.maxThreadCount,1772809236936000000,1772809296935000000,256
JVM.usedNativeBytes,1772809236936000000,1772809296935000000,462368944
JVM.totalTimeToSafepointsMs,1772809236936000000,1772809296935000000,29
JVM.GC.collectionTimesMs,1772809236936000000,1772809296935000000,46
MEM.ramBytes,1772809236936000000,1772809296935000000,3733233664
JVM.threadCount,1772809236936000000,1772809296935000000,149
JVM.usedHeapBytes,1772809236936000000,1772809296935000000,726711984
JVM.totalSafepointCount,1772809236936000000,1772809296935000000,93
JVM.newThreadsCount,1772809236936000000,1772809296935000000,33
JVM.maxHeapBytes,1772809236936000000,1772809296935000000,28840034304
JVM.totalTimeAtSafepointsMs,1772809236936000000,1772809296935000000,61
JVM.GC.collections,1772809236936000000,1772809296935000000,4
OS.loadAverage,1772809236936000000,1772809296935000000,2.48291015625
MEM.fileMappingsRamBytes,1772809236936000000,1772809296935000000,684556288
MEM.ramMinusFileMappingsBytes,1772809236936000000,1772809296935000000,3048677376
JVM.totalCpuTimeMs,1772809236936000000,1772809296935000000,20320
JVM.committedHeapBytes,1772809236936000000,1772809296935000000,1677721600
JVM.totalDirectByteBuffersBytes,1772809236936000000,1772809296935000000,657676449
MEM.ramPlusSwapMinusFileMappingsBytes,1772809236936000000,1772809296935000000,3048677376
Indexing.cache.totalCacheMisses,1772809236936000000,1772809296935000000,92866
Indexes.allKeys.lookupDurationMaxMs,1772809236936000000,1772809296935000000,14.0
Indexing.writer_1.totalTimeSpentWritingMs,1772809236936000000,1772809296935000000,156
Indexes.entries.lookupDuration90PMs,1772809236936000000,1772809296935000000,1.0
Indexes.entries.lookups,1772809236936000000,1772809296935000000,20
Indexing.writer_3.totalTimeSpentWritingMs,1772809236936000000,1772809296935000000,256
Indexes.stubs.lookupDuration90PMs,1772809236936000000,1772809296935000000,0.0
Indexing.writesQueuedAvg,1772809236936000000,1772809296935000000,0.36363636363636365
Indexes.entries.lookupDurationMaxMs,1772809236936000000,1772809296935000000,10.0
Indexing.writer_2.totalTimeSpentWritingMs,1772809236936000000,1772809296935000000,274
Indexes.stubs.lookupDurationAvgMs,1772809236936000000,1772809296935000000,0.01522248243559719
Indexing.cache.totalCacheAccesses,1772809236936000000,1772809296935000000,220665
Indexing.writer_0.totalTimeSpentWritingMs,1772809236936000000,1772809296935000000,94
Indexing.writesQueuedMin,1772809236936000000,1772809296935000000,0
Indexes.stubs.lookupDurationMaxMs,1772809236936000000,1772809296935000000,4.0
Indexing.cache.totalCacheEvicted,1772809236936000000,1772809296935000000,201680
Indexes.allKeys.lookupDuration90PMs,1772809236936000000,1772809296935000000,14.0
Indexes.entries.lookupDurationAvgMs,1772809236936000000,1772809296935000000,0.8
Indexes.allKeys.lookups,1772809236936000000,1772809296935000000,2
Indexes.stubs.lookups,1772809236936000000,1772809296935000000,2562
Indexes.allKeys.lookupDurationAvgMs,1772809236936000000,1772809296935000000,7.5
Indexing.totalTimeIndexersSleptMs,1772809236936000000,1772809296935000000,0
Indexing.writesQueuedMax,1772809236936000000,1772809296935000000,36
cacheStateStorage.get.counter,1772809236936000000,1772809296935000000,1
cacheStateStorage.set.duration,1772809236936000000,1772809296935000000,0
cacheStateStorage.set.counter,1772809236936000000,1772809296935000000,1
cacheStateStorage.get.duration,1772809236936000000,1772809296935000000,0
NonBlockingReadAction.finalizedExecutionsCount,1772809236936000000,1772809296935000000,54
FlushQueue.tasksExecuted,1772809236936000000,1772809296935000000,3389
FlushQueue.executionTimeAvgNs,1772809236936000000,1772809296935000000,8485583.172617292
AWTEventQueue.eventsDispatched,1772809236936000000,1772809296935000000,6187
NonBlockingReadAction.failedExecutionTimeUs,1772809236936000000,1772809296935000000,22340
AWTEventQueue.dispatchTimeMaxNs,1772809236936000000,1772809296935000000,27262975
FlushQueue.queueSize90P,1772809236936000000,1772809296935000000,0
FlushQueue.waitingTimeMaxNs,1772809236936000000,1772809296935000000,278921215
FlushQueue.waitingTimeAvgNs,1772809236936000000,1772809296935000000,294889.3520212452
AWTEventQueue.dispatchTimeTotalNS,1772809236936000000,1772809296935000000,576660104
NonBlockingReadAction.failedExecutionsCount,1772809236936000000,1772809296935000000,3
FlushQueue.executionTime90PNs,1772809236936000000,1772809296935000000,124415
NonBlockingReadAction.finalizedExecutionTimeUs,1772809236936000000,1772809296935000000,72448
WriteAction.executionsCount,1772809236936000000,1772809296935000000,43
FlushQueue.executionTimeMaxNs,1772809236936000000,1772809296935000000,28454158335
FlushQueue.queueSizeAvg,1772809236936000000,1772809296935000000,0.22218943641192093
ReadAction.executionsCount,1772809236936000000,1772809296935000000,133907
FlushQueue.queueSizeMax,1772809236936000000,1772809296935000000,16
AWTEventQueue.dispatchTime90PNs,1772809236936000000,1772809296935000000,71167
AWTEventQueue.dispatchTimeAvgNs,1772809236936000000,1772809296935000000,93124.471310813
FlushQueue.waitingTime90PNs,1772809236936000000,1772809296935000000,294911
DiskQueryRelay.tasksRequested,1772809296935000000,1772809356936000000,0
LowMemory.gcLoad,1772809296935000000,1772809356936000000,0.0
DiskQueryRelay.tasksExecuted,1772809296935000000,1772809356936000000,0
writeAction.wait.ms,1772809296935000000,1772809356936000000,0
writeAction.max.wait.ms,1772809296935000000,1772809356936000000,81
DiskQueryRelay.taskExecutionTotalTimeUs,1772809296935000000,1772809356936000000,0
writeAction.median.wait.ms,1772809296935000000,1772809356936000000,100
writeAction.count,1772809296935000000,1772809356936000000,0
LowMemory.gcOverloaded,1772809296935000000,1772809356936000000,0
DiskQueryRelay.taskWaitingTotalTimeUs,1772809296935000000,1772809356936000000,0
workspaceModel.pre.handlers.ms,1772809296935000000,1772809356936000000,0
workspaceModel.on.changed.ms,1772809296935000000,1772809356936000000,0
workspaceModel.loading.total.ms,1772809296935000000,1772809356936000000,0
workspaceModel.cachedValueWithParameters.clear.count,1772809296935000000,1772809356936000000,0
workspaceModel.updates.precise.ms,1772809296935000000,1772809356936000000,0
workspaceModel.replace.project.model.ms,1772809296935000000,1772809356936000000,0
workspaceModel.entityStorageSnapshotImpl.instances.count,1772809296935000000,1772809356936000000,0
workspaceModel.cachedValue.from.cache.count,1772809296935000000,1772809356936000000,0
workspaceModel.check.recursive.update.ms,1772809296935000000,1772809356936000000,0
workspaceModel.updates.count,1772809296935000000,1772809356936000000,0
workspaceModel.workspaceFileIndexData.getDirectoriesByPackageName.ms,1772809296935000000,1772809356936000000,0
workspaceModel.cachedValueWithParameters.calculated.count,1772809296935000000,1772809356936000000,0
workspaceModel.update.unloaded.entities.ms,1772809296935000000,1772809356936000000,0
workspaceModel.updates.ms,1772809296935000000,1772809356936000000,0
workspaceModel.collect.changes.ms,1772809296935000000,1772809356936000000,0
workspaceModel.workspaceFileIndexData.instances.count,1772809296935000000,1772809356936000000,0
workspaceModel.to.snapshot.ms,1772809296935000000,1772809356936000000,0
workspaceModel.workspaceFileIndexData.onEntitiesChanged.ms,1772809296935000000,1772809356936000000,0
workspaceModel.workspaceFileIndexData.markDirty.ms,1772809296935000000,1772809356936000000,0
workspaceModel.workspaceFileIndexContributor.registerFileSets.ms,1772809296935000000,1772809356936000000,0
workspaceModel.initializing.ms,1772809296935000000,1772809356936000000,0
workspaceModel.cachedValue.total.get.count,1772809296935000000,1772809356936000000,0
workspaceModel.workspaceFileIndexData.init.ms,1772809296935000000,1772809356936000000,0
workspaceModel.cachedValueWithParameters.from.cache.count,1772809296935000000,1772809356936000000,0
workspaceModel.workspaceFileIndexData.processFileSets.ms,1772809296935000000,1772809356936000000,0
workspaceModel.workspaceFileIndexData.updateDirtyEntities.ms,1772809296935000000,1772809356936000000,0
workspaceModel.workspaceFileIndexData.getFileInfo.ms,1772809296935000000,1772809356936000000,0
workspaceModel.on.before.changed.ms,1772809296935000000,1772809356936000000,0
workspaceModel.workspaceFileIndexData.getPackageName.ms,1772809296935000000,1772809356936000000,0
workspaceModel.workspaceFileIndexData.visitFileSets.ms,1772809296935000000,1772809356936000000,0
workspaceModel.cachedValue.calculated.count,1772809296935000000,1772809356936000000,0
workspaceModel.loading.from.cache.ms,1772809296935000000,1772809356936000000,0
workspaceModel.cachedValueWithParameters.total.get.count,1772809296935000000,1772809356936000000,0
workspaceModel.full.replace.project.model.ms,1772809296935000000,1772809356936000000,0
workspaceModel.init.bridges.ms,1772809296935000000,1772809356936000000,0
workspaceModel.cachedValue.clear.count,1772809296935000000,1772809356936000000,0
VFS.fileByIdCache.misses,1772809296935000000,1772809356936000000,0
VFS.contentStorage.recordsUncompressedSize,1772809296935000000,1772809356936000000,0
VFS.contentStorage.recordsDecompressionTimeUs,1772809296935000000,1772809356936000000,0
VFS.cache.segmentsCreated,1772809296935000000,1772809356936000000,0
VFS.contentStorage.recordsReadSize,1772809296935000000,1772809356936000000,0
VFS.contentStorage.recordsStored,1772809296935000000,1772809356936000000,0
FileNameCache.queries,1772809296935000000,1772809356936000000,0
VFS.contentStorage.recordsRead,1772809296935000000,1772809356936000000,0
VFS.contentStorage.recordsReadDecompressed,1772809296935000000,1772809356936000000,0
VFS.contentStorage.recordsStoredCompressed,1772809296935000000,1772809356936000000,0
FileNameCache.totalMisses,1772809296935000000,1772809356936000000,0
VFS.contentStorage.recordsDeduplicated,1772809296935000000,1772809356936000000,0
VFS.cache.segments,1772809296935000000,1772809356936000000,169.0
VFS.invertedFileNameIndex.requests,1772809296935000000,1772809356936000000,0
VFS.rootsCount,1772809296935000000,1772809356936000000,210.0
VFS.fileByIdCache.hits,1772809296935000000,1772809356936000000,0
VFS.cache.filesCreated,1772809296935000000,1772809356936000000,0
VFS.contentStorage.recordsStoredSize,1772809296935000000,1772809356936000000,0
VFS.folderCaseSensitivityReads,1772809296935000000,1772809356936000000,0
VFS.cache.directoriesCreated,1772809296935000000,1772809356936000000,0
VFS.fileChildByName,1772809296935000000,1772809356936000000,0
workspaceModel.moduleManagerBridge.get.modules.ms,1772809296935000000,1772809356936000000,0
jps.library.entities.serializer.save.entities.ms,1772809296935000000,1772809356936000000,0
workspaceModel.mutableEntityStorage.changeLog.addReplaceEventForRemovedChild.ms,1772809296935000000,1772809356936000000,0
workspaceModel.mutableEntityStorage.collect.changes.ms,1772809296935000000,1772809356936000000,0
workspaceModel.mutableEntityStorage.replace.by.source.ms,1772809296935000000,1772809356936000000,0
jps.global.initialize.library.bridges.ms,1772809296935000000,1772809356936000000,0
jps.facet.change.listener.init.bridge.ms,1772809296935000000,1772809356936000000,0
workspaceModel.moduleManagerBridge.create.module.instance.ms,1772809296935000000,1772809356936000000,0
jps.global.handle.before.change.events.ms,1772809296935000000,1772809356936000000,0
workspaceModel.mutableEntityStorage.mutable.vfurl.index.ms,1772809296935000000,1772809356936000000,0
workspaceModel.moduleManagerBridge.build.module.graph.ms,1772809296935000000,1772809356936000000,0
workspaceModel.mutableEntityStorage.mutable.ext.mapping.ms,1772809296935000000,1772809356936000000,0
workspaceModel.mutableEntityStorage.modify.entity.ms,1772809296935000000,1772809356936000000,0
jps.modifiable.module.model.bridge.load.module.ms,1772809296935000000,1772809356936000000,0
jps.app.storage.content.reader.load.component.ms,1772809296935000000,1772809356936000000,0
workspaceModel.global.updates.count,1772809296935000000,1772809356936000000,0
jps.load.initial.state.ms,1772809296935000000,1772809356936000000,0
workspaceModel.moduleBridgeLoader.loading.modules.ms,1772809296935000000,1772809356936000000,0
workspaceModel.mutableEntityStorage.instances.count,1772809296935000000,1772809356936000000,0
workspaceModel.delayed.project.synchronizer.sync.ms,1772809296935000000,1772809356936000000,0
workspaceModel.mutableEntityStorage.changeLog.addReplaceEventForRemovedParent.ms,1772809296935000000,1772809356936000000,0
jps.library.entities.serializer.load.entities.ms,1772809296935000000,1772809356936000000,0
jps.module.iml.entities.serializer.load.entities.ms,1772809296935000000,1772809356936000000,0
workspaceModel.global.updates.ms,1772809296935000000,1772809356936000000,0
jps.storage.jps.conf.reader.load.component.ms,1772809296935000000,1772809356936000000,0
jps.load.project.to.empty.storage.ms,1772809296935000000,1772809356936000000,0
workspaceModel.mutableEntityStorage.put.entity.ms,1772809296935000000,1772809356936000000,0
workspaceModel.mutableEntityStorage.entities.ms,1772809296935000000,1772809356936000000,0
workspaceModel.moduleManagerBridge.set.unloadedModules.ms,1772809296935000000,1772809356936000000,0
workspaceModel.mutableEntityStorage.has.same.entities.ms,1772809296935000000,1772809356936000000,0
workspaceModel.moduleBridge.before.changed.ms,1772809296935000000,1772809356936000000,0
jps.artifact.entities.serializer.load.entities.ms,1772809296935000000,1772809356936000000,0
workspaceModel.moduleManagerBridge.load.module.ms,1772809296935000000,1772809356936000000,0
workspaceModel.save.cache.to.file.ms,1772809296935000000,1772809356936000000,0
workspaceModel.load.cache.from.file.ms,1772809296935000000,1772809356936000000,0
workspaceModel.moduleBridge.facet.initialization.ms,1772809296935000000,1772809356936000000,0
workspaceModel.mutableEntityStorage.entities.by.source.ms,1772809296935000000,1772809356936000000,0
jps.modifiable.module.model.bridge.disposing.ms,1772809296935000000,1772809356936000000,0
workspaceModel.mutableEntityStorage.referrers.ms,1772809296935000000,1772809356936000000,0
jps.project.serializers.load.ms,1772809296935000000,1772809356936000000,0
jps.global.get.library.by.name.ms,1772809296935000000,1772809356936000000,0
jps.save.global.entities.ms,1772809296935000000,1772809356936000000,0
jps.global.initialize.library.bridges.after.loading.ms,1772809296935000000,1772809356936000000,0
workspaceModel.mutableEntityStorage.remove.entity.ms,1772809296935000000,1772809356936000000,0
workspaceModel.mutableEntityStorage.hasReferrers.ms,1772809296935000000,1772809356936000000,0
workspaceModel.global.apply.state.to.project.builder.ms,1772809296935000000,1772809356936000000,0
jps.facet.change.listener.process.change.events.ms,1772809296935000000,1772809356936000000,0
workspaceModel.mutableEntityStorage.resolve.ms,1772809296935000000,1772809356936000000,0
jps.project.serializers.save.ms,1772809296935000000,1772809356936000000,0
workspaceModel.sync.entities.ms,1772809296935000000,1772809356936000000,0
jps.global.get.library.ms,1772809296935000000,1772809356936000000,0
workspaceModel.do.save.caches.ms,1772809296935000000,1772809356936000000,0
jps.save.changed.project.entities.ms,1772809296935000000,1772809356936000000,0
workspaceModel.load.cache.metadata.from.file.ms,1772809296935000000,1772809356936000000,0
jps.modifiable.module.model.bridge.renaming.ms,1772809296935000000,1772809356936000000,0
jps.apply.loaded.storage.ms,1772809296935000000,1772809356936000000,0
workspaceModel.mutableEntityStorage.to.snapshot.ms,1772809296935000000,1772809356936000000,0
workspaceModel.moduleManagerBridge.load.all.modules.ms,1772809296935000000,1772809356936000000,0
jps.modifiable.module.model.bridge.new.module.ms,1772809296935000000,1772809356936000000,0
workspaceModel.global.apply.state.to.project.ms,1772809296935000000,1772809356936000000,0
jps.reload.project.entities.ms,1772809296935000000,1772809356936000000,0
workspaceModel.mutableEntityStorage.changeLog.addReplaceEventForNewChild.ms,1772809296935000000,1772809356936000000,0
jps.global.handle.changed.events.ms,1772809296935000000,1772809356936000000,0
jps.module.iml.entities.serializer.save.entities.ms,1772809296935000000,1772809356936000000,0
workspaceModel.mutableEntityStorage.changeLog.addReplaceEventForNewParent.ms,1772809296935000000,1772809356936000000,0
jps.module.dependency.index.workspace.model.listener.on.changed.ms,1772809296935000000,1772809356936000000,0
workspaceModel.mutableEntityStorage.add.entity.ms,1772809296935000000,1772809356936000000,0
workspaceModel.orphan.listener.update.ms,1772809296935000000,1772809356936000000,0
jps.artifact.entities.serializer.save.entities.ms,1772809296935000000,1772809356936000000,0
workspaceModel.moduleManagerBridge.newModule.ms,1772809296935000000,1772809356936000000,0
workspaceModel.moduleBridge.update.option.ms,1772809296935000000,1772809356936000000,0
jps.facet.change.listener.before.change.events.ms,1772809296935000000,1772809356936000000,0
workspaceModel.moduleManagerBridge.new.nonPersistent.module.ms,1772809296935000000,1772809356936000000,0
workspaceModel.mutableEntityStorage.apply.changes.from.ms,1772809296935000000,1772809356936000000,0
jps.global.get.libraries.ms,1772809296935000000,1772809356936000000,0
compiler.ArtifactManagerBridge.findArtifact.ms,1772809296935000000,1772809356936000000,0
compiler.ArtifactVirtualFileListener.propertyChanged.ms,1772809296935000000,1772809356936000000,0
compiler.ArtifactManagerBridge.commit.ms,1772809296935000000,1772809356936000000,0
compiler.ArtifactManagerBridge.addArtifact.ms,1772809296935000000,1772809356936000000,0
compiler.ArtifactModifiableModelBridge.commit.ms,1772809296935000000,1772809356936000000,4
compiler.ArtifactModifiableModelBridge.getArtifacts.ms,1772809296935000000,1772809356936000000,0
compiler.ArtifactVirtualFileListener.filePathChanged.ms,1772809296935000000,1772809356936000000,0
compiler.ArtifactManagerBridge.initBridges.ms,1772809296935000000,1772809356936000000,0
compiler.ArtifactModifiableModelBridge.dispose.ms,1772809296935000000,1772809356936000000,0
compiler.ArtifactModifiableModelBridge.getArtifactsByType.ms,1772809296935000000,1772809356936000000,0
compiler.ArtifactManagerBridge.getArtifactsByType.ms,1772809296935000000,1772809356936000000,0
compiler.ArtifactModifiableModelBridge.findArtifacts.ms,1772809296935000000,1772809356936000000,0
compiler.ArtifactManagerBridge.dropMappings.ms,1772809296935000000,1772809356936000000,0
compiler.ArtifactManagerBridge.getArtifacts.ms,1772809296935000000,1772809356936000000,0
compiler.ArtifactModifiableModelBridge.addArtifact.ms,1772809296935000000,1772809356936000000,0
MappedFileStorage.totalPagesMapped,1772809296935000000,1772809356936000000,16
StorageLockContext.competingThreads.max,1772809296935000000,1772809356936000000,0
FilePageCache.maxRegisteredFiles,1772809296935000000,1772809356936000000,1824
FilePageCache.capacityInBytes,1772809296935000000,1772809356936000000,629145600
DirectByteBufferAllocator.misses,1772809296935000000,1772809356936000000,0
StreamlinedBlobStorage.totalLiveRecordsCapacityBytes,1772809296935000000,1772809356936000000,0
FilePageCache.totalPageLoadsUs,1772809296935000000,1772809356936000000,0
MappedFileStorage.totalTimeSpentOnMappingUs,1772809296935000000,1772809356936000000,188645
FilePageCache.pageFastCacheHits,1772809296935000000,1772809356936000000,0
StreamlinedBlobStorage.recordsDeleted,1772809296935000000,1772809356936000000,0
FilePageCache.pageLoads,1772809296935000000,1772809356936000000,0
StreamlinedBlobStorage.totalLiveRecordsPayloadBytes,1772809296935000000,1772809356936000000,0
FilePageCache.maxCacheSizeInBytes,1772809296935000000,1772809356936000000,629145600
StorageLockContext.competingThreads.avg,1772809296935000000,1772809356936000000,0.0
DirectByteBufferAllocator.disposed,1772809296935000000,1772809356936000000,0
MappedFileStorage.totalBytesMapped,1772809296935000000,1772809356936000000,202637312
StorageLockContext.competingThreads.90P,1772809296935000000,1772809356936000000,0
FilePageCache.totalPageDisposalsUs,1772809296935000000,1772809356936000000,0
FilePageCache.pageHits,1772809296935000000,1772809356936000000,0
StreamlinedBlobStorage.recordsRelocated,1772809296935000000,1772809356936000000,0
MappedFileStorage.storages,1772809296935000000,1772809356936000000,16
FileChannelInterruptsRetryer.totalRetriedAttempts,1772809296935000000,1772809356936000000,0
DirectByteBufferAllocator.reclaimed,1772809296935000000,1772809356936000000,0
StreamlinedBlobStorage.recordsAllocated,1772809296935000000,1772809356936000000,0
FilePageCache.disposedBuffers,1772809296935000000,1772809356936000000,0
DirectByteBufferAllocator.totalSizeOfBuffersAllocatedInBytes,1772809296935000000,1772809356936000000,630194176
DirectByteBufferAllocator.hits,1772809296935000000,1772809356936000000,0
FilePageCache.uncachedFileAccess,1772809296935000000,1772809356936000000,0
DirectByteBufferAllocator.totalSizeOfBuffersCachedInBytes,1772809296935000000,1772809356936000000,1048576
FilePageCache.pageLoadsAboveSizeThreshold,1772809296935000000,1772809356936000000,0
JVM.totalBytesAllocated,1772809296935000000,1772809356936000000,27968728
JVM.maxThreadCount,1772809296935000000,1772809356936000000,256
JVM.usedNativeBytes,1772809296935000000,1772809356936000000,464938872
JVM.totalTimeToSafepointsMs,1772809296935000000,1772809356936000000,3
JVM.GC.collectionTimesMs,1772809296935000000,1772809356936000000,0
MEM.ramBytes,1772809296935000000,1772809356936000000,3726966784
JVM.threadCount,1772809296935000000,1772809356936000000,74
JVM.usedHeapBytes,1772809296935000000,1772809356936000000,777043632
JVM.totalSafepointCount,1772809296935000000,1772809356936000000,33
JVM.newThreadsCount,1772809296935000000,1772809356936000000,15
JVM.maxHeapBytes,1772809296935000000,1772809356936000000,28840034304
JVM.totalTimeAtSafepointsMs,1772809296935000000,1772809356936000000,2
JVM.GC.collections,1772809296935000000,1772809356936000000,0
OS.loadAverage,1772809296935000000,1772809356936000000,2.09326171875
MEM.fileMappingsRamBytes,1772809296935000000,1772809356936000000,684924928
MEM.ramMinusFileMappingsBytes,1772809296935000000,1772809356936000000,3042041856
JVM.totalCpuTimeMs,1772809296935000000,1772809356936000000,3260
JVM.committedHeapBytes,1772809296935000000,1772809356936000000,1677721600
JVM.totalDirectByteBuffersBytes,1772809296935000000,1772809356936000000,640384146
MEM.ramPlusSwapMinusFileMappingsBytes,1772809296935000000,1772809356936000000,3042041856
Indexing.cache.totalCacheMisses,1772809296935000000,1772809356936000000,0
Indexes.allKeys.lookupDurationMaxMs,1772809296935000000,1772809356936000000,0.0
Indexing.writer_1.totalTimeSpentWritingMs,1772809296935000000,1772809356936000000,0
Indexes.entries.lookupDuration90PMs,1772809296935000000,1772809356936000000,0.0
Indexes.entries.lookups,1772809296935000000,1772809356936000000,0
Indexing.writer_3.totalTimeSpentWritingMs,1772809296935000000,1772809356936000000,0
Indexes.stubs.lookupDuration90PMs,1772809296935000000,1772809356936000000,0.0
Indexing.writesQueuedAvg,1772809296935000000,1772809356936000000,0.0
Indexes.entries.lookupDurationMaxMs,1772809296935000000,1772809356936000000,0.0
Indexing.writer_2.totalTimeSpentWritingMs,1772809296935000000,1772809356936000000,0
Indexes.stubs.lookupDurationAvgMs,1772809296935000000,1772809356936000000,0.0
Indexing.cache.totalCacheAccesses,1772809296935000000,1772809356936000000,0
Indexing.writer_0.totalTimeSpentWritingMs,1772809296935000000,1772809356936000000,0
Indexing.writesQueuedMin,1772809296935000000,1772809356936000000,0
Indexes.stubs.lookupDurationMaxMs,1772809296935000000,1772809356936000000,0.0
Indexing.cache.totalCacheEvicted,1772809296935000000,1772809356936000000,0
Indexes.allKeys.lookupDuration90PMs,1772809296935000000,1772809356936000000,0.0
Indexes.entries.lookupDurationAvgMs,1772809296935000000,1772809356936000000,0.0
Indexes.allKeys.lookups,1772809296935000000,1772809356936000000,0
Indexes.stubs.lookups,1772809296935000000,1772809356936000000,0
Indexes.allKeys.lookupDurationAvgMs,1772809296935000000,1772809356936000000,0.0
Indexing.totalTimeIndexersSleptMs,1772809296935000000,1772809356936000000,0
Indexing.writesQueuedMax,1772809296935000000,1772809356936000000,0
cacheStateStorage.get.counter,1772809296935000000,1772809356936000000,0
cacheStateStorage.set.duration,1772809296935000000,1772809356936000000,0
cacheStateStorage.set.counter,1772809296935000000,1772809356936000000,0
cacheStateStorage.get.duration,1772809296935000000,1772809356936000000,0
NonBlockingReadAction.finalizedExecutionsCount,1772809296935000000,1772809356936000000,0
FlushQueue.tasksExecuted,1772809296935000000,1772809356936000000,297
FlushQueue.executionTimeAvgNs,1772809296935000000,1772809356936000000,388415.7845117845
AWTEventQueue.eventsDispatched,1772809296935000000,1772809356936000000,466
NonBlockingReadAction.failedExecutionTimeUs,1772809296935000000,1772809356936000000,0
AWTEventQueue.dispatchTimeMaxNs,1772809296935000000,1772809356936000000,4177919
FlushQueue.queueSize90P,1772809296935000000,1772809356936000000,1
FlushQueue.waitingTimeMaxNs,1772809296935000000,1772809356936000000,2965503
FlushQueue.waitingTimeAvgNs,1772809296935000000,1772809356936000000,392514.3703703704
AWTEventQueue.dispatchTimeTotalNS,1772809296935000000,1772809356936000000,169733546
NonBlockingReadAction.failedExecutionsCount,1772809296935000000,1772809356936000000,0
FlushQueue.executionTime90PNs,1772809296935000000,1772809356936000000,704511
NonBlockingReadAction.finalizedExecutionTimeUs,1772809296935000000,1772809356936000000,0
WriteAction.executionsCount,1772809296935000000,1772809356936000000,0
FlushQueue.executionTimeMaxNs,1772809296935000000,1772809356936000000,3555327
FlushQueue.queueSizeAvg,1772809296935000000,1772809356936000000,0.2828282828282828
ReadAction.executionsCount,1772809296935000000,1772809356936000000,3
FlushQueue.queueSizeMax,1772809296935000000,1772809356936000000,2
AWTEventQueue.dispatchTime90PNs,1772809296935000000,1772809356936000000,835583
AWTEventQueue.dispatchTimeAvgNs,1772809296935000000,1772809356936000000,364211.43347639486
FlushQueue.waitingTime90PNs,1772809296935000000,1772809356936000000,593919
DiskQueryRelay.tasksRequested,1772809356936000000,1772809416930000000,0
LowMemory.gcLoad,1772809356936000000,1772809416930000000,0.0
DiskQueryRelay.tasksExecuted,1772809356936000000,1772809416930000000,0
writeAction.wait.ms,1772809356936000000,1772809416930000000,0
writeAction.max.wait.ms,1772809356936000000,1772809416930000000,81
DiskQueryRelay.taskExecutionTotalTimeUs,1772809356936000000,1772809416930000000,0
writeAction.median.wait.ms,1772809356936000000,1772809416930000000,100
writeAction.count,1772809356936000000,1772809416930000000,1
LowMemory.gcOverloaded,1772809356936000000,1772809416930000000,0
DiskQueryRelay.taskWaitingTotalTimeUs,1772809356936000000,1772809416930000000,0
workspaceModel.pre.handlers.ms,1772809356936000000,1772809416930000000,0
workspaceModel.on.changed.ms,1772809356936000000,1772809416930000000,0
workspaceModel.loading.total.ms,1772809356936000000,1772809416930000000,0
workspaceModel.cachedValueWithParameters.clear.count,1772809356936000000,1772809416930000000,0
workspaceModel.updates.precise.ms,1772809356936000000,1772809416930000000,0
workspaceModel.replace.project.model.ms,1772809356936000000,1772809416930000000,0
workspaceModel.entityStorageSnapshotImpl.instances.count,1772809356936000000,1772809416930000000,0
workspaceModel.cachedValue.from.cache.count,1772809356936000000,1772809416930000000,0
workspaceModel.check.recursive.update.ms,1772809356936000000,1772809416930000000,0
workspaceModel.updates.count,1772809356936000000,1772809416930000000,0
workspaceModel.workspaceFileIndexData.getDirectoriesByPackageName.ms,1772809356936000000,1772809416930000000,0
workspaceModel.cachedValueWithParameters.calculated.count,1772809356936000000,1772809416930000000,0
workspaceModel.update.unloaded.entities.ms,1772809356936000000,1772809416930000000,0
workspaceModel.updates.ms,1772809356936000000,1772809416930000000,0
workspaceModel.collect.changes.ms,1772809356936000000,1772809416930000000,0
workspaceModel.workspaceFileIndexData.instances.count,1772809356936000000,1772809416930000000,0
workspaceModel.to.snapshot.ms,1772809356936000000,1772809416930000000,0
workspaceModel.workspaceFileIndexData.onEntitiesChanged.ms,1772809356936000000,1772809416930000000,0
workspaceModel.workspaceFileIndexData.markDirty.ms,1772809356936000000,1772809416930000000,0
workspaceModel.workspaceFileIndexContributor.registerFileSets.ms,1772809356936000000,1772809416930000000,0
workspaceModel.initializing.ms,1772809356936000000,1772809416930000000,0
workspaceModel.cachedValue.total.get.count,1772809356936000000,1772809416930000000,0
workspaceModel.workspaceFileIndexData.init.ms,1772809356936000000,1772809416930000000,0
workspaceModel.cachedValueWithParameters.from.cache.count,1772809356936000000,1772809416930000000,0
workspaceModel.workspaceFileIndexData.processFileSets.ms,1772809356936000000,1772809416930000000,0
workspaceModel.workspaceFileIndexData.updateDirtyEntities.ms,1772809356936000000,1772809416930000000,0
workspaceModel.workspaceFileIndexData.getFileInfo.ms,1772809356936000000,1772809416930000000,0
workspaceModel.on.before.changed.ms,1772809356936000000,1772809416930000000,0
workspaceModel.workspaceFileIndexData.getPackageName.ms,1772809356936000000,1772809416930000000,0
workspaceModel.workspaceFileIndexData.visitFileSets.ms,1772809356936000000,1772809416930000000,0
workspaceModel.cachedValue.calculated.count,1772809356936000000,1772809416930000000,0
workspaceModel.loading.from.cache.ms,1772809356936000000,1772809416930000000,0
workspaceModel.cachedValueWithParameters.total.get.count,1772809356936000000,1772809416930000000,0
workspaceModel.full.replace.project.model.ms,1772809356936000000,1772809416930000000,0
workspaceModel.init.bridges.ms,1772809356936000000,1772809416930000000,0
workspaceModel.cachedValue.clear.count,1772809356936000000,1772809416930000000,0
VFS.fileByIdCache.misses,1772809356936000000,1772809416930000000,0
VFS.contentStorage.recordsUncompressedSize,1772809356936000000,1772809416930000000,0
VFS.contentStorage.recordsDecompressionTimeUs,1772809356936000000,1772809416930000000,0
VFS.cache.segmentsCreated,1772809356936000000,1772809416930000000,0
VFS.contentStorage.recordsReadSize,1772809356936000000,1772809416930000000,0
VFS.contentStorage.recordsStored,1772809356936000000,1772809416930000000,0
FileNameCache.queries,1772809356936000000,1772809416930000000,0
VFS.contentStorage.recordsRead,1772809356936000000,1772809416930000000,0
VFS.contentStorage.recordsReadDecompressed,1772809356936000000,1772809416930000000,0
VFS.contentStorage.recordsStoredCompressed,1772809356936000000,1772809416930000000,0
FileNameCache.totalMisses,1772809356936000000,1772809416930000000,0
VFS.contentStorage.recordsDeduplicated,1772809356936000000,1772809416930000000,0
VFS.cache.segments,1772809356936000000,1772809416930000000,169.0
VFS.invertedFileNameIndex.requests,1772809356936000000,1772809416930000000,0
VFS.rootsCount,1772809356936000000,1772809416930000000,210.0
VFS.fileByIdCache.hits,1772809356936000000,1772809416930000000,0
VFS.cache.filesCreated,1772809356936000000,1772809416930000000,0
VFS.contentStorage.recordsStoredSize,1772809356936000000,1772809416930000000,0
VFS.folderCaseSensitivityReads,1772809356936000000,1772809416930000000,0
VFS.cache.directoriesCreated,1772809356936000000,1772809416930000000,0
VFS.fileChildByName,1772809356936000000,1772809416930000000,0
workspaceModel.moduleManagerBridge.get.modules.ms,1772809356936000000,1772809416930000000,0
jps.library.entities.serializer.save.entities.ms,1772809356936000000,1772809416930000000,0
workspaceModel.mutableEntityStorage.changeLog.addReplaceEventForRemovedChild.ms,1772809356936000000,1772809416930000000,0
workspaceModel.mutableEntityStorage.collect.changes.ms,1772809356936000000,1772809416930000000,0
workspaceModel.mutableEntityStorage.replace.by.source.ms,1772809356936000000,1772809416930000000,0
jps.global.initialize.library.bridges.ms,1772809356936000000,1772809416930000000,0
jps.facet.change.listener.init.bridge.ms,1772809356936000000,1772809416930000000,0
workspaceModel.moduleManagerBridge.create.module.instance.ms,1772809356936000000,1772809416930000000,0
jps.global.handle.before.change.events.ms,1772809356936000000,1772809416930000000,0
workspaceModel.mutableEntityStorage.mutable.vfurl.index.ms,1772809356936000000,1772809416930000000,0
workspaceModel.moduleManagerBridge.build.module.graph.ms,1772809356936000000,1772809416930000000,0
workspaceModel.mutableEntityStorage.mutable.ext.mapping.ms,1772809356936000000,1772809416930000000,0
workspaceModel.mutableEntityStorage.modify.entity.ms,1772809356936000000,1772809416930000000,0
jps.modifiable.module.model.bridge.load.module.ms,1772809356936000000,1772809416930000000,0
jps.app.storage.content.reader.load.component.ms,1772809356936000000,1772809416930000000,0
workspaceModel.global.updates.count,1772809356936000000,1772809416930000000,0
jps.load.initial.state.ms,1772809356936000000,1772809416930000000,0
workspaceModel.moduleBridgeLoader.loading.modules.ms,1772809356936000000,1772809416930000000,0
workspaceModel.mutableEntityStorage.instances.count,1772809356936000000,1772809416930000000,0
workspaceModel.delayed.project.synchronizer.sync.ms,1772809356936000000,1772809416930000000,0
workspaceModel.mutableEntityStorage.changeLog.addReplaceEventForRemovedParent.ms,1772809356936000000,1772809416930000000,0
jps.library.entities.serializer.load.entities.ms,1772809356936000000,1772809416930000000,0
jps.module.iml.entities.serializer.load.entities.ms,1772809356936000000,1772809416930000000,0
workspaceModel.global.updates.ms,1772809356936000000,1772809416930000000,0
jps.storage.jps.conf.reader.load.component.ms,1772809356936000000,1772809416930000000,0
jps.load.project.to.empty.storage.ms,1772809356936000000,1772809416930000000,0
workspaceModel.mutableEntityStorage.put.entity.ms,1772809356936000000,1772809416930000000,0
workspaceModel.mutableEntityStorage.entities.ms,1772809356936000000,1772809416930000000,0
workspaceModel.moduleManagerBridge.set.unloadedModules.ms,1772809356936000000,1772809416930000000,0
workspaceModel.mutableEntityStorage.has.same.entities.ms,1772809356936000000,1772809416930000000,0
workspaceModel.moduleBridge.before.changed.ms,1772809356936000000,1772809416930000000,0
jps.artifact.entities.serializer.load.entities.ms,1772809356936000000,1772809416930000000,0
workspaceModel.moduleManagerBridge.load.module.ms,1772809356936000000,1772809416930000000,0
workspaceModel.save.cache.to.file.ms,1772809356936000000,1772809416930000000,0
workspaceModel.load.cache.from.file.ms,1772809356936000000,1772809416930000000,0
workspaceModel.moduleBridge.facet.initialization.ms,1772809356936000000,1772809416930000000,0
workspaceModel.mutableEntityStorage.entities.by.source.ms,1772809356936000000,1772809416930000000,0
jps.modifiable.module.model.bridge.disposing.ms,1772809356936000000,1772809416930000000,0
workspaceModel.mutableEntityStorage.referrers.ms,1772809356936000000,1772809416930000000,0
jps.project.serializers.load.ms,1772809356936000000,1772809416930000000,0
jps.global.get.library.by.name.ms,1772809356936000000,1772809416930000000,0
jps.save.global.entities.ms,1772809356936000000,1772809416930000000,0
jps.global.initialize.library.bridges.after.loading.ms,1772809356936000000,1772809416930000000,0
workspaceModel.mutableEntityStorage.remove.entity.ms,1772809356936000000,1772809416930000000,0
workspaceModel.mutableEntityStorage.hasReferrers.ms,1772809356936000000,1772809416930000000,0
workspaceModel.global.apply.state.to.project.builder.ms,1772809356936000000,1772809416930000000,0
jps.facet.change.listener.process.change.events.ms,1772809356936000000,1772809416930000000,0
workspaceModel.mutableEntityStorage.resolve.ms,1772809356936000000,1772809416930000000,0
jps.project.serializers.save.ms,1772809356936000000,1772809416930000000,0
workspaceModel.sync.entities.ms,1772809356936000000,1772809416930000000,0
jps.global.get.library.ms,1772809356936000000,1772809416930000000,0
workspaceModel.do.save.caches.ms,1772809356936000000,1772809416930000000,0
jps.save.changed.project.entities.ms,1772809356936000000,1772809416930000000,0
workspaceModel.load.cache.metadata.from.file.ms,1772809356936000000,1772809416930000000,0
jps.modifiable.module.model.bridge.renaming.ms,1772809356936000000,1772809416930000000,0
jps.apply.loaded.storage.ms,1772809356936000000,1772809416930000000,0
workspaceModel.mutableEntityStorage.to.snapshot.ms,1772809356936000000,1772809416930000000,0
workspaceModel.moduleManagerBridge.load.all.modules.ms,1772809356936000000,1772809416930000000,0
jps.modifiable.module.model.bridge.new.module.ms,1772809356936000000,1772809416930000000,0
workspaceModel.global.apply.state.to.project.ms,1772809356936000000,1772809416930000000,0
jps.reload.project.entities.ms,1772809356936000000,1772809416930000000,0
workspaceModel.mutableEntityStorage.changeLog.addReplaceEventForNewChild.ms,1772809356936000000,1772809416930000000,0
jps.global.handle.changed.events.ms,1772809356936000000,1772809416930000000,0
jps.module.iml.entities.serializer.save.entities.ms,1772809356936000000,1772809416930000000,0
workspaceModel.mutableEntityStorage.changeLog.addReplaceEventForNewParent.ms,1772809356936000000,1772809416930000000,0
jps.module.dependency.index.workspace.model.listener.on.changed.ms,1772809356936000000,1772809416930000000,0
workspaceModel.mutableEntityStorage.add.entity.ms,1772809356936000000,1772809416930000000,0
workspaceModel.orphan.listener.update.ms,1772809356936000000,1772809416930000000,0
jps.artifact.entities.serializer.save.entities.ms,1772809356936000000,1772809416930000000,0
workspaceModel.moduleManagerBridge.newModule.ms,1772809356936000000,1772809416930000000,0
workspaceModel.moduleBridge.update.option.ms,1772809356936000000,1772809416930000000,0
jps.facet.change.listener.before.change.events.ms,1772809356936000000,1772809416930000000,0
workspaceModel.moduleManagerBridge.new.nonPersistent.module.ms,1772809356936000000,1772809416930000000,0
workspaceModel.mutableEntityStorage.apply.changes.from.ms,1772809356936000000,1772809416930000000,0
jps.global.get.libraries.ms,1772809356936000000,1772809416930000000,0
compiler.ArtifactManagerBridge.findArtifact.ms,1772809356936000000,1772809416930000000,0
compiler.ArtifactVirtualFileListener.propertyChanged.ms,1772809356936000000,1772809416930000000,0
compiler.ArtifactManagerBridge.commit.ms,1772809356936000000,1772809416930000000,0
compiler.ArtifactManagerBridge.addArtifact.ms,1772809356936000000,1772809416930000000,0
compiler.ArtifactModifiableModelBridge.commit.ms,1772809356936000000,1772809416930000000,4
compiler.ArtifactModifiableModelBridge.getArtifacts.ms,1772809356936000000,1772809416930000000,0
compiler.ArtifactVirtualFileListener.filePathChanged.ms,1772809356936000000,1772809416930000000,0
compiler.ArtifactManagerBridge.initBridges.ms,1772809356936000000,1772809416930000000,0
compiler.ArtifactModifiableModelBridge.dispose.ms,1772809356936000000,1772809416930000000,0
compiler.ArtifactModifiableModelBridge.getArtifactsByType.ms,1772809356936000000,1772809416930000000,0
compiler.ArtifactManagerBridge.getArtifactsByType.ms,1772809356936000000,1772809416930000000,0
compiler.ArtifactModifiableModelBridge.findArtifacts.ms,1772809356936000000,1772809416930000000,0
compiler.ArtifactManagerBridge.dropMappings.ms,1772809356936000000,1772809416930000000,0
compiler.ArtifactManagerBridge.getArtifacts.ms,1772809356936000000,1772809416930000000,0
compiler.ArtifactModifiableModelBridge.addArtifact.ms,1772809356936000000,1772809416930000000,0
MappedFileStorage.totalPagesMapped,1772809356936000000,1772809416930000000,16
StorageLockContext.competingThreads.max,1772809356936000000,1772809416930000000,0
FilePageCache.maxRegisteredFiles,1772809356936000000,1772809416930000000,1824
FilePageCache.capacityInBytes,1772809356936000000,1772809416930000000,629145600
DirectByteBufferAllocator.misses,1772809356936000000,1772809416930000000,0
StreamlinedBlobStorage.totalLiveRecordsCapacityBytes,1772809356936000000,1772809416930000000,0
FilePageCache.totalPageLoadsUs,1772809356936000000,1772809416930000000,0
MappedFileStorage.totalTimeSpentOnMappingUs,1772809356936000000,1772809416930000000,188645
FilePageCache.pageFastCacheHits,1772809356936000000,1772809416930000000,0
StreamlinedBlobStorage.recordsDeleted,1772809356936000000,1772809416930000000,0
FilePageCache.pageLoads,1772809356936000000,1772809416930000000,0
StreamlinedBlobStorage.totalLiveRecordsPayloadBytes,1772809356936000000,1772809416930000000,0
FilePageCache.maxCacheSizeInBytes,1772809356936000000,1772809416930000000,629145600
StorageLockContext.competingThreads.avg,1772809356936000000,1772809416930000000,0.0
DirectByteBufferAllocator.disposed,1772809356936000000,1772809416930000000,0
MappedFileStorage.totalBytesMapped,1772809356936000000,1772809416930000000,202637312
StorageLockContext.competingThreads.90P,1772809356936000000,1772809416930000000,0
FilePageCache.totalPageDisposalsUs,1772809356936000000,1772809416930000000,0
FilePageCache.pageHits,1772809356936000000,1772809416930000000,0
StreamlinedBlobStorage.recordsRelocated,1772809356936000000,1772809416930000000,0
MappedFileStorage.storages,1772809356936000000,1772809416930000000,16
FileChannelInterruptsRetryer.totalRetriedAttempts,1772809356936000000,1772809416930000000,0
DirectByteBufferAllocator.reclaimed,1772809356936000000,1772809416930000000,0
StreamlinedBlobStorage.recordsAllocated,1772809356936000000,1772809416930000000,0
FilePageCache.disposedBuffers,1772809356936000000,1772809416930000000,0
DirectByteBufferAllocator.totalSizeOfBuffersAllocatedInBytes,1772809356936000000,1772809416930000000,630194176
DirectByteBufferAllocator.hits,1772809356936000000,1772809416930000000,0
FilePageCache.uncachedFileAccess,1772809356936000000,1772809416930000000,0
DirectByteBufferAllocator.totalSizeOfBuffersCachedInBytes,1772809356936000000,1772809416930000000,1048576
FilePageCache.pageLoadsAboveSizeThreshold,1772809356936000000,1772809416930000000,0
JVM.totalBytesAllocated,1772809356936000000,1772809416930000000,20033712
JVM.maxThreadCount,1772809356936000000,1772809416930000000,256
JVM.usedNativeBytes,1772809356936000000,1772809416930000000,465986616
JVM.totalTimeToSafepointsMs,1772809356936000000,1772809416930000000,2
JVM.GC.collectionTimesMs,1772809356936000000,1772809416930000000,0
MEM.ramBytes,1772809356936000000,1772809416930000000,3725910016
JVM.threadCount,1772809356936000000,1772809416930000000,54
JVM.usedHeapBytes,1772809356936000000,1772809416930000000,793820848
JVM.totalSafepointCount,1772809356936000000,1772809416930000000,20
JVM.newThreadsCount,1772809356936000000,1772809416930000000,0
JVM.maxHeapBytes,1772809356936000000,1772809416930000000,28840034304
JVM.totalTimeAtSafepointsMs,1772809356936000000,1772809416930000000,1
JVM.GC.collections,1772809356936000000,1772809416930000000,0
OS.loadAverage,1772809356936000000,1772809416930000000,2.326171875
MEM.fileMappingsRamBytes,1772809356936000000,1772809416930000000,684924928
MEM.ramMinusFileMappingsBytes,1772809356936000000,1772809416930000000,3040985088
JVM.totalCpuTimeMs,1772809356936000000,1772809416930000000,2530
JVM.committedHeapBytes,1772809356936000000,1772809416930000000,1677721600
JVM.totalDirectByteBuffersBytes,1772809356936000000,1772809416930000000,634939454
MEM.ramPlusSwapMinusFileMappingsBytes,1772809356936000000,1772809416930000000,3040985088
Indexing.cache.totalCacheMisses,1772809356936000000,1772809416930000000,0
Indexes.allKeys.lookupDurationMaxMs,1772809356936000000,1772809416930000000,0.0
Indexing.writer_1.totalTimeSpentWritingMs,1772809356936000000,1772809416930000000,0
Indexes.entries.lookupDuration90PMs,1772809356936000000,1772809416930000000,0.0
Indexes.entries.lookups,1772809356936000000,1772809416930000000,0
Indexing.writer_3.totalTimeSpentWritingMs,1772809356936000000,1772809416930000000,0
Indexes.stubs.lookupDuration90PMs,1772809356936000000,1772809416930000000,0.0
Indexing.writesQueuedAvg,1772809356936000000,1772809416930000000,0.0
Indexes.entries.lookupDurationMaxMs,1772809356936000000,1772809416930000000,0.0
Indexing.writer_2.totalTimeSpentWritingMs,1772809356936000000,1772809416930000000,0
Indexes.stubs.lookupDurationAvgMs,1772809356936000000,1772809416930000000,0.0
Indexing.cache.totalCacheAccesses,1772809356936000000,1772809416930000000,0
Indexing.writer_0.totalTimeSpentWritingMs,1772809356936000000,1772809416930000000,0
Indexing.writesQueuedMin,1772809356936000000,1772809416930000000,0
Indexes.stubs.lookupDurationMaxMs,1772809356936000000,1772809416930000000,0.0
Indexing.cache.totalCacheEvicted,1772809356936000000,1772809416930000000,0
Indexes.allKeys.lookupDuration90PMs,1772809356936000000,1772809416930000000,0.0
Indexes.entries.lookupDurationAvgMs,1772809356936000000,1772809416930000000,0.0
Indexes.allKeys.lookups,1772809356936000000,1772809416930000000,0
Indexes.stubs.lookups,1772809356936000000,1772809416930000000,0
Indexes.allKeys.lookupDurationAvgMs,1772809356936000000,1772809416930000000,0.0
Indexing.totalTimeIndexersSleptMs,1772809356936000000,1772809416930000000,0
Indexing.writesQueuedMax,1772809356936000000,1772809416930000000,0
cacheStateStorage.get.counter,1772809356936000000,1772809416930000000,0
cacheStateStorage.set.duration,1772809356936000000,1772809416930000000,0
cacheStateStorage.set.counter,1772809356936000000,1772809416930000000,0
cacheStateStorage.get.duration,1772809356936000000,1772809416930000000,0
NonBlockingReadAction.finalizedExecutionsCount,1772809356936000000,1772809416930000000,0
FlushQueue.tasksExecuted,1772809356936000000,1772809416930000000,296
FlushQueue.executionTimeAvgNs,1772809356936000000,1772809416930000000,403333.02702702704
AWTEventQueue.eventsDispatched,1772809356936000000,1772809416930000000,472
NonBlockingReadAction.failedExecutionTimeUs,1772809356936000000,1772809416930000000,0
AWTEventQueue.dispatchTimeMaxNs,1772809356936000000,1772809416930000000,15269887
FlushQueue.queueSize90P,1772809356936000000,1772809416930000000,1
FlushQueue.waitingTimeMaxNs,1772809356936000000,1772809416930000000,1662975
FlushQueue.waitingTimeAvgNs,1772809356936000000,1772809416930000000,338250.8108108108
AWTEventQueue.dispatchTimeTotalNS,1772809356936000000,1772809416930000000,169332469
NonBlockingReadAction.failedExecutionsCount,1772809356936000000,1772809416930000000,0
FlushQueue.executionTime90PNs,1772809356936000000,1772809416930000000,622591
NonBlockingReadAction.finalizedExecutionTimeUs,1772809356936000000,1772809416930000000,0
WriteAction.executionsCount,1772809356936000000,1772809416930000000,1
FlushQueue.executionTimeMaxNs,1772809356936000000,1772809416930000000,15073279
FlushQueue.queueSizeAvg,1772809356936000000,1772809416930000000,0.2195945945945946
ReadAction.executionsCount,1772809356936000000,1772809416930000000,3
FlushQueue.queueSizeMax,1772809356936000000,1772809416930000000,2
AWTEventQueue.dispatchTime90PNs,1772809356936000000,1772809416930000000,782335
AWTEventQueue.dispatchTimeAvgNs,1772809356936000000,1772809416930000000,358736.6779661017
FlushQueue.waitingTime90PNs,1772809356936000000,1772809416930000000,532479
DiskQueryRelay.tasksRequested,1772809416930000000,1772809476936000000,0
LowMemory.gcLoad,1772809416930000000,1772809476936000000,0.0
DiskQueryRelay.tasksExecuted,1772809416930000000,1772809476936000000,0
writeAction.wait.ms,1772809416930000000,1772809476936000000,0
writeAction.max.wait.ms,1772809416930000000,1772809476936000000,81
DiskQueryRelay.taskExecutionTotalTimeUs,1772809416930000000,1772809476936000000,0
writeAction.median.wait.ms,1772809416930000000,1772809476936000000,100
writeAction.count,1772809416930000000,1772809476936000000,0
LowMemory.gcOverloaded,1772809416930000000,1772809476936000000,0
DiskQueryRelay.taskWaitingTotalTimeUs,1772809416930000000,1772809476936000000,0
workspaceModel.pre.handlers.ms,1772809416930000000,1772809476936000000,0
workspaceModel.on.changed.ms,1772809416930000000,1772809476936000000,0
workspaceModel.loading.total.ms,1772809416930000000,1772809476936000000,0
workspaceModel.cachedValueWithParameters.clear.count,1772809416930000000,1772809476936000000,0
workspaceModel.updates.precise.ms,1772809416930000000,1772809476936000000,0
workspaceModel.replace.project.model.ms,1772809416930000000,1772809476936000000,0
workspaceModel.entityStorageSnapshotImpl.instances.count,1772809416930000000,1772809476936000000,0
workspaceModel.cachedValue.from.cache.count,1772809416930000000,1772809476936000000,0
workspaceModel.check.recursive.update.ms,1772809416930000000,1772809476936000000,0
workspaceModel.updates.count,1772809416930000000,1772809476936000000,0
workspaceModel.workspaceFileIndexData.getDirectoriesByPackageName.ms,1772809416930000000,1772809476936000000,0
workspaceModel.cachedValueWithParameters.calculated.count,1772809416930000000,1772809476936000000,0
workspaceModel.update.unloaded.entities.ms,1772809416930000000,1772809476936000000,0
workspaceModel.updates.ms,1772809416930000000,1772809476936000000,0
workspaceModel.collect.changes.ms,1772809416930000000,1772809476936000000,0
workspaceModel.workspaceFileIndexData.instances.count,1772809416930000000,1772809476936000000,0
workspaceModel.to.snapshot.ms,1772809416930000000,1772809476936000000,0
workspaceModel.workspaceFileIndexData.onEntitiesChanged.ms,1772809416930000000,1772809476936000000,0
workspaceModel.workspaceFileIndexData.markDirty.ms,1772809416930000000,1772809476936000000,0
workspaceModel.workspaceFileIndexContributor.registerFileSets.ms,1772809416930000000,1772809476936000000,0
workspaceModel.initializing.ms,1772809416930000000,1772809476936000000,0
workspaceModel.cachedValue.total.get.count,1772809416930000000,1772809476936000000,0
workspaceModel.workspaceFileIndexData.init.ms,1772809416930000000,1772809476936000000,0
workspaceModel.cachedValueWithParameters.from.cache.count,1772809416930000000,1772809476936000000,0
workspaceModel.workspaceFileIndexData.processFileSets.ms,1772809416930000000,1772809476936000000,0
workspaceModel.workspaceFileIndexData.updateDirtyEntities.ms,1772809416930000000,1772809476936000000,0
workspaceModel.workspaceFileIndexData.getFileInfo.ms,1772809416930000000,1772809476936000000,0
workspaceModel.on.before.changed.ms,1772809416930000000,1772809476936000000,0
workspaceModel.workspaceFileIndexData.getPackageName.ms,1772809416930000000,1772809476936000000,0
workspaceModel.workspaceFileIndexData.visitFileSets.ms,1772809416930000000,1772809476936000000,0
workspaceModel.cachedValue.calculated.count,1772809416930000000,1772809476936000000,0
workspaceModel.loading.from.cache.ms,1772809416930000000,1772809476936000000,0
workspaceModel.cachedValueWithParameters.total.get.count,1772809416930000000,1772809476936000000,0
workspaceModel.full.replace.project.model.ms,1772809416930000000,1772809476936000000,0
workspaceModel.init.bridges.ms,1772809416930000000,1772809476936000000,0
workspaceModel.cachedValue.clear.count,1772809416930000000,1772809476936000000,0
VFS.fileByIdCache.misses,1772809416930000000,1772809476936000000,0
VFS.contentStorage.recordsUncompressedSize,1772809416930000000,1772809476936000000,0
VFS.contentStorage.recordsDecompressionTimeUs,1772809416930000000,1772809476936000000,0
VFS.cache.segmentsCreated,1772809416930000000,1772809476936000000,0
VFS.contentStorage.recordsReadSize,1772809416930000000,1772809476936000000,0
VFS.contentStorage.recordsStored,1772809416930000000,1772809476936000000,0
FileNameCache.queries,1772809416930000000,1772809476936000000,0
VFS.contentStorage.recordsRead,1772809416930000000,1772809476936000000,0
VFS.contentStorage.recordsReadDecompressed,1772809416930000000,1772809476936000000,0
VFS.contentStorage.recordsStoredCompressed,1772809416930000000,1772809476936000000,0
FileNameCache.totalMisses,1772809416930000000,1772809476936000000,0
VFS.contentStorage.recordsDeduplicated,1772809416930000000,1772809476936000000,0
VFS.cache.segments,1772809416930000000,1772809476936000000,169.0
VFS.invertedFileNameIndex.requests,1772809416930000000,1772809476936000000,0
VFS.rootsCount,1772809416930000000,1772809476936000000,210.0
VFS.fileByIdCache.hits,1772809416930000000,1772809476936000000,0
VFS.cache.filesCreated,1772809416930000000,1772809476936000000,0
VFS.contentStorage.recordsStoredSize,1772809416930000000,1772809476936000000,0
VFS.folderCaseSensitivityReads,1772809416930000000,1772809476936000000,0
VFS.cache.directoriesCreated,1772809416930000000,1772809476936000000,0
VFS.fileChildByName,1772809416930000000,1772809476936000000,0
workspaceModel.moduleManagerBridge.get.modules.ms,1772809416930000000,1772809476936000000,0
jps.library.entities.serializer.save.entities.ms,1772809416930000000,1772809476936000000,0
workspaceModel.mutableEntityStorage.changeLog.addReplaceEventForRemovedChild.ms,1772809416930000000,1772809476936000000,0
workspaceModel.mutableEntityStorage.collect.changes.ms,1772809416930000000,1772809476936000000,0
workspaceModel.mutableEntityStorage.replace.by.source.ms,1772809416930000000,1772809476936000000,0
jps.global.initialize.library.bridges.ms,1772809416930000000,1772809476936000000,0
jps.facet.change.listener.init.bridge.ms,1772809416930000000,1772809476936000000,0
workspaceModel.moduleManagerBridge.create.module.instance.ms,1772809416930000000,1772809476936000000,0
jps.global.handle.before.change.events.ms,1772809416930000000,1772809476936000000,0
workspaceModel.mutableEntityStorage.mutable.vfurl.index.ms,1772809416930000000,1772809476936000000,0
workspaceModel.moduleManagerBridge.build.module.graph.ms,1772809416930000000,1772809476936000000,0
workspaceModel.mutableEntityStorage.mutable.ext.mapping.ms,1772809416930000000,1772809476936000000,0
workspaceModel.mutableEntityStorage.modify.entity.ms,1772809416930000000,1772809476936000000,0
jps.modifiable.module.model.bridge.load.module.ms,1772809416930000000,1772809476936000000,0
jps.app.storage.content.reader.load.component.ms,1772809416930000000,1772809476936000000,0
workspaceModel.global.updates.count,1772809416930000000,1772809476936000000,0
jps.load.initial.state.ms,1772809416930000000,1772809476936000000,0
workspaceModel.moduleBridgeLoader.loading.modules.ms,1772809416930000000,1772809476936000000,0
workspaceModel.mutableEntityStorage.instances.count,1772809416930000000,1772809476936000000,0
workspaceModel.delayed.project.synchronizer.sync.ms,1772809416930000000,1772809476936000000,0
workspaceModel.mutableEntityStorage.changeLog.addReplaceEventForRemovedParent.ms,1772809416930000000,1772809476936000000,0
jps.library.entities.serializer.load.entities.ms,1772809416930000000,1772809476936000000,0
jps.module.iml.entities.serializer.load.entities.ms,1772809416930000000,1772809476936000000,0
workspaceModel.global.updates.ms,1772809416930000000,1772809476936000000,0
jps.storage.jps.conf.reader.load.component.ms,1772809416930000000,1772809476936000000,0
jps.load.project.to.empty.storage.ms,1772809416930000000,1772809476936000000,0
workspaceModel.mutableEntityStorage.put.entity.ms,1772809416930000000,1772809476936000000,0
workspaceModel.mutableEntityStorage.entities.ms,1772809416930000000,1772809476936000000,0
workspaceModel.moduleManagerBridge.set.unloadedModules.ms,1772809416930000000,1772809476936000000,0
workspaceModel.mutableEntityStorage.has.same.entities.ms,1772809416930000000,1772809476936000000,0
workspaceModel.moduleBridge.before.changed.ms,1772809416930000000,1772809476936000000,0
jps.artifact.entities.serializer.load.entities.ms,1772809416930000000,1772809476936000000,0
workspaceModel.moduleManagerBridge.load.module.ms,1772809416930000000,1772809476936000000,0
workspaceModel.save.cache.to.file.ms,1772809416930000000,1772809476936000000,0
workspaceModel.load.cache.from.file.ms,1772809416930000000,1772809476936000000,0
workspaceModel.moduleBridge.facet.initialization.ms,1772809416930000000,1772809476936000000,0
workspaceModel.mutableEntityStorage.entities.by.source.ms,1772809416930000000,1772809476936000000,0
jps.modifiable.module.model.bridge.disposing.ms,1772809416930000000,1772809476936000000,0
workspaceModel.mutableEntityStorage.referrers.ms,1772809416930000000,1772809476936000000,0
jps.project.serializers.load.ms,1772809416930000000,1772809476936000000,0
jps.global.get.library.by.name.ms,1772809416930000000,1772809476936000000,0
jps.save.global.entities.ms,1772809416930000000,1772809476936000000,0
jps.global.initialize.library.bridges.after.loading.ms,1772809416930000000,1772809476936000000,0
workspaceModel.mutableEntityStorage.remove.entity.ms,1772809416930000000,1772809476936000000,0
workspaceModel.mutableEntityStorage.hasReferrers.ms,1772809416930000000,1772809476936000000,0
workspaceModel.global.apply.state.to.project.builder.ms,1772809416930000000,1772809476936000000,0
jps.facet.change.listener.process.change.events.ms,1772809416930000000,1772809476936000000,0
workspaceModel.mutableEntityStorage.resolve.ms,1772809416930000000,1772809476936000000,0
jps.project.serializers.save.ms,1772809416930000000,1772809476936000000,0
workspaceModel.sync.entities.ms,1772809416930000000,1772809476936000000,0
jps.global.get.library.ms,1772809416930000000,1772809476936000000,0
workspaceModel.do.save.caches.ms,1772809416930000000,1772809476936000000,0
jps.save.changed.project.entities.ms,1772809416930000000,1772809476936000000,0
workspaceModel.load.cache.metadata.from.file.ms,1772809416930000000,1772809476936000000,0
jps.modifiable.module.model.bridge.renaming.ms,1772809416930000000,1772809476936000000,0
jps.apply.loaded.storage.ms,1772809416930000000,1772809476936000000,0
workspaceModel.mutableEntityStorage.to.snapshot.ms,1772809416930000000,1772809476936000000,0
workspaceModel.moduleManagerBridge.load.all.modules.ms,1772809416930000000,1772809476936000000,0
jps.modifiable.module.model.bridge.new.module.ms,1772809416930000000,1772809476936000000,0
workspaceModel.global.apply.state.to.project.ms,1772809416930000000,1772809476936000000,0
jps.reload.project.entities.ms,1772809416930000000,1772809476936000000,0
workspaceModel.mutableEntityStorage.changeLog.addReplaceEventForNewChild.ms,1772809416930000000,1772809476936000000,0
jps.global.handle.changed.events.ms,1772809416930000000,1772809476936000000,0
jps.module.iml.entities.serializer.save.entities.ms,1772809416930000000,1772809476936000000,0
workspaceModel.mutableEntityStorage.changeLog.addReplaceEventForNewParent.ms,1772809416930000000,1772809476936000000,0
jps.module.dependency.index.workspace.model.listener.on.changed.ms,1772809416930000000,1772809476936000000,0
workspaceModel.mutableEntityStorage.add.entity.ms,1772809416930000000,1772809476936000000,0
workspaceModel.orphan.listener.update.ms,1772809416930000000,1772809476936000000,0
jps.artifact.entities.serializer.save.entities.ms,1772809416930000000,1772809476936000000,0
workspaceModel.moduleManagerBridge.newModule.ms,1772809416930000000,1772809476936000000,0
workspaceModel.moduleBridge.update.option.ms,1772809416930000000,1772809476936000000,0
jps.facet.change.listener.before.change.events.ms,1772809416930000000,1772809476936000000,0
workspaceModel.moduleManagerBridge.new.nonPersistent.module.ms,1772809416930000000,1772809476936000000,0
workspaceModel.mutableEntityStorage.apply.changes.from.ms,1772809416930000000,1772809476936000000,0
jps.global.get.libraries.ms,1772809416930000000,1772809476936000000,0
compiler.ArtifactManagerBridge.findArtifact.ms,1772809416930000000,1772809476936000000,0
compiler.ArtifactVirtualFileListener.propertyChanged.ms,1772809416930000000,1772809476936000000,0
compiler.ArtifactManagerBridge.commit.ms,1772809416930000000,1772809476936000000,0
compiler.ArtifactManagerBridge.addArtifact.ms,1772809416930000000,1772809476936000000,0
compiler.ArtifactModifiableModelBridge.commit.ms,1772809416930000000,1772809476936000000,4
compiler.ArtifactModifiableModelBridge.getArtifacts.ms,1772809416930000000,1772809476936000000,0
compiler.ArtifactVirtualFileListener.filePathChanged.ms,1772809416930000000,1772809476936000000,0
compiler.ArtifactManagerBridge.initBridges.ms,1772809416930000000,1772809476936000000,0
compiler.ArtifactModifiableModelBridge.dispose.ms,1772809416930000000,1772809476936000000,0
compiler.ArtifactModifiableModelBridge.getArtifactsByType.ms,1772809416930000000,1772809476936000000,0
compiler.ArtifactManagerBridge.getArtifactsByType.ms,1772809416930000000,1772809476936000000,0
compiler.ArtifactModifiableModelBridge.findArtifacts.ms,1772809416930000000,1772809476936000000,0
compiler.ArtifactManagerBridge.dropMappings.ms,1772809416930000000,1772809476936000000,0
compiler.ArtifactManagerBridge.getArtifacts.ms,1772809416930000000,1772809476936000000,0
compiler.ArtifactModifiableModelBridge.addArtifact.ms,1772809416930000000,1772809476936000000,0
MappedFileStorage.totalPagesMapped,1772809416930000000,1772809476936000000,16
StorageLockContext.competingThreads.max,1772809416930000000,1772809476936000000,0
FilePageCache.maxRegisteredFiles,1772809416930000000,1772809476936000000,1824
FilePageCache.capacityInBytes,1772809416930000000,1772809476936000000,629145600
DirectByteBufferAllocator.misses,1772809416930000000,1772809476936000000,0
StreamlinedBlobStorage.totalLiveRecordsCapacityBytes,1772809416930000000,1772809476936000000,0
FilePageCache.totalPageLoadsUs,1772809416930000000,1772809476936000000,0
MappedFileStorage.totalTimeSpentOnMappingUs,1772809416930000000,1772809476936000000,188645
FilePageCache.pageFastCacheHits,1772809416930000000,1772809476936000000,0
StreamlinedBlobStorage.recordsDeleted,1772809416930000000,1772809476936000000,0
FilePageCache.pageLoads,1772809416930000000,1772809476936000000,0
StreamlinedBlobStorage.totalLiveRecordsPayloadBytes,1772809416930000000,1772809476936000000,0
FilePageCache.maxCacheSizeInBytes,1772809416930000000,1772809476936000000,629145600
StorageLockContext.competingThreads.avg,1772809416930000000,1772809476936000000,0.0
DirectByteBufferAllocator.disposed,1772809416930000000,1772809476936000000,0
MappedFileStorage.totalBytesMapped,1772809416930000000,1772809476936000000,202637312
StorageLockContext.competingThreads.90P,1772809416930000000,1772809476936000000,0
FilePageCache.totalPageDisposalsUs,1772809416930000000,1772809476936000000,0
FilePageCache.pageHits,1772809416930000000,1772809476936000000,0
StreamlinedBlobStorage.recordsRelocated,1772809416930000000,1772809476936000000,0
MappedFileStorage.storages,1772809416930000000,1772809476936000000,16
FileChannelInterruptsRetryer.totalRetriedAttempts,1772809416930000000,1772809476936000000,0
DirectByteBufferAllocator.reclaimed,1772809416930000000,1772809476936000000,0
StreamlinedBlobStorage.recordsAllocated,1772809416930000000,1772809476936000000,0
FilePageCache.disposedBuffers,1772809416930000000,1772809476936000000,0
DirectByteBufferAllocator.totalSizeOfBuffersAllocatedInBytes,1772809416930000000,1772809476936000000,630194176
DirectByteBufferAllocator.hits,1772809416930000000,1772809476936000000,0
FilePageCache.uncachedFileAccess,1772809416930000000,1772809476936000000,0
DirectByteBufferAllocator.totalSizeOfBuffersCachedInBytes,1772809416930000000,1772809476936000000,1048576
FilePageCache.pageLoadsAboveSizeThreshold,1772809416930000000,1772809476936000000,0
JVM.totalBytesAllocated,1772809416930000000,1772809476936000000,22548328
JVM.maxThreadCount,1772809416930000000,1772809476936000000,256
JVM.usedNativeBytes,1772809416930000000,1772809476936000000,467362424
JVM.totalTimeToSafepointsMs,1772809416930000000,1772809476936000000,2
JVM.GC.collectionTimesMs,1772809416930000000,1772809476936000000,0
MEM.ramBytes,1772809416930000000,1772809476936000000,3727613952
JVM.threadCount,1772809416930000000,1772809476936000000,82
JVM.usedHeapBytes,1772809416930000000,1772809476936000000,827375280
JVM.totalSafepointCount,1772809416930000000,1772809476936000000,24
JVM.newThreadsCount,1772809416930000000,1772809476936000000,28
JVM.maxHeapBytes,1772809416930000000,1772809476936000000,28840034304
JVM.totalTimeAtSafepointsMs,1772809416930000000,1772809476936000000,3
JVM.GC.collections,1772809416930000000,1772809476936000000,0
OS.loadAverage,1772809416930000000,1772809476936000000,1.98388671875
MEM.fileMappingsRamBytes,1772809416930000000,1772809476936000000,684924928
MEM.ramMinusFileMappingsBytes,1772809416930000000,1772809476936000000,3042689024
JVM.totalCpuTimeMs,1772809416930000000,1772809476936000000,2470
JVM.committedHeapBytes,1772809416930000000,1772809476936000000,1677721600
JVM.totalDirectByteBuffersBytes,1772809416930000000,1772809476936000000,635100830
MEM.ramPlusSwapMinusFileMappingsBytes,1772809416930000000,1772809476936000000,3042689024
Indexing.cache.totalCacheMisses,1772809416930000000,1772809476936000000,0
Indexes.allKeys.lookupDurationMaxMs,1772809416930000000,1772809476936000000,0.0
Indexing.writer_1.totalTimeSpentWritingMs,1772809416930000000,1772809476936000000,0
Indexes.entries.lookupDuration90PMs,1772809416930000000,1772809476936000000,0.0
Indexes.entries.lookups,1772809416930000000,1772809476936000000,0
Indexing.writer_3.totalTimeSpentWritingMs,1772809416930000000,1772809476936000000,0
Indexes.stubs.lookupDuration90PMs,1772809416930000000,1772809476936000000,0.0
Indexing.writesQueuedAvg,1772809416930000000,1772809476936000000,0.0
Indexes.entries.lookupDurationMaxMs,1772809416930000000,1772809476936000000,0.0
Indexing.writer_2.totalTimeSpentWritingMs,1772809416930000000,1772809476936000000,0
Indexes.stubs.lookupDurationAvgMs,1772809416930000000,1772809476936000000,0.0
Indexing.cache.totalCacheAccesses,1772809416930000000,1772809476936000000,0
Indexing.writer_0.totalTimeSpentWritingMs,1772809416930000000,1772809476936000000,0
Indexing.writesQueuedMin,1772809416930000000,1772809476936000000,0
Indexes.stubs.lookupDurationMaxMs,1772809416930000000,1772809476936000000,0.0
Indexing.cache.totalCacheEvicted,1772809416930000000,1772809476936000000,0
Indexes.allKeys.lookupDuration90PMs,1772809416930000000,1772809476936000000,0.0
Indexes.entries.lookupDurationAvgMs,1772809416930000000,1772809476936000000,0.0
Indexes.allKeys.lookups,1772809416930000000,1772809476936000000,0
Indexes.stubs.lookups,1772809416930000000,1772809476936000000,0
Indexes.allKeys.lookupDurationAvgMs,1772809416930000000,1772809476936000000,0.0
Indexing.totalTimeIndexersSleptMs,1772809416930000000,1772809476936000000,0
Indexing.writesQueuedMax,1772809416930000000,1772809476936000000,0
cacheStateStorage.get.counter,1772809416930000000,1772809476936000000,0
cacheStateStorage.set.duration,1772809416930000000,1772809476936000000,0
cacheStateStorage.set.counter,1772809416930000000,1772809476936000000,0
cacheStateStorage.get.duration,1772809416930000000,1772809476936000000,0
NonBlockingReadAction.finalizedExecutionsCount,1772809416930000000,1772809476936000000,0
FlushQueue.tasksExecuted,1772809416930000000,1772809476936000000,293
FlushQueue.executionTimeAvgNs,1772809416930000000,1772809476936000000,343979.30375426624
AWTEventQueue.eventsDispatched,1772809416930000000,1772809476936000000,469
NonBlockingReadAction.failedExecutionTimeUs,1772809416930000000,1772809476936000000,0
AWTEventQueue.dispatchTimeMaxNs,1772809416930000000,1772809476936000000,7536639
FlushQueue.queueSize90P,1772809416930000000,1772809476936000000,1
FlushQueue.waitingTimeMaxNs,1772809416930000000,1772809476936000000,3309567
FlushQueue.waitingTimeAvgNs,1772809416930000000,1772809476936000000,321767.9726962457
AWTEventQueue.dispatchTimeTotalNS,1772809416930000000,1772809476936000000,144479213
NonBlockingReadAction.failedExecutionsCount,1772809416930000000,1772809476936000000,0
FlushQueue.executionTime90PNs,1772809416930000000,1772809476936000000,536575
NonBlockingReadAction.finalizedExecutionTimeUs,1772809416930000000,1772809476936000000,0
WriteAction.executionsCount,1772809416930000000,1772809476936000000,0
FlushQueue.executionTimeMaxNs,1772809416930000000,1772809476936000000,6881279
FlushQueue.queueSizeAvg,1772809416930000000,1772809476936000000,0.17406143344709898
ReadAction.executionsCount,1772809416930000000,1772809476936000000,3
FlushQueue.queueSizeMax,1772809416930000000,1772809476936000000,2
AWTEventQueue.dispatchTime90PNs,1772809416930000000,1772809476936000000,700415
AWTEventQueue.dispatchTimeAvgNs,1772809416930000000,1772809476936000000,307696.40938166314
FlushQueue.waitingTime90PNs,1772809416930000000,1772809476936000000,493567
DiskQueryRelay.tasksRequested,1772809476936000000,1772809536933000000,0
LowMemory.gcLoad,1772809476936000000,1772809536933000000,0.0
DiskQueryRelay.tasksExecuted,1772809476936000000,1772809536933000000,0
writeAction.wait.ms,1772809476936000000,1772809536933000000,0
writeAction.max.wait.ms,1772809476936000000,1772809536933000000,81
DiskQueryRelay.taskExecutionTotalTimeUs,1772809476936000000,1772809536933000000,0
writeAction.median.wait.ms,1772809476936000000,1772809536933000000,100
writeAction.count,1772809476936000000,1772809536933000000,0
LowMemory.gcOverloaded,1772809476936000000,1772809536933000000,0
DiskQueryRelay.taskWaitingTotalTimeUs,1772809476936000000,1772809536933000000,0
workspaceModel.pre.handlers.ms,1772809476936000000,1772809536933000000,0
workspaceModel.on.changed.ms,1772809476936000000,1772809536933000000,0
workspaceModel.loading.total.ms,1772809476936000000,1772809536933000000,0
workspaceModel.cachedValueWithParameters.clear.count,1772809476936000000,1772809536933000000,0
workspaceModel.updates.precise.ms,1772809476936000000,1772809536933000000,0
workspaceModel.replace.project.model.ms,1772809476936000000,1772809536933000000,0
workspaceModel.entityStorageSnapshotImpl.instances.count,1772809476936000000,1772809536933000000,0
workspaceModel.cachedValue.from.cache.count,1772809476936000000,1772809536933000000,0
workspaceModel.check.recursive.update.ms,1772809476936000000,1772809536933000000,0
workspaceModel.updates.count,1772809476936000000,1772809536933000000,0
workspaceModel.workspaceFileIndexData.getDirectoriesByPackageName.ms,1772809476936000000,1772809536933000000,0
workspaceModel.cachedValueWithParameters.calculated.count,1772809476936000000,1772809536933000000,0
workspaceModel.update.unloaded.entities.ms,1772809476936000000,1772809536933000000,0
workspaceModel.updates.ms,1772809476936000000,1772809536933000000,0
workspaceModel.collect.changes.ms,1772809476936000000,1772809536933000000,0
workspaceModel.workspaceFileIndexData.instances.count,1772809476936000000,1772809536933000000,0
workspaceModel.to.snapshot.ms,1772809476936000000,1772809536933000000,0
workspaceModel.workspaceFileIndexData.onEntitiesChanged.ms,1772809476936000000,1772809536933000000,0
workspaceModel.workspaceFileIndexData.markDirty.ms,1772809476936000000,1772809536933000000,0
workspaceModel.workspaceFileIndexContributor.registerFileSets.ms,1772809476936000000,1772809536933000000,0
workspaceModel.initializing.ms,1772809476936000000,1772809536933000000,0
workspaceModel.cachedValue.total.get.count,1772809476936000000,1772809536933000000,0
workspaceModel.workspaceFileIndexData.init.ms,1772809476936000000,1772809536933000000,0
workspaceModel.cachedValueWithParameters.from.cache.count,1772809476936000000,1772809536933000000,0
workspaceModel.workspaceFileIndexData.processFileSets.ms,1772809476936000000,1772809536933000000,0
workspaceModel.workspaceFileIndexData.updateDirtyEntities.ms,1772809476936000000,1772809536933000000,0
workspaceModel.workspaceFileIndexData.getFileInfo.ms,1772809476936000000,1772809536933000000,0
workspaceModel.on.before.changed.ms,1772809476936000000,1772809536933000000,0
workspaceModel.workspaceFileIndexData.getPackageName.ms,1772809476936000000,1772809536933000000,0
workspaceModel.workspaceFileIndexData.visitFileSets.ms,1772809476936000000,1772809536933000000,0
workspaceModel.cachedValue.calculated.count,1772809476936000000,1772809536933000000,0
workspaceModel.loading.from.cache.ms,1772809476936000000,1772809536933000000,0
workspaceModel.cachedValueWithParameters.total.get.count,1772809476936000000,1772809536933000000,0
workspaceModel.full.replace.project.model.ms,1772809476936000000,1772809536933000000,0
workspaceModel.init.bridges.ms,1772809476936000000,1772809536933000000,0
workspaceModel.cachedValue.clear.count,1772809476936000000,1772809536933000000,0
VFS.fileByIdCache.misses,1772809476936000000,1772809536933000000,0
VFS.contentStorage.recordsUncompressedSize,1772809476936000000,1772809536933000000,0
VFS.contentStorage.recordsDecompressionTimeUs,1772809476936000000,1772809536933000000,0
VFS.cache.segmentsCreated,1772809476936000000,1772809536933000000,0
VFS.contentStorage.recordsReadSize,1772809476936000000,1772809536933000000,0
VFS.contentStorage.recordsStored,1772809476936000000,1772809536933000000,0
FileNameCache.queries,1772809476936000000,1772809536933000000,0
VFS.contentStorage.recordsRead,1772809476936000000,1772809536933000000,0
VFS.contentStorage.recordsReadDecompressed,1772809476936000000,1772809536933000000,0
VFS.contentStorage.recordsStoredCompressed,1772809476936000000,1772809536933000000,0
FileNameCache.totalMisses,1772809476936000000,1772809536933000000,0
VFS.contentStorage.recordsDeduplicated,1772809476936000000,1772809536933000000,0
VFS.cache.segments,1772809476936000000,1772809536933000000,169.0
VFS.invertedFileNameIndex.requests,1772809476936000000,1772809536933000000,0
VFS.rootsCount,1772809476936000000,1772809536933000000,210.0
VFS.fileByIdCache.hits,1772809476936000000,1772809536933000000,0
VFS.cache.filesCreated,1772809476936000000,1772809536933000000,0
VFS.contentStorage.recordsStoredSize,1772809476936000000,1772809536933000000,0
VFS.folderCaseSensitivityReads,1772809476936000000,1772809536933000000,0
VFS.cache.directoriesCreated,1772809476936000000,1772809536933000000,0
VFS.fileChildByName,1772809476936000000,1772809536933000000,0
workspaceModel.moduleManagerBridge.get.modules.ms,1772809476936000000,1772809536933000000,0
jps.library.entities.serializer.save.entities.ms,1772809476936000000,1772809536933000000,0
workspaceModel.mutableEntityStorage.changeLog.addReplaceEventForRemovedChild.ms,1772809476936000000,1772809536933000000,0
workspaceModel.mutableEntityStorage.collect.changes.ms,1772809476936000000,1772809536933000000,0
workspaceModel.mutableEntityStorage.replace.by.source.ms,1772809476936000000,1772809536933000000,0
jps.global.initialize.library.bridges.ms,1772809476936000000,1772809536933000000,0
jps.facet.change.listener.init.bridge.ms,1772809476936000000,1772809536933000000,0
workspaceModel.moduleManagerBridge.create.module.instance.ms,1772809476936000000,1772809536933000000,0
jps.global.handle.before.change.events.ms,1772809476936000000,1772809536933000000,0
workspaceModel.mutableEntityStorage.mutable.vfurl.index.ms,1772809476936000000,1772809536933000000,0
workspaceModel.moduleManagerBridge.build.module.graph.ms,1772809476936000000,1772809536933000000,0
workspaceModel.mutableEntityStorage.mutable.ext.mapping.ms,1772809476936000000,1772809536933000000,0
workspaceModel.mutableEntityStorage.modify.entity.ms,1772809476936000000,1772809536933000000,0
jps.modifiable.module.model.bridge.load.module.ms,1772809476936000000,1772809536933000000,0
jps.app.storage.content.reader.load.component.ms,1772809476936000000,1772809536933000000,0
workspaceModel.global.updates.count,1772809476936000000,1772809536933000000,0
jps.load.initial.state.ms,1772809476936000000,1772809536933000000,0
workspaceModel.moduleBridgeLoader.loading.modules.ms,1772809476936000000,1772809536933000000,0
workspaceModel.mutableEntityStorage.instances.count,1772809476936000000,1772809536933000000,0
workspaceModel.delayed.project.synchronizer.sync.ms,1772809476936000000,1772809536933000000,0
workspaceModel.mutableEntityStorage.changeLog.addReplaceEventForRemovedParent.ms,1772809476936000000,1772809536933000000,0
jps.library.entities.serializer.load.entities.ms,1772809476936000000,1772809536933000000,0
jps.module.iml.entities.serializer.load.entities.ms,1772809476936000000,1772809536933000000,0
workspaceModel.global.updates.ms,1772809476936000000,1772809536933000000,0
jps.storage.jps.conf.reader.load.component.ms,1772809476936000000,1772809536933000000,0
jps.load.project.to.empty.storage.ms,1772809476936000000,1772809536933000000,0
workspaceModel.mutableEntityStorage.put.entity.ms,1772809476936000000,1772809536933000000,0
workspaceModel.mutableEntityStorage.entities.ms,1772809476936000000,1772809536933000000,0
workspaceModel.moduleManagerBridge.set.unloadedModules.ms,1772809476936000000,1772809536933000000,0
workspaceModel.mutableEntityStorage.has.same.entities.ms,1772809476936000000,1772809536933000000,0
workspaceModel.moduleBridge.before.changed.ms,1772809476936000000,1772809536933000000,0
jps.artifact.entities.serializer.load.entities.ms,1772809476936000000,1772809536933000000,0
workspaceModel.moduleManagerBridge.load.module.ms,1772809476936000000,1772809536933000000,0
workspaceModel.save.cache.to.file.ms,1772809476936000000,1772809536933000000,0
workspaceModel.load.cache.from.file.ms,1772809476936000000,1772809536933000000,0
workspaceModel.moduleBridge.facet.initialization.ms,1772809476936000000,1772809536933000000,0
workspaceModel.mutableEntityStorage.entities.by.source.ms,1772809476936000000,1772809536933000000,0
jps.modifiable.module.model.bridge.disposing.ms,1772809476936000000,1772809536933000000,0
workspaceModel.mutableEntityStorage.referrers.ms,1772809476936000000,1772809536933000000,0
jps.project.serializers.load.ms,1772809476936000000,1772809536933000000,0
jps.global.get.library.by.name.ms,1772809476936000000,1772809536933000000,0
jps.save.global.entities.ms,1772809476936000000,1772809536933000000,0
jps.global.initialize.library.bridges.after.loading.ms,1772809476936000000,1772809536933000000,0
workspaceModel.mutableEntityStorage.remove.entity.ms,1772809476936000000,1772809536933000000,0
workspaceModel.mutableEntityStorage.hasReferrers.ms,1772809476936000000,1772809536933000000,0
workspaceModel.global.apply.state.to.project.builder.ms,1772809476936000000,1772809536933000000,0
jps.facet.change.listener.process.change.events.ms,1772809476936000000,1772809536933000000,0
workspaceModel.mutableEntityStorage.resolve.ms,1772809476936000000,1772809536933000000,0
jps.project.serializers.save.ms,1772809476936000000,1772809536933000000,0
workspaceModel.sync.entities.ms,1772809476936000000,1772809536933000000,0
jps.global.get.library.ms,1772809476936000000,1772809536933000000,0
workspaceModel.do.save.caches.ms,1772809476936000000,1772809536933000000,0
jps.save.changed.project.entities.ms,1772809476936000000,1772809536933000000,0
workspaceModel.load.cache.metadata.from.file.ms,1772809476936000000,1772809536933000000,0
jps.modifiable.module.model.bridge.renaming.ms,1772809476936000000,1772809536933000000,0
jps.apply.loaded.storage.ms,1772809476936000000,1772809536933000000,0
workspaceModel.mutableEntityStorage.to.snapshot.ms,1772809476936000000,1772809536933000000,0
workspaceModel.moduleManagerBridge.load.all.modules.ms,1772809476936000000,1772809536933000000,0
jps.modifiable.module.model.bridge.new.module.ms,1772809476936000000,1772809536933000000,0
workspaceModel.global.apply.state.to.project.ms,1772809476936000000,1772809536933000000,0
jps.reload.project.entities.ms,1772809476936000000,1772809536933000000,0
workspaceModel.mutableEntityStorage.changeLog.addReplaceEventForNewChild.ms,1772809476936000000,1772809536933000000,0
jps.global.handle.changed.events.ms,1772809476936000000,1772809536933000000,0
jps.module.iml.entities.serializer.save.entities.ms,1772809476936000000,1772809536933000000,0
workspaceModel.mutableEntityStorage.changeLog.addReplaceEventForNewParent.ms,1772809476936000000,1772809536933000000,0
jps.module.dependency.index.workspace.model.listener.on.changed.ms,1772809476936000000,1772809536933000000,0
workspaceModel.mutableEntityStorage.add.entity.ms,1772809476936000000,1772809536933000000,0
workspaceModel.orphan.listener.update.ms,1772809476936000000,1772809536933000000,0
jps.artifact.entities.serializer.save.entities.ms,1772809476936000000,1772809536933000000,0
workspaceModel.moduleManagerBridge.newModule.ms,1772809476936000000,1772809536933000000,0
workspaceModel.moduleBridge.update.option.ms,1772809476936000000,1772809536933000000,0
jps.facet.change.listener.before.change.events.ms,1772809476936000000,1772809536933000000,0
workspaceModel.moduleManagerBridge.new.nonPersistent.module.ms,1772809476936000000,1772809536933000000,0
workspaceModel.mutableEntityStorage.apply.changes.from.ms,1772809476936000000,1772809536933000000,0
jps.global.get.libraries.ms,1772809476936000000,1772809536933000000,0
compiler.ArtifactManagerBridge.findArtifact.ms,1772809476936000000,1772809536933000000,0
compiler.ArtifactVirtualFileListener.propertyChanged.ms,1772809476936000000,1772809536933000000,0
compiler.ArtifactManagerBridge.commit.ms,1772809476936000000,1772809536933000000,0
compiler.ArtifactManagerBridge.addArtifact.ms,1772809476936000000,1772809536933000000,0
compiler.ArtifactModifiableModelBridge.commit.ms,1772809476936000000,1772809536933000000,4
compiler.ArtifactModifiableModelBridge.getArtifacts.ms,1772809476936000000,1772809536933000000,0
compiler.ArtifactVirtualFileListener.filePathChanged.ms,1772809476936000000,1772809536933000000,0
compiler.ArtifactManagerBridge.initBridges.ms,1772809476936000000,1772809536933000000,0
compiler.ArtifactModifiableModelBridge.dispose.ms,1772809476936000000,1772809536933000000,0
compiler.ArtifactModifiableModelBridge.getArtifactsByType.ms,1772809476936000000,1772809536933000000,0
compiler.ArtifactManagerBridge.getArtifactsByType.ms,1772809476936000000,1772809536933000000,0
compiler.ArtifactModifiableModelBridge.findArtifacts.ms,1772809476936000000,1772809536933000000,0
compiler.ArtifactManagerBridge.dropMappings.ms,1772809476936000000,1772809536933000000,0
compiler.ArtifactManagerBridge.getArtifacts.ms,1772809476936000000,1772809536933000000,0
compiler.ArtifactModifiableModelBridge.addArtifact.ms,1772809476936000000,1772809536933000000,0
MappedFileStorage.totalPagesMapped,1772809476936000000,1772809536933000000,16
StorageLockContext.competingThreads.max,1772809476936000000,1772809536933000000,0
FilePageCache.maxRegisteredFiles,1772809476936000000,1772809536933000000,1824
FilePageCache.capacityInBytes,1772809476936000000,1772809536933000000,629145600
DirectByteBufferAllocator.misses,1772809476936000000,1772809536933000000,0
StreamlinedBlobStorage.totalLiveRecordsCapacityBytes,1772809476936000000,1772809536933000000,0
FilePageCache.totalPageLoadsUs,1772809476936000000,1772809536933000000,0
MappedFileStorage.totalTimeSpentOnMappingUs,1772809476936000000,1772809536933000000,188645
FilePageCache.pageFastCacheHits,1772809476936000000,1772809536933000000,0
StreamlinedBlobStorage.recordsDeleted,1772809476936000000,1772809536933000000,0
FilePageCache.pageLoads,1772809476936000000,1772809536933000000,0
StreamlinedBlobStorage.totalLiveRecordsPayloadBytes,1772809476936000000,1772809536933000000,0
FilePageCache.maxCacheSizeInBytes,1772809476936000000,1772809536933000000,629145600
StorageLockContext.competingThreads.avg,1772809476936000000,1772809536933000000,0.0
DirectByteBufferAllocator.disposed,1772809476936000000,1772809536933000000,0
MappedFileStorage.totalBytesMapped,1772809476936000000,1772809536933000000,202637312
StorageLockContext.competingThreads.90P,1772809476936000000,1772809536933000000,0
FilePageCache.totalPageDisposalsUs,1772809476936000000,1772809536933000000,0
FilePageCache.pageHits,1772809476936000000,1772809536933000000,0
StreamlinedBlobStorage.recordsRelocated,1772809476936000000,1772809536933000000,0
MappedFileStorage.storages,1772809476936000000,1772809536933000000,16
FileChannelInterruptsRetryer.totalRetriedAttempts,1772809476936000000,1772809536933000000,0
DirectByteBufferAllocator.reclaimed,1772809476936000000,1772809536933000000,0
StreamlinedBlobStorage.recordsAllocated,1772809476936000000,1772809536933000000,0
FilePageCache.disposedBuffers,1772809476936000000,1772809536933000000,0
DirectByteBufferAllocator.totalSizeOfBuffersAllocatedInBytes,1772809476936000000,1772809536933000000,630194176
DirectByteBufferAllocator.hits,1772809476936000000,1772809536933000000,0
FilePageCache.uncachedFileAccess,1772809476936000000,1772809536933000000,0
DirectByteBufferAllocator.totalSizeOfBuffersCachedInBytes,1772809476936000000,1772809536933000000,1048576
FilePageCache.pageLoadsAboveSizeThreshold,1772809476936000000,1772809536933000000,0
JVM.totalBytesAllocated,1772809476936000000,1772809536933000000,41794824
JVM.maxThreadCount,1772809476936000000,1772809536933000000,256
JVM.usedNativeBytes,1772809476936000000,1772809536933000000,472570240
JVM.totalTimeToSafepointsMs,1772809476936000000,1772809536933000000,1
JVM.GC.collectionTimesMs,1772809476936000000,1772809536933000000,0
MEM.ramBytes,1772809476936000000,1772809536933000000,3742224384
JVM.threadCount,1772809476936000000,1772809536933000000,66
JVM.usedHeapBytes,1772809476936000000,1772809536933000000,860929712
JVM.totalSafepointCount,1772809476936000000,1772809536933000000,10
JVM.newThreadsCount,1772809476936000000,1772809536933000000,3
JVM.maxHeapBytes,1772809476936000000,1772809536933000000,28840034304
JVM.totalTimeAtSafepointsMs,1772809476936000000,1772809536933000000,1
JVM.GC.collections,1772809476936000000,1772809536933000000,0
OS.loadAverage,1772809476936000000,1772809536933000000,2.6640625
MEM.fileMappingsRamBytes,1772809476936000000,1772809536933000000,695078912
MEM.ramMinusFileMappingsBytes,1772809476936000000,1772809536933000000,3047145472
JVM.totalCpuTimeMs,1772809476936000000,1772809536933000000,2490
JVM.committedHeapBytes,1772809476936000000,1772809536933000000,1677721600
JVM.totalDirectByteBuffersBytes,1772809476936000000,1772809536933000000,634881710
MEM.ramPlusSwapMinusFileMappingsBytes,1772809476936000000,1772809536933000000,3047145472
Indexing.cache.totalCacheMisses,1772809476936000000,1772809536933000000,0
Indexes.allKeys.lookupDurationMaxMs,1772809476936000000,1772809536933000000,0.0
Indexing.writer_1.totalTimeSpentWritingMs,1772809476936000000,1772809536933000000,0
Indexes.entries.lookupDuration90PMs,1772809476936000000,1772809536933000000,0.0
Indexes.entries.lookups,1772809476936000000,1772809536933000000,0
Indexing.writer_3.totalTimeSpentWritingMs,1772809476936000000,1772809536933000000,0
Indexes.stubs.lookupDuration90PMs,1772809476936000000,1772809536933000000,0.0
Indexing.writesQueuedAvg,1772809476936000000,1772809536933000000,0.0
Indexes.entries.lookupDurationMaxMs,1772809476936000000,1772809536933000000,0.0
Indexing.writer_2.totalTimeSpentWritingMs,1772809476936000000,1772809536933000000,0
Indexes.stubs.lookupDurationAvgMs,1772809476936000000,1772809536933000000,0.0
Indexing.cache.totalCacheAccesses,1772809476936000000,1772809536933000000,0
Indexing.writer_0.totalTimeSpentWritingMs,1772809476936000000,1772809536933000000,0
Indexing.writesQueuedMin,1772809476936000000,1772809536933000000,0
Indexes.stubs.lookupDurationMaxMs,1772809476936000000,1772809536933000000,0.0
Indexing.cache.totalCacheEvicted,1772809476936000000,1772809536933000000,0
Indexes.allKeys.lookupDuration90PMs,1772809476936000000,1772809536933000000,0.0
Indexes.entries.lookupDurationAvgMs,1772809476936000000,1772809536933000000,0.0
Indexes.allKeys.lookups,1772809476936000000,1772809536933000000,0
Indexes.stubs.lookups,1772809476936000000,1772809536933000000,0
Indexes.allKeys.lookupDurationAvgMs,1772809476936000000,1772809536933000000,0.0
Indexing.totalTimeIndexersSleptMs,1772809476936000000,1772809536933000000,0
Indexing.writesQueuedMax,1772809476936000000,1772809536933000000,0
cacheStateStorage.get.counter,1772809476936000000,1772809536933000000,0
cacheStateStorage.set.duration,1772809476936000000,1772809536933000000,0
cacheStateStorage.set.counter,1772809476936000000,1772809536933000000,0
cacheStateStorage.get.duration,1772809476936000000,1772809536933000000,0
NonBlockingReadAction.finalizedExecutionsCount,1772809476936000000,1772809536933000000,0
FlushQueue.tasksExecuted,1772809476936000000,1772809536933000000,291
FlushQueue.executionTimeAvgNs,1772809476936000000,1772809536933000000,287149.91065292095
AWTEventQueue.eventsDispatched,1772809476936000000,1772809536933000000,472
NonBlockingReadAction.failedExecutionTimeUs,1772809476936000000,1772809536933000000,0
AWTEventQueue.dispatchTimeMaxNs,1772809476936000000,1772809536933000000,2392063
FlushQueue.queueSize90P,1772809476936000000,1772809536933000000,1
FlushQueue.waitingTimeMaxNs,1772809476936000000,1772809536933000000,2097151
FlushQueue.waitingTimeAvgNs,1772809476936000000,1772809536933000000,269925.1683848797
AWTEventQueue.dispatchTimeTotalNS,1772809476936000000,1772809536933000000,118616282
NonBlockingReadAction.failedExecutionsCount,1772809476936000000,1772809536933000000,0
FlushQueue.executionTime90PNs,1772809476936000000,1772809536933000000,532479
NonBlockingReadAction.finalizedExecutionTimeUs,1772809476936000000,1772809536933000000,0
WriteAction.executionsCount,1772809476936000000,1772809536933000000,0
FlushQueue.executionTimeMaxNs,1772809476936000000,1772809536933000000,2277375
FlushQueue.queueSizeAvg,1772809476936000000,1772809536933000000,0.1718213058419244
ReadAction.executionsCount,1772809476936000000,1772809536933000000,3
FlushQueue.queueSizeMax,1772809476936000000,1772809536933000000,2
AWTEventQueue.dispatchTime90PNs,1772809476936000000,1772809536933000000,643071
AWTEventQueue.dispatchTimeAvgNs,1772809476936000000,1772809536933000000,251258.50847457626
FlushQueue.waitingTime90PNs,1772809476936000000,1772809536933000000,413695
DiskQueryRelay.tasksRequested,1772809536933000000,1772809596931000000,0
LowMemory.gcLoad,1772809536933000000,1772809596931000000,0.0
DiskQueryRelay.tasksExecuted,1772809536933000000,1772809596931000000,0
writeAction.wait.ms,1772809536933000000,1772809596931000000,0
writeAction.max.wait.ms,1772809536933000000,1772809596931000000,81
DiskQueryRelay.taskExecutionTotalTimeUs,1772809536933000000,1772809596931000000,0
writeAction.median.wait.ms,1772809536933000000,1772809596931000000,100
writeAction.count,1772809536933000000,1772809596931000000,0
LowMemory.gcOverloaded,1772809536933000000,1772809596931000000,0
DiskQueryRelay.taskWaitingTotalTimeUs,1772809536933000000,1772809596931000000,0
workspaceModel.pre.handlers.ms,1772809536933000000,1772809596931000000,0
workspaceModel.on.changed.ms,1772809536933000000,1772809596931000000,0
workspaceModel.loading.total.ms,1772809536933000000,1772809596931000000,0
workspaceModel.cachedValueWithParameters.clear.count,1772809536933000000,1772809596931000000,0
workspaceModel.updates.precise.ms,1772809536933000000,1772809596931000000,0
workspaceModel.replace.project.model.ms,1772809536933000000,1772809596931000000,0
workspaceModel.entityStorageSnapshotImpl.instances.count,1772809536933000000,1772809596931000000,0
workspaceModel.cachedValue.from.cache.count,1772809536933000000,1772809596931000000,0
workspaceModel.check.recursive.update.ms,1772809536933000000,1772809596931000000,0
workspaceModel.updates.count,1772809536933000000,1772809596931000000,0
workspaceModel.workspaceFileIndexData.getDirectoriesByPackageName.ms,1772809536933000000,1772809596931000000,0
workspaceModel.cachedValueWithParameters.calculated.count,1772809536933000000,1772809596931000000,0
workspaceModel.update.unloaded.entities.ms,1772809536933000000,1772809596931000000,0
workspaceModel.updates.ms,1772809536933000000,1772809596931000000,0
workspaceModel.collect.changes.ms,1772809536933000000,1772809596931000000,0
workspaceModel.workspaceFileIndexData.instances.count,1772809536933000000,1772809596931000000,0
workspaceModel.to.snapshot.ms,1772809536933000000,1772809596931000000,0
workspaceModel.workspaceFileIndexData.onEntitiesChanged.ms,1772809536933000000,1772809596931000000,0
workspaceModel.workspaceFileIndexData.markDirty.ms,1772809536933000000,1772809596931000000,0
workspaceModel.workspaceFileIndexContributor.registerFileSets.ms,1772809536933000000,1772809596931000000,0
workspaceModel.initializing.ms,1772809536933000000,1772809596931000000,0
workspaceModel.cachedValue.total.get.count,1772809536933000000,1772809596931000000,0
workspaceModel.workspaceFileIndexData.init.ms,1772809536933000000,1772809596931000000,0
workspaceModel.cachedValueWithParameters.from.cache.count,1772809536933000000,1772809596931000000,0
workspaceModel.workspaceFileIndexData.processFileSets.ms,1772809536933000000,1772809596931000000,0
workspaceModel.workspaceFileIndexData.updateDirtyEntities.ms,1772809536933000000,1772809596931000000,0
workspaceModel.workspaceFileIndexData.getFileInfo.ms,1772809536933000000,1772809596931000000,0
workspaceModel.on.before.changed.ms,1772809536933000000,1772809596931000000,0
workspaceModel.workspaceFileIndexData.getPackageName.ms,1772809536933000000,1772809596931000000,0
workspaceModel.workspaceFileIndexData.visitFileSets.ms,1772809536933000000,1772809596931000000,0
workspaceModel.cachedValue.calculated.count,1772809536933000000,1772809596931000000,0
workspaceModel.loading.from.cache.ms,1772809536933000000,1772809596931000000,0
workspaceModel.cachedValueWithParameters.total.get.count,1772809536933000000,1772809596931000000,0
workspaceModel.full.replace.project.model.ms,1772809536933000000,1772809596931000000,0
workspaceModel.init.bridges.ms,1772809536933000000,1772809596931000000,0
workspaceModel.cachedValue.clear.count,1772809536933000000,1772809596931000000,0
VFS.fileByIdCache.misses,1772809536933000000,1772809596931000000,0
VFS.contentStorage.recordsUncompressedSize,1772809536933000000,1772809596931000000,0
VFS.contentStorage.recordsDecompressionTimeUs,1772809536933000000,1772809596931000000,0
VFS.cache.segmentsCreated,1772809536933000000,1772809596931000000,0
VFS.contentStorage.recordsReadSize,1772809536933000000,1772809596931000000,0
VFS.contentStorage.recordsStored,1772809536933000000,1772809596931000000,0
FileNameCache.queries,1772809536933000000,1772809596931000000,0
VFS.contentStorage.recordsRead,1772809536933000000,1772809596931000000,0
VFS.contentStorage.recordsReadDecompressed,1772809536933000000,1772809596931000000,0
VFS.contentStorage.recordsStoredCompressed,1772809536933000000,1772809596931000000,0
FileNameCache.totalMisses,1772809536933000000,1772809596931000000,0
VFS.contentStorage.recordsDeduplicated,1772809536933000000,1772809596931000000,0
VFS.cache.segments,1772809536933000000,1772809596931000000,169.0
VFS.invertedFileNameIndex.requests,1772809536933000000,1772809596931000000,0
VFS.rootsCount,1772809536933000000,1772809596931000000,210.0
VFS.fileByIdCache.hits,1772809536933000000,1772809596931000000,0
VFS.cache.filesCreated,1772809536933000000,1772809596931000000,0
VFS.contentStorage.recordsStoredSize,1772809536933000000,1772809596931000000,0
VFS.folderCaseSensitivityReads,1772809536933000000,1772809596931000000,0
VFS.cache.directoriesCreated,1772809536933000000,1772809596931000000,0
VFS.fileChildByName,1772809536933000000,1772809596931000000,0
workspaceModel.moduleManagerBridge.get.modules.ms,1772809536933000000,1772809596931000000,0
jps.library.entities.serializer.save.entities.ms,1772809536933000000,1772809596931000000,0
workspaceModel.mutableEntityStorage.changeLog.addReplaceEventForRemovedChild.ms,1772809536933000000,1772809596931000000,0
workspaceModel.mutableEntityStorage.collect.changes.ms,1772809536933000000,1772809596931000000,0
workspaceModel.mutableEntityStorage.replace.by.source.ms,1772809536933000000,1772809596931000000,0
jps.global.initialize.library.bridges.ms,1772809536933000000,1772809596931000000,0
jps.facet.change.listener.init.bridge.ms,1772809536933000000,1772809596931000000,0
workspaceModel.moduleManagerBridge.create.module.instance.ms,1772809536933000000,1772809596931000000,0
jps.global.handle.before.change.events.ms,1772809536933000000,1772809596931000000,0
workspaceModel.mutableEntityStorage.mutable.vfurl.index.ms,1772809536933000000,1772809596931000000,0
workspaceModel.moduleManagerBridge.build.module.graph.ms,1772809536933000000,1772809596931000000,0
workspaceModel.mutableEntityStorage.mutable.ext.mapping.ms,1772809536933000000,1772809596931000000,0
workspaceModel.mutableEntityStorage.modify.entity.ms,1772809536933000000,1772809596931000000,0
jps.modifiable.module.model.bridge.load.module.ms,1772809536933000000,1772809596931000000,0
jps.app.storage.content.reader.load.component.ms,1772809536933000000,1772809596931000000,0
workspaceModel.global.updates.count,1772809536933000000,1772809596931000000,0
jps.load.initial.state.ms,1772809536933000000,1772809596931000000,0
workspaceModel.moduleBridgeLoader.loading.modules.ms,1772809536933000000,1772809596931000000,0
workspaceModel.mutableEntityStorage.instances.count,1772809536933000000,1772809596931000000,0
workspaceModel.delayed.project.synchronizer.sync.ms,1772809536933000000,1772809596931000000,0
workspaceModel.mutableEntityStorage.changeLog.addReplaceEventForRemovedParent.ms,1772809536933000000,1772809596931000000,0
jps.library.entities.serializer.load.entities.ms,1772809536933000000,1772809596931000000,0
jps.module.iml.entities.serializer.load.entities.ms,1772809536933000000,1772809596931000000,0
workspaceModel.global.updates.ms,1772809536933000000,1772809596931000000,0
jps.storage.jps.conf.reader.load.component.ms,1772809536933000000,1772809596931000000,0
jps.load.project.to.empty.storage.ms,1772809536933000000,1772809596931000000,0
workspaceModel.mutableEntityStorage.put.entity.ms,1772809536933000000,1772809596931000000,0
workspaceModel.mutableEntityStorage.entities.ms,1772809536933000000,1772809596931000000,0
workspaceModel.moduleManagerBridge.set.unloadedModules.ms,1772809536933000000,1772809596931000000,0
workspaceModel.mutableEntityStorage.has.same.entities.ms,1772809536933000000,1772809596931000000,0
workspaceModel.moduleBridge.before.changed.ms,1772809536933000000,1772809596931000000,0
jps.artifact.entities.serializer.load.entities.ms,1772809536933000000,1772809596931000000,0
workspaceModel.moduleManagerBridge.load.module.ms,1772809536933000000,1772809596931000000,0
workspaceModel.save.cache.to.file.ms,1772809536933000000,1772809596931000000,0
workspaceModel.load.cache.from.file.ms,1772809536933000000,1772809596931000000,0
workspaceModel.moduleBridge.facet.initialization.ms,1772809536933000000,1772809596931000000,0
workspaceModel.mutableEntityStorage.entities.by.source.ms,1772809536933000000,1772809596931000000,0
jps.modifiable.module.model.bridge.disposing.ms,1772809536933000000,1772809596931000000,0
workspaceModel.mutableEntityStorage.referrers.ms,1772809536933000000,1772809596931000000,0
jps.project.serializers.load.ms,1772809536933000000,1772809596931000000,0
jps.global.get.library.by.name.ms,1772809536933000000,1772809596931000000,0
jps.save.global.entities.ms,1772809536933000000,1772809596931000000,0
jps.global.initialize.library.bridges.after.loading.ms,1772809536933000000,1772809596931000000,0
workspaceModel.mutableEntityStorage.remove.entity.ms,1772809536933000000,1772809596931000000,0
workspaceModel.mutableEntityStorage.hasReferrers.ms,1772809536933000000,1772809596931000000,0
workspaceModel.global.apply.state.to.project.builder.ms,1772809536933000000,1772809596931000000,0
jps.facet.change.listener.process.change.events.ms,1772809536933000000,1772809596931000000,0
workspaceModel.mutableEntityStorage.resolve.ms,1772809536933000000,1772809596931000000,0
jps.project.serializers.save.ms,1772809536933000000,1772809596931000000,0
workspaceModel.sync.entities.ms,1772809536933000000,1772809596931000000,0
jps.global.get.library.ms,1772809536933000000,1772809596931000000,0
workspaceModel.do.save.caches.ms,1772809536933000000,1772809596931000000,0
jps.save.changed.project.entities.ms,1772809536933000000,1772809596931000000,0
workspaceModel.load.cache.metadata.from.file.ms,1772809536933000000,1772809596931000000,0
jps.modifiable.module.model.bridge.renaming.ms,1772809536933000000,1772809596931000000,0
jps.apply.loaded.storage.ms,1772809536933000000,1772809596931000000,0
workspaceModel.mutableEntityStorage.to.snapshot.ms,1772809536933000000,1772809596931000000,0
workspaceModel.moduleManagerBridge.load.all.modules.ms,1772809536933000000,1772809596931000000,0
jps.modifiable.module.model.bridge.new.module.ms,1772809536933000000,1772809596931000000,0
workspaceModel.global.apply.state.to.project.ms,1772809536933000000,1772809596931000000,0
jps.reload.project.entities.ms,1772809536933000000,1772809596931000000,0
workspaceModel.mutableEntityStorage.changeLog.addReplaceEventForNewChild.ms,1772809536933000000,1772809596931000000,0
jps.global.handle.changed.events.ms,1772809536933000000,1772809596931000000,0
jps.module.iml.entities.serializer.save.entities.ms,1772809536933000000,1772809596931000000,0
workspaceModel.mutableEntityStorage.changeLog.addReplaceEventForNewParent.ms,1772809536933000000,1772809596931000000,0
jps.module.dependency.index.workspace.model.listener.on.changed.ms,1772809536933000000,1772809596931000000,0
workspaceModel.mutableEntityStorage.add.entity.ms,1772809536933000000,1772809596931000000,0
workspaceModel.orphan.listener.update.ms,1772809536933000000,1772809596931000000,0
jps.artifact.entities.serializer.save.entities.ms,1772809536933000000,1772809596931000000,0
workspaceModel.moduleManagerBridge.newModule.ms,1772809536933000000,1772809596931000000,0
workspaceModel.moduleBridge.update.option.ms,1772809536933000000,1772809596931000000,0
jps.facet.change.listener.before.change.events.ms,1772809536933000000,1772809596931000000,0
workspaceModel.moduleManagerBridge.new.nonPersistent.module.ms,1772809536933000000,1772809596931000000,0
workspaceModel.mutableEntityStorage.apply.changes.from.ms,1772809536933000000,1772809596931000000,0
jps.global.get.libraries.ms,1772809536933000000,1772809596931000000,0
compiler.ArtifactManagerBridge.findArtifact.ms,1772809536933000000,1772809596931000000,0
compiler.ArtifactVirtualFileListener.propertyChanged.ms,1772809536933000000,1772809596931000000,0
compiler.ArtifactManagerBridge.commit.ms,1772809536933000000,1772809596931000000,0
compiler.ArtifactManagerBridge.addArtifact.ms,1772809536933000000,1772809596931000000,0
compiler.ArtifactModifiableModelBridge.commit.ms,1772809536933000000,1772809596931000000,4
compiler.ArtifactModifiableModelBridge.getArtifacts.ms,1772809536933000000,1772809596931000000,0
compiler.ArtifactVirtualFileListener.filePathChanged.ms,1772809536933000000,1772809596931000000,0
compiler.ArtifactManagerBridge.initBridges.ms,1772809536933000000,1772809596931000000,0
compiler.ArtifactModifiableModelBridge.dispose.ms,1772809536933000000,1772809596931000000,0
compiler.ArtifactModifiableModelBridge.getArtifactsByType.ms,1772809536933000000,1772809596931000000,0
compiler.ArtifactManagerBridge.getArtifactsByType.ms,1772809536933000000,1772809596931000000,0
compiler.ArtifactModifiableModelBridge.findArtifacts.ms,1772809536933000000,1772809596931000000,0
compiler.ArtifactManagerBridge.dropMappings.ms,1772809536933000000,1772809596931000000,0
compiler.ArtifactManagerBridge.getArtifacts.ms,1772809536933000000,1772809596931000000,0
compiler.ArtifactModifiableModelBridge.addArtifact.ms,1772809536933000000,1772809596931000000,0
MappedFileStorage.totalPagesMapped,1772809536933000000,1772809596931000000,16
StorageLockContext.competingThreads.max,1772809536933000000,1772809596931000000,0
FilePageCache.maxRegisteredFiles,1772809536933000000,1772809596931000000,1824
FilePageCache.capacityInBytes,1772809536933000000,1772809596931000000,629145600
DirectByteBufferAllocator.misses,1772809536933000000,1772809596931000000,0
StreamlinedBlobStorage.totalLiveRecordsCapacityBytes,1772809536933000000,1772809596931000000,0
FilePageCache.totalPageLoadsUs,1772809536933000000,1772809596931000000,0
MappedFileStorage.totalTimeSpentOnMappingUs,1772809536933000000,1772809596931000000,188645
FilePageCache.pageFastCacheHits,1772809536933000000,1772809596931000000,0
StreamlinedBlobStorage.recordsDeleted,1772809536933000000,1772809596931000000,0
FilePageCache.pageLoads,1772809536933000000,1772809596931000000,0
StreamlinedBlobStorage.totalLiveRecordsPayloadBytes,1772809536933000000,1772809596931000000,0
FilePageCache.maxCacheSizeInBytes,1772809536933000000,1772809596931000000,629145600
StorageLockContext.competingThreads.avg,1772809536933000000,1772809596931000000,0.0
DirectByteBufferAllocator.disposed,1772809536933000000,1772809596931000000,0
MappedFileStorage.totalBytesMapped,1772809536933000000,1772809596931000000,202637312
StorageLockContext.competingThreads.90P,1772809536933000000,1772809596931000000,0
FilePageCache.totalPageDisposalsUs,1772809536933000000,1772809596931000000,0
FilePageCache.pageHits,1772809536933000000,1772809596931000000,0
StreamlinedBlobStorage.recordsRelocated,1772809536933000000,1772809596931000000,0
MappedFileStorage.storages,1772809536933000000,1772809596931000000,16
FileChannelInterruptsRetryer.totalRetriedAttempts,1772809536933000000,1772809596931000000,0
DirectByteBufferAllocator.reclaimed,1772809536933000000,1772809596931000000,0
StreamlinedBlobStorage.recordsAllocated,1772809536933000000,1772809596931000000,0
FilePageCache.disposedBuffers,1772809536933000000,1772809596931000000,0
DirectByteBufferAllocator.totalSizeOfBuffersAllocatedInBytes,1772809536933000000,1772809596931000000,630194176
DirectByteBufferAllocator.hits,1772809536933000000,1772809596931000000,0
FilePageCache.uncachedFileAccess,1772809536933000000,1772809596931000000,0
DirectByteBufferAllocator.totalSizeOfBuffersCachedInBytes,1772809536933000000,1772809596931000000,1048576
FilePageCache.pageLoadsAboveSizeThreshold,1772809536933000000,1772809596931000000,0
JVM.totalBytesAllocated,1772809536933000000,1772809596931000000,73729336
JVM.maxThreadCount,1772809536933000000,1772809596931000000,256
JVM.usedNativeBytes,1772809536933000000,1772809596931000000,475034184
JVM.totalTimeToSafepointsMs,1772809536933000000,1772809596931000000,1
JVM.GC.collectionTimesMs,1772809536933000000,1772809596931000000,0
MEM.ramBytes,1772809536933000000,1772809596931000000,3744985088
JVM.threadCount,1772809536933000000,1772809596931000000,77
JVM.usedHeapBytes,1772809536933000000,1772809596931000000,944815792
JVM.totalSafepointCount,1772809536933000000,1772809596931000000,18
JVM.newThreadsCount,1772809536933000000,1772809596931000000,12
JVM.maxHeapBytes,1772809536933000000,1772809596931000000,28840034304
JVM.totalTimeAtSafepointsMs,1772809536933000000,1772809596931000000,3
JVM.GC.collections,1772809536933000000,1772809596931000000,0
OS.loadAverage,1772809536933000000,1772809596931000000,2.1865234375
MEM.fileMappingsRamBytes,1772809536933000000,1772809596931000000,695218176
MEM.ramMinusFileMappingsBytes,1772809536933000000,1772809596931000000,3049766912
JVM.totalCpuTimeMs,1772809536933000000,1772809596931000000,2690
JVM.committedHeapBytes,1772809536933000000,1772809596931000000,1677721600
JVM.totalDirectByteBuffersBytes,1772809536933000000,1772809596931000000,634972392
MEM.ramPlusSwapMinusFileMappingsBytes,1772809536933000000,1772809596931000000,3049766912
Indexing.cache.totalCacheMisses,1772809536933000000,1772809596931000000,0
Indexes.allKeys.lookupDurationMaxMs,1772809536933000000,1772809596931000000,0.0
Indexing.writer_1.totalTimeSpentWritingMs,1772809536933000000,1772809596931000000,0
Indexes.entries.lookupDuration90PMs,1772809536933000000,1772809596931000000,0.0
Indexes.entries.lookups,1772809536933000000,1772809596931000000,0
Indexing.writer_3.totalTimeSpentWritingMs,1772809536933000000,1772809596931000000,0
Indexes.stubs.lookupDuration90PMs,1772809536933000000,1772809596931000000,0.0
Indexing.writesQueuedAvg,1772809536933000000,1772809596931000000,0.0
Indexes.entries.lookupDurationMaxMs,1772809536933000000,1772809596931000000,0.0
Indexing.writer_2.totalTimeSpentWritingMs,1772809536933000000,1772809596931000000,0
Indexes.stubs.lookupDurationAvgMs,1772809536933000000,1772809596931000000,0.0
Indexing.cache.totalCacheAccesses,1772809536933000000,1772809596931000000,0
Indexing.writer_0.totalTimeSpentWritingMs,1772809536933000000,1772809596931000000,0
Indexing.writesQueuedMin,1772809536933000000,1772809596931000000,0
Indexes.stubs.lookupDurationMaxMs,1772809536933000000,1772809596931000000,0.0
Indexing.cache.totalCacheEvicted,1772809536933000000,1772809596931000000,0
Indexes.allKeys.lookupDuration90PMs,1772809536933000000,1772809596931000000,0.0
Indexes.entries.lookupDurationAvgMs,1772809536933000000,1772809596931000000,0.0
Indexes.allKeys.lookups,1772809536933000000,1772809596931000000,0
Indexes.stubs.lookups,1772809536933000000,1772809596931000000,0
Indexes.allKeys.lookupDurationAvgMs,1772809536933000000,1772809596931000000,0.0
Indexing.totalTimeIndexersSleptMs,1772809536933000000,1772809596931000000,0
Indexing.writesQueuedMax,1772809536933000000,1772809596931000000,0
cacheStateStorage.get.counter,1772809536933000000,1772809596931000000,0
cacheStateStorage.set.duration,1772809536933000000,1772809596931000000,0
cacheStateStorage.set.counter,1772809536933000000,1772809596931000000,0
cacheStateStorage.get.duration,1772809536933000000,1772809596931000000,0
NonBlockingReadAction.finalizedExecutionsCount,1772809536933000000,1772809596931000000,0
FlushQueue.tasksExecuted,1772809536933000000,1772809596931000000,297
FlushQueue.executionTimeAvgNs,1772809536933000000,1772809596931000000,266779.31313131313
AWTEventQueue.eventsDispatched,1772809536933000000,1772809596931000000,475
NonBlockingReadAction.failedExecutionTimeUs,1772809536933000000,1772809596931000000,0
AWTEventQueue.dispatchTimeMaxNs,1772809536933000000,1772809596931000000,2916351
FlushQueue.queueSize90P,1772809536933000000,1772809596931000000,1
FlushQueue.waitingTimeMaxNs,1772809536933000000,1772809596931000000,2932735
FlushQueue.waitingTimeAvgNs,1772809536933000000,1772809596931000000,306019.55555555556
AWTEventQueue.dispatchTimeTotalNS,1772809536933000000,1772809596931000000,117924299
NonBlockingReadAction.failedExecutionsCount,1772809536933000000,1772809596931000000,0
FlushQueue.executionTime90PNs,1772809536933000000,1772809596931000000,507903
NonBlockingReadAction.finalizedExecutionTimeUs,1772809536933000000,1772809596931000000,0
WriteAction.executionsCount,1772809536933000000,1772809596931000000,0
FlushQueue.executionTimeMaxNs,1772809536933000000,1772809596931000000,2359295
FlushQueue.queueSizeAvg,1772809536933000000,1772809596931000000,0.18181818181818182
ReadAction.executionsCount,1772809536933000000,1772809596931000000,3
FlushQueue.queueSizeMax,1772809536933000000,1772809596931000000,2
AWTEventQueue.dispatchTime90PNs,1772809536933000000,1772809596931000000,606207
AWTEventQueue.dispatchTimeAvgNs,1772809536933000000,1772809596931000000,248272.75789473683
FlushQueue.waitingTime90PNs,1772809536933000000,1772809596931000000,487423
DiskQueryRelay.tasksRequested,1772809596931000000,1772809656930000000,0
LowMemory.gcLoad,1772809596931000000,1772809656930000000,0.0
DiskQueryRelay.tasksExecuted,1772809596931000000,1772809656930000000,0
writeAction.wait.ms,1772809596931000000,1772809656930000000,0
writeAction.max.wait.ms,1772809596931000000,1772809656930000000,81
DiskQueryRelay.taskExecutionTotalTimeUs,1772809596931000000,1772809656930000000,0
writeAction.median.wait.ms,1772809596931000000,1772809656930000000,100
writeAction.count,1772809596931000000,1772809656930000000,0
LowMemory.gcOverloaded,1772809596931000000,1772809656930000000,0
DiskQueryRelay.taskWaitingTotalTimeUs,1772809596931000000,1772809656930000000,0
workspaceModel.pre.handlers.ms,1772809596931000000,1772809656930000000,0
workspaceModel.on.changed.ms,1772809596931000000,1772809656930000000,0
workspaceModel.loading.total.ms,1772809596931000000,1772809656930000000,0
workspaceModel.cachedValueWithParameters.clear.count,1772809596931000000,1772809656930000000,0
workspaceModel.updates.precise.ms,1772809596931000000,1772809656930000000,0
workspaceModel.replace.project.model.ms,1772809596931000000,1772809656930000000,0
workspaceModel.entityStorageSnapshotImpl.instances.count,1772809596931000000,1772809656930000000,0
workspaceModel.cachedValue.from.cache.count,1772809596931000000,1772809656930000000,0
workspaceModel.check.recursive.update.ms,1772809596931000000,1772809656930000000,0
workspaceModel.updates.count,1772809596931000000,1772809656930000000,0
workspaceModel.workspaceFileIndexData.getDirectoriesByPackageName.ms,1772809596931000000,1772809656930000000,0
workspaceModel.cachedValueWithParameters.calculated.count,1772809596931000000,1772809656930000000,0
workspaceModel.update.unloaded.entities.ms,1772809596931000000,1772809656930000000,0
workspaceModel.updates.ms,1772809596931000000,1772809656930000000,0
workspaceModel.collect.changes.ms,1772809596931000000,1772809656930000000,0
workspaceModel.workspaceFileIndexData.instances.count,1772809596931000000,1772809656930000000,0
workspaceModel.to.snapshot.ms,1772809596931000000,1772809656930000000,0
workspaceModel.workspaceFileIndexData.onEntitiesChanged.ms,1772809596931000000,1772809656930000000,0
workspaceModel.workspaceFileIndexData.markDirty.ms,1772809596931000000,1772809656930000000,0
workspaceModel.workspaceFileIndexContributor.registerFileSets.ms,1772809596931000000,1772809656930000000,0
workspaceModel.initializing.ms,1772809596931000000,1772809656930000000,0
workspaceModel.cachedValue.total.get.count,1772809596931000000,1772809656930000000,0
workspaceModel.workspaceFileIndexData.init.ms,1772809596931000000,1772809656930000000,0
workspaceModel.cachedValueWithParameters.from.cache.count,1772809596931000000,1772809656930000000,0
workspaceModel.workspaceFileIndexData.processFileSets.ms,1772809596931000000,1772809656930000000,0
workspaceModel.workspaceFileIndexData.updateDirtyEntities.ms,1772809596931000000,1772809656930000000,0
workspaceModel.workspaceFileIndexData.getFileInfo.ms,1772809596931000000,1772809656930000000,0
workspaceModel.on.before.changed.ms,1772809596931000000,1772809656930000000,0
workspaceModel.workspaceFileIndexData.getPackageName.ms,1772809596931000000,1772809656930000000,0
workspaceModel.workspaceFileIndexData.visitFileSets.ms,1772809596931000000,1772809656930000000,0
workspaceModel.cachedValue.calculated.count,1772809596931000000,1772809656930000000,0
workspaceModel.loading.from.cache.ms,1772809596931000000,1772809656930000000,0
workspaceModel.cachedValueWithParameters.total.get.count,1772809596931000000,1772809656930000000,0
workspaceModel.full.replace.project.model.ms,1772809596931000000,1772809656930000000,0
workspaceModel.init.bridges.ms,1772809596931000000,1772809656930000000,0
workspaceModel.cachedValue.clear.count,1772809596931000000,1772809656930000000,0
VFS.fileByIdCache.misses,1772809596931000000,1772809656930000000,0
VFS.contentStorage.recordsUncompressedSize,1772809596931000000,1772809656930000000,0
VFS.contentStorage.recordsDecompressionTimeUs,1772809596931000000,1772809656930000000,0
VFS.cache.segmentsCreated,1772809596931000000,1772809656930000000,0
VFS.contentStorage.recordsReadSize,1772809596931000000,1772809656930000000,0
VFS.contentStorage.recordsStored,1772809596931000000,1772809656930000000,0
FileNameCache.queries,1772809596931000000,1772809656930000000,0
VFS.contentStorage.recordsRead,1772809596931000000,1772809656930000000,0
VFS.contentStorage.recordsReadDecompressed,1772809596931000000,1772809656930000000,0
VFS.contentStorage.recordsStoredCompressed,1772809596931000000,1772809656930000000,0
FileNameCache.totalMisses,1772809596931000000,1772809656930000000,0
VFS.contentStorage.recordsDeduplicated,1772809596931000000,1772809656930000000,0
VFS.cache.segments,1772809596931000000,1772809656930000000,169.0
VFS.invertedFileNameIndex.requests,1772809596931000000,1772809656930000000,0
VFS.rootsCount,1772809596931000000,1772809656930000000,210.0
VFS.fileByIdCache.hits,1772809596931000000,1772809656930000000,0
VFS.cache.filesCreated,1772809596931000000,1772809656930000000,0
VFS.contentStorage.recordsStoredSize,1772809596931000000,1772809656930000000,0
VFS.folderCaseSensitivityReads,1772809596931000000,1772809656930000000,0
VFS.cache.directoriesCreated,1772809596931000000,1772809656930000000,0
VFS.fileChildByName,1772809596931000000,1772809656930000000,0
workspaceModel.moduleManagerBridge.get.modules.ms,1772809596931000000,1772809656930000000,0
jps.library.entities.serializer.save.entities.ms,1772809596931000000,1772809656930000000,0
workspaceModel.mutableEntityStorage.changeLog.addReplaceEventForRemovedChild.ms,1772809596931000000,1772809656930000000,0
workspaceModel.mutableEntityStorage.collect.changes.ms,1772809596931000000,1772809656930000000,0
workspaceModel.mutableEntityStorage.replace.by.source.ms,1772809596931000000,1772809656930000000,0
jps.global.initialize.library.bridges.ms,1772809596931000000,1772809656930000000,0
jps.facet.change.listener.init.bridge.ms,1772809596931000000,1772809656930000000,0
workspaceModel.moduleManagerBridge.create.module.instance.ms,1772809596931000000,1772809656930000000,0
jps.global.handle.before.change.events.ms,1772809596931000000,1772809656930000000,0
workspaceModel.mutableEntityStorage.mutable.vfurl.index.ms,1772809596931000000,1772809656930000000,0
workspaceModel.moduleManagerBridge.build.module.graph.ms,1772809596931000000,1772809656930000000,0
workspaceModel.mutableEntityStorage.mutable.ext.mapping.ms,1772809596931000000,1772809656930000000,0
workspaceModel.mutableEntityStorage.modify.entity.ms,1772809596931000000,1772809656930000000,0
jps.modifiable.module.model.bridge.load.module.ms,1772809596931000000,1772809656930000000,0
jps.app.storage.content.reader.load.component.ms,1772809596931000000,1772809656930000000,0
workspaceModel.global.updates.count,1772809596931000000,1772809656930000000,0
jps.load.initial.state.ms,1772809596931000000,1772809656930000000,0
workspaceModel.moduleBridgeLoader.loading.modules.ms,1772809596931000000,1772809656930000000,0
workspaceModel.mutableEntityStorage.instances.count,1772809596931000000,1772809656930000000,0
workspaceModel.delayed.project.synchronizer.sync.ms,1772809596931000000,1772809656930000000,0
workspaceModel.mutableEntityStorage.changeLog.addReplaceEventForRemovedParent.ms,1772809596931000000,1772809656930000000,0
jps.library.entities.serializer.load.entities.ms,1772809596931000000,1772809656930000000,0
jps.module.iml.entities.serializer.load.entities.ms,1772809596931000000,1772809656930000000,0
workspaceModel.global.updates.ms,1772809596931000000,1772809656930000000,0
jps.storage.jps.conf.reader.load.component.ms,1772809596931000000,1772809656930000000,0
jps.load.project.to.empty.storage.ms,1772809596931000000,1772809656930000000,0
workspaceModel.mutableEntityStorage.put.entity.ms,1772809596931000000,1772809656930000000,0
workspaceModel.mutableEntityStorage.entities.ms,1772809596931000000,1772809656930000000,0
workspaceModel.moduleManagerBridge.set.unloadedModules.ms,1772809596931000000,1772809656930000000,0
workspaceModel.mutableEntityStorage.has.same.entities.ms,1772809596931000000,1772809656930000000,0
workspaceModel.moduleBridge.before.changed.ms,1772809596931000000,1772809656930000000,0
jps.artifact.entities.serializer.load.entities.ms,1772809596931000000,1772809656930000000,0
workspaceModel.moduleManagerBridge.load.module.ms,1772809596931000000,1772809656930000000,0
workspaceModel.save.cache.to.file.ms,1772809596931000000,1772809656930000000,0
workspaceModel.load.cache.from.file.ms,1772809596931000000,1772809656930000000,0
workspaceModel.moduleBridge.facet.initialization.ms,1772809596931000000,1772809656930000000,0
workspaceModel.mutableEntityStorage.entities.by.source.ms,1772809596931000000,1772809656930000000,0
jps.modifiable.module.model.bridge.disposing.ms,1772809596931000000,1772809656930000000,0
workspaceModel.mutableEntityStorage.referrers.ms,1772809596931000000,1772809656930000000,0
jps.project.serializers.load.ms,1772809596931000000,1772809656930000000,0
jps.global.get.library.by.name.ms,1772809596931000000,1772809656930000000,0
jps.save.global.entities.ms,1772809596931000000,1772809656930000000,0
jps.global.initialize.library.bridges.after.loading.ms,1772809596931000000,1772809656930000000,0
workspaceModel.mutableEntityStorage.remove.entity.ms,1772809596931000000,1772809656930000000,0
workspaceModel.mutableEntityStorage.hasReferrers.ms,1772809596931000000,1772809656930000000,0
workspaceModel.global.apply.state.to.project.builder.ms,1772809596931000000,1772809656930000000,0
jps.facet.change.listener.process.change.events.ms,1772809596931000000,1772809656930000000,0
workspaceModel.mutableEntityStorage.resolve.ms,1772809596931000000,1772809656930000000,0
jps.project.serializers.save.ms,1772809596931000000,1772809656930000000,0
workspaceModel.sync.entities.ms,1772809596931000000,1772809656930000000,0
jps.global.get.library.ms,1772809596931000000,1772809656930000000,0
workspaceModel.do.save.caches.ms,1772809596931000000,1772809656930000000,0
jps.save.changed.project.entities.ms,1772809596931000000,1772809656930000000,0
workspaceModel.load.cache.metadata.from.file.ms,1772809596931000000,1772809656930000000,0
jps.modifiable.module.model.bridge.renaming.ms,1772809596931000000,1772809656930000000,0
jps.apply.loaded.storage.ms,1772809596931000000,1772809656930000000,0
workspaceModel.mutableEntityStorage.to.snapshot.ms,1772809596931000000,1772809656930000000,0
workspaceModel.moduleManagerBridge.load.all.modules.ms,1772809596931000000,1772809656930000000,0
jps.modifiable.module.model.bridge.new.module.ms,1772809596931000000,1772809656930000000,0
workspaceModel.global.apply.state.to.project.ms,1772809596931000000,1772809656930000000,0
jps.reload.project.entities.ms,1772809596931000000,1772809656930000000,0
workspaceModel.mutableEntityStorage.changeLog.addReplaceEventForNewChild.ms,1772809596931000000,1772809656930000000,0
jps.global.handle.changed.events.ms,1772809596931000000,1772809656930000000,0
jps.module.iml.entities.serializer.save.entities.ms,1772809596931000000,1772809656930000000,0
workspaceModel.mutableEntityStorage.changeLog.addReplaceEventForNewParent.ms,1772809596931000000,1772809656930000000,0
jps.module.dependency.index.workspace.model.listener.on.changed.ms,1772809596931000000,1772809656930000000,0
workspaceModel.mutableEntityStorage.add.entity.ms,1772809596931000000,1772809656930000000,0
workspaceModel.orphan.listener.update.ms,1772809596931000000,1772809656930000000,0
jps.artifact.entities.serializer.save.entities.ms,1772809596931000000,1772809656930000000,0
workspaceModel.moduleManagerBridge.newModule.ms,1772809596931000000,1772809656930000000,0
workspaceModel.moduleBridge.update.option.ms,1772809596931000000,1772809656930000000,0
jps.facet.change.listener.before.change.events.ms,1772809596931000000,1772809656930000000,0
workspaceModel.moduleManagerBridge.new.nonPersistent.module.ms,1772809596931000000,1772809656930000000,0
workspaceModel.mutableEntityStorage.apply.changes.from.ms,1772809596931000000,1772809656930000000,0
jps.global.get.libraries.ms,1772809596931000000,1772809656930000000,0
compiler.ArtifactManagerBridge.findArtifact.ms,1772809596931000000,1772809656930000000,0
compiler.ArtifactVirtualFileListener.propertyChanged.ms,1772809596931000000,1772809656930000000,0
compiler.ArtifactManagerBridge.commit.ms,1772809596931000000,1772809656930000000,0
compiler.ArtifactManagerBridge.addArtifact.ms,1772809596931000000,1772809656930000000,0
compiler.ArtifactModifiableModelBridge.commit.ms,1772809596931000000,1772809656930000000,4
compiler.ArtifactModifiableModelBridge.getArtifacts.ms,1772809596931000000,1772809656930000000,0
compiler.ArtifactVirtualFileListener.filePathChanged.ms,1772809596931000000,1772809656930000000,0
compiler.ArtifactManagerBridge.initBridges.ms,1772809596931000000,1772809656930000000,0
compiler.ArtifactModifiableModelBridge.dispose.ms,1772809596931000000,1772809656930000000,0
compiler.ArtifactModifiableModelBridge.getArtifactsByType.ms,1772809596931000000,1772809656930000000,0
compiler.ArtifactManagerBridge.getArtifactsByType.ms,1772809596931000000,1772809656930000000,0
compiler.ArtifactModifiableModelBridge.findArtifacts.ms,1772809596931000000,1772809656930000000,0
compiler.ArtifactManagerBridge.dropMappings.ms,1772809596931000000,1772809656930000000,0
compiler.ArtifactManagerBridge.getArtifacts.ms,1772809596931000000,1772809656930000000,0
compiler.ArtifactModifiableModelBridge.addArtifact.ms,1772809596931000000,1772809656930000000,0
MappedFileStorage.totalPagesMapped,1772809596931000000,1772809656930000000,16
StorageLockContext.competingThreads.max,1772809596931000000,1772809656930000000,0
FilePageCache.maxRegisteredFiles,1772809596931000000,1772809656930000000,1824
FilePageCache.capacityInBytes,1772809596931000000,1772809656930000000,629145600
DirectByteBufferAllocator.misses,1772809596931000000,1772809656930000000,0
StreamlinedBlobStorage.totalLiveRecordsCapacityBytes,1772809596931000000,1772809656930000000,0
FilePageCache.totalPageLoadsUs,1772809596931000000,1772809656930000000,0
MappedFileStorage.totalTimeSpentOnMappingUs,1772809596931000000,1772809656930000000,188645
FilePageCache.pageFastCacheHits,1772809596931000000,1772809656930000000,0
StreamlinedBlobStorage.recordsDeleted,1772809596931000000,1772809656930000000,0
FilePageCache.pageLoads,1772809596931000000,1772809656930000000,0
StreamlinedBlobStorage.totalLiveRecordsPayloadBytes,1772809596931000000,1772809656930000000,0
FilePageCache.maxCacheSizeInBytes,1772809596931000000,1772809656930000000,629145600
StorageLockContext.competingThreads.avg,1772809596931000000,1772809656930000000,0.0
DirectByteBufferAllocator.disposed,1772809596931000000,1772809656930000000,0
MappedFileStorage.totalBytesMapped,1772809596931000000,1772809656930000000,202637312
StorageLockContext.competingThreads.90P,1772809596931000000,1772809656930000000,0
FilePageCache.totalPageDisposalsUs,1772809596931000000,1772809656930000000,0
FilePageCache.pageHits,1772809596931000000,1772809656930000000,0
StreamlinedBlobStorage.recordsRelocated,1772809596931000000,1772809656930000000,0
MappedFileStorage.storages,1772809596931000000,1772809656930000000,16
FileChannelInterruptsRetryer.totalRetriedAttempts,1772809596931000000,1772809656930000000,0
DirectByteBufferAllocator.reclaimed,1772809596931000000,1772809656930000000,0
StreamlinedBlobStorage.recordsAllocated,1772809596931000000,1772809656930000000,0
FilePageCache.disposedBuffers,1772809596931000000,1772809656930000000,0
DirectByteBufferAllocator.totalSizeOfBuffersAllocatedInBytes,1772809596931000000,1772809656930000000,630194176
DirectByteBufferAllocator.hits,1772809596931000000,1772809656930000000,0
FilePageCache.uncachedFileAccess,1772809596931000000,1772809656930000000,0
DirectByteBufferAllocator.totalSizeOfBuffersCachedInBytes,1772809596931000000,1772809656930000000,1048576
FilePageCache.pageLoadsAboveSizeThreshold,1772809596931000000,1772809656930000000,0
JVM.totalBytesAllocated,1772809596931000000,1772809656930000000,31283072
JVM.maxThreadCount,1772809596931000000,1772809656930000000,256
JVM.usedNativeBytes,1772809596931000000,1772809656930000000,475732840
JVM.totalTimeToSafepointsMs,1772809596931000000,1772809656930000000,0
JVM.GC.collectionTimesMs,1772809596931000000,1772809656930000000,0
MEM.ramBytes,1772809596931000000,1772809656930000000,3745509376
JVM.threadCount,1772809596931000000,1772809656930000000,72
JVM.usedHeapBytes,1772809596931000000,1772809656930000000,978370224
JVM.totalSafepointCount,1772809596931000000,1772809656930000000,15
JVM.newThreadsCount,1772809596931000000,1772809656930000000,5
JVM.maxHeapBytes,1772809596931000000,1772809656930000000,28840034304
JVM.totalTimeAtSafepointsMs,1772809596931000000,1772809656930000000,1
JVM.GC.collections,1772809596931000000,1772809656930000000,0
OS.loadAverage,1772809596931000000,1772809656930000000,1.89013671875
MEM.fileMappingsRamBytes,1772809596931000000,1772809656930000000,695218176
MEM.ramMinusFileMappingsBytes,1772809596931000000,1772809656930000000,3050291200
JVM.totalCpuTimeMs,1772809596931000000,1772809656930000000,2150
JVM.committedHeapBytes,1772809596931000000,1772809656930000000,1677721600
JVM.totalDirectByteBuffersBytes,1772809596931000000,1772809656930000000,634955421
MEM.ramPlusSwapMinusFileMappingsBytes,1772809596931000000,1772809656930000000,3050291200
Indexing.cache.totalCacheMisses,1772809596931000000,1772809656930000000,0
Indexes.allKeys.lookupDurationMaxMs,1772809596931000000,1772809656930000000,0.0
Indexing.writer_1.totalTimeSpentWritingMs,1772809596931000000,1772809656930000000,0
Indexes.entries.lookupDuration90PMs,1772809596931000000,1772809656930000000,0.0
Indexes.entries.lookups,1772809596931000000,1772809656930000000,0
Indexing.writer_3.totalTimeSpentWritingMs,1772809596931000000,1772809656930000000,0
Indexes.stubs.lookupDuration90PMs,1772809596931000000,1772809656930000000,0.0
Indexing.writesQueuedAvg,1772809596931000000,1772809656930000000,0.0
Indexes.entries.lookupDurationMaxMs,1772809596931000000,1772809656930000000,0.0
Indexing.writer_2.totalTimeSpentWritingMs,1772809596931000000,1772809656930000000,0
Indexes.stubs.lookupDurationAvgMs,1772809596931000000,1772809656930000000,0.0
Indexing.cache.totalCacheAccesses,1772809596931000000,1772809656930000000,0
Indexing.writer_0.totalTimeSpentWritingMs,1772809596931000000,1772809656930000000,0
Indexing.writesQueuedMin,1772809596931000000,1772809656930000000,0
Indexes.stubs.lookupDurationMaxMs,1772809596931000000,1772809656930000000,0.0
Indexing.cache.totalCacheEvicted,1772809596931000000,1772809656930000000,0
Indexes.allKeys.lookupDuration90PMs,1772809596931000000,1772809656930000000,0.0
Indexes.entries.lookupDurationAvgMs,1772809596931000000,1772809656930000000,0.0
Indexes.allKeys.lookups,1772809596931000000,1772809656930000000,0
Indexes.stubs.lookups,1772809596931000000,1772809656930000000,0
Indexes.allKeys.lookupDurationAvgMs,1772809596931000000,1772809656930000000,0.0
Indexing.totalTimeIndexersSleptMs,1772809596931000000,1772809656930000000,0
Indexing.writesQueuedMax,1772809596931000000,1772809656930000000,0
cacheStateStorage.get.counter,1772809596931000000,1772809656930000000,0
cacheStateStorage.set.duration,1772809596931000000,1772809656930000000,0
cacheStateStorage.set.counter,1772809596931000000,1772809656930000000,0
cacheStateStorage.get.duration,1772809596931000000,1772809656930000000,0
NonBlockingReadAction.finalizedExecutionsCount,1772809596931000000,1772809656930000000,0
FlushQueue.tasksExecuted,1772809596931000000,1772809656930000000,543
FlushQueue.executionTimeAvgNs,1772809596931000000,1772809656930000000,181258.59300184163
AWTEventQueue.eventsDispatched,1772809596931000000,1772809656930000000,547
NonBlockingReadAction.failedExecutionTimeUs,1772809596931000000,1772809656930000000,0
AWTEventQueue.dispatchTimeMaxNs,1772809596931000000,1772809656930000000,2834431
FlushQueue.queueSize90P,1772809596931000000,1772809656930000000,3
FlushQueue.waitingTimeMaxNs,1772809596931000000,1772809656930000000,4947967
FlushQueue.waitingTimeAvgNs,1772809596931000000,1772809656930000000,238575.73112338857
AWTEventQueue.dispatchTimeTotalNS,1772809596931000000,1772809656930000000,141868450
NonBlockingReadAction.failedExecutionsCount,1772809596931000000,1772809656930000000,0
FlushQueue.executionTime90PNs,1772809596931000000,1772809656930000000,466943
NonBlockingReadAction.finalizedExecutionTimeUs,1772809596931000000,1772809656930000000,0
WriteAction.executionsCount,1772809596931000000,1772809656930000000,0
FlushQueue.executionTimeMaxNs,1772809596931000000,1772809656930000000,2621439
FlushQueue.queueSizeAvg,1772809596931000000,1772809656930000000,0.9705340699815838
ReadAction.executionsCount,1772809596931000000,1772809656930000000,3
FlushQueue.queueSizeMax,1772809596931000000,1772809656930000000,11
AWTEventQueue.dispatchTime90PNs,1772809596931000000,1772809656930000000,663551
AWTEventQueue.dispatchTimeAvgNs,1772809596931000000,1772809656930000000,259371.72943327238
FlushQueue.waitingTime90PNs,1772809596931000000,1772809656930000000,454655
parser.CSS.size.bytes,1772809656930000000,1772809716930000000,40288
parser.JAVA.size.bytes,1772809656930000000,1772809716930000000,231723
DiskQueryRelay.tasksRequested,1772809656930000000,1772809716930000000,48923
parser.FTL..time.ns,1772809656930000000,1772809716930000000,3387126
parser.HTML.time.ns,1772809656930000000,1772809716930000000,14052624
lexer.CSS.size.bytes,1772809656930000000,1772809716930000000,40288
parser.ECMAScript.6.time.ns,1772809656930000000,1772809716930000000,19206811
LowMemory.gcLoad,1772809656930000000,1772809716930000000,0.0
lexer.HTML.time.ns,1772809656930000000,1772809716930000000,21067288
DiskQueryRelay.tasksExecuted,1772809656930000000,1772809716930000000,48922
writeAction.wait.ms,1772809656930000000,1772809716930000000,33
lexer.CSS.time.ns,1772809656930000000,1772809716930000000,2080617
writeAction.max.wait.ms,1772809656930000000,1772809716930000000,81
lexer.ECMAScript.6.size.bytes,1772809656930000000,1772809716930000000,99667
parser.XML.time.ns,1772809656930000000,1772809716930000000,41001123
parser.JAVA.time.ns,1772809656930000000,1772809716930000000,65791619
lexer.JAVA.size.bytes,1772809656930000000,1772809716930000000,151934
DiskQueryRelay.taskExecutionTotalTimeUs,1772809656930000000,1772809716930000000,3587158
lexer.ECMAScript.6.time.ns,1772809656930000000,1772809716930000000,2014624
parser.FTL..size.bytes,1772809656930000000,1772809716930000000,1440
lexer.XML.time.ns,1772809656930000000,1772809716930000000,6522416
lexer.HTML.size.bytes,1772809656930000000,1772809716930000000,421823
parser.CSS.time.ns,1772809656930000000,1772809716930000000,3909534
lexer.FTL..time.ns,1772809656930000000,1772809716930000000,712375
lexer.FTL..size.bytes,1772809656930000000,1772809716930000000,1440
lexer.JAVA.time.ns,1772809656930000000,1772809716930000000,2404043
writeAction.median.wait.ms,1772809656930000000,1772809716930000000,100
writeAction.count,1772809656930000000,1772809716930000000,33
parser.HTML.size.bytes,1772809656930000000,1772809716930000000,421823
lexer.XML.size.bytes,1772809656930000000,1772809716930000000,429637
LowMemory.gcOverloaded,1772809656930000000,1772809716930000000,0
parser.XML.size.bytes,1772809656930000000,1772809716930000000,429637
parser.ECMAScript.6.size.bytes,1772809656930000000,1772809716930000000,410643
DiskQueryRelay.taskWaitingTotalTimeUs,1772809656930000000,1772809716930000000,6076273
workspaceModel.pre.handlers.ms,1772809656930000000,1772809716930000000,0
workspaceModel.on.changed.ms,1772809656930000000,1772809716930000000,6
workspaceModel.loading.total.ms,1772809656930000000,1772809716930000000,0
workspaceModel.cachedValueWithParameters.clear.count,1772809656930000000,1772809716930000000,0
workspaceModel.updates.precise.ms,1772809656930000000,1772809716930000000,0
workspaceModel.replace.project.model.ms,1772809656930000000,1772809716930000000,30
workspaceModel.entityStorageSnapshotImpl.instances.count,1772809656930000000,1772809716930000000,4
workspaceModel.cachedValue.from.cache.count,1772809656930000000,1772809716930000000,11893
workspaceModel.check.recursive.update.ms,1772809656930000000,1772809716930000000,0
workspaceModel.updates.count,1772809656930000000,1772809716930000000,0
workspaceModel.workspaceFileIndexData.getDirectoriesByPackageName.ms,1772809656930000000,1772809716930000000,0
workspaceModel.cachedValueWithParameters.calculated.count,1772809656930000000,1772809716930000000,0
workspaceModel.update.unloaded.entities.ms,1772809656930000000,1772809716930000000,0
workspaceModel.updates.ms,1772809656930000000,1772809716930000000,0
workspaceModel.collect.changes.ms,1772809656930000000,1772809716930000000,0
workspaceModel.workspaceFileIndexData.instances.count,1772809656930000000,1772809716930000000,0
workspaceModel.to.snapshot.ms,1772809656930000000,1772809716930000000,0
workspaceModel.workspaceFileIndexData.onEntitiesChanged.ms,1772809656930000000,1772809716930000000,16
workspaceModel.workspaceFileIndexData.markDirty.ms,1772809656930000000,1772809716930000000,0
workspaceModel.workspaceFileIndexContributor.registerFileSets.ms,1772809656930000000,1772809716930000000,161
workspaceModel.initializing.ms,1772809656930000000,1772809716930000000,0
workspaceModel.cachedValue.total.get.count,1772809656930000000,1772809716930000000,12019
workspaceModel.workspaceFileIndexData.init.ms,1772809656930000000,1772809716930000000,0
workspaceModel.cachedValueWithParameters.from.cache.count,1772809656930000000,1772809716930000000,0
workspaceModel.workspaceFileIndexData.processFileSets.ms,1772809656930000000,1772809716930000000,0
workspaceModel.workspaceFileIndexData.updateDirtyEntities.ms,1772809656930000000,1772809716930000000,73
workspaceModel.workspaceFileIndexData.getFileInfo.ms,1772809656930000000,1772809716930000000,152
workspaceModel.on.before.changed.ms,1772809656930000000,1772809716930000000,1
workspaceModel.workspaceFileIndexData.getPackageName.ms,1772809656930000000,1772809716930000000,0
workspaceModel.workspaceFileIndexData.visitFileSets.ms,1772809656930000000,1772809716930000000,0
workspaceModel.cachedValue.calculated.count,1772809656930000000,1772809716930000000,126
workspaceModel.loading.from.cache.ms,1772809656930000000,1772809716930000000,0
workspaceModel.cachedValueWithParameters.total.get.count,1772809656930000000,1772809716930000000,0
workspaceModel.full.replace.project.model.ms,1772809656930000000,1772809716930000000,0
workspaceModel.init.bridges.ms,1772809656930000000,1772809716930000000,6
workspaceModel.cachedValue.clear.count,1772809656930000000,1772809716930000000,0
VFS.fileByIdCache.misses,1772809656930000000,1772809716930000000,27
VFS.contentStorage.recordsUncompressedSize,1772809656930000000,1772809716930000000,144053
VFS.contentStorage.recordsDecompressionTimeUs,1772809656930000000,1772809716930000000,1226
VFS.cache.segmentsCreated,1772809656930000000,1772809716930000000,65
VFS.contentStorage.recordsReadSize,1772809656930000000,1772809716930000000,399979
VFS.contentStorage.recordsStored,1772809656930000000,1772809716930000000,4
FileNameCache.queries,1772809656930000000,1772809716930000000,3054592
VFS.contentStorage.recordsRead,1772809656930000000,1772809716930000000,12
VFS.contentStorage.recordsReadDecompressed,1772809656930000000,1772809716930000000,8
VFS.contentStorage.recordsStoredCompressed,1772809656930000000,1772809716930000000,3
FileNameCache.totalMisses,1772809656930000000,1772809716930000000,30016
VFS.contentStorage.recordsDeduplicated,1772809656930000000,1772809716930000000,0
VFS.cache.segments,1772809656930000000,1772809716930000000,232.0
VFS.invertedFileNameIndex.requests,1772809656930000000,1772809716930000000,0
VFS.rootsCount,1772809656930000000,1772809716930000000,317.0
VFS.fileByIdCache.hits,1772809656930000000,1772809716930000000,7
VFS.cache.filesCreated,1772809656930000000,1772809716930000000,154025
VFS.contentStorage.recordsStoredSize,1772809656930000000,1772809716930000000,74743
VFS.folderCaseSensitivityReads,1772809656930000000,1772809716930000000,275
VFS.cache.directoriesCreated,1772809656930000000,1772809716930000000,2441
VFS.fileChildByName,1772809656930000000,1772809716930000000,20364
workspaceModel.moduleManagerBridge.get.modules.ms,1772809656930000000,1772809716930000000,0
jps.library.entities.serializer.save.entities.ms,1772809656930000000,1772809716930000000,0
workspaceModel.mutableEntityStorage.changeLog.addReplaceEventForRemovedChild.ms,1772809656930000000,1772809716930000000,0
workspaceModel.mutableEntityStorage.collect.changes.ms,1772809656930000000,1772809716930000000,0
workspaceModel.mutableEntityStorage.replace.by.source.ms,1772809656930000000,1772809716930000000,57
jps.global.initialize.library.bridges.ms,1772809656930000000,1772809716930000000,1
jps.facet.change.listener.init.bridge.ms,1772809656930000000,1772809716930000000,0
workspaceModel.moduleManagerBridge.create.module.instance.ms,1772809656930000000,1772809716930000000,0
jps.global.handle.before.change.events.ms,1772809656930000000,1772809716930000000,0
workspaceModel.mutableEntityStorage.mutable.vfurl.index.ms,1772809656930000000,1772809716930000000,0
workspaceModel.moduleManagerBridge.build.module.graph.ms,1772809656930000000,1772809716930000000,0
workspaceModel.mutableEntityStorage.mutable.ext.mapping.ms,1772809656930000000,1772809716930000000,0
workspaceModel.mutableEntityStorage.modify.entity.ms,1772809656930000000,1772809716930000000,32
jps.modifiable.module.model.bridge.load.module.ms,1772809656930000000,1772809716930000000,0
jps.app.storage.content.reader.load.component.ms,1772809656930000000,1772809716930000000,0
workspaceModel.global.updates.count,1772809656930000000,1772809716930000000,0
jps.load.initial.state.ms,1772809656930000000,1772809716930000000,0
workspaceModel.moduleBridgeLoader.loading.modules.ms,1772809656930000000,1772809716930000000,0
workspaceModel.mutableEntityStorage.instances.count,1772809656930000000,1772809716930000000,5
workspaceModel.delayed.project.synchronizer.sync.ms,1772809656930000000,1772809716930000000,0
workspaceModel.mutableEntityStorage.changeLog.addReplaceEventForRemovedParent.ms,1772809656930000000,1772809716930000000,0
jps.library.entities.serializer.load.entities.ms,1772809656930000000,1772809716930000000,0
jps.module.iml.entities.serializer.load.entities.ms,1772809656930000000,1772809716930000000,0
workspaceModel.global.updates.ms,1772809656930000000,1772809716930000000,0
jps.storage.jps.conf.reader.load.component.ms,1772809656930000000,1772809716930000000,0
jps.load.project.to.empty.storage.ms,1772809656930000000,1772809716930000000,0
workspaceModel.mutableEntityStorage.put.entity.ms,1772809656930000000,1772809716930000000,13
workspaceModel.mutableEntityStorage.entities.ms,1772809656930000000,1772809716930000000,0
workspaceModel.moduleManagerBridge.set.unloadedModules.ms,1772809656930000000,1772809716930000000,0
workspaceModel.mutableEntityStorage.has.same.entities.ms,1772809656930000000,1772809716930000000,0
workspaceModel.moduleBridge.before.changed.ms,1772809656930000000,1772809716930000000,0
jps.artifact.entities.serializer.load.entities.ms,1772809656930000000,1772809716930000000,0
workspaceModel.moduleManagerBridge.load.module.ms,1772809656930000000,1772809716930000000,0
workspaceModel.save.cache.to.file.ms,1772809656930000000,1772809716930000000,27
workspaceModel.load.cache.from.file.ms,1772809656930000000,1772809716930000000,0
workspaceModel.moduleBridge.facet.initialization.ms,1772809656930000000,1772809716930000000,0
workspaceModel.mutableEntityStorage.entities.by.source.ms,1772809656930000000,1772809716930000000,0
jps.modifiable.module.model.bridge.disposing.ms,1772809656930000000,1772809716930000000,0
workspaceModel.mutableEntityStorage.referrers.ms,1772809656930000000,1772809716930000000,0
jps.project.serializers.load.ms,1772809656930000000,1772809716930000000,0
jps.global.get.library.by.name.ms,1772809656930000000,1772809716930000000,0
jps.save.global.entities.ms,1772809656930000000,1772809716930000000,0
jps.global.initialize.library.bridges.after.loading.ms,1772809656930000000,1772809716930000000,0
workspaceModel.mutableEntityStorage.remove.entity.ms,1772809656930000000,1772809716930000000,0
workspaceModel.mutableEntityStorage.hasReferrers.ms,1772809656930000000,1772809716930000000,0
workspaceModel.global.apply.state.to.project.builder.ms,1772809656930000000,1772809716930000000,0
jps.facet.change.listener.process.change.events.ms,1772809656930000000,1772809716930000000,0
workspaceModel.mutableEntityStorage.resolve.ms,1772809656930000000,1772809716930000000,0
jps.project.serializers.save.ms,1772809656930000000,1772809716930000000,0
workspaceModel.sync.entities.ms,1772809656930000000,1772809716930000000,0
jps.global.get.library.ms,1772809656930000000,1772809716930000000,0
workspaceModel.do.save.caches.ms,1772809656930000000,1772809716930000000,29
jps.save.changed.project.entities.ms,1772809656930000000,1772809716930000000,0
workspaceModel.load.cache.metadata.from.file.ms,1772809656930000000,1772809716930000000,0
jps.modifiable.module.model.bridge.renaming.ms,1772809656930000000,1772809716930000000,0
jps.apply.loaded.storage.ms,1772809656930000000,1772809716930000000,0
workspaceModel.mutableEntityStorage.to.snapshot.ms,1772809656930000000,1772809716930000000,0
workspaceModel.moduleManagerBridge.load.all.modules.ms,1772809656930000000,1772809716930000000,0
jps.modifiable.module.model.bridge.new.module.ms,1772809656930000000,1772809716930000000,0
workspaceModel.global.apply.state.to.project.ms,1772809656930000000,1772809716930000000,0
jps.reload.project.entities.ms,1772809656930000000,1772809716930000000,0
workspaceModel.mutableEntityStorage.changeLog.addReplaceEventForNewChild.ms,1772809656930000000,1772809716930000000,3
jps.global.handle.changed.events.ms,1772809656930000000,1772809716930000000,0
jps.module.iml.entities.serializer.save.entities.ms,1772809656930000000,1772809716930000000,0
workspaceModel.mutableEntityStorage.changeLog.addReplaceEventForNewParent.ms,1772809656930000000,1772809716930000000,0
jps.module.dependency.index.workspace.model.listener.on.changed.ms,1772809656930000000,1772809716930000000,1
workspaceModel.mutableEntityStorage.add.entity.ms,1772809656930000000,1772809716930000000,38
workspaceModel.orphan.listener.update.ms,1772809656930000000,1772809716930000000,0
jps.artifact.entities.serializer.save.entities.ms,1772809656930000000,1772809716930000000,0
workspaceModel.moduleManagerBridge.newModule.ms,1772809656930000000,1772809716930000000,0
workspaceModel.moduleBridge.update.option.ms,1772809656930000000,1772809716930000000,0
jps.facet.change.listener.before.change.events.ms,1772809656930000000,1772809716930000000,0
workspaceModel.moduleManagerBridge.new.nonPersistent.module.ms,1772809656930000000,1772809716930000000,0
workspaceModel.mutableEntityStorage.apply.changes.from.ms,1772809656930000000,1772809716930000000,0
jps.global.get.libraries.ms,1772809656930000000,1772809716930000000,0
compiler.ArtifactManagerBridge.findArtifact.ms,1772809656930000000,1772809716930000000,0
compiler.ArtifactVirtualFileListener.propertyChanged.ms,1772809656930000000,1772809716930000000,0
compiler.ArtifactManagerBridge.commit.ms,1772809656930000000,1772809716930000000,0
compiler.ArtifactManagerBridge.addArtifact.ms,1772809656930000000,1772809716930000000,0
compiler.ArtifactModifiableModelBridge.commit.ms,1772809656930000000,1772809716930000000,4
compiler.ArtifactModifiableModelBridge.getArtifacts.ms,1772809656930000000,1772809716930000000,0
compiler.ArtifactVirtualFileListener.filePathChanged.ms,1772809656930000000,1772809716930000000,0
compiler.ArtifactManagerBridge.initBridges.ms,1772809656930000000,1772809716930000000,0
compiler.ArtifactModifiableModelBridge.dispose.ms,1772809656930000000,1772809716930000000,0
compiler.ArtifactModifiableModelBridge.getArtifactsByType.ms,1772809656930000000,1772809716930000000,0
compiler.ArtifactManagerBridge.getArtifactsByType.ms,1772809656930000000,1772809716930000000,0
compiler.ArtifactModifiableModelBridge.findArtifacts.ms,1772809656930000000,1772809716930000000,0
compiler.ArtifactManagerBridge.dropMappings.ms,1772809656930000000,1772809716930000000,0
compiler.ArtifactManagerBridge.getArtifacts.ms,1772809656930000000,1772809716930000000,0
compiler.ArtifactModifiableModelBridge.addArtifact.ms,1772809656930000000,1772809716930000000,0
MappedFileStorage.totalPagesMapped,1772809656930000000,1772809716930000000,16
StorageLockContext.competingThreads.max,1772809656930000000,1772809716930000000,1
FilePageCache.maxRegisteredFiles,1772809656930000000,1772809716930000000,1824
FilePageCache.capacityInBytes,1772809656930000000,1772809716930000000,629145600
DirectByteBufferAllocator.misses,1772809656930000000,1772809716930000000,0
StreamlinedBlobStorage.totalLiveRecordsCapacityBytes,1772809656930000000,1772809716930000000,2199400
FilePageCache.totalPageLoadsUs,1772809656930000000,1772809716930000000,14826
MappedFileStorage.totalTimeSpentOnMappingUs,1772809656930000000,1772809716930000000,188645
FilePageCache.pageFastCacheHits,1772809656930000000,1772809716930000000,2521866
StreamlinedBlobStorage.recordsDeleted,1772809656930000000,1772809716930000000,2
FilePageCache.pageLoads,1772809656930000000,1772809716930000000,0
StreamlinedBlobStorage.totalLiveRecordsPayloadBytes,1772809656930000000,1772809716930000000,416651
FilePageCache.maxCacheSizeInBytes,1772809656930000000,1772809716930000000,629145600
StorageLockContext.competingThreads.avg,1772809656930000000,1772809716930000000,0.01680672268907563
DirectByteBufferAllocator.disposed,1772809656930000000,1772809716930000000,0
MappedFileStorage.totalBytesMapped,1772809656930000000,1772809716930000000,202637312
StorageLockContext.competingThreads.90P,1772809656930000000,1772809716930000000,0
FilePageCache.totalPageDisposalsUs,1772809656930000000,1772809716930000000,40
FilePageCache.pageHits,1772809656930000000,1772809716930000000,40361
StreamlinedBlobStorage.recordsRelocated,1772809656930000000,1772809716930000000,0
MappedFileStorage.storages,1772809656930000000,1772809716930000000,16
FileChannelInterruptsRetryer.totalRetriedAttempts,1772809656930000000,1772809716930000000,0
DirectByteBufferAllocator.reclaimed,1772809656930000000,1772809716930000000,21
StreamlinedBlobStorage.recordsAllocated,1772809656930000000,1772809716930000000,31214
FilePageCache.disposedBuffers,1772809656930000000,1772809716930000000,21
DirectByteBufferAllocator.totalSizeOfBuffersAllocatedInBytes,1772809656930000000,1772809716930000000,630194176
DirectByteBufferAllocator.hits,1772809656930000000,1772809716930000000,21
FilePageCache.uncachedFileAccess,1772809656930000000,1772809716930000000,138
DirectByteBufferAllocator.totalSizeOfBuffersCachedInBytes,1772809656930000000,1772809716930000000,1048576
FilePageCache.pageLoadsAboveSizeThreshold,1772809656930000000,1772809716930000000,21
JVM.totalBytesAllocated,1772809656930000000,1772809716930000000,4232211768
JVM.maxThreadCount,1772809656930000000,1772809716930000000,256
JVM.usedNativeBytes,1772809656930000000,1772809716930000000,491343792
JVM.totalTimeToSafepointsMs,1772809656930000000,1772809716930000000,27
JVM.GC.collectionTimesMs,1772809656930000000,1772809716930000000,253
MEM.ramBytes,1772809656930000000,1772809716930000000,3776847872
JVM.threadCount,1772809656930000000,1772809716930000000,105
JVM.usedHeapBytes,1772809656930000000,1772809716930000000,1189969984
JVM.totalSafepointCount,1772809656930000000,1772809716930000000,71
JVM.newThreadsCount,1772809656930000000,1772809716930000000,57
JVM.maxHeapBytes,1772809656930000000,1772809716930000000,28840034304
JVM.totalTimeAtSafepointsMs,1772809656930000000,1772809716930000000,270
JVM.GC.collections,1772809656930000000,1772809716930000000,7
OS.loadAverage,1772809656930000000,1772809716930000000,2.24560546875
MEM.fileMappingsRamBytes,1772809656930000000,1772809716930000000,700424192
MEM.ramMinusFileMappingsBytes,1772809656930000000,1772809716930000000,3076423680
JVM.totalCpuTimeMs,1772809656930000000,1772809716930000000,24900
JVM.committedHeapBytes,1772809656930000000,1772809716930000000,1677721600
JVM.totalDirectByteBuffersBytes,1772809656930000000,1772809716930000000,637264530
MEM.ramPlusSwapMinusFileMappingsBytes,1772809656930000000,1772809716930000000,3076423680
Indexing.cache.totalCacheMisses,1772809656930000000,1772809716930000000,573354
Indexes.allKeys.lookupDurationMaxMs,1772809656930000000,1772809716930000000,0.0
Indexing.writer_1.totalTimeSpentWritingMs,1772809656930000000,1772809716930000000,134
Indexes.entries.lookupDuration90PMs,1772809656930000000,1772809716930000000,13.0
Indexes.entries.lookups,1772809656930000000,1772809716930000000,9
Indexing.writer_3.totalTimeSpentWritingMs,1772809656930000000,1772809716930000000,1132
Indexes.stubs.lookupDuration90PMs,1772809656930000000,1772809716930000000,0.0
Indexing.writesQueuedAvg,1772809656930000000,1772809716930000000,0.3090909090909091
Indexes.entries.lookupDurationMaxMs,1772809656930000000,1772809716930000000,13.0
Indexing.writer_2.totalTimeSpentWritingMs,1772809656930000000,1772809716930000000,1283
Indexes.stubs.lookupDurationAvgMs,1772809656930000000,1772809716930000000,0.0
Indexing.cache.totalCacheAccesses,1772809656930000000,1772809716930000000,1225556
Indexing.writer_0.totalTimeSpentWritingMs,1772809656930000000,1772809716930000000,139
Indexing.writesQueuedMin,1772809656930000000,1772809716930000000,0
Indexes.stubs.lookupDurationMaxMs,1772809656930000000,1772809716930000000,0.0
Indexing.cache.totalCacheEvicted,1772809656930000000,1772809716930000000,573354
Indexes.allKeys.lookupDuration90PMs,1772809656930000000,1772809716930000000,0.0
Indexes.entries.lookupDurationAvgMs,1772809656930000000,1772809716930000000,1.6666666666666667
Indexes.allKeys.lookups,1772809656930000000,1772809716930000000,1
Indexes.stubs.lookups,1772809656930000000,1772809716930000000,0
Indexes.allKeys.lookupDurationAvgMs,1772809656930000000,1772809716930000000,0.0
Indexing.totalTimeIndexersSleptMs,1772809656930000000,1772809716930000000,0
Indexing.writesQueuedMax,1772809656930000000,1772809716930000000,28
cacheStateStorage.get.counter,1772809656930000000,1772809716930000000,0
cacheStateStorage.set.duration,1772809656930000000,1772809716930000000,0
cacheStateStorage.set.counter,1772809656930000000,1772809716930000000,0
cacheStateStorage.get.duration,1772809656930000000,1772809716930000000,0
NonBlockingReadAction.finalizedExecutionsCount,1772809656930000000,1772809716930000000,22
FlushQueue.tasksExecuted,1772809656930000000,1772809716930000000,841
FlushQueue.executionTimeAvgNs,1772809656930000000,1772809716930000000,392042.27824019024
AWTEventQueue.eventsDispatched,1772809656930000000,1772809716930000000,647
NonBlockingReadAction.failedExecutionTimeUs,1772809656930000000,1772809716930000000,18704
AWTEventQueue.dispatchTimeMaxNs,1772809656930000000,1772809716930000000,45613055
FlushQueue.queueSize90P,1772809656930000000,1772809716930000000,7
FlushQueue.waitingTimeMaxNs,1772809656930000000,1772809716930000000,45350911
FlushQueue.waitingTimeAvgNs,1772809656930000000,1772809716930000000,1141880.2116527944
AWTEventQueue.dispatchTimeTotalNS,1772809656930000000,1772809716930000000,401493516
NonBlockingReadAction.failedExecutionsCount,1772809656930000000,1772809716930000000,11
FlushQueue.executionTime90PNs,1772809656930000000,1772809716930000000,477183
NonBlockingReadAction.finalizedExecutionTimeUs,1772809656930000000,1772809716930000000,31123
WriteAction.executionsCount,1772809656930000000,1772809716930000000,33
FlushQueue.executionTimeMaxNs,1772809656930000000,1772809716930000000,45613055
FlushQueue.queueSizeAvg,1772809656930000000,1772809716930000000,2.294887039239001
ReadAction.executionsCount,1772809656930000000,1772809716930000000,182716
FlushQueue.queueSizeMax,1772809656930000000,1772809716930000000,16
AWTEventQueue.dispatchTime90PNs,1772809656930000000,1772809716930000000,757759
AWTEventQueue.dispatchTimeAvgNs,1772809656930000000,1772809716930000000,620462.4358578053
FlushQueue.waitingTime90PNs,1772809656930000000,1772809716930000000,1036287
DiskQueryRelay.tasksRequested,1772809716930000000,1772809776929000000,0
LowMemory.gcLoad,1772809716930000000,1772809776929000000,0.0
DiskQueryRelay.tasksExecuted,1772809716930000000,1772809776929000000,0
writeAction.wait.ms,1772809716930000000,1772809776929000000,0
writeAction.max.wait.ms,1772809716930000000,1772809776929000000,81
DiskQueryRelay.taskExecutionTotalTimeUs,1772809716930000000,1772809776929000000,0
writeAction.median.wait.ms,1772809716930000000,1772809776929000000,100
writeAction.count,1772809716930000000,1772809776929000000,0
LowMemory.gcOverloaded,1772809716930000000,1772809776929000000,0
DiskQueryRelay.taskWaitingTotalTimeUs,1772809716930000000,1772809776929000000,0
workspaceModel.pre.handlers.ms,1772809716930000000,1772809776929000000,0
workspaceModel.on.changed.ms,1772809716930000000,1772809776929000000,0
workspaceModel.loading.total.ms,1772809716930000000,1772809776929000000,0
workspaceModel.cachedValueWithParameters.clear.count,1772809716930000000,1772809776929000000,0
workspaceModel.updates.precise.ms,1772809716930000000,1772809776929000000,0
workspaceModel.replace.project.model.ms,1772809716930000000,1772809776929000000,0
workspaceModel.entityStorageSnapshotImpl.instances.count,1772809716930000000,1772809776929000000,0
workspaceModel.cachedValue.from.cache.count,1772809716930000000,1772809776929000000,0
workspaceModel.check.recursive.update.ms,1772809716930000000,1772809776929000000,0
workspaceModel.updates.count,1772809716930000000,1772809776929000000,0
workspaceModel.workspaceFileIndexData.getDirectoriesByPackageName.ms,1772809716930000000,1772809776929000000,0
workspaceModel.cachedValueWithParameters.calculated.count,1772809716930000000,1772809776929000000,0
workspaceModel.update.unloaded.entities.ms,1772809716930000000,1772809776929000000,0
workspaceModel.updates.ms,1772809716930000000,1772809776929000000,0
workspaceModel.collect.changes.ms,1772809716930000000,1772809776929000000,0
workspaceModel.workspaceFileIndexData.instances.count,1772809716930000000,1772809776929000000,0
workspaceModel.to.snapshot.ms,1772809716930000000,1772809776929000000,0
workspaceModel.workspaceFileIndexData.onEntitiesChanged.ms,1772809716930000000,1772809776929000000,0
workspaceModel.workspaceFileIndexData.markDirty.ms,1772809716930000000,1772809776929000000,0
workspaceModel.workspaceFileIndexContributor.registerFileSets.ms,1772809716930000000,1772809776929000000,0
workspaceModel.initializing.ms,1772809716930000000,1772809776929000000,0
workspaceModel.cachedValue.total.get.count,1772809716930000000,1772809776929000000,0
workspaceModel.workspaceFileIndexData.init.ms,1772809716930000000,1772809776929000000,0
workspaceModel.cachedValueWithParameters.from.cache.count,1772809716930000000,1772809776929000000,0
workspaceModel.workspaceFileIndexData.processFileSets.ms,1772809716930000000,1772809776929000000,0
workspaceModel.workspaceFileIndexData.updateDirtyEntities.ms,1772809716930000000,1772809776929000000,0
workspaceModel.workspaceFileIndexData.getFileInfo.ms,1772809716930000000,1772809776929000000,0
workspaceModel.on.before.changed.ms,1772809716930000000,1772809776929000000,0
workspaceModel.workspaceFileIndexData.getPackageName.ms,1772809716930000000,1772809776929000000,0
workspaceModel.workspaceFileIndexData.visitFileSets.ms,1772809716930000000,1772809776929000000,0
workspaceModel.cachedValue.calculated.count,1772809716930000000,1772809776929000000,0
workspaceModel.loading.from.cache.ms,1772809716930000000,1772809776929000000,0
workspaceModel.cachedValueWithParameters.total.get.count,1772809716930000000,1772809776929000000,0
workspaceModel.full.replace.project.model.ms,1772809716930000000,1772809776929000000,0
workspaceModel.init.bridges.ms,1772809716930000000,1772809776929000000,0
workspaceModel.cachedValue.clear.count,1772809716930000000,1772809776929000000,0
VFS.fileByIdCache.misses,1772809716930000000,1772809776929000000,0
VFS.contentStorage.recordsUncompressedSize,1772809716930000000,1772809776929000000,0
VFS.contentStorage.recordsDecompressionTimeUs,1772809716930000000,1772809776929000000,0
VFS.cache.segmentsCreated,1772809716930000000,1772809776929000000,0
VFS.contentStorage.recordsReadSize,1772809716930000000,1772809776929000000,0
VFS.contentStorage.recordsStored,1772809716930000000,1772809776929000000,0
FileNameCache.queries,1772809716930000000,1772809776929000000,0
VFS.contentStorage.recordsRead,1772809716930000000,1772809776929000000,0
VFS.contentStorage.recordsReadDecompressed,1772809716930000000,1772809776929000000,0
VFS.contentStorage.recordsStoredCompressed,1772809716930000000,1772809776929000000,0
FileNameCache.totalMisses,1772809716930000000,1772809776929000000,0
VFS.contentStorage.recordsDeduplicated,1772809716930000000,1772809776929000000,0
VFS.cache.segments,1772809716930000000,1772809776929000000,232.0
VFS.invertedFileNameIndex.requests,1772809716930000000,1772809776929000000,0
VFS.rootsCount,1772809716930000000,1772809776929000000,317.0
VFS.fileByIdCache.hits,1772809716930000000,1772809776929000000,0
VFS.cache.filesCreated,1772809716930000000,1772809776929000000,0
VFS.contentStorage.recordsStoredSize,1772809716930000000,1772809776929000000,0
VFS.folderCaseSensitivityReads,1772809716930000000,1772809776929000000,0
VFS.cache.directoriesCreated,1772809716930000000,1772809776929000000,0
VFS.fileChildByName,1772809716930000000,1772809776929000000,0
workspaceModel.moduleManagerBridge.get.modules.ms,1772809716930000000,1772809776929000000,0
jps.library.entities.serializer.save.entities.ms,1772809716930000000,1772809776929000000,0
workspaceModel.mutableEntityStorage.changeLog.addReplaceEventForRemovedChild.ms,1772809716930000000,1772809776929000000,0
workspaceModel.mutableEntityStorage.collect.changes.ms,1772809716930000000,1772809776929000000,0
workspaceModel.mutableEntityStorage.replace.by.source.ms,1772809716930000000,1772809776929000000,0
jps.global.initialize.library.bridges.ms,1772809716930000000,1772809776929000000,0
jps.facet.change.listener.init.bridge.ms,1772809716930000000,1772809776929000000,0
workspaceModel.moduleManagerBridge.create.module.instance.ms,1772809716930000000,1772809776929000000,0
jps.global.handle.before.change.events.ms,1772809716930000000,1772809776929000000,0
workspaceModel.mutableEntityStorage.mutable.vfurl.index.ms,1772809716930000000,1772809776929000000,0
workspaceModel.moduleManagerBridge.build.module.graph.ms,1772809716930000000,1772809776929000000,0
workspaceModel.mutableEntityStorage.mutable.ext.mapping.ms,1772809716930000000,1772809776929000000,0
workspaceModel.mutableEntityStorage.modify.entity.ms,1772809716930000000,1772809776929000000,0
jps.modifiable.module.model.bridge.load.module.ms,1772809716930000000,1772809776929000000,0
jps.app.storage.content.reader.load.component.ms,1772809716930000000,1772809776929000000,0
workspaceModel.global.updates.count,1772809716930000000,1772809776929000000,0
jps.load.initial.state.ms,1772809716930000000,1772809776929000000,0
workspaceModel.moduleBridgeLoader.loading.modules.ms,1772809716930000000,1772809776929000000,0
workspaceModel.mutableEntityStorage.instances.count,1772809716930000000,1772809776929000000,0
workspaceModel.delayed.project.synchronizer.sync.ms,1772809716930000000,1772809776929000000,0
workspaceModel.mutableEntityStorage.changeLog.addReplaceEventForRemovedParent.ms,1772809716930000000,1772809776929000000,0
jps.library.entities.serializer.load.entities.ms,1772809716930000000,1772809776929000000,0
jps.module.iml.entities.serializer.load.entities.ms,1772809716930000000,1772809776929000000,0
workspaceModel.global.updates.ms,1772809716930000000,1772809776929000000,0
jps.storage.jps.conf.reader.load.component.ms,1772809716930000000,1772809776929000000,0
jps.load.project.to.empty.storage.ms,1772809716930000000,1772809776929000000,0
workspaceModel.mutableEntityStorage.put.entity.ms,1772809716930000000,1772809776929000000,0
workspaceModel.mutableEntityStorage.entities.ms,1772809716930000000,1772809776929000000,0
workspaceModel.moduleManagerBridge.set.unloadedModules.ms,1772809716930000000,1772809776929000000,0
workspaceModel.mutableEntityStorage.has.same.entities.ms,1772809716930000000,1772809776929000000,0
workspaceModel.moduleBridge.before.changed.ms,1772809716930000000,1772809776929000000,0
jps.artifact.entities.serializer.load.entities.ms,1772809716930000000,1772809776929000000,0
workspaceModel.moduleManagerBridge.load.module.ms,1772809716930000000,1772809776929000000,0
workspaceModel.save.cache.to.file.ms,1772809716930000000,1772809776929000000,0
workspaceModel.load.cache.from.file.ms,1772809716930000000,1772809776929000000,0
workspaceModel.moduleBridge.facet.initialization.ms,1772809716930000000,1772809776929000000,0
workspaceModel.mutableEntityStorage.entities.by.source.ms,1772809716930000000,1772809776929000000,0
jps.modifiable.module.model.bridge.disposing.ms,1772809716930000000,1772809776929000000,0
workspaceModel.mutableEntityStorage.referrers.ms,1772809716930000000,1772809776929000000,0
jps.project.serializers.load.ms,1772809716930000000,1772809776929000000,0
jps.global.get.library.by.name.ms,1772809716930000000,1772809776929000000,0
jps.save.global.entities.ms,1772809716930000000,1772809776929000000,0
jps.global.initialize.library.bridges.after.loading.ms,1772809716930000000,1772809776929000000,0
workspaceModel.mutableEntityStorage.remove.entity.ms,1772809716930000000,1772809776929000000,0
workspaceModel.mutableEntityStorage.hasReferrers.ms,1772809716930000000,1772809776929000000,0
workspaceModel.global.apply.state.to.project.builder.ms,1772809716930000000,1772809776929000000,0
jps.facet.change.listener.process.change.events.ms,1772809716930000000,1772809776929000000,0
workspaceModel.mutableEntityStorage.resolve.ms,1772809716930000000,1772809776929000000,0
jps.project.serializers.save.ms,1772809716930000000,1772809776929000000,0
workspaceModel.sync.entities.ms,1772809716930000000,1772809776929000000,0
jps.global.get.library.ms,1772809716930000000,1772809776929000000,0
workspaceModel.do.save.caches.ms,1772809716930000000,1772809776929000000,0
jps.save.changed.project.entities.ms,1772809716930000000,1772809776929000000,0
workspaceModel.load.cache.metadata.from.file.ms,1772809716930000000,1772809776929000000,0
jps.modifiable.module.model.bridge.renaming.ms,1772809716930000000,1772809776929000000,0
jps.apply.loaded.storage.ms,1772809716930000000,1772809776929000000,0
workspaceModel.mutableEntityStorage.to.snapshot.ms,1772809716930000000,1772809776929000000,0
workspaceModel.moduleManagerBridge.load.all.modules.ms,1772809716930000000,1772809776929000000,0
jps.modifiable.module.model.bridge.new.module.ms,1772809716930000000,1772809776929000000,0
workspaceModel.global.apply.state.to.project.ms,1772809716930000000,1772809776929000000,0
jps.reload.project.entities.ms,1772809716930000000,1772809776929000000,0
workspaceModel.mutableEntityStorage.changeLog.addReplaceEventForNewChild.ms,1772809716930000000,1772809776929000000,0
jps.global.handle.changed.events.ms,1772809716930000000,1772809776929000000,0
jps.module.iml.entities.serializer.save.entities.ms,1772809716930000000,1772809776929000000,0
workspaceModel.mutableEntityStorage.changeLog.addReplaceEventForNewParent.ms,1772809716930000000,1772809776929000000,0
jps.module.dependency.index.workspace.model.listener.on.changed.ms,1772809716930000000,1772809776929000000,0
workspaceModel.mutableEntityStorage.add.entity.ms,1772809716930000000,1772809776929000000,0
workspaceModel.orphan.listener.update.ms,1772809716930000000,1772809776929000000,0
jps.artifact.entities.serializer.save.entities.ms,1772809716930000000,1772809776929000000,0
workspaceModel.moduleManagerBridge.newModule.ms,1772809716930000000,1772809776929000000,0
workspaceModel.moduleBridge.update.option.ms,1772809716930000000,1772809776929000000,0
jps.facet.change.listener.before.change.events.ms,1772809716930000000,1772809776929000000,0
workspaceModel.moduleManagerBridge.new.nonPersistent.module.ms,1772809716930000000,1772809776929000000,0
workspaceModel.mutableEntityStorage.apply.changes.from.ms,1772809716930000000,1772809776929000000,0
jps.global.get.libraries.ms,1772809716930000000,1772809776929000000,0
compiler.ArtifactManagerBridge.findArtifact.ms,1772809716930000000,1772809776929000000,0
compiler.ArtifactVirtualFileListener.propertyChanged.ms,1772809716930000000,1772809776929000000,0
compiler.ArtifactManagerBridge.commit.ms,1772809716930000000,1772809776929000000,0
compiler.ArtifactManagerBridge.addArtifact.ms,1772809716930000000,1772809776929000000,0
compiler.ArtifactModifiableModelBridge.commit.ms,1772809716930000000,1772809776929000000,4
compiler.ArtifactModifiableModelBridge.getArtifacts.ms,1772809716930000000,1772809776929000000,0
compiler.ArtifactVirtualFileListener.filePathChanged.ms,1772809716930000000,1772809776929000000,0
compiler.ArtifactManagerBridge.initBridges.ms,1772809716930000000,1772809776929000000,0
compiler.ArtifactModifiableModelBridge.dispose.ms,1772809716930000000,1772809776929000000,0
compiler.ArtifactModifiableModelBridge.getArtifactsByType.ms,1772809716930000000,1772809776929000000,0
compiler.ArtifactManagerBridge.getArtifactsByType.ms,1772809716930000000,1772809776929000000,0
compiler.ArtifactModifiableModelBridge.findArtifacts.ms,1772809716930000000,1772809776929000000,0
compiler.ArtifactManagerBridge.dropMappings.ms,1772809716930000000,1772809776929000000,0
compiler.ArtifactManagerBridge.getArtifacts.ms,1772809716930000000,1772809776929000000,0
compiler.ArtifactModifiableModelBridge.addArtifact.ms,1772809716930000000,1772809776929000000,0
MappedFileStorage.totalPagesMapped,1772809716930000000,1772809776929000000,16
StorageLockContext.competingThreads.max,1772809716930000000,1772809776929000000,0
FilePageCache.maxRegisteredFiles,1772809716930000000,1772809776929000000,1824
FilePageCache.capacityInBytes,1772809716930000000,1772809776929000000,629145600
DirectByteBufferAllocator.misses,1772809716930000000,1772809776929000000,0
StreamlinedBlobStorage.totalLiveRecordsCapacityBytes,1772809716930000000,1772809776929000000,0
FilePageCache.totalPageLoadsUs,1772809716930000000,1772809776929000000,0
MappedFileStorage.totalTimeSpentOnMappingUs,1772809716930000000,1772809776929000000,188645
FilePageCache.pageFastCacheHits,1772809716930000000,1772809776929000000,0
StreamlinedBlobStorage.recordsDeleted,1772809716930000000,1772809776929000000,0
FilePageCache.pageLoads,1772809716930000000,1772809776929000000,0
StreamlinedBlobStorage.totalLiveRecordsPayloadBytes,1772809716930000000,1772809776929000000,0
FilePageCache.maxCacheSizeInBytes,1772809716930000000,1772809776929000000,629145600
StorageLockContext.competingThreads.avg,1772809716930000000,1772809776929000000,0.0
DirectByteBufferAllocator.disposed,1772809716930000000,1772809776929000000,0
MappedFileStorage.totalBytesMapped,1772809716930000000,1772809776929000000,202637312
StorageLockContext.competingThreads.90P,1772809716930000000,1772809776929000000,0
FilePageCache.totalPageDisposalsUs,1772809716930000000,1772809776929000000,0
FilePageCache.pageHits,1772809716930000000,1772809776929000000,0
StreamlinedBlobStorage.recordsRelocated,1772809716930000000,1772809776929000000,0
MappedFileStorage.storages,1772809716930000000,1772809776929000000,16
FileChannelInterruptsRetryer.totalRetriedAttempts,1772809716930000000,1772809776929000000,0
DirectByteBufferAllocator.reclaimed,1772809716930000000,1772809776929000000,0
StreamlinedBlobStorage.recordsAllocated,1772809716930000000,1772809776929000000,0
FilePageCache.disposedBuffers,1772809716930000000,1772809776929000000,0
DirectByteBufferAllocator.totalSizeOfBuffersAllocatedInBytes,1772809716930000000,1772809776929000000,630194176
DirectByteBufferAllocator.hits,1772809716930000000,1772809776929000000,0
FilePageCache.uncachedFileAccess,1772809716930000000,1772809776929000000,0
DirectByteBufferAllocator.totalSizeOfBuffersCachedInBytes,1772809716930000000,1772809776929000000,1048576
FilePageCache.pageLoadsAboveSizeThreshold,1772809716930000000,1772809776929000000,0
JVM.totalBytesAllocated,1772809716930000000,1772809776929000000,25163952
JVM.maxThreadCount,1772809716930000000,1772809776929000000,256
JVM.usedNativeBytes,1772809716930000000,1772809776929000000,491871680
JVM.totalTimeToSafepointsMs,1772809716930000000,1772809776929000000,1
JVM.GC.collectionTimesMs,1772809716930000000,1772809776929000000,0
MEM.ramBytes,1772809716930000000,1772809776929000000,3774914560
JVM.threadCount,1772809716930000000,1772809776929000000,57
JVM.usedHeapBytes,1772809716930000000,1772809776929000000,1206747200
JVM.totalSafepointCount,1772809716930000000,1772809776929000000,19
JVM.newThreadsCount,1772809716930000000,1772809776929000000,0
JVM.maxHeapBytes,1772809716930000000,1772809776929000000,28840034304
JVM.totalTimeAtSafepointsMs,1772809716930000000,1772809776929000000,1
JVM.GC.collections,1772809716930000000,1772809776929000000,0
OS.loadAverage,1772809716930000000,1772809776929000000,2.40771484375
MEM.fileMappingsRamBytes,1772809716930000000,1772809776929000000,700424192
MEM.ramMinusFileMappingsBytes,1772809716930000000,1772809776929000000,3074490368
JVM.totalCpuTimeMs,1772809716930000000,1772809776929000000,2640
JVM.committedHeapBytes,1772809716930000000,1772809776929000000,1677721600
JVM.totalDirectByteBuffersBytes,1772809716930000000,1772809776929000000,632804658
MEM.ramPlusSwapMinusFileMappingsBytes,1772809716930000000,1772809776929000000,3074490368
Indexing.cache.totalCacheMisses,1772809716930000000,1772809776929000000,0
Indexes.allKeys.lookupDurationMaxMs,1772809716930000000,1772809776929000000,0.0
Indexing.writer_1.totalTimeSpentWritingMs,1772809716930000000,1772809776929000000,0
Indexes.entries.lookupDuration90PMs,1772809716930000000,1772809776929000000,0.0
Indexes.entries.lookups,1772809716930000000,1772809776929000000,0
Indexing.writer_3.totalTimeSpentWritingMs,1772809716930000000,1772809776929000000,0
Indexes.stubs.lookupDuration90PMs,1772809716930000000,1772809776929000000,0.0
Indexing.writesQueuedAvg,1772809716930000000,1772809776929000000,0.0
Indexes.entries.lookupDurationMaxMs,1772809716930000000,1772809776929000000,0.0
Indexing.writer_2.totalTimeSpentWritingMs,1772809716930000000,1772809776929000000,0
Indexes.stubs.lookupDurationAvgMs,1772809716930000000,1772809776929000000,0.0
Indexing.cache.totalCacheAccesses,1772809716930000000,1772809776929000000,0
Indexing.writer_0.totalTimeSpentWritingMs,1772809716930000000,1772809776929000000,0
Indexing.writesQueuedMin,1772809716930000000,1772809776929000000,0
Indexes.stubs.lookupDurationMaxMs,1772809716930000000,1772809776929000000,0.0
Indexing.cache.totalCacheEvicted,1772809716930000000,1772809776929000000,0
Indexes.allKeys.lookupDuration90PMs,1772809716930000000,1772809776929000000,0.0
Indexes.entries.lookupDurationAvgMs,1772809716930000000,1772809776929000000,0.0
Indexes.allKeys.lookups,1772809716930000000,1772809776929000000,0
Indexes.stubs.lookups,1772809716930000000,1772809776929000000,0
Indexes.allKeys.lookupDurationAvgMs,1772809716930000000,1772809776929000000,0.0
Indexing.totalTimeIndexersSleptMs,1772809716930000000,1772809776929000000,0
Indexing.writesQueuedMax,1772809716930000000,1772809776929000000,0
cacheStateStorage.get.counter,1772809716930000000,1772809776929000000,0
cacheStateStorage.set.duration,1772809716930000000,1772809776929000000,0
cacheStateStorage.set.counter,1772809716930000000,1772809776929000000,0
cacheStateStorage.get.duration,1772809716930000000,1772809776929000000,0
NonBlockingReadAction.finalizedExecutionsCount,1772809716930000000,1772809776929000000,0
FlushQueue.tasksExecuted,1772809716930000000,1772809776929000000,693
FlushQueue.executionTimeAvgNs,1772809716930000000,1772809776929000000,182113.05050505052
AWTEventQueue.eventsDispatched,1772809716930000000,1772809776929000000,566
NonBlockingReadAction.failedExecutionTimeUs,1772809716930000000,1772809776929000000,0
AWTEventQueue.dispatchTimeMaxNs,1772809716930000000,1772809776929000000,6488063
FlushQueue.queueSize90P,1772809716930000000,1772809776929000000,6
FlushQueue.waitingTimeMaxNs,1772809716930000000,1772809776929000000,3473407
FlushQueue.waitingTimeAvgNs,1772809716930000000,1772809776929000000,367847.8152958153
AWTEventQueue.dispatchTimeTotalNS,1772809716930000000,1772809776929000000,189256925
NonBlockingReadAction.failedExecutionsCount,1772809716930000000,1772809776929000000,0
FlushQueue.executionTime90PNs,1772809716930000000,1772809776929000000,483327
NonBlockingReadAction.finalizedExecutionTimeUs,1772809716930000000,1772809776929000000,0
WriteAction.executionsCount,1772809716930000000,1772809776929000000,0
FlushQueue.executionTimeMaxNs,1772809716930000000,1772809776929000000,6029311
FlushQueue.queueSizeAvg,1772809716930000000,1772809776929000000,1.9927849927849928
ReadAction.executionsCount,1772809716930000000,1772809776929000000,3
FlushQueue.queueSizeMax,1772809716930000000,1772809776929000000,13
AWTEventQueue.dispatchTime90PNs,1772809716930000000,1772809776929000000,765951
AWTEventQueue.dispatchTimeAvgNs,1772809716930000000,1772809776929000000,334368.0282685512
FlushQueue.waitingTime90PNs,1772809716930000000,1772809776929000000,589823
DiskQueryRelay.tasksRequested,1772809776929000000,1772809836929000000,0
LowMemory.gcLoad,1772809776929000000,1772809836929000000,0.0
DiskQueryRelay.tasksExecuted,1772809776929000000,1772809836929000000,0
writeAction.wait.ms,1772809776929000000,1772809836929000000,0
writeAction.max.wait.ms,1772809776929000000,1772809836929000000,81
DiskQueryRelay.taskExecutionTotalTimeUs,1772809776929000000,1772809836929000000,0
writeAction.median.wait.ms,1772809776929000000,1772809836929000000,100
writeAction.count,1772809776929000000,1772809836929000000,0
LowMemory.gcOverloaded,1772809776929000000,1772809836929000000,0
DiskQueryRelay.taskWaitingTotalTimeUs,1772809776929000000,1772809836929000000,0
workspaceModel.pre.handlers.ms,1772809776929000000,1772809836929000000,0
workspaceModel.on.changed.ms,1772809776929000000,1772809836929000000,0
workspaceModel.loading.total.ms,1772809776929000000,1772809836929000000,0
workspaceModel.cachedValueWithParameters.clear.count,1772809776929000000,1772809836929000000,0
workspaceModel.updates.precise.ms,1772809776929000000,1772809836929000000,0
workspaceModel.replace.project.model.ms,1772809776929000000,1772809836929000000,0
workspaceModel.entityStorageSnapshotImpl.instances.count,1772809776929000000,1772809836929000000,0
workspaceModel.cachedValue.from.cache.count,1772809776929000000,1772809836929000000,0
workspaceModel.check.recursive.update.ms,1772809776929000000,1772809836929000000,0
workspaceModel.updates.count,1772809776929000000,1772809836929000000,0
workspaceModel.workspaceFileIndexData.getDirectoriesByPackageName.ms,1772809776929000000,1772809836929000000,0
workspaceModel.cachedValueWithParameters.calculated.count,1772809776929000000,1772809836929000000,0
workspaceModel.update.unloaded.entities.ms,1772809776929000000,1772809836929000000,0
workspaceModel.updates.ms,1772809776929000000,1772809836929000000,0
workspaceModel.collect.changes.ms,1772809776929000000,1772809836929000000,0
workspaceModel.workspaceFileIndexData.instances.count,1772809776929000000,1772809836929000000,0
workspaceModel.to.snapshot.ms,1772809776929000000,1772809836929000000,0
workspaceModel.workspaceFileIndexData.onEntitiesChanged.ms,1772809776929000000,1772809836929000000,0
workspaceModel.workspaceFileIndexData.markDirty.ms,1772809776929000000,1772809836929000000,0
workspaceModel.workspaceFileIndexContributor.registerFileSets.ms,1772809776929000000,1772809836929000000,0
workspaceModel.initializing.ms,1772809776929000000,1772809836929000000,0
workspaceModel.cachedValue.total.get.count,1772809776929000000,1772809836929000000,0
workspaceModel.workspaceFileIndexData.init.ms,1772809776929000000,1772809836929000000,0
workspaceModel.cachedValueWithParameters.from.cache.count,1772809776929000000,1772809836929000000,0
workspaceModel.workspaceFileIndexData.processFileSets.ms,1772809776929000000,1772809836929000000,0
workspaceModel.workspaceFileIndexData.updateDirtyEntities.ms,1772809776929000000,1772809836929000000,0
workspaceModel.workspaceFileIndexData.getFileInfo.ms,1772809776929000000,1772809836929000000,0
workspaceModel.on.before.changed.ms,1772809776929000000,1772809836929000000,0
workspaceModel.workspaceFileIndexData.getPackageName.ms,1772809776929000000,1772809836929000000,0
workspaceModel.workspaceFileIndexData.visitFileSets.ms,1772809776929000000,1772809836929000000,0
workspaceModel.cachedValue.calculated.count,1772809776929000000,1772809836929000000,0
workspaceModel.loading.from.cache.ms,1772809776929000000,1772809836929000000,0
workspaceModel.cachedValueWithParameters.total.get.count,1772809776929000000,1772809836929000000,0
workspaceModel.full.replace.project.model.ms,1772809776929000000,1772809836929000000,0
workspaceModel.init.bridges.ms,1772809776929000000,1772809836929000000,0
workspaceModel.cachedValue.clear.count,1772809776929000000,1772809836929000000,0
VFS.fileByIdCache.misses,1772809776929000000,1772809836929000000,0
VFS.contentStorage.recordsUncompressedSize,1772809776929000000,1772809836929000000,0
VFS.contentStorage.recordsDecompressionTimeUs,1772809776929000000,1772809836929000000,0
VFS.cache.segmentsCreated,1772809776929000000,1772809836929000000,0
VFS.contentStorage.recordsReadSize,1772809776929000000,1772809836929000000,0
VFS.contentStorage.recordsStored,1772809776929000000,1772809836929000000,0
FileNameCache.queries,1772809776929000000,1772809836929000000,0
VFS.contentStorage.recordsRead,1772809776929000000,1772809836929000000,0
VFS.contentStorage.recordsReadDecompressed,1772809776929000000,1772809836929000000,0
VFS.contentStorage.recordsStoredCompressed,1772809776929000000,1772809836929000000,0
FileNameCache.totalMisses,1772809776929000000,1772809836929000000,0
VFS.contentStorage.recordsDeduplicated,1772809776929000000,1772809836929000000,0
VFS.cache.segments,1772809776929000000,1772809836929000000,232.0
VFS.invertedFileNameIndex.requests,1772809776929000000,1772809836929000000,0
VFS.rootsCount,1772809776929000000,1772809836929000000,317.0
VFS.fileByIdCache.hits,1772809776929000000,1772809836929000000,0
VFS.cache.filesCreated,1772809776929000000,1772809836929000000,0
VFS.contentStorage.recordsStoredSize,1772809776929000000,1772809836929000000,0
VFS.folderCaseSensitivityReads,1772809776929000000,1772809836929000000,0
VFS.cache.directoriesCreated,1772809776929000000,1772809836929000000,0
VFS.fileChildByName,1772809776929000000,1772809836929000000,0
workspaceModel.moduleManagerBridge.get.modules.ms,1772809776929000000,1772809836929000000,0
jps.library.entities.serializer.save.entities.ms,1772809776929000000,1772809836929000000,0
workspaceModel.mutableEntityStorage.changeLog.addReplaceEventForRemovedChild.ms,1772809776929000000,1772809836929000000,0
workspaceModel.mutableEntityStorage.collect.changes.ms,1772809776929000000,1772809836929000000,0
workspaceModel.mutableEntityStorage.replace.by.source.ms,1772809776929000000,1772809836929000000,0
jps.global.initialize.library.bridges.ms,1772809776929000000,1772809836929000000,0
jps.facet.change.listener.init.bridge.ms,1772809776929000000,1772809836929000000,0
workspaceModel.moduleManagerBridge.create.module.instance.ms,1772809776929000000,1772809836929000000,0
jps.global.handle.before.change.events.ms,1772809776929000000,1772809836929000000,0
workspaceModel.mutableEntityStorage.mutable.vfurl.index.ms,1772809776929000000,1772809836929000000,0
workspaceModel.moduleManagerBridge.build.module.graph.ms,1772809776929000000,1772809836929000000,0
workspaceModel.mutableEntityStorage.mutable.ext.mapping.ms,1772809776929000000,1772809836929000000,0
workspaceModel.mutableEntityStorage.modify.entity.ms,1772809776929000000,1772809836929000000,0
jps.modifiable.module.model.bridge.load.module.ms,1772809776929000000,1772809836929000000,0
jps.app.storage.content.reader.load.component.ms,1772809776929000000,1772809836929000000,0
workspaceModel.global.updates.count,1772809776929000000,1772809836929000000,0
jps.load.initial.state.ms,1772809776929000000,1772809836929000000,0
workspaceModel.moduleBridgeLoader.loading.modules.ms,1772809776929000000,1772809836929000000,0
workspaceModel.mutableEntityStorage.instances.count,1772809776929000000,1772809836929000000,0
workspaceModel.delayed.project.synchronizer.sync.ms,1772809776929000000,1772809836929000000,0
workspaceModel.mutableEntityStorage.changeLog.addReplaceEventForRemovedParent.ms,1772809776929000000,1772809836929000000,0
jps.library.entities.serializer.load.entities.ms,1772809776929000000,1772809836929000000,0
jps.module.iml.entities.serializer.load.entities.ms,1772809776929000000,1772809836929000000,0
workspaceModel.global.updates.ms,1772809776929000000,1772809836929000000,0
jps.storage.jps.conf.reader.load.component.ms,1772809776929000000,1772809836929000000,0
jps.load.project.to.empty.storage.ms,1772809776929000000,1772809836929000000,0
workspaceModel.mutableEntityStorage.put.entity.ms,1772809776929000000,1772809836929000000,0
workspaceModel.mutableEntityStorage.entities.ms,1772809776929000000,1772809836929000000,0
workspaceModel.moduleManagerBridge.set.unloadedModules.ms,1772809776929000000,1772809836929000000,0
workspaceModel.mutableEntityStorage.has.same.entities.ms,1772809776929000000,1772809836929000000,0
workspaceModel.moduleBridge.before.changed.ms,1772809776929000000,1772809836929000000,0
jps.artifact.entities.serializer.load.entities.ms,1772809776929000000,1772809836929000000,0
workspaceModel.moduleManagerBridge.load.module.ms,1772809776929000000,1772809836929000000,0
workspaceModel.save.cache.to.file.ms,1772809776929000000,1772809836929000000,0
workspaceModel.load.cache.from.file.ms,1772809776929000000,1772809836929000000,0
workspaceModel.moduleBridge.facet.initialization.ms,1772809776929000000,1772809836929000000,0
workspaceModel.mutableEntityStorage.entities.by.source.ms,1772809776929000000,1772809836929000000,0
jps.modifiable.module.model.bridge.disposing.ms,1772809776929000000,1772809836929000000,0
workspaceModel.mutableEntityStorage.referrers.ms,1772809776929000000,1772809836929000000,0
jps.project.serializers.load.ms,1772809776929000000,1772809836929000000,0
jps.global.get.library.by.name.ms,1772809776929000000,1772809836929000000,0
jps.save.global.entities.ms,1772809776929000000,1772809836929000000,0
jps.global.initialize.library.bridges.after.loading.ms,1772809776929000000,1772809836929000000,0
workspaceModel.mutableEntityStorage.remove.entity.ms,1772809776929000000,1772809836929000000,0
workspaceModel.mutableEntityStorage.hasReferrers.ms,1772809776929000000,1772809836929000000,0
workspaceModel.global.apply.state.to.project.builder.ms,1772809776929000000,1772809836929000000,0
jps.facet.change.listener.process.change.events.ms,1772809776929000000,1772809836929000000,0
workspaceModel.mutableEntityStorage.resolve.ms,1772809776929000000,1772809836929000000,0
jps.project.serializers.save.ms,1772809776929000000,1772809836929000000,0
workspaceModel.sync.entities.ms,1772809776929000000,1772809836929000000,0
jps.global.get.library.ms,1772809776929000000,1772809836929000000,0
workspaceModel.do.save.caches.ms,1772809776929000000,1772809836929000000,0
jps.save.changed.project.entities.ms,1772809776929000000,1772809836929000000,0
workspaceModel.load.cache.metadata.from.file.ms,1772809776929000000,1772809836929000000,0
jps.modifiable.module.model.bridge.renaming.ms,1772809776929000000,1772809836929000000,0
jps.apply.loaded.storage.ms,1772809776929000000,1772809836929000000,0
workspaceModel.mutableEntityStorage.to.snapshot.ms,1772809776929000000,1772809836929000000,0
workspaceModel.moduleManagerBridge.load.all.modules.ms,1772809776929000000,1772809836929000000,0
jps.modifiable.module.model.bridge.new.module.ms,1772809776929000000,1772809836929000000,0
workspaceModel.global.apply.state.to.project.ms,1772809776929000000,1772809836929000000,0
jps.reload.project.entities.ms,1772809776929000000,1772809836929000000,0
workspaceModel.mutableEntityStorage.changeLog.addReplaceEventForNewChild.ms,1772809776929000000,1772809836929000000,0
jps.global.handle.changed.events.ms,1772809776929000000,1772809836929000000,0
jps.module.iml.entities.serializer.save.entities.ms,1772809776929000000,1772809836929000000,0
workspaceModel.mutableEntityStorage.changeLog.addReplaceEventForNewParent.ms,1772809776929000000,1772809836929000000,0
jps.module.dependency.index.workspace.model.listener.on.changed.ms,1772809776929000000,1772809836929000000,0
workspaceModel.mutableEntityStorage.add.entity.ms,1772809776929000000,1772809836929000000,0
workspaceModel.orphan.listener.update.ms,1772809776929000000,1772809836929000000,0
jps.artifact.entities.serializer.save.entities.ms,1772809776929000000,1772809836929000000,0
workspaceModel.moduleManagerBridge.newModule.ms,1772809776929000000,1772809836929000000,0
workspaceModel.moduleBridge.update.option.ms,1772809776929000000,1772809836929000000,0
jps.facet.change.listener.before.change.events.ms,1772809776929000000,1772809836929000000,0
workspaceModel.moduleManagerBridge.new.nonPersistent.module.ms,1772809776929000000,1772809836929000000,0
workspaceModel.mutableEntityStorage.apply.changes.from.ms,1772809776929000000,1772809836929000000,0
jps.global.get.libraries.ms,1772809776929000000,1772809836929000000,0
compiler.ArtifactManagerBridge.findArtifact.ms,1772809776929000000,1772809836929000000,0
compiler.ArtifactVirtualFileListener.propertyChanged.ms,1772809776929000000,1772809836929000000,0
compiler.ArtifactManagerBridge.commit.ms,1772809776929000000,1772809836929000000,0
compiler.ArtifactManagerBridge.addArtifact.ms,1772809776929000000,1772809836929000000,0
compiler.ArtifactModifiableModelBridge.commit.ms,1772809776929000000,1772809836929000000,4
compiler.ArtifactModifiableModelBridge.getArtifacts.ms,1772809776929000000,1772809836929000000,0
compiler.ArtifactVirtualFileListener.filePathChanged.ms,1772809776929000000,1772809836929000000,0
compiler.ArtifactManagerBridge.initBridges.ms,1772809776929000000,1772809836929000000,0
compiler.ArtifactModifiableModelBridge.dispose.ms,1772809776929000000,1772809836929000000,0
compiler.ArtifactModifiableModelBridge.getArtifactsByType.ms,1772809776929000000,1772809836929000000,0
compiler.ArtifactManagerBridge.getArtifactsByType.ms,1772809776929000000,1772809836929000000,0
compiler.ArtifactModifiableModelBridge.findArtifacts.ms,1772809776929000000,1772809836929000000,0
compiler.ArtifactManagerBridge.dropMappings.ms,1772809776929000000,1772809836929000000,0
compiler.ArtifactManagerBridge.getArtifacts.ms,1772809776929000000,1772809836929000000,0
compiler.ArtifactModifiableModelBridge.addArtifact.ms,1772809776929000000,1772809836929000000,0
MappedFileStorage.totalPagesMapped,1772809776929000000,1772809836929000000,16
StorageLockContext.competingThreads.max,1772809776929000000,1772809836929000000,0
FilePageCache.maxRegisteredFiles,1772809776929000000,1772809836929000000,1824
FilePageCache.capacityInBytes,1772809776929000000,1772809836929000000,629145600
DirectByteBufferAllocator.misses,1772809776929000000,1772809836929000000,0
StreamlinedBlobStorage.totalLiveRecordsCapacityBytes,1772809776929000000,1772809836929000000,0
FilePageCache.totalPageLoadsUs,1772809776929000000,1772809836929000000,0
MappedFileStorage.totalTimeSpentOnMappingUs,1772809776929000000,1772809836929000000,188645
FilePageCache.pageFastCacheHits,1772809776929000000,1772809836929000000,0
StreamlinedBlobStorage.recordsDeleted,1772809776929000000,1772809836929000000,0
FilePageCache.pageLoads,1772809776929000000,1772809836929000000,0
StreamlinedBlobStorage.totalLiveRecordsPayloadBytes,1772809776929000000,1772809836929000000,0
FilePageCache.maxCacheSizeInBytes,1772809776929000000,1772809836929000000,629145600
StorageLockContext.competingThreads.avg,1772809776929000000,1772809836929000000,0.0
DirectByteBufferAllocator.disposed,1772809776929000000,1772809836929000000,0
MappedFileStorage.totalBytesMapped,1772809776929000000,1772809836929000000,202637312
StorageLockContext.competingThreads.90P,1772809776929000000,1772809836929000000,0
FilePageCache.totalPageDisposalsUs,1772809776929000000,1772809836929000000,0
FilePageCache.pageHits,1772809776929000000,1772809836929000000,0
StreamlinedBlobStorage.recordsRelocated,1772809776929000000,1772809836929000000,0
MappedFileStorage.storages,1772809776929000000,1772809836929000000,16
FileChannelInterruptsRetryer.totalRetriedAttempts,1772809776929000000,1772809836929000000,0
DirectByteBufferAllocator.reclaimed,1772809776929000000,1772809836929000000,0
StreamlinedBlobStorage.recordsAllocated,1772809776929000000,1772809836929000000,0
FilePageCache.disposedBuffers,1772809776929000000,1772809836929000000,0
DirectByteBufferAllocator.totalSizeOfBuffersAllocatedInBytes,1772809776929000000,1772809836929000000,630194176
DirectByteBufferAllocator.hits,1772809776929000000,1772809836929000000,0
FilePageCache.uncachedFileAccess,1772809776929000000,1772809836929000000,0
DirectByteBufferAllocator.totalSizeOfBuffersCachedInBytes,1772809776929000000,1772809836929000000,1048576
FilePageCache.pageLoadsAboveSizeThreshold,1772809776929000000,1772809836929000000,0
JVM.totalBytesAllocated,1772809776929000000,1772809836929000000,69422648
JVM.maxThreadCount,1772809776929000000,1772809836929000000,256
JVM.usedNativeBytes,1772809776929000000,1772809836929000000,495820112
JVM.totalTimeToSafepointsMs,1772809776929000000,1772809836929000000,1
JVM.GC.collectionTimesMs,1772809776929000000,1772809836929000000,0
MEM.ramBytes,1772809776929000000,1772809836929000000,3781111808
JVM.threadCount,1772809776929000000,1772809836929000000,62
JVM.usedHeapBytes,1772809776929000000,1772809836929000000,1290633280
JVM.totalSafepointCount,1772809776929000000,1772809836929000000,12
JVM.newThreadsCount,1772809776929000000,1772809836929000000,5
JVM.maxHeapBytes,1772809776929000000,1772809836929000000,28840034304
JVM.totalTimeAtSafepointsMs,1772809776929000000,1772809836929000000,2
JVM.GC.collections,1772809776929000000,1772809836929000000,0
OS.loadAverage,1772809776929000000,1772809836929000000,1.9765625
MEM.fileMappingsRamBytes,1772809776929000000,1772809836929000000,703475712
MEM.ramMinusFileMappingsBytes,1772809776929000000,1772809836929000000,3077636096
JVM.totalCpuTimeMs,1772809776929000000,1772809836929000000,3060
JVM.committedHeapBytes,1772809776929000000,1772809836929000000,1677721600
JVM.totalDirectByteBuffersBytes,1772809776929000000,1772809836929000000,632851308
MEM.ramPlusSwapMinusFileMappingsBytes,1772809776929000000,1772809836929000000,3077636096
Indexing.cache.totalCacheMisses,1772809776929000000,1772809836929000000,0
Indexes.allKeys.lookupDurationMaxMs,1772809776929000000,1772809836929000000,0.0
Indexing.writer_1.totalTimeSpentWritingMs,1772809776929000000,1772809836929000000,0
Indexes.entries.lookupDuration90PMs,1772809776929000000,1772809836929000000,0.0
Indexes.entries.lookups,1772809776929000000,1772809836929000000,0
Indexing.writer_3.totalTimeSpentWritingMs,1772809776929000000,1772809836929000000,0
Indexes.stubs.lookupDuration90PMs,1772809776929000000,1772809836929000000,0.0
Indexing.writesQueuedAvg,1772809776929000000,1772809836929000000,0.0
Indexes.entries.lookupDurationMaxMs,1772809776929000000,1772809836929000000,0.0
Indexing.writer_2.totalTimeSpentWritingMs,1772809776929000000,1772809836929000000,0
Indexes.stubs.lookupDurationAvgMs,1772809776929000000,1772809836929000000,0.0
Indexing.cache.totalCacheAccesses,1772809776929000000,1772809836929000000,0
Indexing.writer_0.totalTimeSpentWritingMs,1772809776929000000,1772809836929000000,0
Indexing.writesQueuedMin,1772809776929000000,1772809836929000000,0
Indexes.stubs.lookupDurationMaxMs,1772809776929000000,1772809836929000000,0.0
Indexing.cache.totalCacheEvicted,1772809776929000000,1772809836929000000,0
Indexes.allKeys.lookupDuration90PMs,1772809776929000000,1772809836929000000,0.0
Indexes.entries.lookupDurationAvgMs,1772809776929000000,1772809836929000000,0.0
Indexes.allKeys.lookups,1772809776929000000,1772809836929000000,0
Indexes.stubs.lookups,1772809776929000000,1772809836929000000,0
Indexes.allKeys.lookupDurationAvgMs,1772809776929000000,1772809836929000000,0.0
Indexing.totalTimeIndexersSleptMs,1772809776929000000,1772809836929000000,0
Indexing.writesQueuedMax,1772809776929000000,1772809836929000000,0
cacheStateStorage.get.counter,1772809776929000000,1772809836929000000,0
cacheStateStorage.set.duration,1772809776929000000,1772809836929000000,0
cacheStateStorage.set.counter,1772809776929000000,1772809836929000000,0
cacheStateStorage.get.duration,1772809776929000000,1772809836929000000,0
NonBlockingReadAction.finalizedExecutionsCount,1772809776929000000,1772809836929000000,0
FlushQueue.tasksExecuted,1772809776929000000,1772809836929000000,425
FlushQueue.executionTimeAvgNs,1772809776929000000,1772809836929000000,257345.64705882352
AWTEventQueue.eventsDispatched,1772809776929000000,1772809836929000000,502
NonBlockingReadAction.failedExecutionTimeUs,1772809776929000000,1772809836929000000,0
AWTEventQueue.dispatchTimeMaxNs,1772809776929000000,1772809836929000000,7569407
FlushQueue.queueSize90P,1772809776929000000,1772809836929000000,4
FlushQueue.waitingTimeMaxNs,1772809776929000000,1772809836929000000,5537791
FlushQueue.waitingTimeAvgNs,1772809776929000000,1772809836929000000,346286.4282352941
AWTEventQueue.dispatchTimeTotalNS,1772809776929000000,1772809836929000000,171220960
NonBlockingReadAction.failedExecutionsCount,1772809776929000000,1772809836929000000,0
FlushQueue.executionTime90PNs,1772809776929000000,1772809836929000000,565247
NonBlockingReadAction.finalizedExecutionTimeUs,1772809776929000000,1772809836929000000,0
WriteAction.executionsCount,1772809776929000000,1772809836929000000,0
FlushQueue.executionTimeMaxNs,1772809776929000000,1772809836929000000,7438335
FlushQueue.queueSizeAvg,1772809776929000000,1772809836929000000,1.0094117647058825
ReadAction.executionsCount,1772809776929000000,1772809836929000000,3
FlushQueue.queueSizeMax,1772809776929000000,1772809836929000000,10
AWTEventQueue.dispatchTime90PNs,1772809776929000000,1772809836929000000,774143
AWTEventQueue.dispatchTimeAvgNs,1772809776929000000,1772809836929000000,341022.0876494024
FlushQueue.waitingTime90PNs,1772809776929000000,1772809836929000000,548863
DiskQueryRelay.tasksRequested,1772809836929000000,1772809896928000000,0
LowMemory.gcLoad,1772809836929000000,1772809896928000000,0.0
DiskQueryRelay.tasksExecuted,1772809836929000000,1772809896928000000,0
writeAction.wait.ms,1772809836929000000,1772809896928000000,0
writeAction.max.wait.ms,1772809836929000000,1772809896928000000,81
DiskQueryRelay.taskExecutionTotalTimeUs,1772809836929000000,1772809896928000000,0
writeAction.median.wait.ms,1772809836929000000,1772809896928000000,100
writeAction.count,1772809836929000000,1772809896928000000,0
LowMemory.gcOverloaded,1772809836929000000,1772809896928000000,0
DiskQueryRelay.taskWaitingTotalTimeUs,1772809836929000000,1772809896928000000,0
workspaceModel.pre.handlers.ms,1772809836929000000,1772809896928000000,0
workspaceModel.on.changed.ms,1772809836929000000,1772809896928000000,0
workspaceModel.loading.total.ms,1772809836929000000,1772809896928000000,0
workspaceModel.cachedValueWithParameters.clear.count,1772809836929000000,1772809896928000000,0
workspaceModel.updates.precise.ms,1772809836929000000,1772809896928000000,0
workspaceModel.replace.project.model.ms,1772809836929000000,1772809896928000000,0
workspaceModel.entityStorageSnapshotImpl.instances.count,1772809836929000000,1772809896928000000,0
workspaceModel.cachedValue.from.cache.count,1772809836929000000,1772809896928000000,0
workspaceModel.check.recursive.update.ms,1772809836929000000,1772809896928000000,0
workspaceModel.updates.count,1772809836929000000,1772809896928000000,0
workspaceModel.workspaceFileIndexData.getDirectoriesByPackageName.ms,1772809836929000000,1772809896928000000,0
workspaceModel.cachedValueWithParameters.calculated.count,1772809836929000000,1772809896928000000,0
workspaceModel.update.unloaded.entities.ms,1772809836929000000,1772809896928000000,0
workspaceModel.updates.ms,1772809836929000000,1772809896928000000,0
workspaceModel.collect.changes.ms,1772809836929000000,1772809896928000000,0
workspaceModel.workspaceFileIndexData.instances.count,1772809836929000000,1772809896928000000,0
workspaceModel.to.snapshot.ms,1772809836929000000,1772809896928000000,0
workspaceModel.workspaceFileIndexData.onEntitiesChanged.ms,1772809836929000000,1772809896928000000,0
workspaceModel.workspaceFileIndexData.markDirty.ms,1772809836929000000,1772809896928000000,0
workspaceModel.workspaceFileIndexContributor.registerFileSets.ms,1772809836929000000,1772809896928000000,0
workspaceModel.initializing.ms,1772809836929000000,1772809896928000000,0
workspaceModel.cachedValue.total.get.count,1772809836929000000,1772809896928000000,0
workspaceModel.workspaceFileIndexData.init.ms,1772809836929000000,1772809896928000000,0
workspaceModel.cachedValueWithParameters.from.cache.count,1772809836929000000,1772809896928000000,0
workspaceModel.workspaceFileIndexData.processFileSets.ms,1772809836929000000,1772809896928000000,0
workspaceModel.workspaceFileIndexData.updateDirtyEntities.ms,1772809836929000000,1772809896928000000,0
workspaceModel.workspaceFileIndexData.getFileInfo.ms,1772809836929000000,1772809896928000000,0
workspaceModel.on.before.changed.ms,1772809836929000000,1772809896928000000,0
workspaceModel.workspaceFileIndexData.getPackageName.ms,1772809836929000000,1772809896928000000,0
workspaceModel.workspaceFileIndexData.visitFileSets.ms,1772809836929000000,1772809896928000000,0
workspaceModel.cachedValue.calculated.count,1772809836929000000,1772809896928000000,0
workspaceModel.loading.from.cache.ms,1772809836929000000,1772809896928000000,0
workspaceModel.cachedValueWithParameters.total.get.count,1772809836929000000,1772809896928000000,0
workspaceModel.full.replace.project.model.ms,1772809836929000000,1772809896928000000,0
workspaceModel.init.bridges.ms,1772809836929000000,1772809896928000000,0
workspaceModel.cachedValue.clear.count,1772809836929000000,1772809896928000000,0
VFS.fileByIdCache.misses,1772809836929000000,1772809896928000000,0
VFS.contentStorage.recordsUncompressedSize,1772809836929000000,1772809896928000000,0
VFS.contentStorage.recordsDecompressionTimeUs,1772809836929000000,1772809896928000000,0
VFS.cache.segmentsCreated,1772809836929000000,1772809896928000000,0
VFS.contentStorage.recordsReadSize,1772809836929000000,1772809896928000000,0
VFS.contentStorage.recordsStored,1772809836929000000,1772809896928000000,0
FileNameCache.queries,1772809836929000000,1772809896928000000,0
VFS.contentStorage.recordsRead,1772809836929000000,1772809896928000000,0
VFS.contentStorage.recordsReadDecompressed,1772809836929000000,1772809896928000000,0
VFS.contentStorage.recordsStoredCompressed,1772809836929000000,1772809896928000000,0
FileNameCache.totalMisses,1772809836929000000,1772809896928000000,0
VFS.contentStorage.recordsDeduplicated,1772809836929000000,1772809896928000000,0
VFS.cache.segments,1772809836929000000,1772809896928000000,232.0
VFS.invertedFileNameIndex.requests,1772809836929000000,1772809896928000000,0
VFS.rootsCount,1772809836929000000,1772809896928000000,317.0
VFS.fileByIdCache.hits,1772809836929000000,1772809896928000000,0
VFS.cache.filesCreated,1772809836929000000,1772809896928000000,0
VFS.contentStorage.recordsStoredSize,1772809836929000000,1772809896928000000,0
VFS.folderCaseSensitivityReads,1772809836929000000,1772809896928000000,0
VFS.cache.directoriesCreated,1772809836929000000,1772809896928000000,0
VFS.fileChildByName,1772809836929000000,1772809896928000000,0
workspaceModel.moduleManagerBridge.get.modules.ms,1772809836929000000,1772809896928000000,0
jps.library.entities.serializer.save.entities.ms,1772809836929000000,1772809896928000000,0
workspaceModel.mutableEntityStorage.changeLog.addReplaceEventForRemovedChild.ms,1772809836929000000,1772809896928000000,0
workspaceModel.mutableEntityStorage.collect.changes.ms,1772809836929000000,1772809896928000000,0
workspaceModel.mutableEntityStorage.replace.by.source.ms,1772809836929000000,1772809896928000000,0
jps.global.initialize.library.bridges.ms,1772809836929000000,1772809896928000000,0
jps.facet.change.listener.init.bridge.ms,1772809836929000000,1772809896928000000,0
workspaceModel.moduleManagerBridge.create.module.instance.ms,1772809836929000000,1772809896928000000,0
jps.global.handle.before.change.events.ms,1772809836929000000,1772809896928000000,0
workspaceModel.mutableEntityStorage.mutable.vfurl.index.ms,1772809836929000000,1772809896928000000,0
workspaceModel.moduleManagerBridge.build.module.graph.ms,1772809836929000000,1772809896928000000,0
workspaceModel.mutableEntityStorage.mutable.ext.mapping.ms,1772809836929000000,1772809896928000000,0
workspaceModel.mutableEntityStorage.modify.entity.ms,1772809836929000000,1772809896928000000,0
jps.modifiable.module.model.bridge.load.module.ms,1772809836929000000,1772809896928000000,0
jps.app.storage.content.reader.load.component.ms,1772809836929000000,1772809896928000000,0
workspaceModel.global.updates.count,1772809836929000000,1772809896928000000,0
jps.load.initial.state.ms,1772809836929000000,1772809896928000000,0
workspaceModel.moduleBridgeLoader.loading.modules.ms,1772809836929000000,1772809896928000000,0
workspaceModel.mutableEntityStorage.instances.count,1772809836929000000,1772809896928000000,0
workspaceModel.delayed.project.synchronizer.sync.ms,1772809836929000000,1772809896928000000,0
workspaceModel.mutableEntityStorage.changeLog.addReplaceEventForRemovedParent.ms,1772809836929000000,1772809896928000000,0
jps.library.entities.serializer.load.entities.ms,1772809836929000000,1772809896928000000,0
jps.module.iml.entities.serializer.load.entities.ms,1772809836929000000,1772809896928000000,0
workspaceModel.global.updates.ms,1772809836929000000,1772809896928000000,0
jps.storage.jps.conf.reader.load.component.ms,1772809836929000000,1772809896928000000,0
jps.load.project.to.empty.storage.ms,1772809836929000000,1772809896928000000,0
workspaceModel.mutableEntityStorage.put.entity.ms,1772809836929000000,1772809896928000000,0
workspaceModel.mutableEntityStorage.entities.ms,1772809836929000000,1772809896928000000,0
workspaceModel.moduleManagerBridge.set.unloadedModules.ms,1772809836929000000,1772809896928000000,0
workspaceModel.mutableEntityStorage.has.same.entities.ms,1772809836929000000,1772809896928000000,0
workspaceModel.moduleBridge.before.changed.ms,1772809836929000000,1772809896928000000,0
jps.artifact.entities.serializer.load.entities.ms,1772809836929000000,1772809896928000000,0
workspaceModel.moduleManagerBridge.load.module.ms,1772809836929000000,1772809896928000000,0
workspaceModel.save.cache.to.file.ms,1772809836929000000,1772809896928000000,0
workspaceModel.load.cache.from.file.ms,1772809836929000000,1772809896928000000,0
workspaceModel.moduleBridge.facet.initialization.ms,1772809836929000000,1772809896928000000,0
workspaceModel.mutableEntityStorage.entities.by.source.ms,1772809836929000000,1772809896928000000,0
jps.modifiable.module.model.bridge.disposing.ms,1772809836929000000,1772809896928000000,0
workspaceModel.mutableEntityStorage.referrers.ms,1772809836929000000,1772809896928000000,0
jps.project.serializers.load.ms,1772809836929000000,1772809896928000000,0
jps.global.get.library.by.name.ms,1772809836929000000,1772809896928000000,0
jps.save.global.entities.ms,1772809836929000000,1772809896928000000,0
jps.global.initialize.library.bridges.after.loading.ms,1772809836929000000,1772809896928000000,0
workspaceModel.mutableEntityStorage.remove.entity.ms,1772809836929000000,1772809896928000000,0
workspaceModel.mutableEntityStorage.hasReferrers.ms,1772809836929000000,1772809896928000000,0
workspaceModel.global.apply.state.to.project.builder.ms,1772809836929000000,1772809896928000000,0
jps.facet.change.listener.process.change.events.ms,1772809836929000000,1772809896928000000,0
workspaceModel.mutableEntityStorage.resolve.ms,1772809836929000000,1772809896928000000,0
jps.project.serializers.save.ms,1772809836929000000,1772809896928000000,0
workspaceModel.sync.entities.ms,1772809836929000000,1772809896928000000,0
jps.global.get.library.ms,1772809836929000000,1772809896928000000,0
workspaceModel.do.save.caches.ms,1772809836929000000,1772809896928000000,0
jps.save.changed.project.entities.ms,1772809836929000000,1772809896928000000,0
workspaceModel.load.cache.metadata.from.file.ms,1772809836929000000,1772809896928000000,0
jps.modifiable.module.model.bridge.renaming.ms,1772809836929000000,1772809896928000000,0
jps.apply.loaded.storage.ms,1772809836929000000,1772809896928000000,0
workspaceModel.mutableEntityStorage.to.snapshot.ms,1772809836929000000,1772809896928000000,0
workspaceModel.moduleManagerBridge.load.all.modules.ms,1772809836929000000,1772809896928000000,0
jps.modifiable.module.model.bridge.new.module.ms,1772809836929000000,1772809896928000000,0
workspaceModel.global.apply.state.to.project.ms,1772809836929000000,1772809896928000000,0
jps.reload.project.entities.ms,1772809836929000000,1772809896928000000,0
workspaceModel.mutableEntityStorage.changeLog.addReplaceEventForNewChild.ms,1772809836929000000,1772809896928000000,0
jps.global.handle.changed.events.ms,1772809836929000000,1772809896928000000,0
jps.module.iml.entities.serializer.save.entities.ms,1772809836929000000,1772809896928000000,0
workspaceModel.mutableEntityStorage.changeLog.addReplaceEventForNewParent.ms,1772809836929000000,1772809896928000000,0
jps.module.dependency.index.workspace.model.listener.on.changed.ms,1772809836929000000,1772809896928000000,0
workspaceModel.mutableEntityStorage.add.entity.ms,1772809836929000000,1772809896928000000,0
workspaceModel.orphan.listener.update.ms,1772809836929000000,1772809896928000000,0
jps.artifact.entities.serializer.save.entities.ms,1772809836929000000,1772809896928000000,0
workspaceModel.moduleManagerBridge.newModule.ms,1772809836929000000,1772809896928000000,0
workspaceModel.moduleBridge.update.option.ms,1772809836929000000,1772809896928000000,0
jps.facet.change.listener.before.change.events.ms,1772809836929000000,1772809896928000000,0
workspaceModel.moduleManagerBridge.new.nonPersistent.module.ms,1772809836929000000,1772809896928000000,0
workspaceModel.mutableEntityStorage.apply.changes.from.ms,1772809836929000000,1772809896928000000,0
jps.global.get.libraries.ms,1772809836929000000,1772809896928000000,0
compiler.ArtifactManagerBridge.findArtifact.ms,1772809836929000000,1772809896928000000,0
compiler.ArtifactVirtualFileListener.propertyChanged.ms,1772809836929000000,1772809896928000000,0
compiler.ArtifactManagerBridge.commit.ms,1772809836929000000,1772809896928000000,0
compiler.ArtifactManagerBridge.addArtifact.ms,1772809836929000000,1772809896928000000,0
compiler.ArtifactModifiableModelBridge.commit.ms,1772809836929000000,1772809896928000000,4
compiler.ArtifactModifiableModelBridge.getArtifacts.ms,1772809836929000000,1772809896928000000,0
compiler.ArtifactVirtualFileListener.filePathChanged.ms,1772809836929000000,1772809896928000000,0
compiler.ArtifactManagerBridge.initBridges.ms,1772809836929000000,1772809896928000000,0
compiler.ArtifactModifiableModelBridge.dispose.ms,1772809836929000000,1772809896928000000,0
compiler.ArtifactModifiableModelBridge.getArtifactsByType.ms,1772809836929000000,1772809896928000000,0
compiler.ArtifactManagerBridge.getArtifactsByType.ms,1772809836929000000,1772809896928000000,0
compiler.ArtifactModifiableModelBridge.findArtifacts.ms,1772809836929000000,1772809896928000000,0
compiler.ArtifactManagerBridge.dropMappings.ms,1772809836929000000,1772809896928000000,0
compiler.ArtifactManagerBridge.getArtifacts.ms,1772809836929000000,1772809896928000000,0
compiler.ArtifactModifiableModelBridge.addArtifact.ms,1772809836929000000,1772809896928000000,0
MappedFileStorage.totalPagesMapped,1772809836929000000,1772809896928000000,16
StorageLockContext.competingThreads.max,1772809836929000000,1772809896928000000,0
FilePageCache.maxRegisteredFiles,1772809836929000000,1772809896928000000,1824
FilePageCache.capacityInBytes,1772809836929000000,1772809896928000000,629145600
DirectByteBufferAllocator.misses,1772809836929000000,1772809896928000000,0
StreamlinedBlobStorage.totalLiveRecordsCapacityBytes,1772809836929000000,1772809896928000000,0
FilePageCache.totalPageLoadsUs,1772809836929000000,1772809896928000000,0
MappedFileStorage.totalTimeSpentOnMappingUs,1772809836929000000,1772809896928000000,188645
FilePageCache.pageFastCacheHits,1772809836929000000,1772809896928000000,0
StreamlinedBlobStorage.recordsDeleted,1772809836929000000,1772809896928000000,0
FilePageCache.pageLoads,1772809836929000000,1772809896928000000,0
StreamlinedBlobStorage.totalLiveRecordsPayloadBytes,1772809836929000000,1772809896928000000,0
FilePageCache.maxCacheSizeInBytes,1772809836929000000,1772809896928000000,629145600
StorageLockContext.competingThreads.avg,1772809836929000000,1772809896928000000,0.0
DirectByteBufferAllocator.disposed,1772809836929000000,1772809896928000000,0
MappedFileStorage.totalBytesMapped,1772809836929000000,1772809896928000000,202637312
StorageLockContext.competingThreads.90P,1772809836929000000,1772809896928000000,0
FilePageCache.totalPageDisposalsUs,1772809836929000000,1772809896928000000,0
FilePageCache.pageHits,1772809836929000000,1772809896928000000,0
StreamlinedBlobStorage.recordsRelocated,1772809836929000000,1772809896928000000,0
MappedFileStorage.storages,1772809836929000000,1772809896928000000,16
FileChannelInterruptsRetryer.totalRetriedAttempts,1772809836929000000,1772809896928000000,0
DirectByteBufferAllocator.reclaimed,1772809836929000000,1772809896928000000,0
StreamlinedBlobStorage.recordsAllocated,1772809836929000000,1772809896928000000,0
FilePageCache.disposedBuffers,1772809836929000000,1772809896928000000,0
DirectByteBufferAllocator.totalSizeOfBuffersAllocatedInBytes,1772809836929000000,1772809896928000000,630194176
DirectByteBufferAllocator.hits,1772809836929000000,1772809896928000000,0
FilePageCache.uncachedFileAccess,1772809836929000000,1772809896928000000,0
DirectByteBufferAllocator.totalSizeOfBuffersCachedInBytes,1772809836929000000,1772809896928000000,1048576
FilePageCache.pageLoadsAboveSizeThreshold,1772809836929000000,1772809896928000000,0
JVM.totalBytesAllocated,1772809836929000000,1772809896928000000,21009424
JVM.maxThreadCount,1772809836929000000,1772809896928000000,256
JVM.usedNativeBytes,1772809836929000000,1772809896928000000,496160304
JVM.totalTimeToSafepointsMs,1772809836929000000,1772809896928000000,1
JVM.GC.collectionTimesMs,1772809836929000000,1772809896928000000,0
MEM.ramBytes,1772809836929000000,1772809896928000000,3781242880
JVM.threadCount,1772809836929000000,1772809896928000000,52
JVM.usedHeapBytes,1772809836929000000,1772809896928000000,1307410496
JVM.totalSafepointCount,1772809836929000000,1772809896928000000,6
JVM.newThreadsCount,1772809836929000000,1772809896928000000,0
JVM.maxHeapBytes,1772809836929000000,1772809896928000000,28840034304
JVM.totalTimeAtSafepointsMs,1772809836929000000,1772809896928000000,1
JVM.GC.collections,1772809836929000000,1772809896928000000,0
OS.loadAverage,1772809836929000000,1772809896928000000,2.21484375
MEM.fileMappingsRamBytes,1772809836929000000,1772809896928000000,703475712
MEM.ramMinusFileMappingsBytes,1772809836929000000,1772809896928000000,3077767168
JVM.totalCpuTimeMs,1772809836929000000,1772809896928000000,2300
JVM.committedHeapBytes,1772809836929000000,1772809896928000000,1677721600
JVM.totalDirectByteBuffersBytes,1772809836929000000,1772809896928000000,630997724
MEM.ramPlusSwapMinusFileMappingsBytes,1772809836929000000,1772809896928000000,3077767168
Indexing.cache.totalCacheMisses,1772809836929000000,1772809896928000000,0
Indexes.allKeys.lookupDurationMaxMs,1772809836929000000,1772809896928000000,0.0
Indexing.writer_1.totalTimeSpentWritingMs,1772809836929000000,1772809896928000000,0
Indexes.entries.lookupDuration90PMs,1772809836929000000,1772809896928000000,0.0
Indexes.entries.lookups,1772809836929000000,1772809896928000000,0
Indexing.writer_3.totalTimeSpentWritingMs,1772809836929000000,1772809896928000000,0
Indexes.stubs.lookupDuration90PMs,1772809836929000000,1772809896928000000,0.0
Indexing.writesQueuedAvg,1772809836929000000,1772809896928000000,0.0
Indexes.entries.lookupDurationMaxMs,1772809836929000000,1772809896928000000,0.0
Indexing.writer_2.totalTimeSpentWritingMs,1772809836929000000,1772809896928000000,0
Indexes.stubs.lookupDurationAvgMs,1772809836929000000,1772809896928000000,0.0
Indexing.cache.totalCacheAccesses,1772809836929000000,1772809896928000000,0
Indexing.writer_0.totalTimeSpentWritingMs,1772809836929000000,1772809896928000000,0
Indexing.writesQueuedMin,1772809836929000000,1772809896928000000,0
Indexes.stubs.lookupDurationMaxMs,1772809836929000000,1772809896928000000,0.0
Indexing.cache.totalCacheEvicted,1772809836929000000,1772809896928000000,0
Indexes.allKeys.lookupDuration90PMs,1772809836929000000,1772809896928000000,0.0
Indexes.entries.lookupDurationAvgMs,1772809836929000000,1772809896928000000,0.0
Indexes.allKeys.lookups,1772809836929000000,1772809896928000000,0
Indexes.stubs.lookups,1772809836929000000,1772809896928000000,0
Indexes.allKeys.lookupDurationAvgMs,1772809836929000000,1772809896928000000,0.0
Indexing.totalTimeIndexersSleptMs,1772809836929000000,1772809896928000000,0
Indexing.writesQueuedMax,1772809836929000000,1772809896928000000,0
cacheStateStorage.get.counter,1772809836929000000,1772809896928000000,0
cacheStateStorage.set.duration,1772809836929000000,1772809896928000000,0
cacheStateStorage.set.counter,1772809836929000000,1772809896928000000,0
cacheStateStorage.get.duration,1772809836929000000,1772809896928000000,0
NonBlockingReadAction.finalizedExecutionsCount,1772809836929000000,1772809896928000000,0
FlushQueue.tasksExecuted,1772809836929000000,1772809896928000000,393
FlushQueue.executionTimeAvgNs,1772809836929000000,1772809896928000000,252451.786259542
AWTEventQueue.eventsDispatched,1772809836929000000,1772809896928000000,523
NonBlockingReadAction.failedExecutionTimeUs,1772809836929000000,1772809896928000000,0
AWTEventQueue.dispatchTimeMaxNs,1772809836929000000,1772809896928000000,4751359
FlushQueue.queueSize90P,1772809836929000000,1772809896928000000,2
FlushQueue.waitingTimeMaxNs,1772809836929000000,1772809896928000000,4292607
FlushQueue.waitingTimeAvgNs,1772809836929000000,1772809896928000000,393651.86768447835
AWTEventQueue.dispatchTimeTotalNS,1772809836929000000,1772809896928000000,166430969
NonBlockingReadAction.failedExecutionsCount,1772809836929000000,1772809896928000000,0
FlushQueue.executionTime90PNs,1772809836929000000,1772809896928000000,509951
NonBlockingReadAction.finalizedExecutionTimeUs,1772809836929000000,1772809896928000000,0
WriteAction.executionsCount,1772809836929000000,1772809896928000000,0
FlushQueue.executionTimeMaxNs,1772809836929000000,1772809896928000000,2899967
FlushQueue.queueSizeAvg,1772809836929000000,1772809896928000000,0.5190839694656488
ReadAction.executionsCount,1772809836929000000,1772809896928000000,3
FlushQueue.queueSizeMax,1772809836929000000,1772809896928000000,4
AWTEventQueue.dispatchTime90PNs,1772809836929000000,1772809896928000000,716799
AWTEventQueue.dispatchTimeAvgNs,1772809836929000000,1772809896928000000,318157.4608030593
FlushQueue.waitingTime90PNs,1772809836929000000,1772809896928000000,610303
DiskQueryRelay.tasksRequested,1772809896928000000,1772809956931000000,0
LowMemory.gcLoad,1772809896928000000,1772809956931000000,0.0
DiskQueryRelay.tasksExecuted,1772809896928000000,1772809956931000000,0
writeAction.wait.ms,1772809896928000000,1772809956931000000,0
writeAction.max.wait.ms,1772809896928000000,1772809956931000000,81
DiskQueryRelay.taskExecutionTotalTimeUs,1772809896928000000,1772809956931000000,0
writeAction.median.wait.ms,1772809896928000000,1772809956931000000,100
writeAction.count,1772809896928000000,1772809956931000000,0
LowMemory.gcOverloaded,1772809896928000000,1772809956931000000,0
DiskQueryRelay.taskWaitingTotalTimeUs,1772809896928000000,1772809956931000000,0
workspaceModel.pre.handlers.ms,1772809896928000000,1772809956931000000,0
workspaceModel.on.changed.ms,1772809896928000000,1772809956931000000,0
workspaceModel.loading.total.ms,1772809896928000000,1772809956931000000,0
workspaceModel.cachedValueWithParameters.clear.count,1772809896928000000,1772809956931000000,0
workspaceModel.updates.precise.ms,1772809896928000000,1772809956931000000,0
workspaceModel.replace.project.model.ms,1772809896928000000,1772809956931000000,0
workspaceModel.entityStorageSnapshotImpl.instances.count,1772809896928000000,1772809956931000000,0
workspaceModel.cachedValue.from.cache.count,1772809896928000000,1772809956931000000,0
workspaceModel.check.recursive.update.ms,1772809896928000000,1772809956931000000,0
workspaceModel.updates.count,1772809896928000000,1772809956931000000,0
workspaceModel.workspaceFileIndexData.getDirectoriesByPackageName.ms,1772809896928000000,1772809956931000000,0
workspaceModel.cachedValueWithParameters.calculated.count,1772809896928000000,1772809956931000000,0
workspaceModel.update.unloaded.entities.ms,1772809896928000000,1772809956931000000,0
workspaceModel.updates.ms,1772809896928000000,1772809956931000000,0
workspaceModel.collect.changes.ms,1772809896928000000,1772809956931000000,0
workspaceModel.workspaceFileIndexData.instances.count,1772809896928000000,1772809956931000000,0
workspaceModel.to.snapshot.ms,1772809896928000000,1772809956931000000,0
workspaceModel.workspaceFileIndexData.onEntitiesChanged.ms,1772809896928000000,1772809956931000000,0
workspaceModel.workspaceFileIndexData.markDirty.ms,1772809896928000000,1772809956931000000,0
workspaceModel.workspaceFileIndexContributor.registerFileSets.ms,1772809896928000000,1772809956931000000,0
workspaceModel.initializing.ms,1772809896928000000,1772809956931000000,0
workspaceModel.cachedValue.total.get.count,1772809896928000000,1772809956931000000,0
workspaceModel.workspaceFileIndexData.init.ms,1772809896928000000,1772809956931000000,0
workspaceModel.cachedValueWithParameters.from.cache.count,1772809896928000000,1772809956931000000,0
workspaceModel.workspaceFileIndexData.processFileSets.ms,1772809896928000000,1772809956931000000,0
workspaceModel.workspaceFileIndexData.updateDirtyEntities.ms,1772809896928000000,1772809956931000000,0
workspaceModel.workspaceFileIndexData.getFileInfo.ms,1772809896928000000,1772809956931000000,0
workspaceModel.on.before.changed.ms,1772809896928000000,1772809956931000000,0
workspaceModel.workspaceFileIndexData.getPackageName.ms,1772809896928000000,1772809956931000000,0
workspaceModel.workspaceFileIndexData.visitFileSets.ms,1772809896928000000,1772809956931000000,0
workspaceModel.cachedValue.calculated.count,1772809896928000000,1772809956931000000,0
workspaceModel.loading.from.cache.ms,1772809896928000000,1772809956931000000,0
workspaceModel.cachedValueWithParameters.total.get.count,1772809896928000000,1772809956931000000,0
workspaceModel.full.replace.project.model.ms,1772809896928000000,1772809956931000000,0
workspaceModel.init.bridges.ms,1772809896928000000,1772809956931000000,0
workspaceModel.cachedValue.clear.count,1772809896928000000,1772809956931000000,0
VFS.fileByIdCache.misses,1772809896928000000,1772809956931000000,0
VFS.contentStorage.recordsUncompressedSize,1772809896928000000,1772809956931000000,0
VFS.contentStorage.recordsDecompressionTimeUs,1772809896928000000,1772809956931000000,0
VFS.cache.segmentsCreated,1772809896928000000,1772809956931000000,0
VFS.contentStorage.recordsReadSize,1772809896928000000,1772809956931000000,0
VFS.contentStorage.recordsStored,1772809896928000000,1772809956931000000,0
FileNameCache.queries,1772809896928000000,1772809956931000000,0
VFS.contentStorage.recordsRead,1772809896928000000,1772809956931000000,0
VFS.contentStorage.recordsReadDecompressed,1772809896928000000,1772809956931000000,0
VFS.contentStorage.recordsStoredCompressed,1772809896928000000,1772809956931000000,0
FileNameCache.totalMisses,1772809896928000000,1772809956931000000,0
VFS.contentStorage.recordsDeduplicated,1772809896928000000,1772809956931000000,0
VFS.cache.segments,1772809896928000000,1772809956931000000,232.0
VFS.invertedFileNameIndex.requests,1772809896928000000,1772809956931000000,0
VFS.rootsCount,1772809896928000000,1772809956931000000,317.0
VFS.fileByIdCache.hits,1772809896928000000,1772809956931000000,0
VFS.cache.filesCreated,1772809896928000000,1772809956931000000,0
VFS.contentStorage.recordsStoredSize,1772809896928000000,1772809956931000000,0
VFS.folderCaseSensitivityReads,1772809896928000000,1772809956931000000,0
VFS.cache.directoriesCreated,1772809896928000000,1772809956931000000,0
VFS.fileChildByName,1772809896928000000,1772809956931000000,0
workspaceModel.moduleManagerBridge.get.modules.ms,1772809896928000000,1772809956931000000,0
jps.library.entities.serializer.save.entities.ms,1772809896928000000,1772809956931000000,0
workspaceModel.mutableEntityStorage.changeLog.addReplaceEventForRemovedChild.ms,1772809896928000000,1772809956931000000,0
workspaceModel.mutableEntityStorage.collect.changes.ms,1772809896928000000,1772809956931000000,0
workspaceModel.mutableEntityStorage.replace.by.source.ms,1772809896928000000,1772809956931000000,0
jps.global.initialize.library.bridges.ms,1772809896928000000,1772809956931000000,0
jps.facet.change.listener.init.bridge.ms,1772809896928000000,1772809956931000000,0
workspaceModel.moduleManagerBridge.create.module.instance.ms,1772809896928000000,1772809956931000000,0
jps.global.handle.before.change.events.ms,1772809896928000000,1772809956931000000,0
workspaceModel.mutableEntityStorage.mutable.vfurl.index.ms,1772809896928000000,1772809956931000000,0
workspaceModel.moduleManagerBridge.build.module.graph.ms,1772809896928000000,1772809956931000000,0
workspaceModel.mutableEntityStorage.mutable.ext.mapping.ms,1772809896928000000,1772809956931000000,0
workspaceModel.mutableEntityStorage.modify.entity.ms,1772809896928000000,1772809956931000000,0
jps.modifiable.module.model.bridge.load.module.ms,1772809896928000000,1772809956931000000,0
jps.app.storage.content.reader.load.component.ms,1772809896928000000,1772809956931000000,0
workspaceModel.global.updates.count,1772809896928000000,1772809956931000000,0
jps.load.initial.state.ms,1772809896928000000,1772809956931000000,0
workspaceModel.moduleBridgeLoader.loading.modules.ms,1772809896928000000,1772809956931000000,0
workspaceModel.mutableEntityStorage.instances.count,1772809896928000000,1772809956931000000,0
workspaceModel.delayed.project.synchronizer.sync.ms,1772809896928000000,1772809956931000000,0
workspaceModel.mutableEntityStorage.changeLog.addReplaceEventForRemovedParent.ms,1772809896928000000,1772809956931000000,0
jps.library.entities.serializer.load.entities.ms,1772809896928000000,1772809956931000000,0
jps.module.iml.entities.serializer.load.entities.ms,1772809896928000000,1772809956931000000,0
workspaceModel.global.updates.ms,1772809896928000000,1772809956931000000,0
jps.storage.jps.conf.reader.load.component.ms,1772809896928000000,1772809956931000000,0
jps.load.project.to.empty.storage.ms,1772809896928000000,1772809956931000000,0
workspaceModel.mutableEntityStorage.put.entity.ms,1772809896928000000,1772809956931000000,0
workspaceModel.mutableEntityStorage.entities.ms,1772809896928000000,1772809956931000000,0
workspaceModel.moduleManagerBridge.set.unloadedModules.ms,1772809896928000000,1772809956931000000,0
workspaceModel.mutableEntityStorage.has.same.entities.ms,1772809896928000000,1772809956931000000,0
workspaceModel.moduleBridge.before.changed.ms,1772809896928000000,1772809956931000000,0
jps.artifact.entities.serializer.load.entities.ms,1772809896928000000,1772809956931000000,0
workspaceModel.moduleManagerBridge.load.module.ms,1772809896928000000,1772809956931000000,0
workspaceModel.save.cache.to.file.ms,1772809896928000000,1772809956931000000,0
workspaceModel.load.cache.from.file.ms,1772809896928000000,1772809956931000000,0
workspaceModel.moduleBridge.facet.initialization.ms,1772809896928000000,1772809956931000000,0
workspaceModel.mutableEntityStorage.entities.by.source.ms,1772809896928000000,1772809956931000000,0
jps.modifiable.module.model.bridge.disposing.ms,1772809896928000000,1772809956931000000,0
workspaceModel.mutableEntityStorage.referrers.ms,1772809896928000000,1772809956931000000,0
jps.project.serializers.load.ms,1772809896928000000,1772809956931000000,0
jps.global.get.library.by.name.ms,1772809896928000000,1772809956931000000,0
jps.save.global.entities.ms,1772809896928000000,1772809956931000000,0
jps.global.initialize.library.bridges.after.loading.ms,1772809896928000000,1772809956931000000,0
workspaceModel.mutableEntityStorage.remove.entity.ms,1772809896928000000,1772809956931000000,0
workspaceModel.mutableEntityStorage.hasReferrers.ms,1772809896928000000,1772809956931000000,0
workspaceModel.global.apply.state.to.project.builder.ms,1772809896928000000,1772809956931000000,0
jps.facet.change.listener.process.change.events.ms,1772809896928000000,1772809956931000000,0
workspaceModel.mutableEntityStorage.resolve.ms,1772809896928000000,1772809956931000000,0
jps.project.serializers.save.ms,1772809896928000000,1772809956931000000,0
workspaceModel.sync.entities.ms,1772809896928000000,1772809956931000000,0
jps.global.get.library.ms,1772809896928000000,1772809956931000000,0
workspaceModel.do.save.caches.ms,1772809896928000000,1772809956931000000,0
jps.save.changed.project.entities.ms,1772809896928000000,1772809956931000000,0
workspaceModel.load.cache.metadata.from.file.ms,1772809896928000000,1772809956931000000,0
jps.modifiable.module.model.bridge.renaming.ms,1772809896928000000,1772809956931000000,0
jps.apply.loaded.storage.ms,1772809896928000000,1772809956931000000,0
workspaceModel.mutableEntityStorage.to.snapshot.ms,1772809896928000000,1772809956931000000,0
workspaceModel.moduleManagerBridge.load.all.modules.ms,1772809896928000000,1772809956931000000,0
jps.modifiable.module.model.bridge.new.module.ms,1772809896928000000,1772809956931000000,0
workspaceModel.global.apply.state.to.project.ms,1772809896928000000,1772809956931000000,0
jps.reload.project.entities.ms,1772809896928000000,1772809956931000000,0
workspaceModel.mutableEntityStorage.changeLog.addReplaceEventForNewChild.ms,1772809896928000000,1772809956931000000,0
jps.global.handle.changed.events.ms,1772809896928000000,1772809956931000000,0
jps.module.iml.entities.serializer.save.entities.ms,1772809896928000000,1772809956931000000,0
workspaceModel.mutableEntityStorage.changeLog.addReplaceEventForNewParent.ms,1772809896928000000,1772809956931000000,0
jps.module.dependency.index.workspace.model.listener.on.changed.ms,1772809896928000000,1772809956931000000,0
workspaceModel.mutableEntityStorage.add.entity.ms,1772809896928000000,1772809956931000000,0
workspaceModel.orphan.listener.update.ms,1772809896928000000,1772809956931000000,0
jps.artifact.entities.serializer.save.entities.ms,1772809896928000000,1772809956931000000,0
workspaceModel.moduleManagerBridge.newModule.ms,1772809896928000000,1772809956931000000,0
workspaceModel.moduleBridge.update.option.ms,1772809896928000000,1772809956931000000,0
jps.facet.change.listener.before.change.events.ms,1772809896928000000,1772809956931000000,0
workspaceModel.moduleManagerBridge.new.nonPersistent.module.ms,1772809896928000000,1772809956931000000,0
workspaceModel.mutableEntityStorage.apply.changes.from.ms,1772809896928000000,1772809956931000000,0
jps.global.get.libraries.ms,1772809896928000000,1772809956931000000,0
compiler.ArtifactManagerBridge.findArtifact.ms,1772809896928000000,1772809956931000000,0
compiler.ArtifactVirtualFileListener.propertyChanged.ms,1772809896928000000,1772809956931000000,0
compiler.ArtifactManagerBridge.commit.ms,1772809896928000000,1772809956931000000,0
compiler.ArtifactManagerBridge.addArtifact.ms,1772809896928000000,1772809956931000000,0
compiler.ArtifactModifiableModelBridge.commit.ms,1772809896928000000,1772809956931000000,4
compiler.ArtifactModifiableModelBridge.getArtifacts.ms,1772809896928000000,1772809956931000000,0
compiler.ArtifactVirtualFileListener.filePathChanged.ms,1772809896928000000,1772809956931000000,0
compiler.ArtifactManagerBridge.initBridges.ms,1772809896928000000,1772809956931000000,0
compiler.ArtifactModifiableModelBridge.dispose.ms,1772809896928000000,1772809956931000000,0
compiler.ArtifactModifiableModelBridge.getArtifactsByType.ms,1772809896928000000,1772809956931000000,0
compiler.ArtifactManagerBridge.getArtifactsByType.ms,1772809896928000000,1772809956931000000,0
compiler.ArtifactModifiableModelBridge.findArtifacts.ms,1772809896928000000,1772809956931000000,0
compiler.ArtifactManagerBridge.dropMappings.ms,1772809896928000000,1772809956931000000,0
compiler.ArtifactManagerBridge.getArtifacts.ms,1772809896928000000,1772809956931000000,0
compiler.ArtifactModifiableModelBridge.addArtifact.ms,1772809896928000000,1772809956931000000,0
MappedFileStorage.totalPagesMapped,1772809896928000000,1772809956931000000,16
StorageLockContext.competingThreads.max,1772809896928000000,1772809956931000000,0
FilePageCache.maxRegisteredFiles,1772809896928000000,1772809956931000000,1824
FilePageCache.capacityInBytes,1772809896928000000,1772809956931000000,629145600
DirectByteBufferAllocator.misses,1772809896928000000,1772809956931000000,0
StreamlinedBlobStorage.totalLiveRecordsCapacityBytes,1772809896928000000,1772809956931000000,0
FilePageCache.totalPageLoadsUs,1772809896928000000,1772809956931000000,0
MappedFileStorage.totalTimeSpentOnMappingUs,1772809896928000000,1772809956931000000,188645
FilePageCache.pageFastCacheHits,1772809896928000000,1772809956931000000,0
StreamlinedBlobStorage.recordsDeleted,1772809896928000000,1772809956931000000,0
FilePageCache.pageLoads,1772809896928000000,1772809956931000000,0
StreamlinedBlobStorage.totalLiveRecordsPayloadBytes,1772809896928000000,1772809956931000000,0
FilePageCache.maxCacheSizeInBytes,1772809896928000000,1772809956931000000,629145600
StorageLockContext.competingThreads.avg,1772809896928000000,1772809956931000000,0.0
DirectByteBufferAllocator.disposed,1772809896928000000,1772809956931000000,0
MappedFileStorage.totalBytesMapped,1772809896928000000,1772809956931000000,202637312
StorageLockContext.competingThreads.90P,1772809896928000000,1772809956931000000,0
FilePageCache.totalPageDisposalsUs,1772809896928000000,1772809956931000000,0
FilePageCache.pageHits,1772809896928000000,1772809956931000000,0
StreamlinedBlobStorage.recordsRelocated,1772809896928000000,1772809956931000000,0
MappedFileStorage.storages,1772809896928000000,1772809956931000000,16
FileChannelInterruptsRetryer.totalRetriedAttempts,1772809896928000000,1772809956931000000,0
DirectByteBufferAllocator.reclaimed,1772809896928000000,1772809956931000000,0
StreamlinedBlobStorage.recordsAllocated,1772809896928000000,1772809956931000000,0
FilePageCache.disposedBuffers,1772809896928000000,1772809956931000000,0
DirectByteBufferAllocator.totalSizeOfBuffersAllocatedInBytes,1772809896928000000,1772809956931000000,630194176
DirectByteBufferAllocator.hits,1772809896928000000,1772809956931000000,0
FilePageCache.uncachedFileAccess,1772809896928000000,1772809956931000000,0
DirectByteBufferAllocator.totalSizeOfBuffersCachedInBytes,1772809896928000000,1772809956931000000,1048576
FilePageCache.pageLoadsAboveSizeThreshold,1772809896928000000,1772809956931000000,0
JVM.totalBytesAllocated,1772809896928000000,1772809956931000000,20627088
JVM.maxThreadCount,1772809896928000000,1772809956931000000,256
JVM.usedNativeBytes,1772809896928000000,1772809956931000000,496397520
JVM.totalTimeToSafepointsMs,1772809896928000000,1772809956931000000,2
JVM.GC.collectionTimesMs,1772809896928000000,1772809956931000000,0
MEM.ramBytes,1772809896928000000,1772809956931000000,3781373952
JVM.threadCount,1772809896928000000,1772809956931000000,52
JVM.usedHeapBytes,1772809896928000000,1772809956931000000,1324187712
JVM.totalSafepointCount,1772809896928000000,1772809956931000000,11
JVM.newThreadsCount,1772809896928000000,1772809956931000000,0
JVM.maxHeapBytes,1772809896928000000,1772809956931000000,28840034304
JVM.totalTimeAtSafepointsMs,1772809896928000000,1772809956931000000,0
JVM.GC.collections,1772809896928000000,1772809956931000000,0
OS.loadAverage,1772809896928000000,1772809956931000000,2.7578125
MEM.fileMappingsRamBytes,1772809896928000000,1772809956931000000,703475712
MEM.ramMinusFileMappingsBytes,1772809896928000000,1772809956931000000,3077898240
JVM.totalCpuTimeMs,1772809896928000000,1772809956931000000,2130
JVM.committedHeapBytes,1772809896928000000,1772809956931000000,1677721600
JVM.totalDirectByteBuffersBytes,1772809896928000000,1772809956931000000,630997724
MEM.ramPlusSwapMinusFileMappingsBytes,1772809896928000000,1772809956931000000,3077898240
Indexing.cache.totalCacheMisses,1772809896928000000,1772809956931000000,0
Indexes.allKeys.lookupDurationMaxMs,1772809896928000000,1772809956931000000,0.0
Indexing.writer_1.totalTimeSpentWritingMs,1772809896928000000,1772809956931000000,0
Indexes.entries.lookupDuration90PMs,1772809896928000000,1772809956931000000,0.0
Indexes.entries.lookups,1772809896928000000,1772809956931000000,0
Indexing.writer_3.totalTimeSpentWritingMs,1772809896928000000,1772809956931000000,0
Indexes.stubs.lookupDuration90PMs,1772809896928000000,1772809956931000000,0.0
Indexing.writesQueuedAvg,1772809896928000000,1772809956931000000,0.0
Indexes.entries.lookupDurationMaxMs,1772809896928000000,1772809956931000000,0.0
Indexing.writer_2.totalTimeSpentWritingMs,1772809896928000000,1772809956931000000,0
Indexes.stubs.lookupDurationAvgMs,1772809896928000000,1772809956931000000,0.0
Indexing.cache.totalCacheAccesses,1772809896928000000,1772809956931000000,0
Indexing.writer_0.totalTimeSpentWritingMs,1772809896928000000,1772809956931000000,0
Indexing.writesQueuedMin,1772809896928000000,1772809956931000000,0
Indexes.stubs.lookupDurationMaxMs,1772809896928000000,1772809956931000000,0.0
Indexing.cache.totalCacheEvicted,1772809896928000000,1772809956931000000,0
Indexes.allKeys.lookupDuration90PMs,1772809896928000000,1772809956931000000,0.0
Indexes.entries.lookupDurationAvgMs,1772809896928000000,1772809956931000000,0.0
Indexes.allKeys.lookups,1772809896928000000,1772809956931000000,0
Indexes.stubs.lookups,1772809896928000000,1772809956931000000,0
Indexes.allKeys.lookupDurationAvgMs,1772809896928000000,1772809956931000000,0.0
Indexing.totalTimeIndexersSleptMs,1772809896928000000,1772809956931000000,0
Indexing.writesQueuedMax,1772809896928000000,1772809956931000000,0
cacheStateStorage.get.counter,1772809896928000000,1772809956931000000,0
cacheStateStorage.set.duration,1772809896928000000,1772809956931000000,0
cacheStateStorage.set.counter,1772809896928000000,1772809956931000000,0
cacheStateStorage.get.duration,1772809896928000000,1772809956931000000,0
NonBlockingReadAction.finalizedExecutionsCount,1772809896928000000,1772809956931000000,0
FlushQueue.tasksExecuted,1772809896928000000,1772809956931000000,392
FlushQueue.executionTimeAvgNs,1772809896928000000,1772809956931000000,305582.36734693876
AWTEventQueue.eventsDispatched,1772809896928000000,1772809956931000000,516
NonBlockingReadAction.failedExecutionTimeUs,1772809896928000000,1772809956931000000,0
AWTEventQueue.dispatchTimeMaxNs,1772809896928000000,1772809956931000000,5865471
FlushQueue.queueSize90P,1772809896928000000,1772809956931000000,2
FlushQueue.waitingTimeMaxNs,1772809896928000000,1772809956931000000,4079615
FlushQueue.waitingTimeAvgNs,1772809896928000000,1772809956931000000,448638.693877551
AWTEventQueue.dispatchTimeTotalNS,1772809896928000000,1772809956931000000,180066845
NonBlockingReadAction.failedExecutionsCount,1772809896928000000,1772809956931000000,0
FlushQueue.executionTime90PNs,1772809896928000000,1772809956931000000,532479
NonBlockingReadAction.finalizedExecutionTimeUs,1772809896928000000,1772809956931000000,0
WriteAction.executionsCount,1772809896928000000,1772809956931000000,0
FlushQueue.executionTimeMaxNs,1772809896928000000,1772809956931000000,5734399
FlushQueue.queueSizeAvg,1772809896928000000,1772809956931000000,0.5969387755102041
ReadAction.executionsCount,1772809896928000000,1772809956931000000,3
FlushQueue.queueSizeMax,1772809896928000000,1772809956931000000,5
AWTEventQueue.dispatchTime90PNs,1772809896928000000,1772809956931000000,757759
AWTEventQueue.dispatchTimeAvgNs,1772809896928000000,1772809956931000000,348950.7751937985
FlushQueue.waitingTime90PNs,1772809896928000000,1772809956931000000,819199
DiskQueryRelay.tasksRequested,1772809956931000000,1772810016928000000,0
LowMemory.gcLoad,1772809956931000000,1772810016928000000,0.0
DiskQueryRelay.tasksExecuted,1772809956931000000,1772810016928000000,0
writeAction.wait.ms,1772809956931000000,1772810016928000000,0
writeAction.max.wait.ms,1772809956931000000,1772810016928000000,81
DiskQueryRelay.taskExecutionTotalTimeUs,1772809956931000000,1772810016928000000,0
writeAction.median.wait.ms,1772809956931000000,1772810016928000000,100
writeAction.count,1772809956931000000,1772810016928000000,0
LowMemory.gcOverloaded,1772809956931000000,1772810016928000000,0
DiskQueryRelay.taskWaitingTotalTimeUs,1772809956931000000,1772810016928000000,0
workspaceModel.pre.handlers.ms,1772809956931000000,1772810016928000000,0
workspaceModel.on.changed.ms,1772809956931000000,1772810016928000000,0
workspaceModel.loading.total.ms,1772809956931000000,1772810016928000000,0
workspaceModel.cachedValueWithParameters.clear.count,1772809956931000000,1772810016928000000,0
workspaceModel.updates.precise.ms,1772809956931000000,1772810016928000000,0
workspaceModel.replace.project.model.ms,1772809956931000000,1772810016928000000,0
workspaceModel.entityStorageSnapshotImpl.instances.count,1772809956931000000,1772810016928000000,0
workspaceModel.cachedValue.from.cache.count,1772809956931000000,1772810016928000000,0
workspaceModel.check.recursive.update.ms,1772809956931000000,1772810016928000000,0
workspaceModel.updates.count,1772809956931000000,1772810016928000000,0
workspaceModel.workspaceFileIndexData.getDirectoriesByPackageName.ms,1772809956931000000,1772810016928000000,0
workspaceModel.cachedValueWithParameters.calculated.count,1772809956931000000,1772810016928000000,0
workspaceModel.update.unloaded.entities.ms,1772809956931000000,1772810016928000000,0
workspaceModel.updates.ms,1772809956931000000,1772810016928000000,0
workspaceModel.collect.changes.ms,1772809956931000000,1772810016928000000,0
workspaceModel.workspaceFileIndexData.instances.count,1772809956931000000,1772810016928000000,0
workspaceModel.to.snapshot.ms,1772809956931000000,1772810016928000000,0
workspaceModel.workspaceFileIndexData.onEntitiesChanged.ms,1772809956931000000,1772810016928000000,0
workspaceModel.workspaceFileIndexData.markDirty.ms,1772809956931000000,1772810016928000000,0
workspaceModel.workspaceFileIndexContributor.registerFileSets.ms,1772809956931000000,1772810016928000000,0
workspaceModel.initializing.ms,1772809956931000000,1772810016928000000,0
workspaceModel.cachedValue.total.get.count,1772809956931000000,1772810016928000000,0
workspaceModel.workspaceFileIndexData.init.ms,1772809956931000000,1772810016928000000,0
workspaceModel.cachedValueWithParameters.from.cache.count,1772809956931000000,1772810016928000000,0
workspaceModel.workspaceFileIndexData.processFileSets.ms,1772809956931000000,1772810016928000000,0
workspaceModel.workspaceFileIndexData.updateDirtyEntities.ms,1772809956931000000,1772810016928000000,0
workspaceModel.workspaceFileIndexData.getFileInfo.ms,1772809956931000000,1772810016928000000,0
workspaceModel.on.before.changed.ms,1772809956931000000,1772810016928000000,0
workspaceModel.workspaceFileIndexData.getPackageName.ms,1772809956931000000,1772810016928000000,0
workspaceModel.workspaceFileIndexData.visitFileSets.ms,1772809956931000000,1772810016928000000,0
workspaceModel.cachedValue.calculated.count,1772809956931000000,1772810016928000000,0
workspaceModel.loading.from.cache.ms,1772809956931000000,1772810016928000000,0
workspaceModel.cachedValueWithParameters.total.get.count,1772809956931000000,1772810016928000000,0
workspaceModel.full.replace.project.model.ms,1772809956931000000,1772810016928000000,0
workspaceModel.init.bridges.ms,1772809956931000000,1772810016928000000,0
workspaceModel.cachedValue.clear.count,1772809956931000000,1772810016928000000,0
VFS.fileByIdCache.misses,1772809956931000000,1772810016928000000,0
VFS.contentStorage.recordsUncompressedSize,1772809956931000000,1772810016928000000,0
VFS.contentStorage.recordsDecompressionTimeUs,1772809956931000000,1772810016928000000,0
VFS.cache.segmentsCreated,1772809956931000000,1772810016928000000,0
VFS.contentStorage.recordsReadSize,1772809956931000000,1772810016928000000,0
VFS.contentStorage.recordsStored,1772809956931000000,1772810016928000000,0
FileNameCache.queries,1772809956931000000,1772810016928000000,0
VFS.contentStorage.recordsRead,1772809956931000000,1772810016928000000,0
VFS.contentStorage.recordsReadDecompressed,1772809956931000000,1772810016928000000,0
VFS.contentStorage.recordsStoredCompressed,1772809956931000000,1772810016928000000,0
FileNameCache.totalMisses,1772809956931000000,1772810016928000000,0
VFS.contentStorage.recordsDeduplicated,1772809956931000000,1772810016928000000,0
VFS.cache.segments,1772809956931000000,1772810016928000000,232.0
VFS.invertedFileNameIndex.requests,1772809956931000000,1772810016928000000,0
VFS.rootsCount,1772809956931000000,1772810016928000000,317.0
VFS.fileByIdCache.hits,1772809956931000000,1772810016928000000,0
VFS.cache.filesCreated,1772809956931000000,1772810016928000000,0
VFS.contentStorage.recordsStoredSize,1772809956931000000,1772810016928000000,0
VFS.folderCaseSensitivityReads,1772809956931000000,1772810016928000000,0
VFS.cache.directoriesCreated,1772809956931000000,1772810016928000000,0
VFS.fileChildByName,1772809956931000000,1772810016928000000,0
workspaceModel.moduleManagerBridge.get.modules.ms,1772809956931000000,1772810016928000000,0
jps.library.entities.serializer.save.entities.ms,1772809956931000000,1772810016928000000,0
workspaceModel.mutableEntityStorage.changeLog.addReplaceEventForRemovedChild.ms,1772809956931000000,1772810016928000000,0
workspaceModel.mutableEntityStorage.collect.changes.ms,1772809956931000000,1772810016928000000,0
workspaceModel.mutableEntityStorage.replace.by.source.ms,1772809956931000000,1772810016928000000,0
jps.global.initialize.library.bridges.ms,1772809956931000000,1772810016928000000,0
jps.facet.change.listener.init.bridge.ms,1772809956931000000,1772810016928000000,0
workspaceModel.moduleManagerBridge.create.module.instance.ms,1772809956931000000,1772810016928000000,0
jps.global.handle.before.change.events.ms,1772809956931000000,1772810016928000000,0
workspaceModel.mutableEntityStorage.mutable.vfurl.index.ms,1772809956931000000,1772810016928000000,0
workspaceModel.moduleManagerBridge.build.module.graph.ms,1772809956931000000,1772810016928000000,0
workspaceModel.mutableEntityStorage.mutable.ext.mapping.ms,1772809956931000000,1772810016928000000,0
workspaceModel.mutableEntityStorage.modify.entity.ms,1772809956931000000,1772810016928000000,0
jps.modifiable.module.model.bridge.load.module.ms,1772809956931000000,1772810016928000000,0
jps.app.storage.content.reader.load.component.ms,1772809956931000000,1772810016928000000,0
workspaceModel.global.updates.count,1772809956931000000,1772810016928000000,0
jps.load.initial.state.ms,1772809956931000000,1772810016928000000,0
workspaceModel.moduleBridgeLoader.loading.modules.ms,1772809956931000000,1772810016928000000,0
workspaceModel.mutableEntityStorage.instances.count,1772809956931000000,1772810016928000000,0
workspaceModel.delayed.project.synchronizer.sync.ms,1772809956931000000,1772810016928000000,0
workspaceModel.mutableEntityStorage.changeLog.addReplaceEventForRemovedParent.ms,1772809956931000000,1772810016928000000,0
jps.library.entities.serializer.load.entities.ms,1772809956931000000,1772810016928000000,0
jps.module.iml.entities.serializer.load.entities.ms,1772809956931000000,1772810016928000000,0
workspaceModel.global.updates.ms,1772809956931000000,1772810016928000000,0
jps.storage.jps.conf.reader.load.component.ms,1772809956931000000,1772810016928000000,0
jps.load.project.to.empty.storage.ms,1772809956931000000,1772810016928000000,0
workspaceModel.mutableEntityStorage.put.entity.ms,1772809956931000000,1772810016928000000,0
workspaceModel.mutableEntityStorage.entities.ms,1772809956931000000,1772810016928000000,0
workspaceModel.moduleManagerBridge.set.unloadedModules.ms,1772809956931000000,1772810016928000000,0
workspaceModel.mutableEntityStorage.has.same.entities.ms,1772809956931000000,1772810016928000000,0
workspaceModel.moduleBridge.before.changed.ms,1772809956931000000,1772810016928000000,0
jps.artifact.entities.serializer.load.entities.ms,1772809956931000000,1772810016928000000,0
workspaceModel.moduleManagerBridge.load.module.ms,1772809956931000000,1772810016928000000,0
workspaceModel.save.cache.to.file.ms,1772809956931000000,1772810016928000000,0
workspaceModel.load.cache.from.file.ms,1772809956931000000,1772810016928000000,0
workspaceModel.moduleBridge.facet.initialization.ms,1772809956931000000,1772810016928000000,0
workspaceModel.mutableEntityStorage.entities.by.source.ms,1772809956931000000,1772810016928000000,0
jps.modifiable.module.model.bridge.disposing.ms,1772809956931000000,1772810016928000000,0
workspaceModel.mutableEntityStorage.referrers.ms,1772809956931000000,1772810016928000000,0
jps.project.serializers.load.ms,1772809956931000000,1772810016928000000,0
jps.global.get.library.by.name.ms,1772809956931000000,1772810016928000000,0
jps.save.global.entities.ms,1772809956931000000,1772810016928000000,0
jps.global.initialize.library.bridges.after.loading.ms,1772809956931000000,1772810016928000000,0
workspaceModel.mutableEntityStorage.remove.entity.ms,1772809956931000000,1772810016928000000,0
workspaceModel.mutableEntityStorage.hasReferrers.ms,1772809956931000000,1772810016928000000,0
workspaceModel.global.apply.state.to.project.builder.ms,1772809956931000000,1772810016928000000,0
jps.facet.change.listener.process.change.events.ms,1772809956931000000,1772810016928000000,0
workspaceModel.mutableEntityStorage.resolve.ms,1772809956931000000,1772810016928000000,0
jps.project.serializers.save.ms,1772809956931000000,1772810016928000000,0
workspaceModel.sync.entities.ms,1772809956931000000,1772810016928000000,0
jps.global.get.library.ms,1772809956931000000,1772810016928000000,0
workspaceModel.do.save.caches.ms,1772809956931000000,1772810016928000000,0
jps.save.changed.project.entities.ms,1772809956931000000,1772810016928000000,0
workspaceModel.load.cache.metadata.from.file.ms,1772809956931000000,1772810016928000000,0
jps.modifiable.module.model.bridge.renaming.ms,1772809956931000000,1772810016928000000,0
jps.apply.loaded.storage.ms,1772809956931000000,1772810016928000000,0
workspaceModel.mutableEntityStorage.to.snapshot.ms,1772809956931000000,1772810016928000000,0
workspaceModel.moduleManagerBridge.load.all.modules.ms,1772809956931000000,1772810016928000000,0
jps.modifiable.module.model.bridge.new.module.ms,1772809956931000000,1772810016928000000,0
workspaceModel.global.apply.state.to.project.ms,1772809956931000000,1772810016928000000,0
jps.reload.project.entities.ms,1772809956931000000,1772810016928000000,0
workspaceModel.mutableEntityStorage.changeLog.addReplaceEventForNewChild.ms,1772809956931000000,1772810016928000000,0
jps.global.handle.changed.events.ms,1772809956931000000,1772810016928000000,0
jps.module.iml.entities.serializer.save.entities.ms,1772809956931000000,1772810016928000000,0
workspaceModel.mutableEntityStorage.changeLog.addReplaceEventForNewParent.ms,1772809956931000000,1772810016928000000,0
jps.module.dependency.index.workspace.model.listener.on.changed.ms,1772809956931000000,1772810016928000000,0
workspaceModel.mutableEntityStorage.add.entity.ms,1772809956931000000,1772810016928000000,0
workspaceModel.orphan.listener.update.ms,1772809956931000000,1772810016928000000,0
jps.artifact.entities.serializer.save.entities.ms,1772809956931000000,1772810016928000000,0
workspaceModel.moduleManagerBridge.newModule.ms,1772809956931000000,1772810016928000000,0
workspaceModel.moduleBridge.update.option.ms,1772809956931000000,1772810016928000000,0
jps.facet.change.listener.before.change.events.ms,1772809956931000000,1772810016928000000,0
workspaceModel.moduleManagerBridge.new.nonPersistent.module.ms,1772809956931000000,1772810016928000000,0
workspaceModel.mutableEntityStorage.apply.changes.from.ms,1772809956931000000,1772810016928000000,0
jps.global.get.libraries.ms,1772809956931000000,1772810016928000000,0
compiler.ArtifactManagerBridge.findArtifact.ms,1772809956931000000,1772810016928000000,0
compiler.ArtifactVirtualFileListener.propertyChanged.ms,1772809956931000000,1772810016928000000,0
compiler.ArtifactManagerBridge.commit.ms,1772809956931000000,1772810016928000000,0
compiler.ArtifactManagerBridge.addArtifact.ms,1772809956931000000,1772810016928000000,0
compiler.ArtifactModifiableModelBridge.commit.ms,1772809956931000000,1772810016928000000,4
compiler.ArtifactModifiableModelBridge.getArtifacts.ms,1772809956931000000,1772810016928000000,0
compiler.ArtifactVirtualFileListener.filePathChanged.ms,1772809956931000000,1772810016928000000,0
compiler.ArtifactManagerBridge.initBridges.ms,1772809956931000000,1772810016928000000,0
compiler.ArtifactModifiableModelBridge.dispose.ms,1772809956931000000,1772810016928000000,0
compiler.ArtifactModifiableModelBridge.getArtifactsByType.ms,1772809956931000000,1772810016928000000,0
compiler.ArtifactManagerBridge.getArtifactsByType.ms,1772809956931000000,1772810016928000000,0
compiler.ArtifactModifiableModelBridge.findArtifacts.ms,1772809956931000000,1772810016928000000,0
compiler.ArtifactManagerBridge.dropMappings.ms,1772809956931000000,1772810016928000000,0
compiler.ArtifactManagerBridge.getArtifacts.ms,1772809956931000000,1772810016928000000,0
compiler.ArtifactModifiableModelBridge.addArtifact.ms,1772809956931000000,1772810016928000000,0
MappedFileStorage.totalPagesMapped,1772809956931000000,1772810016928000000,16
StorageLockContext.competingThreads.max,1772809956931000000,1772810016928000000,0
FilePageCache.maxRegisteredFiles,1772809956931000000,1772810016928000000,1824
FilePageCache.capacityInBytes,1772809956931000000,1772810016928000000,629145600
DirectByteBufferAllocator.misses,1772809956931000000,1772810016928000000,0
StreamlinedBlobStorage.totalLiveRecordsCapacityBytes,1772809956931000000,1772810016928000000,0
FilePageCache.totalPageLoadsUs,1772809956931000000,1772810016928000000,0
MappedFileStorage.totalTimeSpentOnMappingUs,1772809956931000000,1772810016928000000,188645
FilePageCache.pageFastCacheHits,1772809956931000000,1772810016928000000,0
StreamlinedBlobStorage.recordsDeleted,1772809956931000000,1772810016928000000,0
FilePageCache.pageLoads,1772809956931000000,1772810016928000000,0
StreamlinedBlobStorage.totalLiveRecordsPayloadBytes,1772809956931000000,1772810016928000000,0
FilePageCache.maxCacheSizeInBytes,1772809956931000000,1772810016928000000,629145600
StorageLockContext.competingThreads.avg,1772809956931000000,1772810016928000000,0.0
DirectByteBufferAllocator.disposed,1772809956931000000,1772810016928000000,0
MappedFileStorage.totalBytesMapped,1772809956931000000,1772810016928000000,202637312
StorageLockContext.competingThreads.90P,1772809956931000000,1772810016928000000,0
FilePageCache.totalPageDisposalsUs,1772809956931000000,1772810016928000000,0
FilePageCache.pageHits,1772809956931000000,1772810016928000000,0
StreamlinedBlobStorage.recordsRelocated,1772809956931000000,1772810016928000000,0
MappedFileStorage.storages,1772809956931000000,1772810016928000000,16
FileChannelInterruptsRetryer.totalRetriedAttempts,1772809956931000000,1772810016928000000,0
DirectByteBufferAllocator.reclaimed,1772809956931000000,1772810016928000000,0
StreamlinedBlobStorage.recordsAllocated,1772809956931000000,1772810016928000000,0
FilePageCache.disposedBuffers,1772809956931000000,1772810016928000000,0
DirectByteBufferAllocator.totalSizeOfBuffersAllocatedInBytes,1772809956931000000,1772810016928000000,630194176
DirectByteBufferAllocator.hits,1772809956931000000,1772810016928000000,0
FilePageCache.uncachedFileAccess,1772809956931000000,1772810016928000000,0
DirectByteBufferAllocator.totalSizeOfBuffersCachedInBytes,1772809956931000000,1772810016928000000,1048576
FilePageCache.pageLoadsAboveSizeThreshold,1772809956931000000,1772810016928000000,0
JVM.totalBytesAllocated,1772809956931000000,1772810016928000000,20921512
JVM.maxThreadCount,1772809956931000000,1772810016928000000,256
JVM.usedNativeBytes,1772809956931000000,1772810016928000000,496583760
JVM.totalTimeToSafepointsMs,1772809956931000000,1772810016928000000,1
JVM.GC.collectionTimesMs,1772809956931000000,1772810016928000000,0
MEM.ramBytes,1772809956931000000,1772810016928000000,3781505024
JVM.threadCount,1772809956931000000,1772810016928000000,52
JVM.usedHeapBytes,1772809956931000000,1772810016928000000,1340964928
JVM.totalSafepointCount,1772809956931000000,1772810016928000000,5
JVM.newThreadsCount,1772809956931000000,1772810016928000000,0
JVM.maxHeapBytes,1772809956931000000,1772810016928000000,28840034304
JVM.totalTimeAtSafepointsMs,1772809956931000000,1772810016928000000,0
JVM.GC.collections,1772809956931000000,1772810016928000000,0
OS.loadAverage,1772809956931000000,1772810016928000000,2.2373046875
MEM.fileMappingsRamBytes,1772809956931000000,1772810016928000000,703475712
MEM.ramMinusFileMappingsBytes,1772809956931000000,1772810016928000000,3078029312
JVM.totalCpuTimeMs,1772809956931000000,1772810016928000000,1860
JVM.committedHeapBytes,1772809956931000000,1772810016928000000,1677721600
JVM.totalDirectByteBuffersBytes,1772809956931000000,1772810016928000000,630997724
MEM.ramPlusSwapMinusFileMappingsBytes,1772809956931000000,1772810016928000000,3078029312
Indexing.cache.totalCacheMisses,1772809956931000000,1772810016928000000,0
Indexes.allKeys.lookupDurationMaxMs,1772809956931000000,1772810016928000000,0.0
Indexing.writer_1.totalTimeSpentWritingMs,1772809956931000000,1772810016928000000,0
Indexes.entries.lookupDuration90PMs,1772809956931000000,1772810016928000000,0.0
Indexes.entries.lookups,1772809956931000000,1772810016928000000,0
Indexing.writer_3.totalTimeSpentWritingMs,1772809956931000000,1772810016928000000,0
Indexes.stubs.lookupDuration90PMs,1772809956931000000,1772810016928000000,0.0
Indexing.writesQueuedAvg,1772809956931000000,1772810016928000000,0.0
Indexes.entries.lookupDurationMaxMs,1772809956931000000,1772810016928000000,0.0
Indexing.writer_2.totalTimeSpentWritingMs,1772809956931000000,1772810016928000000,0
Indexes.stubs.lookupDurationAvgMs,1772809956931000000,1772810016928000000,0.0
Indexing.cache.totalCacheAccesses,1772809956931000000,1772810016928000000,0
Indexing.writer_0.totalTimeSpentWritingMs,1772809956931000000,1772810016928000000,0
Indexing.writesQueuedMin,1772809956931000000,1772810016928000000,0
Indexes.stubs.lookupDurationMaxMs,1772809956931000000,1772810016928000000,0.0
Indexing.cache.totalCacheEvicted,1772809956931000000,1772810016928000000,0
Indexes.allKeys.lookupDuration90PMs,1772809956931000000,1772810016928000000,0.0
Indexes.entries.lookupDurationAvgMs,1772809956931000000,1772810016928000000,0.0
Indexes.allKeys.lookups,1772809956931000000,1772810016928000000,0
Indexes.stubs.lookups,1772809956931000000,1772810016928000000,0
Indexes.allKeys.lookupDurationAvgMs,1772809956931000000,1772810016928000000,0.0
Indexing.totalTimeIndexersSleptMs,1772809956931000000,1772810016928000000,0
Indexing.writesQueuedMax,1772809956931000000,1772810016928000000,0
cacheStateStorage.get.counter,1772809956931000000,1772810016928000000,0
cacheStateStorage.set.duration,1772809956931000000,1772810016928000000,0
cacheStateStorage.set.counter,1772809956931000000,1772810016928000000,0
cacheStateStorage.get.duration,1772809956931000000,1772810016928000000,0
NonBlockingReadAction.finalizedExecutionsCount,1772809956931000000,1772810016928000000,0
FlushQueue.tasksExecuted,1772809956931000000,1772810016928000000,383
FlushQueue.executionTimeAvgNs,1772809956931000000,1772810016928000000,244886.46475195824
AWTEventQueue.eventsDispatched,1772809956931000000,1772810016928000000,523
NonBlockingReadAction.failedExecutionTimeUs,1772809956931000000,1772810016928000000,0
AWTEventQueue.dispatchTimeMaxNs,1772809956931000000,1772810016928000000,4259839
FlushQueue.queueSize90P,1772809956931000000,1772810016928000000,2
FlushQueue.waitingTimeMaxNs,1772809956931000000,1772810016928000000,3244031
FlushQueue.waitingTimeAvgNs,1772809956931000000,1772810016928000000,330480.43864229764
AWTEventQueue.dispatchTimeTotalNS,1772809956931000000,1772810016928000000,146347533
NonBlockingReadAction.failedExecutionsCount,1772809956931000000,1772810016928000000,0
FlushQueue.executionTime90PNs,1772809956931000000,1772810016928000000,487423
NonBlockingReadAction.finalizedExecutionTimeUs,1772809956931000000,1772810016928000000,0
WriteAction.executionsCount,1772809956931000000,1772810016928000000,0
FlushQueue.executionTimeMaxNs,1772809956931000000,1772810016928000000,4046847
FlushQueue.queueSizeAvg,1772809956931000000,1772810016928000000,0.4751958224543081
ReadAction.executionsCount,1772809956931000000,1772810016928000000,3
FlushQueue.queueSizeMax,1772809956931000000,1772810016928000000,5
AWTEventQueue.dispatchTime90PNs,1772809956931000000,1772810016928000000,663551
AWTEventQueue.dispatchTimeAvgNs,1772809956931000000,1772810016928000000,279858.4933078394
FlushQueue.waitingTime90PNs,1772809956931000000,1772810016928000000,511999
lexer.Shell.Script.time.ns,1772810016928000000,1772810074559000000,2268417
parser.CSS.size.bytes,1772810016928000000,1772810074559000000,404723
parser.JAVA.size.bytes,1772810016928000000,1772810074559000000,235404
DiskQueryRelay.tasksRequested,1772810016928000000,1772810074559000000,12727
parser.HTML.time.ns,1772810016928000000,1772810074559000000,161231497
lexer.CSS.size.bytes,1772810016928000000,1772810074559000000,404723
parser.ECMAScript.6.time.ns,1772810016928000000,1772810074559000000,24558462
LowMemory.gcLoad,1772810016928000000,1772810074559000000,0.0
lexer.Groovy.time.ns,1772810016928000000,1772810074559000000,12477081
parser.Groovy.time.ns,1772810016928000000,1772810074559000000,83692995
lexer.HTML.time.ns,1772810016928000000,1772810074559000000,204918671
lexer.textmate.size.bytes,1772810016928000000,1772810074559000000,5301912
parser.RegExp.size.bytes,1772810016928000000,1772810074559000000,163
DiskQueryRelay.tasksExecuted,1772810016928000000,1772810074559000000,12490
parser.Shell.Script.time.ns,1772810016928000000,1772810074559000000,67138251
lexer.JQuery-CSS.time.ns,1772810016928000000,1772810074559000000,377655
writeAction.wait.ms,1772810016928000000,1772810074559000000,4
lexer.Properties.size.bytes,1772810016928000000,1772810074559000000,14503
lexer.CSS.time.ns,1772810016928000000,1772810074559000000,15191932
parser.SVG.time.ns,1772810016928000000,1772810074559000000,632874
parser.yaml.time.ns,1772810016928000000,1772810074559000000,4821336
writeAction.max.wait.ms,1772810016928000000,1772810074559000000,81
lexer.Lombok.Config.time.ns,1772810016928000000,1772810074559000000,41459
lexer.ECMAScript.6.size.bytes,1772810016928000000,1772810074559000000,7342
parser.XML.time.ns,1772810016928000000,1772810074559000000,699874209
parser.JAVA.time.ns,1772810016928000000,1772810074559000000,270135529
lexer.JAVA.size.bytes,1772810016928000000,1772810074559000000,229975
parser.RegExp.time.ns,1772810016928000000,1772810074559000000,4518334
parser.JQuery-CSS.size.bytes,1772810016928000000,1772810074559000000,4620
parser.Properties.size.bytes,1772810016928000000,1772810074559000000,14503
parser.JQuery-CSS.time.ns,1772810016928000000,1772810074559000000,3675165
DiskQueryRelay.taskExecutionTotalTimeUs,1772810016928000000,1772810074559000000,1741819
lexer.Properties.time.ns,1772810016928000000,1772810074559000000,205335
lexer.RegExp.size.bytes,1772810016928000000,1772810074559000000,163
lexer.ECMAScript.6.time.ns,1772810016928000000,1772810074559000000,124001
parser.textmate.time.ns,1772810016928000000,1772810074559000000,1151577
lexer.XML.time.ns,1772810016928000000,1772810074559000000,233918914
lexer.HTML.size.bytes,1772810016928000000,1772810074559000000,4403350
parser.CSS.time.ns,1772810016928000000,1772810074559000000,55798715
lexer.yaml.size.bytes,1772810016928000000,1772810074559000000,27256
lexer.IgnoreLang.time.ns,1772810016928000000,1772810074559000000,734125
parser.Properties.time.ns,1772810016928000000,1772810074559000000,1121541
lexer.yaml.time.ns,1772810016928000000,1772810074559000000,2741669
parser.JSON.size.bytes,1772810016928000000,1772810074559000000,35814107
lexer.JAVA.time.ns,1772810016928000000,1772810074559000000,26119675
lexer.JSON.time.ns,1772810016928000000,1772810074559000000,421466884
lexer.SVG.time.ns,1772810016928000000,1772810074559000000,528500
writeAction.median.wait.ms,1772810016928000000,1772810074559000000,100
lexer.textmate.time.ns,1772810016928000000,1772810074559000000,393164
writeAction.count,1772810016928000000,1772810074559000000,15
parser.SVG.size.bytes,1772810016928000000,1772810074559000000,17961
lexer.RegExp.time.ns,1772810016928000000,1772810074559000000,387708
parser.HTML.size.bytes,1772810016928000000,1772810074559000000,4403350
parser.yaml.size.bytes,1772810016928000000,1772810074559000000,27256
lexer.XML.size.bytes,1772810016928000000,1772810074559000000,11789254
lexer.SVG.size.bytes,1772810016928000000,1772810074559000000,17961
parser.Lombok.Config.time.ns,1772810016928000000,1772810074559000000,84584
LowMemory.gcOverloaded,1772810016928000000,1772810074559000000,0
parser.IgnoreLang.time.ns,1772810016928000000,1772810074559000000,2755333
lexer.IgnoreLang.size.bytes,1772810016928000000,1772810074559000000,444
lexer.Groovy.size.bytes,1772810016928000000,1772810074559000000,12867
lexer.JSON.size.bytes,1772810016928000000,1772810074559000000,36217139
parser.Shell.Script.size.bytes,1772810016928000000,1772810074559000000,24940
parser.JSON.time.ns,1772810016928000000,1772810074559000000,2455983581
parser.XML.size.bytes,1772810016928000000,1772810074559000000,11789254
lexer.Shell.Script.size.bytes,1772810016928000000,1772810074559000000,24940
parser.textmate.size.bytes,1772810016928000000,1772810074559000000,5301912
parser.Lombok.Config.size.bytes,1772810016928000000,1772810074559000000,137
parser.IgnoreLang.size.bytes,1772810016928000000,1772810074559000000,444
parser.ECMAScript.6.size.bytes,1772810016928000000,1772810074559000000,395648
parser.Groovy.size.bytes,1772810016928000000,1772810074559000000,12867
DiskQueryRelay.taskWaitingTotalTimeUs,1772810016928000000,1772810074559000000,3282951
lexer.JQuery-CSS.size.bytes,1772810016928000000,1772810074559000000,4620
lexer.Lombok.Config.size.bytes,1772810016928000000,1772810074559000000,137
workspaceModel.pre.handlers.ms,1772810016928000000,1772810074559000000,0
workspaceModel.on.changed.ms,1772810016928000000,1772810074559000000,0
workspaceModel.loading.total.ms,1772810016928000000,1772810074559000000,2
workspaceModel.cachedValueWithParameters.clear.count,1772810016928000000,1772810074559000000,0
workspaceModel.updates.precise.ms,1772810016928000000,1772810074559000000,0
workspaceModel.replace.project.model.ms,1772810016928000000,1772810074559000000,0
workspaceModel.entityStorageSnapshotImpl.instances.count,1772810016928000000,1772810074559000000,1
workspaceModel.cachedValue.from.cache.count,1772810016928000000,1772810074559000000,17879
workspaceModel.check.recursive.update.ms,1772810016928000000,1772810074559000000,0
workspaceModel.updates.count,1772810016928000000,1772810074559000000,0
workspaceModel.workspaceFileIndexData.getDirectoriesByPackageName.ms,1772810016928000000,1772810074559000000,13
workspaceModel.cachedValueWithParameters.calculated.count,1772810016928000000,1772810074559000000,1
workspaceModel.update.unloaded.entities.ms,1772810016928000000,1772810074559000000,0
workspaceModel.updates.ms,1772810016928000000,1772810074559000000,0
workspaceModel.collect.changes.ms,1772810016928000000,1772810074559000000,0
workspaceModel.workspaceFileIndexData.instances.count,1772810016928000000,1772810074559000000,0
workspaceModel.to.snapshot.ms,1772810016928000000,1772810074559000000,0
workspaceModel.workspaceFileIndexData.onEntitiesChanged.ms,1772810016928000000,1772810074559000000,0
workspaceModel.workspaceFileIndexData.markDirty.ms,1772810016928000000,1772810074559000000,0
workspaceModel.workspaceFileIndexContributor.registerFileSets.ms,1772810016928000000,1772810074559000000,0
workspaceModel.initializing.ms,1772810016928000000,1772810074559000000,0
workspaceModel.cachedValue.total.get.count,1772810016928000000,1772810074559000000,17883
workspaceModel.workspaceFileIndexData.init.ms,1772810016928000000,1772810074559000000,0
workspaceModel.cachedValueWithParameters.from.cache.count,1772810016928000000,1772810074559000000,500
workspaceModel.workspaceFileIndexData.processFileSets.ms,1772810016928000000,1772810074559000000,0
workspaceModel.workspaceFileIndexData.updateDirtyEntities.ms,1772810016928000000,1772810074559000000,0
workspaceModel.workspaceFileIndexData.getFileInfo.ms,1772810016928000000,1772810074559000000,1747
workspaceModel.on.before.changed.ms,1772810016928000000,1772810074559000000,0
workspaceModel.workspaceFileIndexData.getPackageName.ms,1772810016928000000,1772810074559000000,7
workspaceModel.workspaceFileIndexData.visitFileSets.ms,1772810016928000000,1772810074559000000,3
workspaceModel.cachedValue.calculated.count,1772810016928000000,1772810074559000000,4
workspaceModel.loading.from.cache.ms,1772810016928000000,1772810074559000000,0
workspaceModel.cachedValueWithParameters.total.get.count,1772810016928000000,1772810074559000000,501
workspaceModel.full.replace.project.model.ms,1772810016928000000,1772810074559000000,0
workspaceModel.init.bridges.ms,1772810016928000000,1772810074559000000,0
workspaceModel.cachedValue.clear.count,1772810016928000000,1772810074559000000,0
workspaceModel.moduleManagerBridge.get.modules.ms,1772810016928000000,1772810074559000000,0
jps.library.entities.serializer.save.entities.ms,1772810016928000000,1772810074559000000,4
workspaceModel.mutableEntityStorage.changeLog.addReplaceEventForRemovedChild.ms,1772810016928000000,1772810074559000000,0
workspaceModel.mutableEntityStorage.collect.changes.ms,1772810016928000000,1772810074559000000,0
workspaceModel.mutableEntityStorage.replace.by.source.ms,1772810016928000000,1772810074559000000,0
jps.global.initialize.library.bridges.ms,1772810016928000000,1772810074559000000,0
jps.facet.change.listener.init.bridge.ms,1772810016928000000,1772810074559000000,0
workspaceModel.moduleManagerBridge.create.module.instance.ms,1772810016928000000,1772810074559000000,0
jps.global.handle.before.change.events.ms,1772810016928000000,1772810074559000000,0
workspaceModel.mutableEntityStorage.mutable.vfurl.index.ms,1772810016928000000,1772810074559000000,0
workspaceModel.moduleManagerBridge.build.module.graph.ms,1772810016928000000,1772810074559000000,0
workspaceModel.mutableEntityStorage.mutable.ext.mapping.ms,1772810016928000000,1772810074559000000,0
workspaceModel.mutableEntityStorage.modify.entity.ms,1772810016928000000,1772810074559000000,0
jps.modifiable.module.model.bridge.load.module.ms,1772810016928000000,1772810074559000000,0
jps.app.storage.content.reader.load.component.ms,1772810016928000000,1772810074559000000,0
workspaceModel.global.updates.count,1772810016928000000,1772810074559000000,0
jps.load.initial.state.ms,1772810016928000000,1772810074559000000,0
workspaceModel.moduleBridgeLoader.loading.modules.ms,1772810016928000000,1772810074559000000,0
workspaceModel.mutableEntityStorage.instances.count,1772810016928000000,1772810074559000000,1
workspaceModel.delayed.project.synchronizer.sync.ms,1772810016928000000,1772810074559000000,0
workspaceModel.mutableEntityStorage.changeLog.addReplaceEventForRemovedParent.ms,1772810016928000000,1772810074559000000,0
jps.library.entities.serializer.load.entities.ms,1772810016928000000,1772810074559000000,0
jps.module.iml.entities.serializer.load.entities.ms,1772810016928000000,1772810074559000000,0
workspaceModel.global.updates.ms,1772810016928000000,1772810074559000000,0
jps.storage.jps.conf.reader.load.component.ms,1772810016928000000,1772810074559000000,0
jps.load.project.to.empty.storage.ms,1772810016928000000,1772810074559000000,0
workspaceModel.mutableEntityStorage.put.entity.ms,1772810016928000000,1772810074559000000,0
workspaceModel.mutableEntityStorage.entities.ms,1772810016928000000,1772810074559000000,0
workspaceModel.moduleManagerBridge.set.unloadedModules.ms,1772810016928000000,1772810074559000000,0
workspaceModel.mutableEntityStorage.has.same.entities.ms,1772810016928000000,1772810074559000000,0
workspaceModel.moduleBridge.before.changed.ms,1772810016928000000,1772810074559000000,0
jps.artifact.entities.serializer.load.entities.ms,1772810016928000000,1772810074559000000,0
workspaceModel.moduleManagerBridge.load.module.ms,1772810016928000000,1772810074559000000,0
workspaceModel.save.cache.to.file.ms,1772810016928000000,1772810074559000000,0
workspaceModel.load.cache.from.file.ms,1772810016928000000,1772810074559000000,0
workspaceModel.moduleBridge.facet.initialization.ms,1772810016928000000,1772810074559000000,0
workspaceModel.mutableEntityStorage.entities.by.source.ms,1772810016928000000,1772810074559000000,0
jps.modifiable.module.model.bridge.disposing.ms,1772810016928000000,1772810074559000000,0
workspaceModel.mutableEntityStorage.referrers.ms,1772810016928000000,1772810074559000000,0
jps.project.serializers.load.ms,1772810016928000000,1772810074559000000,0
jps.global.get.library.by.name.ms,1772810016928000000,1772810074559000000,0
jps.save.global.entities.ms,1772810016928000000,1772810074559000000,71
jps.global.initialize.library.bridges.after.loading.ms,1772810016928000000,1772810074559000000,0
workspaceModel.mutableEntityStorage.remove.entity.ms,1772810016928000000,1772810074559000000,0
workspaceModel.mutableEntityStorage.hasReferrers.ms,1772810016928000000,1772810074559000000,0
workspaceModel.global.apply.state.to.project.builder.ms,1772810016928000000,1772810074559000000,0
jps.facet.change.listener.process.change.events.ms,1772810016928000000,1772810074559000000,0
workspaceModel.mutableEntityStorage.resolve.ms,1772810016928000000,1772810074559000000,0
jps.project.serializers.save.ms,1772810016928000000,1772810074559000000,25
workspaceModel.sync.entities.ms,1772810016928000000,1772810074559000000,0
jps.global.get.library.ms,1772810016928000000,1772810074559000000,0
workspaceModel.do.save.caches.ms,1772810016928000000,1772810074559000000,0
jps.save.changed.project.entities.ms,1772810016928000000,1772810074559000000,26
jps.app.storage.content.writer.save.component.ms,1772810016928000000,1772810074559000000,10
workspaceModel.load.cache.metadata.from.file.ms,1772810016928000000,1772810074559000000,0
jps.modifiable.module.model.bridge.renaming.ms,1772810016928000000,1772810074559000000,0
jps.apply.loaded.storage.ms,1772810016928000000,1772810074559000000,0
workspaceModel.mutableEntityStorage.to.snapshot.ms,1772810016928000000,1772810074559000000,1
workspaceModel.moduleManagerBridge.load.all.modules.ms,1772810016928000000,1772810074559000000,0
jps.modifiable.module.model.bridge.new.module.ms,1772810016928000000,1772810074559000000,0
workspaceModel.global.apply.state.to.project.ms,1772810016928000000,1772810074559000000,0
jps.reload.project.entities.ms,1772810016928000000,1772810074559000000,0
workspaceModel.mutableEntityStorage.changeLog.addReplaceEventForNewChild.ms,1772810016928000000,1772810074559000000,0
jps.global.handle.changed.events.ms,1772810016928000000,1772810074559000000,0
jps.module.iml.entities.serializer.save.entities.ms,1772810016928000000,1772810074559000000,15
workspaceModel.mutableEntityStorage.changeLog.addReplaceEventForNewParent.ms,1772810016928000000,1772810074559000000,0
jps.module.dependency.index.workspace.model.listener.on.changed.ms,1772810016928000000,1772810074559000000,0
workspaceModel.mutableEntityStorage.add.entity.ms,1772810016928000000,1772810074559000000,0
workspaceModel.orphan.listener.update.ms,1772810016928000000,1772810074559000000,0
jps.artifact.entities.serializer.save.entities.ms,1772810016928000000,1772810074559000000,0
workspaceModel.moduleManagerBridge.newModule.ms,1772810016928000000,1772810074559000000,0
workspaceModel.moduleBridge.update.option.ms,1772810016928000000,1772810074559000000,0
jps.facet.change.listener.before.change.events.ms,1772810016928000000,1772810074559000000,0
workspaceModel.moduleManagerBridge.new.nonPersistent.module.ms,1772810016928000000,1772810074559000000,0
workspaceModel.mutableEntityStorage.apply.changes.from.ms,1772810016928000000,1772810074559000000,0
jps.global.get.libraries.ms,1772810016928000000,1772810074559000000,3
compiler.ArtifactManagerBridge.findArtifact.ms,1772810016928000000,1772810074559000000,0
compiler.ArtifactVirtualFileListener.propertyChanged.ms,1772810016928000000,1772810074559000000,0
compiler.ArtifactManagerBridge.commit.ms,1772810016928000000,1772810074559000000,0
compiler.ArtifactManagerBridge.addArtifact.ms,1772810016928000000,1772810074559000000,0
compiler.ArtifactModifiableModelBridge.commit.ms,1772810016928000000,1772810074559000000,4
compiler.ArtifactModifiableModelBridge.getArtifacts.ms,1772810016928000000,1772810074559000000,0
compiler.ArtifactVirtualFileListener.filePathChanged.ms,1772810016928000000,1772810074559000000,0
compiler.ArtifactManagerBridge.initBridges.ms,1772810016928000000,1772810074559000000,0
compiler.ArtifactModifiableModelBridge.dispose.ms,1772810016928000000,1772810074559000000,0
compiler.ArtifactModifiableModelBridge.getArtifactsByType.ms,1772810016928000000,1772810074559000000,0
compiler.ArtifactManagerBridge.getArtifactsByType.ms,1772810016928000000,1772810074559000000,0
compiler.ArtifactModifiableModelBridge.findArtifacts.ms,1772810016928000000,1772810074559000000,0
compiler.ArtifactManagerBridge.dropMappings.ms,1772810016928000000,1772810074559000000,0
compiler.ArtifactManagerBridge.getArtifacts.ms,1772810016928000000,1772810074559000000,0
compiler.ArtifactModifiableModelBridge.addArtifact.ms,1772810016928000000,1772810074559000000,0
StorageLockContext.competingThreads.max,1772810016928000000,1772810074559000000,4
FilePageCache.maxRegisteredFiles,1772810016928000000,1772810074559000000,1827
FilePageCache.capacityInBytes,1772810016928000000,1772810074559000000,629145600
DirectByteBufferAllocator.misses,1772810016928000000,1772810074559000000,0
FilePageCache.totalPageLoadsUs,1772810016928000000,1772810074559000000,87836
FilePageCache.pageFastCacheHits,1772810016928000000,1772810074559000000,67597
FilePageCache.pageLoads,1772810016928000000,1772810074559000000,0
FilePageCache.maxCacheSizeInBytes,1772810016928000000,1772810074559000000,629145600
StorageLockContext.competingThreads.avg,1772810016928000000,1772810074559000000,0.034782608695652174
DirectByteBufferAllocator.disposed,1772810016928000000,1772810074559000000,561
StorageLockContext.competingThreads.90P,1772810016928000000,1772810074559000000,0
FilePageCache.totalPageDisposalsUs,1772810016928000000,1772810074559000000,66
FilePageCache.pageHits,1772810016928000000,1772810074559000000,2408
FileChannelInterruptsRetryer.totalRetriedAttempts,1772810016928000000,1772810074559000000,0
DirectByteBufferAllocator.reclaimed,1772810016928000000,1772810074559000000,72
FilePageCache.disposedBuffers,1772810016928000000,1772810074559000000,633
DirectByteBufferAllocator.totalSizeOfBuffersAllocatedInBytes,1772810016928000000,1772810074559000000,41943040
DirectByteBufferAllocator.hits,1772810016928000000,1772810074559000000,33
FilePageCache.uncachedFileAccess,1772810016928000000,1772810074559000000,50
DirectByteBufferAllocator.totalSizeOfBuffersCachedInBytes,1772810016928000000,1772810074559000000,41943040
FilePageCache.pageLoadsAboveSizeThreshold,1772810016928000000,1772810074559000000,33
JVM.totalBytesAllocated,1772810016928000000,1772810074559000000,36230975712
JVM.maxThreadCount,1772810016928000000,1772810074559000000,256
JVM.usedNativeBytes,1772810016928000000,1772810074559000000,614853872
JVM.totalTimeToSafepointsMs,1772810016928000000,1772810074559000000,209
JVM.GC.collectionTimesMs,1772810016928000000,1772810074559000000,926
MEM.ramBytes,1772810016928000000,1772810074559000000,5899206656
JVM.threadCount,1772810016928000000,1772810074559000000,103
JVM.usedHeapBytes,1772810016928000000,1772810074559000000,2946981144
JVM.totalSafepointCount,1772810016928000000,1772810074559000000,358
JVM.newThreadsCount,1772810016928000000,1772810074559000000,87
JVM.maxHeapBytes,1772810016928000000,1772810074559000000,28840034304
JVM.totalTimeAtSafepointsMs,1772810016928000000,1772810074559000000,1011
JVM.GC.collections,1772810016928000000,1772810074559000000,41
OS.loadAverage,1772810016928000000,1772810074559000000,4.08544921875
MEM.fileMappingsRamBytes,1772810016928000000,1772810074559000000,905437184
MEM.ramMinusFileMappingsBytes,1772810016928000000,1772810074559000000,4993769472
JVM.totalCpuTimeMs,1772810016928000000,1772810074559000000,162260
JVM.committedHeapBytes,1772810016928000000,1772810074559000000,3288334336
JVM.totalDirectByteBuffersBytes,1772810016928000000,1772810074559000000,56908021
MEM.ramPlusSwapMinusFileMappingsBytes,1772810016928000000,1772810074559000000,4993769472
Indexing.cache.totalCacheMisses,1772810016928000000,1772810074559000000,90711
Indexes.allKeys.lookupDurationMaxMs,1772810016928000000,1772810074559000000,1.0
Indexing.writer_1.totalTimeSpentWritingMs,1772810016928000000,1772810074559000000,16
Indexes.entries.lookupDuration90PMs,1772810016928000000,1772810074559000000,0.0
Indexes.entries.lookups,1772810016928000000,1772810074559000000,7703
Indexing.writer_3.totalTimeSpentWritingMs,1772810016928000000,1772810074559000000,2
Indexes.stubs.lookupDuration90PMs,1772810016928000000,1772810074559000000,0.0
Indexing.writesQueuedAvg,1772810016928000000,1772810074559000000,0.0
Indexes.entries.lookupDurationMaxMs,1772810016928000000,1772810074559000000,7.0
Indexing.writer_2.totalTimeSpentWritingMs,1772810016928000000,1772810074559000000,1
Indexes.stubs.lookupDurationAvgMs,1772810016928000000,1772810074559000000,0.01521058997628202
Indexing.cache.totalCacheAccesses,1772810016928000000,1772810074559000000,369459
Indexing.writer_0.totalTimeSpentWritingMs,1772810016928000000,1772810074559000000,16
Indexing.writesQueuedMin,1772810016928000000,1772810074559000000,0
Indexes.stubs.lookupDurationMaxMs,1772810016928000000,1772810074559000000,30.0
Indexing.cache.totalCacheEvicted,1772810016928000000,1772810074559000000,91844
Indexes.allKeys.lookupDuration90PMs,1772810016928000000,1772810074559000000,1.0
Indexes.entries.lookupDurationAvgMs,1772810016928000000,1772810074559000000,0.04685877466251298
Indexes.allKeys.lookups,1772810016928000000,1772810074559000000,2
Indexes.stubs.lookups,1772810016928000000,1772810074559000000,138297
Indexes.allKeys.lookupDurationAvgMs,1772810016928000000,1772810074559000000,0.5
Indexing.totalTimeIndexersSleptMs,1772810016928000000,1772810074559000000,0
Indexing.writesQueuedMax,1772810016928000000,1772810074559000000,0
cacheStateStorage.get.counter,1772810016928000000,1772810074559000000,0
cacheStateStorage.set.duration,1772810016928000000,1772810074559000000,16
cacheStateStorage.set.counter,1772810016928000000,1772810074559000000,131
cacheStateStorage.get.duration,1772810016928000000,1772810074559000000,0
NonBlockingReadAction.finalizedExecutionsCount,1772810016928000000,1772810074559000000,291
NonBlockingReadAction.failedExecutionTimeUs,1772810016928000000,1772810074559000000,0
AWTEventQueue.dispatchTimeTotalNS,1772810016928000000,1772810074559000000,709147100
NonBlockingReadAction.failedExecutionsCount,1772810016928000000,1772810074559000000,0
NonBlockingReadAction.finalizedExecutionTimeUs,1772810016928000000,1772810074559000000,196379
