# OpenTelemetry Metrics report: .csv, 4 fields: 
# <metric name>, <period start, nanoseconds>, <period end, nanoseconds>, <metric value>
# See CsvMetricsExporter for details.
# 
# NAME, PERIOD_START_NANOS, PERIOD_END_NANOS, VALUE
Indexing.writer_2.totalTimeSpentWritingMs,1772023520243000000,1772023580271000000,2217
Indexes.allKeys.lookupDurationAvgMs,1772023520243000000,1772023580271000000,0.0
Indexes.entries.lookupDurationAvgMs,1772023520243000000,1772023580271000000,0.0
Indexing.cache.totalCacheAccesses,1772023520243000000,1772023580271000000,3433278
Indexes.allKeys.lookups,1772023520243000000,1772023580271000000,2
Indexing.cache.totalCacheMisses,1772023520243000000,1772023580271000000,989006
Indexes.entries.lookupDuration90PMs,1772023520243000000,1772023580271000000,0.0
Indexes.stubs.lookupDurationAvgMs,1772023520243000000,1772023580271000000,0.0
Indexes.stubs.lookups,1772023520243000000,1772023580271000000,2569
Indexing.writesQueuedMin,1772023520243000000,1772023580271000000,9223372036854775807
Indexing.cache.totalCacheEvicted,1772023520243000000,1772023580271000000,987872
Indexes.allKeys.lookupDuration90PMs,1772023520243000000,1772023580271000000,0.0
Indexing.totalTimeIndexersSleptMs,1772023520243000000,1772023580271000000,8818
Indexing.writer_0.totalTimeSpentWritingMs,1772023520243000000,1772023580271000000,1193
Indexes.stubs.lookupDurationMaxMs,1772023520243000000,1772023580271000000,0.0
Indexes.entries.lookupDurationMaxMs,1772023520243000000,1772023580271000000,0.0
Indexing.writer_1.totalTimeSpentWritingMs,1772023520243000000,1772023580271000000,1179
Indexes.allKeys.lookupDurationMaxMs,1772023520243000000,1772023580271000000,0.0
Indexing.writer_3.totalTimeSpentWritingMs,1772023520243000000,1772023580271000000,3452
Indexes.entries.lookups,1772023520243000000,1772023580271000000,20
Indexes.stubs.lookupDuration90PMs,1772023520243000000,1772023580271000000,0.0
Indexing.writesQueuedMax,1772023520243000000,1772023580271000000,0
JVM.totalTimeToSafepointsMs,1772023520243000000,1772023580271000000,258
OS.loadAverage,1772023520243000000,1772023580271000000,3.51171875
JVM.maxThreadCount,1772023520243000000,1772023580271000000,194
JVM.usedHeapBytes,1772023520243000000,1772023580271000000,1150432528
JVM.totalDirectByteBuffersBytes,1772023520243000000,1772023580271000000,658330810
JVM.totalTimeAtSafepointsMs,1772023520243000000,1772023580271000000,564
JVM.GC.collections,1772023520243000000,1772023580271000000,60
JVM.usedNativeBytes,1772023520243000000,1772023580271000000,465526312
JVM.totalBytesAllocated,1772023520243000000,1772023580271000000,12245651888
JVM.maxHeapBytes,1772023520243000000,1772023580271000000,28840034304
JVM.GC.collectionTimesMs,1772023520243000000,1772023580271000000,419
MEM.ramPlusSwapMinusFileMappingsBytes,1772023520243000000,1772023580271000000,2789285888
MEM.fileMappingsRamBytes,1772023520243000000,1772023580271000000,690229248
JVM.threadCount,1772023520243000000,1772023580271000000,142
JVM.totalSafepointCount,1772023520243000000,1772023580271000000,436
JVM.totalCpuTimeMs,1772023520243000000,1772023580271000000,99310
MEM.ramBytes,1772023520243000000,1772023580271000000,3479515136
MEM.ramMinusFileMappingsBytes,1772023520243000000,1772023580271000000,2789285888
JVM.newThreadsCount,1772023520243000000,1772023580271000000,381
JVM.committedHeapBytes,1772023520243000000,1772023580271000000,1409286144
FilePageCache.pageLoads,1772023520243000000,1772023580271000000,602
StreamlinedBlobStorage.totalLiveRecordsCapacityBytes,1772023520243000000,1772023580271000000,5700805
StorageLockContext.competingThreads.90P,1772023520243000000,1772023580271000000,0
FilePageCache.uncachedFileAccess,1772023520243000000,1772023580271000000,2003
DirectByteBufferAllocator.misses,1772023520243000000,1772023580271000000,601
DirectByteBufferAllocator.totalSizeOfBuffersCachedInBytes,1772023520243000000,1772023580271000000,1048576
MappedFileStorage.totalPagesMapped,1772023520243000000,1772023580271000000,16
MappedFileStorage.totalBytesMapped,1772023520243000000,1772023580271000000,202637312
FilePageCache.maxCacheSizeInBytes,1772023520243000000,1772023580271000000,629145600
FilePageCache.maxRegisteredFiles,1772023520243000000,1772023580271000000,1824
FilePageCache.disposedBuffers,1772023520243000000,1772023580271000000,516
StreamlinedBlobStorage.recordsRelocated,1772023520243000000,1772023580271000000,0
DirectByteBufferAllocator.totalSizeOfBuffersAllocatedInBytes,1772023520243000000,1772023580271000000,630194176
FilePageCache.capacityInBytes,1772023520243000000,1772023580271000000,629145600
FilePageCache.totalPageLoadsUs,1772023520243000000,1772023580271000000,215032
FilePageCache.pageFastCacheHits,1772023520243000000,1772023580271000000,3351384
StreamlinedBlobStorage.recordsDeleted,1772023520243000000,1772023580271000000,8
StorageLockContext.competingThreads.max,1772023520243000000,1772023580271000000,0
FilePageCache.totalPageDisposalsUs,1772023520243000000,1772023580271000000,430
FileChannelInterruptsRetryer.totalRetriedAttempts,1772023520243000000,1772023580271000000,0
DirectByteBufferAllocator.disposed,1772023520243000000,1772023580271000000,0
FilePageCache.pageLoadsAboveSizeThreshold,1772023520243000000,1772023580271000000,514
FilePageCache.pageHits,1772023520243000000,1772023580271000000,3
StreamlinedBlobStorage.recordsAllocated,1772023520243000000,1772023580271000000,69101
StreamlinedBlobStorage.totalLiveRecordsPayloadBytes,1772023520243000000,1772023580271000000,2795957
MappedFileStorage.totalTimeSpentOnMappingUs,1772023520243000000,1772023580271000000,120587
MappedFileStorage.storages,1772023520243000000,1772023580271000000,16
DirectByteBufferAllocator.reclaimed,1772023520243000000,1772023580271000000,516
DirectByteBufferAllocator.hits,1772023520243000000,1772023580271000000,515
StorageLockContext.competingThreads.avg,1772023520243000000,1772023580271000000,0.0
VFS.contentStorage.recordsReadSize,1772023520243000000,1772023580271000000,1004104
VFS.fileByIdCache.hits,1772023520243000000,1772023580271000000,1
VFS.contentStorage.recordsUncompressedSize,1772023520243000000,1772023580271000000,574292
VFS.contentStorage.recordsStoredCompressed,1772023520243000000,1772023580271000000,8
VFS.cache.directoriesCreated,1772023520243000000,1772023580271000000,4687
VFS.contentStorage.recordsStored,1772023520243000000,1772023580271000000,48
FileNameCache.totalMisses,1772023520243000000,1772023580271000000,27136
VFS.contentStorage.recordsStoredSize,1772023520243000000,1772023580271000000,288454
VFS.cache.filesCreated,1772023520243000000,1772023580271000000,150129
VFS.contentStorage.recordsRead,1772023520243000000,1772023580271000000,35
FileNameCache.queries,1772023520243000000,1772023580271000000,6086720
VFS.contentStorage.recordsReadDecompressed,1772023520243000000,1772023580271000000,13
VFS.folderCaseSensitivityReads,1772023520243000000,1772023580271000000,422
VFS.fileChildByName,1772023520243000000,1772023580271000000,21744
VFS.cache.segmentsCreated,1772023520243000000,1772023580271000000,169
VFS.invertedFileNameIndex.requests,1772023520243000000,1772023580271000000,12
VFS.contentStorage.recordsDecompressionTimeUs,1772023520243000000,1772023580271000000,15475
VFS.cache.segments,1772023520243000000,1772023580271000000,169.0
VFS.rootsCount,1772023520243000000,1772023580271000000,210.0
VFS.fileByIdCache.misses,1772023520243000000,1772023580271000000,57
VFS.contentStorage.recordsDeduplicated,1772023520243000000,1772023580271000000,20
lexer.XML.size.bytes,1772023520243000000,1772023580271000000,39199
lexer.SCSS.size.bytes,1772023520243000000,1772023580271000000,21698
lexer.Flow.JS.size.bytes,1772023520243000000,1772023580271000000,140172
writeAction.max.wait.ms,1772023520243000000,1772023580271000000,107
parser.Groovy.size.bytes,1772023520243000000,1772023580271000000,12777
LowMemory.gcOverloaded,1772023520243000000,1772023580271000000,0
lexer.SCSS.time.ns,1772023520243000000,1772023580271000000,4979334
lexer.HTML.size.bytes,1772023520243000000,1772023580271000000,5306804
parser.Lombok.Config.size.bytes,1772023520243000000,1772023580271000000,137
lexer.JAVA.time.ns,1772023520243000000,1772023580271000000,84426370
parser.ECMAScript.6.size.bytes,1772023520243000000,1772023580271000000,23415668
writeAction.median.wait.ms,1772023520243000000,1772023580271000000,200
parser.HTML.time.ns,1772023520243000000,1772023580271000000,460817667
parser.JSON.time.ns,1772023520243000000,1772023580271000000,15076125
parser.Flow.JS.time.ns,1772023520243000000,1772023580271000000,405815624
LowMemory.gcLoad,1772023520243000000,1772023580271000000,0.0
lexer.Groovy.size.bytes,1772023520243000000,1772023580271000000,12777
parser.Lombok.Config.time.ns,1772023520243000000,1772023580271000000,153125
parser.Groovy.time.ns,1772023520243000000,1772023580271000000,90380040
parser.CSS.time.ns,1772023520243000000,1772023580271000000,915399270
lexer.JSON.time.ns,1772023520243000000,1772023580271000000,1769500
lexer.Lombok.Config.size.bytes,1772023520243000000,1772023580271000000,137
DiskQueryRelay.taskExecutionTotalTimeUs,1772023520243000000,1772023580271000000,7831889
writeAction.wait.ms,1772023520243000000,1772023580271000000,272
parser.JAVA.time.ns,1772023520243000000,1772023580271000000,293206395
DiskQueryRelay.tasksExecuted,1772023520243000000,1772023580271000000,57682
parser.XML.time.ns,1772023520243000000,1772023580271000000,8073666
writeAction.count,1772023520243000000,1772023580271000000,74
lexer.JAVA.size.bytes,1772023520243000000,1772023580271000000,431622
lexer.XML.time.ns,1772023520243000000,1772023580271000000,1559375
lexer.CSS.time.ns,1772023520243000000,1772023580271000000,425966870
parser.SCSS.size.bytes,1772023520243000000,1772023580271000000,21698
DiskQueryRelay.taskWaitingTotalTimeUs,1772023520243000000,1772023580271000000,10563881
parser.HTML.size.bytes,1772023520243000000,1772023580271000000,5306804
parser.XML.size.bytes,1772023520243000000,1772023580271000000,39199
parser.ECMAScript.6.time.ns,1772023520243000000,1772023580271000000,1069629521
parser.JAVA.size.bytes,1772023520243000000,1772023580271000000,648908
lexer.Lombok.Config.time.ns,1772023520243000000,1772023580271000000,66208
lexer.ECMAScript.6.time.ns,1772023520243000000,1772023580271000000,364408000
parser.JSON.size.bytes,1772023520243000000,1772023580271000000,503
lexer.JSON.size.bytes,1772023520243000000,1772023580271000000,503
DiskQueryRelay.tasksRequested,1772023520243000000,1772023580271000000,57683
parser.Flow.JS.size.bytes,1772023520243000000,1772023580271000000,140172
lexer.Groovy.time.ns,1772023520243000000,1772023580271000000,1508792
parser.SCSS.time.ns,1772023520243000000,1772023580271000000,50330547
parser.CSS.size.bytes,1772023520243000000,1772023580271000000,19417116
lexer.ECMAScript.6.size.bytes,1772023520243000000,1772023580271000000,6853269
lexer.CSS.size.bytes,1772023520243000000,1772023580271000000,19417116
lexer.Flow.JS.time.ns,1772023520243000000,1772023580271000000,15984414
lexer.HTML.time.ns,1772023520243000000,1772023580271000000,933716704
FlushQueue.executionTimeMaxNs,1772023520243000000,1772023580271000000,0
FlushQueue.queueSizeMax,1772023520243000000,1772023580271000000,0
ReadAction.executionsCount,1772023520243000000,1772023580271000000,377453
AWTEventQueue.eventsDispatched,1772023520243000000,1772023580271000000,0
AWTEventQueue.dispatchTimeMaxNs,1772023520243000000,1772023580271000000,0
FlushQueue.queueSizeAvg,1772023520243000000,1772023580271000000,0.0
NonBlockingReadAction.finalizedExecutionsCount,1772023520243000000,1772023580271000000,140
NonBlockingReadAction.failedExecutionTimeUs,1772023520243000000,1772023580271000000,62078
AWTEventQueue.dispatchTimeTotalNS,1772023520243000000,1772023580271000000,2618765015
FlushQueue.tasksExecuted,1772023520243000000,1772023580271000000,0
WriteAction.executionsCount,1772023520243000000,1772023580271000000,74
AWTEventQueue.dispatchTimeAvgNs,1772023520243000000,1772023580271000000,0.0
FlushQueue.queueSize90P,1772023520243000000,1772023580271000000,0
FlushQueue.executionTimeAvgNs,1772023520243000000,1772023580271000000,0.0
FlushQueue.waitingTime90PNs,1772023520243000000,1772023580271000000,0
FlushQueue.executionTime90PNs,1772023520243000000,1772023580271000000,0
AWTEventQueue.dispatchTime90PNs,1772023520243000000,1772023580271000000,0
NonBlockingReadAction.failedExecutionsCount,1772023520243000000,1772023580271000000,7
FlushQueue.waitingTimeAvgNs,1772023520243000000,1772023580271000000,0.0
NonBlockingReadAction.finalizedExecutionTimeUs,1772023520243000000,1772023580271000000,305509
FlushQueue.waitingTimeMaxNs,1772023520243000000,1772023580271000000,0
workspaceModel.updates.count,1772023520243000000,1772023580271000000,17
workspaceModel.workspaceFileIndexData.visitFileSets.ms,1772023520243000000,1772023580271000000,50
workspaceModel.cachedValue.total.get.count,1772023520243000000,1772023580271000000,12832
workspaceModel.cachedValueWithParameters.clear.count,1772023520243000000,1772023580271000000,0
workspaceModel.update.unloaded.entities.ms,1772023520243000000,1772023580271000000,0
workspaceModel.full.replace.project.model.ms,1772023520243000000,1772023580271000000,46
workspaceModel.collect.changes.ms,1772023520243000000,1772023580271000000,0
workspaceModel.cachedValueWithParameters.calculated.count,1772023520243000000,1772023580271000000,0
workspaceModel.cachedValueWithParameters.from.cache.count,1772023520243000000,1772023580271000000,0
workspaceModel.workspaceFileIndexData.updateDirtyEntities.ms,1772023520243000000,1772023580271000000,0
workspaceModel.workspaceFileIndexData.markDirty.ms,1772023520243000000,1772023580271000000,0
workspaceModel.entityStorageSnapshotImpl.instances.count,1772023520243000000,1772023580271000000,62
workspaceModel.updates.ms,1772023520243000000,1772023580271000000,187
workspaceModel.to.snapshot.ms,1772023520243000000,1772023580271000000,1
workspaceModel.workspaceFileIndexData.processFileSets.ms,1772023520243000000,1772023580271000000,0
workspaceModel.workspaceFileIndexData.onEntitiesChanged.ms,1772023520243000000,1772023580271000000,33
workspaceModel.workspaceFileIndexData.getPackageName.ms,1772023520243000000,1772023580271000000,0
workspaceModel.cachedValue.clear.count,1772023520243000000,1772023580271000000,2
workspaceModel.on.changed.ms,1772023520243000000,1772023580271000000,116
workspaceModel.loading.from.cache.ms,1772023520243000000,1772023580271000000,1
workspaceModel.workspaceFileIndexData.getDirectoriesByPackageName.ms,1772023520243000000,1772023580271000000,0
workspaceModel.workspaceFileIndexContributor.registerFileSets.ms,1772023520243000000,1772023580271000000,25
workspaceModel.cachedValue.from.cache.count,1772023520243000000,1772023580271000000,12678
workspaceModel.loading.total.ms,1772023520243000000,1772023580271000000,2
workspaceModel.pre.handlers.ms,1772023520243000000,1772023580271000000,3
workspaceModel.on.before.changed.ms,1772023520243000000,1772023580271000000,50
workspaceModel.init.bridges.ms,1772023520243000000,1772023580271000000,20
workspaceModel.replace.project.model.ms,1772023520243000000,1772023580271000000,39
workspaceModel.workspaceFileIndexData.instances.count,1772023520243000000,1772023580271000000,1
workspaceModel.check.recursive.update.ms,1772023520243000000,1772023580271000000,1
workspaceModel.updates.precise.ms,1772023520243000000,1772023580271000000,41
workspaceModel.cachedValueWithParameters.total.get.count,1772023520243000000,1772023580271000000,0
workspaceModel.cachedValue.calculated.count,1772023520243000000,1772023580271000000,154
workspaceModel.initializing.ms,1772023520243000000,1772023580271000000,16
workspaceModel.workspaceFileIndexData.init.ms,1772023520243000000,1772023580271000000,3
workspaceModel.workspaceFileIndexData.getFileInfo.ms,1772023520243000000,1772023580271000000,595
compiler.ArtifactManagerBridge.commit.ms,1772023520243000000,1772023580271000000,3
compiler.ArtifactModifiableModelBridge.dispose.ms,1772023520243000000,1772023580271000000,0
compiler.ArtifactManagerBridge.findArtifact.ms,1772023520243000000,1772023580271000000,0
compiler.ArtifactVirtualFileListener.filePathChanged.ms,1772023520243000000,1772023580271000000,0
compiler.ArtifactModifiableModelBridge.findArtifacts.ms,1772023520243000000,1772023580271000000,0
compiler.ArtifactModifiableModelBridge.getArtifactsByType.ms,1772023520243000000,1772023580271000000,0
compiler.ArtifactModifiableModelBridge.commit.ms,1772023520243000000,1772023580271000000,3
compiler.ArtifactManagerBridge.initBridges.ms,1772023520243000000,1772023580271000000,0
compiler.ArtifactManagerBridge.dropMappings.ms,1772023520243000000,1772023580271000000,0
compiler.ArtifactManagerBridge.addArtifact.ms,1772023520243000000,1772023580271000000,0
compiler.ArtifactVirtualFileListener.propertyChanged.ms,1772023520243000000,1772023580271000000,0
compiler.ArtifactManagerBridge.getArtifacts.ms,1772023520243000000,1772023580271000000,0
compiler.ArtifactManagerBridge.getArtifactsByType.ms,1772023520243000000,1772023580271000000,0
compiler.ArtifactModifiableModelBridge.addArtifact.ms,1772023520243000000,1772023580271000000,0
compiler.ArtifactModifiableModelBridge.getArtifacts.ms,1772023520243000000,1772023580271000000,0
workspaceModel.moduleManagerBridge.set.unloadedModules.ms,1772023520243000000,1772023580271000000,0
workspaceModel.mutableEntityStorage.remove.entity.ms,1772023520243000000,1772023580271000000,9
jps.artifact.entities.serializer.save.entities.ms,1772023520243000000,1772023580271000000,0
jps.modifiable.module.model.bridge.renaming.ms,1772023520243000000,1772023580271000000,0
jps.facet.change.listener.init.bridge.ms,1772023520243000000,1772023580271000000,3
workspaceModel.moduleBridge.update.option.ms,1772023520243000000,1772023580271000000,0
workspaceModel.moduleManagerBridge.load.all.modules.ms,1772023520243000000,1772023580271000000,2
workspaceModel.mutableEntityStorage.modify.entity.ms,1772023520243000000,1772023580271000000,43
jps.storage.jps.conf.reader.load.component.ms,1772023520243000000,1772023580271000000,7
workspaceModel.moduleBridge.before.changed.ms,1772023520243000000,1772023580271000000,0
workspaceModel.mutableEntityStorage.instances.count,1772023520243000000,1772023580271000000,86
workspaceModel.moduleManagerBridge.get.modules.ms,1772023520243000000,1772023580271000000,0
jps.load.project.to.empty.storage.ms,1772023520243000000,1772023580271000000,96
workspaceModel.orphan.listener.update.ms,1772023520243000000,1772023580271000000,7
workspaceModel.mutableEntityStorage.has.same.entities.ms,1772023520243000000,1772023580271000000,1
jps.library.entities.serializer.save.entities.ms,1772023520243000000,1772023580271000000,0
workspaceModel.load.cache.from.file.ms,1772023520243000000,1772023580271000000,1
jps.global.get.libraries.ms,1772023520243000000,1772023580271000000,0
jps.global.get.library.ms,1772023520243000000,1772023580271000000,0
jps.global.initialize.library.bridges.ms,1772023520243000000,1772023580271000000,0
jps.artifact.entities.serializer.load.entities.ms,1772023520243000000,1772023580271000000,2
workspaceModel.mutableEntityStorage.apply.changes.from.ms,1772023520243000000,1772023580271000000,11
jps.load.initial.state.ms,1772023520243000000,1772023580271000000,10
jps.apply.loaded.storage.ms,1772023520243000000,1772023580271000000,50
jps.modifiable.module.model.bridge.load.module.ms,1772023520243000000,1772023580271000000,0
jps.module.iml.entities.serializer.load.entities.ms,1772023520243000000,1772023580271000000,23
jps.project.serializers.load.ms,1772023520243000000,1772023580271000000,35
workspaceModel.mutableEntityStorage.changeLog.addReplaceEventForNewParent.ms,1772023520243000000,1772023580271000000,0
workspaceModel.global.apply.state.to.project.builder.ms,1772023520243000000,1772023580271000000,4
workspaceModel.moduleBridge.facet.initialization.ms,1772023520243000000,1772023580271000000,0
jps.global.get.library.by.name.ms,1772023520243000000,1772023580271000000,0
workspaceModel.mutableEntityStorage.hasReferrers.ms,1772023520243000000,1772023580271000000,0
workspaceModel.mutableEntityStorage.entities.ms,1772023520243000000,1772023580271000000,2
jps.module.iml.entities.serializer.save.entities.ms,1772023520243000000,1772023580271000000,0
workspaceModel.do.save.caches.ms,1772023520243000000,1772023580271000000,58
jps.global.handle.changed.events.ms,1772023520243000000,1772023580271000000,0
jps.save.changed.project.entities.ms,1772023520243000000,1772023580271000000,0
workspaceModel.moduleManagerBridge.load.module.ms,1772023520243000000,1772023580271000000,0
workspaceModel.mutableEntityStorage.referrers.ms,1772023520243000000,1772023580271000000,0
workspaceModel.mutableEntityStorage.mutable.vfurl.index.ms,1772023520243000000,1772023580271000000,0
workspaceModel.global.updates.ms,1772023520243000000,1772023580271000000,19
workspaceModel.global.updates.count,1772023520243000000,1772023580271000000,3
workspaceModel.delayed.project.synchronizer.sync.ms,1772023520243000000,1772023580271000000,0
workspaceModel.mutableEntityStorage.resolve.ms,1772023520243000000,1772023580271000000,0
jps.facet.change.listener.before.change.events.ms,1772023520243000000,1772023580271000000,0
jps.save.global.entities.ms,1772023520243000000,1772023580271000000,0
workspaceModel.mutableEntityStorage.entities.by.source.ms,1772023520243000000,1772023580271000000,2
workspaceModel.moduleManagerBridge.build.module.graph.ms,1772023520243000000,1772023580271000000,5
workspaceModel.global.apply.state.to.project.ms,1772023520243000000,1772023580271000000,6
workspaceModel.moduleBridgeLoader.loading.modules.ms,1772023520243000000,1772023580271000000,11
workspaceModel.mutableEntityStorage.collect.changes.ms,1772023520243000000,1772023580271000000,2
jps.modifiable.module.model.bridge.new.module.ms,1772023520243000000,1772023580271000000,11
workspaceModel.mutableEntityStorage.changeLog.addReplaceEventForNewChild.ms,1772023520243000000,1772023580271000000,4
workspaceModel.mutableEntityStorage.add.entity.ms,1772023520243000000,1772023580271000000,80
workspaceModel.sync.entities.ms,1772023520243000000,1772023580271000000,2
workspaceModel.mutableEntityStorage.mutable.ext.mapping.ms,1772023520243000000,1772023580271000000,1
workspaceModel.moduleManagerBridge.create.module.instance.ms,1772023520243000000,1772023580271000000,4
workspaceModel.moduleManagerBridge.new.nonPersistent.module.ms,1772023520243000000,1772023580271000000,0
jps.module.dependency.index.workspace.model.listener.on.changed.ms,1772023520243000000,1772023580271000000,5
jps.reload.project.entities.ms,1772023520243000000,1772023580271000000,0
workspaceModel.mutableEntityStorage.changeLog.addReplaceEventForRemovedParent.ms,1772023520243000000,1772023580271000000,0
jps.app.storage.content.reader.load.component.ms,1772023520243000000,1772023580271000000,0
workspaceModel.load.cache.metadata.from.file.ms,1772023520243000000,1772023580271000000,0
workspaceModel.moduleManagerBridge.newModule.ms,1772023520243000000,1772023580271000000,19
jps.library.entities.serializer.load.entities.ms,1772023520243000000,1772023580271000000,2
jps.global.handle.before.change.events.ms,1772023520243000000,1772023580271000000,0
workspaceModel.mutableEntityStorage.replace.by.source.ms,1772023520243000000,1772023580271000000,32
workspaceModel.save.cache.to.file.ms,1772023520243000000,1772023580271000000,140
jps.project.serializers.save.ms,1772023520243000000,1772023580271000000,0
jps.global.initialize.library.bridges.after.loading.ms,1772023520243000000,1772023580271000000,0
workspaceModel.mutableEntityStorage.to.snapshot.ms,1772023520243000000,1772023580271000000,2
workspaceModel.mutableEntityStorage.changeLog.addReplaceEventForRemovedChild.ms,1772023520243000000,1772023580271000000,1
jps.modifiable.module.model.bridge.disposing.ms,1772023520243000000,1772023580271000000,0
jps.facet.change.listener.process.change.events.ms,1772023520243000000,1772023580271000000,1
workspaceModel.mutableEntityStorage.put.entity.ms,1772023520243000000,1772023580271000000,22
cacheStateStorage.get.duration,1772023520243000000,1772023580271000000,0
cacheStateStorage.set.duration,1772023520243000000,1772023580271000000,11
cacheStateStorage.get.counter,1772023520243000000,1772023580271000000,18
cacheStateStorage.set.counter,1772023520243000000,1772023580271000000,3
Indexing.writer_2.totalTimeSpentWritingMs,1772023580271000000,1772023640252000000,0
Indexes.allKeys.lookupDurationAvgMs,1772023580271000000,1772023640252000000,0.0
Indexes.entries.lookupDurationAvgMs,1772023580271000000,1772023640252000000,0.0
Indexing.cache.totalCacheAccesses,1772023580271000000,1772023640252000000,6
Indexes.allKeys.lookups,1772023580271000000,1772023640252000000,1
Indexing.cache.totalCacheMisses,1772023580271000000,1772023640252000000,6
Indexes.entries.lookupDuration90PMs,1772023580271000000,1772023640252000000,0.0
Indexes.stubs.lookupDurationAvgMs,1772023580271000000,1772023640252000000,0.0
Indexes.stubs.lookups,1772023580271000000,1772023640252000000,0
Indexing.writesQueuedMin,1772023580271000000,1772023640252000000,9223372036854775807
Indexing.cache.totalCacheEvicted,1772023580271000000,1772023640252000000,6
Indexes.allKeys.lookupDuration90PMs,1772023580271000000,1772023640252000000,0.0
Indexing.totalTimeIndexersSleptMs,1772023580271000000,1772023640252000000,0
Indexing.writer_0.totalTimeSpentWritingMs,1772023580271000000,1772023640252000000,0
Indexes.stubs.lookupDurationMaxMs,1772023580271000000,1772023640252000000,0.0
Indexes.entries.lookupDurationMaxMs,1772023580271000000,1772023640252000000,0.0
Indexing.writer_1.totalTimeSpentWritingMs,1772023580271000000,1772023640252000000,0
Indexes.allKeys.lookupDurationMaxMs,1772023580271000000,1772023640252000000,0.0
Indexing.writer_3.totalTimeSpentWritingMs,1772023580271000000,1772023640252000000,0
Indexes.entries.lookups,1772023580271000000,1772023640252000000,3
Indexes.stubs.lookupDuration90PMs,1772023580271000000,1772023640252000000,0.0
Indexing.writesQueuedMax,1772023580271000000,1772023640252000000,0
JVM.totalTimeToSafepointsMs,1772023580271000000,1772023640252000000,2
OS.loadAverage,1772023580271000000,1772023640252000000,2.17724609375
JVM.maxThreadCount,1772023580271000000,1772023640252000000,194
JVM.usedHeapBytes,1772023580271000000,1772023640252000000,463202240
JVM.totalDirectByteBuffersBytes,1772023580271000000,1772023640252000000,640976675
JVM.totalTimeAtSafepointsMs,1772023580271000000,1772023640252000000,17
JVM.GC.collections,1772023580271000000,1772023640252000000,1
JVM.usedNativeBytes,1772023580271000000,1772023640252000000,471755360
JVM.totalBytesAllocated,1772023580271000000,1772023640252000000,76640432
JVM.maxHeapBytes,1772023580271000000,1772023640252000000,28840034304
JVM.GC.collectionTimesMs,1772023580271000000,1772023640252000000,15
MEM.ramPlusSwapMinusFileMappingsBytes,1772023580271000000,1772023640252000000,2787094528
MEM.fileMappingsRamBytes,1772023580271000000,1772023640252000000,690745344
JVM.threadCount,1772023580271000000,1772023640252000000,66
JVM.totalSafepointCount,1772023580271000000,1772023640252000000,45
JVM.totalCpuTimeMs,1772023580271000000,1772023640252000000,3780
MEM.ramBytes,1772023580271000000,1772023640252000000,3477839872
MEM.ramMinusFileMappingsBytes,1772023580271000000,1772023640252000000,2787094528
JVM.newThreadsCount,1772023580271000000,1772023640252000000,27
JVM.committedHeapBytes,1772023580271000000,1772023640252000000,1409286144
FilePageCache.pageLoads,1772023580271000000,1772023640252000000,0
StreamlinedBlobStorage.totalLiveRecordsCapacityBytes,1772023580271000000,1772023640252000000,0
StorageLockContext.competingThreads.90P,1772023580271000000,1772023640252000000,0
FilePageCache.uncachedFileAccess,1772023580271000000,1772023640252000000,0
DirectByteBufferAllocator.misses,1772023580271000000,1772023640252000000,0
DirectByteBufferAllocator.totalSizeOfBuffersCachedInBytes,1772023580271000000,1772023640252000000,1048576
MappedFileStorage.totalPagesMapped,1772023580271000000,1772023640252000000,16
MappedFileStorage.totalBytesMapped,1772023580271000000,1772023640252000000,202637312
FilePageCache.maxCacheSizeInBytes,1772023580271000000,1772023640252000000,629145600
FilePageCache.maxRegisteredFiles,1772023580271000000,1772023640252000000,1824
FilePageCache.disposedBuffers,1772023580271000000,1772023640252000000,0
StreamlinedBlobStorage.recordsRelocated,1772023580271000000,1772023640252000000,0
DirectByteBufferAllocator.totalSizeOfBuffersAllocatedInBytes,1772023580271000000,1772023640252000000,630194176
FilePageCache.capacityInBytes,1772023580271000000,1772023640252000000,629145600
FilePageCache.totalPageLoadsUs,1772023580271000000,1772023640252000000,0
FilePageCache.pageFastCacheHits,1772023580271000000,1772023640252000000,9
StreamlinedBlobStorage.recordsDeleted,1772023580271000000,1772023640252000000,0
StorageLockContext.competingThreads.max,1772023580271000000,1772023640252000000,0
FilePageCache.totalPageDisposalsUs,1772023580271000000,1772023640252000000,0
FileChannelInterruptsRetryer.totalRetriedAttempts,1772023580271000000,1772023640252000000,0
DirectByteBufferAllocator.disposed,1772023580271000000,1772023640252000000,0
FilePageCache.pageLoadsAboveSizeThreshold,1772023580271000000,1772023640252000000,0
FilePageCache.pageHits,1772023580271000000,1772023640252000000,0
StreamlinedBlobStorage.recordsAllocated,1772023580271000000,1772023640252000000,0
StreamlinedBlobStorage.totalLiveRecordsPayloadBytes,1772023580271000000,1772023640252000000,0
MappedFileStorage.totalTimeSpentOnMappingUs,1772023580271000000,1772023640252000000,120587
MappedFileStorage.storages,1772023580271000000,1772023640252000000,16
DirectByteBufferAllocator.reclaimed,1772023580271000000,1772023640252000000,0
DirectByteBufferAllocator.hits,1772023580271000000,1772023640252000000,0
StorageLockContext.competingThreads.avg,1772023580271000000,1772023640252000000,0.0
VFS.contentStorage.recordsReadSize,1772023580271000000,1772023640252000000,0
VFS.fileByIdCache.hits,1772023580271000000,1772023640252000000,0
VFS.contentStorage.recordsUncompressedSize,1772023580271000000,1772023640252000000,0
VFS.contentStorage.recordsStoredCompressed,1772023580271000000,1772023640252000000,0
VFS.cache.directoriesCreated,1772023580271000000,1772023640252000000,0
VFS.contentStorage.recordsStored,1772023580271000000,1772023640252000000,0
FileNameCache.totalMisses,1772023580271000000,1772023640252000000,0
VFS.contentStorage.recordsStoredSize,1772023580271000000,1772023640252000000,0
VFS.cache.filesCreated,1772023580271000000,1772023640252000000,27
VFS.contentStorage.recordsRead,1772023580271000000,1772023640252000000,0
FileNameCache.queries,1772023580271000000,1772023640252000000,0
VFS.contentStorage.recordsReadDecompressed,1772023580271000000,1772023640252000000,0
VFS.folderCaseSensitivityReads,1772023580271000000,1772023640252000000,0
VFS.fileChildByName,1772023580271000000,1772023640252000000,0
VFS.cache.segmentsCreated,1772023580271000000,1772023640252000000,0
VFS.invertedFileNameIndex.requests,1772023580271000000,1772023640252000000,0
VFS.contentStorage.recordsDecompressionTimeUs,1772023580271000000,1772023640252000000,0
VFS.cache.segments,1772023580271000000,1772023640252000000,169.0
VFS.rootsCount,1772023580271000000,1772023640252000000,210.0
VFS.fileByIdCache.misses,1772023580271000000,1772023640252000000,27
VFS.contentStorage.recordsDeduplicated,1772023580271000000,1772023640252000000,0
writeAction.max.wait.ms,1772023580271000000,1772023640252000000,107
LowMemory.gcOverloaded,1772023580271000000,1772023640252000000,0
writeAction.median.wait.ms,1772023580271000000,1772023640252000000,200
LowMemory.gcLoad,1772023580271000000,1772023640252000000,0.0
DiskQueryRelay.taskExecutionTotalTimeUs,1772023580271000000,1772023640252000000,0
writeAction.wait.ms,1772023580271000000,1772023640252000000,0
DiskQueryRelay.tasksExecuted,1772023580271000000,1772023640252000000,0
writeAction.count,1772023580271000000,1772023640252000000,0
DiskQueryRelay.taskWaitingTotalTimeUs,1772023580271000000,1772023640252000000,0
DiskQueryRelay.tasksRequested,1772023580271000000,1772023640252000000,0
FlushQueue.executionTimeMaxNs,1772023580271000000,1772023640252000000,0
FlushQueue.queueSizeMax,1772023580271000000,1772023640252000000,0
ReadAction.executionsCount,1772023580271000000,1772023640252000000,4
AWTEventQueue.eventsDispatched,1772023580271000000,1772023640252000000,0
AWTEventQueue.dispatchTimeMaxNs,1772023580271000000,1772023640252000000,0
FlushQueue.queueSizeAvg,1772023580271000000,1772023640252000000,0.0
NonBlockingReadAction.finalizedExecutionsCount,1772023580271000000,1772023640252000000,0
NonBlockingReadAction.failedExecutionTimeUs,1772023580271000000,1772023640252000000,0
AWTEventQueue.dispatchTimeTotalNS,1772023580271000000,1772023640252000000,201081036
FlushQueue.tasksExecuted,1772023580271000000,1772023640252000000,0
WriteAction.executionsCount,1772023580271000000,1772023640252000000,0
AWTEventQueue.dispatchTimeAvgNs,1772023580271000000,1772023640252000000,0.0
FlushQueue.queueSize90P,1772023580271000000,1772023640252000000,0
FlushQueue.executionTimeAvgNs,1772023580271000000,1772023640252000000,0.0
FlushQueue.waitingTime90PNs,1772023580271000000,1772023640252000000,0
FlushQueue.executionTime90PNs,1772023580271000000,1772023640252000000,0
AWTEventQueue.dispatchTime90PNs,1772023580271000000,1772023640252000000,0
NonBlockingReadAction.failedExecutionsCount,1772023580271000000,1772023640252000000,0
FlushQueue.waitingTimeAvgNs,1772023580271000000,1772023640252000000,0.0
NonBlockingReadAction.finalizedExecutionTimeUs,1772023580271000000,1772023640252000000,0
FlushQueue.waitingTimeMaxNs,1772023580271000000,1772023640252000000,0
workspaceModel.updates.count,1772023580271000000,1772023640252000000,0
workspaceModel.workspaceFileIndexData.visitFileSets.ms,1772023580271000000,1772023640252000000,0
workspaceModel.cachedValue.total.get.count,1772023580271000000,1772023640252000000,0
workspaceModel.cachedValueWithParameters.clear.count,1772023580271000000,1772023640252000000,0
workspaceModel.update.unloaded.entities.ms,1772023580271000000,1772023640252000000,0
workspaceModel.full.replace.project.model.ms,1772023580271000000,1772023640252000000,0
workspaceModel.collect.changes.ms,1772023580271000000,1772023640252000000,0
workspaceModel.cachedValueWithParameters.calculated.count,1772023580271000000,1772023640252000000,0
workspaceModel.cachedValueWithParameters.from.cache.count,1772023580271000000,1772023640252000000,0
workspaceModel.workspaceFileIndexData.updateDirtyEntities.ms,1772023580271000000,1772023640252000000,0
workspaceModel.workspaceFileIndexData.markDirty.ms,1772023580271000000,1772023640252000000,0
workspaceModel.entityStorageSnapshotImpl.instances.count,1772023580271000000,1772023640252000000,0
workspaceModel.updates.ms,1772023580271000000,1772023640252000000,0
workspaceModel.to.snapshot.ms,1772023580271000000,1772023640252000000,0
workspaceModel.workspaceFileIndexData.processFileSets.ms,1772023580271000000,1772023640252000000,0
workspaceModel.workspaceFileIndexData.onEntitiesChanged.ms,1772023580271000000,1772023640252000000,0
workspaceModel.workspaceFileIndexData.getPackageName.ms,1772023580271000000,1772023640252000000,0
workspaceModel.cachedValue.clear.count,1772023580271000000,1772023640252000000,0
workspaceModel.on.changed.ms,1772023580271000000,1772023640252000000,0
workspaceModel.loading.from.cache.ms,1772023580271000000,1772023640252000000,0
workspaceModel.workspaceFileIndexData.getDirectoriesByPackageName.ms,1772023580271000000,1772023640252000000,0
workspaceModel.workspaceFileIndexContributor.registerFileSets.ms,1772023580271000000,1772023640252000000,0
workspaceModel.cachedValue.from.cache.count,1772023580271000000,1772023640252000000,0
workspaceModel.loading.total.ms,1772023580271000000,1772023640252000000,0
workspaceModel.pre.handlers.ms,1772023580271000000,1772023640252000000,0
workspaceModel.on.before.changed.ms,1772023580271000000,1772023640252000000,0
workspaceModel.init.bridges.ms,1772023580271000000,1772023640252000000,0
workspaceModel.replace.project.model.ms,1772023580271000000,1772023640252000000,0
workspaceModel.workspaceFileIndexData.instances.count,1772023580271000000,1772023640252000000,0
workspaceModel.check.recursive.update.ms,1772023580271000000,1772023640252000000,0
workspaceModel.updates.precise.ms,1772023580271000000,1772023640252000000,0
workspaceModel.cachedValueWithParameters.total.get.count,1772023580271000000,1772023640252000000,0
workspaceModel.cachedValue.calculated.count,1772023580271000000,1772023640252000000,0
workspaceModel.initializing.ms,1772023580271000000,1772023640252000000,0
workspaceModel.workspaceFileIndexData.init.ms,1772023580271000000,1772023640252000000,0
workspaceModel.workspaceFileIndexData.getFileInfo.ms,1772023580271000000,1772023640252000000,0
compiler.ArtifactManagerBridge.commit.ms,1772023580271000000,1772023640252000000,0
compiler.ArtifactModifiableModelBridge.dispose.ms,1772023580271000000,1772023640252000000,0
compiler.ArtifactManagerBridge.findArtifact.ms,1772023580271000000,1772023640252000000,0
compiler.ArtifactVirtualFileListener.filePathChanged.ms,1772023580271000000,1772023640252000000,0
compiler.ArtifactModifiableModelBridge.findArtifacts.ms,1772023580271000000,1772023640252000000,0
compiler.ArtifactModifiableModelBridge.getArtifactsByType.ms,1772023580271000000,1772023640252000000,0
compiler.ArtifactModifiableModelBridge.commit.ms,1772023580271000000,1772023640252000000,3
compiler.ArtifactManagerBridge.initBridges.ms,1772023580271000000,1772023640252000000,0
compiler.ArtifactManagerBridge.dropMappings.ms,1772023580271000000,1772023640252000000,0
compiler.ArtifactManagerBridge.addArtifact.ms,1772023580271000000,1772023640252000000,0
compiler.ArtifactVirtualFileListener.propertyChanged.ms,1772023580271000000,1772023640252000000,0
compiler.ArtifactManagerBridge.getArtifacts.ms,1772023580271000000,1772023640252000000,0
compiler.ArtifactManagerBridge.getArtifactsByType.ms,1772023580271000000,1772023640252000000,0
compiler.ArtifactModifiableModelBridge.addArtifact.ms,1772023580271000000,1772023640252000000,0
compiler.ArtifactModifiableModelBridge.getArtifacts.ms,1772023580271000000,1772023640252000000,0
workspaceModel.moduleManagerBridge.set.unloadedModules.ms,1772023580271000000,1772023640252000000,0
workspaceModel.mutableEntityStorage.remove.entity.ms,1772023580271000000,1772023640252000000,0
jps.artifact.entities.serializer.save.entities.ms,1772023580271000000,1772023640252000000,0
jps.modifiable.module.model.bridge.renaming.ms,1772023580271000000,1772023640252000000,0
jps.facet.change.listener.init.bridge.ms,1772023580271000000,1772023640252000000,0
workspaceModel.moduleBridge.update.option.ms,1772023580271000000,1772023640252000000,0
workspaceModel.moduleManagerBridge.load.all.modules.ms,1772023580271000000,1772023640252000000,0
workspaceModel.mutableEntityStorage.modify.entity.ms,1772023580271000000,1772023640252000000,0
jps.storage.jps.conf.reader.load.component.ms,1772023580271000000,1772023640252000000,0
workspaceModel.moduleBridge.before.changed.ms,1772023580271000000,1772023640252000000,0
workspaceModel.mutableEntityStorage.instances.count,1772023580271000000,1772023640252000000,0
workspaceModel.moduleManagerBridge.get.modules.ms,1772023580271000000,1772023640252000000,0
jps.load.project.to.empty.storage.ms,1772023580271000000,1772023640252000000,0
workspaceModel.orphan.listener.update.ms,1772023580271000000,1772023640252000000,0
workspaceModel.mutableEntityStorage.has.same.entities.ms,1772023580271000000,1772023640252000000,0
jps.library.entities.serializer.save.entities.ms,1772023580271000000,1772023640252000000,0
workspaceModel.load.cache.from.file.ms,1772023580271000000,1772023640252000000,0
jps.global.get.libraries.ms,1772023580271000000,1772023640252000000,0
jps.global.get.library.ms,1772023580271000000,1772023640252000000,0
jps.global.initialize.library.bridges.ms,1772023580271000000,1772023640252000000,0
jps.artifact.entities.serializer.load.entities.ms,1772023580271000000,1772023640252000000,0
workspaceModel.mutableEntityStorage.apply.changes.from.ms,1772023580271000000,1772023640252000000,0
jps.load.initial.state.ms,1772023580271000000,1772023640252000000,0
jps.apply.loaded.storage.ms,1772023580271000000,1772023640252000000,0
jps.modifiable.module.model.bridge.load.module.ms,1772023580271000000,1772023640252000000,0
jps.module.iml.entities.serializer.load.entities.ms,1772023580271000000,1772023640252000000,0
jps.project.serializers.load.ms,1772023580271000000,1772023640252000000,0
workspaceModel.mutableEntityStorage.changeLog.addReplaceEventForNewParent.ms,1772023580271000000,1772023640252000000,0
workspaceModel.global.apply.state.to.project.builder.ms,1772023580271000000,1772023640252000000,0
workspaceModel.moduleBridge.facet.initialization.ms,1772023580271000000,1772023640252000000,0
jps.global.get.library.by.name.ms,1772023580271000000,1772023640252000000,0
workspaceModel.mutableEntityStorage.hasReferrers.ms,1772023580271000000,1772023640252000000,0
workspaceModel.mutableEntityStorage.entities.ms,1772023580271000000,1772023640252000000,0
jps.module.iml.entities.serializer.save.entities.ms,1772023580271000000,1772023640252000000,0
workspaceModel.do.save.caches.ms,1772023580271000000,1772023640252000000,0
jps.global.handle.changed.events.ms,1772023580271000000,1772023640252000000,0
jps.save.changed.project.entities.ms,1772023580271000000,1772023640252000000,0
workspaceModel.moduleManagerBridge.load.module.ms,1772023580271000000,1772023640252000000,0
workspaceModel.mutableEntityStorage.referrers.ms,1772023580271000000,1772023640252000000,0
workspaceModel.mutableEntityStorage.mutable.vfurl.index.ms,1772023580271000000,1772023640252000000,0
workspaceModel.global.updates.ms,1772023580271000000,1772023640252000000,0
workspaceModel.global.updates.count,1772023580271000000,1772023640252000000,0
workspaceModel.delayed.project.synchronizer.sync.ms,1772023580271000000,1772023640252000000,0
workspaceModel.mutableEntityStorage.resolve.ms,1772023580271000000,1772023640252000000,0
jps.facet.change.listener.before.change.events.ms,1772023580271000000,1772023640252000000,0
jps.save.global.entities.ms,1772023580271000000,1772023640252000000,0
workspaceModel.mutableEntityStorage.entities.by.source.ms,1772023580271000000,1772023640252000000,0
workspaceModel.moduleManagerBridge.build.module.graph.ms,1772023580271000000,1772023640252000000,0
workspaceModel.global.apply.state.to.project.ms,1772023580271000000,1772023640252000000,0
workspaceModel.moduleBridgeLoader.loading.modules.ms,1772023580271000000,1772023640252000000,0
workspaceModel.mutableEntityStorage.collect.changes.ms,1772023580271000000,1772023640252000000,0
jps.modifiable.module.model.bridge.new.module.ms,1772023580271000000,1772023640252000000,0
workspaceModel.mutableEntityStorage.changeLog.addReplaceEventForNewChild.ms,1772023580271000000,1772023640252000000,0
workspaceModel.mutableEntityStorage.add.entity.ms,1772023580271000000,1772023640252000000,0
workspaceModel.sync.entities.ms,1772023580271000000,1772023640252000000,0
workspaceModel.mutableEntityStorage.mutable.ext.mapping.ms,1772023580271000000,1772023640252000000,0
workspaceModel.moduleManagerBridge.create.module.instance.ms,1772023580271000000,1772023640252000000,0
workspaceModel.moduleManagerBridge.new.nonPersistent.module.ms,1772023580271000000,1772023640252000000,0
jps.module.dependency.index.workspace.model.listener.on.changed.ms,1772023580271000000,1772023640252000000,0
jps.reload.project.entities.ms,1772023580271000000,1772023640252000000,0
workspaceModel.mutableEntityStorage.changeLog.addReplaceEventForRemovedParent.ms,1772023580271000000,1772023640252000000,0
jps.app.storage.content.reader.load.component.ms,1772023580271000000,1772023640252000000,0
workspaceModel.load.cache.metadata.from.file.ms,1772023580271000000,1772023640252000000,0
workspaceModel.moduleManagerBridge.newModule.ms,1772023580271000000,1772023640252000000,0
jps.library.entities.serializer.load.entities.ms,1772023580271000000,1772023640252000000,0
jps.global.handle.before.change.events.ms,1772023580271000000,1772023640252000000,0
workspaceModel.mutableEntityStorage.replace.by.source.ms,1772023580271000000,1772023640252000000,0
workspaceModel.save.cache.to.file.ms,1772023580271000000,1772023640252000000,0
jps.project.serializers.save.ms,1772023580271000000,1772023640252000000,0
jps.global.initialize.library.bridges.after.loading.ms,1772023580271000000,1772023640252000000,0
workspaceModel.mutableEntityStorage.to.snapshot.ms,1772023580271000000,1772023640252000000,0
workspaceModel.mutableEntityStorage.changeLog.addReplaceEventForRemovedChild.ms,1772023580271000000,1772023640252000000,0
jps.modifiable.module.model.bridge.disposing.ms,1772023580271000000,1772023640252000000,0
jps.facet.change.listener.process.change.events.ms,1772023580271000000,1772023640252000000,0
workspaceModel.mutableEntityStorage.put.entity.ms,1772023580271000000,1772023640252000000,0
cacheStateStorage.get.duration,1772023580271000000,1772023640252000000,0
cacheStateStorage.set.duration,1772023580271000000,1772023640252000000,0
cacheStateStorage.get.counter,1772023580271000000,1772023640252000000,1
cacheStateStorage.set.counter,1772023580271000000,1772023640252000000,1
Indexing.writer_2.totalTimeSpentWritingMs,1772023640252000000,1772023700260000000,1859
Indexes.allKeys.lookupDurationAvgMs,1772023640252000000,1772023700260000000,0.0
Indexes.entries.lookupDurationAvgMs,1772023640252000000,1772023700260000000,0.0
Indexing.cache.totalCacheAccesses,1772023640252000000,1772023700260000000,1199155
Indexes.allKeys.lookups,1772023640252000000,1772023700260000000,1
Indexing.cache.totalCacheMisses,1772023640252000000,1772023700260000000,581859
Indexes.entries.lookupDuration90PMs,1772023640252000000,1772023700260000000,0.0
Indexes.stubs.lookupDurationAvgMs,1772023640252000000,1772023700260000000,0.0
Indexes.stubs.lookups,1772023640252000000,1772023700260000000,0
Indexing.writesQueuedMin,1772023640252000000,1772023700260000000,9223372036854775807
Indexing.cache.totalCacheEvicted,1772023640252000000,1772023700260000000,581859
Indexes.allKeys.lookupDuration90PMs,1772023640252000000,1772023700260000000,0.0
Indexing.totalTimeIndexersSleptMs,1772023640252000000,1772023700260000000,0
Indexing.writer_0.totalTimeSpentWritingMs,1772023640252000000,1772023700260000000,183
Indexes.stubs.lookupDurationMaxMs,1772023640252000000,1772023700260000000,0.0
Indexes.entries.lookupDurationMaxMs,1772023640252000000,1772023700260000000,0.0
Indexing.writer_1.totalTimeSpentWritingMs,1772023640252000000,1772023700260000000,186
Indexes.allKeys.lookupDurationMaxMs,1772023640252000000,1772023700260000000,0.0
Indexing.writer_3.totalTimeSpentWritingMs,1772023640252000000,1772023700260000000,1528
Indexes.entries.lookups,1772023640252000000,1772023700260000000,9
Indexes.stubs.lookupDuration90PMs,1772023640252000000,1772023700260000000,0.0
Indexing.writesQueuedMax,1772023640252000000,1772023700260000000,0
JVM.totalTimeToSafepointsMs,1772023640252000000,1772023700260000000,47
OS.loadAverage,1772023640252000000,1772023700260000000,1.8876953125
JVM.maxThreadCount,1772023640252000000,1772023700260000000,194
JVM.usedHeapBytes,1772023640252000000,1772023700260000000,729352112
JVM.totalDirectByteBuffersBytes,1772023640252000000,1772023700260000000,643456444
JVM.totalTimeAtSafepointsMs,1772023640252000000,1772023700260000000,134
JVM.GC.collections,1772023640252000000,1772023700260000000,6
JVM.usedNativeBytes,1772023640252000000,1772023700260000000,482008376
JVM.totalBytesAllocated,1772023640252000000,1772023700260000000,4128373512
JVM.maxHeapBytes,1772023640252000000,1772023700260000000,28840034304
JVM.GC.collectionTimesMs,1772023640252000000,1772023700260000000,106
MEM.ramPlusSwapMinusFileMappingsBytes,1772023640252000000,1772023700260000000,4279242752
MEM.fileMappingsRamBytes,1772023640252000000,1772023700260000000,696221696
JVM.threadCount,1772023640252000000,1772023700260000000,106
JVM.totalSafepointCount,1772023640252000000,1772023700260000000,89
JVM.totalCpuTimeMs,1772023640252000000,1772023700260000000,26830
MEM.ramBytes,1772023640252000000,1772023700260000000,4975464448
MEM.ramMinusFileMappingsBytes,1772023640252000000,1772023700260000000,4279242752
JVM.newThreadsCount,1772023640252000000,1772023700260000000,43
JVM.committedHeapBytes,1772023640252000000,1772023700260000000,2885681152
FilePageCache.pageLoads,1772023640252000000,1772023700260000000,0
StreamlinedBlobStorage.totalLiveRecordsCapacityBytes,1772023640252000000,1772023700260000000,2199130
StorageLockContext.competingThreads.90P,1772023640252000000,1772023700260000000,0
FilePageCache.uncachedFileAccess,1772023640252000000,1772023700260000000,139
DirectByteBufferAllocator.misses,1772023640252000000,1772023700260000000,0
DirectByteBufferAllocator.totalSizeOfBuffersCachedInBytes,1772023640252000000,1772023700260000000,1048576
MappedFileStorage.totalPagesMapped,1772023640252000000,1772023700260000000,16
MappedFileStorage.totalBytesMapped,1772023640252000000,1772023700260000000,202637312
FilePageCache.maxCacheSizeInBytes,1772023640252000000,1772023700260000000,629145600
FilePageCache.maxRegisteredFiles,1772023640252000000,1772023700260000000,1824
FilePageCache.disposedBuffers,1772023640252000000,1772023700260000000,22
StreamlinedBlobStorage.recordsRelocated,1772023640252000000,1772023700260000000,0
DirectByteBufferAllocator.totalSizeOfBuffersAllocatedInBytes,1772023640252000000,1772023700260000000,630194176
FilePageCache.capacityInBytes,1772023640252000000,1772023700260000000,629145600
FilePageCache.totalPageLoadsUs,1772023640252000000,1772023700260000000,6060
FilePageCache.pageFastCacheHits,1772023640252000000,1772023700260000000,2555902
StreamlinedBlobStorage.recordsDeleted,1772023640252000000,1772023700260000000,1
StorageLockContext.competingThreads.max,1772023640252000000,1772023700260000000,0
FilePageCache.totalPageDisposalsUs,1772023640252000000,1772023700260000000,46
FileChannelInterruptsRetryer.totalRetriedAttempts,1772023640252000000,1772023700260000000,0
DirectByteBufferAllocator.disposed,1772023640252000000,1772023700260000000,0
FilePageCache.pageLoadsAboveSizeThreshold,1772023640252000000,1772023700260000000,22
FilePageCache.pageHits,1772023640252000000,1772023700260000000,40238
StreamlinedBlobStorage.recordsAllocated,1772023640252000000,1772023700260000000,31212
StreamlinedBlobStorage.totalLiveRecordsPayloadBytes,1772023640252000000,1772023700260000000,417377
MappedFileStorage.totalTimeSpentOnMappingUs,1772023640252000000,1772023700260000000,120587
MappedFileStorage.storages,1772023640252000000,1772023700260000000,16
DirectByteBufferAllocator.reclaimed,1772023640252000000,1772023700260000000,22
DirectByteBufferAllocator.hits,1772023640252000000,1772023700260000000,22
StorageLockContext.competingThreads.avg,1772023640252000000,1772023700260000000,0.0
VFS.contentStorage.recordsReadSize,1772023640252000000,1772023700260000000,399979
VFS.fileByIdCache.hits,1772023640252000000,1772023700260000000,7
VFS.contentStorage.recordsUncompressedSize,1772023640252000000,1772023700260000000,144053
VFS.contentStorage.recordsStoredCompressed,1772023640252000000,1772023700260000000,3
VFS.cache.directoriesCreated,1772023640252000000,1772023700260000000,2441
VFS.contentStorage.recordsStored,1772023640252000000,1772023700260000000,4
FileNameCache.totalMisses,1772023640252000000,1772023700260000000,35008
VFS.contentStorage.recordsStoredSize,1772023640252000000,1772023700260000000,74743
VFS.cache.filesCreated,1772023640252000000,1772023700260000000,153996
VFS.contentStorage.recordsRead,1772023640252000000,1772023700260000000,12
FileNameCache.queries,1772023640252000000,1772023700260000000,3273536
VFS.contentStorage.recordsReadDecompressed,1772023640252000000,1772023700260000000,8
VFS.folderCaseSensitivityReads,1772023640252000000,1772023700260000000,275
VFS.fileChildByName,1772023640252000000,1772023700260000000,20029
VFS.cache.segmentsCreated,1772023640252000000,1772023700260000000,62
VFS.invertedFileNameIndex.requests,1772023640252000000,1772023700260000000,0
VFS.contentStorage.recordsDecompressionTimeUs,1772023640252000000,1772023700260000000,796
VFS.cache.segments,1772023640252000000,1772023700260000000,231.0
VFS.rootsCount,1772023640252000000,1772023700260000000,317.0
VFS.fileByIdCache.misses,1772023640252000000,1772023700260000000,27
VFS.contentStorage.recordsDeduplicated,1772023640252000000,1772023700260000000,0
lexer.XML.size.bytes,1772023640252000000,1772023700260000000,429637
writeAction.max.wait.ms,1772023640252000000,1772023700260000000,107
LowMemory.gcOverloaded,1772023640252000000,1772023700260000000,0
parser.FTL..size.bytes,1772023640252000000,1772023700260000000,1440
lexer.HTML.size.bytes,1772023640252000000,1772023700260000000,369702
lexer.JAVA.time.ns,1772023640252000000,1772023700260000000,4112117
parser.ECMAScript.6.size.bytes,1772023640252000000,1772023700260000000,410643
writeAction.median.wait.ms,1772023640252000000,1772023700260000000,200
parser.HTML.time.ns,1772023640252000000,1772023700260000000,102805539
LowMemory.gcLoad,1772023640252000000,1772023700260000000,0.0
parser.CSS.time.ns,1772023640252000000,1772023700260000000,4713412
lexer.FTL..time.ns,1772023640252000000,1772023700260000000,668958
DiskQueryRelay.taskExecutionTotalTimeUs,1772023640252000000,1772023700260000000,4842976
writeAction.wait.ms,1772023640252000000,1772023700260000000,45
parser.JAVA.time.ns,1772023640252000000,1772023700260000000,114649088
DiskQueryRelay.tasksExecuted,1772023640252000000,1772023700260000000,48919
parser.XML.time.ns,1772023640252000000,1772023700260000000,38176834
writeAction.count,1772023640252000000,1772023700260000000,30
lexer.JAVA.size.bytes,1772023640252000000,1772023700260000000,151620
lexer.XML.time.ns,1772023640252000000,1772023700260000000,12611126
lexer.CSS.time.ns,1772023640252000000,1772023700260000000,2063131
DiskQueryRelay.taskWaitingTotalTimeUs,1772023640252000000,1772023700260000000,9058620
parser.FTL..time.ns,1772023640252000000,1772023700260000000,3967543
parser.HTML.size.bytes,1772023640252000000,1772023700260000000,369702
parser.XML.size.bytes,1772023640252000000,1772023700260000000,429637
parser.ECMAScript.6.time.ns,1772023640252000000,1772023700260000000,24031659
parser.JAVA.size.bytes,1772023640252000000,1772023700260000000,231409
lexer.ECMAScript.6.time.ns,1772023640252000000,1772023700260000000,2405001
DiskQueryRelay.tasksRequested,1772023640252000000,1772023700260000000,48921
lexer.FTL..size.bytes,1772023640252000000,1772023700260000000,1440
parser.CSS.size.bytes,1772023640252000000,1772023700260000000,40288
lexer.ECMAScript.6.size.bytes,1772023640252000000,1772023700260000000,99667
lexer.CSS.size.bytes,1772023640252000000,1772023700260000000,40288
lexer.HTML.time.ns,1772023640252000000,1772023700260000000,86218748
FlushQueue.executionTimeMaxNs,1772023640252000000,1772023700260000000,0
FlushQueue.queueSizeMax,1772023640252000000,1772023700260000000,0
ReadAction.executionsCount,1772023640252000000,1772023700260000000,181580
AWTEventQueue.eventsDispatched,1772023640252000000,1772023700260000000,0
AWTEventQueue.dispatchTimeMaxNs,1772023640252000000,1772023700260000000,0
FlushQueue.queueSizeAvg,1772023640252000000,1772023700260000000,0.0
NonBlockingReadAction.finalizedExecutionsCount,1772023640252000000,1772023700260000000,21
NonBlockingReadAction.failedExecutionTimeUs,1772023640252000000,1772023700260000000,3953
AWTEventQueue.dispatchTimeTotalNS,1772023640252000000,1772023700260000000,369742929
FlushQueue.tasksExecuted,1772023640252000000,1772023700260000000,0
WriteAction.executionsCount,1772023640252000000,1772023700260000000,30
AWTEventQueue.dispatchTimeAvgNs,1772023640252000000,1772023700260000000,0.0
FlushQueue.queueSize90P,1772023640252000000,1772023700260000000,0
FlushQueue.executionTimeAvgNs,1772023640252000000,1772023700260000000,0.0
FlushQueue.waitingTime90PNs,1772023640252000000,1772023700260000000,0
FlushQueue.executionTime90PNs,1772023640252000000,1772023700260000000,0
AWTEventQueue.dispatchTime90PNs,1772023640252000000,1772023700260000000,0
NonBlockingReadAction.failedExecutionsCount,1772023640252000000,1772023700260000000,2
FlushQueue.waitingTimeAvgNs,1772023640252000000,1772023700260000000,0.0
NonBlockingReadAction.finalizedExecutionTimeUs,1772023640252000000,1772023700260000000,31850
FlushQueue.waitingTimeMaxNs,1772023640252000000,1772023700260000000,0
workspaceModel.updates.count,1772023640252000000,1772023700260000000,0
workspaceModel.workspaceFileIndexData.visitFileSets.ms,1772023640252000000,1772023700260000000,0
workspaceModel.cachedValue.total.get.count,1772023640252000000,1772023700260000000,8362
workspaceModel.cachedValueWithParameters.clear.count,1772023640252000000,1772023700260000000,0
workspaceModel.update.unloaded.entities.ms,1772023640252000000,1772023700260000000,0
workspaceModel.full.replace.project.model.ms,1772023640252000000,1772023700260000000,0
workspaceModel.collect.changes.ms,1772023640252000000,1772023700260000000,0
workspaceModel.cachedValueWithParameters.calculated.count,1772023640252000000,1772023700260000000,0
workspaceModel.cachedValueWithParameters.from.cache.count,1772023640252000000,1772023700260000000,0
workspaceModel.workspaceFileIndexData.updateDirtyEntities.ms,1772023640252000000,1772023700260000000,63
workspaceModel.workspaceFileIndexData.markDirty.ms,1772023640252000000,1772023700260000000,0
workspaceModel.entityStorageSnapshotImpl.instances.count,1772023640252000000,1772023700260000000,4
workspaceModel.updates.ms,1772023640252000000,1772023700260000000,0
workspaceModel.to.snapshot.ms,1772023640252000000,1772023700260000000,0
workspaceModel.workspaceFileIndexData.processFileSets.ms,1772023640252000000,1772023700260000000,0
workspaceModel.workspaceFileIndexData.onEntitiesChanged.ms,1772023640252000000,1772023700260000000,12
workspaceModel.workspaceFileIndexData.getPackageName.ms,1772023640252000000,1772023700260000000,0
workspaceModel.cachedValue.clear.count,1772023640252000000,1772023700260000000,0
workspaceModel.on.changed.ms,1772023640252000000,1772023700260000000,5
workspaceModel.loading.from.cache.ms,1772023640252000000,1772023700260000000,0
workspaceModel.workspaceFileIndexData.getDirectoriesByPackageName.ms,1772023640252000000,1772023700260000000,0
workspaceModel.workspaceFileIndexContributor.registerFileSets.ms,1772023640252000000,1772023700260000000,137
workspaceModel.cachedValue.from.cache.count,1772023640252000000,1772023700260000000,8236
workspaceModel.loading.total.ms,1772023640252000000,1772023700260000000,0
workspaceModel.pre.handlers.ms,1772023640252000000,1772023700260000000,0
workspaceModel.on.before.changed.ms,1772023640252000000,1772023700260000000,1
workspaceModel.init.bridges.ms,1772023640252000000,1772023700260000000,3
workspaceModel.replace.project.model.ms,1772023640252000000,1772023700260000000,21
workspaceModel.workspaceFileIndexData.instances.count,1772023640252000000,1772023700260000000,0
workspaceModel.check.recursive.update.ms,1772023640252000000,1772023700260000000,0
workspaceModel.updates.precise.ms,1772023640252000000,1772023700260000000,0
workspaceModel.cachedValueWithParameters.total.get.count,1772023640252000000,1772023700260000000,0
workspaceModel.cachedValue.calculated.count,1772023640252000000,1772023700260000000,126
workspaceModel.initializing.ms,1772023640252000000,1772023700260000000,0
workspaceModel.workspaceFileIndexData.init.ms,1772023640252000000,1772023700260000000,0
workspaceModel.workspaceFileIndexData.getFileInfo.ms,1772023640252000000,1772023700260000000,169
compiler.ArtifactManagerBridge.commit.ms,1772023640252000000,1772023700260000000,0
compiler.ArtifactModifiableModelBridge.dispose.ms,1772023640252000000,1772023700260000000,0
compiler.ArtifactManagerBridge.findArtifact.ms,1772023640252000000,1772023700260000000,0
compiler.ArtifactVirtualFileListener.filePathChanged.ms,1772023640252000000,1772023700260000000,0
compiler.ArtifactModifiableModelBridge.findArtifacts.ms,1772023640252000000,1772023700260000000,0
compiler.ArtifactModifiableModelBridge.getArtifactsByType.ms,1772023640252000000,1772023700260000000,0
compiler.ArtifactModifiableModelBridge.commit.ms,1772023640252000000,1772023700260000000,3
compiler.ArtifactManagerBridge.initBridges.ms,1772023640252000000,1772023700260000000,0
compiler.ArtifactManagerBridge.dropMappings.ms,1772023640252000000,1772023700260000000,0
compiler.ArtifactManagerBridge.addArtifact.ms,1772023640252000000,1772023700260000000,0
compiler.ArtifactVirtualFileListener.propertyChanged.ms,1772023640252000000,1772023700260000000,0
compiler.ArtifactManagerBridge.getArtifacts.ms,1772023640252000000,1772023700260000000,0
compiler.ArtifactManagerBridge.getArtifactsByType.ms,1772023640252000000,1772023700260000000,0
compiler.ArtifactModifiableModelBridge.addArtifact.ms,1772023640252000000,1772023700260000000,0
compiler.ArtifactModifiableModelBridge.getArtifacts.ms,1772023640252000000,1772023700260000000,0
workspaceModel.moduleManagerBridge.set.unloadedModules.ms,1772023640252000000,1772023700260000000,0
workspaceModel.mutableEntityStorage.remove.entity.ms,1772023640252000000,1772023700260000000,0
jps.artifact.entities.serializer.save.entities.ms,1772023640252000000,1772023700260000000,0
jps.modifiable.module.model.bridge.renaming.ms,1772023640252000000,1772023700260000000,0
jps.facet.change.listener.init.bridge.ms,1772023640252000000,1772023700260000000,0
workspaceModel.moduleBridge.update.option.ms,1772023640252000000,1772023700260000000,0
workspaceModel.moduleManagerBridge.load.all.modules.ms,1772023640252000000,1772023700260000000,0
workspaceModel.mutableEntityStorage.modify.entity.ms,1772023640252000000,1772023700260000000,22
jps.storage.jps.conf.reader.load.component.ms,1772023640252000000,1772023700260000000,0
workspaceModel.moduleBridge.before.changed.ms,1772023640252000000,1772023700260000000,0
workspaceModel.mutableEntityStorage.instances.count,1772023640252000000,1772023700260000000,5
workspaceModel.moduleManagerBridge.get.modules.ms,1772023640252000000,1772023700260000000,0
jps.load.project.to.empty.storage.ms,1772023640252000000,1772023700260000000,0
workspaceModel.orphan.listener.update.ms,1772023640252000000,1772023700260000000,0
workspaceModel.mutableEntityStorage.has.same.entities.ms,1772023640252000000,1772023700260000000,1
jps.library.entities.serializer.save.entities.ms,1772023640252000000,1772023700260000000,0
workspaceModel.load.cache.from.file.ms,1772023640252000000,1772023700260000000,0
jps.global.get.libraries.ms,1772023640252000000,1772023700260000000,0
jps.global.get.library.ms,1772023640252000000,1772023700260000000,0
jps.global.initialize.library.bridges.ms,1772023640252000000,1772023700260000000,0
jps.artifact.entities.serializer.load.entities.ms,1772023640252000000,1772023700260000000,0
workspaceModel.mutableEntityStorage.apply.changes.from.ms,1772023640252000000,1772023700260000000,0
jps.load.initial.state.ms,1772023640252000000,1772023700260000000,0
jps.apply.loaded.storage.ms,1772023640252000000,1772023700260000000,0
jps.modifiable.module.model.bridge.load.module.ms,1772023640252000000,1772023700260000000,0
jps.module.iml.entities.serializer.load.entities.ms,1772023640252000000,1772023700260000000,0
jps.project.serializers.load.ms,1772023640252000000,1772023700260000000,0
workspaceModel.mutableEntityStorage.changeLog.addReplaceEventForNewParent.ms,1772023640252000000,1772023700260000000,0
workspaceModel.global.apply.state.to.project.builder.ms,1772023640252000000,1772023700260000000,0
workspaceModel.moduleBridge.facet.initialization.ms,1772023640252000000,1772023700260000000,0
jps.global.get.library.by.name.ms,1772023640252000000,1772023700260000000,0
workspaceModel.mutableEntityStorage.hasReferrers.ms,1772023640252000000,1772023700260000000,0
workspaceModel.mutableEntityStorage.entities.ms,1772023640252000000,1772023700260000000,0
jps.module.iml.entities.serializer.save.entities.ms,1772023640252000000,1772023700260000000,0
workspaceModel.do.save.caches.ms,1772023640252000000,1772023700260000000,29
jps.global.handle.changed.events.ms,1772023640252000000,1772023700260000000,0
jps.save.changed.project.entities.ms,1772023640252000000,1772023700260000000,0
workspaceModel.moduleManagerBridge.load.module.ms,1772023640252000000,1772023700260000000,0
workspaceModel.mutableEntityStorage.referrers.ms,1772023640252000000,1772023700260000000,0
workspaceModel.mutableEntityStorage.mutable.vfurl.index.ms,1772023640252000000,1772023700260000000,0
workspaceModel.global.updates.ms,1772023640252000000,1772023700260000000,0
workspaceModel.global.updates.count,1772023640252000000,1772023700260000000,0
workspaceModel.delayed.project.synchronizer.sync.ms,1772023640252000000,1772023700260000000,0
workspaceModel.mutableEntityStorage.resolve.ms,1772023640252000000,1772023700260000000,0
jps.facet.change.listener.before.change.events.ms,1772023640252000000,1772023700260000000,0
jps.save.global.entities.ms,1772023640252000000,1772023700260000000,0
workspaceModel.mutableEntityStorage.entities.by.source.ms,1772023640252000000,1772023700260000000,0
workspaceModel.moduleManagerBridge.build.module.graph.ms,1772023640252000000,1772023700260000000,0
workspaceModel.global.apply.state.to.project.ms,1772023640252000000,1772023700260000000,0
workspaceModel.moduleBridgeLoader.loading.modules.ms,1772023640252000000,1772023700260000000,0
workspaceModel.mutableEntityStorage.collect.changes.ms,1772023640252000000,1772023700260000000,0
jps.modifiable.module.model.bridge.new.module.ms,1772023640252000000,1772023700260000000,0
workspaceModel.mutableEntityStorage.changeLog.addReplaceEventForNewChild.ms,1772023640252000000,1772023700260000000,0
workspaceModel.mutableEntityStorage.add.entity.ms,1772023640252000000,1772023700260000000,14
workspaceModel.sync.entities.ms,1772023640252000000,1772023700260000000,0
workspaceModel.mutableEntityStorage.mutable.ext.mapping.ms,1772023640252000000,1772023700260000000,0
workspaceModel.moduleManagerBridge.create.module.instance.ms,1772023640252000000,1772023700260000000,0
workspaceModel.moduleManagerBridge.new.nonPersistent.module.ms,1772023640252000000,1772023700260000000,0
jps.module.dependency.index.workspace.model.listener.on.changed.ms,1772023640252000000,1772023700260000000,2
jps.reload.project.entities.ms,1772023640252000000,1772023700260000000,0
workspaceModel.mutableEntityStorage.changeLog.addReplaceEventForRemovedParent.ms,1772023640252000000,1772023700260000000,0
jps.app.storage.content.reader.load.component.ms,1772023640252000000,1772023700260000000,0
workspaceModel.load.cache.metadata.from.file.ms,1772023640252000000,1772023700260000000,0
workspaceModel.moduleManagerBridge.newModule.ms,1772023640252000000,1772023700260000000,0
jps.library.entities.serializer.load.entities.ms,1772023640252000000,1772023700260000000,0
jps.global.handle.before.change.events.ms,1772023640252000000,1772023700260000000,0
workspaceModel.mutableEntityStorage.replace.by.source.ms,1772023640252000000,1772023700260000000,11
workspaceModel.save.cache.to.file.ms,1772023640252000000,1772023700260000000,22
jps.project.serializers.save.ms,1772023640252000000,1772023700260000000,0
jps.global.initialize.library.bridges.after.loading.ms,1772023640252000000,1772023700260000000,0
workspaceModel.mutableEntityStorage.to.snapshot.ms,1772023640252000000,1772023700260000000,0
workspaceModel.mutableEntityStorage.changeLog.addReplaceEventForRemovedChild.ms,1772023640252000000,1772023700260000000,0
jps.modifiable.module.model.bridge.disposing.ms,1772023640252000000,1772023700260000000,0
jps.facet.change.listener.process.change.events.ms,1772023640252000000,1772023700260000000,0
workspaceModel.mutableEntityStorage.put.entity.ms,1772023640252000000,1772023700260000000,6
cacheStateStorage.get.duration,1772023640252000000,1772023700260000000,0
cacheStateStorage.set.duration,1772023640252000000,1772023700260000000,0
cacheStateStorage.get.counter,1772023640252000000,1772023700260000000,0
cacheStateStorage.set.counter,1772023640252000000,1772023700260000000,0
Indexing.writer_2.totalTimeSpentWritingMs,1772023700260000000,1772023760258000000,0
Indexes.allKeys.lookupDurationAvgMs,1772023700260000000,1772023760258000000,0.0
Indexes.entries.lookupDurationAvgMs,1772023700260000000,1772023760258000000,0.0
Indexing.cache.totalCacheAccesses,1772023700260000000,1772023760258000000,25844
Indexes.allKeys.lookups,1772023700260000000,1772023760258000000,0
Indexing.cache.totalCacheMisses,1772023700260000000,1772023760258000000,11121
Indexes.entries.lookupDuration90PMs,1772023700260000000,1772023760258000000,0.0
Indexes.stubs.lookupDurationAvgMs,1772023700260000000,1772023760258000000,0.0
Indexes.stubs.lookups,1772023700260000000,1772023760258000000,30
Indexing.writesQueuedMin,1772023700260000000,1772023760258000000,9223372036854775807
Indexing.cache.totalCacheEvicted,1772023700260000000,1772023760258000000,11114
Indexes.allKeys.lookupDuration90PMs,1772023700260000000,1772023760258000000,0.0
Indexing.totalTimeIndexersSleptMs,1772023700260000000,1772023760258000000,0
Indexing.writer_0.totalTimeSpentWritingMs,1772023700260000000,1772023760258000000,15
Indexes.stubs.lookupDurationMaxMs,1772023700260000000,1772023760258000000,0.0
Indexes.entries.lookupDurationMaxMs,1772023700260000000,1772023760258000000,0.0
Indexing.writer_1.totalTimeSpentWritingMs,1772023700260000000,1772023760258000000,14
Indexes.allKeys.lookupDurationMaxMs,1772023700260000000,1772023760258000000,0.0
Indexing.writer_3.totalTimeSpentWritingMs,1772023700260000000,1772023760258000000,2
Indexes.entries.lookups,1772023700260000000,1772023760258000000,13
Indexes.stubs.lookupDuration90PMs,1772023700260000000,1772023760258000000,0.0
Indexing.writesQueuedMax,1772023700260000000,1772023760258000000,0
JVM.totalTimeToSafepointsMs,1772023700260000000,1772023760258000000,6
OS.loadAverage,1772023700260000000,1772023760258000000,1.80908203125
JVM.maxThreadCount,1772023700260000000,1772023760258000000,194
JVM.usedHeapBytes,1772023700260000000,1772023760258000000,926572544
JVM.totalDirectByteBuffersBytes,1772023700260000000,1772023760258000000,637162494
JVM.totalTimeAtSafepointsMs,1772023700260000000,1772023760258000000,112
JVM.GC.collections,1772023700260000000,1772023760258000000,1
JVM.usedNativeBytes,1772023700260000000,1772023760258000000,577295656
JVM.totalBytesAllocated,1772023700260000000,1772023760258000000,1517083944
JVM.maxHeapBytes,1772023700260000000,1772023760258000000,28840034304
JVM.GC.collectionTimesMs,1772023700260000000,1772023760258000000,107
MEM.ramPlusSwapMinusFileMappingsBytes,1772023700260000000,1772023760258000000,4402561024
MEM.fileMappingsRamBytes,1772023700260000000,1772023760258000000,835436544
JVM.threadCount,1772023700260000000,1772023760258000000,59
JVM.totalSafepointCount,1772023700260000000,1772023760258000000,58
JVM.totalCpuTimeMs,1772023700260000000,1772023760258000000,16670
MEM.ramBytes,1772023700260000000,1772023760258000000,5237997568
MEM.ramMinusFileMappingsBytes,1772023700260000000,1772023760258000000,4402561024
JVM.newThreadsCount,1772023700260000000,1772023760258000000,14
JVM.committedHeapBytes,1772023700260000000,1772023760258000000,2885681152
FilePageCache.pageLoads,1772023700260000000,1772023760258000000,0
StreamlinedBlobStorage.totalLiveRecordsCapacityBytes,1772023700260000000,1772023760258000000,25738
StorageLockContext.competingThreads.90P,1772023700260000000,1772023760258000000,0
FilePageCache.uncachedFileAccess,1772023700260000000,1772023760258000000,15
DirectByteBufferAllocator.misses,1772023700260000000,1772023760258000000,0
DirectByteBufferAllocator.totalSizeOfBuffersCachedInBytes,1772023700260000000,1772023760258000000,1048576
MappedFileStorage.totalPagesMapped,1772023700260000000,1772023760258000000,16
MappedFileStorage.totalBytesMapped,1772023700260000000,1772023760258000000,202637312
FilePageCache.maxCacheSizeInBytes,1772023700260000000,1772023760258000000,629145600
FilePageCache.maxRegisteredFiles,1772023700260000000,1772023760258000000,1824
FilePageCache.disposedBuffers,1772023700260000000,1772023760258000000,3
StreamlinedBlobStorage.recordsRelocated,1772023700260000000,1772023760258000000,0
DirectByteBufferAllocator.totalSizeOfBuffersAllocatedInBytes,1772023700260000000,1772023760258000000,630194176
FilePageCache.capacityInBytes,1772023700260000000,1772023760258000000,629145600
FilePageCache.totalPageLoadsUs,1772023700260000000,1772023760258000000,1061
FilePageCache.pageFastCacheHits,1772023700260000000,1772023760258000000,24245
StreamlinedBlobStorage.recordsDeleted,1772023700260000000,1772023760258000000,1
StorageLockContext.competingThreads.max,1772023700260000000,1772023760258000000,0
FilePageCache.totalPageDisposalsUs,1772023700260000000,1772023760258000000,8
FileChannelInterruptsRetryer.totalRetriedAttempts,1772023700260000000,1772023760258000000,0
DirectByteBufferAllocator.disposed,1772023700260000000,1772023760258000000,0
FilePageCache.pageLoadsAboveSizeThreshold,1772023700260000000,1772023760258000000,3
FilePageCache.pageHits,1772023700260000000,1772023760258000000,0
StreamlinedBlobStorage.recordsAllocated,1772023700260000000,1772023760258000000,368
StreamlinedBlobStorage.totalLiveRecordsPayloadBytes,1772023700260000000,1772023760258000000,3462
MappedFileStorage.totalTimeSpentOnMappingUs,1772023700260000000,1772023760258000000,120587
MappedFileStorage.storages,1772023700260000000,1772023760258000000,16
DirectByteBufferAllocator.reclaimed,1772023700260000000,1772023760258000000,3
DirectByteBufferAllocator.hits,1772023700260000000,1772023760258000000,3
StorageLockContext.competingThreads.avg,1772023700260000000,1772023760258000000,0.0
VFS.contentStorage.recordsReadSize,1772023700260000000,1772023760258000000,41794
VFS.fileByIdCache.hits,1772023700260000000,1772023760258000000,7
VFS.contentStorage.recordsUncompressedSize,1772023700260000000,1772023760258000000,989865
VFS.contentStorage.recordsStoredCompressed,1772023700260000000,1772023760258000000,5
VFS.cache.directoriesCreated,1772023700260000000,1772023760258000000,785
VFS.contentStorage.recordsStored,1772023700260000000,1772023760258000000,9
FileNameCache.totalMisses,1772023700260000000,1772023760258000000,1152
VFS.contentStorage.recordsStoredSize,1772023700260000000,1772023760258000000,529086
VFS.cache.filesCreated,1772023700260000000,1772023760258000000,26438
VFS.contentStorage.recordsRead,1772023700260000000,1772023760258000000,6
FileNameCache.queries,1772023700260000000,1772023760258000000,172224
VFS.contentStorage.recordsReadDecompressed,1772023700260000000,1772023760258000000,1
VFS.folderCaseSensitivityReads,1772023700260000000,1772023760258000000,244
VFS.fileChildByName,1772023700260000000,1772023760258000000,3417
VFS.cache.segmentsCreated,1772023700260000000,1772023760258000000,2
VFS.invertedFileNameIndex.requests,1772023700260000000,1772023760258000000,0
VFS.contentStorage.recordsDecompressionTimeUs,1772023700260000000,1772023760258000000,29
VFS.cache.segments,1772023700260000000,1772023760258000000,233.0
VFS.rootsCount,1772023700260000000,1772023760258000000,317.0
VFS.fileByIdCache.misses,1772023700260000000,1772023760258000000,3
VFS.contentStorage.recordsDeduplicated,1772023700260000000,1772023760258000000,28
lexer.yaml.size.bytes,1772023700260000000,1772023760258000000,1333
writeAction.max.wait.ms,1772023700260000000,1772023760258000000,107
LowMemory.gcOverloaded,1772023700260000000,1772023760258000000,0
lexer.HTML.size.bytes,1772023700260000000,1772023760258000000,300025
lexer.JAVA.time.ns,1772023700260000000,1772023760258000000,19709
parser.ECMAScript.6.size.bytes,1772023700260000000,1772023760258000000,2170
writeAction.median.wait.ms,1772023700260000000,1772023760258000000,200
parser.HTML.time.ns,1772023700260000000,1772023760258000000,12255751
LowMemory.gcLoad,1772023700260000000,1772023760258000000,0.0
parser.yaml.size.bytes,1772023700260000000,1772023760258000000,1333
lexer.yaml.time.ns,1772023700260000000,1772023760258000000,202334
parser.CSS.time.ns,1772023700260000000,1772023760258000000,2234956
DiskQueryRelay.taskExecutionTotalTimeUs,1772023700260000000,1772023760258000000,590511
writeAction.wait.ms,1772023700260000000,1772023760258000000,0
parser.JAVA.time.ns,1772023700260000000,1772023760258000000,12912209
DiskQueryRelay.tasksExecuted,1772023700260000000,1772023760258000000,6408
parser.yaml.time.ns,1772023700260000000,1772023760258000000,1245625
writeAction.count,1772023700260000000,1772023760258000000,21
lexer.JAVA.size.bytes,1772023700260000000,1772023760258000000,163
lexer.CSS.time.ns,1772023700260000000,1772023760258000000,722133
DiskQueryRelay.taskWaitingTotalTimeUs,1772023700260000000,1772023760258000000,778714
parser.HTML.size.bytes,1772023700260000000,1772023760258000000,300025
parser.ECMAScript.6.time.ns,1772023700260000000,1772023760258000000,340751
parser.JAVA.size.bytes,1772023700260000000,1772023760258000000,163
DiskQueryRelay.tasksRequested,1772023700260000000,1772023760258000000,6408
parser.CSS.size.bytes,1772023700260000000,1772023760258000000,20201
lexer.CSS.size.bytes,1772023700260000000,1772023760258000000,20201
lexer.HTML.time.ns,1772023700260000000,1772023760258000000,17300707
FlushQueue.executionTimeMaxNs,1772023700260000000,1772023760258000000,0
FlushQueue.queueSizeMax,1772023700260000000,1772023760258000000,0
ReadAction.executionsCount,1772023700260000000,1772023760258000000,20497
AWTEventQueue.eventsDispatched,1772023700260000000,1772023760258000000,0
AWTEventQueue.dispatchTimeMaxNs,1772023700260000000,1772023760258000000,0
FlushQueue.queueSizeAvg,1772023700260000000,1772023760258000000,0.0
NonBlockingReadAction.finalizedExecutionsCount,1772023700260000000,1772023760258000000,7
NonBlockingReadAction.failedExecutionTimeUs,1772023700260000000,1772023760258000000,0
AWTEventQueue.dispatchTimeTotalNS,1772023700260000000,1772023760258000000,302237923
FlushQueue.tasksExecuted,1772023700260000000,1772023760258000000,0
WriteAction.executionsCount,1772023700260000000,1772023760258000000,21
AWTEventQueue.dispatchTimeAvgNs,1772023700260000000,1772023760258000000,0.0
FlushQueue.queueSize90P,1772023700260000000,1772023760258000000,0
FlushQueue.executionTimeAvgNs,1772023700260000000,1772023760258000000,0.0
FlushQueue.waitingTime90PNs,1772023700260000000,1772023760258000000,0
FlushQueue.executionTime90PNs,1772023700260000000,1772023760258000000,0
AWTEventQueue.dispatchTime90PNs,1772023700260000000,1772023760258000000,0
NonBlockingReadAction.failedExecutionsCount,1772023700260000000,1772023760258000000,0
FlushQueue.waitingTimeAvgNs,1772023700260000000,1772023760258000000,0.0
NonBlockingReadAction.finalizedExecutionTimeUs,1772023700260000000,1772023760258000000,5802
FlushQueue.waitingTimeMaxNs,1772023700260000000,1772023760258000000,0
workspaceModel.updates.count,1772023700260000000,1772023760258000000,0
workspaceModel.workspaceFileIndexData.visitFileSets.ms,1772023700260000000,1772023760258000000,0
workspaceModel.cachedValue.total.get.count,1772023700260000000,1772023760258000000,7252
workspaceModel.cachedValueWithParameters.clear.count,1772023700260000000,1772023760258000000,0
workspaceModel.update.unloaded.entities.ms,1772023700260000000,1772023760258000000,0
workspaceModel.full.replace.project.model.ms,1772023700260000000,1772023760258000000,0
workspaceModel.collect.changes.ms,1772023700260000000,1772023760258000000,0
workspaceModel.cachedValueWithParameters.calculated.count,1772023700260000000,1772023760258000000,1
workspaceModel.cachedValueWithParameters.from.cache.count,1772023700260000000,1772023760258000000,2
workspaceModel.workspaceFileIndexData.updateDirtyEntities.ms,1772023700260000000,1772023760258000000,0
workspaceModel.workspaceFileIndexData.markDirty.ms,1772023700260000000,1772023760258000000,0
workspaceModel.entityStorageSnapshotImpl.instances.count,1772023700260000000,1772023760258000000,0
workspaceModel.updates.ms,1772023700260000000,1772023760258000000,0
workspaceModel.to.snapshot.ms,1772023700260000000,1772023760258000000,0
workspaceModel.workspaceFileIndexData.processFileSets.ms,1772023700260000000,1772023760258000000,0
workspaceModel.workspaceFileIndexData.onEntitiesChanged.ms,1772023700260000000,1772023760258000000,0
workspaceModel.workspaceFileIndexData.getPackageName.ms,1772023700260000000,1772023760258000000,0
workspaceModel.cachedValue.clear.count,1772023700260000000,1772023760258000000,0
workspaceModel.on.changed.ms,1772023700260000000,1772023760258000000,0
workspaceModel.loading.from.cache.ms,1772023700260000000,1772023760258000000,0
workspaceModel.workspaceFileIndexData.getDirectoriesByPackageName.ms,1772023700260000000,1772023760258000000,0
workspaceModel.workspaceFileIndexContributor.registerFileSets.ms,1772023700260000000,1772023760258000000,0
workspaceModel.cachedValue.from.cache.count,1772023700260000000,1772023760258000000,7249
workspaceModel.loading.total.ms,1772023700260000000,1772023760258000000,0
workspaceModel.pre.handlers.ms,1772023700260000000,1772023760258000000,0
workspaceModel.on.before.changed.ms,1772023700260000000,1772023760258000000,0
workspaceModel.init.bridges.ms,1772023700260000000,1772023760258000000,0
workspaceModel.replace.project.model.ms,1772023700260000000,1772023760258000000,0
workspaceModel.workspaceFileIndexData.instances.count,1772023700260000000,1772023760258000000,0
workspaceModel.check.recursive.update.ms,1772023700260000000,1772023760258000000,0
workspaceModel.updates.precise.ms,1772023700260000000,1772023760258000000,0
workspaceModel.cachedValueWithParameters.total.get.count,1772023700260000000,1772023760258000000,3
workspaceModel.cachedValue.calculated.count,1772023700260000000,1772023760258000000,3
workspaceModel.initializing.ms,1772023700260000000,1772023760258000000,0
workspaceModel.workspaceFileIndexData.init.ms,1772023700260000000,1772023760258000000,0
workspaceModel.workspaceFileIndexData.getFileInfo.ms,1772023700260000000,1772023760258000000,3
compiler.ArtifactManagerBridge.commit.ms,1772023700260000000,1772023760258000000,0
compiler.ArtifactModifiableModelBridge.dispose.ms,1772023700260000000,1772023760258000000,0
compiler.ArtifactManagerBridge.findArtifact.ms,1772023700260000000,1772023760258000000,0
compiler.ArtifactVirtualFileListener.filePathChanged.ms,1772023700260000000,1772023760258000000,0
compiler.ArtifactModifiableModelBridge.findArtifacts.ms,1772023700260000000,1772023760258000000,0
compiler.ArtifactModifiableModelBridge.getArtifactsByType.ms,1772023700260000000,1772023760258000000,0
compiler.ArtifactModifiableModelBridge.commit.ms,1772023700260000000,1772023760258000000,3
compiler.ArtifactManagerBridge.initBridges.ms,1772023700260000000,1772023760258000000,0
compiler.ArtifactManagerBridge.dropMappings.ms,1772023700260000000,1772023760258000000,0
compiler.ArtifactManagerBridge.addArtifact.ms,1772023700260000000,1772023760258000000,0
compiler.ArtifactVirtualFileListener.propertyChanged.ms,1772023700260000000,1772023760258000000,0
compiler.ArtifactManagerBridge.getArtifacts.ms,1772023700260000000,1772023760258000000,0
compiler.ArtifactManagerBridge.getArtifactsByType.ms,1772023700260000000,1772023760258000000,0
compiler.ArtifactModifiableModelBridge.addArtifact.ms,1772023700260000000,1772023760258000000,0
compiler.ArtifactModifiableModelBridge.getArtifacts.ms,1772023700260000000,1772023760258000000,0
workspaceModel.moduleManagerBridge.set.unloadedModules.ms,1772023700260000000,1772023760258000000,0
workspaceModel.mutableEntityStorage.remove.entity.ms,1772023700260000000,1772023760258000000,0
jps.artifact.entities.serializer.save.entities.ms,1772023700260000000,1772023760258000000,0
jps.modifiable.module.model.bridge.renaming.ms,1772023700260000000,1772023760258000000,0
jps.facet.change.listener.init.bridge.ms,1772023700260000000,1772023760258000000,0
workspaceModel.moduleBridge.update.option.ms,1772023700260000000,1772023760258000000,0
workspaceModel.moduleManagerBridge.load.all.modules.ms,1772023700260000000,1772023760258000000,0
workspaceModel.mutableEntityStorage.modify.entity.ms,1772023700260000000,1772023760258000000,0
jps.storage.jps.conf.reader.load.component.ms,1772023700260000000,1772023760258000000,0
workspaceModel.moduleBridge.before.changed.ms,1772023700260000000,1772023760258000000,0
workspaceModel.mutableEntityStorage.instances.count,1772023700260000000,1772023760258000000,0
workspaceModel.moduleManagerBridge.get.modules.ms,1772023700260000000,1772023760258000000,0
jps.load.project.to.empty.storage.ms,1772023700260000000,1772023760258000000,0
workspaceModel.orphan.listener.update.ms,1772023700260000000,1772023760258000000,0
workspaceModel.mutableEntityStorage.has.same.entities.ms,1772023700260000000,1772023760258000000,0
jps.library.entities.serializer.save.entities.ms,1772023700260000000,1772023760258000000,4
workspaceModel.load.cache.from.file.ms,1772023700260000000,1772023760258000000,0
jps.global.get.libraries.ms,1772023700260000000,1772023760258000000,0
jps.global.get.library.ms,1772023700260000000,1772023760258000000,0
jps.global.initialize.library.bridges.ms,1772023700260000000,1772023760258000000,0
jps.artifact.entities.serializer.load.entities.ms,1772023700260000000,1772023760258000000,0
workspaceModel.mutableEntityStorage.apply.changes.from.ms,1772023700260000000,1772023760258000000,0
jps.load.initial.state.ms,1772023700260000000,1772023760258000000,0
jps.apply.loaded.storage.ms,1772023700260000000,1772023760258000000,0
jps.modifiable.module.model.bridge.load.module.ms,1772023700260000000,1772023760258000000,0
jps.module.iml.entities.serializer.load.entities.ms,1772023700260000000,1772023760258000000,0
jps.project.serializers.load.ms,1772023700260000000,1772023760258000000,0
workspaceModel.mutableEntityStorage.changeLog.addReplaceEventForNewParent.ms,1772023700260000000,1772023760258000000,0
workspaceModel.global.apply.state.to.project.builder.ms,1772023700260000000,1772023760258000000,0
workspaceModel.moduleBridge.facet.initialization.ms,1772023700260000000,1772023760258000000,0
jps.global.get.library.by.name.ms,1772023700260000000,1772023760258000000,0
workspaceModel.mutableEntityStorage.hasReferrers.ms,1772023700260000000,1772023760258000000,0
workspaceModel.mutableEntityStorage.entities.ms,1772023700260000000,1772023760258000000,0
jps.module.iml.entities.serializer.save.entities.ms,1772023700260000000,1772023760258000000,10
workspaceModel.do.save.caches.ms,1772023700260000000,1772023760258000000,0
jps.global.handle.changed.events.ms,1772023700260000000,1772023760258000000,0
jps.save.changed.project.entities.ms,1772023700260000000,1772023760258000000,19
workspaceModel.moduleManagerBridge.load.module.ms,1772023700260000000,1772023760258000000,0
workspaceModel.mutableEntityStorage.referrers.ms,1772023700260000000,1772023760258000000,0
workspaceModel.mutableEntityStorage.mutable.vfurl.index.ms,1772023700260000000,1772023760258000000,0
workspaceModel.global.updates.ms,1772023700260000000,1772023760258000000,0
workspaceModel.global.updates.count,1772023700260000000,1772023760258000000,0
workspaceModel.delayed.project.synchronizer.sync.ms,1772023700260000000,1772023760258000000,0
workspaceModel.mutableEntityStorage.resolve.ms,1772023700260000000,1772023760258000000,0
jps.facet.change.listener.before.change.events.ms,1772023700260000000,1772023760258000000,0
jps.save.global.entities.ms,1772023700260000000,1772023760258000000,21
workspaceModel.mutableEntityStorage.entities.by.source.ms,1772023700260000000,1772023760258000000,0
workspaceModel.moduleManagerBridge.build.module.graph.ms,1772023700260000000,1772023760258000000,1
workspaceModel.global.apply.state.to.project.ms,1772023700260000000,1772023760258000000,0
workspaceModel.moduleBridgeLoader.loading.modules.ms,1772023700260000000,1772023760258000000,0
workspaceModel.mutableEntityStorage.collect.changes.ms,1772023700260000000,1772023760258000000,0
jps.modifiable.module.model.bridge.new.module.ms,1772023700260000000,1772023760258000000,0
workspaceModel.mutableEntityStorage.changeLog.addReplaceEventForNewChild.ms,1772023700260000000,1772023760258000000,0
workspaceModel.mutableEntityStorage.add.entity.ms,1772023700260000000,1772023760258000000,0
workspaceModel.sync.entities.ms,1772023700260000000,1772023760258000000,0
workspaceModel.mutableEntityStorage.mutable.ext.mapping.ms,1772023700260000000,1772023760258000000,0
workspaceModel.moduleManagerBridge.create.module.instance.ms,1772023700260000000,1772023760258000000,0
workspaceModel.moduleManagerBridge.new.nonPersistent.module.ms,1772023700260000000,1772023760258000000,0
jps.module.dependency.index.workspace.model.listener.on.changed.ms,1772023700260000000,1772023760258000000,0
jps.reload.project.entities.ms,1772023700260000000,1772023760258000000,0
workspaceModel.mutableEntityStorage.changeLog.addReplaceEventForRemovedParent.ms,1772023700260000000,1772023760258000000,0
jps.app.storage.content.reader.load.component.ms,1772023700260000000,1772023760258000000,0
workspaceModel.load.cache.metadata.from.file.ms,1772023700260000000,1772023760258000000,0
jps.app.storage.content.writer.save.component.ms,1772023700260000000,1772023760258000000,6
workspaceModel.moduleManagerBridge.newModule.ms,1772023700260000000,1772023760258000000,0
jps.library.entities.serializer.load.entities.ms,1772023700260000000,1772023760258000000,0
jps.global.handle.before.change.events.ms,1772023700260000000,1772023760258000000,0
workspaceModel.mutableEntityStorage.replace.by.source.ms,1772023700260000000,1772023760258000000,0
workspaceModel.save.cache.to.file.ms,1772023700260000000,1772023760258000000,0
jps.project.serializers.save.ms,1772023700260000000,1772023760258000000,19
jps.global.initialize.library.bridges.after.loading.ms,1772023700260000000,1772023760258000000,0
workspaceModel.mutableEntityStorage.to.snapshot.ms,1772023700260000000,1772023760258000000,0
workspaceModel.mutableEntityStorage.changeLog.addReplaceEventForRemovedChild.ms,1772023700260000000,1772023760258000000,0
jps.modifiable.module.model.bridge.disposing.ms,1772023700260000000,1772023760258000000,0
jps.facet.change.listener.process.change.events.ms,1772023700260000000,1772023760258000000,0
workspaceModel.mutableEntityStorage.put.entity.ms,1772023700260000000,1772023760258000000,0
cacheStateStorage.get.duration,1772023700260000000,1772023760258000000,0
cacheStateStorage.set.duration,1772023700260000000,1772023760258000000,12
cacheStateStorage.get.counter,1772023700260000000,1772023760258000000,0
cacheStateStorage.set.counter,1772023700260000000,1772023760258000000,121
Indexing.writer_2.totalTimeSpentWritingMs,1772023760258000000,1772023798419000000,0
Indexes.allKeys.lookupDurationAvgMs,1772023760258000000,1772023798419000000,0.0
Indexes.entries.lookupDurationAvgMs,1772023760258000000,1772023798419000000,0.0
Indexing.cache.totalCacheAccesses,1772023760258000000,1772023798419000000,263771
Indexes.allKeys.lookups,1772023760258000000,1772023798419000000,2
Indexing.cache.totalCacheMisses,1772023760258000000,1772023798419000000,79644
Indexes.entries.lookupDuration90PMs,1772023760258000000,1772023798419000000,0.0
Indexes.stubs.lookupDurationAvgMs,1772023760258000000,1772023798419000000,0.0
Indexes.stubs.lookups,1772023760258000000,1772023798419000000,116984
Indexing.writesQueuedMin,1772023760258000000,1772023798419000000,9223372036854775807
Indexing.cache.totalCacheEvicted,1772023760258000000,1772023798419000000,80785
Indexes.allKeys.lookupDuration90PMs,1772023760258000000,1772023798419000000,0.0
Indexing.totalTimeIndexersSleptMs,1772023760258000000,1772023798419000000,0
Indexing.writer_0.totalTimeSpentWritingMs,1772023760258000000,1772023798419000000,0
Indexes.stubs.lookupDurationMaxMs,1772023760258000000,1772023798419000000,0.0
Indexes.entries.lookupDurationMaxMs,1772023760258000000,1772023798419000000,0.0
Indexing.writer_1.totalTimeSpentWritingMs,1772023760258000000,1772023798419000000,0
Indexes.allKeys.lookupDurationMaxMs,1772023760258000000,1772023798419000000,0.0
Indexing.writer_3.totalTimeSpentWritingMs,1772023760258000000,1772023798419000000,0
Indexes.entries.lookups,1772023760258000000,1772023798419000000,7797
Indexes.stubs.lookupDuration90PMs,1772023760258000000,1772023798419000000,0.0
Indexing.writesQueuedMax,1772023760258000000,1772023798419000000,0
JVM.totalTimeToSafepointsMs,1772023760258000000,1772023798419000000,274
OS.loadAverage,1772023760258000000,1772023798419000000,6.0732421875
JVM.maxThreadCount,1772023760258000000,1772023798419000000,194
JVM.usedHeapBytes,1772023760258000000,1772023798419000000,1324446064
JVM.totalDirectByteBuffersBytes,1772023760258000000,1772023798419000000,57536554
JVM.totalTimeAtSafepointsMs,1772023760258000000,1772023798419000000,696
JVM.GC.collections,1772023760258000000,1772023798419000000,22
JVM.usedNativeBytes,1772023760258000000,1772023798419000000,729845728
JVM.totalBytesAllocated,1772023760258000000,1772023798419000000,34073918688
JVM.maxHeapBytes,1772023760258000000,1772023798419000000,28840034304
JVM.GC.collectionTimesMs,1772023760258000000,1772023798419000000,622
MEM.ramPlusSwapMinusFileMappingsBytes,1772023760258000000,1772023798419000000,5214855168
MEM.fileMappingsRamBytes,1772023760258000000,1772023798419000000,905072640
JVM.threadCount,1772023760258000000,1772023798419000000,95
JVM.totalSafepointCount,1772023760258000000,1772023798419000000,312
JVM.totalCpuTimeMs,1772023760258000000,1772023798419000000,153940
MEM.ramBytes,1772023760258000000,1772023798419000000,6119927808
MEM.ramMinusFileMappingsBytes,1772023760258000000,1772023798419000000,5214855168
JVM.newThreadsCount,1772023760258000000,1772023798419000000,91
JVM.committedHeapBytes,1772023760258000000,1772023798419000000,3472883712
FilePageCache.pageLoads,1772023760258000000,1772023798419000000,0
StorageLockContext.competingThreads.90P,1772023760258000000,1772023798419000000,0
FilePageCache.uncachedFileAccess,1772023760258000000,1772023798419000000,39
DirectByteBufferAllocator.misses,1772023760258000000,1772023798419000000,0
DirectByteBufferAllocator.totalSizeOfBuffersCachedInBytes,1772023760258000000,1772023798419000000,41943040
FilePageCache.maxCacheSizeInBytes,1772023760258000000,1772023798419000000,629145600
FilePageCache.maxRegisteredFiles,1772023760258000000,1772023798419000000,1827
FilePageCache.disposedBuffers,1772023760258000000,1772023798419000000,630
DirectByteBufferAllocator.totalSizeOfBuffersAllocatedInBytes,1772023760258000000,1772023798419000000,41943040
FilePageCache.capacityInBytes,1772023760258000000,1772023798419000000,629145600
FilePageCache.totalPageLoadsUs,1772023760258000000,1772023798419000000,46024
FilePageCache.pageFastCacheHits,1772023760258000000,1772023798419000000,43136
StorageLockContext.competingThreads.max,1772023760258000000,1772023798419000000,0
FilePageCache.totalPageDisposalsUs,1772023760258000000,1772023798419000000,22
FileChannelInterruptsRetryer.totalRetriedAttempts,1772023760258000000,1772023798419000000,0
DirectByteBufferAllocator.disposed,1772023760258000000,1772023798419000000,561
FilePageCache.pageLoadsAboveSizeThreshold,1772023760258000000,1772023798419000000,30
FilePageCache.pageHits,1772023760258000000,1772023798419000000,2447
DirectByteBufferAllocator.reclaimed,1772023760258000000,1772023798419000000,69
DirectByteBufferAllocator.hits,1772023760258000000,1772023798419000000,30
StorageLockContext.competingThreads.avg,1772023760258000000,1772023798419000000,0.0
lexer.XML.size.bytes,1772023760258000000,1772023798419000000,11789254
lexer.yaml.size.bytes,1772023760258000000,1772023798419000000,25923
lexer.JQuery-CSS.time.ns,1772023760258000000,1772023798419000000,544004
lexer.Properties.time.ns,1772023760258000000,1772023798419000000,250752
writeAction.max.wait.ms,1772023760258000000,1772023798419000000,107
parser.Shell.Script.time.ns,1772023760258000000,1772023798419000000,160531083
parser.Groovy.size.bytes,1772023760258000000,1772023798419000000,12867
LowMemory.gcOverloaded,1772023760258000000,1772023798419000000,0
lexer.HTML.size.bytes,1772023760258000000,1772023798419000000,4137373
parser.Lombok.Config.size.bytes,1772023760258000000,1772023798419000000,137
lexer.JAVA.time.ns,1772023760258000000,1772023798419000000,36101878
parser.SVG.size.bytes,1772023760258000000,1772023798419000000,17961
parser.ECMAScript.6.size.bytes,1772023760258000000,1772023798419000000,394155
lexer.IgnoreLang.size.bytes,1772023760258000000,1772023798419000000,444
parser.IgnoreLang.time.ns,1772023760258000000,1772023798419000000,610125
writeAction.median.wait.ms,1772023760258000000,1772023798419000000,200
parser.HTML.time.ns,1772023760258000000,1772023798419000000,166536080
parser.JSON.time.ns,1772023760258000000,1772023798419000000,2317036765
lexer.Shell.Script.size.bytes,1772023760258000000,1772023798419000000,24940
LowMemory.gcLoad,1772023760258000000,1772023798419000000,0.0
parser.yaml.size.bytes,1772023760258000000,1772023798419000000,25923
parser.textmate.size.bytes,1772023760258000000,1772023798419000000,5301912
lexer.Groovy.size.bytes,1772023760258000000,1772023798419000000,12867
parser.Lombok.Config.time.ns,1772023760258000000,1772023798419000000,67000
parser.Groovy.time.ns,1772023760258000000,1772023798419000000,47598074
lexer.yaml.time.ns,1772023760258000000,1772023798419000000,1905457
lexer.RegExp.time.ns,1772023760258000000,1772023798419000000,1355792
parser.CSS.time.ns,1772023760258000000,1772023798419000000,48086671
parser.IgnoreLang.size.bytes,1772023760258000000,1772023798419000000,444
lexer.JSON.time.ns,1772023760258000000,1772023798419000000,406718869
lexer.SVG.size.bytes,1772023760258000000,1772023798419000000,17961
lexer.Lombok.Config.size.bytes,1772023760258000000,1772023798419000000,137
DiskQueryRelay.taskExecutionTotalTimeUs,1772023760258000000,1772023798419000000,1708196
parser.textmate.time.ns,1772023760258000000,1772023798419000000,1348921
writeAction.wait.ms,1772023760258000000,1772023798419000000,9
parser.RegExp.size.bytes,1772023760258000000,1772023798419000000,240
lexer.JQuery-CSS.size.bytes,1772023760258000000,1772023798419000000,4620
parser.JAVA.time.ns,1772023760258000000,1772023798419000000,303140989
DiskQueryRelay.tasksExecuted,1772023760258000000,1772023798419000000,7266
lexer.textmate.size.bytes,1772023760258000000,1772023798419000000,5301912
parser.XML.time.ns,1772023760258000000,1772023798419000000,440198374
parser.yaml.time.ns,1772023760258000000,1772023798419000000,5415873
writeAction.count,1772023760258000000,1772023798419000000,3
parser.RegExp.time.ns,1772023760258000000,1772023798419000000,546124
lexer.JAVA.size.bytes,1772023760258000000,1772023798419000000,222714
parser.Properties.time.ns,1772023760258000000,1772023798419000000,1382292
lexer.XML.time.ns,1772023760258000000,1772023798419000000,230311504
lexer.CSS.time.ns,1772023760258000000,1772023798419000000,16945387
DiskQueryRelay.taskWaitingTotalTimeUs,1772023760258000000,1772023798419000000,3352591
parser.Shell.Script.size.bytes,1772023760258000000,1772023798419000000,24940
lexer.Properties.size.bytes,1772023760258000000,1772023798419000000,12102
lexer.IgnoreLang.time.ns,1772023760258000000,1772023798419000000,201458
parser.Properties.size.bytes,1772023760258000000,1772023798419000000,12102
parser.HTML.size.bytes,1772023760258000000,1772023798419000000,4137373
parser.SVG.time.ns,1772023760258000000,1772023798419000000,498999
parser.XML.size.bytes,1772023760258000000,1772023798419000000,11789254
parser.ECMAScript.6.time.ns,1772023760258000000,1772023798419000000,24289359
lexer.Shell.Script.time.ns,1772023760258000000,1772023798419000000,6031709
parser.JAVA.size.bytes,1772023760258000000,1772023798419000000,227880
lexer.Lombok.Config.time.ns,1772023760258000000,1772023798419000000,35291
lexer.SVG.time.ns,1772023760258000000,1772023798419000000,382208
lexer.ECMAScript.6.time.ns,1772023760258000000,1772023798419000000,174626
parser.JSON.size.bytes,1772023760258000000,1772023798419000000,34157563
lexer.JSON.size.bytes,1772023760258000000,1772023798419000000,35841322
DiskQueryRelay.tasksRequested,1772023760258000000,1772023798419000000,7623
parser.JQuery-CSS.size.bytes,1772023760258000000,1772023798419000000,4620
lexer.Groovy.time.ns,1772023760258000000,1772023798419000000,2984293
lexer.RegExp.size.bytes,1772023760258000000,1772023798419000000,240
lexer.textmate.time.ns,1772023760258000000,1772023798419000000,883582
parser.JQuery-CSS.time.ns,1772023760258000000,1772023798419000000,4301450
parser.CSS.size.bytes,1772023760258000000,1772023798419000000,390310
lexer.ECMAScript.6.size.bytes,1772023760258000000,1772023798419000000,7342
lexer.CSS.size.bytes,1772023760258000000,1772023798419000000,390310
lexer.HTML.time.ns,1772023760258000000,1772023798419000000,179160211
NonBlockingReadAction.finalizedExecutionsCount,1772023760258000000,1772023798419000000,286
NonBlockingReadAction.failedExecutionTimeUs,1772023760258000000,1772023798419000000,0
AWTEventQueue.dispatchTimeTotalNS,1772023760258000000,1772023798419000000,489605490
NonBlockingReadAction.failedExecutionsCount,1772023760258000000,1772023798419000000,0
NonBlockingReadAction.finalizedExecutionTimeUs,1772023760258000000,1772023798419000000,215284
workspaceModel.updates.count,1772023760258000000,1772023798419000000,0
workspaceModel.workspaceFileIndexData.visitFileSets.ms,1772023760258000000,1772023798419000000,1
workspaceModel.cachedValue.total.get.count,1772023760258000000,1772023798419000000,9159
workspaceModel.cachedValueWithParameters.clear.count,1772023760258000000,1772023798419000000,0
workspaceModel.update.unloaded.entities.ms,1772023760258000000,1772023798419000000,0
workspaceModel.full.replace.project.model.ms,1772023760258000000,1772023798419000000,0
workspaceModel.collect.changes.ms,1772023760258000000,1772023798419000000,0
workspaceModel.cachedValueWithParameters.calculated.count,1772023760258000000,1772023798419000000,0
workspaceModel.cachedValueWithParameters.from.cache.count,1772023760258000000,1772023798419000000,536
workspaceModel.workspaceFileIndexData.updateDirtyEntities.ms,1772023760258000000,1772023798419000000,0
workspaceModel.workspaceFileIndexData.markDirty.ms,1772023760258000000,1772023798419000000,0
workspaceModel.entityStorageSnapshotImpl.instances.count,1772023760258000000,1772023798419000000,1
workspaceModel.updates.ms,1772023760258000000,1772023798419000000,0
workspaceModel.to.snapshot.ms,1772023760258000000,1772023798419000000,0
workspaceModel.workspaceFileIndexData.processFileSets.ms,1772023760258000000,1772023798419000000,0
workspaceModel.workspaceFileIndexData.onEntitiesChanged.ms,1772023760258000000,1772023798419000000,0
workspaceModel.workspaceFileIndexData.getPackageName.ms,1772023760258000000,1772023798419000000,5
workspaceModel.cachedValue.clear.count,1772023760258000000,1772023798419000000,0
workspaceModel.on.changed.ms,1772023760258000000,1772023798419000000,0
workspaceModel.loading.from.cache.ms,1772023760258000000,1772023798419000000,0
workspaceModel.workspaceFileIndexData.getDirectoriesByPackageName.ms,1772023760258000000,1772023798419000000,12
workspaceModel.workspaceFileIndexContributor.registerFileSets.ms,1772023760258000000,1772023798419000000,0
workspaceModel.cachedValue.from.cache.count,1772023760258000000,1772023798419000000,9158
workspaceModel.loading.total.ms,1772023760258000000,1772023798419000000,0
workspaceModel.pre.handlers.ms,1772023760258000000,1772023798419000000,0
workspaceModel.on.before.changed.ms,1772023760258000000,1772023798419000000,0
workspaceModel.init.bridges.ms,1772023760258000000,1772023798419000000,0
workspaceModel.replace.project.model.ms,1772023760258000000,1772023798419000000,0
workspaceModel.workspaceFileIndexData.instances.count,1772023760258000000,1772023798419000000,0
workspaceModel.check.recursive.update.ms,1772023760258000000,1772023798419000000,0
workspaceModel.updates.precise.ms,1772023760258000000,1772023798419000000,0
workspaceModel.cachedValueWithParameters.total.get.count,1772023760258000000,1772023798419000000,536
workspaceModel.cachedValue.calculated.count,1772023760258000000,1772023798419000000,1
workspaceModel.initializing.ms,1772023760258000000,1772023798419000000,0
workspaceModel.workspaceFileIndexData.init.ms,1772023760258000000,1772023798419000000,0
workspaceModel.workspaceFileIndexData.getFileInfo.ms,1772023760258000000,1772023798419000000,1753
compiler.ArtifactManagerBridge.commit.ms,1772023760258000000,1772023798419000000,0
compiler.ArtifactModifiableModelBridge.dispose.ms,1772023760258000000,1772023798419000000,0
compiler.ArtifactManagerBridge.findArtifact.ms,1772023760258000000,1772023798419000000,0
compiler.ArtifactVirtualFileListener.filePathChanged.ms,1772023760258000000,1772023798419000000,0
compiler.ArtifactModifiableModelBridge.findArtifacts.ms,1772023760258000000,1772023798419000000,0
compiler.ArtifactModifiableModelBridge.getArtifactsByType.ms,1772023760258000000,1772023798419000000,0
compiler.ArtifactModifiableModelBridge.commit.ms,1772023760258000000,1772023798419000000,3
compiler.ArtifactManagerBridge.initBridges.ms,1772023760258000000,1772023798419000000,0
compiler.ArtifactManagerBridge.dropMappings.ms,1772023760258000000,1772023798419000000,0
compiler.ArtifactManagerBridge.addArtifact.ms,1772023760258000000,1772023798419000000,0
compiler.ArtifactVirtualFileListener.propertyChanged.ms,1772023760258000000,1772023798419000000,0
compiler.ArtifactManagerBridge.getArtifacts.ms,1772023760258000000,1772023798419000000,0
compiler.ArtifactManagerBridge.getArtifactsByType.ms,1772023760258000000,1772023798419000000,0
compiler.ArtifactModifiableModelBridge.addArtifact.ms,1772023760258000000,1772023798419000000,0
compiler.ArtifactModifiableModelBridge.getArtifacts.ms,1772023760258000000,1772023798419000000,0
workspaceModel.moduleManagerBridge.set.unloadedModules.ms,1772023760258000000,1772023798419000000,0
workspaceModel.mutableEntityStorage.remove.entity.ms,1772023760258000000,1772023798419000000,0
jps.artifact.entities.serializer.save.entities.ms,1772023760258000000,1772023798419000000,0
jps.modifiable.module.model.bridge.renaming.ms,1772023760258000000,1772023798419000000,0
jps.facet.change.listener.init.bridge.ms,1772023760258000000,1772023798419000000,0
workspaceModel.moduleBridge.update.option.ms,1772023760258000000,1772023798419000000,0
workspaceModel.moduleManagerBridge.load.all.modules.ms,1772023760258000000,1772023798419000000,0
workspaceModel.mutableEntityStorage.modify.entity.ms,1772023760258000000,1772023798419000000,0
jps.storage.jps.conf.reader.load.component.ms,1772023760258000000,1772023798419000000,0
workspaceModel.moduleBridge.before.changed.ms,1772023760258000000,1772023798419000000,0
workspaceModel.mutableEntityStorage.instances.count,1772023760258000000,1772023798419000000,1
workspaceModel.moduleManagerBridge.get.modules.ms,1772023760258000000,1772023798419000000,0
jps.load.project.to.empty.storage.ms,1772023760258000000,1772023798419000000,0
workspaceModel.orphan.listener.update.ms,1772023760258000000,1772023798419000000,0
workspaceModel.mutableEntityStorage.has.same.entities.ms,1772023760258000000,1772023798419000000,0
jps.library.entities.serializer.save.entities.ms,1772023760258000000,1772023798419000000,0
workspaceModel.load.cache.from.file.ms,1772023760258000000,1772023798419000000,0
jps.global.get.libraries.ms,1772023760258000000,1772023798419000000,1
jps.global.get.library.ms,1772023760258000000,1772023798419000000,0
jps.global.initialize.library.bridges.ms,1772023760258000000,1772023798419000000,0
jps.artifact.entities.serializer.load.entities.ms,1772023760258000000,1772023798419000000,0
workspaceModel.mutableEntityStorage.apply.changes.from.ms,1772023760258000000,1772023798419000000,0
jps.load.initial.state.ms,1772023760258000000,1772023798419000000,0
jps.apply.loaded.storage.ms,1772023760258000000,1772023798419000000,0
jps.modifiable.module.model.bridge.load.module.ms,1772023760258000000,1772023798419000000,0
jps.module.iml.entities.serializer.load.entities.ms,1772023760258000000,1772023798419000000,0
jps.project.serializers.load.ms,1772023760258000000,1772023798419000000,0
workspaceModel.mutableEntityStorage.changeLog.addReplaceEventForNewParent.ms,1772023760258000000,1772023798419000000,0
workspaceModel.global.apply.state.to.project.builder.ms,1772023760258000000,1772023798419000000,0
workspaceModel.moduleBridge.facet.initialization.ms,1772023760258000000,1772023798419000000,0
jps.global.get.library.by.name.ms,1772023760258000000,1772023798419000000,0
workspaceModel.mutableEntityStorage.hasReferrers.ms,1772023760258000000,1772023798419000000,0
workspaceModel.mutableEntityStorage.entities.ms,1772023760258000000,1772023798419000000,0
jps.module.iml.entities.serializer.save.entities.ms,1772023760258000000,1772023798419000000,0
workspaceModel.do.save.caches.ms,1772023760258000000,1772023798419000000,0
jps.global.handle.changed.events.ms,1772023760258000000,1772023798419000000,0
jps.save.changed.project.entities.ms,1772023760258000000,1772023798419000000,0
workspaceModel.moduleManagerBridge.load.module.ms,1772023760258000000,1772023798419000000,0
workspaceModel.mutableEntityStorage.referrers.ms,1772023760258000000,1772023798419000000,0
workspaceModel.mutableEntityStorage.mutable.vfurl.index.ms,1772023760258000000,1772023798419000000,0
workspaceModel.global.updates.ms,1772023760258000000,1772023798419000000,0
workspaceModel.global.updates.count,1772023760258000000,1772023798419000000,0
workspaceModel.delayed.project.synchronizer.sync.ms,1772023760258000000,1772023798419000000,0
workspaceModel.mutableEntityStorage.resolve.ms,1772023760258000000,1772023798419000000,0
jps.facet.change.listener.before.change.events.ms,1772023760258000000,1772023798419000000,0
jps.save.global.entities.ms,1772023760258000000,1772023798419000000,0
workspaceModel.mutableEntityStorage.entities.by.source.ms,1772023760258000000,1772023798419000000,0
workspaceModel.moduleManagerBridge.build.module.graph.ms,1772023760258000000,1772023798419000000,0
workspaceModel.global.apply.state.to.project.ms,1772023760258000000,1772023798419000000,0
workspaceModel.moduleBridgeLoader.loading.modules.ms,1772023760258000000,1772023798419000000,0
workspaceModel.mutableEntityStorage.collect.changes.ms,1772023760258000000,1772023798419000000,0
jps.modifiable.module.model.bridge.new.module.ms,1772023760258000000,1772023798419000000,0
workspaceModel.mutableEntityStorage.changeLog.addReplaceEventForNewChild.ms,1772023760258000000,1772023798419000000,0
workspaceModel.mutableEntityStorage.add.entity.ms,1772023760258000000,1772023798419000000,0
workspaceModel.sync.entities.ms,1772023760258000000,1772023798419000000,0
workspaceModel.mutableEntityStorage.mutable.ext.mapping.ms,1772023760258000000,1772023798419000000,0
workspaceModel.moduleManagerBridge.create.module.instance.ms,1772023760258000000,1772023798419000000,0
workspaceModel.moduleManagerBridge.new.nonPersistent.module.ms,1772023760258000000,1772023798419000000,0
jps.module.dependency.index.workspace.model.listener.on.changed.ms,1772023760258000000,1772023798419000000,0
jps.reload.project.entities.ms,1772023760258000000,1772023798419000000,0
workspaceModel.mutableEntityStorage.changeLog.addReplaceEventForRemovedParent.ms,1772023760258000000,1772023798419000000,0
jps.app.storage.content.reader.load.component.ms,1772023760258000000,1772023798419000000,0
workspaceModel.load.cache.metadata.from.file.ms,1772023760258000000,1772023798419000000,0
jps.app.storage.content.writer.save.component.ms,1772023760258000000,1772023798419000000,0
workspaceModel.moduleManagerBridge.newModule.ms,1772023760258000000,1772023798419000000,0
jps.library.entities.serializer.load.entities.ms,1772023760258000000,1772023798419000000,0
jps.global.handle.before.change.events.ms,1772023760258000000,1772023798419000000,0
workspaceModel.mutableEntityStorage.replace.by.source.ms,1772023760258000000,1772023798419000000,0
workspaceModel.save.cache.to.file.ms,1772023760258000000,1772023798419000000,0
jps.project.serializers.save.ms,1772023760258000000,1772023798419000000,0
jps.global.initialize.library.bridges.after.loading.ms,1772023760258000000,1772023798419000000,0
workspaceModel.mutableEntityStorage.to.snapshot.ms,1772023760258000000,1772023798419000000,0
workspaceModel.mutableEntityStorage.changeLog.addReplaceEventForRemovedChild.ms,1772023760258000000,1772023798419000000,0
jps.modifiable.module.model.bridge.disposing.ms,1772023760258000000,1772023798419000000,0
jps.facet.change.listener.process.change.events.ms,1772023760258000000,1772023798419000000,0
workspaceModel.mutableEntityStorage.put.entity.ms,1772023760258000000,1772023798419000000,0
cacheStateStorage.get.duration,1772023760258000000,1772023798419000000,0
cacheStateStorage.set.duration,1772023760258000000,1772023798419000000,1
cacheStateStorage.get.counter,1772023760258000000,1772023798419000000,0
cacheStateStorage.set.counter,1772023760258000000,1772023798419000000,10
