# OpenTelemetry Metrics report: .csv, 4 fields: 
# <metric name>, <period start, nanoseconds>, <period end, nanoseconds>, <metric value>
# See CsvMetricsExporter for details.
# 
# NAME, PERIOD_START_NANOS, PERIOD_END_NANOS, VALUE
workspaceModel.replace.project.model.ms,1772806456373000000,1772806516468000000,48
workspaceModel.workspaceFileIndexData.onEntitiesChanged.ms,1772806456373000000,1772806516468000000,29
workspaceModel.init.bridges.ms,1772806456373000000,1772806516468000000,18
workspaceModel.workspaceFileIndexData.instances.count,1772806456373000000,1772806516468000000,1
workspaceModel.initializing.ms,1772806456373000000,1772806516468000000,12
workspaceModel.updates.precise.ms,1772806456373000000,1772806516468000000,22
workspaceModel.on.changed.ms,1772806456373000000,1772806516468000000,98
workspaceModel.check.recursive.update.ms,1772806456373000000,1772806516468000000,2
workspaceModel.workspaceFileIndexData.getFileInfo.ms,1772806456373000000,1772806516468000000,360
workspaceModel.workspaceFileIndexData.processFileSets.ms,1772806456373000000,1772806516468000000,0
workspaceModel.update.unloaded.entities.ms,1772806456373000000,1772806516468000000,0
workspaceModel.workspaceFileIndexData.getDirectoriesByPackageName.ms,1772806456373000000,1772806516468000000,0
workspaceModel.cachedValue.from.cache.count,1772806456373000000,1772806516468000000,8374
workspaceModel.loading.from.cache.ms,1772806456373000000,1772806516468000000,1
workspaceModel.cachedValueWithParameters.calculated.count,1772806456373000000,1772806516468000000,0
workspaceModel.workspaceFileIndexContributor.registerFileSets.ms,1772806456373000000,1772806516468000000,26
workspaceModel.cachedValueWithParameters.total.get.count,1772806456373000000,1772806516468000000,0
workspaceModel.on.before.changed.ms,1772806456373000000,1772806516468000000,46
workspaceModel.loading.total.ms,1772806456373000000,1772806516468000000,3
workspaceModel.workspaceFileIndexData.init.ms,1772806456373000000,1772806516468000000,3
workspaceModel.workspaceFileIndexData.getPackageName.ms,1772806456373000000,1772806516468000000,0
workspaceModel.workspaceFileIndexData.updateDirtyEntities.ms,1772806456373000000,1772806516468000000,0
workspaceModel.cachedValueWithParameters.from.cache.count,1772806456373000000,1772806516468000000,0
workspaceModel.to.snapshot.ms,1772806456373000000,1772806516468000000,0
workspaceModel.cachedValue.total.get.count,1772806456373000000,1772806516468000000,8437
workspaceModel.entityStorageSnapshotImpl.instances.count,1772806456373000000,1772806516468000000,43
workspaceModel.cachedValue.clear.count,1772806456373000000,1772806516468000000,2
workspaceModel.cachedValue.calculated.count,1772806456373000000,1772806516468000000,63
workspaceModel.workspaceFileIndexData.visitFileSets.ms,1772806456373000000,1772806516468000000,159
workspaceModel.pre.handlers.ms,1772806456373000000,1772806516468000000,1
workspaceModel.full.replace.project.model.ms,1772806456373000000,1772806516468000000,49
workspaceModel.updates.ms,1772806456373000000,1772806516468000000,120
workspaceModel.workspaceFileIndexData.markDirty.ms,1772806456373000000,1772806516468000000,0
workspaceModel.cachedValueWithParameters.clear.count,1772806456373000000,1772806516468000000,0
workspaceModel.collect.changes.ms,1772806456373000000,1772806516468000000,0
workspaceModel.updates.count,1772806456373000000,1772806516468000000,9
compiler.ArtifactManagerBridge.commit.ms,1772806456373000000,1772806516468000000,0
compiler.ArtifactManagerBridge.getArtifactsByType.ms,1772806456373000000,1772806516468000000,0
compiler.ArtifactManagerBridge.getArtifacts.ms,1772806456373000000,1772806516468000000,0
compiler.ArtifactManagerBridge.dropMappings.ms,1772806456373000000,1772806516468000000,0
compiler.ArtifactManagerBridge.addArtifact.ms,1772806456373000000,1772806516468000000,0
compiler.ArtifactVirtualFileListener.propertyChanged.ms,1772806456373000000,1772806516468000000,0
compiler.ArtifactManagerBridge.initBridges.ms,1772806456373000000,1772806516468000000,0
compiler.ArtifactManagerBridge.findArtifact.ms,1772806456373000000,1772806516468000000,0
compiler.ArtifactVirtualFileListener.filePathChanged.ms,1772806456373000000,1772806516468000000,0
VFS.fileByIdCache.misses,1772806456373000000,1772806516468000000,0
VFS.contentStorage.recordsDecompressionTimeUs,1772806456373000000,1772806516468000000,12805
VFS.invertedFileNameIndex.requests,1772806456373000000,1772806516468000000,0
VFS.contentStorage.recordsUncompressedSize,1772806456373000000,1772806516468000000,574171
VFS.rootsCount,1772806456373000000,1772806516468000000,72.0
VFS.contentStorage.recordsStored,1772806456373000000,1772806516468000000,47
VFS.folderCaseSensitivityReads,1772806456373000000,1772806516468000000,307
VFS.fileByIdCache.hits,1772806456373000000,1772806516468000000,0
VFS.fileChildByName,1772806456373000000,1772806516468000000,11301
FileNameCache.totalMisses,1772806456373000000,1772806516468000000,28800
VFS.cache.segmentsCreated,1772806456373000000,1772806516468000000,155
FileNameCache.queries,1772806456373000000,1772806516468000000,3751232
VFS.cache.filesCreated,1772806456373000000,1772806516468000000,96963
VFS.contentStorage.recordsReadDecompressed,1772806456373000000,1772806516468000000,14
VFS.contentStorage.recordsReadSize,1772806456373000000,1772806516468000000,1285459
VFS.contentStorage.recordsStoredSize,1772806456373000000,1772806516468000000,288333
VFS.contentStorage.recordsStoredCompressed,1772806456373000000,1772806516468000000,8
VFS.contentStorage.recordsDeduplicated,1772806456373000000,1772806516468000000,19
VFS.contentStorage.recordsRead,1772806456373000000,1772806516468000000,35
VFS.cache.directoriesCreated,1772806456373000000,1772806516468000000,4051
VFS.cache.segments,1772806456373000000,1772806516468000000,155.0
parser.Flow.JS.size.bytes,1772806456373000000,1772806516468000000,140172
lexer.XML.size.bytes,1772806456373000000,1772806516468000000,6673
parser.ECMAScript.6.size.bytes,1772806456373000000,1772806516468000000,26642154
parser.Flow.JS.time.ns,1772806456373000000,1772806516468000000,476477334
DiskQueryRelay.tasksExecuted,1772806456373000000,1772806516468000000,43684
lexer.Lombok.Config.time.ns,1772806456373000000,1772806516468000000,104125
lexer.HTML.time.ns,1772806456373000000,1772806516468000000,848878873
parser.Groovy.time.ns,1772806456373000000,1772806516468000000,88101418
lexer.SCSS.size.bytes,1772806456373000000,1772806516468000000,21698
parser.CSS.size.bytes,1772806456373000000,1772806516468000000,11459976
DiskQueryRelay.taskWaitingTotalTimeUs,1772806456373000000,1772806516468000000,10647971
lexer.Flow.JS.time.ns,1772806456373000000,1772806516468000000,35582665
writeAction.count,1772806456373000000,1772806516468000000,30
LowMemory.gcOverloaded,1772806456373000000,1772806516468000000,0
lexer.Groovy.size.bytes,1772806456373000000,1772806516468000000,8010
parser.JSON.time.ns,1772806456373000000,1772806516468000000,7163958
writeAction.median.wait.ms,1772806456373000000,1772806516468000000,100
lexer.SCSS.time.ns,1772806456373000000,1772806516468000000,4119333
parser.JAVA.size.bytes,1772806456373000000,1772806516468000000,230286
parser.Groovy.size.bytes,1772806456373000000,1772806516468000000,8010
lexer.HTML.size.bytes,1772806456373000000,1772806516468000000,6748622
lexer.JSON.time.ns,1772806456373000000,1772806516468000000,2950125
parser.JSON.size.bytes,1772806456373000000,1772806516468000000,503
lexer.ECMAScript.6.time.ns,1772806456373000000,1772806516468000000,157249291
DiskQueryRelay.tasksRequested,1772806456373000000,1772806516468000000,43684
lexer.ECMAScript.6.size.bytes,1772806456373000000,1772806516468000000,7965108
parser.Lombok.Config.size.bytes,1772806456373000000,1772806516468000000,137
parser.HTML.size.bytes,1772806456373000000,1772806516468000000,6748622
parser.SCSS.size.bytes,1772806456373000000,1772806516468000000,21698
lexer.JAVA.size.bytes,1772806456373000000,1772806516468000000,150826
parser.ECMAScript.6.time.ns,1772806456373000000,1772806516468000000,1235996783
parser.SCSS.time.ns,1772806456373000000,1772806516468000000,54106339
LowMemory.gcLoad,1772806456373000000,1772806516468000000,0.0
lexer.JSON.size.bytes,1772806456373000000,1772806516468000000,503
parser.Lombok.Config.time.ns,1772806456373000000,1772806516468000000,225584
lexer.Lombok.Config.size.bytes,1772806456373000000,1772806516468000000,137
lexer.Flow.JS.size.bytes,1772806456373000000,1772806516468000000,140172
parser.JAVA.time.ns,1772806456373000000,1772806516468000000,185230483
writeAction.max.wait.ms,1772806456373000000,1772806516468000000,119
writeAction.wait.ms,1772806456373000000,1772806516468000000,210
lexer.CSS.time.ns,1772806456373000000,1772806516468000000,286877166
lexer.Groovy.time.ns,1772806456373000000,1772806516468000000,2233877
parser.CSS.time.ns,1772806456373000000,1772806516468000000,812290895
lexer.CSS.size.bytes,1772806456373000000,1772806516468000000,11459976
parser.HTML.time.ns,1772806456373000000,1772806516468000000,644531457
lexer.XML.time.ns,1772806456373000000,1772806516468000000,1046500
parser.XML.size.bytes,1772806456373000000,1772806516468000000,6673
parser.XML.time.ns,1772806456373000000,1772806516468000000,4074375
lexer.JAVA.time.ns,1772806456373000000,1772806516468000000,23888997
DiskQueryRelay.taskExecutionTotalTimeUs,1772806456373000000,1772806516468000000,8732697
MappedFileStorage.totalPagesMapped,1772806456373000000,1772806516468000000,16
StorageLockContext.competingThreads.max,1772806456373000000,1772806516468000000,0
DirectByteBufferAllocator.misses,1772806456373000000,1772806516468000000,601
FilePageCache.pageHits,1772806456373000000,1772806516468000000,0
FilePageCache.totalPageLoadsUs,1772806456373000000,1772806516468000000,397122
MappedFileStorage.storages,1772806456373000000,1772806516468000000,16
DirectByteBufferAllocator.hits,1772806456373000000,1772806516468000000,209
StorageLockContext.competingThreads.90P,1772806456373000000,1772806516468000000,0
DirectByteBufferAllocator.disposed,1772806456373000000,1772806516468000000,0
DirectByteBufferAllocator.totalSizeOfBuffersCachedInBytes,1772806456373000000,1772806516468000000,1048576
FilePageCache.disposedBuffers,1772806456373000000,1772806516468000000,210
MappedFileStorage.totalTimeSpentOnMappingUs,1772806456373000000,1772806516468000000,170039
MappedFileStorage.totalBytesMapped,1772806456373000000,1772806516468000000,202637312
StreamlinedBlobStorage.recordsDeleted,1772806456373000000,1772806516468000000,14
StreamlinedBlobStorage.recordsRelocated,1772806456373000000,1772806516468000000,0
StreamlinedBlobStorage.totalLiveRecordsCapacityBytes,1772806456373000000,1772806516468000000,6022085
FilePageCache.maxRegisteredFiles,1772806456373000000,1772806516468000000,1824
StreamlinedBlobStorage.recordsAllocated,1772806456373000000,1772806516468000000,62060
FilePageCache.maxCacheSizeInBytes,1772806456373000000,1772806516468000000,629145600
FilePageCache.totalPageDisposalsUs,1772806456373000000,1772806516468000000,1141
DirectByteBufferAllocator.totalSizeOfBuffersAllocatedInBytes,1772806456373000000,1772806516468000000,630194176
FilePageCache.pageFastCacheHits,1772806456373000000,1772806516468000000,2105787
FileChannelInterruptsRetryer.totalRetriedAttempts,1772806456373000000,1772806516468000000,0
StorageLockContext.competingThreads.avg,1772806456373000000,1772806516468000000,0.0
FilePageCache.pageLoadsAboveSizeThreshold,1772806456373000000,1772806516468000000,208
DirectByteBufferAllocator.reclaimed,1772806456373000000,1772806516468000000,210
FilePageCache.pageLoads,1772806456373000000,1772806516468000000,602
FilePageCache.capacityInBytes,1772806456373000000,1772806516468000000,629145600
StreamlinedBlobStorage.totalLiveRecordsPayloadBytes,1772806456373000000,1772806516468000000,3325469
FilePageCache.uncachedFileAccess,1772806456373000000,1772806516468000000,1225
JVM.totalTimeAtSafepointsMs,1772806456373000000,1772806516468000000,585
MEM.fileMappingsRamBytes,1772806456373000000,1772806516468000000,655851520
JVM.GC.collectionTimesMs,1772806456373000000,1772806516468000000,441
JVM.usedHeapBytes,1772806456373000000,1772806516468000000,1112469176
MEM.ramBytes,1772806456373000000,1772806516468000000,3261898752
JVM.newThreadsCount,1772806456373000000,1772806516468000000,398
JVM.maxHeapBytes,1772806456373000000,1772806516468000000,28840034304
JVM.totalDirectByteBuffersBytes,1772806456373000000,1772806516468000000,656852954
JVM.totalBytesAllocated,1772806456373000000,1772806516468000000,10176562792
JVM.threadCount,1772806456373000000,1772806516468000000,138
JVM.committedHeapBytes,1772806456373000000,1772806516468000000,1358954496
JVM.totalTimeToSafepointsMs,1772806456373000000,1772806516468000000,242
MEM.ramPlusSwapMinusFileMappingsBytes,1772806456373000000,1772806516468000000,2606047232
JVM.usedNativeBytes,1772806456373000000,1772806516468000000,373012440
JVM.totalSafepointCount,1772806456373000000,1772806516468000000,376
JVM.GC.collections,1772806456373000000,1772806516468000000,62
JVM.maxThreadCount,1772806456373000000,1772806516468000000,231
MEM.ramMinusFileMappingsBytes,1772806456373000000,1772806516468000000,2606047232
JVM.totalCpuTimeMs,1772806456373000000,1772806516468000000,88320
OS.loadAverage,1772806456373000000,1772806516468000000,4.232421875
cacheStateStorage.get.counter,1772806456373000000,1772806516468000000,18
cacheStateStorage.set.counter,1772806456373000000,1772806516468000000,3
cacheStateStorage.set.duration,1772806456373000000,1772806516468000000,25
cacheStateStorage.get.duration,1772806456373000000,1772806516468000000,0
FlushQueue.executionTimeMaxNs,1772806456373000000,1772806516468000000,53503
FlushQueue.executionTimeAvgNs,1772806456373000000,1772806516468000000,53376.0
FlushQueue.waitingTimeAvgNs,1772806456373000000,1772806516468000000,281600.0
FlushQueue.tasksExecuted,1772806456373000000,1772806516468000000,1
NonBlockingReadAction.failedExecutionsCount,1772806456373000000,1772806516468000000,6
FlushQueue.queueSize90P,1772806456373000000,1772806516468000000,0
AWTEventQueue.eventsDispatched,1772806456373000000,1772806516468000000,2
FlushQueue.waitingTimeMaxNs,1772806456373000000,1772806516468000000,282623
NonBlockingReadAction.failedExecutionTimeUs,1772806456373000000,1772806516468000000,195942
AWTEventQueue.dispatchTime90PNs,1772806456373000000,1772806516468000000,301055
NonBlockingReadAction.finalizedExecutionTimeUs,1772806456373000000,1772806516468000000,239756
NonBlockingReadAction.finalizedExecutionsCount,1772806456373000000,1772806516468000000,41
FlushQueue.queueSizeMax,1772806456373000000,1772806516468000000,0
ReadAction.executionsCount,1772806456373000000,1772806516468000000,249358
FlushQueue.waitingTime90PNs,1772806456373000000,1772806516468000000,282623
WriteAction.executionsCount,1772806456373000000,1772806516468000000,30
FlushQueue.executionTime90PNs,1772806456373000000,1772806516468000000,53503
FlushQueue.queueSizeAvg,1772806456373000000,1772806516468000000,0.0
AWTEventQueue.dispatchTimeTotalNS,1772806456373000000,1772806516468000000,1996601743
AWTEventQueue.dispatchTimeMaxNs,1772806456373000000,1772806516468000000,301055
AWTEventQueue.dispatchTimeAvgNs,1772806456373000000,1772806516468000000,168000.0
Indexing.cache.totalCacheMisses,1772806456373000000,1772806516468000000,807891
Indexing.cache.totalCacheEvicted,1772806456373000000,1772806516468000000,673854
Indexing.totalTimeIndexersSleptMs,1772806456373000000,1772806516468000000,7991
Indexing.writesQueuedMax,1772806456373000000,1772806516468000000,0
Indexing.writer_1.totalTimeSpentWritingMs,1772806456373000000,1772806516468000000,1160
Indexing.cache.totalCacheAccesses,1772806456373000000,1772806516468000000,3611910
Indexing.writer_3.totalTimeSpentWritingMs,1772806456373000000,1772806516468000000,3523
Indexing.writer_2.totalTimeSpentWritingMs,1772806456373000000,1772806516468000000,2101
Indexing.writesQueuedMin,1772806456373000000,1772806516468000000,9223372036854775807
Indexing.writer_0.totalTimeSpentWritingMs,1772806456373000000,1772806516468000000,998
jps.library.entities.serializer.save.entities.ms,1772806456373000000,1772806516468000000,0
workspaceModel.load.cache.from.file.ms,1772806456373000000,1772806516468000000,1
workspaceModel.moduleManagerBridge.load.all.modules.ms,1772806456373000000,1772806516468000000,2
workspaceModel.mutableEntityStorage.put.entity.ms,1772806456373000000,1772806516468000000,19
workspaceModel.moduleBridge.update.option.ms,1772806456373000000,1772806516468000000,0
jps.reload.project.entities.ms,1772806456373000000,1772806516468000000,0
workspaceModel.moduleManagerBridge.set.unloadedModules.ms,1772806456373000000,1772806516468000000,0
jps.apply.loaded.storage.ms,1772806456373000000,1772806516468000000,54
jps.module.iml.entities.serializer.save.entities.ms,1772806456373000000,1772806516468000000,0
workspaceModel.moduleBridge.facet.initialization.ms,1772806456373000000,1772806516468000000,0
jps.modifiable.module.model.bridge.new.module.ms,1772806456373000000,1772806516468000000,7
workspaceModel.mutableEntityStorage.changeLog.addReplaceEventForNewParent.ms,1772806456373000000,1772806516468000000,0
jps.artifact.entities.serializer.load.entities.ms,1772806456373000000,1772806516468000000,1
workspaceModel.mutableEntityStorage.mutable.ext.mapping.ms,1772806456373000000,1772806516468000000,0
workspaceModel.delayed.project.synchronizer.sync.ms,1772806456373000000,1772806516468000000,0
workspaceModel.sync.entities.ms,1772806456373000000,1772806516468000000,2
workspaceModel.moduleManagerBridge.create.module.instance.ms,1772806456373000000,1772806516468000000,3
jps.load.project.to.empty.storage.ms,1772806456373000000,1772806516468000000,101
workspaceModel.mutableEntityStorage.referrers.ms,1772806456373000000,1772806516468000000,0
jps.global.initialize.library.bridges.ms,1772806456373000000,1772806516468000000,0
workspaceModel.moduleBridgeLoader.loading.modules.ms,1772806456373000000,1772806516468000000,39
workspaceModel.mutableEntityStorage.replace.by.source.ms,1772806456373000000,1772806516468000000,17
workspaceModel.mutableEntityStorage.has.same.entities.ms,1772806456373000000,1772806516468000000,1
jps.app.storage.content.reader.load.component.ms,1772806456373000000,1772806516468000000,1
jps.load.initial.state.ms,1772806456373000000,1772806516468000000,10
workspaceModel.global.updates.count,1772806456373000000,1772806516468000000,3
workspaceModel.mutableEntityStorage.changeLog.addReplaceEventForNewChild.ms,1772806456373000000,1772806516468000000,4
jps.global.handle.changed.events.ms,1772806456373000000,1772806516468000000,0
workspaceModel.mutableEntityStorage.collect.changes.ms,1772806456373000000,1772806516468000000,1
workspaceModel.mutableEntityStorage.instances.count,1772806456373000000,1772806516468000000,65
workspaceModel.mutableEntityStorage.add.entity.ms,1772806456373000000,1772806516468000000,64
workspaceModel.global.apply.state.to.project.builder.ms,1772806456373000000,1772806516468000000,4
jps.modifiable.module.model.bridge.renaming.ms,1772806456373000000,1772806516468000000,0
workspaceModel.moduleManagerBridge.newModule.ms,1772806456373000000,1772806516468000000,17
jps.modifiable.module.model.bridge.disposing.ms,1772806456373000000,1772806516468000000,0
workspaceModel.orphan.listener.update.ms,1772806456373000000,1772806516468000000,3
workspaceModel.mutableEntityStorage.entities.by.source.ms,1772806456373000000,1772806516468000000,0
jps.artifact.entities.serializer.save.entities.ms,1772806456373000000,1772806516468000000,0
workspaceModel.mutableEntityStorage.changeLog.addReplaceEventForRemovedParent.ms,1772806456373000000,1772806516468000000,0
jps.project.serializers.load.ms,1772806456373000000,1772806516468000000,46
workspaceModel.mutableEntityStorage.hasReferrers.ms,1772806456373000000,1772806516468000000,0
workspaceModel.global.apply.state.to.project.ms,1772806456373000000,1772806516468000000,4
workspaceModel.do.save.caches.ms,1772806456373000000,1772806516468000000,71
jps.global.initialize.library.bridges.after.loading.ms,1772806456373000000,1772806516468000000,1
workspaceModel.mutableEntityStorage.resolve.ms,1772806456373000000,1772806516468000000,0
jps.global.get.libraries.ms,1772806456373000000,1772806516468000000,1
jps.facet.change.listener.process.change.events.ms,1772806456373000000,1772806516468000000,0
jps.library.entities.serializer.load.entities.ms,1772806456373000000,1772806516468000000,2
workspaceModel.mutableEntityStorage.changeLog.addReplaceEventForRemovedChild.ms,1772806456373000000,1772806516468000000,1
jps.global.get.library.ms,1772806456373000000,1772806516468000000,0
jps.storage.jps.conf.reader.load.component.ms,1772806456373000000,1772806516468000000,5
jps.module.iml.entities.serializer.load.entities.ms,1772806456373000000,1772806516468000000,66
jps.module.dependency.index.workspace.model.listener.on.changed.ms,1772806456373000000,1772806516468000000,2
workspaceModel.moduleBridge.before.changed.ms,1772806456373000000,1772806516468000000,0
jps.save.global.entities.ms,1772806456373000000,1772806516468000000,0
workspaceModel.moduleManagerBridge.new.nonPersistent.module.ms,1772806456373000000,1772806516468000000,0
jps.global.get.library.by.name.ms,1772806456373000000,1772806516468000000,0
workspaceModel.mutableEntityStorage.remove.entity.ms,1772806456373000000,1772806516468000000,7
workspaceModel.moduleManagerBridge.build.module.graph.ms,1772806456373000000,1772806516468000000,1
workspaceModel.moduleManagerBridge.get.modules.ms,1772806456373000000,1772806516468000000,1
jps.project.serializers.save.ms,1772806456373000000,1772806516468000000,0
workspaceModel.mutableEntityStorage.apply.changes.from.ms,1772806456373000000,1772806516468000000,7
workspaceModel.save.cache.to.file.ms,1772806456373000000,1772806516468000000,113
workspaceModel.mutableEntityStorage.entities.ms,1772806456373000000,1772806516468000000,1
workspaceModel.global.updates.ms,1772806456373000000,1772806516468000000,17
workspaceModel.moduleManagerBridge.load.module.ms,1772806456373000000,1772806516468000000,0
workspaceModel.mutableEntityStorage.to.snapshot.ms,1772806456373000000,1772806516468000000,2
workspaceModel.load.cache.metadata.from.file.ms,1772806456373000000,1772806516468000000,0
jps.facet.change.listener.init.bridge.ms,1772806456373000000,1772806516468000000,2
jps.modifiable.module.model.bridge.load.module.ms,1772806456373000000,1772806516468000000,0
workspaceModel.mutableEntityStorage.mutable.vfurl.index.ms,1772806456373000000,1772806516468000000,0
workspaceModel.mutableEntityStorage.modify.entity.ms,1772806456373000000,1772806516468000000,35
jps.global.handle.before.change.events.ms,1772806456373000000,1772806516468000000,1
jps.facet.change.listener.before.change.events.ms,1772806456373000000,1772806516468000000,0
jps.save.changed.project.entities.ms,1772806456373000000,1772806516468000000,0
workspaceModel.replace.project.model.ms,1772806516468000000,1772806576436000000,0
workspaceModel.workspaceFileIndexData.onEntitiesChanged.ms,1772806516468000000,1772806576436000000,4
workspaceModel.init.bridges.ms,1772806516468000000,1772806576436000000,7
workspaceModel.workspaceFileIndexData.instances.count,1772806516468000000,1772806576436000000,0
workspaceModel.initializing.ms,1772806516468000000,1772806576436000000,7
workspaceModel.updates.precise.ms,1772806516468000000,1772806576436000000,16
workspaceModel.on.changed.ms,1772806516468000000,1772806576436000000,18
workspaceModel.check.recursive.update.ms,1772806516468000000,1772806576436000000,2
workspaceModel.workspaceFileIndexData.getFileInfo.ms,1772806516468000000,1772806576436000000,97
workspaceModel.workspaceFileIndexData.processFileSets.ms,1772806516468000000,1772806576436000000,0
workspaceModel.update.unloaded.entities.ms,1772806516468000000,1772806576436000000,0
workspaceModel.workspaceFileIndexData.getDirectoriesByPackageName.ms,1772806516468000000,1772806576436000000,0
workspaceModel.cachedValue.from.cache.count,1772806516468000000,1772806576436000000,7277
workspaceModel.loading.from.cache.ms,1772806516468000000,1772806576436000000,0
workspaceModel.cachedValueWithParameters.calculated.count,1772806516468000000,1772806576436000000,0
workspaceModel.workspaceFileIndexContributor.registerFileSets.ms,1772806516468000000,1772806576436000000,2
workspaceModel.cachedValueWithParameters.total.get.count,1772806516468000000,1772806576436000000,0
workspaceModel.on.before.changed.ms,1772806516468000000,1772806576436000000,3
workspaceModel.loading.total.ms,1772806516468000000,1772806576436000000,0
workspaceModel.workspaceFileIndexData.init.ms,1772806516468000000,1772806576436000000,0
workspaceModel.workspaceFileIndexData.getPackageName.ms,1772806516468000000,1772806576436000000,0
workspaceModel.workspaceFileIndexData.updateDirtyEntities.ms,1772806516468000000,1772806576436000000,0
workspaceModel.cachedValueWithParameters.from.cache.count,1772806516468000000,1772806576436000000,0
workspaceModel.to.snapshot.ms,1772806516468000000,1772806576436000000,0
workspaceModel.cachedValue.total.get.count,1772806516468000000,1772806576436000000,7388
workspaceModel.entityStorageSnapshotImpl.instances.count,1772806516468000000,1772806576436000000,21
workspaceModel.cachedValue.clear.count,1772806516468000000,1772806576436000000,0
workspaceModel.cachedValue.calculated.count,1772806516468000000,1772806576436000000,111
workspaceModel.workspaceFileIndexData.visitFileSets.ms,1772806516468000000,1772806576436000000,8
workspaceModel.pre.handlers.ms,1772806516468000000,1772806576436000000,0
workspaceModel.full.replace.project.model.ms,1772806516468000000,1772806576436000000,0
workspaceModel.updates.ms,1772806516468000000,1772806576436000000,47
workspaceModel.workspaceFileIndexData.markDirty.ms,1772806516468000000,1772806576436000000,0
workspaceModel.cachedValueWithParameters.clear.count,1772806516468000000,1772806576436000000,0
workspaceModel.collect.changes.ms,1772806516468000000,1772806576436000000,0
workspaceModel.updates.count,1772806516468000000,1772806576436000000,8
compiler.ArtifactManagerBridge.getArtifactsByType.ms,1772806516468000000,1772806576436000000,0
compiler.ArtifactManagerBridge.getArtifacts.ms,1772806516468000000,1772806576436000000,0
compiler.ArtifactManagerBridge.dropMappings.ms,1772806516468000000,1772806576436000000,0
compiler.ArtifactModifiableModelBridge.findArtifacts.ms,1772806516468000000,1772806576436000000,0
compiler.ArtifactManagerBridge.addArtifact.ms,1772806516468000000,1772806576436000000,0
compiler.ArtifactManagerBridge.initBridges.ms,1772806516468000000,1772806576436000000,0
compiler.ArtifactModifiableModelBridge.getArtifacts.ms,1772806516468000000,1772806576436000000,0
compiler.ArtifactVirtualFileListener.filePathChanged.ms,1772806516468000000,1772806576436000000,0
compiler.ArtifactModifiableModelBridge.dispose.ms,1772806516468000000,1772806576436000000,0
compiler.ArtifactManagerBridge.commit.ms,1772806516468000000,1772806576436000000,3
compiler.ArtifactModifiableModelBridge.getArtifactsByType.ms,1772806516468000000,1772806576436000000,0
compiler.ArtifactModifiableModelBridge.commit.ms,1772806516468000000,1772806576436000000,3
compiler.ArtifactModifiableModelBridge.addArtifact.ms,1772806516468000000,1772806576436000000,0
compiler.ArtifactVirtualFileListener.propertyChanged.ms,1772806516468000000,1772806576436000000,0
compiler.ArtifactManagerBridge.findArtifact.ms,1772806516468000000,1772806576436000000,0
VFS.fileByIdCache.misses,1772806516468000000,1772806576436000000,57
VFS.contentStorage.recordsDecompressionTimeUs,1772806516468000000,1772806576436000000,0
VFS.invertedFileNameIndex.requests,1772806516468000000,1772806576436000000,12
VFS.contentStorage.recordsUncompressedSize,1772806516468000000,1772806576436000000,121
VFS.rootsCount,1772806516468000000,1772806576436000000,210.0
VFS.contentStorage.recordsStored,1772806516468000000,1772806576436000000,1
VFS.folderCaseSensitivityReads,1772806516468000000,1772806576436000000,119
VFS.fileByIdCache.hits,1772806516468000000,1772806576436000000,1
VFS.fileChildByName,1772806516468000000,1772806576436000000,8155
FileNameCache.totalMisses,1772806516468000000,1772806576436000000,832
VFS.cache.segmentsCreated,1772806516468000000,1772806576436000000,14
FileNameCache.queries,1772806516468000000,1772806576436000000,753408
VFS.cache.filesCreated,1772806516468000000,1772806576436000000,54021
VFS.contentStorage.recordsReadDecompressed,1772806516468000000,1772806576436000000,0
VFS.contentStorage.recordsReadSize,1772806516468000000,1772806576436000000,3959
VFS.contentStorage.recordsStoredSize,1772806516468000000,1772806576436000000,121
VFS.contentStorage.recordsStoredCompressed,1772806516468000000,1772806576436000000,0
VFS.contentStorage.recordsDeduplicated,1772806516468000000,1772806576436000000,1
VFS.contentStorage.recordsRead,1772806516468000000,1772806576436000000,1
VFS.cache.directoriesCreated,1772806516468000000,1772806576436000000,641
VFS.cache.segments,1772806516468000000,1772806576436000000,169.0
lexer.XML.size.bytes,1772806516468000000,1772806576436000000,32526
parser.ECMAScript.6.size.bytes,1772806516468000000,1772806576436000000,844395
DiskQueryRelay.tasksExecuted,1772806516468000000,1772806576436000000,11655
lexer.HTML.time.ns,1772806516468000000,1772806576436000000,600833
parser.Groovy.time.ns,1772806516468000000,1772806576436000000,6619250
parser.CSS.size.bytes,1772806516468000000,1772806576436000000,10806081
DiskQueryRelay.taskWaitingTotalTimeUs,1772806516468000000,1772806576436000000,1865828
writeAction.count,1772806516468000000,1772806576436000000,29
LowMemory.gcOverloaded,1772806516468000000,1772806576436000000,0
lexer.Groovy.size.bytes,1772806516468000000,1772806576436000000,4767
writeAction.median.wait.ms,1772806516468000000,1772806576436000000,200
parser.JAVA.size.bytes,1772806516468000000,1772806576436000000,424384
parser.Groovy.size.bytes,1772806516468000000,1772806576436000000,4767
lexer.HTML.size.bytes,1772806516468000000,1772806576436000000,5268
DiskQueryRelay.tasksRequested,1772806516468000000,1772806576436000000,11656
parser.HTML.size.bytes,1772806516468000000,1772806576436000000,5268
lexer.JAVA.size.bytes,1772806516468000000,1772806576436000000,284150
parser.ECMAScript.6.time.ns,1772806516468000000,1772806576436000000,36268945
LowMemory.gcLoad,1772806516468000000,1772806576436000000,0.0
parser.JAVA.time.ns,1772806516468000000,1772806576436000000,111321842
writeAction.max.wait.ms,1772806516468000000,1772806576436000000,119
writeAction.wait.ms,1772806516468000000,1772806576436000000,16
lexer.CSS.time.ns,1772806516468000000,1772806576436000000,253719853
lexer.Groovy.time.ns,1772806516468000000,1772806576436000000,433583
parser.CSS.time.ns,1772806516468000000,1772806576436000000,463354349
lexer.CSS.size.bytes,1772806516468000000,1772806576436000000,10806081
parser.HTML.time.ns,1772806516468000000,1772806576436000000,775457
lexer.XML.time.ns,1772806516468000000,1772806576436000000,576001
parser.XML.size.bytes,1772806516468000000,1772806576436000000,32526
parser.XML.time.ns,1772806516468000000,1772806576436000000,3334292
lexer.JAVA.time.ns,1772806516468000000,1772806576436000000,40645545
DiskQueryRelay.taskExecutionTotalTimeUs,1772806516468000000,1772806576436000000,1020384
MappedFileStorage.totalPagesMapped,1772806516468000000,1772806576436000000,16
StorageLockContext.competingThreads.max,1772806516468000000,1772806576436000000,0
DirectByteBufferAllocator.misses,1772806516468000000,1772806576436000000,0
FilePageCache.pageHits,1772806516468000000,1772806576436000000,3
FilePageCache.totalPageLoadsUs,1772806516468000000,1772806576436000000,149663
MappedFileStorage.storages,1772806516468000000,1772806576436000000,16
DirectByteBufferAllocator.hits,1772806516468000000,1772806576436000000,314
StorageLockContext.competingThreads.90P,1772806516468000000,1772806576436000000,0
DirectByteBufferAllocator.disposed,1772806516468000000,1772806576436000000,0
DirectByteBufferAllocator.totalSizeOfBuffersCachedInBytes,1772806516468000000,1772806576436000000,1048576
FilePageCache.disposedBuffers,1772806516468000000,1772806576436000000,314
MappedFileStorage.totalTimeSpentOnMappingUs,1772806516468000000,1772806576436000000,170039
MappedFileStorage.totalBytesMapped,1772806516468000000,1772806576436000000,202637312
StreamlinedBlobStorage.recordsDeleted,1772806516468000000,1772806576436000000,4
StreamlinedBlobStorage.recordsRelocated,1772806516468000000,1772806576436000000,0
StreamlinedBlobStorage.totalLiveRecordsCapacityBytes,1772806516468000000,1772806576436000000,498040
FilePageCache.maxRegisteredFiles,1772806516468000000,1772806576436000000,1824
StreamlinedBlobStorage.recordsAllocated,1772806516468000000,1772806576436000000,7063
FilePageCache.maxCacheSizeInBytes,1772806516468000000,1772806576436000000,629145600
FilePageCache.totalPageDisposalsUs,1772806516468000000,1772806576436000000,21
DirectByteBufferAllocator.totalSizeOfBuffersAllocatedInBytes,1772806516468000000,1772806576436000000,630194176
FilePageCache.pageFastCacheHits,1772806516468000000,1772806576436000000,1073269
FileChannelInterruptsRetryer.totalRetriedAttempts,1772806516468000000,1772806576436000000,0
StorageLockContext.competingThreads.avg,1772806516468000000,1772806576436000000,0.0
FilePageCache.pageLoadsAboveSizeThreshold,1772806516468000000,1772806576436000000,314
DirectByteBufferAllocator.reclaimed,1772806516468000000,1772806576436000000,314
FilePageCache.pageLoads,1772806516468000000,1772806576436000000,0
FilePageCache.capacityInBytes,1772806516468000000,1772806576436000000,629145600
StreamlinedBlobStorage.totalLiveRecordsPayloadBytes,1772806516468000000,1772806576436000000,87500
FilePageCache.uncachedFileAccess,1772806516468000000,1772806576436000000,800
JVM.totalTimeAtSafepointsMs,1772806516468000000,1772806576436000000,84
MEM.fileMappingsRamBytes,1772806516468000000,1772806576436000000,711069696
JVM.GC.collectionTimesMs,1772806516468000000,1772806576436000000,61
JVM.usedHeapBytes,1772806516468000000,1772806576436000000,684809664
MEM.ramBytes,1772806516468000000,1772806576436000000,3731554304
JVM.newThreadsCount,1772806516468000000,1772806576436000000,28
JVM.maxHeapBytes,1772806516468000000,1772806576436000000,28840034304
JVM.totalDirectByteBuffersBytes,1772806516468000000,1772806576436000000,658663543
JVM.totalBytesAllocated,1772806516468000000,1772806576436000000,2630192824
JVM.threadCount,1772806516468000000,1772806576436000000,149
JVM.committedHeapBytes,1772806516468000000,1772806576436000000,1644167168
JVM.totalTimeToSafepointsMs,1772806516468000000,1772806576436000000,38
MEM.ramPlusSwapMinusFileMappingsBytes,1772806516468000000,1772806576436000000,3020484608
JVM.usedNativeBytes,1772806516468000000,1772806576436000000,451658384
JVM.totalSafepointCount,1772806516468000000,1772806576436000000,97
JVM.GC.collections,1772806516468000000,1772806576436000000,6
JVM.maxThreadCount,1772806516468000000,1772806576436000000,231
MEM.ramMinusFileMappingsBytes,1772806516468000000,1772806576436000000,3020484608
JVM.totalCpuTimeMs,1772806516468000000,1772806576436000000,20800
OS.loadAverage,1772806516468000000,1772806576436000000,2.98486328125
cacheStateStorage.get.counter,1772806516468000000,1772806576436000000,1
cacheStateStorage.set.counter,1772806516468000000,1772806576436000000,1
cacheStateStorage.set.duration,1772806516468000000,1772806576436000000,0
cacheStateStorage.get.duration,1772806516468000000,1772806576436000000,0
FlushQueue.executionTimeMaxNs,1772806516468000000,1772806576436000000,0
FlushQueue.executionTimeAvgNs,1772806516468000000,1772806576436000000,0.0
FlushQueue.waitingTimeAvgNs,1772806516468000000,1772806576436000000,0.0
FlushQueue.tasksExecuted,1772806516468000000,1772806576436000000,0
NonBlockingReadAction.failedExecutionsCount,1772806516468000000,1772806576436000000,0
FlushQueue.queueSize90P,1772806516468000000,1772806576436000000,0
AWTEventQueue.eventsDispatched,1772806516468000000,1772806576436000000,0
FlushQueue.waitingTimeMaxNs,1772806516468000000,1772806576436000000,0
NonBlockingReadAction.failedExecutionTimeUs,1772806516468000000,1772806576436000000,0
AWTEventQueue.dispatchTime90PNs,1772806516468000000,1772806576436000000,0
NonBlockingReadAction.finalizedExecutionTimeUs,1772806516468000000,1772806576436000000,71286
NonBlockingReadAction.finalizedExecutionsCount,1772806516468000000,1772806576436000000,60
FlushQueue.queueSizeMax,1772806516468000000,1772806576436000000,0
ReadAction.executionsCount,1772806516468000000,1772806576436000000,133064
FlushQueue.waitingTime90PNs,1772806516468000000,1772806576436000000,0
WriteAction.executionsCount,1772806516468000000,1772806576436000000,29
FlushQueue.executionTime90PNs,1772806516468000000,1772806576436000000,0
FlushQueue.queueSizeAvg,1772806516468000000,1772806576436000000,0.0
AWTEventQueue.dispatchTimeTotalNS,1772806516468000000,1772806576436000000,620675912
AWTEventQueue.dispatchTimeMaxNs,1772806516468000000,1772806576436000000,0
AWTEventQueue.dispatchTimeAvgNs,1772806516468000000,1772806576436000000,0.0
Indexing.cache.totalCacheMisses,1772806516468000000,1772806576436000000,92636
Indexing.cache.totalCacheEvicted,1772806516468000000,1772806576436000000,225540
Indexes.allKeys.lookupDurationAvgMs,1772806516468000000,1772806576436000000,0.0
Indexing.writer_1.totalTimeSpentWritingMs,1772806516468000000,1772806576436000000,166
Indexing.cache.totalCacheAccesses,1772806516468000000,1772806576436000000,220665
Indexing.writer_3.totalTimeSpentWritingMs,1772806516468000000,1772806576436000000,207
Indexes.stubs.lookups,1772806516468000000,1772806576436000000,2562
Indexes.allKeys.lookupDurationMaxMs,1772806516468000000,1772806576436000000,0.0
Indexes.stubs.lookupDurationMaxMs,1772806516468000000,1772806576436000000,0.0
Indexes.entries.lookupDurationMaxMs,1772806516468000000,1772806576436000000,0.0
Indexing.writer_0.totalTimeSpentWritingMs,1772806516468000000,1772806576436000000,73
Indexes.entries.lookupDuration90PMs,1772806516468000000,1772806576436000000,0.0
Indexing.totalTimeIndexersSleptMs,1772806516468000000,1772806576436000000,0
Indexing.writesQueuedMax,1772806516468000000,1772806576436000000,0
Indexes.allKeys.lookupDuration90PMs,1772806516468000000,1772806576436000000,0.0
Indexes.allKeys.lookups,1772806516468000000,1772806576436000000,2
Indexes.stubs.lookupDuration90PMs,1772806516468000000,1772806576436000000,0.0
Indexing.writer_2.totalTimeSpentWritingMs,1772806516468000000,1772806576436000000,249
Indexing.writesQueuedMin,1772806516468000000,1772806576436000000,9223372036854775807
Indexes.stubs.lookupDurationAvgMs,1772806516468000000,1772806576436000000,0.0
Indexes.entries.lookups,1772806516468000000,1772806576436000000,20
Indexes.entries.lookupDurationAvgMs,1772806516468000000,1772806576436000000,0.0
jps.library.entities.serializer.save.entities.ms,1772806516468000000,1772806576436000000,0
workspaceModel.load.cache.from.file.ms,1772806516468000000,1772806576436000000,0
workspaceModel.moduleManagerBridge.load.all.modules.ms,1772806516468000000,1772806576436000000,0
workspaceModel.mutableEntityStorage.put.entity.ms,1772806516468000000,1772806576436000000,5
workspaceModel.moduleBridge.update.option.ms,1772806516468000000,1772806576436000000,0
jps.reload.project.entities.ms,1772806516468000000,1772806576436000000,0
workspaceModel.moduleManagerBridge.set.unloadedModules.ms,1772806516468000000,1772806576436000000,0
jps.apply.loaded.storage.ms,1772806516468000000,1772806576436000000,0
jps.module.iml.entities.serializer.save.entities.ms,1772806516468000000,1772806576436000000,0
workspaceModel.moduleBridge.facet.initialization.ms,1772806516468000000,1772806576436000000,0
jps.modifiable.module.model.bridge.new.module.ms,1772806516468000000,1772806576436000000,3
workspaceModel.mutableEntityStorage.changeLog.addReplaceEventForNewParent.ms,1772806516468000000,1772806576436000000,0
jps.artifact.entities.serializer.load.entities.ms,1772806516468000000,1772806576436000000,0
workspaceModel.mutableEntityStorage.mutable.ext.mapping.ms,1772806516468000000,1772806576436000000,0
workspaceModel.delayed.project.synchronizer.sync.ms,1772806516468000000,1772806576436000000,0
workspaceModel.sync.entities.ms,1772806516468000000,1772806576436000000,0
workspaceModel.moduleManagerBridge.create.module.instance.ms,1772806516468000000,1772806576436000000,0
jps.load.project.to.empty.storage.ms,1772806516468000000,1772806576436000000,0
workspaceModel.mutableEntityStorage.referrers.ms,1772806516468000000,1772806576436000000,0
jps.global.initialize.library.bridges.ms,1772806516468000000,1772806576436000000,0
workspaceModel.moduleBridgeLoader.loading.modules.ms,1772806516468000000,1772806576436000000,0
workspaceModel.mutableEntityStorage.replace.by.source.ms,1772806516468000000,1772806576436000000,6
workspaceModel.mutableEntityStorage.has.same.entities.ms,1772806516468000000,1772806576436000000,0
jps.app.storage.content.reader.load.component.ms,1772806516468000000,1772806576436000000,0
jps.load.initial.state.ms,1772806516468000000,1772806576436000000,0
workspaceModel.global.updates.count,1772806516468000000,1772806576436000000,0
workspaceModel.mutableEntityStorage.changeLog.addReplaceEventForNewChild.ms,1772806516468000000,1772806576436000000,0
jps.global.handle.changed.events.ms,1772806516468000000,1772806576436000000,0
workspaceModel.mutableEntityStorage.collect.changes.ms,1772806516468000000,1772806576436000000,0
workspaceModel.mutableEntityStorage.instances.count,1772806516468000000,1772806576436000000,26
workspaceModel.mutableEntityStorage.add.entity.ms,1772806516468000000,1772806576436000000,17
workspaceModel.global.apply.state.to.project.builder.ms,1772806516468000000,1772806576436000000,0
jps.modifiable.module.model.bridge.renaming.ms,1772806516468000000,1772806576436000000,0
workspaceModel.moduleManagerBridge.newModule.ms,1772806516468000000,1772806576436000000,0
jps.modifiable.module.model.bridge.disposing.ms,1772806516468000000,1772806576436000000,0
workspaceModel.orphan.listener.update.ms,1772806516468000000,1772806576436000000,7
workspaceModel.mutableEntityStorage.entities.by.source.ms,1772806516468000000,1772806576436000000,0
jps.artifact.entities.serializer.save.entities.ms,1772806516468000000,1772806576436000000,0
workspaceModel.mutableEntityStorage.changeLog.addReplaceEventForRemovedParent.ms,1772806516468000000,1772806576436000000,0
jps.project.serializers.load.ms,1772806516468000000,1772806576436000000,0
workspaceModel.mutableEntityStorage.hasReferrers.ms,1772806516468000000,1772806576436000000,0
workspaceModel.global.apply.state.to.project.ms,1772806516468000000,1772806576436000000,0
workspaceModel.do.save.caches.ms,1772806516468000000,1772806576436000000,10
jps.global.initialize.library.bridges.after.loading.ms,1772806516468000000,1772806576436000000,0
workspaceModel.mutableEntityStorage.resolve.ms,1772806516468000000,1772806576436000000,1
jps.global.get.libraries.ms,1772806516468000000,1772806576436000000,0
jps.facet.change.listener.process.change.events.ms,1772806516468000000,1772806576436000000,0
jps.library.entities.serializer.load.entities.ms,1772806516468000000,1772806576436000000,0
workspaceModel.mutableEntityStorage.changeLog.addReplaceEventForRemovedChild.ms,1772806516468000000,1772806576436000000,1
jps.global.get.library.ms,1772806516468000000,1772806576436000000,0
jps.storage.jps.conf.reader.load.component.ms,1772806516468000000,1772806576436000000,0
jps.module.iml.entities.serializer.load.entities.ms,1772806516468000000,1772806576436000000,0
jps.module.dependency.index.workspace.model.listener.on.changed.ms,1772806516468000000,1772806576436000000,1
workspaceModel.moduleBridge.before.changed.ms,1772806516468000000,1772806576436000000,0
jps.save.global.entities.ms,1772806516468000000,1772806576436000000,0
workspaceModel.moduleManagerBridge.new.nonPersistent.module.ms,1772806516468000000,1772806576436000000,0
jps.global.get.library.by.name.ms,1772806516468000000,1772806576436000000,0
workspaceModel.mutableEntityStorage.remove.entity.ms,1772806516468000000,1772806576436000000,2
workspaceModel.moduleManagerBridge.build.module.graph.ms,1772806516468000000,1772806576436000000,0
workspaceModel.moduleManagerBridge.get.modules.ms,1772806516468000000,1772806576436000000,0
jps.project.serializers.save.ms,1772806516468000000,1772806576436000000,0
workspaceModel.mutableEntityStorage.apply.changes.from.ms,1772806516468000000,1772806576436000000,4
workspaceModel.save.cache.to.file.ms,1772806516468000000,1772806576436000000,9
workspaceModel.mutableEntityStorage.entities.ms,1772806516468000000,1772806576436000000,0
workspaceModel.global.updates.ms,1772806516468000000,1772806576436000000,0
workspaceModel.moduleManagerBridge.load.module.ms,1772806516468000000,1772806576436000000,0
workspaceModel.mutableEntityStorage.to.snapshot.ms,1772806516468000000,1772806576436000000,0
workspaceModel.load.cache.metadata.from.file.ms,1772806516468000000,1772806576436000000,0
jps.facet.change.listener.init.bridge.ms,1772806516468000000,1772806576436000000,0
jps.modifiable.module.model.bridge.load.module.ms,1772806516468000000,1772806576436000000,0
workspaceModel.mutableEntityStorage.mutable.vfurl.index.ms,1772806516468000000,1772806576436000000,0
workspaceModel.mutableEntityStorage.modify.entity.ms,1772806516468000000,1772806576436000000,10
jps.global.handle.before.change.events.ms,1772806516468000000,1772806576436000000,0
jps.facet.change.listener.before.change.events.ms,1772806516468000000,1772806576436000000,0
jps.save.changed.project.entities.ms,1772806516468000000,1772806576436000000,0
workspaceModel.replace.project.model.ms,1772806576436000000,1772806636419000000,0
workspaceModel.workspaceFileIndexData.onEntitiesChanged.ms,1772806576436000000,1772806636419000000,0
workspaceModel.init.bridges.ms,1772806576436000000,1772806636419000000,0
workspaceModel.workspaceFileIndexData.instances.count,1772806576436000000,1772806636419000000,0
workspaceModel.initializing.ms,1772806576436000000,1772806636419000000,0
workspaceModel.updates.precise.ms,1772806576436000000,1772806636419000000,0
workspaceModel.on.changed.ms,1772806576436000000,1772806636419000000,0
workspaceModel.check.recursive.update.ms,1772806576436000000,1772806636419000000,0
workspaceModel.workspaceFileIndexData.getFileInfo.ms,1772806576436000000,1772806636419000000,0
workspaceModel.workspaceFileIndexData.processFileSets.ms,1772806576436000000,1772806636419000000,0
workspaceModel.update.unloaded.entities.ms,1772806576436000000,1772806636419000000,0
workspaceModel.workspaceFileIndexData.getDirectoriesByPackageName.ms,1772806576436000000,1772806636419000000,0
workspaceModel.cachedValue.from.cache.count,1772806576436000000,1772806636419000000,0
workspaceModel.loading.from.cache.ms,1772806576436000000,1772806636419000000,0
workspaceModel.cachedValueWithParameters.calculated.count,1772806576436000000,1772806636419000000,0
workspaceModel.workspaceFileIndexContributor.registerFileSets.ms,1772806576436000000,1772806636419000000,0
workspaceModel.cachedValueWithParameters.total.get.count,1772806576436000000,1772806636419000000,0
workspaceModel.on.before.changed.ms,1772806576436000000,1772806636419000000,0
workspaceModel.loading.total.ms,1772806576436000000,1772806636419000000,0
workspaceModel.workspaceFileIndexData.init.ms,1772806576436000000,1772806636419000000,0
workspaceModel.workspaceFileIndexData.getPackageName.ms,1772806576436000000,1772806636419000000,0
workspaceModel.workspaceFileIndexData.updateDirtyEntities.ms,1772806576436000000,1772806636419000000,0
workspaceModel.cachedValueWithParameters.from.cache.count,1772806576436000000,1772806636419000000,0
workspaceModel.to.snapshot.ms,1772806576436000000,1772806636419000000,0
workspaceModel.cachedValue.total.get.count,1772806576436000000,1772806636419000000,0
workspaceModel.entityStorageSnapshotImpl.instances.count,1772806576436000000,1772806636419000000,0
workspaceModel.cachedValue.clear.count,1772806576436000000,1772806636419000000,0
workspaceModel.cachedValue.calculated.count,1772806576436000000,1772806636419000000,0
workspaceModel.workspaceFileIndexData.visitFileSets.ms,1772806576436000000,1772806636419000000,0
workspaceModel.pre.handlers.ms,1772806576436000000,1772806636419000000,0
workspaceModel.full.replace.project.model.ms,1772806576436000000,1772806636419000000,0
workspaceModel.updates.ms,1772806576436000000,1772806636419000000,0
workspaceModel.workspaceFileIndexData.markDirty.ms,1772806576436000000,1772806636419000000,0
workspaceModel.cachedValueWithParameters.clear.count,1772806576436000000,1772806636419000000,0
workspaceModel.collect.changes.ms,1772806576436000000,1772806636419000000,0
workspaceModel.updates.count,1772806576436000000,1772806636419000000,0
compiler.ArtifactManagerBridge.getArtifactsByType.ms,1772806576436000000,1772806636419000000,0
compiler.ArtifactManagerBridge.getArtifacts.ms,1772806576436000000,1772806636419000000,0
compiler.ArtifactManagerBridge.dropMappings.ms,1772806576436000000,1772806636419000000,0
compiler.ArtifactModifiableModelBridge.findArtifacts.ms,1772806576436000000,1772806636419000000,0
compiler.ArtifactManagerBridge.addArtifact.ms,1772806576436000000,1772806636419000000,0
compiler.ArtifactManagerBridge.initBridges.ms,1772806576436000000,1772806636419000000,0
compiler.ArtifactModifiableModelBridge.getArtifacts.ms,1772806576436000000,1772806636419000000,0
compiler.ArtifactVirtualFileListener.filePathChanged.ms,1772806576436000000,1772806636419000000,0
compiler.ArtifactModifiableModelBridge.dispose.ms,1772806576436000000,1772806636419000000,0
compiler.ArtifactManagerBridge.commit.ms,1772806576436000000,1772806636419000000,0
compiler.ArtifactModifiableModelBridge.getArtifactsByType.ms,1772806576436000000,1772806636419000000,0
compiler.ArtifactModifiableModelBridge.commit.ms,1772806576436000000,1772806636419000000,3
compiler.ArtifactModifiableModelBridge.addArtifact.ms,1772806576436000000,1772806636419000000,0
compiler.ArtifactVirtualFileListener.propertyChanged.ms,1772806576436000000,1772806636419000000,0
compiler.ArtifactManagerBridge.findArtifact.ms,1772806576436000000,1772806636419000000,0
VFS.fileByIdCache.misses,1772806576436000000,1772806636419000000,0
VFS.contentStorage.recordsDecompressionTimeUs,1772806576436000000,1772806636419000000,0
VFS.invertedFileNameIndex.requests,1772806576436000000,1772806636419000000,0
VFS.contentStorage.recordsUncompressedSize,1772806576436000000,1772806636419000000,0
VFS.rootsCount,1772806576436000000,1772806636419000000,210.0
VFS.contentStorage.recordsStored,1772806576436000000,1772806636419000000,0
VFS.folderCaseSensitivityReads,1772806576436000000,1772806636419000000,0
VFS.fileByIdCache.hits,1772806576436000000,1772806636419000000,0
VFS.fileChildByName,1772806576436000000,1772806636419000000,0
FileNameCache.totalMisses,1772806576436000000,1772806636419000000,0
VFS.cache.segmentsCreated,1772806576436000000,1772806636419000000,0
FileNameCache.queries,1772806576436000000,1772806636419000000,0
VFS.cache.filesCreated,1772806576436000000,1772806636419000000,0
VFS.contentStorage.recordsReadDecompressed,1772806576436000000,1772806636419000000,0
VFS.contentStorage.recordsReadSize,1772806576436000000,1772806636419000000,0
VFS.contentStorage.recordsStoredSize,1772806576436000000,1772806636419000000,0
VFS.contentStorage.recordsStoredCompressed,1772806576436000000,1772806636419000000,0
VFS.contentStorage.recordsDeduplicated,1772806576436000000,1772806636419000000,0
VFS.contentStorage.recordsRead,1772806576436000000,1772806636419000000,0
VFS.cache.directoriesCreated,1772806576436000000,1772806636419000000,0
VFS.cache.segments,1772806576436000000,1772806636419000000,169.0
DiskQueryRelay.tasksExecuted,1772806576436000000,1772806636419000000,0
DiskQueryRelay.taskWaitingTotalTimeUs,1772806576436000000,1772806636419000000,0
writeAction.count,1772806576436000000,1772806636419000000,0
LowMemory.gcOverloaded,1772806576436000000,1772806636419000000,0
writeAction.median.wait.ms,1772806576436000000,1772806636419000000,200
DiskQueryRelay.tasksRequested,1772806576436000000,1772806636419000000,0
LowMemory.gcLoad,1772806576436000000,1772806636419000000,0.0
writeAction.max.wait.ms,1772806576436000000,1772806636419000000,119
writeAction.wait.ms,1772806576436000000,1772806636419000000,0
DiskQueryRelay.taskExecutionTotalTimeUs,1772806576436000000,1772806636419000000,0
MappedFileStorage.totalPagesMapped,1772806576436000000,1772806636419000000,16
StorageLockContext.competingThreads.max,1772806576436000000,1772806636419000000,0
DirectByteBufferAllocator.misses,1772806576436000000,1772806636419000000,0
FilePageCache.pageHits,1772806576436000000,1772806636419000000,0
FilePageCache.totalPageLoadsUs,1772806576436000000,1772806636419000000,0
MappedFileStorage.storages,1772806576436000000,1772806636419000000,16
DirectByteBufferAllocator.hits,1772806576436000000,1772806636419000000,0
StorageLockContext.competingThreads.90P,1772806576436000000,1772806636419000000,0
DirectByteBufferAllocator.disposed,1772806576436000000,1772806636419000000,0
DirectByteBufferAllocator.totalSizeOfBuffersCachedInBytes,1772806576436000000,1772806636419000000,1048576
FilePageCache.disposedBuffers,1772806576436000000,1772806636419000000,0
MappedFileStorage.totalTimeSpentOnMappingUs,1772806576436000000,1772806636419000000,170039
MappedFileStorage.totalBytesMapped,1772806576436000000,1772806636419000000,202637312
StreamlinedBlobStorage.recordsDeleted,1772806576436000000,1772806636419000000,0
StreamlinedBlobStorage.recordsRelocated,1772806576436000000,1772806636419000000,0
StreamlinedBlobStorage.totalLiveRecordsCapacityBytes,1772806576436000000,1772806636419000000,0
FilePageCache.maxRegisteredFiles,1772806576436000000,1772806636419000000,1824
StreamlinedBlobStorage.recordsAllocated,1772806576436000000,1772806636419000000,0
FilePageCache.maxCacheSizeInBytes,1772806576436000000,1772806636419000000,629145600
FilePageCache.totalPageDisposalsUs,1772806576436000000,1772806636419000000,0
DirectByteBufferAllocator.totalSizeOfBuffersAllocatedInBytes,1772806576436000000,1772806636419000000,630194176
FilePageCache.pageFastCacheHits,1772806576436000000,1772806636419000000,0
FileChannelInterruptsRetryer.totalRetriedAttempts,1772806576436000000,1772806636419000000,0
StorageLockContext.competingThreads.avg,1772806576436000000,1772806636419000000,0.0
FilePageCache.pageLoadsAboveSizeThreshold,1772806576436000000,1772806636419000000,0
DirectByteBufferAllocator.reclaimed,1772806576436000000,1772806636419000000,0
FilePageCache.pageLoads,1772806576436000000,1772806636419000000,0
FilePageCache.capacityInBytes,1772806576436000000,1772806636419000000,629145600
StreamlinedBlobStorage.totalLiveRecordsPayloadBytes,1772806576436000000,1772806636419000000,0
FilePageCache.uncachedFileAccess,1772806576436000000,1772806636419000000,0
JVM.totalTimeAtSafepointsMs,1772806576436000000,1772806636419000000,2
MEM.fileMappingsRamBytes,1772806576436000000,1772806636419000000,711237632
JVM.GC.collectionTimesMs,1772806576436000000,1772806636419000000,0
JVM.usedHeapBytes,1772806576436000000,1772806636419000000,735141312
MEM.ramBytes,1772806576436000000,1772806636419000000,3724918784
JVM.newThreadsCount,1772806576436000000,1772806636419000000,15
JVM.maxHeapBytes,1772806576436000000,1772806636419000000,28840034304
JVM.totalDirectByteBuffersBytes,1772806576436000000,1772806636419000000,634949185
JVM.totalBytesAllocated,1772806576436000000,1772806636419000000,27768392
JVM.threadCount,1772806576436000000,1772806636419000000,71
JVM.committedHeapBytes,1772806576436000000,1772806636419000000,1644167168
JVM.totalTimeToSafepointsMs,1772806576436000000,1772806636419000000,3
MEM.ramPlusSwapMinusFileMappingsBytes,1772806576436000000,1772806636419000000,3013681152
JVM.usedNativeBytes,1772806576436000000,1772806636419000000,454076720
JVM.totalSafepointCount,1772806576436000000,1772806636419000000,33
JVM.GC.collections,1772806576436000000,1772806636419000000,0
JVM.maxThreadCount,1772806576436000000,1772806636419000000,231
MEM.ramMinusFileMappingsBytes,1772806576436000000,1772806636419000000,3013681152
JVM.totalCpuTimeMs,1772806576436000000,1772806636419000000,3870
OS.loadAverage,1772806576436000000,1772806636419000000,2.69970703125
cacheStateStorage.get.counter,1772806576436000000,1772806636419000000,0
cacheStateStorage.set.counter,1772806576436000000,1772806636419000000,0
cacheStateStorage.set.duration,1772806576436000000,1772806636419000000,0
cacheStateStorage.get.duration,1772806576436000000,1772806636419000000,0
FlushQueue.executionTimeMaxNs,1772806576436000000,1772806636419000000,0
FlushQueue.executionTimeAvgNs,1772806576436000000,1772806636419000000,0.0
FlushQueue.waitingTimeAvgNs,1772806576436000000,1772806636419000000,0.0
FlushQueue.tasksExecuted,1772806576436000000,1772806636419000000,0
NonBlockingReadAction.failedExecutionsCount,1772806576436000000,1772806636419000000,0
FlushQueue.queueSize90P,1772806576436000000,1772806636419000000,0
AWTEventQueue.eventsDispatched,1772806576436000000,1772806636419000000,0
FlushQueue.waitingTimeMaxNs,1772806576436000000,1772806636419000000,0
NonBlockingReadAction.failedExecutionTimeUs,1772806576436000000,1772806636419000000,0
AWTEventQueue.dispatchTime90PNs,1772806576436000000,1772806636419000000,0
NonBlockingReadAction.finalizedExecutionTimeUs,1772806576436000000,1772806636419000000,0
NonBlockingReadAction.finalizedExecutionsCount,1772806576436000000,1772806636419000000,0
FlushQueue.queueSizeMax,1772806576436000000,1772806636419000000,0
ReadAction.executionsCount,1772806576436000000,1772806636419000000,3
FlushQueue.waitingTime90PNs,1772806576436000000,1772806636419000000,0
WriteAction.executionsCount,1772806576436000000,1772806636419000000,0
FlushQueue.executionTime90PNs,1772806576436000000,1772806636419000000,0
FlushQueue.queueSizeAvg,1772806576436000000,1772806636419000000,0.0
AWTEventQueue.dispatchTimeTotalNS,1772806576436000000,1772806636419000000,212297651
AWTEventQueue.dispatchTimeMaxNs,1772806576436000000,1772806636419000000,0
AWTEventQueue.dispatchTimeAvgNs,1772806576436000000,1772806636419000000,0.0
Indexing.cache.totalCacheMisses,1772806576436000000,1772806636419000000,0
Indexing.cache.totalCacheEvicted,1772806576436000000,1772806636419000000,0
Indexes.allKeys.lookupDurationAvgMs,1772806576436000000,1772806636419000000,0.0
Indexing.writer_1.totalTimeSpentWritingMs,1772806576436000000,1772806636419000000,0
Indexing.cache.totalCacheAccesses,1772806576436000000,1772806636419000000,0
Indexing.writer_3.totalTimeSpentWritingMs,1772806576436000000,1772806636419000000,0
Indexes.stubs.lookups,1772806576436000000,1772806636419000000,0
Indexes.allKeys.lookupDurationMaxMs,1772806576436000000,1772806636419000000,0.0
Indexes.stubs.lookupDurationMaxMs,1772806576436000000,1772806636419000000,0.0
Indexes.entries.lookupDurationMaxMs,1772806576436000000,1772806636419000000,0.0
Indexing.writer_0.totalTimeSpentWritingMs,1772806576436000000,1772806636419000000,0
Indexes.entries.lookupDuration90PMs,1772806576436000000,1772806636419000000,0.0
Indexing.totalTimeIndexersSleptMs,1772806576436000000,1772806636419000000,0
Indexing.writesQueuedMax,1772806576436000000,1772806636419000000,0
Indexes.allKeys.lookupDuration90PMs,1772806576436000000,1772806636419000000,0.0
Indexes.allKeys.lookups,1772806576436000000,1772806636419000000,0
Indexes.stubs.lookupDuration90PMs,1772806576436000000,1772806636419000000,0.0
Indexing.writer_2.totalTimeSpentWritingMs,1772806576436000000,1772806636419000000,0
Indexing.writesQueuedMin,1772806576436000000,1772806636419000000,9223372036854775807
Indexes.stubs.lookupDurationAvgMs,1772806576436000000,1772806636419000000,0.0
Indexes.entries.lookups,1772806576436000000,1772806636419000000,0
Indexes.entries.lookupDurationAvgMs,1772806576436000000,1772806636419000000,0.0
jps.library.entities.serializer.save.entities.ms,1772806576436000000,1772806636419000000,0
workspaceModel.load.cache.from.file.ms,1772806576436000000,1772806636419000000,0
workspaceModel.moduleManagerBridge.load.all.modules.ms,1772806576436000000,1772806636419000000,0
workspaceModel.mutableEntityStorage.put.entity.ms,1772806576436000000,1772806636419000000,0
workspaceModel.moduleBridge.update.option.ms,1772806576436000000,1772806636419000000,0
jps.reload.project.entities.ms,1772806576436000000,1772806636419000000,0
workspaceModel.moduleManagerBridge.set.unloadedModules.ms,1772806576436000000,1772806636419000000,0
jps.apply.loaded.storage.ms,1772806576436000000,1772806636419000000,0
jps.module.iml.entities.serializer.save.entities.ms,1772806576436000000,1772806636419000000,0
workspaceModel.moduleBridge.facet.initialization.ms,1772806576436000000,1772806636419000000,0
jps.modifiable.module.model.bridge.new.module.ms,1772806576436000000,1772806636419000000,0
workspaceModel.mutableEntityStorage.changeLog.addReplaceEventForNewParent.ms,1772806576436000000,1772806636419000000,0
jps.artifact.entities.serializer.load.entities.ms,1772806576436000000,1772806636419000000,0
workspaceModel.mutableEntityStorage.mutable.ext.mapping.ms,1772806576436000000,1772806636419000000,0
workspaceModel.delayed.project.synchronizer.sync.ms,1772806576436000000,1772806636419000000,0
workspaceModel.sync.entities.ms,1772806576436000000,1772806636419000000,0
workspaceModel.moduleManagerBridge.create.module.instance.ms,1772806576436000000,1772806636419000000,0
jps.load.project.to.empty.storage.ms,1772806576436000000,1772806636419000000,0
workspaceModel.mutableEntityStorage.referrers.ms,1772806576436000000,1772806636419000000,0
jps.global.initialize.library.bridges.ms,1772806576436000000,1772806636419000000,0
workspaceModel.moduleBridgeLoader.loading.modules.ms,1772806576436000000,1772806636419000000,0
workspaceModel.mutableEntityStorage.replace.by.source.ms,1772806576436000000,1772806636419000000,0
workspaceModel.mutableEntityStorage.has.same.entities.ms,1772806576436000000,1772806636419000000,0
jps.app.storage.content.reader.load.component.ms,1772806576436000000,1772806636419000000,0
jps.load.initial.state.ms,1772806576436000000,1772806636419000000,0
workspaceModel.global.updates.count,1772806576436000000,1772806636419000000,0
workspaceModel.mutableEntityStorage.changeLog.addReplaceEventForNewChild.ms,1772806576436000000,1772806636419000000,0
jps.global.handle.changed.events.ms,1772806576436000000,1772806636419000000,0
workspaceModel.mutableEntityStorage.collect.changes.ms,1772806576436000000,1772806636419000000,0
workspaceModel.mutableEntityStorage.instances.count,1772806576436000000,1772806636419000000,0
workspaceModel.mutableEntityStorage.add.entity.ms,1772806576436000000,1772806636419000000,0
workspaceModel.global.apply.state.to.project.builder.ms,1772806576436000000,1772806636419000000,0
jps.modifiable.module.model.bridge.renaming.ms,1772806576436000000,1772806636419000000,0
workspaceModel.moduleManagerBridge.newModule.ms,1772806576436000000,1772806636419000000,0
jps.modifiable.module.model.bridge.disposing.ms,1772806576436000000,1772806636419000000,0
workspaceModel.orphan.listener.update.ms,1772806576436000000,1772806636419000000,0
workspaceModel.mutableEntityStorage.entities.by.source.ms,1772806576436000000,1772806636419000000,0
jps.artifact.entities.serializer.save.entities.ms,1772806576436000000,1772806636419000000,0
workspaceModel.mutableEntityStorage.changeLog.addReplaceEventForRemovedParent.ms,1772806576436000000,1772806636419000000,0
jps.project.serializers.load.ms,1772806576436000000,1772806636419000000,0
workspaceModel.mutableEntityStorage.hasReferrers.ms,1772806576436000000,1772806636419000000,0
workspaceModel.global.apply.state.to.project.ms,1772806576436000000,1772806636419000000,0
workspaceModel.do.save.caches.ms,1772806576436000000,1772806636419000000,0
jps.global.initialize.library.bridges.after.loading.ms,1772806576436000000,1772806636419000000,0
workspaceModel.mutableEntityStorage.resolve.ms,1772806576436000000,1772806636419000000,0
jps.global.get.libraries.ms,1772806576436000000,1772806636419000000,0
jps.facet.change.listener.process.change.events.ms,1772806576436000000,1772806636419000000,0
jps.library.entities.serializer.load.entities.ms,1772806576436000000,1772806636419000000,0
workspaceModel.mutableEntityStorage.changeLog.addReplaceEventForRemovedChild.ms,1772806576436000000,1772806636419000000,0
jps.global.get.library.ms,1772806576436000000,1772806636419000000,0
jps.storage.jps.conf.reader.load.component.ms,1772806576436000000,1772806636419000000,0
jps.module.iml.entities.serializer.load.entities.ms,1772806576436000000,1772806636419000000,0
jps.module.dependency.index.workspace.model.listener.on.changed.ms,1772806576436000000,1772806636419000000,0
workspaceModel.moduleBridge.before.changed.ms,1772806576436000000,1772806636419000000,0
jps.save.global.entities.ms,1772806576436000000,1772806636419000000,0
workspaceModel.moduleManagerBridge.new.nonPersistent.module.ms,1772806576436000000,1772806636419000000,0
jps.global.get.library.by.name.ms,1772806576436000000,1772806636419000000,0
workspaceModel.mutableEntityStorage.remove.entity.ms,1772806576436000000,1772806636419000000,0
workspaceModel.moduleManagerBridge.build.module.graph.ms,1772806576436000000,1772806636419000000,0
workspaceModel.moduleManagerBridge.get.modules.ms,1772806576436000000,1772806636419000000,0
jps.project.serializers.save.ms,1772806576436000000,1772806636419000000,0
workspaceModel.mutableEntityStorage.apply.changes.from.ms,1772806576436000000,1772806636419000000,0
workspaceModel.save.cache.to.file.ms,1772806576436000000,1772806636419000000,0
workspaceModel.mutableEntityStorage.entities.ms,1772806576436000000,1772806636419000000,0
workspaceModel.global.updates.ms,1772806576436000000,1772806636419000000,0
workspaceModel.moduleManagerBridge.load.module.ms,1772806576436000000,1772806636419000000,0
workspaceModel.mutableEntityStorage.to.snapshot.ms,1772806576436000000,1772806636419000000,0
workspaceModel.load.cache.metadata.from.file.ms,1772806576436000000,1772806636419000000,0
jps.facet.change.listener.init.bridge.ms,1772806576436000000,1772806636419000000,0
jps.modifiable.module.model.bridge.load.module.ms,1772806576436000000,1772806636419000000,0
workspaceModel.mutableEntityStorage.mutable.vfurl.index.ms,1772806576436000000,1772806636419000000,0
workspaceModel.mutableEntityStorage.modify.entity.ms,1772806576436000000,1772806636419000000,0
jps.global.handle.before.change.events.ms,1772806576436000000,1772806636419000000,0
jps.facet.change.listener.before.change.events.ms,1772806576436000000,1772806636419000000,0
jps.save.changed.project.entities.ms,1772806576436000000,1772806636419000000,0
workspaceModel.replace.project.model.ms,1772806636419000000,1772806696401000000,0
workspaceModel.workspaceFileIndexData.onEntitiesChanged.ms,1772806636419000000,1772806696401000000,0
workspaceModel.init.bridges.ms,1772806636419000000,1772806696401000000,0
workspaceModel.workspaceFileIndexData.instances.count,1772806636419000000,1772806696401000000,0
workspaceModel.initializing.ms,1772806636419000000,1772806696401000000,0
workspaceModel.updates.precise.ms,1772806636419000000,1772806696401000000,0
workspaceModel.on.changed.ms,1772806636419000000,1772806696401000000,0
workspaceModel.check.recursive.update.ms,1772806636419000000,1772806696401000000,0
workspaceModel.workspaceFileIndexData.getFileInfo.ms,1772806636419000000,1772806696401000000,0
workspaceModel.workspaceFileIndexData.processFileSets.ms,1772806636419000000,1772806696401000000,0
workspaceModel.update.unloaded.entities.ms,1772806636419000000,1772806696401000000,0
workspaceModel.workspaceFileIndexData.getDirectoriesByPackageName.ms,1772806636419000000,1772806696401000000,0
workspaceModel.cachedValue.from.cache.count,1772806636419000000,1772806696401000000,0
workspaceModel.loading.from.cache.ms,1772806636419000000,1772806696401000000,0
workspaceModel.cachedValueWithParameters.calculated.count,1772806636419000000,1772806696401000000,0
workspaceModel.workspaceFileIndexContributor.registerFileSets.ms,1772806636419000000,1772806696401000000,0
workspaceModel.cachedValueWithParameters.total.get.count,1772806636419000000,1772806696401000000,0
workspaceModel.on.before.changed.ms,1772806636419000000,1772806696401000000,0
workspaceModel.loading.total.ms,1772806636419000000,1772806696401000000,0
workspaceModel.workspaceFileIndexData.init.ms,1772806636419000000,1772806696401000000,0
workspaceModel.workspaceFileIndexData.getPackageName.ms,1772806636419000000,1772806696401000000,0
workspaceModel.workspaceFileIndexData.updateDirtyEntities.ms,1772806636419000000,1772806696401000000,0
workspaceModel.cachedValueWithParameters.from.cache.count,1772806636419000000,1772806696401000000,0
workspaceModel.to.snapshot.ms,1772806636419000000,1772806696401000000,0
workspaceModel.cachedValue.total.get.count,1772806636419000000,1772806696401000000,0
workspaceModel.entityStorageSnapshotImpl.instances.count,1772806636419000000,1772806696401000000,0
workspaceModel.cachedValue.clear.count,1772806636419000000,1772806696401000000,0
workspaceModel.cachedValue.calculated.count,1772806636419000000,1772806696401000000,0
workspaceModel.workspaceFileIndexData.visitFileSets.ms,1772806636419000000,1772806696401000000,0
workspaceModel.pre.handlers.ms,1772806636419000000,1772806696401000000,0
workspaceModel.full.replace.project.model.ms,1772806636419000000,1772806696401000000,0
workspaceModel.updates.ms,1772806636419000000,1772806696401000000,0
workspaceModel.workspaceFileIndexData.markDirty.ms,1772806636419000000,1772806696401000000,0
workspaceModel.cachedValueWithParameters.clear.count,1772806636419000000,1772806696401000000,0
workspaceModel.collect.changes.ms,1772806636419000000,1772806696401000000,0
workspaceModel.updates.count,1772806636419000000,1772806696401000000,0
compiler.ArtifactManagerBridge.getArtifactsByType.ms,1772806636419000000,1772806696401000000,0
compiler.ArtifactManagerBridge.getArtifacts.ms,1772806636419000000,1772806696401000000,0
compiler.ArtifactManagerBridge.dropMappings.ms,1772806636419000000,1772806696401000000,0
compiler.ArtifactModifiableModelBridge.findArtifacts.ms,1772806636419000000,1772806696401000000,0
compiler.ArtifactManagerBridge.addArtifact.ms,1772806636419000000,1772806696401000000,0
compiler.ArtifactManagerBridge.initBridges.ms,1772806636419000000,1772806696401000000,0
compiler.ArtifactModifiableModelBridge.getArtifacts.ms,1772806636419000000,1772806696401000000,0
compiler.ArtifactVirtualFileListener.filePathChanged.ms,1772806636419000000,1772806696401000000,0
compiler.ArtifactModifiableModelBridge.dispose.ms,1772806636419000000,1772806696401000000,0
compiler.ArtifactManagerBridge.commit.ms,1772806636419000000,1772806696401000000,0
compiler.ArtifactModifiableModelBridge.getArtifactsByType.ms,1772806636419000000,1772806696401000000,0
compiler.ArtifactModifiableModelBridge.commit.ms,1772806636419000000,1772806696401000000,3
compiler.ArtifactModifiableModelBridge.addArtifact.ms,1772806636419000000,1772806696401000000,0
compiler.ArtifactVirtualFileListener.propertyChanged.ms,1772806636419000000,1772806696401000000,0
compiler.ArtifactManagerBridge.findArtifact.ms,1772806636419000000,1772806696401000000,0
VFS.fileByIdCache.misses,1772806636419000000,1772806696401000000,0
VFS.contentStorage.recordsDecompressionTimeUs,1772806636419000000,1772806696401000000,0
VFS.invertedFileNameIndex.requests,1772806636419000000,1772806696401000000,0
VFS.contentStorage.recordsUncompressedSize,1772806636419000000,1772806696401000000,0
VFS.rootsCount,1772806636419000000,1772806696401000000,210.0
VFS.contentStorage.recordsStored,1772806636419000000,1772806696401000000,0
VFS.folderCaseSensitivityReads,1772806636419000000,1772806696401000000,0
VFS.fileByIdCache.hits,1772806636419000000,1772806696401000000,0
VFS.fileChildByName,1772806636419000000,1772806696401000000,0
FileNameCache.totalMisses,1772806636419000000,1772806696401000000,0
VFS.cache.segmentsCreated,1772806636419000000,1772806696401000000,0
FileNameCache.queries,1772806636419000000,1772806696401000000,0
VFS.cache.filesCreated,1772806636419000000,1772806696401000000,0
VFS.contentStorage.recordsReadDecompressed,1772806636419000000,1772806696401000000,0
VFS.contentStorage.recordsReadSize,1772806636419000000,1772806696401000000,0
VFS.contentStorage.recordsStoredSize,1772806636419000000,1772806696401000000,0
VFS.contentStorage.recordsStoredCompressed,1772806636419000000,1772806696401000000,0
VFS.contentStorage.recordsDeduplicated,1772806636419000000,1772806696401000000,0
VFS.contentStorage.recordsRead,1772806636419000000,1772806696401000000,0
VFS.cache.directoriesCreated,1772806636419000000,1772806696401000000,0
VFS.cache.segments,1772806636419000000,1772806696401000000,169.0
DiskQueryRelay.tasksExecuted,1772806636419000000,1772806696401000000,0
DiskQueryRelay.taskWaitingTotalTimeUs,1772806636419000000,1772806696401000000,0
writeAction.count,1772806636419000000,1772806696401000000,1
LowMemory.gcOverloaded,1772806636419000000,1772806696401000000,0
writeAction.median.wait.ms,1772806636419000000,1772806696401000000,200
DiskQueryRelay.tasksRequested,1772806636419000000,1772806696401000000,0
LowMemory.gcLoad,1772806636419000000,1772806696401000000,0.0
writeAction.max.wait.ms,1772806636419000000,1772806696401000000,119
writeAction.wait.ms,1772806636419000000,1772806696401000000,0
DiskQueryRelay.taskExecutionTotalTimeUs,1772806636419000000,1772806696401000000,0
MappedFileStorage.totalPagesMapped,1772806636419000000,1772806696401000000,16
StorageLockContext.competingThreads.max,1772806636419000000,1772806696401000000,0
DirectByteBufferAllocator.misses,1772806636419000000,1772806696401000000,0
FilePageCache.pageHits,1772806636419000000,1772806696401000000,0
FilePageCache.totalPageLoadsUs,1772806636419000000,1772806696401000000,0
MappedFileStorage.storages,1772806636419000000,1772806696401000000,16
DirectByteBufferAllocator.hits,1772806636419000000,1772806696401000000,0
StorageLockContext.competingThreads.90P,1772806636419000000,1772806696401000000,0
DirectByteBufferAllocator.disposed,1772806636419000000,1772806696401000000,0
DirectByteBufferAllocator.totalSizeOfBuffersCachedInBytes,1772806636419000000,1772806696401000000,1048576
FilePageCache.disposedBuffers,1772806636419000000,1772806696401000000,0
MappedFileStorage.totalTimeSpentOnMappingUs,1772806636419000000,1772806696401000000,170039
MappedFileStorage.totalBytesMapped,1772806636419000000,1772806696401000000,202637312
StreamlinedBlobStorage.recordsDeleted,1772806636419000000,1772806696401000000,0
StreamlinedBlobStorage.recordsRelocated,1772806636419000000,1772806696401000000,0
StreamlinedBlobStorage.totalLiveRecordsCapacityBytes,1772806636419000000,1772806696401000000,0
FilePageCache.maxRegisteredFiles,1772806636419000000,1772806696401000000,1824
StreamlinedBlobStorage.recordsAllocated,1772806636419000000,1772806696401000000,0
FilePageCache.maxCacheSizeInBytes,1772806636419000000,1772806696401000000,629145600
FilePageCache.totalPageDisposalsUs,1772806636419000000,1772806696401000000,0
DirectByteBufferAllocator.totalSizeOfBuffersAllocatedInBytes,1772806636419000000,1772806696401000000,630194176
FilePageCache.pageFastCacheHits,1772806636419000000,1772806696401000000,0
FileChannelInterruptsRetryer.totalRetriedAttempts,1772806636419000000,1772806696401000000,0
StorageLockContext.competingThreads.avg,1772806636419000000,1772806696401000000,0.0
FilePageCache.pageLoadsAboveSizeThreshold,1772806636419000000,1772806696401000000,0
DirectByteBufferAllocator.reclaimed,1772806636419000000,1772806696401000000,0
FilePageCache.pageLoads,1772806636419000000,1772806696401000000,0
FilePageCache.capacityInBytes,1772806636419000000,1772806696401000000,629145600
StreamlinedBlobStorage.totalLiveRecordsPayloadBytes,1772806636419000000,1772806696401000000,0
FilePageCache.uncachedFileAccess,1772806636419000000,1772806696401000000,0
JVM.totalTimeAtSafepointsMs,1772806636419000000,1772806696401000000,1
MEM.fileMappingsRamBytes,1772806636419000000,1772806696401000000,711237632
JVM.GC.collectionTimesMs,1772806636419000000,1772806696401000000,0
JVM.usedHeapBytes,1772806636419000000,1772806696401000000,751918528
MEM.ramBytes,1772806636419000000,1772806696401000000,3723448320
JVM.newThreadsCount,1772806636419000000,1772806696401000000,0
JVM.maxHeapBytes,1772806636419000000,1772806696401000000,28840034304
JVM.totalDirectByteBuffersBytes,1772806636419000000,1772806696401000000,634341243
JVM.totalBytesAllocated,1772806636419000000,1772806696401000000,19480176
JVM.threadCount,1772806636419000000,1772806696401000000,52
JVM.committedHeapBytes,1772806636419000000,1772806696401000000,1644167168
JVM.totalTimeToSafepointsMs,1772806636419000000,1772806696401000000,2
MEM.ramPlusSwapMinusFileMappingsBytes,1772806636419000000,1772806696401000000,3012210688
JVM.usedNativeBytes,1772806636419000000,1772806696401000000,455042208
JVM.totalSafepointCount,1772806636419000000,1772806696401000000,21
JVM.GC.collections,1772806636419000000,1772806696401000000,0
JVM.maxThreadCount,1772806636419000000,1772806696401000000,231
MEM.ramMinusFileMappingsBytes,1772806636419000000,1772806696401000000,3012210688
JVM.totalCpuTimeMs,1772806636419000000,1772806696401000000,2640
OS.loadAverage,1772806636419000000,1772806696401000000,2.06396484375
cacheStateStorage.get.counter,1772806636419000000,1772806696401000000,0
cacheStateStorage.set.counter,1772806636419000000,1772806696401000000,0
cacheStateStorage.set.duration,1772806636419000000,1772806696401000000,0
cacheStateStorage.get.duration,1772806636419000000,1772806696401000000,0
FlushQueue.executionTimeMaxNs,1772806636419000000,1772806696401000000,0
FlushQueue.executionTimeAvgNs,1772806636419000000,1772806696401000000,0.0
FlushQueue.waitingTimeAvgNs,1772806636419000000,1772806696401000000,0.0
FlushQueue.tasksExecuted,1772806636419000000,1772806696401000000,0
NonBlockingReadAction.failedExecutionsCount,1772806636419000000,1772806696401000000,0
FlushQueue.queueSize90P,1772806636419000000,1772806696401000000,0
AWTEventQueue.eventsDispatched,1772806636419000000,1772806696401000000,0
FlushQueue.waitingTimeMaxNs,1772806636419000000,1772806696401000000,0
NonBlockingReadAction.failedExecutionTimeUs,1772806636419000000,1772806696401000000,0
AWTEventQueue.dispatchTime90PNs,1772806636419000000,1772806696401000000,0
NonBlockingReadAction.finalizedExecutionTimeUs,1772806636419000000,1772806696401000000,0
NonBlockingReadAction.finalizedExecutionsCount,1772806636419000000,1772806696401000000,0
FlushQueue.queueSizeMax,1772806636419000000,1772806696401000000,0
ReadAction.executionsCount,1772806636419000000,1772806696401000000,3
FlushQueue.waitingTime90PNs,1772806636419000000,1772806696401000000,0
WriteAction.executionsCount,1772806636419000000,1772806696401000000,1
FlushQueue.executionTime90PNs,1772806636419000000,1772806696401000000,0
FlushQueue.queueSizeAvg,1772806636419000000,1772806696401000000,0.0
AWTEventQueue.dispatchTimeTotalNS,1772806636419000000,1772806696401000000,171053296
AWTEventQueue.dispatchTimeMaxNs,1772806636419000000,1772806696401000000,0
AWTEventQueue.dispatchTimeAvgNs,1772806636419000000,1772806696401000000,0.0
Indexing.cache.totalCacheMisses,1772806636419000000,1772806696401000000,0
Indexing.cache.totalCacheEvicted,1772806636419000000,1772806696401000000,0
Indexes.allKeys.lookupDurationAvgMs,1772806636419000000,1772806696401000000,0.0
Indexing.writer_1.totalTimeSpentWritingMs,1772806636419000000,1772806696401000000,0
Indexing.cache.totalCacheAccesses,1772806636419000000,1772806696401000000,0
Indexing.writer_3.totalTimeSpentWritingMs,1772806636419000000,1772806696401000000,0
Indexes.stubs.lookups,1772806636419000000,1772806696401000000,0
Indexes.allKeys.lookupDurationMaxMs,1772806636419000000,1772806696401000000,0.0
Indexes.stubs.lookupDurationMaxMs,1772806636419000000,1772806696401000000,0.0
Indexes.entries.lookupDurationMaxMs,1772806636419000000,1772806696401000000,0.0
Indexing.writer_0.totalTimeSpentWritingMs,1772806636419000000,1772806696401000000,0
Indexes.entries.lookupDuration90PMs,1772806636419000000,1772806696401000000,0.0
Indexing.totalTimeIndexersSleptMs,1772806636419000000,1772806696401000000,0
Indexing.writesQueuedMax,1772806636419000000,1772806696401000000,0
Indexes.allKeys.lookupDuration90PMs,1772806636419000000,1772806696401000000,0.0
Indexes.allKeys.lookups,1772806636419000000,1772806696401000000,0
Indexes.stubs.lookupDuration90PMs,1772806636419000000,1772806696401000000,0.0
Indexing.writer_2.totalTimeSpentWritingMs,1772806636419000000,1772806696401000000,0
Indexing.writesQueuedMin,1772806636419000000,1772806696401000000,9223372036854775807
Indexes.stubs.lookupDurationAvgMs,1772806636419000000,1772806696401000000,0.0
Indexes.entries.lookups,1772806636419000000,1772806696401000000,0
Indexes.entries.lookupDurationAvgMs,1772806636419000000,1772806696401000000,0.0
jps.library.entities.serializer.save.entities.ms,1772806636419000000,1772806696401000000,0
workspaceModel.load.cache.from.file.ms,1772806636419000000,1772806696401000000,0
workspaceModel.moduleManagerBridge.load.all.modules.ms,1772806636419000000,1772806696401000000,0
workspaceModel.mutableEntityStorage.put.entity.ms,1772806636419000000,1772806696401000000,0
workspaceModel.moduleBridge.update.option.ms,1772806636419000000,1772806696401000000,0
jps.reload.project.entities.ms,1772806636419000000,1772806696401000000,0
workspaceModel.moduleManagerBridge.set.unloadedModules.ms,1772806636419000000,1772806696401000000,0
jps.apply.loaded.storage.ms,1772806636419000000,1772806696401000000,0
jps.module.iml.entities.serializer.save.entities.ms,1772806636419000000,1772806696401000000,0
workspaceModel.moduleBridge.facet.initialization.ms,1772806636419000000,1772806696401000000,0
jps.modifiable.module.model.bridge.new.module.ms,1772806636419000000,1772806696401000000,0
workspaceModel.mutableEntityStorage.changeLog.addReplaceEventForNewParent.ms,1772806636419000000,1772806696401000000,0
jps.artifact.entities.serializer.load.entities.ms,1772806636419000000,1772806696401000000,0
workspaceModel.mutableEntityStorage.mutable.ext.mapping.ms,1772806636419000000,1772806696401000000,0
workspaceModel.delayed.project.synchronizer.sync.ms,1772806636419000000,1772806696401000000,0
workspaceModel.sync.entities.ms,1772806636419000000,1772806696401000000,0
workspaceModel.moduleManagerBridge.create.module.instance.ms,1772806636419000000,1772806696401000000,0
jps.load.project.to.empty.storage.ms,1772806636419000000,1772806696401000000,0
workspaceModel.mutableEntityStorage.referrers.ms,1772806636419000000,1772806696401000000,0
jps.global.initialize.library.bridges.ms,1772806636419000000,1772806696401000000,0
workspaceModel.moduleBridgeLoader.loading.modules.ms,1772806636419000000,1772806696401000000,0
workspaceModel.mutableEntityStorage.replace.by.source.ms,1772806636419000000,1772806696401000000,0
workspaceModel.mutableEntityStorage.has.same.entities.ms,1772806636419000000,1772806696401000000,0
jps.app.storage.content.reader.load.component.ms,1772806636419000000,1772806696401000000,0
jps.load.initial.state.ms,1772806636419000000,1772806696401000000,0
workspaceModel.global.updates.count,1772806636419000000,1772806696401000000,0
workspaceModel.mutableEntityStorage.changeLog.addReplaceEventForNewChild.ms,1772806636419000000,1772806696401000000,0
jps.global.handle.changed.events.ms,1772806636419000000,1772806696401000000,0
workspaceModel.mutableEntityStorage.collect.changes.ms,1772806636419000000,1772806696401000000,0
workspaceModel.mutableEntityStorage.instances.count,1772806636419000000,1772806696401000000,0
workspaceModel.mutableEntityStorage.add.entity.ms,1772806636419000000,1772806696401000000,0
workspaceModel.global.apply.state.to.project.builder.ms,1772806636419000000,1772806696401000000,0
jps.modifiable.module.model.bridge.renaming.ms,1772806636419000000,1772806696401000000,0
workspaceModel.moduleManagerBridge.newModule.ms,1772806636419000000,1772806696401000000,0
jps.modifiable.module.model.bridge.disposing.ms,1772806636419000000,1772806696401000000,0
workspaceModel.orphan.listener.update.ms,1772806636419000000,1772806696401000000,0
workspaceModel.mutableEntityStorage.entities.by.source.ms,1772806636419000000,1772806696401000000,0
jps.artifact.entities.serializer.save.entities.ms,1772806636419000000,1772806696401000000,0
workspaceModel.mutableEntityStorage.changeLog.addReplaceEventForRemovedParent.ms,1772806636419000000,1772806696401000000,0
jps.project.serializers.load.ms,1772806636419000000,1772806696401000000,0
workspaceModel.mutableEntityStorage.hasReferrers.ms,1772806636419000000,1772806696401000000,0
workspaceModel.global.apply.state.to.project.ms,1772806636419000000,1772806696401000000,0
workspaceModel.do.save.caches.ms,1772806636419000000,1772806696401000000,0
jps.global.initialize.library.bridges.after.loading.ms,1772806636419000000,1772806696401000000,0
workspaceModel.mutableEntityStorage.resolve.ms,1772806636419000000,1772806696401000000,0
jps.global.get.libraries.ms,1772806636419000000,1772806696401000000,0
jps.facet.change.listener.process.change.events.ms,1772806636419000000,1772806696401000000,0
jps.library.entities.serializer.load.entities.ms,1772806636419000000,1772806696401000000,0
workspaceModel.mutableEntityStorage.changeLog.addReplaceEventForRemovedChild.ms,1772806636419000000,1772806696401000000,0
jps.global.get.library.ms,1772806636419000000,1772806696401000000,0
jps.storage.jps.conf.reader.load.component.ms,1772806636419000000,1772806696401000000,0
jps.module.iml.entities.serializer.load.entities.ms,1772806636419000000,1772806696401000000,0
jps.module.dependency.index.workspace.model.listener.on.changed.ms,1772806636419000000,1772806696401000000,0
workspaceModel.moduleBridge.before.changed.ms,1772806636419000000,1772806696401000000,0
jps.save.global.entities.ms,1772806636419000000,1772806696401000000,0
workspaceModel.moduleManagerBridge.new.nonPersistent.module.ms,1772806636419000000,1772806696401000000,0
jps.global.get.library.by.name.ms,1772806636419000000,1772806696401000000,0
workspaceModel.mutableEntityStorage.remove.entity.ms,1772806636419000000,1772806696401000000,0
workspaceModel.moduleManagerBridge.build.module.graph.ms,1772806636419000000,1772806696401000000,0
workspaceModel.moduleManagerBridge.get.modules.ms,1772806636419000000,1772806696401000000,0
jps.project.serializers.save.ms,1772806636419000000,1772806696401000000,0
workspaceModel.mutableEntityStorage.apply.changes.from.ms,1772806636419000000,1772806696401000000,0
workspaceModel.save.cache.to.file.ms,1772806636419000000,1772806696401000000,0
workspaceModel.mutableEntityStorage.entities.ms,1772806636419000000,1772806696401000000,0
workspaceModel.global.updates.ms,1772806636419000000,1772806696401000000,0
workspaceModel.moduleManagerBridge.load.module.ms,1772806636419000000,1772806696401000000,0
workspaceModel.mutableEntityStorage.to.snapshot.ms,1772806636419000000,1772806696401000000,0
workspaceModel.load.cache.metadata.from.file.ms,1772806636419000000,1772806696401000000,0
jps.facet.change.listener.init.bridge.ms,1772806636419000000,1772806696401000000,0
jps.modifiable.module.model.bridge.load.module.ms,1772806636419000000,1772806696401000000,0
workspaceModel.mutableEntityStorage.mutable.vfurl.index.ms,1772806636419000000,1772806696401000000,0
workspaceModel.mutableEntityStorage.modify.entity.ms,1772806636419000000,1772806696401000000,0
jps.global.handle.before.change.events.ms,1772806636419000000,1772806696401000000,0
jps.facet.change.listener.before.change.events.ms,1772806636419000000,1772806696401000000,0
jps.save.changed.project.entities.ms,1772806636419000000,1772806696401000000,0
workspaceModel.replace.project.model.ms,1772806696401000000,1772806756452000000,0
workspaceModel.workspaceFileIndexData.onEntitiesChanged.ms,1772806696401000000,1772806756452000000,0
workspaceModel.init.bridges.ms,1772806696401000000,1772806756452000000,0
workspaceModel.workspaceFileIndexData.instances.count,1772806696401000000,1772806756452000000,0
workspaceModel.initializing.ms,1772806696401000000,1772806756452000000,0
workspaceModel.updates.precise.ms,1772806696401000000,1772806756452000000,0
workspaceModel.on.changed.ms,1772806696401000000,1772806756452000000,0
workspaceModel.check.recursive.update.ms,1772806696401000000,1772806756452000000,0
workspaceModel.workspaceFileIndexData.getFileInfo.ms,1772806696401000000,1772806756452000000,0
workspaceModel.workspaceFileIndexData.processFileSets.ms,1772806696401000000,1772806756452000000,0
workspaceModel.update.unloaded.entities.ms,1772806696401000000,1772806756452000000,0
workspaceModel.workspaceFileIndexData.getDirectoriesByPackageName.ms,1772806696401000000,1772806756452000000,0
workspaceModel.cachedValue.from.cache.count,1772806696401000000,1772806756452000000,0
workspaceModel.loading.from.cache.ms,1772806696401000000,1772806756452000000,0
workspaceModel.cachedValueWithParameters.calculated.count,1772806696401000000,1772806756452000000,0
workspaceModel.workspaceFileIndexContributor.registerFileSets.ms,1772806696401000000,1772806756452000000,0
workspaceModel.cachedValueWithParameters.total.get.count,1772806696401000000,1772806756452000000,0
workspaceModel.on.before.changed.ms,1772806696401000000,1772806756452000000,0
workspaceModel.loading.total.ms,1772806696401000000,1772806756452000000,0
workspaceModel.workspaceFileIndexData.init.ms,1772806696401000000,1772806756452000000,0
workspaceModel.workspaceFileIndexData.getPackageName.ms,1772806696401000000,1772806756452000000,0
workspaceModel.workspaceFileIndexData.updateDirtyEntities.ms,1772806696401000000,1772806756452000000,0
workspaceModel.cachedValueWithParameters.from.cache.count,1772806696401000000,1772806756452000000,0
workspaceModel.to.snapshot.ms,1772806696401000000,1772806756452000000,0
workspaceModel.cachedValue.total.get.count,1772806696401000000,1772806756452000000,0
workspaceModel.entityStorageSnapshotImpl.instances.count,1772806696401000000,1772806756452000000,0
workspaceModel.cachedValue.clear.count,1772806696401000000,1772806756452000000,0
workspaceModel.cachedValue.calculated.count,1772806696401000000,1772806756452000000,0
workspaceModel.workspaceFileIndexData.visitFileSets.ms,1772806696401000000,1772806756452000000,0
workspaceModel.pre.handlers.ms,1772806696401000000,1772806756452000000,0
workspaceModel.full.replace.project.model.ms,1772806696401000000,1772806756452000000,0
workspaceModel.updates.ms,1772806696401000000,1772806756452000000,0
workspaceModel.workspaceFileIndexData.markDirty.ms,1772806696401000000,1772806756452000000,0
workspaceModel.cachedValueWithParameters.clear.count,1772806696401000000,1772806756452000000,0
workspaceModel.collect.changes.ms,1772806696401000000,1772806756452000000,0
workspaceModel.updates.count,1772806696401000000,1772806756452000000,0
compiler.ArtifactManagerBridge.getArtifactsByType.ms,1772806696401000000,1772806756452000000,0
compiler.ArtifactManagerBridge.getArtifacts.ms,1772806696401000000,1772806756452000000,0
compiler.ArtifactManagerBridge.dropMappings.ms,1772806696401000000,1772806756452000000,0
compiler.ArtifactModifiableModelBridge.findArtifacts.ms,1772806696401000000,1772806756452000000,0
compiler.ArtifactManagerBridge.addArtifact.ms,1772806696401000000,1772806756452000000,0
compiler.ArtifactManagerBridge.initBridges.ms,1772806696401000000,1772806756452000000,0
compiler.ArtifactModifiableModelBridge.getArtifacts.ms,1772806696401000000,1772806756452000000,0
compiler.ArtifactVirtualFileListener.filePathChanged.ms,1772806696401000000,1772806756452000000,0
compiler.ArtifactModifiableModelBridge.dispose.ms,1772806696401000000,1772806756452000000,0
compiler.ArtifactManagerBridge.commit.ms,1772806696401000000,1772806756452000000,0
compiler.ArtifactModifiableModelBridge.getArtifactsByType.ms,1772806696401000000,1772806756452000000,0
compiler.ArtifactModifiableModelBridge.commit.ms,1772806696401000000,1772806756452000000,3
compiler.ArtifactModifiableModelBridge.addArtifact.ms,1772806696401000000,1772806756452000000,0
compiler.ArtifactVirtualFileListener.propertyChanged.ms,1772806696401000000,1772806756452000000,0
compiler.ArtifactManagerBridge.findArtifact.ms,1772806696401000000,1772806756452000000,0
VFS.fileByIdCache.misses,1772806696401000000,1772806756452000000,0
VFS.contentStorage.recordsDecompressionTimeUs,1772806696401000000,1772806756452000000,0
VFS.invertedFileNameIndex.requests,1772806696401000000,1772806756452000000,0
VFS.contentStorage.recordsUncompressedSize,1772806696401000000,1772806756452000000,0
VFS.rootsCount,1772806696401000000,1772806756452000000,210.0
VFS.contentStorage.recordsStored,1772806696401000000,1772806756452000000,0
VFS.folderCaseSensitivityReads,1772806696401000000,1772806756452000000,0
VFS.fileByIdCache.hits,1772806696401000000,1772806756452000000,0
VFS.fileChildByName,1772806696401000000,1772806756452000000,0
FileNameCache.totalMisses,1772806696401000000,1772806756452000000,0
VFS.cache.segmentsCreated,1772806696401000000,1772806756452000000,0
FileNameCache.queries,1772806696401000000,1772806756452000000,0
VFS.cache.filesCreated,1772806696401000000,1772806756452000000,0
VFS.contentStorage.recordsReadDecompressed,1772806696401000000,1772806756452000000,0
VFS.contentStorage.recordsReadSize,1772806696401000000,1772806756452000000,0
VFS.contentStorage.recordsStoredSize,1772806696401000000,1772806756452000000,0
VFS.contentStorage.recordsStoredCompressed,1772806696401000000,1772806756452000000,0
VFS.contentStorage.recordsDeduplicated,1772806696401000000,1772806756452000000,0
VFS.contentStorage.recordsRead,1772806696401000000,1772806756452000000,0
VFS.cache.directoriesCreated,1772806696401000000,1772806756452000000,0
VFS.cache.segments,1772806696401000000,1772806756452000000,169.0
DiskQueryRelay.tasksExecuted,1772806696401000000,1772806756452000000,0
DiskQueryRelay.taskWaitingTotalTimeUs,1772806696401000000,1772806756452000000,0
writeAction.count,1772806696401000000,1772806756452000000,0
LowMemory.gcOverloaded,1772806696401000000,1772806756452000000,0
writeAction.median.wait.ms,1772806696401000000,1772806756452000000,200
DiskQueryRelay.tasksRequested,1772806696401000000,1772806756452000000,0
LowMemory.gcLoad,1772806696401000000,1772806756452000000,0.0
writeAction.max.wait.ms,1772806696401000000,1772806756452000000,119
writeAction.wait.ms,1772806696401000000,1772806756452000000,0
DiskQueryRelay.taskExecutionTotalTimeUs,1772806696401000000,1772806756452000000,0
MappedFileStorage.totalPagesMapped,1772806696401000000,1772806756452000000,16
StorageLockContext.competingThreads.max,1772806696401000000,1772806756452000000,0
DirectByteBufferAllocator.misses,1772806696401000000,1772806756452000000,0
FilePageCache.pageHits,1772806696401000000,1772806756452000000,0
FilePageCache.totalPageLoadsUs,1772806696401000000,1772806756452000000,0
MappedFileStorage.storages,1772806696401000000,1772806756452000000,16
DirectByteBufferAllocator.hits,1772806696401000000,1772806756452000000,0
StorageLockContext.competingThreads.90P,1772806696401000000,1772806756452000000,0
DirectByteBufferAllocator.disposed,1772806696401000000,1772806756452000000,0
DirectByteBufferAllocator.totalSizeOfBuffersCachedInBytes,1772806696401000000,1772806756452000000,1048576
FilePageCache.disposedBuffers,1772806696401000000,1772806756452000000,0
MappedFileStorage.totalTimeSpentOnMappingUs,1772806696401000000,1772806756452000000,170039
MappedFileStorage.totalBytesMapped,1772806696401000000,1772806756452000000,202637312
StreamlinedBlobStorage.recordsDeleted,1772806696401000000,1772806756452000000,0
StreamlinedBlobStorage.recordsRelocated,1772806696401000000,1772806756452000000,0
StreamlinedBlobStorage.totalLiveRecordsCapacityBytes,1772806696401000000,1772806756452000000,0
FilePageCache.maxRegisteredFiles,1772806696401000000,1772806756452000000,1824
StreamlinedBlobStorage.recordsAllocated,1772806696401000000,1772806756452000000,0
FilePageCache.maxCacheSizeInBytes,1772806696401000000,1772806756452000000,629145600
FilePageCache.totalPageDisposalsUs,1772806696401000000,1772806756452000000,0
DirectByteBufferAllocator.totalSizeOfBuffersAllocatedInBytes,1772806696401000000,1772806756452000000,630194176
FilePageCache.pageFastCacheHits,1772806696401000000,1772806756452000000,0
FileChannelInterruptsRetryer.totalRetriedAttempts,1772806696401000000,1772806756452000000,0
StorageLockContext.competingThreads.avg,1772806696401000000,1772806756452000000,0.0
FilePageCache.pageLoadsAboveSizeThreshold,1772806696401000000,1772806756452000000,0
DirectByteBufferAllocator.reclaimed,1772806696401000000,1772806756452000000,0
FilePageCache.pageLoads,1772806696401000000,1772806756452000000,0
FilePageCache.capacityInBytes,1772806696401000000,1772806756452000000,629145600
StreamlinedBlobStorage.totalLiveRecordsPayloadBytes,1772806696401000000,1772806756452000000,0
FilePageCache.uncachedFileAccess,1772806696401000000,1772806756452000000,0
JVM.totalTimeAtSafepointsMs,1772806696401000000,1772806756452000000,1
MEM.fileMappingsRamBytes,1772806696401000000,1772806756452000000,711237632
JVM.GC.collectionTimesMs,1772806696401000000,1772806756452000000,0
JVM.usedHeapBytes,1772806696401000000,1772806756452000000,785472960
MEM.ramBytes,1772806696401000000,1772806756452000000,3725283328
JVM.newThreadsCount,1772806696401000000,1772806756452000000,28
JVM.maxHeapBytes,1772806696401000000,1772806756452000000,28840034304
JVM.totalDirectByteBuffersBytes,1772806696401000000,1772806756452000000,634502434
JVM.totalBytesAllocated,1772806696401000000,1772806756452000000,22146600
JVM.threadCount,1772806696401000000,1772806756452000000,80
JVM.committedHeapBytes,1772806696401000000,1772806756452000000,1644167168
JVM.totalTimeToSafepointsMs,1772806696401000000,1772806756452000000,1
MEM.ramPlusSwapMinusFileMappingsBytes,1772806696401000000,1772806756452000000,3014045696
JVM.usedNativeBytes,1772806696401000000,1772806756452000000,456434632
JVM.totalSafepointCount,1772806696401000000,1772806756452000000,17
JVM.GC.collections,1772806696401000000,1772806756452000000,0
JVM.maxThreadCount,1772806696401000000,1772806756452000000,231
MEM.ramMinusFileMappingsBytes,1772806696401000000,1772806756452000000,3014045696
JVM.totalCpuTimeMs,1772806696401000000,1772806756452000000,2900
OS.loadAverage,1772806696401000000,1772806756452000000,2.0537109375
cacheStateStorage.get.counter,1772806696401000000,1772806756452000000,0
cacheStateStorage.set.counter,1772806696401000000,1772806756452000000,0
cacheStateStorage.set.duration,1772806696401000000,1772806756452000000,0
cacheStateStorage.get.duration,1772806696401000000,1772806756452000000,0
FlushQueue.executionTimeMaxNs,1772806696401000000,1772806756452000000,0
FlushQueue.executionTimeAvgNs,1772806696401000000,1772806756452000000,0.0
FlushQueue.waitingTimeAvgNs,1772806696401000000,1772806756452000000,0.0
FlushQueue.tasksExecuted,1772806696401000000,1772806756452000000,0
NonBlockingReadAction.failedExecutionsCount,1772806696401000000,1772806756452000000,0
FlushQueue.queueSize90P,1772806696401000000,1772806756452000000,0
AWTEventQueue.eventsDispatched,1772806696401000000,1772806756452000000,0
FlushQueue.waitingTimeMaxNs,1772806696401000000,1772806756452000000,0
NonBlockingReadAction.failedExecutionTimeUs,1772806696401000000,1772806756452000000,0
AWTEventQueue.dispatchTime90PNs,1772806696401000000,1772806756452000000,0
NonBlockingReadAction.finalizedExecutionTimeUs,1772806696401000000,1772806756452000000,0
NonBlockingReadAction.finalizedExecutionsCount,1772806696401000000,1772806756452000000,0
FlushQueue.queueSizeMax,1772806696401000000,1772806756452000000,0
ReadAction.executionsCount,1772806696401000000,1772806756452000000,3
FlushQueue.waitingTime90PNs,1772806696401000000,1772806756452000000,0
WriteAction.executionsCount,1772806696401000000,1772806756452000000,0
FlushQueue.executionTime90PNs,1772806696401000000,1772806756452000000,0
FlushQueue.queueSizeAvg,1772806696401000000,1772806756452000000,0.0
AWTEventQueue.dispatchTimeTotalNS,1772806696401000000,1772806756452000000,161210039
AWTEventQueue.dispatchTimeMaxNs,1772806696401000000,1772806756452000000,0
AWTEventQueue.dispatchTimeAvgNs,1772806696401000000,1772806756452000000,0.0
Indexing.cache.totalCacheMisses,1772806696401000000,1772806756452000000,0
Indexing.cache.totalCacheEvicted,1772806696401000000,1772806756452000000,0
Indexes.allKeys.lookupDurationAvgMs,1772806696401000000,1772806756452000000,0.0
Indexing.writer_1.totalTimeSpentWritingMs,1772806696401000000,1772806756452000000,0
Indexing.cache.totalCacheAccesses,1772806696401000000,1772806756452000000,0
Indexing.writer_3.totalTimeSpentWritingMs,1772806696401000000,1772806756452000000,0
Indexes.stubs.lookups,1772806696401000000,1772806756452000000,0
Indexes.allKeys.lookupDurationMaxMs,1772806696401000000,1772806756452000000,0.0
Indexes.stubs.lookupDurationMaxMs,1772806696401000000,1772806756452000000,0.0
Indexes.entries.lookupDurationMaxMs,1772806696401000000,1772806756452000000,0.0
Indexing.writer_0.totalTimeSpentWritingMs,1772806696401000000,1772806756452000000,0
Indexes.entries.lookupDuration90PMs,1772806696401000000,1772806756452000000,0.0
Indexing.totalTimeIndexersSleptMs,1772806696401000000,1772806756452000000,0
Indexing.writesQueuedMax,1772806696401000000,1772806756452000000,0
Indexes.allKeys.lookupDuration90PMs,1772806696401000000,1772806756452000000,0.0
Indexes.allKeys.lookups,1772806696401000000,1772806756452000000,0
Indexes.stubs.lookupDuration90PMs,1772806696401000000,1772806756452000000,0.0
Indexing.writer_2.totalTimeSpentWritingMs,1772806696401000000,1772806756452000000,0
Indexing.writesQueuedMin,1772806696401000000,1772806756452000000,9223372036854775807
Indexes.stubs.lookupDurationAvgMs,1772806696401000000,1772806756452000000,0.0
Indexes.entries.lookups,1772806696401000000,1772806756452000000,0
Indexes.entries.lookupDurationAvgMs,1772806696401000000,1772806756452000000,0.0
jps.library.entities.serializer.save.entities.ms,1772806696401000000,1772806756452000000,0
workspaceModel.load.cache.from.file.ms,1772806696401000000,1772806756452000000,0
workspaceModel.moduleManagerBridge.load.all.modules.ms,1772806696401000000,1772806756452000000,0
workspaceModel.mutableEntityStorage.put.entity.ms,1772806696401000000,1772806756452000000,0
workspaceModel.moduleBridge.update.option.ms,1772806696401000000,1772806756452000000,0
jps.reload.project.entities.ms,1772806696401000000,1772806756452000000,0
workspaceModel.moduleManagerBridge.set.unloadedModules.ms,1772806696401000000,1772806756452000000,0
jps.apply.loaded.storage.ms,1772806696401000000,1772806756452000000,0
jps.module.iml.entities.serializer.save.entities.ms,1772806696401000000,1772806756452000000,0
workspaceModel.moduleBridge.facet.initialization.ms,1772806696401000000,1772806756452000000,0
jps.modifiable.module.model.bridge.new.module.ms,1772806696401000000,1772806756452000000,0
workspaceModel.mutableEntityStorage.changeLog.addReplaceEventForNewParent.ms,1772806696401000000,1772806756452000000,0
jps.artifact.entities.serializer.load.entities.ms,1772806696401000000,1772806756452000000,0
workspaceModel.mutableEntityStorage.mutable.ext.mapping.ms,1772806696401000000,1772806756452000000,0
workspaceModel.delayed.project.synchronizer.sync.ms,1772806696401000000,1772806756452000000,0
workspaceModel.sync.entities.ms,1772806696401000000,1772806756452000000,0
workspaceModel.moduleManagerBridge.create.module.instance.ms,1772806696401000000,1772806756452000000,0
jps.load.project.to.empty.storage.ms,1772806696401000000,1772806756452000000,0
workspaceModel.mutableEntityStorage.referrers.ms,1772806696401000000,1772806756452000000,0
jps.global.initialize.library.bridges.ms,1772806696401000000,1772806756452000000,0
workspaceModel.moduleBridgeLoader.loading.modules.ms,1772806696401000000,1772806756452000000,0
workspaceModel.mutableEntityStorage.replace.by.source.ms,1772806696401000000,1772806756452000000,0
workspaceModel.mutableEntityStorage.has.same.entities.ms,1772806696401000000,1772806756452000000,0
jps.app.storage.content.reader.load.component.ms,1772806696401000000,1772806756452000000,0
jps.load.initial.state.ms,1772806696401000000,1772806756452000000,0
workspaceModel.global.updates.count,1772806696401000000,1772806756452000000,0
workspaceModel.mutableEntityStorage.changeLog.addReplaceEventForNewChild.ms,1772806696401000000,1772806756452000000,0
jps.global.handle.changed.events.ms,1772806696401000000,1772806756452000000,0
workspaceModel.mutableEntityStorage.collect.changes.ms,1772806696401000000,1772806756452000000,0
workspaceModel.mutableEntityStorage.instances.count,1772806696401000000,1772806756452000000,0
workspaceModel.mutableEntityStorage.add.entity.ms,1772806696401000000,1772806756452000000,0
workspaceModel.global.apply.state.to.project.builder.ms,1772806696401000000,1772806756452000000,0
jps.modifiable.module.model.bridge.renaming.ms,1772806696401000000,1772806756452000000,0
workspaceModel.moduleManagerBridge.newModule.ms,1772806696401000000,1772806756452000000,0
jps.modifiable.module.model.bridge.disposing.ms,1772806696401000000,1772806756452000000,0
workspaceModel.orphan.listener.update.ms,1772806696401000000,1772806756452000000,0
workspaceModel.mutableEntityStorage.entities.by.source.ms,1772806696401000000,1772806756452000000,0
jps.artifact.entities.serializer.save.entities.ms,1772806696401000000,1772806756452000000,0
workspaceModel.mutableEntityStorage.changeLog.addReplaceEventForRemovedParent.ms,1772806696401000000,1772806756452000000,0
jps.project.serializers.load.ms,1772806696401000000,1772806756452000000,0
workspaceModel.mutableEntityStorage.hasReferrers.ms,1772806696401000000,1772806756452000000,0
workspaceModel.global.apply.state.to.project.ms,1772806696401000000,1772806756452000000,0
workspaceModel.do.save.caches.ms,1772806696401000000,1772806756452000000,0
jps.global.initialize.library.bridges.after.loading.ms,1772806696401000000,1772806756452000000,0
workspaceModel.mutableEntityStorage.resolve.ms,1772806696401000000,1772806756452000000,0
jps.global.get.libraries.ms,1772806696401000000,1772806756452000000,0
jps.facet.change.listener.process.change.events.ms,1772806696401000000,1772806756452000000,0
jps.library.entities.serializer.load.entities.ms,1772806696401000000,1772806756452000000,0
workspaceModel.mutableEntityStorage.changeLog.addReplaceEventForRemovedChild.ms,1772806696401000000,1772806756452000000,0
jps.global.get.library.ms,1772806696401000000,1772806756452000000,0
jps.storage.jps.conf.reader.load.component.ms,1772806696401000000,1772806756452000000,0
jps.module.iml.entities.serializer.load.entities.ms,1772806696401000000,1772806756452000000,0
jps.module.dependency.index.workspace.model.listener.on.changed.ms,1772806696401000000,1772806756452000000,0
workspaceModel.moduleBridge.before.changed.ms,1772806696401000000,1772806756452000000,0
jps.save.global.entities.ms,1772806696401000000,1772806756452000000,0
workspaceModel.moduleManagerBridge.new.nonPersistent.module.ms,1772806696401000000,1772806756452000000,0
jps.global.get.library.by.name.ms,1772806696401000000,1772806756452000000,0
workspaceModel.mutableEntityStorage.remove.entity.ms,1772806696401000000,1772806756452000000,0
workspaceModel.moduleManagerBridge.build.module.graph.ms,1772806696401000000,1772806756452000000,0
workspaceModel.moduleManagerBridge.get.modules.ms,1772806696401000000,1772806756452000000,0
jps.project.serializers.save.ms,1772806696401000000,1772806756452000000,0
workspaceModel.mutableEntityStorage.apply.changes.from.ms,1772806696401000000,1772806756452000000,0
workspaceModel.save.cache.to.file.ms,1772806696401000000,1772806756452000000,0
workspaceModel.mutableEntityStorage.entities.ms,1772806696401000000,1772806756452000000,0
workspaceModel.global.updates.ms,1772806696401000000,1772806756452000000,0
workspaceModel.moduleManagerBridge.load.module.ms,1772806696401000000,1772806756452000000,0
workspaceModel.mutableEntityStorage.to.snapshot.ms,1772806696401000000,1772806756452000000,0
workspaceModel.load.cache.metadata.from.file.ms,1772806696401000000,1772806756452000000,0
jps.facet.change.listener.init.bridge.ms,1772806696401000000,1772806756452000000,0
jps.modifiable.module.model.bridge.load.module.ms,1772806696401000000,1772806756452000000,0
workspaceModel.mutableEntityStorage.mutable.vfurl.index.ms,1772806696401000000,1772806756452000000,0
workspaceModel.mutableEntityStorage.modify.entity.ms,1772806696401000000,1772806756452000000,0
jps.global.handle.before.change.events.ms,1772806696401000000,1772806756452000000,0
jps.facet.change.listener.before.change.events.ms,1772806696401000000,1772806756452000000,0
jps.save.changed.project.entities.ms,1772806696401000000,1772806756452000000,0
workspaceModel.replace.project.model.ms,1772806756452000000,1772806816422000000,0
workspaceModel.workspaceFileIndexData.onEntitiesChanged.ms,1772806756452000000,1772806816422000000,0
workspaceModel.init.bridges.ms,1772806756452000000,1772806816422000000,0
workspaceModel.workspaceFileIndexData.instances.count,1772806756452000000,1772806816422000000,0
workspaceModel.initializing.ms,1772806756452000000,1772806816422000000,0
workspaceModel.updates.precise.ms,1772806756452000000,1772806816422000000,0
workspaceModel.on.changed.ms,1772806756452000000,1772806816422000000,0
workspaceModel.check.recursive.update.ms,1772806756452000000,1772806816422000000,0
workspaceModel.workspaceFileIndexData.getFileInfo.ms,1772806756452000000,1772806816422000000,0
workspaceModel.workspaceFileIndexData.processFileSets.ms,1772806756452000000,1772806816422000000,0
workspaceModel.update.unloaded.entities.ms,1772806756452000000,1772806816422000000,0
workspaceModel.workspaceFileIndexData.getDirectoriesByPackageName.ms,1772806756452000000,1772806816422000000,0
workspaceModel.cachedValue.from.cache.count,1772806756452000000,1772806816422000000,0
workspaceModel.loading.from.cache.ms,1772806756452000000,1772806816422000000,0
workspaceModel.cachedValueWithParameters.calculated.count,1772806756452000000,1772806816422000000,0
workspaceModel.workspaceFileIndexContributor.registerFileSets.ms,1772806756452000000,1772806816422000000,0
workspaceModel.cachedValueWithParameters.total.get.count,1772806756452000000,1772806816422000000,0
workspaceModel.on.before.changed.ms,1772806756452000000,1772806816422000000,0
workspaceModel.loading.total.ms,1772806756452000000,1772806816422000000,0
workspaceModel.workspaceFileIndexData.init.ms,1772806756452000000,1772806816422000000,0
workspaceModel.workspaceFileIndexData.getPackageName.ms,1772806756452000000,1772806816422000000,0
workspaceModel.workspaceFileIndexData.updateDirtyEntities.ms,1772806756452000000,1772806816422000000,0
workspaceModel.cachedValueWithParameters.from.cache.count,1772806756452000000,1772806816422000000,0
workspaceModel.to.snapshot.ms,1772806756452000000,1772806816422000000,0
workspaceModel.cachedValue.total.get.count,1772806756452000000,1772806816422000000,0
workspaceModel.entityStorageSnapshotImpl.instances.count,1772806756452000000,1772806816422000000,0
workspaceModel.cachedValue.clear.count,1772806756452000000,1772806816422000000,0
workspaceModel.cachedValue.calculated.count,1772806756452000000,1772806816422000000,0
workspaceModel.workspaceFileIndexData.visitFileSets.ms,1772806756452000000,1772806816422000000,0
workspaceModel.pre.handlers.ms,1772806756452000000,1772806816422000000,0
workspaceModel.full.replace.project.model.ms,1772806756452000000,1772806816422000000,0
workspaceModel.updates.ms,1772806756452000000,1772806816422000000,0
workspaceModel.workspaceFileIndexData.markDirty.ms,1772806756452000000,1772806816422000000,0
workspaceModel.cachedValueWithParameters.clear.count,1772806756452000000,1772806816422000000,0
workspaceModel.collect.changes.ms,1772806756452000000,1772806816422000000,0
workspaceModel.updates.count,1772806756452000000,1772806816422000000,0
compiler.ArtifactManagerBridge.getArtifactsByType.ms,1772806756452000000,1772806816422000000,0
compiler.ArtifactManagerBridge.getArtifacts.ms,1772806756452000000,1772806816422000000,0
compiler.ArtifactManagerBridge.dropMappings.ms,1772806756452000000,1772806816422000000,0
compiler.ArtifactModifiableModelBridge.findArtifacts.ms,1772806756452000000,1772806816422000000,0
compiler.ArtifactManagerBridge.addArtifact.ms,1772806756452000000,1772806816422000000,0
compiler.ArtifactManagerBridge.initBridges.ms,1772806756452000000,1772806816422000000,0
compiler.ArtifactModifiableModelBridge.getArtifacts.ms,1772806756452000000,1772806816422000000,0
compiler.ArtifactVirtualFileListener.filePathChanged.ms,1772806756452000000,1772806816422000000,0
compiler.ArtifactModifiableModelBridge.dispose.ms,1772806756452000000,1772806816422000000,0
compiler.ArtifactManagerBridge.commit.ms,1772806756452000000,1772806816422000000,0
compiler.ArtifactModifiableModelBridge.getArtifactsByType.ms,1772806756452000000,1772806816422000000,0
compiler.ArtifactModifiableModelBridge.commit.ms,1772806756452000000,1772806816422000000,3
compiler.ArtifactModifiableModelBridge.addArtifact.ms,1772806756452000000,1772806816422000000,0
compiler.ArtifactVirtualFileListener.propertyChanged.ms,1772806756452000000,1772806816422000000,0
compiler.ArtifactManagerBridge.findArtifact.ms,1772806756452000000,1772806816422000000,0
VFS.fileByIdCache.misses,1772806756452000000,1772806816422000000,0
VFS.contentStorage.recordsDecompressionTimeUs,1772806756452000000,1772806816422000000,0
VFS.invertedFileNameIndex.requests,1772806756452000000,1772806816422000000,0
VFS.contentStorage.recordsUncompressedSize,1772806756452000000,1772806816422000000,0
VFS.rootsCount,1772806756452000000,1772806816422000000,210.0
VFS.contentStorage.recordsStored,1772806756452000000,1772806816422000000,0
VFS.folderCaseSensitivityReads,1772806756452000000,1772806816422000000,0
VFS.fileByIdCache.hits,1772806756452000000,1772806816422000000,0
VFS.fileChildByName,1772806756452000000,1772806816422000000,0
FileNameCache.totalMisses,1772806756452000000,1772806816422000000,0
VFS.cache.segmentsCreated,1772806756452000000,1772806816422000000,0
FileNameCache.queries,1772806756452000000,1772806816422000000,0
VFS.cache.filesCreated,1772806756452000000,1772806816422000000,0
VFS.contentStorage.recordsReadDecompressed,1772806756452000000,1772806816422000000,0
VFS.contentStorage.recordsReadSize,1772806756452000000,1772806816422000000,0
VFS.contentStorage.recordsStoredSize,1772806756452000000,1772806816422000000,0
VFS.contentStorage.recordsStoredCompressed,1772806756452000000,1772806816422000000,0
VFS.contentStorage.recordsDeduplicated,1772806756452000000,1772806816422000000,0
VFS.contentStorage.recordsRead,1772806756452000000,1772806816422000000,0
VFS.cache.directoriesCreated,1772806756452000000,1772806816422000000,0
VFS.cache.segments,1772806756452000000,1772806816422000000,169.0
DiskQueryRelay.tasksExecuted,1772806756452000000,1772806816422000000,0
DiskQueryRelay.taskWaitingTotalTimeUs,1772806756452000000,1772806816422000000,0
writeAction.count,1772806756452000000,1772806816422000000,0
LowMemory.gcOverloaded,1772806756452000000,1772806816422000000,0
writeAction.median.wait.ms,1772806756452000000,1772806816422000000,200
DiskQueryRelay.tasksRequested,1772806756452000000,1772806816422000000,0
LowMemory.gcLoad,1772806756452000000,1772806816422000000,0.0
writeAction.max.wait.ms,1772806756452000000,1772806816422000000,119
writeAction.wait.ms,1772806756452000000,1772806816422000000,0
DiskQueryRelay.taskExecutionTotalTimeUs,1772806756452000000,1772806816422000000,0
MappedFileStorage.totalPagesMapped,1772806756452000000,1772806816422000000,16
StorageLockContext.competingThreads.max,1772806756452000000,1772806816422000000,0
DirectByteBufferAllocator.misses,1772806756452000000,1772806816422000000,0
FilePageCache.pageHits,1772806756452000000,1772806816422000000,0
FilePageCache.totalPageLoadsUs,1772806756452000000,1772806816422000000,0
MappedFileStorage.storages,1772806756452000000,1772806816422000000,16
DirectByteBufferAllocator.hits,1772806756452000000,1772806816422000000,0
StorageLockContext.competingThreads.90P,1772806756452000000,1772806816422000000,0
DirectByteBufferAllocator.disposed,1772806756452000000,1772806816422000000,0
DirectByteBufferAllocator.totalSizeOfBuffersCachedInBytes,1772806756452000000,1772806816422000000,1048576
FilePageCache.disposedBuffers,1772806756452000000,1772806816422000000,0
MappedFileStorage.totalTimeSpentOnMappingUs,1772806756452000000,1772806816422000000,170039
MappedFileStorage.totalBytesMapped,1772806756452000000,1772806816422000000,202637312
StreamlinedBlobStorage.recordsDeleted,1772806756452000000,1772806816422000000,0
StreamlinedBlobStorage.recordsRelocated,1772806756452000000,1772806816422000000,0
StreamlinedBlobStorage.totalLiveRecordsCapacityBytes,1772806756452000000,1772806816422000000,0
FilePageCache.maxRegisteredFiles,1772806756452000000,1772806816422000000,1824
StreamlinedBlobStorage.recordsAllocated,1772806756452000000,1772806816422000000,0
FilePageCache.maxCacheSizeInBytes,1772806756452000000,1772806816422000000,629145600
FilePageCache.totalPageDisposalsUs,1772806756452000000,1772806816422000000,0
DirectByteBufferAllocator.totalSizeOfBuffersAllocatedInBytes,1772806756452000000,1772806816422000000,630194176
FilePageCache.pageFastCacheHits,1772806756452000000,1772806816422000000,0
FileChannelInterruptsRetryer.totalRetriedAttempts,1772806756452000000,1772806816422000000,0
StorageLockContext.competingThreads.avg,1772806756452000000,1772806816422000000,0.0
FilePageCache.pageLoadsAboveSizeThreshold,1772806756452000000,1772806816422000000,0
DirectByteBufferAllocator.reclaimed,1772806756452000000,1772806816422000000,0
FilePageCache.pageLoads,1772806756452000000,1772806816422000000,0
FilePageCache.capacityInBytes,1772806756452000000,1772806816422000000,629145600
StreamlinedBlobStorage.totalLiveRecordsPayloadBytes,1772806756452000000,1772806816422000000,0
FilePageCache.uncachedFileAccess,1772806756452000000,1772806816422000000,0
JVM.totalTimeAtSafepointsMs,1772806756452000000,1772806816422000000,1
MEM.fileMappingsRamBytes,1772806756452000000,1772806816422000000,721879040
JVM.GC.collectionTimesMs,1772806756452000000,1772806816422000000,0
JVM.usedHeapBytes,1772806756452000000,1772806816422000000,835804608
MEM.ramBytes,1772806756452000000,1772806816422000000,3740774400
JVM.newThreadsCount,1772806756452000000,1772806816422000000,3
JVM.maxHeapBytes,1772806756452000000,1772806816422000000,28840034304
JVM.totalDirectByteBuffersBytes,1772806756452000000,1772806816422000000,634512262
JVM.totalBytesAllocated,1772806756452000000,1772806816422000000,41419984
JVM.threadCount,1772806756452000000,1772806816422000000,64
JVM.committedHeapBytes,1772806756452000000,1772806816422000000,1644167168
JVM.totalTimeToSafepointsMs,1772806756452000000,1772806816422000000,1
MEM.ramPlusSwapMinusFileMappingsBytes,1772806756452000000,1772806816422000000,3018895360
JVM.usedNativeBytes,1772806756452000000,1772806816422000000,461632352
JVM.totalSafepointCount,1772806756452000000,1772806816422000000,17
JVM.GC.collections,1772806756452000000,1772806816422000000,0
JVM.maxThreadCount,1772806756452000000,1772806816422000000,231
MEM.ramMinusFileMappingsBytes,1772806756452000000,1772806816422000000,3018895360
JVM.totalCpuTimeMs,1772806756452000000,1772806816422000000,2910
OS.loadAverage,1772806756452000000,1772806816422000000,2.21044921875
cacheStateStorage.get.counter,1772806756452000000,1772806816422000000,0
cacheStateStorage.set.counter,1772806756452000000,1772806816422000000,0
cacheStateStorage.set.duration,1772806756452000000,1772806816422000000,0
cacheStateStorage.get.duration,1772806756452000000,1772806816422000000,0
FlushQueue.executionTimeMaxNs,1772806756452000000,1772806816422000000,0
FlushQueue.executionTimeAvgNs,1772806756452000000,1772806816422000000,0.0
FlushQueue.waitingTimeAvgNs,1772806756452000000,1772806816422000000,0.0
FlushQueue.tasksExecuted,1772806756452000000,1772806816422000000,0
NonBlockingReadAction.failedExecutionsCount,1772806756452000000,1772806816422000000,0
FlushQueue.queueSize90P,1772806756452000000,1772806816422000000,0
AWTEventQueue.eventsDispatched,1772806756452000000,1772806816422000000,0
FlushQueue.waitingTimeMaxNs,1772806756452000000,1772806816422000000,0
NonBlockingReadAction.failedExecutionTimeUs,1772806756452000000,1772806816422000000,0
AWTEventQueue.dispatchTime90PNs,1772806756452000000,1772806816422000000,0
NonBlockingReadAction.finalizedExecutionTimeUs,1772806756452000000,1772806816422000000,0
NonBlockingReadAction.finalizedExecutionsCount,1772806756452000000,1772806816422000000,0
FlushQueue.queueSizeMax,1772806756452000000,1772806816422000000,0
ReadAction.executionsCount,1772806756452000000,1772806816422000000,3
FlushQueue.waitingTime90PNs,1772806756452000000,1772806816422000000,0
WriteAction.executionsCount,1772806756452000000,1772806816422000000,0
FlushQueue.executionTime90PNs,1772806756452000000,1772806816422000000,0
FlushQueue.queueSizeAvg,1772806756452000000,1772806816422000000,0.0
AWTEventQueue.dispatchTimeTotalNS,1772806756452000000,1772806816422000000,146833327
AWTEventQueue.dispatchTimeMaxNs,1772806756452000000,1772806816422000000,0
AWTEventQueue.dispatchTimeAvgNs,1772806756452000000,1772806816422000000,0.0
Indexing.cache.totalCacheMisses,1772806756452000000,1772806816422000000,0
Indexing.cache.totalCacheEvicted,1772806756452000000,1772806816422000000,0
Indexes.allKeys.lookupDurationAvgMs,1772806756452000000,1772806816422000000,0.0
Indexing.writer_1.totalTimeSpentWritingMs,1772806756452000000,1772806816422000000,0
Indexing.cache.totalCacheAccesses,1772806756452000000,1772806816422000000,0
Indexing.writer_3.totalTimeSpentWritingMs,1772806756452000000,1772806816422000000,0
Indexes.stubs.lookups,1772806756452000000,1772806816422000000,0
Indexes.allKeys.lookupDurationMaxMs,1772806756452000000,1772806816422000000,0.0
Indexes.stubs.lookupDurationMaxMs,1772806756452000000,1772806816422000000,0.0
Indexes.entries.lookupDurationMaxMs,1772806756452000000,1772806816422000000,0.0
Indexing.writer_0.totalTimeSpentWritingMs,1772806756452000000,1772806816422000000,0
Indexes.entries.lookupDuration90PMs,1772806756452000000,1772806816422000000,0.0
Indexing.totalTimeIndexersSleptMs,1772806756452000000,1772806816422000000,0
Indexing.writesQueuedMax,1772806756452000000,1772806816422000000,0
Indexes.allKeys.lookupDuration90PMs,1772806756452000000,1772806816422000000,0.0
Indexes.allKeys.lookups,1772806756452000000,1772806816422000000,0
Indexes.stubs.lookupDuration90PMs,1772806756452000000,1772806816422000000,0.0
Indexing.writer_2.totalTimeSpentWritingMs,1772806756452000000,1772806816422000000,0
Indexing.writesQueuedMin,1772806756452000000,1772806816422000000,9223372036854775807
Indexes.stubs.lookupDurationAvgMs,1772806756452000000,1772806816422000000,0.0
Indexes.entries.lookups,1772806756452000000,1772806816422000000,0
Indexes.entries.lookupDurationAvgMs,1772806756452000000,1772806816422000000,0.0
jps.library.entities.serializer.save.entities.ms,1772806756452000000,1772806816422000000,0
workspaceModel.load.cache.from.file.ms,1772806756452000000,1772806816422000000,0
workspaceModel.moduleManagerBridge.load.all.modules.ms,1772806756452000000,1772806816422000000,0
workspaceModel.mutableEntityStorage.put.entity.ms,1772806756452000000,1772806816422000000,0
workspaceModel.moduleBridge.update.option.ms,1772806756452000000,1772806816422000000,0
jps.reload.project.entities.ms,1772806756452000000,1772806816422000000,0
workspaceModel.moduleManagerBridge.set.unloadedModules.ms,1772806756452000000,1772806816422000000,0
jps.apply.loaded.storage.ms,1772806756452000000,1772806816422000000,0
jps.module.iml.entities.serializer.save.entities.ms,1772806756452000000,1772806816422000000,0
workspaceModel.moduleBridge.facet.initialization.ms,1772806756452000000,1772806816422000000,0
jps.modifiable.module.model.bridge.new.module.ms,1772806756452000000,1772806816422000000,0
workspaceModel.mutableEntityStorage.changeLog.addReplaceEventForNewParent.ms,1772806756452000000,1772806816422000000,0
jps.artifact.entities.serializer.load.entities.ms,1772806756452000000,1772806816422000000,0
workspaceModel.mutableEntityStorage.mutable.ext.mapping.ms,1772806756452000000,1772806816422000000,0
workspaceModel.delayed.project.synchronizer.sync.ms,1772806756452000000,1772806816422000000,0
workspaceModel.sync.entities.ms,1772806756452000000,1772806816422000000,0
workspaceModel.moduleManagerBridge.create.module.instance.ms,1772806756452000000,1772806816422000000,0
jps.load.project.to.empty.storage.ms,1772806756452000000,1772806816422000000,0
workspaceModel.mutableEntityStorage.referrers.ms,1772806756452000000,1772806816422000000,0
jps.global.initialize.library.bridges.ms,1772806756452000000,1772806816422000000,0
workspaceModel.moduleBridgeLoader.loading.modules.ms,1772806756452000000,1772806816422000000,0
workspaceModel.mutableEntityStorage.replace.by.source.ms,1772806756452000000,1772806816422000000,0
workspaceModel.mutableEntityStorage.has.same.entities.ms,1772806756452000000,1772806816422000000,0
jps.app.storage.content.reader.load.component.ms,1772806756452000000,1772806816422000000,0
jps.load.initial.state.ms,1772806756452000000,1772806816422000000,0
workspaceModel.global.updates.count,1772806756452000000,1772806816422000000,0
workspaceModel.mutableEntityStorage.changeLog.addReplaceEventForNewChild.ms,1772806756452000000,1772806816422000000,0
jps.global.handle.changed.events.ms,1772806756452000000,1772806816422000000,0
workspaceModel.mutableEntityStorage.collect.changes.ms,1772806756452000000,1772806816422000000,0
workspaceModel.mutableEntityStorage.instances.count,1772806756452000000,1772806816422000000,0
workspaceModel.mutableEntityStorage.add.entity.ms,1772806756452000000,1772806816422000000,0
workspaceModel.global.apply.state.to.project.builder.ms,1772806756452000000,1772806816422000000,0
jps.modifiable.module.model.bridge.renaming.ms,1772806756452000000,1772806816422000000,0
workspaceModel.moduleManagerBridge.newModule.ms,1772806756452000000,1772806816422000000,0
jps.modifiable.module.model.bridge.disposing.ms,1772806756452000000,1772806816422000000,0
workspaceModel.orphan.listener.update.ms,1772806756452000000,1772806816422000000,0
workspaceModel.mutableEntityStorage.entities.by.source.ms,1772806756452000000,1772806816422000000,0
jps.artifact.entities.serializer.save.entities.ms,1772806756452000000,1772806816422000000,0
workspaceModel.mutableEntityStorage.changeLog.addReplaceEventForRemovedParent.ms,1772806756452000000,1772806816422000000,0
jps.project.serializers.load.ms,1772806756452000000,1772806816422000000,0
workspaceModel.mutableEntityStorage.hasReferrers.ms,1772806756452000000,1772806816422000000,0
workspaceModel.global.apply.state.to.project.ms,1772806756452000000,1772806816422000000,0
workspaceModel.do.save.caches.ms,1772806756452000000,1772806816422000000,0
jps.global.initialize.library.bridges.after.loading.ms,1772806756452000000,1772806816422000000,0
workspaceModel.mutableEntityStorage.resolve.ms,1772806756452000000,1772806816422000000,0
jps.global.get.libraries.ms,1772806756452000000,1772806816422000000,0
jps.facet.change.listener.process.change.events.ms,1772806756452000000,1772806816422000000,0
jps.library.entities.serializer.load.entities.ms,1772806756452000000,1772806816422000000,0
workspaceModel.mutableEntityStorage.changeLog.addReplaceEventForRemovedChild.ms,1772806756452000000,1772806816422000000,0
jps.global.get.library.ms,1772806756452000000,1772806816422000000,0
jps.storage.jps.conf.reader.load.component.ms,1772806756452000000,1772806816422000000,0
jps.module.iml.entities.serializer.load.entities.ms,1772806756452000000,1772806816422000000,0
jps.module.dependency.index.workspace.model.listener.on.changed.ms,1772806756452000000,1772806816422000000,0
workspaceModel.moduleBridge.before.changed.ms,1772806756452000000,1772806816422000000,0
jps.save.global.entities.ms,1772806756452000000,1772806816422000000,0
workspaceModel.moduleManagerBridge.new.nonPersistent.module.ms,1772806756452000000,1772806816422000000,0
jps.global.get.library.by.name.ms,1772806756452000000,1772806816422000000,0
workspaceModel.mutableEntityStorage.remove.entity.ms,1772806756452000000,1772806816422000000,0
workspaceModel.moduleManagerBridge.build.module.graph.ms,1772806756452000000,1772806816422000000,0
workspaceModel.moduleManagerBridge.get.modules.ms,1772806756452000000,1772806816422000000,0
jps.project.serializers.save.ms,1772806756452000000,1772806816422000000,0
workspaceModel.mutableEntityStorage.apply.changes.from.ms,1772806756452000000,1772806816422000000,0
workspaceModel.save.cache.to.file.ms,1772806756452000000,1772806816422000000,0
workspaceModel.mutableEntityStorage.entities.ms,1772806756452000000,1772806816422000000,0
workspaceModel.global.updates.ms,1772806756452000000,1772806816422000000,0
workspaceModel.moduleManagerBridge.load.module.ms,1772806756452000000,1772806816422000000,0
workspaceModel.mutableEntityStorage.to.snapshot.ms,1772806756452000000,1772806816422000000,0
workspaceModel.load.cache.metadata.from.file.ms,1772806756452000000,1772806816422000000,0
jps.facet.change.listener.init.bridge.ms,1772806756452000000,1772806816422000000,0
jps.modifiable.module.model.bridge.load.module.ms,1772806756452000000,1772806816422000000,0
workspaceModel.mutableEntityStorage.mutable.vfurl.index.ms,1772806756452000000,1772806816422000000,0
workspaceModel.mutableEntityStorage.modify.entity.ms,1772806756452000000,1772806816422000000,0
jps.global.handle.before.change.events.ms,1772806756452000000,1772806816422000000,0
jps.facet.change.listener.before.change.events.ms,1772806756452000000,1772806816422000000,0
jps.save.changed.project.entities.ms,1772806756452000000,1772806816422000000,0
workspaceModel.replace.project.model.ms,1772806816422000000,1772806876436000000,0
workspaceModel.workspaceFileIndexData.onEntitiesChanged.ms,1772806816422000000,1772806876436000000,0
workspaceModel.init.bridges.ms,1772806816422000000,1772806876436000000,0
workspaceModel.workspaceFileIndexData.instances.count,1772806816422000000,1772806876436000000,0
workspaceModel.initializing.ms,1772806816422000000,1772806876436000000,0
workspaceModel.updates.precise.ms,1772806816422000000,1772806876436000000,0
workspaceModel.on.changed.ms,1772806816422000000,1772806876436000000,0
workspaceModel.check.recursive.update.ms,1772806816422000000,1772806876436000000,0
workspaceModel.workspaceFileIndexData.getFileInfo.ms,1772806816422000000,1772806876436000000,0
workspaceModel.workspaceFileIndexData.processFileSets.ms,1772806816422000000,1772806876436000000,0
workspaceModel.update.unloaded.entities.ms,1772806816422000000,1772806876436000000,0
workspaceModel.workspaceFileIndexData.getDirectoriesByPackageName.ms,1772806816422000000,1772806876436000000,0
workspaceModel.cachedValue.from.cache.count,1772806816422000000,1772806876436000000,0
workspaceModel.loading.from.cache.ms,1772806816422000000,1772806876436000000,0
workspaceModel.cachedValueWithParameters.calculated.count,1772806816422000000,1772806876436000000,0
workspaceModel.workspaceFileIndexContributor.registerFileSets.ms,1772806816422000000,1772806876436000000,0
workspaceModel.cachedValueWithParameters.total.get.count,1772806816422000000,1772806876436000000,0
workspaceModel.on.before.changed.ms,1772806816422000000,1772806876436000000,0
workspaceModel.loading.total.ms,1772806816422000000,1772806876436000000,0
workspaceModel.workspaceFileIndexData.init.ms,1772806816422000000,1772806876436000000,0
workspaceModel.workspaceFileIndexData.getPackageName.ms,1772806816422000000,1772806876436000000,0
workspaceModel.workspaceFileIndexData.updateDirtyEntities.ms,1772806816422000000,1772806876436000000,0
workspaceModel.cachedValueWithParameters.from.cache.count,1772806816422000000,1772806876436000000,0
workspaceModel.to.snapshot.ms,1772806816422000000,1772806876436000000,0
workspaceModel.cachedValue.total.get.count,1772806816422000000,1772806876436000000,0
workspaceModel.entityStorageSnapshotImpl.instances.count,1772806816422000000,1772806876436000000,0
workspaceModel.cachedValue.clear.count,1772806816422000000,1772806876436000000,0
workspaceModel.cachedValue.calculated.count,1772806816422000000,1772806876436000000,0
workspaceModel.workspaceFileIndexData.visitFileSets.ms,1772806816422000000,1772806876436000000,0
workspaceModel.pre.handlers.ms,1772806816422000000,1772806876436000000,0
workspaceModel.full.replace.project.model.ms,1772806816422000000,1772806876436000000,0
workspaceModel.updates.ms,1772806816422000000,1772806876436000000,0
workspaceModel.workspaceFileIndexData.markDirty.ms,1772806816422000000,1772806876436000000,0
workspaceModel.cachedValueWithParameters.clear.count,1772806816422000000,1772806876436000000,0
workspaceModel.collect.changes.ms,1772806816422000000,1772806876436000000,0
workspaceModel.updates.count,1772806816422000000,1772806876436000000,0
compiler.ArtifactManagerBridge.getArtifactsByType.ms,1772806816422000000,1772806876436000000,0
compiler.ArtifactManagerBridge.getArtifacts.ms,1772806816422000000,1772806876436000000,0
compiler.ArtifactManagerBridge.dropMappings.ms,1772806816422000000,1772806876436000000,0
compiler.ArtifactModifiableModelBridge.findArtifacts.ms,1772806816422000000,1772806876436000000,0
compiler.ArtifactManagerBridge.addArtifact.ms,1772806816422000000,1772806876436000000,0
compiler.ArtifactManagerBridge.initBridges.ms,1772806816422000000,1772806876436000000,0
compiler.ArtifactModifiableModelBridge.getArtifacts.ms,1772806816422000000,1772806876436000000,0
compiler.ArtifactVirtualFileListener.filePathChanged.ms,1772806816422000000,1772806876436000000,0
compiler.ArtifactModifiableModelBridge.dispose.ms,1772806816422000000,1772806876436000000,0
compiler.ArtifactManagerBridge.commit.ms,1772806816422000000,1772806876436000000,0
compiler.ArtifactModifiableModelBridge.getArtifactsByType.ms,1772806816422000000,1772806876436000000,0
compiler.ArtifactModifiableModelBridge.commit.ms,1772806816422000000,1772806876436000000,3
compiler.ArtifactModifiableModelBridge.addArtifact.ms,1772806816422000000,1772806876436000000,0
compiler.ArtifactVirtualFileListener.propertyChanged.ms,1772806816422000000,1772806876436000000,0
compiler.ArtifactManagerBridge.findArtifact.ms,1772806816422000000,1772806876436000000,0
VFS.fileByIdCache.misses,1772806816422000000,1772806876436000000,0
VFS.contentStorage.recordsDecompressionTimeUs,1772806816422000000,1772806876436000000,0
VFS.invertedFileNameIndex.requests,1772806816422000000,1772806876436000000,0
VFS.contentStorage.recordsUncompressedSize,1772806816422000000,1772806876436000000,0
VFS.rootsCount,1772806816422000000,1772806876436000000,210.0
VFS.contentStorage.recordsStored,1772806816422000000,1772806876436000000,0
VFS.folderCaseSensitivityReads,1772806816422000000,1772806876436000000,0
VFS.fileByIdCache.hits,1772806816422000000,1772806876436000000,0
VFS.fileChildByName,1772806816422000000,1772806876436000000,0
FileNameCache.totalMisses,1772806816422000000,1772806876436000000,0
VFS.cache.segmentsCreated,1772806816422000000,1772806876436000000,0
FileNameCache.queries,1772806816422000000,1772806876436000000,0
VFS.cache.filesCreated,1772806816422000000,1772806876436000000,0
VFS.contentStorage.recordsReadDecompressed,1772806816422000000,1772806876436000000,0
VFS.contentStorage.recordsReadSize,1772806816422000000,1772806876436000000,0
VFS.contentStorage.recordsStoredSize,1772806816422000000,1772806876436000000,0
VFS.contentStorage.recordsStoredCompressed,1772806816422000000,1772806876436000000,0
VFS.contentStorage.recordsDeduplicated,1772806816422000000,1772806876436000000,0
VFS.contentStorage.recordsRead,1772806816422000000,1772806876436000000,0
VFS.cache.directoriesCreated,1772806816422000000,1772806876436000000,0
VFS.cache.segments,1772806816422000000,1772806876436000000,169.0
DiskQueryRelay.tasksExecuted,1772806816422000000,1772806876436000000,0
DiskQueryRelay.taskWaitingTotalTimeUs,1772806816422000000,1772806876436000000,0
writeAction.count,1772806816422000000,1772806876436000000,0
LowMemory.gcOverloaded,1772806816422000000,1772806876436000000,0
writeAction.median.wait.ms,1772806816422000000,1772806876436000000,200
DiskQueryRelay.tasksRequested,1772806816422000000,1772806876436000000,0
LowMemory.gcLoad,1772806816422000000,1772806876436000000,0.0
writeAction.max.wait.ms,1772806816422000000,1772806876436000000,119
writeAction.wait.ms,1772806816422000000,1772806876436000000,0
DiskQueryRelay.taskExecutionTotalTimeUs,1772806816422000000,1772806876436000000,0
MappedFileStorage.totalPagesMapped,1772806816422000000,1772806876436000000,16
StorageLockContext.competingThreads.max,1772806816422000000,1772806876436000000,0
DirectByteBufferAllocator.misses,1772806816422000000,1772806876436000000,0
FilePageCache.pageHits,1772806816422000000,1772806876436000000,0
FilePageCache.totalPageLoadsUs,1772806816422000000,1772806876436000000,0
MappedFileStorage.storages,1772806816422000000,1772806876436000000,16
DirectByteBufferAllocator.hits,1772806816422000000,1772806876436000000,0
StorageLockContext.competingThreads.90P,1772806816422000000,1772806876436000000,0
DirectByteBufferAllocator.disposed,1772806816422000000,1772806876436000000,0
DirectByteBufferAllocator.totalSizeOfBuffersCachedInBytes,1772806816422000000,1772806876436000000,1048576
FilePageCache.disposedBuffers,1772806816422000000,1772806876436000000,0
MappedFileStorage.totalTimeSpentOnMappingUs,1772806816422000000,1772806876436000000,170039
MappedFileStorage.totalBytesMapped,1772806816422000000,1772806876436000000,202637312
StreamlinedBlobStorage.recordsDeleted,1772806816422000000,1772806876436000000,0
StreamlinedBlobStorage.recordsRelocated,1772806816422000000,1772806876436000000,0
StreamlinedBlobStorage.totalLiveRecordsCapacityBytes,1772806816422000000,1772806876436000000,0
FilePageCache.maxRegisteredFiles,1772806816422000000,1772806876436000000,1824
StreamlinedBlobStorage.recordsAllocated,1772806816422000000,1772806876436000000,0
FilePageCache.maxCacheSizeInBytes,1772806816422000000,1772806876436000000,629145600
FilePageCache.totalPageDisposalsUs,1772806816422000000,1772806876436000000,0
DirectByteBufferAllocator.totalSizeOfBuffersAllocatedInBytes,1772806816422000000,1772806876436000000,630194176
FilePageCache.pageFastCacheHits,1772806816422000000,1772806876436000000,0
FileChannelInterruptsRetryer.totalRetriedAttempts,1772806816422000000,1772806876436000000,0
StorageLockContext.competingThreads.avg,1772806816422000000,1772806876436000000,0.0
FilePageCache.pageLoadsAboveSizeThreshold,1772806816422000000,1772806876436000000,0
DirectByteBufferAllocator.reclaimed,1772806816422000000,1772806876436000000,0
FilePageCache.pageLoads,1772806816422000000,1772806876436000000,0
FilePageCache.capacityInBytes,1772806816422000000,1772806876436000000,629145600
StreamlinedBlobStorage.totalLiveRecordsPayloadBytes,1772806816422000000,1772806876436000000,0
FilePageCache.uncachedFileAccess,1772806816422000000,1772806876436000000,0
JVM.totalTimeAtSafepointsMs,1772806816422000000,1772806876436000000,1
MEM.fileMappingsRamBytes,1772806816422000000,1772806876436000000,721879040
JVM.GC.collectionTimesMs,1772806816422000000,1772806876436000000,0
JVM.usedHeapBytes,1772806816422000000,1772806876436000000,902913472
MEM.ramBytes,1772806816422000000,1772806876436000000,3743002624
JVM.newThreadsCount,1772806816422000000,1772806876436000000,12
JVM.maxHeapBytes,1772806816422000000,1772806876436000000,28840034304
JVM.totalDirectByteBuffersBytes,1772806816422000000,1772806876436000000,634595036
JVM.totalBytesAllocated,1772806816422000000,1772806876436000000,73315736
JVM.threadCount,1772806816422000000,1772806876436000000,75
JVM.committedHeapBytes,1772806816422000000,1772806876436000000,1644167168
JVM.totalTimeToSafepointsMs,1772806816422000000,1772806876436000000,2
MEM.ramPlusSwapMinusFileMappingsBytes,1772806816422000000,1772806876436000000,3021123584
JVM.usedNativeBytes,1772806816422000000,1772806876436000000,463837912
JVM.totalSafepointCount,1772806816422000000,1772806876436000000,19
JVM.GC.collections,1772806816422000000,1772806876436000000,0
JVM.maxThreadCount,1772806816422000000,1772806876436000000,231
MEM.ramMinusFileMappingsBytes,1772806816422000000,1772806876436000000,3021123584
JVM.totalCpuTimeMs,1772806816422000000,1772806876436000000,2990
OS.loadAverage,1772806816422000000,1772806876436000000,1.72265625
cacheStateStorage.get.counter,1772806816422000000,1772806876436000000,0
cacheStateStorage.set.counter,1772806816422000000,1772806876436000000,0
cacheStateStorage.set.duration,1772806816422000000,1772806876436000000,0
cacheStateStorage.get.duration,1772806816422000000,1772806876436000000,0
FlushQueue.executionTimeMaxNs,1772806816422000000,1772806876436000000,148479
FlushQueue.executionTimeAvgNs,1772806816422000000,1772806876436000000,147968.0
FlushQueue.waitingTimeAvgNs,1772806816422000000,1772806876436000000,112384.0
FlushQueue.tasksExecuted,1772806816422000000,1772806876436000000,1
NonBlockingReadAction.failedExecutionsCount,1772806816422000000,1772806876436000000,0
FlushQueue.queueSize90P,1772806816422000000,1772806876436000000,0
AWTEventQueue.eventsDispatched,1772806816422000000,1772806876436000000,2
FlushQueue.waitingTimeMaxNs,1772806816422000000,1772806876436000000,112639
NonBlockingReadAction.failedExecutionTimeUs,1772806816422000000,1772806876436000000,0
AWTEventQueue.dispatchTime90PNs,1772806816422000000,1772806876436000000,199679
NonBlockingReadAction.finalizedExecutionTimeUs,1772806816422000000,1772806876436000000,0
NonBlockingReadAction.finalizedExecutionsCount,1772806816422000000,1772806876436000000,0
FlushQueue.queueSizeMax,1772806816422000000,1772806876436000000,0
ReadAction.executionsCount,1772806816422000000,1772806876436000000,3
FlushQueue.waitingTime90PNs,1772806816422000000,1772806876436000000,112639
WriteAction.executionsCount,1772806816422000000,1772806876436000000,0
FlushQueue.executionTime90PNs,1772806816422000000,1772806876436000000,148479
FlushQueue.queueSizeAvg,1772806816422000000,1772806876436000000,0.0
AWTEventQueue.dispatchTimeTotalNS,1772806816422000000,1772806876436000000,144487752
AWTEventQueue.dispatchTimeMaxNs,1772806816422000000,1772806876436000000,199679
AWTEventQueue.dispatchTimeAvgNs,1772806816422000000,1772806876436000000,103888.0
Indexing.cache.totalCacheMisses,1772806816422000000,1772806876436000000,0
Indexing.cache.totalCacheEvicted,1772806816422000000,1772806876436000000,0
Indexes.allKeys.lookupDurationAvgMs,1772806816422000000,1772806876436000000,0.0
Indexing.writer_1.totalTimeSpentWritingMs,1772806816422000000,1772806876436000000,0
Indexing.cache.totalCacheAccesses,1772806816422000000,1772806876436000000,0
Indexing.writer_3.totalTimeSpentWritingMs,1772806816422000000,1772806876436000000,0
Indexes.stubs.lookups,1772806816422000000,1772806876436000000,0
Indexes.allKeys.lookupDurationMaxMs,1772806816422000000,1772806876436000000,0.0
Indexes.stubs.lookupDurationMaxMs,1772806816422000000,1772806876436000000,0.0
Indexes.entries.lookupDurationMaxMs,1772806816422000000,1772806876436000000,0.0
Indexing.writer_0.totalTimeSpentWritingMs,1772806816422000000,1772806876436000000,0
Indexes.entries.lookupDuration90PMs,1772806816422000000,1772806876436000000,0.0
Indexing.totalTimeIndexersSleptMs,1772806816422000000,1772806876436000000,0
Indexing.writesQueuedMax,1772806816422000000,1772806876436000000,0
Indexes.allKeys.lookupDuration90PMs,1772806816422000000,1772806876436000000,0.0
Indexes.allKeys.lookups,1772806816422000000,1772806876436000000,0
Indexes.stubs.lookupDuration90PMs,1772806816422000000,1772806876436000000,0.0
Indexing.writer_2.totalTimeSpentWritingMs,1772806816422000000,1772806876436000000,0
Indexing.writesQueuedMin,1772806816422000000,1772806876436000000,9223372036854775807
Indexes.stubs.lookupDurationAvgMs,1772806816422000000,1772806876436000000,0.0
Indexes.entries.lookups,1772806816422000000,1772806876436000000,0
Indexes.entries.lookupDurationAvgMs,1772806816422000000,1772806876436000000,0.0
jps.library.entities.serializer.save.entities.ms,1772806816422000000,1772806876436000000,0
workspaceModel.load.cache.from.file.ms,1772806816422000000,1772806876436000000,0
workspaceModel.moduleManagerBridge.load.all.modules.ms,1772806816422000000,1772806876436000000,0
workspaceModel.mutableEntityStorage.put.entity.ms,1772806816422000000,1772806876436000000,0
workspaceModel.moduleBridge.update.option.ms,1772806816422000000,1772806876436000000,0
jps.reload.project.entities.ms,1772806816422000000,1772806876436000000,0
workspaceModel.moduleManagerBridge.set.unloadedModules.ms,1772806816422000000,1772806876436000000,0
jps.apply.loaded.storage.ms,1772806816422000000,1772806876436000000,0
jps.module.iml.entities.serializer.save.entities.ms,1772806816422000000,1772806876436000000,0
workspaceModel.moduleBridge.facet.initialization.ms,1772806816422000000,1772806876436000000,0
jps.modifiable.module.model.bridge.new.module.ms,1772806816422000000,1772806876436000000,0
workspaceModel.mutableEntityStorage.changeLog.addReplaceEventForNewParent.ms,1772806816422000000,1772806876436000000,0
jps.artifact.entities.serializer.load.entities.ms,1772806816422000000,1772806876436000000,0
workspaceModel.mutableEntityStorage.mutable.ext.mapping.ms,1772806816422000000,1772806876436000000,0
workspaceModel.delayed.project.synchronizer.sync.ms,1772806816422000000,1772806876436000000,0
workspaceModel.sync.entities.ms,1772806816422000000,1772806876436000000,0
workspaceModel.moduleManagerBridge.create.module.instance.ms,1772806816422000000,1772806876436000000,0
jps.load.project.to.empty.storage.ms,1772806816422000000,1772806876436000000,0
workspaceModel.mutableEntityStorage.referrers.ms,1772806816422000000,1772806876436000000,0
jps.global.initialize.library.bridges.ms,1772806816422000000,1772806876436000000,0
workspaceModel.moduleBridgeLoader.loading.modules.ms,1772806816422000000,1772806876436000000,0
workspaceModel.mutableEntityStorage.replace.by.source.ms,1772806816422000000,1772806876436000000,0
workspaceModel.mutableEntityStorage.has.same.entities.ms,1772806816422000000,1772806876436000000,0
jps.app.storage.content.reader.load.component.ms,1772806816422000000,1772806876436000000,0
jps.load.initial.state.ms,1772806816422000000,1772806876436000000,0
workspaceModel.global.updates.count,1772806816422000000,1772806876436000000,0
workspaceModel.mutableEntityStorage.changeLog.addReplaceEventForNewChild.ms,1772806816422000000,1772806876436000000,0
jps.global.handle.changed.events.ms,1772806816422000000,1772806876436000000,0
workspaceModel.mutableEntityStorage.collect.changes.ms,1772806816422000000,1772806876436000000,0
workspaceModel.mutableEntityStorage.instances.count,1772806816422000000,1772806876436000000,0
workspaceModel.mutableEntityStorage.add.entity.ms,1772806816422000000,1772806876436000000,0
workspaceModel.global.apply.state.to.project.builder.ms,1772806816422000000,1772806876436000000,0
jps.modifiable.module.model.bridge.renaming.ms,1772806816422000000,1772806876436000000,0
workspaceModel.moduleManagerBridge.newModule.ms,1772806816422000000,1772806876436000000,0
jps.modifiable.module.model.bridge.disposing.ms,1772806816422000000,1772806876436000000,0
workspaceModel.orphan.listener.update.ms,1772806816422000000,1772806876436000000,0
workspaceModel.mutableEntityStorage.entities.by.source.ms,1772806816422000000,1772806876436000000,0
jps.artifact.entities.serializer.save.entities.ms,1772806816422000000,1772806876436000000,0
workspaceModel.mutableEntityStorage.changeLog.addReplaceEventForRemovedParent.ms,1772806816422000000,1772806876436000000,0
jps.project.serializers.load.ms,1772806816422000000,1772806876436000000,0
workspaceModel.mutableEntityStorage.hasReferrers.ms,1772806816422000000,1772806876436000000,0
workspaceModel.global.apply.state.to.project.ms,1772806816422000000,1772806876436000000,0
workspaceModel.do.save.caches.ms,1772806816422000000,1772806876436000000,0
jps.global.initialize.library.bridges.after.loading.ms,1772806816422000000,1772806876436000000,0
workspaceModel.mutableEntityStorage.resolve.ms,1772806816422000000,1772806876436000000,0
jps.global.get.libraries.ms,1772806816422000000,1772806876436000000,0
jps.facet.change.listener.process.change.events.ms,1772806816422000000,1772806876436000000,0
jps.library.entities.serializer.load.entities.ms,1772806816422000000,1772806876436000000,0
workspaceModel.mutableEntityStorage.changeLog.addReplaceEventForRemovedChild.ms,1772806816422000000,1772806876436000000,0
jps.global.get.library.ms,1772806816422000000,1772806876436000000,0
jps.storage.jps.conf.reader.load.component.ms,1772806816422000000,1772806876436000000,0
jps.module.iml.entities.serializer.load.entities.ms,1772806816422000000,1772806876436000000,0
jps.module.dependency.index.workspace.model.listener.on.changed.ms,1772806816422000000,1772806876436000000,0
workspaceModel.moduleBridge.before.changed.ms,1772806816422000000,1772806876436000000,0
jps.save.global.entities.ms,1772806816422000000,1772806876436000000,0
workspaceModel.moduleManagerBridge.new.nonPersistent.module.ms,1772806816422000000,1772806876436000000,0
jps.global.get.library.by.name.ms,1772806816422000000,1772806876436000000,0
workspaceModel.mutableEntityStorage.remove.entity.ms,1772806816422000000,1772806876436000000,0
workspaceModel.moduleManagerBridge.build.module.graph.ms,1772806816422000000,1772806876436000000,0
workspaceModel.moduleManagerBridge.get.modules.ms,1772806816422000000,1772806876436000000,0
jps.project.serializers.save.ms,1772806816422000000,1772806876436000000,0
workspaceModel.mutableEntityStorage.apply.changes.from.ms,1772806816422000000,1772806876436000000,0
workspaceModel.save.cache.to.file.ms,1772806816422000000,1772806876436000000,0
workspaceModel.mutableEntityStorage.entities.ms,1772806816422000000,1772806876436000000,0
workspaceModel.global.updates.ms,1772806816422000000,1772806876436000000,0
workspaceModel.moduleManagerBridge.load.module.ms,1772806816422000000,1772806876436000000,0
workspaceModel.mutableEntityStorage.to.snapshot.ms,1772806816422000000,1772806876436000000,0
workspaceModel.load.cache.metadata.from.file.ms,1772806816422000000,1772806876436000000,0
jps.facet.change.listener.init.bridge.ms,1772806816422000000,1772806876436000000,0
jps.modifiable.module.model.bridge.load.module.ms,1772806816422000000,1772806876436000000,0
workspaceModel.mutableEntityStorage.mutable.vfurl.index.ms,1772806816422000000,1772806876436000000,0
workspaceModel.mutableEntityStorage.modify.entity.ms,1772806816422000000,1772806876436000000,0
jps.global.handle.before.change.events.ms,1772806816422000000,1772806876436000000,0
jps.facet.change.listener.before.change.events.ms,1772806816422000000,1772806876436000000,0
jps.save.changed.project.entities.ms,1772806816422000000,1772806876436000000,0
workspaceModel.replace.project.model.ms,1772806876436000000,1772806936435000000,0
workspaceModel.workspaceFileIndexData.onEntitiesChanged.ms,1772806876436000000,1772806936435000000,0
workspaceModel.init.bridges.ms,1772806876436000000,1772806936435000000,0
workspaceModel.workspaceFileIndexData.instances.count,1772806876436000000,1772806936435000000,0
workspaceModel.initializing.ms,1772806876436000000,1772806936435000000,0
workspaceModel.updates.precise.ms,1772806876436000000,1772806936435000000,0
workspaceModel.on.changed.ms,1772806876436000000,1772806936435000000,0
workspaceModel.check.recursive.update.ms,1772806876436000000,1772806936435000000,0
workspaceModel.workspaceFileIndexData.getFileInfo.ms,1772806876436000000,1772806936435000000,0
workspaceModel.workspaceFileIndexData.processFileSets.ms,1772806876436000000,1772806936435000000,0
workspaceModel.update.unloaded.entities.ms,1772806876436000000,1772806936435000000,0
workspaceModel.workspaceFileIndexData.getDirectoriesByPackageName.ms,1772806876436000000,1772806936435000000,0
workspaceModel.cachedValue.from.cache.count,1772806876436000000,1772806936435000000,0
workspaceModel.loading.from.cache.ms,1772806876436000000,1772806936435000000,0
workspaceModel.cachedValueWithParameters.calculated.count,1772806876436000000,1772806936435000000,0
workspaceModel.workspaceFileIndexContributor.registerFileSets.ms,1772806876436000000,1772806936435000000,0
workspaceModel.cachedValueWithParameters.total.get.count,1772806876436000000,1772806936435000000,0
workspaceModel.on.before.changed.ms,1772806876436000000,1772806936435000000,0
workspaceModel.loading.total.ms,1772806876436000000,1772806936435000000,0
workspaceModel.workspaceFileIndexData.init.ms,1772806876436000000,1772806936435000000,0
workspaceModel.workspaceFileIndexData.getPackageName.ms,1772806876436000000,1772806936435000000,0
workspaceModel.workspaceFileIndexData.updateDirtyEntities.ms,1772806876436000000,1772806936435000000,0
workspaceModel.cachedValueWithParameters.from.cache.count,1772806876436000000,1772806936435000000,0
workspaceModel.to.snapshot.ms,1772806876436000000,1772806936435000000,0
workspaceModel.cachedValue.total.get.count,1772806876436000000,1772806936435000000,0
workspaceModel.entityStorageSnapshotImpl.instances.count,1772806876436000000,1772806936435000000,0
workspaceModel.cachedValue.clear.count,1772806876436000000,1772806936435000000,0
workspaceModel.cachedValue.calculated.count,1772806876436000000,1772806936435000000,0
workspaceModel.workspaceFileIndexData.visitFileSets.ms,1772806876436000000,1772806936435000000,0
workspaceModel.pre.handlers.ms,1772806876436000000,1772806936435000000,0
workspaceModel.full.replace.project.model.ms,1772806876436000000,1772806936435000000,0
workspaceModel.updates.ms,1772806876436000000,1772806936435000000,0
workspaceModel.workspaceFileIndexData.markDirty.ms,1772806876436000000,1772806936435000000,0
workspaceModel.cachedValueWithParameters.clear.count,1772806876436000000,1772806936435000000,0
workspaceModel.collect.changes.ms,1772806876436000000,1772806936435000000,0
workspaceModel.updates.count,1772806876436000000,1772806936435000000,0
compiler.ArtifactManagerBridge.getArtifactsByType.ms,1772806876436000000,1772806936435000000,0
compiler.ArtifactManagerBridge.getArtifacts.ms,1772806876436000000,1772806936435000000,0
compiler.ArtifactManagerBridge.dropMappings.ms,1772806876436000000,1772806936435000000,0
compiler.ArtifactModifiableModelBridge.findArtifacts.ms,1772806876436000000,1772806936435000000,0
compiler.ArtifactManagerBridge.addArtifact.ms,1772806876436000000,1772806936435000000,0
compiler.ArtifactManagerBridge.initBridges.ms,1772806876436000000,1772806936435000000,0
compiler.ArtifactModifiableModelBridge.getArtifacts.ms,1772806876436000000,1772806936435000000,0
compiler.ArtifactVirtualFileListener.filePathChanged.ms,1772806876436000000,1772806936435000000,0
compiler.ArtifactModifiableModelBridge.dispose.ms,1772806876436000000,1772806936435000000,0
compiler.ArtifactManagerBridge.commit.ms,1772806876436000000,1772806936435000000,0
compiler.ArtifactModifiableModelBridge.getArtifactsByType.ms,1772806876436000000,1772806936435000000,0
compiler.ArtifactModifiableModelBridge.commit.ms,1772806876436000000,1772806936435000000,3
compiler.ArtifactModifiableModelBridge.addArtifact.ms,1772806876436000000,1772806936435000000,0
compiler.ArtifactVirtualFileListener.propertyChanged.ms,1772806876436000000,1772806936435000000,0
compiler.ArtifactManagerBridge.findArtifact.ms,1772806876436000000,1772806936435000000,0
VFS.fileByIdCache.misses,1772806876436000000,1772806936435000000,0
VFS.contentStorage.recordsDecompressionTimeUs,1772806876436000000,1772806936435000000,0
VFS.invertedFileNameIndex.requests,1772806876436000000,1772806936435000000,0
VFS.contentStorage.recordsUncompressedSize,1772806876436000000,1772806936435000000,0
VFS.rootsCount,1772806876436000000,1772806936435000000,210.0
VFS.contentStorage.recordsStored,1772806876436000000,1772806936435000000,0
VFS.folderCaseSensitivityReads,1772806876436000000,1772806936435000000,0
VFS.fileByIdCache.hits,1772806876436000000,1772806936435000000,0
VFS.fileChildByName,1772806876436000000,1772806936435000000,0
FileNameCache.totalMisses,1772806876436000000,1772806936435000000,0
VFS.cache.segmentsCreated,1772806876436000000,1772806936435000000,0
FileNameCache.queries,1772806876436000000,1772806936435000000,0
VFS.cache.filesCreated,1772806876436000000,1772806936435000000,0
VFS.contentStorage.recordsReadDecompressed,1772806876436000000,1772806936435000000,0
VFS.contentStorage.recordsReadSize,1772806876436000000,1772806936435000000,0
VFS.contentStorage.recordsStoredSize,1772806876436000000,1772806936435000000,0
VFS.contentStorage.recordsStoredCompressed,1772806876436000000,1772806936435000000,0
VFS.contentStorage.recordsDeduplicated,1772806876436000000,1772806936435000000,0
VFS.contentStorage.recordsRead,1772806876436000000,1772806936435000000,0
VFS.cache.directoriesCreated,1772806876436000000,1772806936435000000,0
VFS.cache.segments,1772806876436000000,1772806936435000000,169.0
DiskQueryRelay.tasksExecuted,1772806876436000000,1772806936435000000,0
DiskQueryRelay.taskWaitingTotalTimeUs,1772806876436000000,1772806936435000000,0
writeAction.count,1772806876436000000,1772806936435000000,0
LowMemory.gcOverloaded,1772806876436000000,1772806936435000000,0
writeAction.median.wait.ms,1772806876436000000,1772806936435000000,200
DiskQueryRelay.tasksRequested,1772806876436000000,1772806936435000000,0
LowMemory.gcLoad,1772806876436000000,1772806936435000000,0.0
writeAction.max.wait.ms,1772806876436000000,1772806936435000000,119
writeAction.wait.ms,1772806876436000000,1772806936435000000,0
DiskQueryRelay.taskExecutionTotalTimeUs,1772806876436000000,1772806936435000000,0
MappedFileStorage.totalPagesMapped,1772806876436000000,1772806936435000000,16
StorageLockContext.competingThreads.max,1772806876436000000,1772806936435000000,0
DirectByteBufferAllocator.misses,1772806876436000000,1772806936435000000,0
FilePageCache.pageHits,1772806876436000000,1772806936435000000,0
FilePageCache.totalPageLoadsUs,1772806876436000000,1772806936435000000,0
MappedFileStorage.storages,1772806876436000000,1772806936435000000,16
DirectByteBufferAllocator.hits,1772806876436000000,1772806936435000000,0
StorageLockContext.competingThreads.90P,1772806876436000000,1772806936435000000,0
DirectByteBufferAllocator.disposed,1772806876436000000,1772806936435000000,0
DirectByteBufferAllocator.totalSizeOfBuffersCachedInBytes,1772806876436000000,1772806936435000000,1048576
FilePageCache.disposedBuffers,1772806876436000000,1772806936435000000,0
MappedFileStorage.totalTimeSpentOnMappingUs,1772806876436000000,1772806936435000000,170039
MappedFileStorage.totalBytesMapped,1772806876436000000,1772806936435000000,202637312
StreamlinedBlobStorage.recordsDeleted,1772806876436000000,1772806936435000000,0
StreamlinedBlobStorage.recordsRelocated,1772806876436000000,1772806936435000000,0
StreamlinedBlobStorage.totalLiveRecordsCapacityBytes,1772806876436000000,1772806936435000000,0
FilePageCache.maxRegisteredFiles,1772806876436000000,1772806936435000000,1824
StreamlinedBlobStorage.recordsAllocated,1772806876436000000,1772806936435000000,0
FilePageCache.maxCacheSizeInBytes,1772806876436000000,1772806936435000000,629145600
FilePageCache.totalPageDisposalsUs,1772806876436000000,1772806936435000000,0
DirectByteBufferAllocator.totalSizeOfBuffersAllocatedInBytes,1772806876436000000,1772806936435000000,630194176
FilePageCache.pageFastCacheHits,1772806876436000000,1772806936435000000,0
FileChannelInterruptsRetryer.totalRetriedAttempts,1772806876436000000,1772806936435000000,0
StorageLockContext.competingThreads.avg,1772806876436000000,1772806936435000000,0.0
FilePageCache.pageLoadsAboveSizeThreshold,1772806876436000000,1772806936435000000,0
DirectByteBufferAllocator.reclaimed,1772806876436000000,1772806936435000000,0
FilePageCache.pageLoads,1772806876436000000,1772806936435000000,0
FilePageCache.capacityInBytes,1772806876436000000,1772806936435000000,629145600
StreamlinedBlobStorage.totalLiveRecordsPayloadBytes,1772806876436000000,1772806936435000000,0
FilePageCache.uncachedFileAccess,1772806876436000000,1772806936435000000,0
JVM.totalTimeAtSafepointsMs,1772806876436000000,1772806936435000000,1
MEM.fileMappingsRamBytes,1772806876436000000,1772806936435000000,721879040
JVM.GC.collectionTimesMs,1772806876436000000,1772806936435000000,0
JVM.usedHeapBytes,1772806876436000000,1772806936435000000,936467904
MEM.ramBytes,1772806876436000000,1772806936435000000,3743264768
JVM.newThreadsCount,1772806876436000000,1772806936435000000,0
JVM.maxHeapBytes,1772806876436000000,1772806936435000000,28840034304
JVM.totalDirectByteBuffersBytes,1772806876436000000,1772806936435000000,634553225
JVM.totalBytesAllocated,1772806876436000000,1772806936435000000,18698400
JVM.threadCount,1772806876436000000,1772806936435000000,65
JVM.committedHeapBytes,1772806876436000000,1772806936435000000,1644167168
JVM.totalTimeToSafepointsMs,1772806876436000000,1772806936435000000,1
MEM.ramPlusSwapMinusFileMappingsBytes,1772806876436000000,1772806936435000000,3021385728
JVM.usedNativeBytes,1772806876436000000,1772806936435000000,464146424
JVM.totalSafepointCount,1772806876436000000,1772806936435000000,14
JVM.GC.collections,1772806876436000000,1772806936435000000,0
JVM.maxThreadCount,1772806876436000000,1772806936435000000,231
MEM.ramMinusFileMappingsBytes,1772806876436000000,1772806936435000000,3021385728
JVM.totalCpuTimeMs,1772806876436000000,1772806936435000000,2200
OS.loadAverage,1772806876436000000,1772806936435000000,1.97900390625
cacheStateStorage.get.counter,1772806876436000000,1772806936435000000,0
cacheStateStorage.set.counter,1772806876436000000,1772806936435000000,0
cacheStateStorage.set.duration,1772806876436000000,1772806936435000000,0
cacheStateStorage.get.duration,1772806876436000000,1772806936435000000,0
FlushQueue.executionTimeMaxNs,1772806876436000000,1772806936435000000,0
FlushQueue.executionTimeAvgNs,1772806876436000000,1772806936435000000,0.0
FlushQueue.waitingTimeAvgNs,1772806876436000000,1772806936435000000,0.0
FlushQueue.tasksExecuted,1772806876436000000,1772806936435000000,0
NonBlockingReadAction.failedExecutionsCount,1772806876436000000,1772806936435000000,0
FlushQueue.queueSize90P,1772806876436000000,1772806936435000000,0
AWTEventQueue.eventsDispatched,1772806876436000000,1772806936435000000,0
FlushQueue.waitingTimeMaxNs,1772806876436000000,1772806936435000000,0
NonBlockingReadAction.failedExecutionTimeUs,1772806876436000000,1772806936435000000,0
AWTEventQueue.dispatchTime90PNs,1772806876436000000,1772806936435000000,0
NonBlockingReadAction.finalizedExecutionTimeUs,1772806876436000000,1772806936435000000,0
NonBlockingReadAction.finalizedExecutionsCount,1772806876436000000,1772806936435000000,0
FlushQueue.queueSizeMax,1772806876436000000,1772806936435000000,0
ReadAction.executionsCount,1772806876436000000,1772806936435000000,3
FlushQueue.waitingTime90PNs,1772806876436000000,1772806936435000000,0
WriteAction.executionsCount,1772806876436000000,1772806936435000000,0
FlushQueue.executionTime90PNs,1772806876436000000,1772806936435000000,0
FlushQueue.queueSizeAvg,1772806876436000000,1772806936435000000,0.0
AWTEventQueue.dispatchTimeTotalNS,1772806876436000000,1772806936435000000,147326615
AWTEventQueue.dispatchTimeMaxNs,1772806876436000000,1772806936435000000,0
AWTEventQueue.dispatchTimeAvgNs,1772806876436000000,1772806936435000000,0.0
Indexing.cache.totalCacheMisses,1772806876436000000,1772806936435000000,0
Indexing.cache.totalCacheEvicted,1772806876436000000,1772806936435000000,0
Indexes.allKeys.lookupDurationAvgMs,1772806876436000000,1772806936435000000,0.0
Indexing.writer_1.totalTimeSpentWritingMs,1772806876436000000,1772806936435000000,0
Indexing.cache.totalCacheAccesses,1772806876436000000,1772806936435000000,0
Indexing.writer_3.totalTimeSpentWritingMs,1772806876436000000,1772806936435000000,0
Indexes.stubs.lookups,1772806876436000000,1772806936435000000,0
Indexes.allKeys.lookupDurationMaxMs,1772806876436000000,1772806936435000000,0.0
Indexes.stubs.lookupDurationMaxMs,1772806876436000000,1772806936435000000,0.0
Indexes.entries.lookupDurationMaxMs,1772806876436000000,1772806936435000000,0.0
Indexing.writer_0.totalTimeSpentWritingMs,1772806876436000000,1772806936435000000,0
Indexes.entries.lookupDuration90PMs,1772806876436000000,1772806936435000000,0.0
Indexing.totalTimeIndexersSleptMs,1772806876436000000,1772806936435000000,0
Indexing.writesQueuedMax,1772806876436000000,1772806936435000000,0
Indexes.allKeys.lookupDuration90PMs,1772806876436000000,1772806936435000000,0.0
Indexes.allKeys.lookups,1772806876436000000,1772806936435000000,0
Indexes.stubs.lookupDuration90PMs,1772806876436000000,1772806936435000000,0.0
Indexing.writer_2.totalTimeSpentWritingMs,1772806876436000000,1772806936435000000,0
Indexing.writesQueuedMin,1772806876436000000,1772806936435000000,9223372036854775807
Indexes.stubs.lookupDurationAvgMs,1772806876436000000,1772806936435000000,0.0
Indexes.entries.lookups,1772806876436000000,1772806936435000000,0
Indexes.entries.lookupDurationAvgMs,1772806876436000000,1772806936435000000,0.0
jps.library.entities.serializer.save.entities.ms,1772806876436000000,1772806936435000000,0
workspaceModel.load.cache.from.file.ms,1772806876436000000,1772806936435000000,0
workspaceModel.moduleManagerBridge.load.all.modules.ms,1772806876436000000,1772806936435000000,0
workspaceModel.mutableEntityStorage.put.entity.ms,1772806876436000000,1772806936435000000,0
workspaceModel.moduleBridge.update.option.ms,1772806876436000000,1772806936435000000,0
jps.reload.project.entities.ms,1772806876436000000,1772806936435000000,0
workspaceModel.moduleManagerBridge.set.unloadedModules.ms,1772806876436000000,1772806936435000000,0
jps.apply.loaded.storage.ms,1772806876436000000,1772806936435000000,0
jps.module.iml.entities.serializer.save.entities.ms,1772806876436000000,1772806936435000000,0
workspaceModel.moduleBridge.facet.initialization.ms,1772806876436000000,1772806936435000000,0
jps.modifiable.module.model.bridge.new.module.ms,1772806876436000000,1772806936435000000,0
workspaceModel.mutableEntityStorage.changeLog.addReplaceEventForNewParent.ms,1772806876436000000,1772806936435000000,0
jps.artifact.entities.serializer.load.entities.ms,1772806876436000000,1772806936435000000,0
workspaceModel.mutableEntityStorage.mutable.ext.mapping.ms,1772806876436000000,1772806936435000000,0
workspaceModel.delayed.project.synchronizer.sync.ms,1772806876436000000,1772806936435000000,0
workspaceModel.sync.entities.ms,1772806876436000000,1772806936435000000,0
workspaceModel.moduleManagerBridge.create.module.instance.ms,1772806876436000000,1772806936435000000,0
jps.load.project.to.empty.storage.ms,1772806876436000000,1772806936435000000,0
workspaceModel.mutableEntityStorage.referrers.ms,1772806876436000000,1772806936435000000,0
jps.global.initialize.library.bridges.ms,1772806876436000000,1772806936435000000,0
workspaceModel.moduleBridgeLoader.loading.modules.ms,1772806876436000000,1772806936435000000,0
workspaceModel.mutableEntityStorage.replace.by.source.ms,1772806876436000000,1772806936435000000,0
workspaceModel.mutableEntityStorage.has.same.entities.ms,1772806876436000000,1772806936435000000,0
jps.app.storage.content.reader.load.component.ms,1772806876436000000,1772806936435000000,0
jps.load.initial.state.ms,1772806876436000000,1772806936435000000,0
workspaceModel.global.updates.count,1772806876436000000,1772806936435000000,0
workspaceModel.mutableEntityStorage.changeLog.addReplaceEventForNewChild.ms,1772806876436000000,1772806936435000000,0
jps.global.handle.changed.events.ms,1772806876436000000,1772806936435000000,0
workspaceModel.mutableEntityStorage.collect.changes.ms,1772806876436000000,1772806936435000000,0
workspaceModel.mutableEntityStorage.instances.count,1772806876436000000,1772806936435000000,0
workspaceModel.mutableEntityStorage.add.entity.ms,1772806876436000000,1772806936435000000,0
workspaceModel.global.apply.state.to.project.builder.ms,1772806876436000000,1772806936435000000,0
jps.modifiable.module.model.bridge.renaming.ms,1772806876436000000,1772806936435000000,0
workspaceModel.moduleManagerBridge.newModule.ms,1772806876436000000,1772806936435000000,0
jps.modifiable.module.model.bridge.disposing.ms,1772806876436000000,1772806936435000000,0
workspaceModel.orphan.listener.update.ms,1772806876436000000,1772806936435000000,0
workspaceModel.mutableEntityStorage.entities.by.source.ms,1772806876436000000,1772806936435000000,0
jps.artifact.entities.serializer.save.entities.ms,1772806876436000000,1772806936435000000,0
workspaceModel.mutableEntityStorage.changeLog.addReplaceEventForRemovedParent.ms,1772806876436000000,1772806936435000000,0
jps.project.serializers.load.ms,1772806876436000000,1772806936435000000,0
workspaceModel.mutableEntityStorage.hasReferrers.ms,1772806876436000000,1772806936435000000,0
workspaceModel.global.apply.state.to.project.ms,1772806876436000000,1772806936435000000,0
workspaceModel.do.save.caches.ms,1772806876436000000,1772806936435000000,0
jps.global.initialize.library.bridges.after.loading.ms,1772806876436000000,1772806936435000000,0
workspaceModel.mutableEntityStorage.resolve.ms,1772806876436000000,1772806936435000000,0
jps.global.get.libraries.ms,1772806876436000000,1772806936435000000,0
jps.facet.change.listener.process.change.events.ms,1772806876436000000,1772806936435000000,0
jps.library.entities.serializer.load.entities.ms,1772806876436000000,1772806936435000000,0
workspaceModel.mutableEntityStorage.changeLog.addReplaceEventForRemovedChild.ms,1772806876436000000,1772806936435000000,0
jps.global.get.library.ms,1772806876436000000,1772806936435000000,0
jps.storage.jps.conf.reader.load.component.ms,1772806876436000000,1772806936435000000,0
jps.module.iml.entities.serializer.load.entities.ms,1772806876436000000,1772806936435000000,0
jps.module.dependency.index.workspace.model.listener.on.changed.ms,1772806876436000000,1772806936435000000,0
workspaceModel.moduleBridge.before.changed.ms,1772806876436000000,1772806936435000000,0
jps.save.global.entities.ms,1772806876436000000,1772806936435000000,0
workspaceModel.moduleManagerBridge.new.nonPersistent.module.ms,1772806876436000000,1772806936435000000,0
jps.global.get.library.by.name.ms,1772806876436000000,1772806936435000000,0
workspaceModel.mutableEntityStorage.remove.entity.ms,1772806876436000000,1772806936435000000,0
workspaceModel.moduleManagerBridge.build.module.graph.ms,1772806876436000000,1772806936435000000,0
workspaceModel.moduleManagerBridge.get.modules.ms,1772806876436000000,1772806936435000000,0
jps.project.serializers.save.ms,1772806876436000000,1772806936435000000,0
workspaceModel.mutableEntityStorage.apply.changes.from.ms,1772806876436000000,1772806936435000000,0
workspaceModel.save.cache.to.file.ms,1772806876436000000,1772806936435000000,0
workspaceModel.mutableEntityStorage.entities.ms,1772806876436000000,1772806936435000000,0
workspaceModel.global.updates.ms,1772806876436000000,1772806936435000000,0
workspaceModel.moduleManagerBridge.load.module.ms,1772806876436000000,1772806936435000000,0
workspaceModel.mutableEntityStorage.to.snapshot.ms,1772806876436000000,1772806936435000000,0
workspaceModel.load.cache.metadata.from.file.ms,1772806876436000000,1772806936435000000,0
jps.facet.change.listener.init.bridge.ms,1772806876436000000,1772806936435000000,0
jps.modifiable.module.model.bridge.load.module.ms,1772806876436000000,1772806936435000000,0
workspaceModel.mutableEntityStorage.mutable.vfurl.index.ms,1772806876436000000,1772806936435000000,0
workspaceModel.mutableEntityStorage.modify.entity.ms,1772806876436000000,1772806936435000000,0
jps.global.handle.before.change.events.ms,1772806876436000000,1772806936435000000,0
jps.facet.change.listener.before.change.events.ms,1772806876436000000,1772806936435000000,0
jps.save.changed.project.entities.ms,1772806876436000000,1772806936435000000,0
workspaceModel.replace.project.model.ms,1772806936435000000,1772806996457000000,0
workspaceModel.workspaceFileIndexData.onEntitiesChanged.ms,1772806936435000000,1772806996457000000,0
workspaceModel.init.bridges.ms,1772806936435000000,1772806996457000000,0
workspaceModel.workspaceFileIndexData.instances.count,1772806936435000000,1772806996457000000,0
workspaceModel.initializing.ms,1772806936435000000,1772806996457000000,0
workspaceModel.updates.precise.ms,1772806936435000000,1772806996457000000,0
workspaceModel.on.changed.ms,1772806936435000000,1772806996457000000,0
workspaceModel.check.recursive.update.ms,1772806936435000000,1772806996457000000,0
workspaceModel.workspaceFileIndexData.getFileInfo.ms,1772806936435000000,1772806996457000000,0
workspaceModel.workspaceFileIndexData.processFileSets.ms,1772806936435000000,1772806996457000000,0
workspaceModel.update.unloaded.entities.ms,1772806936435000000,1772806996457000000,0
workspaceModel.workspaceFileIndexData.getDirectoriesByPackageName.ms,1772806936435000000,1772806996457000000,0
workspaceModel.cachedValue.from.cache.count,1772806936435000000,1772806996457000000,0
workspaceModel.loading.from.cache.ms,1772806936435000000,1772806996457000000,0
workspaceModel.cachedValueWithParameters.calculated.count,1772806936435000000,1772806996457000000,0
workspaceModel.workspaceFileIndexContributor.registerFileSets.ms,1772806936435000000,1772806996457000000,0
workspaceModel.cachedValueWithParameters.total.get.count,1772806936435000000,1772806996457000000,0
workspaceModel.on.before.changed.ms,1772806936435000000,1772806996457000000,0
workspaceModel.loading.total.ms,1772806936435000000,1772806996457000000,0
workspaceModel.workspaceFileIndexData.init.ms,1772806936435000000,1772806996457000000,0
workspaceModel.workspaceFileIndexData.getPackageName.ms,1772806936435000000,1772806996457000000,0
workspaceModel.workspaceFileIndexData.updateDirtyEntities.ms,1772806936435000000,1772806996457000000,0
workspaceModel.cachedValueWithParameters.from.cache.count,1772806936435000000,1772806996457000000,0
workspaceModel.to.snapshot.ms,1772806936435000000,1772806996457000000,0
workspaceModel.cachedValue.total.get.count,1772806936435000000,1772806996457000000,0
workspaceModel.entityStorageSnapshotImpl.instances.count,1772806936435000000,1772806996457000000,0
workspaceModel.cachedValue.clear.count,1772806936435000000,1772806996457000000,0
workspaceModel.cachedValue.calculated.count,1772806936435000000,1772806996457000000,0
workspaceModel.workspaceFileIndexData.visitFileSets.ms,1772806936435000000,1772806996457000000,0
workspaceModel.pre.handlers.ms,1772806936435000000,1772806996457000000,0
workspaceModel.full.replace.project.model.ms,1772806936435000000,1772806996457000000,0
workspaceModel.updates.ms,1772806936435000000,1772806996457000000,0
workspaceModel.workspaceFileIndexData.markDirty.ms,1772806936435000000,1772806996457000000,0
workspaceModel.cachedValueWithParameters.clear.count,1772806936435000000,1772806996457000000,0
workspaceModel.collect.changes.ms,1772806936435000000,1772806996457000000,0
workspaceModel.updates.count,1772806936435000000,1772806996457000000,0
compiler.ArtifactManagerBridge.getArtifactsByType.ms,1772806936435000000,1772806996457000000,0
compiler.ArtifactManagerBridge.getArtifacts.ms,1772806936435000000,1772806996457000000,0
compiler.ArtifactManagerBridge.dropMappings.ms,1772806936435000000,1772806996457000000,0
compiler.ArtifactModifiableModelBridge.findArtifacts.ms,1772806936435000000,1772806996457000000,0
compiler.ArtifactManagerBridge.addArtifact.ms,1772806936435000000,1772806996457000000,0
compiler.ArtifactManagerBridge.initBridges.ms,1772806936435000000,1772806996457000000,0
compiler.ArtifactModifiableModelBridge.getArtifacts.ms,1772806936435000000,1772806996457000000,0
compiler.ArtifactVirtualFileListener.filePathChanged.ms,1772806936435000000,1772806996457000000,0
compiler.ArtifactModifiableModelBridge.dispose.ms,1772806936435000000,1772806996457000000,0
compiler.ArtifactManagerBridge.commit.ms,1772806936435000000,1772806996457000000,0
compiler.ArtifactModifiableModelBridge.getArtifactsByType.ms,1772806936435000000,1772806996457000000,0
compiler.ArtifactModifiableModelBridge.commit.ms,1772806936435000000,1772806996457000000,3
compiler.ArtifactModifiableModelBridge.addArtifact.ms,1772806936435000000,1772806996457000000,0
compiler.ArtifactVirtualFileListener.propertyChanged.ms,1772806936435000000,1772806996457000000,0
compiler.ArtifactManagerBridge.findArtifact.ms,1772806936435000000,1772806996457000000,0
VFS.fileByIdCache.misses,1772806936435000000,1772806996457000000,0
VFS.contentStorage.recordsDecompressionTimeUs,1772806936435000000,1772806996457000000,0
VFS.invertedFileNameIndex.requests,1772806936435000000,1772806996457000000,0
VFS.contentStorage.recordsUncompressedSize,1772806936435000000,1772806996457000000,0
VFS.rootsCount,1772806936435000000,1772806996457000000,210.0
VFS.contentStorage.recordsStored,1772806936435000000,1772806996457000000,0
VFS.folderCaseSensitivityReads,1772806936435000000,1772806996457000000,0
VFS.fileByIdCache.hits,1772806936435000000,1772806996457000000,0
VFS.fileChildByName,1772806936435000000,1772806996457000000,0
FileNameCache.totalMisses,1772806936435000000,1772806996457000000,0
VFS.cache.segmentsCreated,1772806936435000000,1772806996457000000,0
FileNameCache.queries,1772806936435000000,1772806996457000000,0
VFS.cache.filesCreated,1772806936435000000,1772806996457000000,0
VFS.contentStorage.recordsReadDecompressed,1772806936435000000,1772806996457000000,0
VFS.contentStorage.recordsReadSize,1772806936435000000,1772806996457000000,0
VFS.contentStorage.recordsStoredSize,1772806936435000000,1772806996457000000,0
VFS.contentStorage.recordsStoredCompressed,1772806936435000000,1772806996457000000,0
VFS.contentStorage.recordsDeduplicated,1772806936435000000,1772806996457000000,0
VFS.contentStorage.recordsRead,1772806936435000000,1772806996457000000,0
VFS.cache.directoriesCreated,1772806936435000000,1772806996457000000,0
VFS.cache.segments,1772806936435000000,1772806996457000000,169.0
DiskQueryRelay.tasksExecuted,1772806936435000000,1772806996457000000,0
DiskQueryRelay.taskWaitingTotalTimeUs,1772806936435000000,1772806996457000000,0
writeAction.count,1772806936435000000,1772806996457000000,0
LowMemory.gcOverloaded,1772806936435000000,1772806996457000000,0
writeAction.median.wait.ms,1772806936435000000,1772806996457000000,200
DiskQueryRelay.tasksRequested,1772806936435000000,1772806996457000000,0
LowMemory.gcLoad,1772806936435000000,1772806996457000000,0.0
writeAction.max.wait.ms,1772806936435000000,1772806996457000000,119
writeAction.wait.ms,1772806936435000000,1772806996457000000,0
DiskQueryRelay.taskExecutionTotalTimeUs,1772806936435000000,1772806996457000000,0
MappedFileStorage.totalPagesMapped,1772806936435000000,1772806996457000000,16
StorageLockContext.competingThreads.max,1772806936435000000,1772806996457000000,0
DirectByteBufferAllocator.misses,1772806936435000000,1772806996457000000,0
FilePageCache.pageHits,1772806936435000000,1772806996457000000,0
FilePageCache.totalPageLoadsUs,1772806936435000000,1772806996457000000,0
MappedFileStorage.storages,1772806936435000000,1772806996457000000,16
DirectByteBufferAllocator.hits,1772806936435000000,1772806996457000000,0
StorageLockContext.competingThreads.90P,1772806936435000000,1772806996457000000,0
DirectByteBufferAllocator.disposed,1772806936435000000,1772806996457000000,0
DirectByteBufferAllocator.totalSizeOfBuffersCachedInBytes,1772806936435000000,1772806996457000000,1048576
FilePageCache.disposedBuffers,1772806936435000000,1772806996457000000,0
MappedFileStorage.totalTimeSpentOnMappingUs,1772806936435000000,1772806996457000000,170039
MappedFileStorage.totalBytesMapped,1772806936435000000,1772806996457000000,202637312
StreamlinedBlobStorage.recordsDeleted,1772806936435000000,1772806996457000000,0
StreamlinedBlobStorage.recordsRelocated,1772806936435000000,1772806996457000000,0
StreamlinedBlobStorage.totalLiveRecordsCapacityBytes,1772806936435000000,1772806996457000000,0
FilePageCache.maxRegisteredFiles,1772806936435000000,1772806996457000000,1824
StreamlinedBlobStorage.recordsAllocated,1772806936435000000,1772806996457000000,0
FilePageCache.maxCacheSizeInBytes,1772806936435000000,1772806996457000000,629145600
FilePageCache.totalPageDisposalsUs,1772806936435000000,1772806996457000000,0
DirectByteBufferAllocator.totalSizeOfBuffersAllocatedInBytes,1772806936435000000,1772806996457000000,630194176
FilePageCache.pageFastCacheHits,1772806936435000000,1772806996457000000,0
FileChannelInterruptsRetryer.totalRetriedAttempts,1772806936435000000,1772806996457000000,0
StorageLockContext.competingThreads.avg,1772806936435000000,1772806996457000000,0.0
FilePageCache.pageLoadsAboveSizeThreshold,1772806936435000000,1772806996457000000,0
DirectByteBufferAllocator.reclaimed,1772806936435000000,1772806996457000000,0
FilePageCache.pageLoads,1772806936435000000,1772806996457000000,0
FilePageCache.capacityInBytes,1772806936435000000,1772806996457000000,629145600
StreamlinedBlobStorage.totalLiveRecordsPayloadBytes,1772806936435000000,1772806996457000000,0
FilePageCache.uncachedFileAccess,1772806936435000000,1772806996457000000,0
JVM.totalTimeAtSafepointsMs,1772806936435000000,1772806996457000000,1
MEM.fileMappingsRamBytes,1772806936435000000,1772806996457000000,721879040
JVM.GC.collectionTimesMs,1772806936435000000,1772806996457000000,0
JVM.usedHeapBytes,1772806936435000000,1772806996457000000,953245120
MEM.ramBytes,1772806936435000000,1772806996457000000,3745361920
JVM.newThreadsCount,1772806936435000000,1772806996457000000,28
JVM.maxHeapBytes,1772806936435000000,1772806996457000000,28840034304
JVM.totalDirectByteBuffersBytes,1772806936435000000,1772806996457000000,634714416
JVM.totalBytesAllocated,1772806936435000000,1772806996457000000,22483288
JVM.threadCount,1772806936435000000,1772806996457000000,93
JVM.committedHeapBytes,1772806936435000000,1772806996457000000,1644167168
JVM.totalTimeToSafepointsMs,1772806936435000000,1772806996457000000,1
MEM.ramPlusSwapMinusFileMappingsBytes,1772806936435000000,1772806996457000000,3023482880
JVM.usedNativeBytes,1772806936435000000,1772806996457000000,465026368
JVM.totalSafepointCount,1772806936435000000,1772806996457000000,15
JVM.GC.collections,1772806936435000000,1772806996457000000,0
JVM.maxThreadCount,1772806936435000000,1772806996457000000,231
MEM.ramMinusFileMappingsBytes,1772806936435000000,1772806996457000000,3023482880
JVM.totalCpuTimeMs,1772806936435000000,1772806996457000000,3040
OS.loadAverage,1772806936435000000,1772806996457000000,1.525390625
cacheStateStorage.get.counter,1772806936435000000,1772806996457000000,0
cacheStateStorage.set.counter,1772806936435000000,1772806996457000000,0
cacheStateStorage.set.duration,1772806936435000000,1772806996457000000,0
cacheStateStorage.get.duration,1772806936435000000,1772806996457000000,0
FlushQueue.executionTimeMaxNs,1772806936435000000,1772806996457000000,0
FlushQueue.executionTimeAvgNs,1772806936435000000,1772806996457000000,0.0
FlushQueue.waitingTimeAvgNs,1772806936435000000,1772806996457000000,0.0
FlushQueue.tasksExecuted,1772806936435000000,1772806996457000000,0
NonBlockingReadAction.failedExecutionsCount,1772806936435000000,1772806996457000000,0
FlushQueue.queueSize90P,1772806936435000000,1772806996457000000,0
AWTEventQueue.eventsDispatched,1772806936435000000,1772806996457000000,0
FlushQueue.waitingTimeMaxNs,1772806936435000000,1772806996457000000,0
NonBlockingReadAction.failedExecutionTimeUs,1772806936435000000,1772806996457000000,0
AWTEventQueue.dispatchTime90PNs,1772806936435000000,1772806996457000000,0
NonBlockingReadAction.finalizedExecutionTimeUs,1772806936435000000,1772806996457000000,0
NonBlockingReadAction.finalizedExecutionsCount,1772806936435000000,1772806996457000000,0
FlushQueue.queueSizeMax,1772806936435000000,1772806996457000000,0
ReadAction.executionsCount,1772806936435000000,1772806996457000000,3
FlushQueue.waitingTime90PNs,1772806936435000000,1772806996457000000,0
WriteAction.executionsCount,1772806936435000000,1772806996457000000,0
FlushQueue.executionTime90PNs,1772806936435000000,1772806996457000000,0
FlushQueue.queueSizeAvg,1772806936435000000,1772806996457000000,0.0
AWTEventQueue.dispatchTimeTotalNS,1772806936435000000,1772806996457000000,142357533
AWTEventQueue.dispatchTimeMaxNs,1772806936435000000,1772806996457000000,0
AWTEventQueue.dispatchTimeAvgNs,1772806936435000000,1772806996457000000,0.0
Indexing.cache.totalCacheMisses,1772806936435000000,1772806996457000000,0
Indexing.cache.totalCacheEvicted,1772806936435000000,1772806996457000000,0
Indexes.allKeys.lookupDurationAvgMs,1772806936435000000,1772806996457000000,0.0
Indexing.writer_1.totalTimeSpentWritingMs,1772806936435000000,1772806996457000000,0
Indexing.cache.totalCacheAccesses,1772806936435000000,1772806996457000000,0
Indexing.writer_3.totalTimeSpentWritingMs,1772806936435000000,1772806996457000000,0
Indexes.stubs.lookups,1772806936435000000,1772806996457000000,0
Indexes.allKeys.lookupDurationMaxMs,1772806936435000000,1772806996457000000,0.0
Indexes.stubs.lookupDurationMaxMs,1772806936435000000,1772806996457000000,0.0
Indexes.entries.lookupDurationMaxMs,1772806936435000000,1772806996457000000,0.0
Indexing.writer_0.totalTimeSpentWritingMs,1772806936435000000,1772806996457000000,0
Indexes.entries.lookupDuration90PMs,1772806936435000000,1772806996457000000,0.0
Indexing.totalTimeIndexersSleptMs,1772806936435000000,1772806996457000000,0
Indexing.writesQueuedMax,1772806936435000000,1772806996457000000,0
Indexes.allKeys.lookupDuration90PMs,1772806936435000000,1772806996457000000,0.0
Indexes.allKeys.lookups,1772806936435000000,1772806996457000000,0
Indexes.stubs.lookupDuration90PMs,1772806936435000000,1772806996457000000,0.0
Indexing.writer_2.totalTimeSpentWritingMs,1772806936435000000,1772806996457000000,0
Indexing.writesQueuedMin,1772806936435000000,1772806996457000000,9223372036854775807
Indexes.stubs.lookupDurationAvgMs,1772806936435000000,1772806996457000000,0.0
Indexes.entries.lookups,1772806936435000000,1772806996457000000,0
Indexes.entries.lookupDurationAvgMs,1772806936435000000,1772806996457000000,0.0
jps.library.entities.serializer.save.entities.ms,1772806936435000000,1772806996457000000,0
workspaceModel.load.cache.from.file.ms,1772806936435000000,1772806996457000000,0
workspaceModel.moduleManagerBridge.load.all.modules.ms,1772806936435000000,1772806996457000000,0
workspaceModel.mutableEntityStorage.put.entity.ms,1772806936435000000,1772806996457000000,0
workspaceModel.moduleBridge.update.option.ms,1772806936435000000,1772806996457000000,0
jps.reload.project.entities.ms,1772806936435000000,1772806996457000000,0
workspaceModel.moduleManagerBridge.set.unloadedModules.ms,1772806936435000000,1772806996457000000,0
jps.apply.loaded.storage.ms,1772806936435000000,1772806996457000000,0
jps.module.iml.entities.serializer.save.entities.ms,1772806936435000000,1772806996457000000,0
workspaceModel.moduleBridge.facet.initialization.ms,1772806936435000000,1772806996457000000,0
jps.modifiable.module.model.bridge.new.module.ms,1772806936435000000,1772806996457000000,0
workspaceModel.mutableEntityStorage.changeLog.addReplaceEventForNewParent.ms,1772806936435000000,1772806996457000000,0
jps.artifact.entities.serializer.load.entities.ms,1772806936435000000,1772806996457000000,0
workspaceModel.mutableEntityStorage.mutable.ext.mapping.ms,1772806936435000000,1772806996457000000,0
workspaceModel.delayed.project.synchronizer.sync.ms,1772806936435000000,1772806996457000000,0
workspaceModel.sync.entities.ms,1772806936435000000,1772806996457000000,0
workspaceModel.moduleManagerBridge.create.module.instance.ms,1772806936435000000,1772806996457000000,0
jps.load.project.to.empty.storage.ms,1772806936435000000,1772806996457000000,0
workspaceModel.mutableEntityStorage.referrers.ms,1772806936435000000,1772806996457000000,0
jps.global.initialize.library.bridges.ms,1772806936435000000,1772806996457000000,0
workspaceModel.moduleBridgeLoader.loading.modules.ms,1772806936435000000,1772806996457000000,0
workspaceModel.mutableEntityStorage.replace.by.source.ms,1772806936435000000,1772806996457000000,0
workspaceModel.mutableEntityStorage.has.same.entities.ms,1772806936435000000,1772806996457000000,0
jps.app.storage.content.reader.load.component.ms,1772806936435000000,1772806996457000000,0
jps.load.initial.state.ms,1772806936435000000,1772806996457000000,0
workspaceModel.global.updates.count,1772806936435000000,1772806996457000000,0
workspaceModel.mutableEntityStorage.changeLog.addReplaceEventForNewChild.ms,1772806936435000000,1772806996457000000,0
jps.global.handle.changed.events.ms,1772806936435000000,1772806996457000000,0
workspaceModel.mutableEntityStorage.collect.changes.ms,1772806936435000000,1772806996457000000,0
workspaceModel.mutableEntityStorage.instances.count,1772806936435000000,1772806996457000000,0
workspaceModel.mutableEntityStorage.add.entity.ms,1772806936435000000,1772806996457000000,0
workspaceModel.global.apply.state.to.project.builder.ms,1772806936435000000,1772806996457000000,0
jps.modifiable.module.model.bridge.renaming.ms,1772806936435000000,1772806996457000000,0
workspaceModel.moduleManagerBridge.newModule.ms,1772806936435000000,1772806996457000000,0
jps.modifiable.module.model.bridge.disposing.ms,1772806936435000000,1772806996457000000,0
workspaceModel.orphan.listener.update.ms,1772806936435000000,1772806996457000000,0
workspaceModel.mutableEntityStorage.entities.by.source.ms,1772806936435000000,1772806996457000000,0
jps.artifact.entities.serializer.save.entities.ms,1772806936435000000,1772806996457000000,0
workspaceModel.mutableEntityStorage.changeLog.addReplaceEventForRemovedParent.ms,1772806936435000000,1772806996457000000,0
jps.project.serializers.load.ms,1772806936435000000,1772806996457000000,0
workspaceModel.mutableEntityStorage.hasReferrers.ms,1772806936435000000,1772806996457000000,0
workspaceModel.global.apply.state.to.project.ms,1772806936435000000,1772806996457000000,0
workspaceModel.do.save.caches.ms,1772806936435000000,1772806996457000000,0
jps.global.initialize.library.bridges.after.loading.ms,1772806936435000000,1772806996457000000,0
workspaceModel.mutableEntityStorage.resolve.ms,1772806936435000000,1772806996457000000,0
jps.global.get.libraries.ms,1772806936435000000,1772806996457000000,0
jps.facet.change.listener.process.change.events.ms,1772806936435000000,1772806996457000000,0
jps.library.entities.serializer.load.entities.ms,1772806936435000000,1772806996457000000,0
workspaceModel.mutableEntityStorage.changeLog.addReplaceEventForRemovedChild.ms,1772806936435000000,1772806996457000000,0
jps.global.get.library.ms,1772806936435000000,1772806996457000000,0
jps.storage.jps.conf.reader.load.component.ms,1772806936435000000,1772806996457000000,0
jps.module.iml.entities.serializer.load.entities.ms,1772806936435000000,1772806996457000000,0
jps.module.dependency.index.workspace.model.listener.on.changed.ms,1772806936435000000,1772806996457000000,0
workspaceModel.moduleBridge.before.changed.ms,1772806936435000000,1772806996457000000,0
jps.save.global.entities.ms,1772806936435000000,1772806996457000000,0
workspaceModel.moduleManagerBridge.new.nonPersistent.module.ms,1772806936435000000,1772806996457000000,0
jps.global.get.library.by.name.ms,1772806936435000000,1772806996457000000,0
workspaceModel.mutableEntityStorage.remove.entity.ms,1772806936435000000,1772806996457000000,0
workspaceModel.moduleManagerBridge.build.module.graph.ms,1772806936435000000,1772806996457000000,0
workspaceModel.moduleManagerBridge.get.modules.ms,1772806936435000000,1772806996457000000,0
jps.project.serializers.save.ms,1772806936435000000,1772806996457000000,0
workspaceModel.mutableEntityStorage.apply.changes.from.ms,1772806936435000000,1772806996457000000,0
workspaceModel.save.cache.to.file.ms,1772806936435000000,1772806996457000000,0
workspaceModel.mutableEntityStorage.entities.ms,1772806936435000000,1772806996457000000,0
workspaceModel.global.updates.ms,1772806936435000000,1772806996457000000,0
workspaceModel.moduleManagerBridge.load.module.ms,1772806936435000000,1772806996457000000,0
workspaceModel.mutableEntityStorage.to.snapshot.ms,1772806936435000000,1772806996457000000,0
workspaceModel.load.cache.metadata.from.file.ms,1772806936435000000,1772806996457000000,0
jps.facet.change.listener.init.bridge.ms,1772806936435000000,1772806996457000000,0
jps.modifiable.module.model.bridge.load.module.ms,1772806936435000000,1772806996457000000,0
workspaceModel.mutableEntityStorage.mutable.vfurl.index.ms,1772806936435000000,1772806996457000000,0
workspaceModel.mutableEntityStorage.modify.entity.ms,1772806936435000000,1772806996457000000,0
jps.global.handle.before.change.events.ms,1772806936435000000,1772806996457000000,0
jps.facet.change.listener.before.change.events.ms,1772806936435000000,1772806996457000000,0
jps.save.changed.project.entities.ms,1772806936435000000,1772806996457000000,0
workspaceModel.replace.project.model.ms,1772806996457000000,1772807056423000000,57
workspaceModel.workspaceFileIndexData.onEntitiesChanged.ms,1772806996457000000,1772807056423000000,24
workspaceModel.init.bridges.ms,1772806996457000000,1772807056423000000,20
workspaceModel.workspaceFileIndexData.instances.count,1772806996457000000,1772807056423000000,0
workspaceModel.initializing.ms,1772806996457000000,1772807056423000000,0
workspaceModel.updates.precise.ms,1772806996457000000,1772807056423000000,0
workspaceModel.on.changed.ms,1772806996457000000,1772807056423000000,7
workspaceModel.check.recursive.update.ms,1772806996457000000,1772807056423000000,0
workspaceModel.workspaceFileIndexData.getFileInfo.ms,1772806996457000000,1772807056423000000,173
workspaceModel.workspaceFileIndexData.processFileSets.ms,1772806996457000000,1772807056423000000,0
workspaceModel.update.unloaded.entities.ms,1772806996457000000,1772807056423000000,0
workspaceModel.workspaceFileIndexData.getDirectoriesByPackageName.ms,1772806996457000000,1772807056423000000,0
workspaceModel.cachedValue.from.cache.count,1772806996457000000,1772807056423000000,8388
workspaceModel.loading.from.cache.ms,1772806996457000000,1772807056423000000,0
workspaceModel.cachedValueWithParameters.calculated.count,1772806996457000000,1772807056423000000,0
workspaceModel.workspaceFileIndexContributor.registerFileSets.ms,1772806996457000000,1772807056423000000,200
workspaceModel.cachedValueWithParameters.total.get.count,1772806996457000000,1772807056423000000,0
workspaceModel.on.before.changed.ms,1772806996457000000,1772807056423000000,6
workspaceModel.loading.total.ms,1772806996457000000,1772807056423000000,0
workspaceModel.workspaceFileIndexData.init.ms,1772806996457000000,1772807056423000000,0
workspaceModel.workspaceFileIndexData.getPackageName.ms,1772806996457000000,1772807056423000000,0
workspaceModel.workspaceFileIndexData.updateDirtyEntities.ms,1772806996457000000,1772807056423000000,89
workspaceModel.cachedValueWithParameters.from.cache.count,1772806996457000000,1772807056423000000,0
workspaceModel.to.snapshot.ms,1772806996457000000,1772807056423000000,0
workspaceModel.cachedValue.total.get.count,1772806996457000000,1772807056423000000,8520
workspaceModel.entityStorageSnapshotImpl.instances.count,1772806996457000000,1772807056423000000,4
workspaceModel.cachedValue.clear.count,1772806996457000000,1772807056423000000,0
workspaceModel.cachedValue.calculated.count,1772806996457000000,1772807056423000000,132
workspaceModel.workspaceFileIndexData.visitFileSets.ms,1772806996457000000,1772807056423000000,0
workspaceModel.pre.handlers.ms,1772806996457000000,1772807056423000000,0
workspaceModel.full.replace.project.model.ms,1772806996457000000,1772807056423000000,0
workspaceModel.updates.ms,1772806996457000000,1772807056423000000,0
workspaceModel.workspaceFileIndexData.markDirty.ms,1772806996457000000,1772807056423000000,0
workspaceModel.cachedValueWithParameters.clear.count,1772806996457000000,1772807056423000000,0
workspaceModel.collect.changes.ms,1772806996457000000,1772807056423000000,0
workspaceModel.updates.count,1772806996457000000,1772807056423000000,0
compiler.ArtifactManagerBridge.getArtifactsByType.ms,1772806996457000000,1772807056423000000,0
compiler.ArtifactManagerBridge.getArtifacts.ms,1772806996457000000,1772807056423000000,0
compiler.ArtifactManagerBridge.dropMappings.ms,1772806996457000000,1772807056423000000,0
compiler.ArtifactModifiableModelBridge.findArtifacts.ms,1772806996457000000,1772807056423000000,0
compiler.ArtifactManagerBridge.addArtifact.ms,1772806996457000000,1772807056423000000,0
compiler.ArtifactManagerBridge.initBridges.ms,1772806996457000000,1772807056423000000,0
compiler.ArtifactModifiableModelBridge.getArtifacts.ms,1772806996457000000,1772807056423000000,0
compiler.ArtifactVirtualFileListener.filePathChanged.ms,1772806996457000000,1772807056423000000,0
compiler.ArtifactModifiableModelBridge.dispose.ms,1772806996457000000,1772807056423000000,0
compiler.ArtifactManagerBridge.commit.ms,1772806996457000000,1772807056423000000,0
compiler.ArtifactModifiableModelBridge.getArtifactsByType.ms,1772806996457000000,1772807056423000000,0
compiler.ArtifactModifiableModelBridge.commit.ms,1772806996457000000,1772807056423000000,3
compiler.ArtifactModifiableModelBridge.addArtifact.ms,1772806996457000000,1772807056423000000,0
compiler.ArtifactVirtualFileListener.propertyChanged.ms,1772806996457000000,1772807056423000000,0
compiler.ArtifactManagerBridge.findArtifact.ms,1772806996457000000,1772807056423000000,0
VFS.fileByIdCache.misses,1772806996457000000,1772807056423000000,0
VFS.contentStorage.recordsDecompressionTimeUs,1772806996457000000,1772807056423000000,1230
VFS.invertedFileNameIndex.requests,1772806996457000000,1772807056423000000,0
VFS.contentStorage.recordsUncompressedSize,1772806996457000000,1772807056423000000,144053
VFS.rootsCount,1772806996457000000,1772807056423000000,317.0
VFS.contentStorage.recordsStored,1772806996457000000,1772807056423000000,4
VFS.folderCaseSensitivityReads,1772806996457000000,1772807056423000000,275
VFS.fileByIdCache.hits,1772806996457000000,1772807056423000000,6
VFS.fileChildByName,1772806996457000000,1772807056423000000,19429
FileNameCache.totalMisses,1772806996457000000,1772807056423000000,28864
VFS.cache.segmentsCreated,1772806996457000000,1772807056423000000,63
FileNameCache.queries,1772806996457000000,1772807056423000000,2954880
VFS.cache.filesCreated,1772806996457000000,1772807056423000000,146383
VFS.contentStorage.recordsReadDecompressed,1772806996457000000,1772807056423000000,8
VFS.contentStorage.recordsReadSize,1772806996457000000,1772807056423000000,399979
VFS.contentStorage.recordsStoredSize,1772806996457000000,1772807056423000000,74743
VFS.contentStorage.recordsStoredCompressed,1772806996457000000,1772807056423000000,3
VFS.contentStorage.recordsDeduplicated,1772806996457000000,1772807056423000000,0
VFS.contentStorage.recordsRead,1772806996457000000,1772807056423000000,12
VFS.cache.directoriesCreated,1772806996457000000,1772807056423000000,2441
VFS.cache.segments,1772806996457000000,1772807056423000000,231.0
lexer.XML.size.bytes,1772806996457000000,1772807056423000000,429637
parser.ECMAScript.6.size.bytes,1772806996457000000,1772807056423000000,410643
DiskQueryRelay.tasksExecuted,1772806996457000000,1772807056423000000,48865
lexer.HTML.time.ns,1772806996457000000,1772807056423000000,83389206
parser.CSS.size.bytes,1772806996457000000,1772807056423000000,40288
DiskQueryRelay.taskWaitingTotalTimeUs,1772806996457000000,1772807056423000000,6649724
writeAction.count,1772806996457000000,1772807056423000000,28
LowMemory.gcOverloaded,1772806996457000000,1772807056423000000,0
parser.FTL..size.bytes,1772806996457000000,1772807056423000000,1440
writeAction.median.wait.ms,1772806996457000000,1772807056423000000,200
parser.JAVA.size.bytes,1772806996457000000,1772807056423000000,231723
lexer.HTML.size.bytes,1772806996457000000,1772807056423000000,417145
lexer.ECMAScript.6.time.ns,1772806996457000000,1772807056423000000,3668499
DiskQueryRelay.tasksRequested,1772806996457000000,1772807056423000000,48867
parser.FTL..time.ns,1772806996457000000,1772807056423000000,5059042
lexer.ECMAScript.6.size.bytes,1772806996457000000,1772807056423000000,99667
parser.HTML.size.bytes,1772806996457000000,1772807056423000000,417145
lexer.JAVA.size.bytes,1772806996457000000,1772807056423000000,151934
parser.ECMAScript.6.time.ns,1772806996457000000,1772807056423000000,34703243
LowMemory.gcLoad,1772806996457000000,1772807056423000000,0.0
lexer.FTL..size.bytes,1772806996457000000,1772807056423000000,1440
lexer.FTL..time.ns,1772806996457000000,1772807056423000000,599458
parser.JAVA.time.ns,1772806996457000000,1772807056423000000,91246250
writeAction.max.wait.ms,1772806996457000000,1772807056423000000,119
writeAction.wait.ms,1772806996457000000,1772807056423000000,38
lexer.CSS.time.ns,1772806996457000000,1772807056423000000,4079535
parser.CSS.time.ns,1772806996457000000,1772807056423000000,5037169
lexer.CSS.size.bytes,1772806996457000000,1772807056423000000,40288
parser.HTML.time.ns,1772806996457000000,1772807056423000000,61434874
lexer.XML.time.ns,1772806996457000000,1772807056423000000,12034672
parser.XML.size.bytes,1772806996457000000,1772807056423000000,429637
parser.XML.time.ns,1772806996457000000,1772807056423000000,41222668
lexer.JAVA.time.ns,1772806996457000000,1772807056423000000,7863376
DiskQueryRelay.taskExecutionTotalTimeUs,1772806996457000000,1772807056423000000,4187516
MappedFileStorage.totalPagesMapped,1772806996457000000,1772807056423000000,16
StorageLockContext.competingThreads.max,1772806996457000000,1772807056423000000,0
DirectByteBufferAllocator.misses,1772806996457000000,1772807056423000000,0
FilePageCache.pageHits,1772806996457000000,1772807056423000000,40377
FilePageCache.totalPageLoadsUs,1772806996457000000,1772807056423000000,13075
MappedFileStorage.storages,1772806996457000000,1772807056423000000,16
DirectByteBufferAllocator.hits,1772806996457000000,1772807056423000000,20
StorageLockContext.competingThreads.90P,1772806996457000000,1772807056423000000,0
DirectByteBufferAllocator.disposed,1772806996457000000,1772807056423000000,0
DirectByteBufferAllocator.totalSizeOfBuffersCachedInBytes,1772806996457000000,1772807056423000000,1048576
FilePageCache.disposedBuffers,1772806996457000000,1772807056423000000,20
MappedFileStorage.totalTimeSpentOnMappingUs,1772806996457000000,1772807056423000000,170039
MappedFileStorage.totalBytesMapped,1772806996457000000,1772807056423000000,202637312
StreamlinedBlobStorage.recordsDeleted,1772806996457000000,1772807056423000000,3
StreamlinedBlobStorage.recordsRelocated,1772806996457000000,1772807056423000000,0
StreamlinedBlobStorage.totalLiveRecordsCapacityBytes,1772806996457000000,1772807056423000000,2199306
FilePageCache.maxRegisteredFiles,1772806996457000000,1772807056423000000,1824
StreamlinedBlobStorage.recordsAllocated,1772806996457000000,1772807056423000000,31214
FilePageCache.maxCacheSizeInBytes,1772806996457000000,1772807056423000000,629145600
FilePageCache.totalPageDisposalsUs,1772806996457000000,1772807056423000000,65
DirectByteBufferAllocator.totalSizeOfBuffersAllocatedInBytes,1772806996457000000,1772807056423000000,630194176
FilePageCache.pageFastCacheHits,1772806996457000000,1772807056423000000,2511976
FileChannelInterruptsRetryer.totalRetriedAttempts,1772806996457000000,1772807056423000000,0
StorageLockContext.competingThreads.avg,1772806996457000000,1772807056423000000,0.0
FilePageCache.pageLoadsAboveSizeThreshold,1772806996457000000,1772807056423000000,20
DirectByteBufferAllocator.reclaimed,1772806996457000000,1772807056423000000,20
FilePageCache.pageLoads,1772806996457000000,1772807056423000000,0
FilePageCache.capacityInBytes,1772806996457000000,1772807056423000000,629145600
StreamlinedBlobStorage.totalLiveRecordsPayloadBytes,1772806996457000000,1772807056423000000,417003
FilePageCache.uncachedFileAccess,1772806996457000000,1772807056423000000,138
JVM.totalTimeAtSafepointsMs,1772806996457000000,1772807056423000000,145
MEM.fileMappingsRamBytes,1772806996457000000,1772807056423000000,727302144
JVM.GC.collectionTimesMs,1772806996457000000,1772807056423000000,119
JVM.usedHeapBytes,1772806996457000000,1772807056423000000,2099423680
MEM.ramBytes,1772806996457000000,1772807056423000000,5802844160
JVM.newThreadsCount,1772806996457000000,1772807056423000000,36
JVM.maxHeapBytes,1772806996457000000,1772807056423000000,28840034304
JVM.totalDirectByteBuffersBytes,1772806996457000000,1772807056423000000,636125348
JVM.totalBytesAllocated,1772806996457000000,1772807056423000000,4137170216
JVM.threadCount,1772806996457000000,1772807056423000000,80
JVM.committedHeapBytes,1772806996457000000,1772807056423000000,3674210304
JVM.totalTimeToSafepointsMs,1772806996457000000,1772807056423000000,27
MEM.ramPlusSwapMinusFileMappingsBytes,1772806996457000000,1772807056423000000,5075542016
JVM.usedNativeBytes,1772806996457000000,1772807056423000000,482524656
JVM.totalSafepointCount,1772806996457000000,1772807056423000000,67
JVM.GC.collections,1772806996457000000,1772807056423000000,2
JVM.maxThreadCount,1772806996457000000,1772807056423000000,231
MEM.ramMinusFileMappingsBytes,1772806996457000000,1772807056423000000,5075542016
JVM.totalCpuTimeMs,1772806996457000000,1772807056423000000,25090
OS.loadAverage,1772806996457000000,1772807056423000000,1.875
cacheStateStorage.get.counter,1772806996457000000,1772807056423000000,0
cacheStateStorage.set.counter,1772806996457000000,1772807056423000000,0
cacheStateStorage.set.duration,1772806996457000000,1772807056423000000,0
cacheStateStorage.get.duration,1772806996457000000,1772807056423000000,0
FlushQueue.executionTimeMaxNs,1772806996457000000,1772807056423000000,290815
FlushQueue.executionTimeAvgNs,1772806996457000000,1772807056423000000,289792.0
FlushQueue.waitingTimeAvgNs,1772806996457000000,1772807056423000000,184832.0
FlushQueue.tasksExecuted,1772806996457000000,1772807056423000000,1
NonBlockingReadAction.failedExecutionsCount,1772806996457000000,1772807056423000000,6
FlushQueue.queueSize90P,1772806996457000000,1772807056423000000,0
AWTEventQueue.eventsDispatched,1772806996457000000,1772807056423000000,2
FlushQueue.waitingTimeMaxNs,1772806996457000000,1772807056423000000,185343
NonBlockingReadAction.failedExecutionTimeUs,1772806996457000000,1772807056423000000,14134
AWTEventQueue.dispatchTime90PNs,1772806996457000000,1772807056423000000,395263
NonBlockingReadAction.finalizedExecutionTimeUs,1772806996457000000,1772807056423000000,29967
NonBlockingReadAction.finalizedExecutionsCount,1772806996457000000,1772807056423000000,17
FlushQueue.queueSizeMax,1772806996457000000,1772807056423000000,0
ReadAction.executionsCount,1772806996457000000,1772807056423000000,165942
FlushQueue.waitingTime90PNs,1772806996457000000,1772807056423000000,185343
WriteAction.executionsCount,1772806996457000000,1772807056423000000,28
FlushQueue.executionTime90PNs,1772806996457000000,1772807056423000000,290815
FlushQueue.queueSizeAvg,1772806996457000000,1772807056423000000,0.0
AWTEventQueue.dispatchTimeTotalNS,1772806996457000000,1772807056423000000,470127053
AWTEventQueue.dispatchTimeMaxNs,1772806996457000000,1772807056423000000,395263
AWTEventQueue.dispatchTimeAvgNs,1772806996457000000,1772807056423000000,202288.0
Indexing.cache.totalCacheMisses,1772806996457000000,1772807056423000000,580379
Indexing.cache.totalCacheEvicted,1772806996457000000,1772807056423000000,580379
Indexes.allKeys.lookupDurationAvgMs,1772806996457000000,1772807056423000000,0.0
Indexing.writer_1.totalTimeSpentWritingMs,1772806996457000000,1772807056423000000,158
Indexing.cache.totalCacheAccesses,1772806996457000000,1772807056423000000,1227822
Indexing.writer_3.totalTimeSpentWritingMs,1772806996457000000,1772807056423000000,1325
Indexes.stubs.lookups,1772806996457000000,1772807056423000000,0
Indexes.allKeys.lookupDurationMaxMs,1772806996457000000,1772807056423000000,0.0
Indexes.stubs.lookupDurationMaxMs,1772806996457000000,1772807056423000000,0.0
Indexes.entries.lookupDurationMaxMs,1772806996457000000,1772807056423000000,0.0
Indexing.writer_0.totalTimeSpentWritingMs,1772806996457000000,1772807056423000000,235
Indexes.entries.lookupDuration90PMs,1772806996457000000,1772807056423000000,0.0
Indexing.totalTimeIndexersSleptMs,1772806996457000000,1772807056423000000,0
Indexing.writesQueuedMax,1772806996457000000,1772807056423000000,0
Indexes.allKeys.lookupDuration90PMs,1772806996457000000,1772807056423000000,0.0
Indexes.allKeys.lookups,1772806996457000000,1772807056423000000,0
Indexes.stubs.lookupDuration90PMs,1772806996457000000,1772807056423000000,0.0
Indexing.writer_2.totalTimeSpentWritingMs,1772806996457000000,1772807056423000000,1672
Indexing.writesQueuedMin,1772806996457000000,1772807056423000000,9223372036854775807
Indexes.stubs.lookupDurationAvgMs,1772806996457000000,1772807056423000000,0.0
Indexes.entries.lookups,1772806996457000000,1772807056423000000,5
Indexes.entries.lookupDurationAvgMs,1772806996457000000,1772807056423000000,0.0
jps.library.entities.serializer.save.entities.ms,1772806996457000000,1772807056423000000,0
workspaceModel.load.cache.from.file.ms,1772806996457000000,1772807056423000000,0
workspaceModel.moduleManagerBridge.load.all.modules.ms,1772806996457000000,1772807056423000000,0
workspaceModel.mutableEntityStorage.put.entity.ms,1772806996457000000,1772807056423000000,5
workspaceModel.moduleBridge.update.option.ms,1772806996457000000,1772807056423000000,0
jps.reload.project.entities.ms,1772806996457000000,1772807056423000000,0
workspaceModel.moduleManagerBridge.set.unloadedModules.ms,1772806996457000000,1772807056423000000,0
jps.apply.loaded.storage.ms,1772806996457000000,1772807056423000000,0
jps.module.iml.entities.serializer.save.entities.ms,1772806996457000000,1772807056423000000,0
workspaceModel.moduleBridge.facet.initialization.ms,1772806996457000000,1772807056423000000,0
jps.modifiable.module.model.bridge.new.module.ms,1772806996457000000,1772807056423000000,0
workspaceModel.mutableEntityStorage.changeLog.addReplaceEventForNewParent.ms,1772806996457000000,1772807056423000000,0
jps.artifact.entities.serializer.load.entities.ms,1772806996457000000,1772807056423000000,0
workspaceModel.mutableEntityStorage.mutable.ext.mapping.ms,1772806996457000000,1772807056423000000,0
workspaceModel.delayed.project.synchronizer.sync.ms,1772806996457000000,1772807056423000000,0
workspaceModel.sync.entities.ms,1772806996457000000,1772807056423000000,0
workspaceModel.moduleManagerBridge.create.module.instance.ms,1772806996457000000,1772807056423000000,0
jps.load.project.to.empty.storage.ms,1772806996457000000,1772807056423000000,0
workspaceModel.mutableEntityStorage.referrers.ms,1772806996457000000,1772807056423000000,0
jps.global.initialize.library.bridges.ms,1772806996457000000,1772807056423000000,0
workspaceModel.moduleBridgeLoader.loading.modules.ms,1772806996457000000,1772807056423000000,0
workspaceModel.mutableEntityStorage.replace.by.source.ms,1772806996457000000,1772807056423000000,15
workspaceModel.mutableEntityStorage.has.same.entities.ms,1772806996457000000,1772807056423000000,1
jps.app.storage.content.reader.load.component.ms,1772806996457000000,1772807056423000000,0
jps.load.initial.state.ms,1772806996457000000,1772807056423000000,0
workspaceModel.global.updates.count,1772806996457000000,1772807056423000000,0
workspaceModel.mutableEntityStorage.changeLog.addReplaceEventForNewChild.ms,1772806996457000000,1772807056423000000,0
jps.global.handle.changed.events.ms,1772806996457000000,1772807056423000000,0
workspaceModel.mutableEntityStorage.collect.changes.ms,1772806996457000000,1772807056423000000,0
workspaceModel.mutableEntityStorage.instances.count,1772806996457000000,1772807056423000000,5
workspaceModel.mutableEntityStorage.add.entity.ms,1772806996457000000,1772807056423000000,13
workspaceModel.global.apply.state.to.project.builder.ms,1772806996457000000,1772807056423000000,0
jps.modifiable.module.model.bridge.renaming.ms,1772806996457000000,1772807056423000000,0
workspaceModel.moduleManagerBridge.newModule.ms,1772806996457000000,1772807056423000000,0
jps.modifiable.module.model.bridge.disposing.ms,1772806996457000000,1772807056423000000,0
workspaceModel.orphan.listener.update.ms,1772806996457000000,1772807056423000000,0
workspaceModel.mutableEntityStorage.entities.by.source.ms,1772806996457000000,1772807056423000000,0
jps.artifact.entities.serializer.save.entities.ms,1772806996457000000,1772807056423000000,0
workspaceModel.mutableEntityStorage.changeLog.addReplaceEventForRemovedParent.ms,1772806996457000000,1772807056423000000,0
jps.project.serializers.load.ms,1772806996457000000,1772807056423000000,0
workspaceModel.mutableEntityStorage.hasReferrers.ms,1772806996457000000,1772807056423000000,0
workspaceModel.global.apply.state.to.project.ms,1772806996457000000,1772807056423000000,0
workspaceModel.do.save.caches.ms,1772806996457000000,1772807056423000000,24
jps.global.initialize.library.bridges.after.loading.ms,1772806996457000000,1772807056423000000,0
workspaceModel.mutableEntityStorage.resolve.ms,1772806996457000000,1772807056423000000,0
jps.global.get.libraries.ms,1772806996457000000,1772807056423000000,0
jps.facet.change.listener.process.change.events.ms,1772806996457000000,1772807056423000000,0
jps.library.entities.serializer.load.entities.ms,1772806996457000000,1772807056423000000,0
workspaceModel.mutableEntityStorage.changeLog.addReplaceEventForRemovedChild.ms,1772806996457000000,1772807056423000000,0
jps.global.get.library.ms,1772806996457000000,1772807056423000000,0
jps.storage.jps.conf.reader.load.component.ms,1772806996457000000,1772807056423000000,0
jps.module.iml.entities.serializer.load.entities.ms,1772806996457000000,1772807056423000000,0
jps.module.dependency.index.workspace.model.listener.on.changed.ms,1772806996457000000,1772807056423000000,1
workspaceModel.moduleBridge.before.changed.ms,1772806996457000000,1772807056423000000,0
jps.save.global.entities.ms,1772806996457000000,1772807056423000000,0
workspaceModel.moduleManagerBridge.new.nonPersistent.module.ms,1772806996457000000,1772807056423000000,0
jps.global.get.library.by.name.ms,1772806996457000000,1772807056423000000,0
workspaceModel.mutableEntityStorage.remove.entity.ms,1772806996457000000,1772807056423000000,0
workspaceModel.moduleManagerBridge.build.module.graph.ms,1772806996457000000,1772807056423000000,0
workspaceModel.moduleManagerBridge.get.modules.ms,1772806996457000000,1772807056423000000,0
jps.project.serializers.save.ms,1772806996457000000,1772807056423000000,0
workspaceModel.mutableEntityStorage.apply.changes.from.ms,1772806996457000000,1772807056423000000,0
workspaceModel.save.cache.to.file.ms,1772806996457000000,1772807056423000000,21
workspaceModel.mutableEntityStorage.entities.ms,1772806996457000000,1772807056423000000,0
workspaceModel.global.updates.ms,1772806996457000000,1772807056423000000,0
workspaceModel.moduleManagerBridge.load.module.ms,1772806996457000000,1772807056423000000,0
workspaceModel.mutableEntityStorage.to.snapshot.ms,1772806996457000000,1772807056423000000,0
workspaceModel.load.cache.metadata.from.file.ms,1772806996457000000,1772807056423000000,0
jps.facet.change.listener.init.bridge.ms,1772806996457000000,1772807056423000000,0
jps.modifiable.module.model.bridge.load.module.ms,1772806996457000000,1772807056423000000,0
workspaceModel.mutableEntityStorage.mutable.vfurl.index.ms,1772806996457000000,1772807056423000000,1
workspaceModel.mutableEntityStorage.modify.entity.ms,1772806996457000000,1772807056423000000,29
jps.global.handle.before.change.events.ms,1772806996457000000,1772807056423000000,0
jps.facet.change.listener.before.change.events.ms,1772806996457000000,1772807056423000000,0
jps.save.changed.project.entities.ms,1772806996457000000,1772807056423000000,0
workspaceModel.replace.project.model.ms,1772807056423000000,1772807116441000000,0
workspaceModel.workspaceFileIndexData.onEntitiesChanged.ms,1772807056423000000,1772807116441000000,0
workspaceModel.init.bridges.ms,1772807056423000000,1772807116441000000,0
workspaceModel.workspaceFileIndexData.instances.count,1772807056423000000,1772807116441000000,0
workspaceModel.initializing.ms,1772807056423000000,1772807116441000000,0
workspaceModel.updates.precise.ms,1772807056423000000,1772807116441000000,0
workspaceModel.on.changed.ms,1772807056423000000,1772807116441000000,0
workspaceModel.check.recursive.update.ms,1772807056423000000,1772807116441000000,0
workspaceModel.workspaceFileIndexData.getFileInfo.ms,1772807056423000000,1772807116441000000,0
workspaceModel.workspaceFileIndexData.processFileSets.ms,1772807056423000000,1772807116441000000,0
workspaceModel.update.unloaded.entities.ms,1772807056423000000,1772807116441000000,0
workspaceModel.workspaceFileIndexData.getDirectoriesByPackageName.ms,1772807056423000000,1772807116441000000,0
workspaceModel.cachedValue.from.cache.count,1772807056423000000,1772807116441000000,0
workspaceModel.loading.from.cache.ms,1772807056423000000,1772807116441000000,0
workspaceModel.cachedValueWithParameters.calculated.count,1772807056423000000,1772807116441000000,0
workspaceModel.workspaceFileIndexContributor.registerFileSets.ms,1772807056423000000,1772807116441000000,0
workspaceModel.cachedValueWithParameters.total.get.count,1772807056423000000,1772807116441000000,0
workspaceModel.on.before.changed.ms,1772807056423000000,1772807116441000000,0
workspaceModel.loading.total.ms,1772807056423000000,1772807116441000000,0
workspaceModel.workspaceFileIndexData.init.ms,1772807056423000000,1772807116441000000,0
workspaceModel.workspaceFileIndexData.getPackageName.ms,1772807056423000000,1772807116441000000,0
workspaceModel.workspaceFileIndexData.updateDirtyEntities.ms,1772807056423000000,1772807116441000000,0
workspaceModel.cachedValueWithParameters.from.cache.count,1772807056423000000,1772807116441000000,0
workspaceModel.to.snapshot.ms,1772807056423000000,1772807116441000000,0
workspaceModel.cachedValue.total.get.count,1772807056423000000,1772807116441000000,0
workspaceModel.entityStorageSnapshotImpl.instances.count,1772807056423000000,1772807116441000000,0
workspaceModel.cachedValue.clear.count,1772807056423000000,1772807116441000000,0
workspaceModel.cachedValue.calculated.count,1772807056423000000,1772807116441000000,0
workspaceModel.workspaceFileIndexData.visitFileSets.ms,1772807056423000000,1772807116441000000,0
workspaceModel.pre.handlers.ms,1772807056423000000,1772807116441000000,0
workspaceModel.full.replace.project.model.ms,1772807056423000000,1772807116441000000,0
workspaceModel.updates.ms,1772807056423000000,1772807116441000000,0
workspaceModel.workspaceFileIndexData.markDirty.ms,1772807056423000000,1772807116441000000,0
workspaceModel.cachedValueWithParameters.clear.count,1772807056423000000,1772807116441000000,0
workspaceModel.collect.changes.ms,1772807056423000000,1772807116441000000,0
workspaceModel.updates.count,1772807056423000000,1772807116441000000,0
compiler.ArtifactManagerBridge.getArtifactsByType.ms,1772807056423000000,1772807116441000000,0
compiler.ArtifactManagerBridge.getArtifacts.ms,1772807056423000000,1772807116441000000,0
compiler.ArtifactManagerBridge.dropMappings.ms,1772807056423000000,1772807116441000000,0
compiler.ArtifactModifiableModelBridge.findArtifacts.ms,1772807056423000000,1772807116441000000,0
compiler.ArtifactManagerBridge.addArtifact.ms,1772807056423000000,1772807116441000000,0
compiler.ArtifactManagerBridge.initBridges.ms,1772807056423000000,1772807116441000000,0
compiler.ArtifactModifiableModelBridge.getArtifacts.ms,1772807056423000000,1772807116441000000,0
compiler.ArtifactVirtualFileListener.filePathChanged.ms,1772807056423000000,1772807116441000000,0
compiler.ArtifactModifiableModelBridge.dispose.ms,1772807056423000000,1772807116441000000,0
compiler.ArtifactManagerBridge.commit.ms,1772807056423000000,1772807116441000000,0
compiler.ArtifactModifiableModelBridge.getArtifactsByType.ms,1772807056423000000,1772807116441000000,0
compiler.ArtifactModifiableModelBridge.commit.ms,1772807056423000000,1772807116441000000,3
compiler.ArtifactModifiableModelBridge.addArtifact.ms,1772807056423000000,1772807116441000000,0
compiler.ArtifactVirtualFileListener.propertyChanged.ms,1772807056423000000,1772807116441000000,0
compiler.ArtifactManagerBridge.findArtifact.ms,1772807056423000000,1772807116441000000,0
VFS.fileByIdCache.misses,1772807056423000000,1772807116441000000,27
VFS.contentStorage.recordsDecompressionTimeUs,1772807056423000000,1772807116441000000,0
VFS.invertedFileNameIndex.requests,1772807056423000000,1772807116441000000,0
VFS.contentStorage.recordsUncompressedSize,1772807056423000000,1772807116441000000,0
VFS.rootsCount,1772807056423000000,1772807116441000000,317.0
VFS.contentStorage.recordsStored,1772807056423000000,1772807116441000000,0
VFS.folderCaseSensitivityReads,1772807056423000000,1772807116441000000,0
VFS.fileByIdCache.hits,1772807056423000000,1772807116441000000,0
VFS.fileChildByName,1772807056423000000,1772807116441000000,0
FileNameCache.totalMisses,1772807056423000000,1772807116441000000,0
VFS.cache.segmentsCreated,1772807056423000000,1772807116441000000,0
FileNameCache.queries,1772807056423000000,1772807116441000000,0
VFS.cache.filesCreated,1772807056423000000,1772807116441000000,27
VFS.contentStorage.recordsReadDecompressed,1772807056423000000,1772807116441000000,0
VFS.contentStorage.recordsReadSize,1772807056423000000,1772807116441000000,0
VFS.contentStorage.recordsStoredSize,1772807056423000000,1772807116441000000,0
VFS.contentStorage.recordsStoredCompressed,1772807056423000000,1772807116441000000,0
VFS.contentStorage.recordsDeduplicated,1772807056423000000,1772807116441000000,0
VFS.contentStorage.recordsRead,1772807056423000000,1772807116441000000,0
VFS.cache.directoriesCreated,1772807056423000000,1772807116441000000,0
VFS.cache.segments,1772807056423000000,1772807116441000000,231.0
DiskQueryRelay.tasksExecuted,1772807056423000000,1772807116441000000,0
DiskQueryRelay.taskWaitingTotalTimeUs,1772807056423000000,1772807116441000000,0
writeAction.count,1772807056423000000,1772807116441000000,0
LowMemory.gcOverloaded,1772807056423000000,1772807116441000000,0
writeAction.median.wait.ms,1772807056423000000,1772807116441000000,200
DiskQueryRelay.tasksRequested,1772807056423000000,1772807116441000000,0
LowMemory.gcLoad,1772807056423000000,1772807116441000000,0.0
writeAction.max.wait.ms,1772807056423000000,1772807116441000000,119
writeAction.wait.ms,1772807056423000000,1772807116441000000,0
DiskQueryRelay.taskExecutionTotalTimeUs,1772807056423000000,1772807116441000000,0
MappedFileStorage.totalPagesMapped,1772807056423000000,1772807116441000000,16
StorageLockContext.competingThreads.max,1772807056423000000,1772807116441000000,0
DirectByteBufferAllocator.misses,1772807056423000000,1772807116441000000,0
FilePageCache.pageHits,1772807056423000000,1772807116441000000,0
FilePageCache.totalPageLoadsUs,1772807056423000000,1772807116441000000,0
MappedFileStorage.storages,1772807056423000000,1772807116441000000,16
DirectByteBufferAllocator.hits,1772807056423000000,1772807116441000000,0
StorageLockContext.competingThreads.90P,1772807056423000000,1772807116441000000,0
DirectByteBufferAllocator.disposed,1772807056423000000,1772807116441000000,0
DirectByteBufferAllocator.totalSizeOfBuffersCachedInBytes,1772807056423000000,1772807116441000000,1048576
FilePageCache.disposedBuffers,1772807056423000000,1772807116441000000,0
MappedFileStorage.totalTimeSpentOnMappingUs,1772807056423000000,1772807116441000000,170039
MappedFileStorage.totalBytesMapped,1772807056423000000,1772807116441000000,202637312
StreamlinedBlobStorage.recordsDeleted,1772807056423000000,1772807116441000000,0
StreamlinedBlobStorage.recordsRelocated,1772807056423000000,1772807116441000000,0
StreamlinedBlobStorage.totalLiveRecordsCapacityBytes,1772807056423000000,1772807116441000000,0
FilePageCache.maxRegisteredFiles,1772807056423000000,1772807116441000000,1824
StreamlinedBlobStorage.recordsAllocated,1772807056423000000,1772807116441000000,0
FilePageCache.maxCacheSizeInBytes,1772807056423000000,1772807116441000000,629145600
FilePageCache.totalPageDisposalsUs,1772807056423000000,1772807116441000000,0
DirectByteBufferAllocator.totalSizeOfBuffersAllocatedInBytes,1772807056423000000,1772807116441000000,630194176
FilePageCache.pageFastCacheHits,1772807056423000000,1772807116441000000,9
FileChannelInterruptsRetryer.totalRetriedAttempts,1772807056423000000,1772807116441000000,0
StorageLockContext.competingThreads.avg,1772807056423000000,1772807116441000000,0.0
FilePageCache.pageLoadsAboveSizeThreshold,1772807056423000000,1772807116441000000,0
DirectByteBufferAllocator.reclaimed,1772807056423000000,1772807116441000000,0
FilePageCache.pageLoads,1772807056423000000,1772807116441000000,0
FilePageCache.capacityInBytes,1772807056423000000,1772807116441000000,629145600
StreamlinedBlobStorage.totalLiveRecordsPayloadBytes,1772807056423000000,1772807116441000000,0
FilePageCache.uncachedFileAccess,1772807056423000000,1772807116441000000,0
JVM.totalTimeAtSafepointsMs,1772807056423000000,1772807116441000000,6
MEM.fileMappingsRamBytes,1772807056423000000,1772807116441000000,730525696
JVM.GC.collectionTimesMs,1772807056423000000,1772807116441000000,0
JVM.usedHeapBytes,1772807056423000000,1772807116441000000,2183309760
MEM.ramBytes,1772807056423000000,1772807116441000000,5809410048
JVM.newThreadsCount,1772807056423000000,1772807116441000000,0
JVM.maxHeapBytes,1772807056423000000,1772807116441000000,28840034304
JVM.totalDirectByteBuffersBytes,1772807056423000000,1772807116441000000,635866712
JVM.totalBytesAllocated,1772807056423000000,1772807116441000000,78186472
JVM.threadCount,1772807056423000000,1772807116441000000,64
JVM.committedHeapBytes,1772807056423000000,1772807116441000000,3674210304
JVM.totalTimeToSafepointsMs,1772807056423000000,1772807116441000000,1
MEM.ramPlusSwapMinusFileMappingsBytes,1772807056423000000,1772807116441000000,5078884352
JVM.usedNativeBytes,1772807056423000000,1772807116441000000,487114992
JVM.totalSafepointCount,1772807056423000000,1772807116441000000,18
JVM.GC.collections,1772807056423000000,1772807116441000000,0
JVM.maxThreadCount,1772807056423000000,1772807116441000000,231
MEM.ramMinusFileMappingsBytes,1772807056423000000,1772807116441000000,5078884352
JVM.totalCpuTimeMs,1772807056423000000,1772807116441000000,3080
OS.loadAverage,1772807056423000000,1772807116441000000,1.51025390625
cacheStateStorage.get.counter,1772807056423000000,1772807116441000000,0
cacheStateStorage.set.counter,1772807056423000000,1772807116441000000,0
cacheStateStorage.set.duration,1772807056423000000,1772807116441000000,0
cacheStateStorage.get.duration,1772807056423000000,1772807116441000000,0
FlushQueue.executionTimeMaxNs,1772807056423000000,1772807116441000000,0
FlushQueue.executionTimeAvgNs,1772807056423000000,1772807116441000000,0.0
FlushQueue.waitingTimeAvgNs,1772807056423000000,1772807116441000000,0.0
FlushQueue.tasksExecuted,1772807056423000000,1772807116441000000,0
NonBlockingReadAction.failedExecutionsCount,1772807056423000000,1772807116441000000,0
FlushQueue.queueSize90P,1772807056423000000,1772807116441000000,0
AWTEventQueue.eventsDispatched,1772807056423000000,1772807116441000000,0
FlushQueue.waitingTimeMaxNs,1772807056423000000,1772807116441000000,0
NonBlockingReadAction.failedExecutionTimeUs,1772807056423000000,1772807116441000000,0
AWTEventQueue.dispatchTime90PNs,1772807056423000000,1772807116441000000,0
NonBlockingReadAction.finalizedExecutionTimeUs,1772807056423000000,1772807116441000000,0
NonBlockingReadAction.finalizedExecutionsCount,1772807056423000000,1772807116441000000,0
FlushQueue.queueSizeMax,1772807056423000000,1772807116441000000,0
ReadAction.executionsCount,1772807056423000000,1772807116441000000,5
FlushQueue.waitingTime90PNs,1772807056423000000,1772807116441000000,0
WriteAction.executionsCount,1772807056423000000,1772807116441000000,0
FlushQueue.executionTime90PNs,1772807056423000000,1772807116441000000,0
FlushQueue.queueSizeAvg,1772807056423000000,1772807116441000000,0.0
AWTEventQueue.dispatchTimeTotalNS,1772807056423000000,1772807116441000000,189914444
AWTEventQueue.dispatchTimeMaxNs,1772807056423000000,1772807116441000000,0
AWTEventQueue.dispatchTimeAvgNs,1772807056423000000,1772807116441000000,0.0
Indexing.cache.totalCacheMisses,1772807056423000000,1772807116441000000,7
Indexing.cache.totalCacheEvicted,1772807056423000000,1772807116441000000,7
Indexes.allKeys.lookupDurationAvgMs,1772807056423000000,1772807116441000000,0.0
Indexing.writer_1.totalTimeSpentWritingMs,1772807056423000000,1772807116441000000,0
Indexing.cache.totalCacheAccesses,1772807056423000000,1772807116441000000,8
Indexing.writer_3.totalTimeSpentWritingMs,1772807056423000000,1772807116441000000,0
Indexes.stubs.lookups,1772807056423000000,1772807116441000000,0
Indexes.allKeys.lookupDurationMaxMs,1772807056423000000,1772807116441000000,0.0
Indexes.stubs.lookupDurationMaxMs,1772807056423000000,1772807116441000000,0.0
Indexes.entries.lookupDurationMaxMs,1772807056423000000,1772807116441000000,0.0
Indexing.writer_0.totalTimeSpentWritingMs,1772807056423000000,1772807116441000000,0
Indexes.entries.lookupDuration90PMs,1772807056423000000,1772807116441000000,0.0
Indexing.totalTimeIndexersSleptMs,1772807056423000000,1772807116441000000,0
Indexing.writesQueuedMax,1772807056423000000,1772807116441000000,0
Indexes.allKeys.lookupDuration90PMs,1772807056423000000,1772807116441000000,0.0
Indexes.allKeys.lookups,1772807056423000000,1772807116441000000,1
Indexes.stubs.lookupDuration90PMs,1772807056423000000,1772807116441000000,0.0
Indexing.writer_2.totalTimeSpentWritingMs,1772807056423000000,1772807116441000000,0
Indexing.writesQueuedMin,1772807056423000000,1772807116441000000,9223372036854775807
Indexes.stubs.lookupDurationAvgMs,1772807056423000000,1772807116441000000,0.0
Indexes.entries.lookups,1772807056423000000,1772807116441000000,4
Indexes.entries.lookupDurationAvgMs,1772807056423000000,1772807116441000000,0.0
jps.library.entities.serializer.save.entities.ms,1772807056423000000,1772807116441000000,0
workspaceModel.load.cache.from.file.ms,1772807056423000000,1772807116441000000,0
workspaceModel.moduleManagerBridge.load.all.modules.ms,1772807056423000000,1772807116441000000,0
workspaceModel.mutableEntityStorage.put.entity.ms,1772807056423000000,1772807116441000000,0
workspaceModel.moduleBridge.update.option.ms,1772807056423000000,1772807116441000000,0
jps.reload.project.entities.ms,1772807056423000000,1772807116441000000,0
workspaceModel.moduleManagerBridge.set.unloadedModules.ms,1772807056423000000,1772807116441000000,0
jps.apply.loaded.storage.ms,1772807056423000000,1772807116441000000,0
jps.module.iml.entities.serializer.save.entities.ms,1772807056423000000,1772807116441000000,0
workspaceModel.moduleBridge.facet.initialization.ms,1772807056423000000,1772807116441000000,0
jps.modifiable.module.model.bridge.new.module.ms,1772807056423000000,1772807116441000000,0
workspaceModel.mutableEntityStorage.changeLog.addReplaceEventForNewParent.ms,1772807056423000000,1772807116441000000,0
jps.artifact.entities.serializer.load.entities.ms,1772807056423000000,1772807116441000000,0
workspaceModel.mutableEntityStorage.mutable.ext.mapping.ms,1772807056423000000,1772807116441000000,0
workspaceModel.delayed.project.synchronizer.sync.ms,1772807056423000000,1772807116441000000,0
workspaceModel.sync.entities.ms,1772807056423000000,1772807116441000000,0
workspaceModel.moduleManagerBridge.create.module.instance.ms,1772807056423000000,1772807116441000000,0
jps.load.project.to.empty.storage.ms,1772807056423000000,1772807116441000000,0
workspaceModel.mutableEntityStorage.referrers.ms,1772807056423000000,1772807116441000000,0
jps.global.initialize.library.bridges.ms,1772807056423000000,1772807116441000000,0
workspaceModel.moduleBridgeLoader.loading.modules.ms,1772807056423000000,1772807116441000000,0
workspaceModel.mutableEntityStorage.replace.by.source.ms,1772807056423000000,1772807116441000000,0
workspaceModel.mutableEntityStorage.has.same.entities.ms,1772807056423000000,1772807116441000000,0
jps.app.storage.content.reader.load.component.ms,1772807056423000000,1772807116441000000,0
jps.load.initial.state.ms,1772807056423000000,1772807116441000000,0
workspaceModel.global.updates.count,1772807056423000000,1772807116441000000,0
workspaceModel.mutableEntityStorage.changeLog.addReplaceEventForNewChild.ms,1772807056423000000,1772807116441000000,0
jps.global.handle.changed.events.ms,1772807056423000000,1772807116441000000,0
workspaceModel.mutableEntityStorage.collect.changes.ms,1772807056423000000,1772807116441000000,0
workspaceModel.mutableEntityStorage.instances.count,1772807056423000000,1772807116441000000,0
workspaceModel.mutableEntityStorage.add.entity.ms,1772807056423000000,1772807116441000000,0
workspaceModel.global.apply.state.to.project.builder.ms,1772807056423000000,1772807116441000000,0
jps.modifiable.module.model.bridge.renaming.ms,1772807056423000000,1772807116441000000,0
workspaceModel.moduleManagerBridge.newModule.ms,1772807056423000000,1772807116441000000,0
jps.modifiable.module.model.bridge.disposing.ms,1772807056423000000,1772807116441000000,0
workspaceModel.orphan.listener.update.ms,1772807056423000000,1772807116441000000,0
workspaceModel.mutableEntityStorage.entities.by.source.ms,1772807056423000000,1772807116441000000,0
jps.artifact.entities.serializer.save.entities.ms,1772807056423000000,1772807116441000000,0
workspaceModel.mutableEntityStorage.changeLog.addReplaceEventForRemovedParent.ms,1772807056423000000,1772807116441000000,0
jps.project.serializers.load.ms,1772807056423000000,1772807116441000000,0
workspaceModel.mutableEntityStorage.hasReferrers.ms,1772807056423000000,1772807116441000000,0
workspaceModel.global.apply.state.to.project.ms,1772807056423000000,1772807116441000000,0
workspaceModel.do.save.caches.ms,1772807056423000000,1772807116441000000,0
jps.global.initialize.library.bridges.after.loading.ms,1772807056423000000,1772807116441000000,0
workspaceModel.mutableEntityStorage.resolve.ms,1772807056423000000,1772807116441000000,0
jps.global.get.libraries.ms,1772807056423000000,1772807116441000000,0
jps.facet.change.listener.process.change.events.ms,1772807056423000000,1772807116441000000,0
jps.library.entities.serializer.load.entities.ms,1772807056423000000,1772807116441000000,0
workspaceModel.mutableEntityStorage.changeLog.addReplaceEventForRemovedChild.ms,1772807056423000000,1772807116441000000,0
jps.global.get.library.ms,1772807056423000000,1772807116441000000,0
jps.storage.jps.conf.reader.load.component.ms,1772807056423000000,1772807116441000000,0
jps.module.iml.entities.serializer.load.entities.ms,1772807056423000000,1772807116441000000,0
jps.module.dependency.index.workspace.model.listener.on.changed.ms,1772807056423000000,1772807116441000000,0
workspaceModel.moduleBridge.before.changed.ms,1772807056423000000,1772807116441000000,0
jps.save.global.entities.ms,1772807056423000000,1772807116441000000,0
workspaceModel.moduleManagerBridge.new.nonPersistent.module.ms,1772807056423000000,1772807116441000000,0
jps.global.get.library.by.name.ms,1772807056423000000,1772807116441000000,0
workspaceModel.mutableEntityStorage.remove.entity.ms,1772807056423000000,1772807116441000000,0
workspaceModel.moduleManagerBridge.build.module.graph.ms,1772807056423000000,1772807116441000000,0
workspaceModel.moduleManagerBridge.get.modules.ms,1772807056423000000,1772807116441000000,0
jps.project.serializers.save.ms,1772807056423000000,1772807116441000000,0
workspaceModel.mutableEntityStorage.apply.changes.from.ms,1772807056423000000,1772807116441000000,0
workspaceModel.save.cache.to.file.ms,1772807056423000000,1772807116441000000,0
workspaceModel.mutableEntityStorage.entities.ms,1772807056423000000,1772807116441000000,0
workspaceModel.global.updates.ms,1772807056423000000,1772807116441000000,0
workspaceModel.moduleManagerBridge.load.module.ms,1772807056423000000,1772807116441000000,0
workspaceModel.mutableEntityStorage.to.snapshot.ms,1772807056423000000,1772807116441000000,0
workspaceModel.load.cache.metadata.from.file.ms,1772807056423000000,1772807116441000000,0
jps.facet.change.listener.init.bridge.ms,1772807056423000000,1772807116441000000,0
jps.modifiable.module.model.bridge.load.module.ms,1772807056423000000,1772807116441000000,0
workspaceModel.mutableEntityStorage.mutable.vfurl.index.ms,1772807056423000000,1772807116441000000,0
workspaceModel.mutableEntityStorage.modify.entity.ms,1772807056423000000,1772807116441000000,0
jps.global.handle.before.change.events.ms,1772807056423000000,1772807116441000000,0
jps.facet.change.listener.before.change.events.ms,1772807056423000000,1772807116441000000,0
jps.save.changed.project.entities.ms,1772807056423000000,1772807116441000000,0
workspaceModel.replace.project.model.ms,1772807116441000000,1772807176434000000,0
workspaceModel.workspaceFileIndexData.onEntitiesChanged.ms,1772807116441000000,1772807176434000000,0
workspaceModel.init.bridges.ms,1772807116441000000,1772807176434000000,0
workspaceModel.workspaceFileIndexData.instances.count,1772807116441000000,1772807176434000000,0
workspaceModel.initializing.ms,1772807116441000000,1772807176434000000,0
workspaceModel.updates.precise.ms,1772807116441000000,1772807176434000000,0
workspaceModel.on.changed.ms,1772807116441000000,1772807176434000000,0
workspaceModel.check.recursive.update.ms,1772807116441000000,1772807176434000000,0
workspaceModel.workspaceFileIndexData.getFileInfo.ms,1772807116441000000,1772807176434000000,0
workspaceModel.workspaceFileIndexData.processFileSets.ms,1772807116441000000,1772807176434000000,0
workspaceModel.update.unloaded.entities.ms,1772807116441000000,1772807176434000000,0
workspaceModel.workspaceFileIndexData.getDirectoriesByPackageName.ms,1772807116441000000,1772807176434000000,0
workspaceModel.cachedValue.from.cache.count,1772807116441000000,1772807176434000000,0
workspaceModel.loading.from.cache.ms,1772807116441000000,1772807176434000000,0
workspaceModel.cachedValueWithParameters.calculated.count,1772807116441000000,1772807176434000000,0
workspaceModel.workspaceFileIndexContributor.registerFileSets.ms,1772807116441000000,1772807176434000000,0
workspaceModel.cachedValueWithParameters.total.get.count,1772807116441000000,1772807176434000000,0
workspaceModel.on.before.changed.ms,1772807116441000000,1772807176434000000,0
workspaceModel.loading.total.ms,1772807116441000000,1772807176434000000,0
workspaceModel.workspaceFileIndexData.init.ms,1772807116441000000,1772807176434000000,0
workspaceModel.workspaceFileIndexData.getPackageName.ms,1772807116441000000,1772807176434000000,0
workspaceModel.workspaceFileIndexData.updateDirtyEntities.ms,1772807116441000000,1772807176434000000,0
workspaceModel.cachedValueWithParameters.from.cache.count,1772807116441000000,1772807176434000000,0
workspaceModel.to.snapshot.ms,1772807116441000000,1772807176434000000,0
workspaceModel.cachedValue.total.get.count,1772807116441000000,1772807176434000000,0
workspaceModel.entityStorageSnapshotImpl.instances.count,1772807116441000000,1772807176434000000,0
workspaceModel.cachedValue.clear.count,1772807116441000000,1772807176434000000,0
workspaceModel.cachedValue.calculated.count,1772807116441000000,1772807176434000000,0
workspaceModel.workspaceFileIndexData.visitFileSets.ms,1772807116441000000,1772807176434000000,0
workspaceModel.pre.handlers.ms,1772807116441000000,1772807176434000000,0
workspaceModel.full.replace.project.model.ms,1772807116441000000,1772807176434000000,0
workspaceModel.updates.ms,1772807116441000000,1772807176434000000,0
workspaceModel.workspaceFileIndexData.markDirty.ms,1772807116441000000,1772807176434000000,0
workspaceModel.cachedValueWithParameters.clear.count,1772807116441000000,1772807176434000000,0
workspaceModel.collect.changes.ms,1772807116441000000,1772807176434000000,0
workspaceModel.updates.count,1772807116441000000,1772807176434000000,0
compiler.ArtifactManagerBridge.getArtifactsByType.ms,1772807116441000000,1772807176434000000,0
compiler.ArtifactManagerBridge.getArtifacts.ms,1772807116441000000,1772807176434000000,0
compiler.ArtifactManagerBridge.dropMappings.ms,1772807116441000000,1772807176434000000,0
compiler.ArtifactModifiableModelBridge.findArtifacts.ms,1772807116441000000,1772807176434000000,0
compiler.ArtifactManagerBridge.addArtifact.ms,1772807116441000000,1772807176434000000,0
compiler.ArtifactManagerBridge.initBridges.ms,1772807116441000000,1772807176434000000,0
compiler.ArtifactModifiableModelBridge.getArtifacts.ms,1772807116441000000,1772807176434000000,0
compiler.ArtifactVirtualFileListener.filePathChanged.ms,1772807116441000000,1772807176434000000,0
compiler.ArtifactModifiableModelBridge.dispose.ms,1772807116441000000,1772807176434000000,0
compiler.ArtifactManagerBridge.commit.ms,1772807116441000000,1772807176434000000,0
compiler.ArtifactModifiableModelBridge.getArtifactsByType.ms,1772807116441000000,1772807176434000000,0
compiler.ArtifactModifiableModelBridge.commit.ms,1772807116441000000,1772807176434000000,3
compiler.ArtifactModifiableModelBridge.addArtifact.ms,1772807116441000000,1772807176434000000,0
compiler.ArtifactVirtualFileListener.propertyChanged.ms,1772807116441000000,1772807176434000000,0
compiler.ArtifactManagerBridge.findArtifact.ms,1772807116441000000,1772807176434000000,0
VFS.fileByIdCache.misses,1772807116441000000,1772807176434000000,0
VFS.contentStorage.recordsDecompressionTimeUs,1772807116441000000,1772807176434000000,0
VFS.invertedFileNameIndex.requests,1772807116441000000,1772807176434000000,0
VFS.contentStorage.recordsUncompressedSize,1772807116441000000,1772807176434000000,0
VFS.rootsCount,1772807116441000000,1772807176434000000,317.0
VFS.contentStorage.recordsStored,1772807116441000000,1772807176434000000,0
VFS.folderCaseSensitivityReads,1772807116441000000,1772807176434000000,0
VFS.fileByIdCache.hits,1772807116441000000,1772807176434000000,0
VFS.fileChildByName,1772807116441000000,1772807176434000000,0
FileNameCache.totalMisses,1772807116441000000,1772807176434000000,0
VFS.cache.segmentsCreated,1772807116441000000,1772807176434000000,0
FileNameCache.queries,1772807116441000000,1772807176434000000,0
VFS.cache.filesCreated,1772807116441000000,1772807176434000000,0
VFS.contentStorage.recordsReadDecompressed,1772807116441000000,1772807176434000000,0
VFS.contentStorage.recordsReadSize,1772807116441000000,1772807176434000000,0
VFS.contentStorage.recordsStoredSize,1772807116441000000,1772807176434000000,0
VFS.contentStorage.recordsStoredCompressed,1772807116441000000,1772807176434000000,0
VFS.contentStorage.recordsDeduplicated,1772807116441000000,1772807176434000000,0
VFS.contentStorage.recordsRead,1772807116441000000,1772807176434000000,0
VFS.cache.directoriesCreated,1772807116441000000,1772807176434000000,0
VFS.cache.segments,1772807116441000000,1772807176434000000,231.0
DiskQueryRelay.tasksExecuted,1772807116441000000,1772807176434000000,0
DiskQueryRelay.taskWaitingTotalTimeUs,1772807116441000000,1772807176434000000,0
writeAction.count,1772807116441000000,1772807176434000000,0
LowMemory.gcOverloaded,1772807116441000000,1772807176434000000,0
writeAction.median.wait.ms,1772807116441000000,1772807176434000000,200
DiskQueryRelay.tasksRequested,1772807116441000000,1772807176434000000,0
LowMemory.gcLoad,1772807116441000000,1772807176434000000,0.0
writeAction.max.wait.ms,1772807116441000000,1772807176434000000,119
writeAction.wait.ms,1772807116441000000,1772807176434000000,0
DiskQueryRelay.taskExecutionTotalTimeUs,1772807116441000000,1772807176434000000,0
MappedFileStorage.totalPagesMapped,1772807116441000000,1772807176434000000,16
StorageLockContext.competingThreads.max,1772807116441000000,1772807176434000000,0
DirectByteBufferAllocator.misses,1772807116441000000,1772807176434000000,0
FilePageCache.pageHits,1772807116441000000,1772807176434000000,0
FilePageCache.totalPageLoadsUs,1772807116441000000,1772807176434000000,0
MappedFileStorage.storages,1772807116441000000,1772807176434000000,16
DirectByteBufferAllocator.hits,1772807116441000000,1772807176434000000,0
StorageLockContext.competingThreads.90P,1772807116441000000,1772807176434000000,0
DirectByteBufferAllocator.disposed,1772807116441000000,1772807176434000000,0
DirectByteBufferAllocator.totalSizeOfBuffersCachedInBytes,1772807116441000000,1772807176434000000,1048576
FilePageCache.disposedBuffers,1772807116441000000,1772807176434000000,0
MappedFileStorage.totalTimeSpentOnMappingUs,1772807116441000000,1772807176434000000,170039
MappedFileStorage.totalBytesMapped,1772807116441000000,1772807176434000000,202637312
StreamlinedBlobStorage.recordsDeleted,1772807116441000000,1772807176434000000,0
StreamlinedBlobStorage.recordsRelocated,1772807116441000000,1772807176434000000,0
StreamlinedBlobStorage.totalLiveRecordsCapacityBytes,1772807116441000000,1772807176434000000,0
FilePageCache.maxRegisteredFiles,1772807116441000000,1772807176434000000,1824
StreamlinedBlobStorage.recordsAllocated,1772807116441000000,1772807176434000000,0
FilePageCache.maxCacheSizeInBytes,1772807116441000000,1772807176434000000,629145600
FilePageCache.totalPageDisposalsUs,1772807116441000000,1772807176434000000,0
DirectByteBufferAllocator.totalSizeOfBuffersAllocatedInBytes,1772807116441000000,1772807176434000000,630194176
FilePageCache.pageFastCacheHits,1772807116441000000,1772807176434000000,0
FileChannelInterruptsRetryer.totalRetriedAttempts,1772807116441000000,1772807176434000000,0
StorageLockContext.competingThreads.avg,1772807116441000000,1772807176434000000,0.0
FilePageCache.pageLoadsAboveSizeThreshold,1772807116441000000,1772807176434000000,0
DirectByteBufferAllocator.reclaimed,1772807116441000000,1772807176434000000,0
FilePageCache.pageLoads,1772807116441000000,1772807176434000000,0
FilePageCache.capacityInBytes,1772807116441000000,1772807176434000000,629145600
StreamlinedBlobStorage.totalLiveRecordsPayloadBytes,1772807116441000000,1772807176434000000,0
FilePageCache.uncachedFileAccess,1772807116441000000,1772807176434000000,0
JVM.totalTimeAtSafepointsMs,1772807116441000000,1772807176434000000,0
MEM.fileMappingsRamBytes,1772807116441000000,1772807176434000000,730525696
JVM.GC.collectionTimesMs,1772807116441000000,1772807176434000000,0
JVM.usedHeapBytes,1772807116441000000,1772807176434000000,2216864192
MEM.ramBytes,1772807116441000000,1772807176434000000,5808009216
JVM.newThreadsCount,1772807116441000000,1772807176434000000,0
JVM.maxHeapBytes,1772807116441000000,1772807176434000000,28840034304
JVM.totalDirectByteBuffersBytes,1772807116441000000,1772807176434000000,633160074
JVM.totalBytesAllocated,1772807116441000000,1772807176434000000,23924272
JVM.threadCount,1772807116441000000,1772807176434000000,47
JVM.committedHeapBytes,1772807116441000000,1772807176434000000,3674210304
JVM.totalTimeToSafepointsMs,1772807116441000000,1772807176434000000,4
MEM.ramPlusSwapMinusFileMappingsBytes,1772807116441000000,1772807176434000000,5077483520
JVM.usedNativeBytes,1772807116441000000,1772807176434000000,487678432
JVM.totalSafepointCount,1772807116441000000,1772807176434000000,14
JVM.GC.collections,1772807116441000000,1772807176434000000,0
JVM.maxThreadCount,1772807116441000000,1772807176434000000,231
MEM.ramMinusFileMappingsBytes,1772807116441000000,1772807176434000000,5077483520
JVM.totalCpuTimeMs,1772807116441000000,1772807176434000000,2540
OS.loadAverage,1772807116441000000,1772807176434000000,2.44189453125
cacheStateStorage.get.counter,1772807116441000000,1772807176434000000,0
cacheStateStorage.set.counter,1772807116441000000,1772807176434000000,0
cacheStateStorage.set.duration,1772807116441000000,1772807176434000000,0
cacheStateStorage.get.duration,1772807116441000000,1772807176434000000,0
FlushQueue.executionTimeMaxNs,1772807116441000000,1772807176434000000,0
FlushQueue.executionTimeAvgNs,1772807116441000000,1772807176434000000,0.0
FlushQueue.waitingTimeAvgNs,1772807116441000000,1772807176434000000,0.0
FlushQueue.tasksExecuted,1772807116441000000,1772807176434000000,0
NonBlockingReadAction.failedExecutionsCount,1772807116441000000,1772807176434000000,0
FlushQueue.queueSize90P,1772807116441000000,1772807176434000000,0
AWTEventQueue.eventsDispatched,1772807116441000000,1772807176434000000,0
FlushQueue.waitingTimeMaxNs,1772807116441000000,1772807176434000000,0
NonBlockingReadAction.failedExecutionTimeUs,1772807116441000000,1772807176434000000,0
AWTEventQueue.dispatchTime90PNs,1772807116441000000,1772807176434000000,0
NonBlockingReadAction.finalizedExecutionTimeUs,1772807116441000000,1772807176434000000,0
NonBlockingReadAction.finalizedExecutionsCount,1772807116441000000,1772807176434000000,0
FlushQueue.queueSizeMax,1772807116441000000,1772807176434000000,0
ReadAction.executionsCount,1772807116441000000,1772807176434000000,3
FlushQueue.waitingTime90PNs,1772807116441000000,1772807176434000000,0
WriteAction.executionsCount,1772807116441000000,1772807176434000000,0
FlushQueue.executionTime90PNs,1772807116441000000,1772807176434000000,0
FlushQueue.queueSizeAvg,1772807116441000000,1772807176434000000,0.0
AWTEventQueue.dispatchTimeTotalNS,1772807116441000000,1772807176434000000,199631373
AWTEventQueue.dispatchTimeMaxNs,1772807116441000000,1772807176434000000,0
AWTEventQueue.dispatchTimeAvgNs,1772807116441000000,1772807176434000000,0.0
Indexing.cache.totalCacheMisses,1772807116441000000,1772807176434000000,0
Indexing.cache.totalCacheEvicted,1772807116441000000,1772807176434000000,0
Indexes.allKeys.lookupDurationAvgMs,1772807116441000000,1772807176434000000,0.0
Indexing.writer_1.totalTimeSpentWritingMs,1772807116441000000,1772807176434000000,0
Indexing.cache.totalCacheAccesses,1772807116441000000,1772807176434000000,0
Indexing.writer_3.totalTimeSpentWritingMs,1772807116441000000,1772807176434000000,0
Indexes.stubs.lookups,1772807116441000000,1772807176434000000,0
Indexes.allKeys.lookupDurationMaxMs,1772807116441000000,1772807176434000000,0.0
Indexes.stubs.lookupDurationMaxMs,1772807116441000000,1772807176434000000,0.0
Indexes.entries.lookupDurationMaxMs,1772807116441000000,1772807176434000000,0.0
Indexing.writer_0.totalTimeSpentWritingMs,1772807116441000000,1772807176434000000,0
Indexes.entries.lookupDuration90PMs,1772807116441000000,1772807176434000000,0.0
Indexing.totalTimeIndexersSleptMs,1772807116441000000,1772807176434000000,0
Indexing.writesQueuedMax,1772807116441000000,1772807176434000000,0
Indexes.allKeys.lookupDuration90PMs,1772807116441000000,1772807176434000000,0.0
Indexes.allKeys.lookups,1772807116441000000,1772807176434000000,0
Indexes.stubs.lookupDuration90PMs,1772807116441000000,1772807176434000000,0.0
Indexing.writer_2.totalTimeSpentWritingMs,1772807116441000000,1772807176434000000,0
Indexing.writesQueuedMin,1772807116441000000,1772807176434000000,9223372036854775807
Indexes.stubs.lookupDurationAvgMs,1772807116441000000,1772807176434000000,0.0
Indexes.entries.lookups,1772807116441000000,1772807176434000000,0
Indexes.entries.lookupDurationAvgMs,1772807116441000000,1772807176434000000,0.0
jps.library.entities.serializer.save.entities.ms,1772807116441000000,1772807176434000000,0
workspaceModel.load.cache.from.file.ms,1772807116441000000,1772807176434000000,0
workspaceModel.moduleManagerBridge.load.all.modules.ms,1772807116441000000,1772807176434000000,0
workspaceModel.mutableEntityStorage.put.entity.ms,1772807116441000000,1772807176434000000,0
workspaceModel.moduleBridge.update.option.ms,1772807116441000000,1772807176434000000,0
jps.reload.project.entities.ms,1772807116441000000,1772807176434000000,0
workspaceModel.moduleManagerBridge.set.unloadedModules.ms,1772807116441000000,1772807176434000000,0
jps.apply.loaded.storage.ms,1772807116441000000,1772807176434000000,0
jps.module.iml.entities.serializer.save.entities.ms,1772807116441000000,1772807176434000000,0
workspaceModel.moduleBridge.facet.initialization.ms,1772807116441000000,1772807176434000000,0
jps.modifiable.module.model.bridge.new.module.ms,1772807116441000000,1772807176434000000,0
workspaceModel.mutableEntityStorage.changeLog.addReplaceEventForNewParent.ms,1772807116441000000,1772807176434000000,0
jps.artifact.entities.serializer.load.entities.ms,1772807116441000000,1772807176434000000,0
workspaceModel.mutableEntityStorage.mutable.ext.mapping.ms,1772807116441000000,1772807176434000000,0
workspaceModel.delayed.project.synchronizer.sync.ms,1772807116441000000,1772807176434000000,0
workspaceModel.sync.entities.ms,1772807116441000000,1772807176434000000,0
workspaceModel.moduleManagerBridge.create.module.instance.ms,1772807116441000000,1772807176434000000,0
jps.load.project.to.empty.storage.ms,1772807116441000000,1772807176434000000,0
workspaceModel.mutableEntityStorage.referrers.ms,1772807116441000000,1772807176434000000,0
jps.global.initialize.library.bridges.ms,1772807116441000000,1772807176434000000,0
workspaceModel.moduleBridgeLoader.loading.modules.ms,1772807116441000000,1772807176434000000,0
workspaceModel.mutableEntityStorage.replace.by.source.ms,1772807116441000000,1772807176434000000,0
workspaceModel.mutableEntityStorage.has.same.entities.ms,1772807116441000000,1772807176434000000,0
jps.app.storage.content.reader.load.component.ms,1772807116441000000,1772807176434000000,0
jps.load.initial.state.ms,1772807116441000000,1772807176434000000,0
workspaceModel.global.updates.count,1772807116441000000,1772807176434000000,0
workspaceModel.mutableEntityStorage.changeLog.addReplaceEventForNewChild.ms,1772807116441000000,1772807176434000000,0
jps.global.handle.changed.events.ms,1772807116441000000,1772807176434000000,0
workspaceModel.mutableEntityStorage.collect.changes.ms,1772807116441000000,1772807176434000000,0
workspaceModel.mutableEntityStorage.instances.count,1772807116441000000,1772807176434000000,0
workspaceModel.mutableEntityStorage.add.entity.ms,1772807116441000000,1772807176434000000,0
workspaceModel.global.apply.state.to.project.builder.ms,1772807116441000000,1772807176434000000,0
jps.modifiable.module.model.bridge.renaming.ms,1772807116441000000,1772807176434000000,0
workspaceModel.moduleManagerBridge.newModule.ms,1772807116441000000,1772807176434000000,0
jps.modifiable.module.model.bridge.disposing.ms,1772807116441000000,1772807176434000000,0
workspaceModel.orphan.listener.update.ms,1772807116441000000,1772807176434000000,0
workspaceModel.mutableEntityStorage.entities.by.source.ms,1772807116441000000,1772807176434000000,0
jps.artifact.entities.serializer.save.entities.ms,1772807116441000000,1772807176434000000,0
workspaceModel.mutableEntityStorage.changeLog.addReplaceEventForRemovedParent.ms,1772807116441000000,1772807176434000000,0
jps.project.serializers.load.ms,1772807116441000000,1772807176434000000,0
workspaceModel.mutableEntityStorage.hasReferrers.ms,1772807116441000000,1772807176434000000,0
workspaceModel.global.apply.state.to.project.ms,1772807116441000000,1772807176434000000,0
workspaceModel.do.save.caches.ms,1772807116441000000,1772807176434000000,0
jps.global.initialize.library.bridges.after.loading.ms,1772807116441000000,1772807176434000000,0
workspaceModel.mutableEntityStorage.resolve.ms,1772807116441000000,1772807176434000000,0
jps.global.get.libraries.ms,1772807116441000000,1772807176434000000,0
jps.facet.change.listener.process.change.events.ms,1772807116441000000,1772807176434000000,0
jps.library.entities.serializer.load.entities.ms,1772807116441000000,1772807176434000000,0
workspaceModel.mutableEntityStorage.changeLog.addReplaceEventForRemovedChild.ms,1772807116441000000,1772807176434000000,0
jps.global.get.library.ms,1772807116441000000,1772807176434000000,0
jps.storage.jps.conf.reader.load.component.ms,1772807116441000000,1772807176434000000,0
jps.module.iml.entities.serializer.load.entities.ms,1772807116441000000,1772807176434000000,0
jps.module.dependency.index.workspace.model.listener.on.changed.ms,1772807116441000000,1772807176434000000,0
workspaceModel.moduleBridge.before.changed.ms,1772807116441000000,1772807176434000000,0
jps.save.global.entities.ms,1772807116441000000,1772807176434000000,0
workspaceModel.moduleManagerBridge.new.nonPersistent.module.ms,1772807116441000000,1772807176434000000,0
jps.global.get.library.by.name.ms,1772807116441000000,1772807176434000000,0
workspaceModel.mutableEntityStorage.remove.entity.ms,1772807116441000000,1772807176434000000,0
workspaceModel.moduleManagerBridge.build.module.graph.ms,1772807116441000000,1772807176434000000,0
workspaceModel.moduleManagerBridge.get.modules.ms,1772807116441000000,1772807176434000000,0
jps.project.serializers.save.ms,1772807116441000000,1772807176434000000,0
workspaceModel.mutableEntityStorage.apply.changes.from.ms,1772807116441000000,1772807176434000000,0
workspaceModel.save.cache.to.file.ms,1772807116441000000,1772807176434000000,0
workspaceModel.mutableEntityStorage.entities.ms,1772807116441000000,1772807176434000000,0
workspaceModel.global.updates.ms,1772807116441000000,1772807176434000000,0
workspaceModel.moduleManagerBridge.load.module.ms,1772807116441000000,1772807176434000000,0
workspaceModel.mutableEntityStorage.to.snapshot.ms,1772807116441000000,1772807176434000000,0
workspaceModel.load.cache.metadata.from.file.ms,1772807116441000000,1772807176434000000,0
jps.facet.change.listener.init.bridge.ms,1772807116441000000,1772807176434000000,0
jps.modifiable.module.model.bridge.load.module.ms,1772807116441000000,1772807176434000000,0
workspaceModel.mutableEntityStorage.mutable.vfurl.index.ms,1772807116441000000,1772807176434000000,0
workspaceModel.mutableEntityStorage.modify.entity.ms,1772807116441000000,1772807176434000000,0
jps.global.handle.before.change.events.ms,1772807116441000000,1772807176434000000,0
jps.facet.change.listener.before.change.events.ms,1772807116441000000,1772807176434000000,0
jps.save.changed.project.entities.ms,1772807116441000000,1772807176434000000,0
workspaceModel.replace.project.model.ms,1772807176434000000,1772807236460000000,0
workspaceModel.workspaceFileIndexData.onEntitiesChanged.ms,1772807176434000000,1772807236460000000,0
workspaceModel.init.bridges.ms,1772807176434000000,1772807236460000000,0
workspaceModel.workspaceFileIndexData.instances.count,1772807176434000000,1772807236460000000,0
workspaceModel.initializing.ms,1772807176434000000,1772807236460000000,0
workspaceModel.updates.precise.ms,1772807176434000000,1772807236460000000,0
workspaceModel.on.changed.ms,1772807176434000000,1772807236460000000,0
workspaceModel.check.recursive.update.ms,1772807176434000000,1772807236460000000,0
workspaceModel.workspaceFileIndexData.getFileInfo.ms,1772807176434000000,1772807236460000000,0
workspaceModel.workspaceFileIndexData.processFileSets.ms,1772807176434000000,1772807236460000000,0
workspaceModel.update.unloaded.entities.ms,1772807176434000000,1772807236460000000,0
workspaceModel.workspaceFileIndexData.getDirectoriesByPackageName.ms,1772807176434000000,1772807236460000000,0
workspaceModel.cachedValue.from.cache.count,1772807176434000000,1772807236460000000,0
workspaceModel.loading.from.cache.ms,1772807176434000000,1772807236460000000,0
workspaceModel.cachedValueWithParameters.calculated.count,1772807176434000000,1772807236460000000,0
workspaceModel.workspaceFileIndexContributor.registerFileSets.ms,1772807176434000000,1772807236460000000,0
workspaceModel.cachedValueWithParameters.total.get.count,1772807176434000000,1772807236460000000,0
workspaceModel.on.before.changed.ms,1772807176434000000,1772807236460000000,0
workspaceModel.loading.total.ms,1772807176434000000,1772807236460000000,0
workspaceModel.workspaceFileIndexData.init.ms,1772807176434000000,1772807236460000000,0
workspaceModel.workspaceFileIndexData.getPackageName.ms,1772807176434000000,1772807236460000000,0
workspaceModel.workspaceFileIndexData.updateDirtyEntities.ms,1772807176434000000,1772807236460000000,0
workspaceModel.cachedValueWithParameters.from.cache.count,1772807176434000000,1772807236460000000,0
workspaceModel.to.snapshot.ms,1772807176434000000,1772807236460000000,0
workspaceModel.cachedValue.total.get.count,1772807176434000000,1772807236460000000,0
workspaceModel.entityStorageSnapshotImpl.instances.count,1772807176434000000,1772807236460000000,0
workspaceModel.cachedValue.clear.count,1772807176434000000,1772807236460000000,0
workspaceModel.cachedValue.calculated.count,1772807176434000000,1772807236460000000,0
workspaceModel.workspaceFileIndexData.visitFileSets.ms,1772807176434000000,1772807236460000000,0
workspaceModel.pre.handlers.ms,1772807176434000000,1772807236460000000,0
workspaceModel.full.replace.project.model.ms,1772807176434000000,1772807236460000000,0
workspaceModel.updates.ms,1772807176434000000,1772807236460000000,0
workspaceModel.workspaceFileIndexData.markDirty.ms,1772807176434000000,1772807236460000000,0
workspaceModel.cachedValueWithParameters.clear.count,1772807176434000000,1772807236460000000,0
workspaceModel.collect.changes.ms,1772807176434000000,1772807236460000000,0
workspaceModel.updates.count,1772807176434000000,1772807236460000000,0
compiler.ArtifactManagerBridge.getArtifactsByType.ms,1772807176434000000,1772807236460000000,0
compiler.ArtifactManagerBridge.getArtifacts.ms,1772807176434000000,1772807236460000000,0
compiler.ArtifactManagerBridge.dropMappings.ms,1772807176434000000,1772807236460000000,0
compiler.ArtifactModifiableModelBridge.findArtifacts.ms,1772807176434000000,1772807236460000000,0
compiler.ArtifactManagerBridge.addArtifact.ms,1772807176434000000,1772807236460000000,0
compiler.ArtifactManagerBridge.initBridges.ms,1772807176434000000,1772807236460000000,0
compiler.ArtifactModifiableModelBridge.getArtifacts.ms,1772807176434000000,1772807236460000000,0
compiler.ArtifactVirtualFileListener.filePathChanged.ms,1772807176434000000,1772807236460000000,0
compiler.ArtifactModifiableModelBridge.dispose.ms,1772807176434000000,1772807236460000000,0
compiler.ArtifactManagerBridge.commit.ms,1772807176434000000,1772807236460000000,0
compiler.ArtifactModifiableModelBridge.getArtifactsByType.ms,1772807176434000000,1772807236460000000,0
compiler.ArtifactModifiableModelBridge.commit.ms,1772807176434000000,1772807236460000000,3
compiler.ArtifactModifiableModelBridge.addArtifact.ms,1772807176434000000,1772807236460000000,0
compiler.ArtifactVirtualFileListener.propertyChanged.ms,1772807176434000000,1772807236460000000,0
compiler.ArtifactManagerBridge.findArtifact.ms,1772807176434000000,1772807236460000000,0
VFS.fileByIdCache.misses,1772807176434000000,1772807236460000000,0
VFS.contentStorage.recordsDecompressionTimeUs,1772807176434000000,1772807236460000000,0
VFS.invertedFileNameIndex.requests,1772807176434000000,1772807236460000000,0
VFS.contentStorage.recordsUncompressedSize,1772807176434000000,1772807236460000000,0
VFS.rootsCount,1772807176434000000,1772807236460000000,317.0
VFS.contentStorage.recordsStored,1772807176434000000,1772807236460000000,0
VFS.folderCaseSensitivityReads,1772807176434000000,1772807236460000000,0
VFS.fileByIdCache.hits,1772807176434000000,1772807236460000000,0
VFS.fileChildByName,1772807176434000000,1772807236460000000,0
FileNameCache.totalMisses,1772807176434000000,1772807236460000000,0
VFS.cache.segmentsCreated,1772807176434000000,1772807236460000000,0
FileNameCache.queries,1772807176434000000,1772807236460000000,0
VFS.cache.filesCreated,1772807176434000000,1772807236460000000,0
VFS.contentStorage.recordsReadDecompressed,1772807176434000000,1772807236460000000,0
VFS.contentStorage.recordsReadSize,1772807176434000000,1772807236460000000,0
VFS.contentStorage.recordsStoredSize,1772807176434000000,1772807236460000000,0
VFS.contentStorage.recordsStoredCompressed,1772807176434000000,1772807236460000000,0
VFS.contentStorage.recordsDeduplicated,1772807176434000000,1772807236460000000,0
VFS.contentStorage.recordsRead,1772807176434000000,1772807236460000000,0
VFS.cache.directoriesCreated,1772807176434000000,1772807236460000000,0
VFS.cache.segments,1772807176434000000,1772807236460000000,231.0
DiskQueryRelay.tasksExecuted,1772807176434000000,1772807236460000000,0
DiskQueryRelay.taskWaitingTotalTimeUs,1772807176434000000,1772807236460000000,0
writeAction.count,1772807176434000000,1772807236460000000,0
LowMemory.gcOverloaded,1772807176434000000,1772807236460000000,0
writeAction.median.wait.ms,1772807176434000000,1772807236460000000,200
DiskQueryRelay.tasksRequested,1772807176434000000,1772807236460000000,0
LowMemory.gcLoad,1772807176434000000,1772807236460000000,0.0
writeAction.max.wait.ms,1772807176434000000,1772807236460000000,119
writeAction.wait.ms,1772807176434000000,1772807236460000000,0
DiskQueryRelay.taskExecutionTotalTimeUs,1772807176434000000,1772807236460000000,0
MappedFileStorage.totalPagesMapped,1772807176434000000,1772807236460000000,16
StorageLockContext.competingThreads.max,1772807176434000000,1772807236460000000,0
DirectByteBufferAllocator.misses,1772807176434000000,1772807236460000000,0
FilePageCache.pageHits,1772807176434000000,1772807236460000000,0
FilePageCache.totalPageLoadsUs,1772807176434000000,1772807236460000000,0
MappedFileStorage.storages,1772807176434000000,1772807236460000000,16
DirectByteBufferAllocator.hits,1772807176434000000,1772807236460000000,0
StorageLockContext.competingThreads.90P,1772807176434000000,1772807236460000000,0
DirectByteBufferAllocator.disposed,1772807176434000000,1772807236460000000,0
DirectByteBufferAllocator.totalSizeOfBuffersCachedInBytes,1772807176434000000,1772807236460000000,1048576
FilePageCache.disposedBuffers,1772807176434000000,1772807236460000000,0
MappedFileStorage.totalTimeSpentOnMappingUs,1772807176434000000,1772807236460000000,170039
MappedFileStorage.totalBytesMapped,1772807176434000000,1772807236460000000,202637312
StreamlinedBlobStorage.recordsDeleted,1772807176434000000,1772807236460000000,0
StreamlinedBlobStorage.recordsRelocated,1772807176434000000,1772807236460000000,0
StreamlinedBlobStorage.totalLiveRecordsCapacityBytes,1772807176434000000,1772807236460000000,0
FilePageCache.maxRegisteredFiles,1772807176434000000,1772807236460000000,1824
StreamlinedBlobStorage.recordsAllocated,1772807176434000000,1772807236460000000,0
FilePageCache.maxCacheSizeInBytes,1772807176434000000,1772807236460000000,629145600
FilePageCache.totalPageDisposalsUs,1772807176434000000,1772807236460000000,0
DirectByteBufferAllocator.totalSizeOfBuffersAllocatedInBytes,1772807176434000000,1772807236460000000,630194176
FilePageCache.pageFastCacheHits,1772807176434000000,1772807236460000000,0
FileChannelInterruptsRetryer.totalRetriedAttempts,1772807176434000000,1772807236460000000,0
StorageLockContext.competingThreads.avg,1772807176434000000,1772807236460000000,0.0
FilePageCache.pageLoadsAboveSizeThreshold,1772807176434000000,1772807236460000000,0
DirectByteBufferAllocator.reclaimed,1772807176434000000,1772807236460000000,0
FilePageCache.pageLoads,1772807176434000000,1772807236460000000,0
FilePageCache.capacityInBytes,1772807176434000000,1772807236460000000,629145600
StreamlinedBlobStorage.totalLiveRecordsPayloadBytes,1772807176434000000,1772807236460000000,0
FilePageCache.uncachedFileAccess,1772807176434000000,1772807236460000000,0
JVM.totalTimeAtSafepointsMs,1772807176434000000,1772807236460000000,1
MEM.fileMappingsRamBytes,1772807176434000000,1772807236460000000,730525696
JVM.GC.collectionTimesMs,1772807176434000000,1772807236460000000,0
JVM.usedHeapBytes,1772807176434000000,1772807236460000000,2233641408
MEM.ramBytes,1772807176434000000,1772807236460000000,5807996928
JVM.newThreadsCount,1772807176434000000,1772807236460000000,0
JVM.maxHeapBytes,1772807176434000000,1772807236460000000,28840034304
JVM.totalDirectByteBuffersBytes,1772807176434000000,1772807236460000000,633037625
JVM.totalBytesAllocated,1772807176434000000,1772807236460000000,21204928
JVM.threadCount,1772807176434000000,1772807236460000000,44
JVM.committedHeapBytes,1772807176434000000,1772807236460000000,3674210304
JVM.totalTimeToSafepointsMs,1772807176434000000,1772807236460000000,1
MEM.ramPlusSwapMinusFileMappingsBytes,1772807176434000000,1772807236460000000,5077471232
JVM.usedNativeBytes,1772807176434000000,1772807236460000000,488045344
JVM.totalSafepointCount,1772807176434000000,1772807236460000000,11
JVM.GC.collections,1772807176434000000,1772807236460000000,0
JVM.maxThreadCount,1772807176434000000,1772807236460000000,231
MEM.ramMinusFileMappingsBytes,1772807176434000000,1772807236460000000,5077471232
JVM.totalCpuTimeMs,1772807176434000000,1772807236460000000,2140
OS.loadAverage,1772807176434000000,1772807236460000000,2.17822265625
cacheStateStorage.get.counter,1772807176434000000,1772807236460000000,0
cacheStateStorage.set.counter,1772807176434000000,1772807236460000000,0
cacheStateStorage.set.duration,1772807176434000000,1772807236460000000,0
cacheStateStorage.get.duration,1772807176434000000,1772807236460000000,0
FlushQueue.executionTimeMaxNs,1772807176434000000,1772807236460000000,0
FlushQueue.executionTimeAvgNs,1772807176434000000,1772807236460000000,0.0
FlushQueue.waitingTimeAvgNs,1772807176434000000,1772807236460000000,0.0
FlushQueue.tasksExecuted,1772807176434000000,1772807236460000000,0
NonBlockingReadAction.failedExecutionsCount,1772807176434000000,1772807236460000000,0
FlushQueue.queueSize90P,1772807176434000000,1772807236460000000,0
AWTEventQueue.eventsDispatched,1772807176434000000,1772807236460000000,0
FlushQueue.waitingTimeMaxNs,1772807176434000000,1772807236460000000,0
NonBlockingReadAction.failedExecutionTimeUs,1772807176434000000,1772807236460000000,0
AWTEventQueue.dispatchTime90PNs,1772807176434000000,1772807236460000000,0
NonBlockingReadAction.finalizedExecutionTimeUs,1772807176434000000,1772807236460000000,0
NonBlockingReadAction.finalizedExecutionsCount,1772807176434000000,1772807236460000000,0
FlushQueue.queueSizeMax,1772807176434000000,1772807236460000000,0
ReadAction.executionsCount,1772807176434000000,1772807236460000000,3
FlushQueue.waitingTime90PNs,1772807176434000000,1772807236460000000,0
WriteAction.executionsCount,1772807176434000000,1772807236460000000,0
FlushQueue.executionTime90PNs,1772807176434000000,1772807236460000000,0
FlushQueue.queueSizeAvg,1772807176434000000,1772807236460000000,0.0
AWTEventQueue.dispatchTimeTotalNS,1772807176434000000,1772807236460000000,156887156
AWTEventQueue.dispatchTimeMaxNs,1772807176434000000,1772807236460000000,0
AWTEventQueue.dispatchTimeAvgNs,1772807176434000000,1772807236460000000,0.0
Indexing.cache.totalCacheMisses,1772807176434000000,1772807236460000000,0
Indexing.cache.totalCacheEvicted,1772807176434000000,1772807236460000000,0
Indexes.allKeys.lookupDurationAvgMs,1772807176434000000,1772807236460000000,0.0
Indexing.writer_1.totalTimeSpentWritingMs,1772807176434000000,1772807236460000000,0
Indexing.cache.totalCacheAccesses,1772807176434000000,1772807236460000000,0
Indexing.writer_3.totalTimeSpentWritingMs,1772807176434000000,1772807236460000000,0
Indexes.stubs.lookups,1772807176434000000,1772807236460000000,0
Indexes.allKeys.lookupDurationMaxMs,1772807176434000000,1772807236460000000,0.0
Indexes.stubs.lookupDurationMaxMs,1772807176434000000,1772807236460000000,0.0
Indexes.entries.lookupDurationMaxMs,1772807176434000000,1772807236460000000,0.0
Indexing.writer_0.totalTimeSpentWritingMs,1772807176434000000,1772807236460000000,0
Indexes.entries.lookupDuration90PMs,1772807176434000000,1772807236460000000,0.0
Indexing.totalTimeIndexersSleptMs,1772807176434000000,1772807236460000000,0
Indexing.writesQueuedMax,1772807176434000000,1772807236460000000,0
Indexes.allKeys.lookupDuration90PMs,1772807176434000000,1772807236460000000,0.0
Indexes.allKeys.lookups,1772807176434000000,1772807236460000000,0
Indexes.stubs.lookupDuration90PMs,1772807176434000000,1772807236460000000,0.0
Indexing.writer_2.totalTimeSpentWritingMs,1772807176434000000,1772807236460000000,0
Indexing.writesQueuedMin,1772807176434000000,1772807236460000000,9223372036854775807
Indexes.stubs.lookupDurationAvgMs,1772807176434000000,1772807236460000000,0.0
Indexes.entries.lookups,1772807176434000000,1772807236460000000,0
Indexes.entries.lookupDurationAvgMs,1772807176434000000,1772807236460000000,0.0
jps.library.entities.serializer.save.entities.ms,1772807176434000000,1772807236460000000,0
workspaceModel.load.cache.from.file.ms,1772807176434000000,1772807236460000000,0
workspaceModel.moduleManagerBridge.load.all.modules.ms,1772807176434000000,1772807236460000000,0
workspaceModel.mutableEntityStorage.put.entity.ms,1772807176434000000,1772807236460000000,0
workspaceModel.moduleBridge.update.option.ms,1772807176434000000,1772807236460000000,0
jps.reload.project.entities.ms,1772807176434000000,1772807236460000000,0
workspaceModel.moduleManagerBridge.set.unloadedModules.ms,1772807176434000000,1772807236460000000,0
jps.apply.loaded.storage.ms,1772807176434000000,1772807236460000000,0
jps.module.iml.entities.serializer.save.entities.ms,1772807176434000000,1772807236460000000,0
workspaceModel.moduleBridge.facet.initialization.ms,1772807176434000000,1772807236460000000,0
jps.modifiable.module.model.bridge.new.module.ms,1772807176434000000,1772807236460000000,0
workspaceModel.mutableEntityStorage.changeLog.addReplaceEventForNewParent.ms,1772807176434000000,1772807236460000000,0
jps.artifact.entities.serializer.load.entities.ms,1772807176434000000,1772807236460000000,0
workspaceModel.mutableEntityStorage.mutable.ext.mapping.ms,1772807176434000000,1772807236460000000,0
workspaceModel.delayed.project.synchronizer.sync.ms,1772807176434000000,1772807236460000000,0
workspaceModel.sync.entities.ms,1772807176434000000,1772807236460000000,0
workspaceModel.moduleManagerBridge.create.module.instance.ms,1772807176434000000,1772807236460000000,0
jps.load.project.to.empty.storage.ms,1772807176434000000,1772807236460000000,0
workspaceModel.mutableEntityStorage.referrers.ms,1772807176434000000,1772807236460000000,0
jps.global.initialize.library.bridges.ms,1772807176434000000,1772807236460000000,0
workspaceModel.moduleBridgeLoader.loading.modules.ms,1772807176434000000,1772807236460000000,0
workspaceModel.mutableEntityStorage.replace.by.source.ms,1772807176434000000,1772807236460000000,0
workspaceModel.mutableEntityStorage.has.same.entities.ms,1772807176434000000,1772807236460000000,0
jps.app.storage.content.reader.load.component.ms,1772807176434000000,1772807236460000000,0
jps.load.initial.state.ms,1772807176434000000,1772807236460000000,0
workspaceModel.global.updates.count,1772807176434000000,1772807236460000000,0
workspaceModel.mutableEntityStorage.changeLog.addReplaceEventForNewChild.ms,1772807176434000000,1772807236460000000,0
jps.global.handle.changed.events.ms,1772807176434000000,1772807236460000000,0
workspaceModel.mutableEntityStorage.collect.changes.ms,1772807176434000000,1772807236460000000,0
workspaceModel.mutableEntityStorage.instances.count,1772807176434000000,1772807236460000000,0
workspaceModel.mutableEntityStorage.add.entity.ms,1772807176434000000,1772807236460000000,0
workspaceModel.global.apply.state.to.project.builder.ms,1772807176434000000,1772807236460000000,0
jps.modifiable.module.model.bridge.renaming.ms,1772807176434000000,1772807236460000000,0
workspaceModel.moduleManagerBridge.newModule.ms,1772807176434000000,1772807236460000000,0
jps.modifiable.module.model.bridge.disposing.ms,1772807176434000000,1772807236460000000,0
workspaceModel.orphan.listener.update.ms,1772807176434000000,1772807236460000000,0
workspaceModel.mutableEntityStorage.entities.by.source.ms,1772807176434000000,1772807236460000000,0
jps.artifact.entities.serializer.save.entities.ms,1772807176434000000,1772807236460000000,0
workspaceModel.mutableEntityStorage.changeLog.addReplaceEventForRemovedParent.ms,1772807176434000000,1772807236460000000,0
jps.project.serializers.load.ms,1772807176434000000,1772807236460000000,0
workspaceModel.mutableEntityStorage.hasReferrers.ms,1772807176434000000,1772807236460000000,0
workspaceModel.global.apply.state.to.project.ms,1772807176434000000,1772807236460000000,0
workspaceModel.do.save.caches.ms,1772807176434000000,1772807236460000000,0
jps.global.initialize.library.bridges.after.loading.ms,1772807176434000000,1772807236460000000,0
workspaceModel.mutableEntityStorage.resolve.ms,1772807176434000000,1772807236460000000,0
jps.global.get.libraries.ms,1772807176434000000,1772807236460000000,0
jps.facet.change.listener.process.change.events.ms,1772807176434000000,1772807236460000000,0
jps.library.entities.serializer.load.entities.ms,1772807176434000000,1772807236460000000,0
workspaceModel.mutableEntityStorage.changeLog.addReplaceEventForRemovedChild.ms,1772807176434000000,1772807236460000000,0
jps.global.get.library.ms,1772807176434000000,1772807236460000000,0
jps.storage.jps.conf.reader.load.component.ms,1772807176434000000,1772807236460000000,0
jps.module.iml.entities.serializer.load.entities.ms,1772807176434000000,1772807236460000000,0
jps.module.dependency.index.workspace.model.listener.on.changed.ms,1772807176434000000,1772807236460000000,0
workspaceModel.moduleBridge.before.changed.ms,1772807176434000000,1772807236460000000,0
jps.save.global.entities.ms,1772807176434000000,1772807236460000000,0
workspaceModel.moduleManagerBridge.new.nonPersistent.module.ms,1772807176434000000,1772807236460000000,0
jps.global.get.library.by.name.ms,1772807176434000000,1772807236460000000,0
workspaceModel.mutableEntityStorage.remove.entity.ms,1772807176434000000,1772807236460000000,0
workspaceModel.moduleManagerBridge.build.module.graph.ms,1772807176434000000,1772807236460000000,0
workspaceModel.moduleManagerBridge.get.modules.ms,1772807176434000000,1772807236460000000,0
jps.project.serializers.save.ms,1772807176434000000,1772807236460000000,0
workspaceModel.mutableEntityStorage.apply.changes.from.ms,1772807176434000000,1772807236460000000,0
workspaceModel.save.cache.to.file.ms,1772807176434000000,1772807236460000000,0
workspaceModel.mutableEntityStorage.entities.ms,1772807176434000000,1772807236460000000,0
workspaceModel.global.updates.ms,1772807176434000000,1772807236460000000,0
workspaceModel.moduleManagerBridge.load.module.ms,1772807176434000000,1772807236460000000,0
workspaceModel.mutableEntityStorage.to.snapshot.ms,1772807176434000000,1772807236460000000,0
workspaceModel.load.cache.metadata.from.file.ms,1772807176434000000,1772807236460000000,0
jps.facet.change.listener.init.bridge.ms,1772807176434000000,1772807236460000000,0
jps.modifiable.module.model.bridge.load.module.ms,1772807176434000000,1772807236460000000,0
workspaceModel.mutableEntityStorage.mutable.vfurl.index.ms,1772807176434000000,1772807236460000000,0
workspaceModel.mutableEntityStorage.modify.entity.ms,1772807176434000000,1772807236460000000,0
jps.global.handle.before.change.events.ms,1772807176434000000,1772807236460000000,0
jps.facet.change.listener.before.change.events.ms,1772807176434000000,1772807236460000000,0
jps.save.changed.project.entities.ms,1772807176434000000,1772807236460000000,0
workspaceModel.replace.project.model.ms,1772807236460000000,1772807296442000000,0
workspaceModel.workspaceFileIndexData.onEntitiesChanged.ms,1772807236460000000,1772807296442000000,0
workspaceModel.init.bridges.ms,1772807236460000000,1772807296442000000,0
workspaceModel.workspaceFileIndexData.instances.count,1772807236460000000,1772807296442000000,0
workspaceModel.initializing.ms,1772807236460000000,1772807296442000000,0
workspaceModel.updates.precise.ms,1772807236460000000,1772807296442000000,0
workspaceModel.on.changed.ms,1772807236460000000,1772807296442000000,0
workspaceModel.check.recursive.update.ms,1772807236460000000,1772807296442000000,0
workspaceModel.workspaceFileIndexData.getFileInfo.ms,1772807236460000000,1772807296442000000,0
workspaceModel.workspaceFileIndexData.processFileSets.ms,1772807236460000000,1772807296442000000,0
workspaceModel.update.unloaded.entities.ms,1772807236460000000,1772807296442000000,0
workspaceModel.workspaceFileIndexData.getDirectoriesByPackageName.ms,1772807236460000000,1772807296442000000,0
workspaceModel.cachedValue.from.cache.count,1772807236460000000,1772807296442000000,0
workspaceModel.loading.from.cache.ms,1772807236460000000,1772807296442000000,0
workspaceModel.cachedValueWithParameters.calculated.count,1772807236460000000,1772807296442000000,0
workspaceModel.workspaceFileIndexContributor.registerFileSets.ms,1772807236460000000,1772807296442000000,0
workspaceModel.cachedValueWithParameters.total.get.count,1772807236460000000,1772807296442000000,0
workspaceModel.on.before.changed.ms,1772807236460000000,1772807296442000000,0
workspaceModel.loading.total.ms,1772807236460000000,1772807296442000000,0
workspaceModel.workspaceFileIndexData.init.ms,1772807236460000000,1772807296442000000,0
workspaceModel.workspaceFileIndexData.getPackageName.ms,1772807236460000000,1772807296442000000,0
workspaceModel.workspaceFileIndexData.updateDirtyEntities.ms,1772807236460000000,1772807296442000000,0
workspaceModel.cachedValueWithParameters.from.cache.count,1772807236460000000,1772807296442000000,0
workspaceModel.to.snapshot.ms,1772807236460000000,1772807296442000000,0
workspaceModel.cachedValue.total.get.count,1772807236460000000,1772807296442000000,0
workspaceModel.entityStorageSnapshotImpl.instances.count,1772807236460000000,1772807296442000000,0
workspaceModel.cachedValue.clear.count,1772807236460000000,1772807296442000000,0
workspaceModel.cachedValue.calculated.count,1772807236460000000,1772807296442000000,0
workspaceModel.workspaceFileIndexData.visitFileSets.ms,1772807236460000000,1772807296442000000,0
workspaceModel.pre.handlers.ms,1772807236460000000,1772807296442000000,0
workspaceModel.full.replace.project.model.ms,1772807236460000000,1772807296442000000,0
workspaceModel.updates.ms,1772807236460000000,1772807296442000000,0
workspaceModel.workspaceFileIndexData.markDirty.ms,1772807236460000000,1772807296442000000,0
workspaceModel.cachedValueWithParameters.clear.count,1772807236460000000,1772807296442000000,0
workspaceModel.collect.changes.ms,1772807236460000000,1772807296442000000,0
workspaceModel.updates.count,1772807236460000000,1772807296442000000,0
compiler.ArtifactManagerBridge.getArtifactsByType.ms,1772807236460000000,1772807296442000000,0
compiler.ArtifactManagerBridge.getArtifacts.ms,1772807236460000000,1772807296442000000,0
compiler.ArtifactManagerBridge.dropMappings.ms,1772807236460000000,1772807296442000000,0
compiler.ArtifactModifiableModelBridge.findArtifacts.ms,1772807236460000000,1772807296442000000,0
compiler.ArtifactManagerBridge.addArtifact.ms,1772807236460000000,1772807296442000000,0
compiler.ArtifactManagerBridge.initBridges.ms,1772807236460000000,1772807296442000000,0
compiler.ArtifactModifiableModelBridge.getArtifacts.ms,1772807236460000000,1772807296442000000,0
compiler.ArtifactVirtualFileListener.filePathChanged.ms,1772807236460000000,1772807296442000000,0
compiler.ArtifactModifiableModelBridge.dispose.ms,1772807236460000000,1772807296442000000,0
compiler.ArtifactManagerBridge.commit.ms,1772807236460000000,1772807296442000000,0
compiler.ArtifactModifiableModelBridge.getArtifactsByType.ms,1772807236460000000,1772807296442000000,0
compiler.ArtifactModifiableModelBridge.commit.ms,1772807236460000000,1772807296442000000,3
compiler.ArtifactModifiableModelBridge.addArtifact.ms,1772807236460000000,1772807296442000000,0
compiler.ArtifactVirtualFileListener.propertyChanged.ms,1772807236460000000,1772807296442000000,0
compiler.ArtifactManagerBridge.findArtifact.ms,1772807236460000000,1772807296442000000,0
VFS.fileByIdCache.misses,1772807236460000000,1772807296442000000,0
VFS.contentStorage.recordsDecompressionTimeUs,1772807236460000000,1772807296442000000,0
VFS.invertedFileNameIndex.requests,1772807236460000000,1772807296442000000,0
VFS.contentStorage.recordsUncompressedSize,1772807236460000000,1772807296442000000,0
VFS.rootsCount,1772807236460000000,1772807296442000000,317.0
VFS.contentStorage.recordsStored,1772807236460000000,1772807296442000000,0
VFS.folderCaseSensitivityReads,1772807236460000000,1772807296442000000,0
VFS.fileByIdCache.hits,1772807236460000000,1772807296442000000,0
VFS.fileChildByName,1772807236460000000,1772807296442000000,0
FileNameCache.totalMisses,1772807236460000000,1772807296442000000,0
VFS.cache.segmentsCreated,1772807236460000000,1772807296442000000,0
FileNameCache.queries,1772807236460000000,1772807296442000000,0
VFS.cache.filesCreated,1772807236460000000,1772807296442000000,0
VFS.contentStorage.recordsReadDecompressed,1772807236460000000,1772807296442000000,0
VFS.contentStorage.recordsReadSize,1772807236460000000,1772807296442000000,0
VFS.contentStorage.recordsStoredSize,1772807236460000000,1772807296442000000,0
VFS.contentStorage.recordsStoredCompressed,1772807236460000000,1772807296442000000,0
VFS.contentStorage.recordsDeduplicated,1772807236460000000,1772807296442000000,0
VFS.contentStorage.recordsRead,1772807236460000000,1772807296442000000,0
VFS.cache.directoriesCreated,1772807236460000000,1772807296442000000,0
VFS.cache.segments,1772807236460000000,1772807296442000000,231.0
DiskQueryRelay.tasksExecuted,1772807236460000000,1772807296442000000,0
DiskQueryRelay.taskWaitingTotalTimeUs,1772807236460000000,1772807296442000000,0
writeAction.count,1772807236460000000,1772807296442000000,0
LowMemory.gcOverloaded,1772807236460000000,1772807296442000000,0
writeAction.median.wait.ms,1772807236460000000,1772807296442000000,200
DiskQueryRelay.tasksRequested,1772807236460000000,1772807296442000000,0
LowMemory.gcLoad,1772807236460000000,1772807296442000000,0.0
writeAction.max.wait.ms,1772807236460000000,1772807296442000000,119
writeAction.wait.ms,1772807236460000000,1772807296442000000,0
DiskQueryRelay.taskExecutionTotalTimeUs,1772807236460000000,1772807296442000000,0
MappedFileStorage.totalPagesMapped,1772807236460000000,1772807296442000000,16
StorageLockContext.competingThreads.max,1772807236460000000,1772807296442000000,0
DirectByteBufferAllocator.misses,1772807236460000000,1772807296442000000,0
FilePageCache.pageHits,1772807236460000000,1772807296442000000,0
FilePageCache.totalPageLoadsUs,1772807236460000000,1772807296442000000,0
MappedFileStorage.storages,1772807236460000000,1772807296442000000,16
DirectByteBufferAllocator.hits,1772807236460000000,1772807296442000000,0
StorageLockContext.competingThreads.90P,1772807236460000000,1772807296442000000,0
DirectByteBufferAllocator.disposed,1772807236460000000,1772807296442000000,0
DirectByteBufferAllocator.totalSizeOfBuffersCachedInBytes,1772807236460000000,1772807296442000000,1048576
FilePageCache.disposedBuffers,1772807236460000000,1772807296442000000,0
MappedFileStorage.totalTimeSpentOnMappingUs,1772807236460000000,1772807296442000000,170039
MappedFileStorage.totalBytesMapped,1772807236460000000,1772807296442000000,202637312
StreamlinedBlobStorage.recordsDeleted,1772807236460000000,1772807296442000000,0
StreamlinedBlobStorage.recordsRelocated,1772807236460000000,1772807296442000000,0
StreamlinedBlobStorage.totalLiveRecordsCapacityBytes,1772807236460000000,1772807296442000000,0
FilePageCache.maxRegisteredFiles,1772807236460000000,1772807296442000000,1824
StreamlinedBlobStorage.recordsAllocated,1772807236460000000,1772807296442000000,0
FilePageCache.maxCacheSizeInBytes,1772807236460000000,1772807296442000000,629145600
FilePageCache.totalPageDisposalsUs,1772807236460000000,1772807296442000000,0
DirectByteBufferAllocator.totalSizeOfBuffersAllocatedInBytes,1772807236460000000,1772807296442000000,630194176
FilePageCache.pageFastCacheHits,1772807236460000000,1772807296442000000,0
FileChannelInterruptsRetryer.totalRetriedAttempts,1772807236460000000,1772807296442000000,0
StorageLockContext.competingThreads.avg,1772807236460000000,1772807296442000000,0.0
FilePageCache.pageLoadsAboveSizeThreshold,1772807236460000000,1772807296442000000,0
DirectByteBufferAllocator.reclaimed,1772807236460000000,1772807296442000000,0
FilePageCache.pageLoads,1772807236460000000,1772807296442000000,0
FilePageCache.capacityInBytes,1772807236460000000,1772807296442000000,629145600
StreamlinedBlobStorage.totalLiveRecordsPayloadBytes,1772807236460000000,1772807296442000000,0
FilePageCache.uncachedFileAccess,1772807236460000000,1772807296442000000,0
JVM.totalTimeAtSafepointsMs,1772807236460000000,1772807296442000000,0
MEM.fileMappingsRamBytes,1772807236460000000,1772807296442000000,730525696
JVM.GC.collectionTimesMs,1772807236460000000,1772807296442000000,0
JVM.usedHeapBytes,1772807236460000000,1772807296442000000,2250418624
MEM.ramBytes,1772807236460000000,1772807296442000000,5808259072
JVM.newThreadsCount,1772807236460000000,1772807296442000000,0
JVM.maxHeapBytes,1772807236460000000,1772807296442000000,28840034304
JVM.totalDirectByteBuffersBytes,1772807236460000000,1772807296442000000,632935473
JVM.totalBytesAllocated,1772807236460000000,1772807296442000000,20361928
JVM.threadCount,1772807236460000000,1772807296442000000,43
JVM.committedHeapBytes,1772807236460000000,1772807296442000000,3674210304
JVM.totalTimeToSafepointsMs,1772807236460000000,1772807296442000000,0
MEM.ramPlusSwapMinusFileMappingsBytes,1772807236460000000,1772807296442000000,5077733376
JVM.usedNativeBytes,1772807236460000000,1772807296442000000,488271896
JVM.totalSafepointCount,1772807236460000000,1772807296442000000,8
JVM.GC.collections,1772807236460000000,1772807296442000000,0
JVM.maxThreadCount,1772807236460000000,1772807296442000000,231
MEM.ramMinusFileMappingsBytes,1772807236460000000,1772807296442000000,5077733376
JVM.totalCpuTimeMs,1772807236460000000,1772807296442000000,1950
OS.loadAverage,1772807236460000000,1772807296442000000,2.29541015625
cacheStateStorage.get.counter,1772807236460000000,1772807296442000000,0
cacheStateStorage.set.counter,1772807236460000000,1772807296442000000,0
cacheStateStorage.set.duration,1772807236460000000,1772807296442000000,0
cacheStateStorage.get.duration,1772807236460000000,1772807296442000000,0
FlushQueue.executionTimeMaxNs,1772807236460000000,1772807296442000000,0
FlushQueue.executionTimeAvgNs,1772807236460000000,1772807296442000000,0.0
FlushQueue.waitingTimeAvgNs,1772807236460000000,1772807296442000000,0.0
FlushQueue.tasksExecuted,1772807236460000000,1772807296442000000,0
NonBlockingReadAction.failedExecutionsCount,1772807236460000000,1772807296442000000,0
FlushQueue.queueSize90P,1772807236460000000,1772807296442000000,0
AWTEventQueue.eventsDispatched,1772807236460000000,1772807296442000000,0
FlushQueue.waitingTimeMaxNs,1772807236460000000,1772807296442000000,0
NonBlockingReadAction.failedExecutionTimeUs,1772807236460000000,1772807296442000000,0
AWTEventQueue.dispatchTime90PNs,1772807236460000000,1772807296442000000,0
NonBlockingReadAction.finalizedExecutionTimeUs,1772807236460000000,1772807296442000000,0
NonBlockingReadAction.finalizedExecutionsCount,1772807236460000000,1772807296442000000,0
FlushQueue.queueSizeMax,1772807236460000000,1772807296442000000,0
ReadAction.executionsCount,1772807236460000000,1772807296442000000,3
FlushQueue.waitingTime90PNs,1772807236460000000,1772807296442000000,0
WriteAction.executionsCount,1772807236460000000,1772807296442000000,0
FlushQueue.executionTime90PNs,1772807236460000000,1772807296442000000,0
FlushQueue.queueSizeAvg,1772807236460000000,1772807296442000000,0.0
AWTEventQueue.dispatchTimeTotalNS,1772807236460000000,1772807296442000000,144083828
AWTEventQueue.dispatchTimeMaxNs,1772807236460000000,1772807296442000000,0
AWTEventQueue.dispatchTimeAvgNs,1772807236460000000,1772807296442000000,0.0
Indexing.cache.totalCacheMisses,1772807236460000000,1772807296442000000,0
Indexing.cache.totalCacheEvicted,1772807236460000000,1772807296442000000,0
Indexes.allKeys.lookupDurationAvgMs,1772807236460000000,1772807296442000000,0.0
Indexing.writer_1.totalTimeSpentWritingMs,1772807236460000000,1772807296442000000,0
Indexing.cache.totalCacheAccesses,1772807236460000000,1772807296442000000,0
Indexing.writer_3.totalTimeSpentWritingMs,1772807236460000000,1772807296442000000,0
Indexes.stubs.lookups,1772807236460000000,1772807296442000000,0
Indexes.allKeys.lookupDurationMaxMs,1772807236460000000,1772807296442000000,0.0
Indexes.stubs.lookupDurationMaxMs,1772807236460000000,1772807296442000000,0.0
Indexes.entries.lookupDurationMaxMs,1772807236460000000,1772807296442000000,0.0
Indexing.writer_0.totalTimeSpentWritingMs,1772807236460000000,1772807296442000000,0
Indexes.entries.lookupDuration90PMs,1772807236460000000,1772807296442000000,0.0
Indexing.totalTimeIndexersSleptMs,1772807236460000000,1772807296442000000,0
Indexing.writesQueuedMax,1772807236460000000,1772807296442000000,0
Indexes.allKeys.lookupDuration90PMs,1772807236460000000,1772807296442000000,0.0
Indexes.allKeys.lookups,1772807236460000000,1772807296442000000,0
Indexes.stubs.lookupDuration90PMs,1772807236460000000,1772807296442000000,0.0
Indexing.writer_2.totalTimeSpentWritingMs,1772807236460000000,1772807296442000000,0
Indexing.writesQueuedMin,1772807236460000000,1772807296442000000,9223372036854775807
Indexes.stubs.lookupDurationAvgMs,1772807236460000000,1772807296442000000,0.0
Indexes.entries.lookups,1772807236460000000,1772807296442000000,0
Indexes.entries.lookupDurationAvgMs,1772807236460000000,1772807296442000000,0.0
jps.library.entities.serializer.save.entities.ms,1772807236460000000,1772807296442000000,0
workspaceModel.load.cache.from.file.ms,1772807236460000000,1772807296442000000,0
workspaceModel.moduleManagerBridge.load.all.modules.ms,1772807236460000000,1772807296442000000,0
workspaceModel.mutableEntityStorage.put.entity.ms,1772807236460000000,1772807296442000000,0
workspaceModel.moduleBridge.update.option.ms,1772807236460000000,1772807296442000000,0
jps.reload.project.entities.ms,1772807236460000000,1772807296442000000,0
workspaceModel.moduleManagerBridge.set.unloadedModules.ms,1772807236460000000,1772807296442000000,0
jps.apply.loaded.storage.ms,1772807236460000000,1772807296442000000,0
jps.module.iml.entities.serializer.save.entities.ms,1772807236460000000,1772807296442000000,0
workspaceModel.moduleBridge.facet.initialization.ms,1772807236460000000,1772807296442000000,0
jps.modifiable.module.model.bridge.new.module.ms,1772807236460000000,1772807296442000000,0
workspaceModel.mutableEntityStorage.changeLog.addReplaceEventForNewParent.ms,1772807236460000000,1772807296442000000,0
jps.artifact.entities.serializer.load.entities.ms,1772807236460000000,1772807296442000000,0
workspaceModel.mutableEntityStorage.mutable.ext.mapping.ms,1772807236460000000,1772807296442000000,0
workspaceModel.delayed.project.synchronizer.sync.ms,1772807236460000000,1772807296442000000,0
workspaceModel.sync.entities.ms,1772807236460000000,1772807296442000000,0
workspaceModel.moduleManagerBridge.create.module.instance.ms,1772807236460000000,1772807296442000000,0
jps.load.project.to.empty.storage.ms,1772807236460000000,1772807296442000000,0
workspaceModel.mutableEntityStorage.referrers.ms,1772807236460000000,1772807296442000000,0
jps.global.initialize.library.bridges.ms,1772807236460000000,1772807296442000000,0
workspaceModel.moduleBridgeLoader.loading.modules.ms,1772807236460000000,1772807296442000000,0
workspaceModel.mutableEntityStorage.replace.by.source.ms,1772807236460000000,1772807296442000000,0
workspaceModel.mutableEntityStorage.has.same.entities.ms,1772807236460000000,1772807296442000000,0
jps.app.storage.content.reader.load.component.ms,1772807236460000000,1772807296442000000,0
jps.load.initial.state.ms,1772807236460000000,1772807296442000000,0
workspaceModel.global.updates.count,1772807236460000000,1772807296442000000,0
workspaceModel.mutableEntityStorage.changeLog.addReplaceEventForNewChild.ms,1772807236460000000,1772807296442000000,0
jps.global.handle.changed.events.ms,1772807236460000000,1772807296442000000,0
workspaceModel.mutableEntityStorage.collect.changes.ms,1772807236460000000,1772807296442000000,0
workspaceModel.mutableEntityStorage.instances.count,1772807236460000000,1772807296442000000,0
workspaceModel.mutableEntityStorage.add.entity.ms,1772807236460000000,1772807296442000000,0
workspaceModel.global.apply.state.to.project.builder.ms,1772807236460000000,1772807296442000000,0
jps.modifiable.module.model.bridge.renaming.ms,1772807236460000000,1772807296442000000,0
workspaceModel.moduleManagerBridge.newModule.ms,1772807236460000000,1772807296442000000,0
jps.modifiable.module.model.bridge.disposing.ms,1772807236460000000,1772807296442000000,0
workspaceModel.orphan.listener.update.ms,1772807236460000000,1772807296442000000,0
workspaceModel.mutableEntityStorage.entities.by.source.ms,1772807236460000000,1772807296442000000,0
jps.artifact.entities.serializer.save.entities.ms,1772807236460000000,1772807296442000000,0
workspaceModel.mutableEntityStorage.changeLog.addReplaceEventForRemovedParent.ms,1772807236460000000,1772807296442000000,0
jps.project.serializers.load.ms,1772807236460000000,1772807296442000000,0
workspaceModel.mutableEntityStorage.hasReferrers.ms,1772807236460000000,1772807296442000000,0
workspaceModel.global.apply.state.to.project.ms,1772807236460000000,1772807296442000000,0
workspaceModel.do.save.caches.ms,1772807236460000000,1772807296442000000,0
jps.global.initialize.library.bridges.after.loading.ms,1772807236460000000,1772807296442000000,0
workspaceModel.mutableEntityStorage.resolve.ms,1772807236460000000,1772807296442000000,0
jps.global.get.libraries.ms,1772807236460000000,1772807296442000000,0
jps.facet.change.listener.process.change.events.ms,1772807236460000000,1772807296442000000,0
jps.library.entities.serializer.load.entities.ms,1772807236460000000,1772807296442000000,0
workspaceModel.mutableEntityStorage.changeLog.addReplaceEventForRemovedChild.ms,1772807236460000000,1772807296442000000,0
jps.global.get.library.ms,1772807236460000000,1772807296442000000,0
jps.storage.jps.conf.reader.load.component.ms,1772807236460000000,1772807296442000000,0
jps.module.iml.entities.serializer.load.entities.ms,1772807236460000000,1772807296442000000,0
jps.module.dependency.index.workspace.model.listener.on.changed.ms,1772807236460000000,1772807296442000000,0
workspaceModel.moduleBridge.before.changed.ms,1772807236460000000,1772807296442000000,0
jps.save.global.entities.ms,1772807236460000000,1772807296442000000,0
workspaceModel.moduleManagerBridge.new.nonPersistent.module.ms,1772807236460000000,1772807296442000000,0
jps.global.get.library.by.name.ms,1772807236460000000,1772807296442000000,0
workspaceModel.mutableEntityStorage.remove.entity.ms,1772807236460000000,1772807296442000000,0
workspaceModel.moduleManagerBridge.build.module.graph.ms,1772807236460000000,1772807296442000000,0
workspaceModel.moduleManagerBridge.get.modules.ms,1772807236460000000,1772807296442000000,0
jps.project.serializers.save.ms,1772807236460000000,1772807296442000000,0
workspaceModel.mutableEntityStorage.apply.changes.from.ms,1772807236460000000,1772807296442000000,0
workspaceModel.save.cache.to.file.ms,1772807236460000000,1772807296442000000,0
workspaceModel.mutableEntityStorage.entities.ms,1772807236460000000,1772807296442000000,0
workspaceModel.global.updates.ms,1772807236460000000,1772807296442000000,0
workspaceModel.moduleManagerBridge.load.module.ms,1772807236460000000,1772807296442000000,0
workspaceModel.mutableEntityStorage.to.snapshot.ms,1772807236460000000,1772807296442000000,0
workspaceModel.load.cache.metadata.from.file.ms,1772807236460000000,1772807296442000000,0
jps.facet.change.listener.init.bridge.ms,1772807236460000000,1772807296442000000,0
jps.modifiable.module.model.bridge.load.module.ms,1772807236460000000,1772807296442000000,0
workspaceModel.mutableEntityStorage.mutable.vfurl.index.ms,1772807236460000000,1772807296442000000,0
workspaceModel.mutableEntityStorage.modify.entity.ms,1772807236460000000,1772807296442000000,0
jps.global.handle.before.change.events.ms,1772807236460000000,1772807296442000000,0
jps.facet.change.listener.before.change.events.ms,1772807236460000000,1772807296442000000,0
jps.save.changed.project.entities.ms,1772807236460000000,1772807296442000000,0
workspaceModel.replace.project.model.ms,1772807296442000000,1772807356436000000,0
workspaceModel.workspaceFileIndexData.onEntitiesChanged.ms,1772807296442000000,1772807356436000000,0
workspaceModel.init.bridges.ms,1772807296442000000,1772807356436000000,0
workspaceModel.workspaceFileIndexData.instances.count,1772807296442000000,1772807356436000000,0
workspaceModel.initializing.ms,1772807296442000000,1772807356436000000,0
workspaceModel.updates.precise.ms,1772807296442000000,1772807356436000000,0
workspaceModel.on.changed.ms,1772807296442000000,1772807356436000000,0
workspaceModel.check.recursive.update.ms,1772807296442000000,1772807356436000000,0
workspaceModel.workspaceFileIndexData.getFileInfo.ms,1772807296442000000,1772807356436000000,0
workspaceModel.workspaceFileIndexData.processFileSets.ms,1772807296442000000,1772807356436000000,0
workspaceModel.update.unloaded.entities.ms,1772807296442000000,1772807356436000000,0
workspaceModel.workspaceFileIndexData.getDirectoriesByPackageName.ms,1772807296442000000,1772807356436000000,0
workspaceModel.cachedValue.from.cache.count,1772807296442000000,1772807356436000000,0
workspaceModel.loading.from.cache.ms,1772807296442000000,1772807356436000000,0
workspaceModel.cachedValueWithParameters.calculated.count,1772807296442000000,1772807356436000000,0
workspaceModel.workspaceFileIndexContributor.registerFileSets.ms,1772807296442000000,1772807356436000000,0
workspaceModel.cachedValueWithParameters.total.get.count,1772807296442000000,1772807356436000000,0
workspaceModel.on.before.changed.ms,1772807296442000000,1772807356436000000,0
workspaceModel.loading.total.ms,1772807296442000000,1772807356436000000,0
workspaceModel.workspaceFileIndexData.init.ms,1772807296442000000,1772807356436000000,0
workspaceModel.workspaceFileIndexData.getPackageName.ms,1772807296442000000,1772807356436000000,0
workspaceModel.workspaceFileIndexData.updateDirtyEntities.ms,1772807296442000000,1772807356436000000,0
workspaceModel.cachedValueWithParameters.from.cache.count,1772807296442000000,1772807356436000000,0
workspaceModel.to.snapshot.ms,1772807296442000000,1772807356436000000,0
workspaceModel.cachedValue.total.get.count,1772807296442000000,1772807356436000000,0
workspaceModel.entityStorageSnapshotImpl.instances.count,1772807296442000000,1772807356436000000,0
workspaceModel.cachedValue.clear.count,1772807296442000000,1772807356436000000,0
workspaceModel.cachedValue.calculated.count,1772807296442000000,1772807356436000000,0
workspaceModel.workspaceFileIndexData.visitFileSets.ms,1772807296442000000,1772807356436000000,0
workspaceModel.pre.handlers.ms,1772807296442000000,1772807356436000000,0
workspaceModel.full.replace.project.model.ms,1772807296442000000,1772807356436000000,0
workspaceModel.updates.ms,1772807296442000000,1772807356436000000,0
workspaceModel.workspaceFileIndexData.markDirty.ms,1772807296442000000,1772807356436000000,0
workspaceModel.cachedValueWithParameters.clear.count,1772807296442000000,1772807356436000000,0
workspaceModel.collect.changes.ms,1772807296442000000,1772807356436000000,0
workspaceModel.updates.count,1772807296442000000,1772807356436000000,0
compiler.ArtifactManagerBridge.getArtifactsByType.ms,1772807296442000000,1772807356436000000,0
compiler.ArtifactManagerBridge.getArtifacts.ms,1772807296442000000,1772807356436000000,0
compiler.ArtifactManagerBridge.dropMappings.ms,1772807296442000000,1772807356436000000,0
compiler.ArtifactModifiableModelBridge.findArtifacts.ms,1772807296442000000,1772807356436000000,0
compiler.ArtifactManagerBridge.addArtifact.ms,1772807296442000000,1772807356436000000,0
compiler.ArtifactManagerBridge.initBridges.ms,1772807296442000000,1772807356436000000,0
compiler.ArtifactModifiableModelBridge.getArtifacts.ms,1772807296442000000,1772807356436000000,0
compiler.ArtifactVirtualFileListener.filePathChanged.ms,1772807296442000000,1772807356436000000,0
compiler.ArtifactModifiableModelBridge.dispose.ms,1772807296442000000,1772807356436000000,0
compiler.ArtifactManagerBridge.commit.ms,1772807296442000000,1772807356436000000,0
compiler.ArtifactModifiableModelBridge.getArtifactsByType.ms,1772807296442000000,1772807356436000000,0
compiler.ArtifactModifiableModelBridge.commit.ms,1772807296442000000,1772807356436000000,3
compiler.ArtifactModifiableModelBridge.addArtifact.ms,1772807296442000000,1772807356436000000,0
compiler.ArtifactVirtualFileListener.propertyChanged.ms,1772807296442000000,1772807356436000000,0
compiler.ArtifactManagerBridge.findArtifact.ms,1772807296442000000,1772807356436000000,0
VFS.fileByIdCache.misses,1772807296442000000,1772807356436000000,0
VFS.contentStorage.recordsDecompressionTimeUs,1772807296442000000,1772807356436000000,0
VFS.invertedFileNameIndex.requests,1772807296442000000,1772807356436000000,0
VFS.contentStorage.recordsUncompressedSize,1772807296442000000,1772807356436000000,0
VFS.rootsCount,1772807296442000000,1772807356436000000,317.0
VFS.contentStorage.recordsStored,1772807296442000000,1772807356436000000,0
VFS.folderCaseSensitivityReads,1772807296442000000,1772807356436000000,0
VFS.fileByIdCache.hits,1772807296442000000,1772807356436000000,0
VFS.fileChildByName,1772807296442000000,1772807356436000000,0
FileNameCache.totalMisses,1772807296442000000,1772807356436000000,0
VFS.cache.segmentsCreated,1772807296442000000,1772807356436000000,0
FileNameCache.queries,1772807296442000000,1772807356436000000,0
VFS.cache.filesCreated,1772807296442000000,1772807356436000000,0
VFS.contentStorage.recordsReadDecompressed,1772807296442000000,1772807356436000000,0
VFS.contentStorage.recordsReadSize,1772807296442000000,1772807356436000000,0
VFS.contentStorage.recordsStoredSize,1772807296442000000,1772807356436000000,0
VFS.contentStorage.recordsStoredCompressed,1772807296442000000,1772807356436000000,0
VFS.contentStorage.recordsDeduplicated,1772807296442000000,1772807356436000000,0
VFS.contentStorage.recordsRead,1772807296442000000,1772807356436000000,0
VFS.cache.directoriesCreated,1772807296442000000,1772807356436000000,0
VFS.cache.segments,1772807296442000000,1772807356436000000,231.0
DiskQueryRelay.tasksExecuted,1772807296442000000,1772807356436000000,0
DiskQueryRelay.taskWaitingTotalTimeUs,1772807296442000000,1772807356436000000,0
writeAction.count,1772807296442000000,1772807356436000000,0
LowMemory.gcOverloaded,1772807296442000000,1772807356436000000,0
writeAction.median.wait.ms,1772807296442000000,1772807356436000000,200
DiskQueryRelay.tasksRequested,1772807296442000000,1772807356436000000,0
LowMemory.gcLoad,1772807296442000000,1772807356436000000,0.0
writeAction.max.wait.ms,1772807296442000000,1772807356436000000,119
writeAction.wait.ms,1772807296442000000,1772807356436000000,0
DiskQueryRelay.taskExecutionTotalTimeUs,1772807296442000000,1772807356436000000,0
MappedFileStorage.totalPagesMapped,1772807296442000000,1772807356436000000,16
StorageLockContext.competingThreads.max,1772807296442000000,1772807356436000000,0
DirectByteBufferAllocator.misses,1772807296442000000,1772807356436000000,0
FilePageCache.pageHits,1772807296442000000,1772807356436000000,0
FilePageCache.totalPageLoadsUs,1772807296442000000,1772807356436000000,0
MappedFileStorage.storages,1772807296442000000,1772807356436000000,16
DirectByteBufferAllocator.hits,1772807296442000000,1772807356436000000,0
StorageLockContext.competingThreads.90P,1772807296442000000,1772807356436000000,0
DirectByteBufferAllocator.disposed,1772807296442000000,1772807356436000000,0
DirectByteBufferAllocator.totalSizeOfBuffersCachedInBytes,1772807296442000000,1772807356436000000,1048576
FilePageCache.disposedBuffers,1772807296442000000,1772807356436000000,0
MappedFileStorage.totalTimeSpentOnMappingUs,1772807296442000000,1772807356436000000,170039
MappedFileStorage.totalBytesMapped,1772807296442000000,1772807356436000000,202637312
StreamlinedBlobStorage.recordsDeleted,1772807296442000000,1772807356436000000,0
StreamlinedBlobStorage.recordsRelocated,1772807296442000000,1772807356436000000,0
StreamlinedBlobStorage.totalLiveRecordsCapacityBytes,1772807296442000000,1772807356436000000,0
FilePageCache.maxRegisteredFiles,1772807296442000000,1772807356436000000,1824
StreamlinedBlobStorage.recordsAllocated,1772807296442000000,1772807356436000000,0
FilePageCache.maxCacheSizeInBytes,1772807296442000000,1772807356436000000,629145600
FilePageCache.totalPageDisposalsUs,1772807296442000000,1772807356436000000,0
DirectByteBufferAllocator.totalSizeOfBuffersAllocatedInBytes,1772807296442000000,1772807356436000000,630194176
FilePageCache.pageFastCacheHits,1772807296442000000,1772807356436000000,0
FileChannelInterruptsRetryer.totalRetriedAttempts,1772807296442000000,1772807356436000000,0
StorageLockContext.competingThreads.avg,1772807296442000000,1772807356436000000,0.0
FilePageCache.pageLoadsAboveSizeThreshold,1772807296442000000,1772807356436000000,0
DirectByteBufferAllocator.reclaimed,1772807296442000000,1772807356436000000,0
FilePageCache.pageLoads,1772807296442000000,1772807356436000000,0
FilePageCache.capacityInBytes,1772807296442000000,1772807356436000000,629145600
StreamlinedBlobStorage.totalLiveRecordsPayloadBytes,1772807296442000000,1772807356436000000,0
FilePageCache.uncachedFileAccess,1772807296442000000,1772807356436000000,0
JVM.totalTimeAtSafepointsMs,1772807296442000000,1772807356436000000,1
MEM.fileMappingsRamBytes,1772807296442000000,1772807356436000000,730525696
JVM.GC.collectionTimesMs,1772807296442000000,1772807356436000000,0
JVM.usedHeapBytes,1772807296442000000,1772807356436000000,2267195840
MEM.ramBytes,1772807296442000000,1772807356436000000,5808390144
JVM.newThreadsCount,1772807296442000000,1772807356436000000,0
JVM.maxHeapBytes,1772807296442000000,1772807356436000000,28840034304
JVM.totalDirectByteBuffersBytes,1772807296442000000,1772807356436000000,632935473
JVM.totalBytesAllocated,1772807296442000000,1772807356436000000,19583576
JVM.threadCount,1772807296442000000,1772807356436000000,43
JVM.committedHeapBytes,1772807296442000000,1772807356436000000,3674210304
JVM.totalTimeToSafepointsMs,1772807296442000000,1772807356436000000,1
MEM.ramPlusSwapMinusFileMappingsBytes,1772807296442000000,1772807356436000000,5077864448
JVM.usedNativeBytes,1772807296442000000,1772807356436000000,488470912
JVM.totalSafepointCount,1772807296442000000,1772807356436000000,3
JVM.GC.collections,1772807296442000000,1772807356436000000,0
JVM.maxThreadCount,1772807296442000000,1772807356436000000,231
MEM.ramMinusFileMappingsBytes,1772807296442000000,1772807356436000000,5077864448
JVM.totalCpuTimeMs,1772807296442000000,1772807356436000000,1970
OS.loadAverage,1772807296442000000,1772807356436000000,1.77978515625
cacheStateStorage.get.counter,1772807296442000000,1772807356436000000,0
cacheStateStorage.set.counter,1772807296442000000,1772807356436000000,0
cacheStateStorage.set.duration,1772807296442000000,1772807356436000000,0
cacheStateStorage.get.duration,1772807296442000000,1772807356436000000,0
FlushQueue.executionTimeMaxNs,1772807296442000000,1772807356436000000,0
FlushQueue.executionTimeAvgNs,1772807296442000000,1772807356436000000,0.0
FlushQueue.waitingTimeAvgNs,1772807296442000000,1772807356436000000,0.0
FlushQueue.tasksExecuted,1772807296442000000,1772807356436000000,0
NonBlockingReadAction.failedExecutionsCount,1772807296442000000,1772807356436000000,0
FlushQueue.queueSize90P,1772807296442000000,1772807356436000000,0
AWTEventQueue.eventsDispatched,1772807296442000000,1772807356436000000,0
FlushQueue.waitingTimeMaxNs,1772807296442000000,1772807356436000000,0
NonBlockingReadAction.failedExecutionTimeUs,1772807296442000000,1772807356436000000,0
AWTEventQueue.dispatchTime90PNs,1772807296442000000,1772807356436000000,0
NonBlockingReadAction.finalizedExecutionTimeUs,1772807296442000000,1772807356436000000,0
NonBlockingReadAction.finalizedExecutionsCount,1772807296442000000,1772807356436000000,0
FlushQueue.queueSizeMax,1772807296442000000,1772807356436000000,0
ReadAction.executionsCount,1772807296442000000,1772807356436000000,3
FlushQueue.waitingTime90PNs,1772807296442000000,1772807356436000000,0
WriteAction.executionsCount,1772807296442000000,1772807356436000000,0
FlushQueue.executionTime90PNs,1772807296442000000,1772807356436000000,0
FlushQueue.queueSizeAvg,1772807296442000000,1772807356436000000,0.0
AWTEventQueue.dispatchTimeTotalNS,1772807296442000000,1772807356436000000,148430351
AWTEventQueue.dispatchTimeMaxNs,1772807296442000000,1772807356436000000,0
AWTEventQueue.dispatchTimeAvgNs,1772807296442000000,1772807356436000000,0.0
Indexing.cache.totalCacheMisses,1772807296442000000,1772807356436000000,0
Indexing.cache.totalCacheEvicted,1772807296442000000,1772807356436000000,0
Indexes.allKeys.lookupDurationAvgMs,1772807296442000000,1772807356436000000,0.0
Indexing.writer_1.totalTimeSpentWritingMs,1772807296442000000,1772807356436000000,0
Indexing.cache.totalCacheAccesses,1772807296442000000,1772807356436000000,0
Indexing.writer_3.totalTimeSpentWritingMs,1772807296442000000,1772807356436000000,0
Indexes.stubs.lookups,1772807296442000000,1772807356436000000,0
Indexes.allKeys.lookupDurationMaxMs,1772807296442000000,1772807356436000000,0.0
Indexes.stubs.lookupDurationMaxMs,1772807296442000000,1772807356436000000,0.0
Indexes.entries.lookupDurationMaxMs,1772807296442000000,1772807356436000000,0.0
Indexing.writer_0.totalTimeSpentWritingMs,1772807296442000000,1772807356436000000,0
Indexes.entries.lookupDuration90PMs,1772807296442000000,1772807356436000000,0.0
Indexing.totalTimeIndexersSleptMs,1772807296442000000,1772807356436000000,0
Indexing.writesQueuedMax,1772807296442000000,1772807356436000000,0
Indexes.allKeys.lookupDuration90PMs,1772807296442000000,1772807356436000000,0.0
Indexes.allKeys.lookups,1772807296442000000,1772807356436000000,0
Indexes.stubs.lookupDuration90PMs,1772807296442000000,1772807356436000000,0.0
Indexing.writer_2.totalTimeSpentWritingMs,1772807296442000000,1772807356436000000,0
Indexing.writesQueuedMin,1772807296442000000,1772807356436000000,9223372036854775807
Indexes.stubs.lookupDurationAvgMs,1772807296442000000,1772807356436000000,0.0
Indexes.entries.lookups,1772807296442000000,1772807356436000000,0
Indexes.entries.lookupDurationAvgMs,1772807296442000000,1772807356436000000,0.0
jps.library.entities.serializer.save.entities.ms,1772807296442000000,1772807356436000000,0
workspaceModel.load.cache.from.file.ms,1772807296442000000,1772807356436000000,0
workspaceModel.moduleManagerBridge.load.all.modules.ms,1772807296442000000,1772807356436000000,0
workspaceModel.mutableEntityStorage.put.entity.ms,1772807296442000000,1772807356436000000,0
workspaceModel.moduleBridge.update.option.ms,1772807296442000000,1772807356436000000,0
jps.reload.project.entities.ms,1772807296442000000,1772807356436000000,0
workspaceModel.moduleManagerBridge.set.unloadedModules.ms,1772807296442000000,1772807356436000000,0
jps.apply.loaded.storage.ms,1772807296442000000,1772807356436000000,0
jps.module.iml.entities.serializer.save.entities.ms,1772807296442000000,1772807356436000000,0
workspaceModel.moduleBridge.facet.initialization.ms,1772807296442000000,1772807356436000000,0
jps.modifiable.module.model.bridge.new.module.ms,1772807296442000000,1772807356436000000,0
workspaceModel.mutableEntityStorage.changeLog.addReplaceEventForNewParent.ms,1772807296442000000,1772807356436000000,0
jps.artifact.entities.serializer.load.entities.ms,1772807296442000000,1772807356436000000,0
workspaceModel.mutableEntityStorage.mutable.ext.mapping.ms,1772807296442000000,1772807356436000000,0
workspaceModel.delayed.project.synchronizer.sync.ms,1772807296442000000,1772807356436000000,0
workspaceModel.sync.entities.ms,1772807296442000000,1772807356436000000,0
workspaceModel.moduleManagerBridge.create.module.instance.ms,1772807296442000000,1772807356436000000,0
jps.load.project.to.empty.storage.ms,1772807296442000000,1772807356436000000,0
workspaceModel.mutableEntityStorage.referrers.ms,1772807296442000000,1772807356436000000,0
jps.global.initialize.library.bridges.ms,1772807296442000000,1772807356436000000,0
workspaceModel.moduleBridgeLoader.loading.modules.ms,1772807296442000000,1772807356436000000,0
workspaceModel.mutableEntityStorage.replace.by.source.ms,1772807296442000000,1772807356436000000,0
workspaceModel.mutableEntityStorage.has.same.entities.ms,1772807296442000000,1772807356436000000,0
jps.app.storage.content.reader.load.component.ms,1772807296442000000,1772807356436000000,0
jps.load.initial.state.ms,1772807296442000000,1772807356436000000,0
workspaceModel.global.updates.count,1772807296442000000,1772807356436000000,0
workspaceModel.mutableEntityStorage.changeLog.addReplaceEventForNewChild.ms,1772807296442000000,1772807356436000000,0
jps.global.handle.changed.events.ms,1772807296442000000,1772807356436000000,0
workspaceModel.mutableEntityStorage.collect.changes.ms,1772807296442000000,1772807356436000000,0
workspaceModel.mutableEntityStorage.instances.count,1772807296442000000,1772807356436000000,0
workspaceModel.mutableEntityStorage.add.entity.ms,1772807296442000000,1772807356436000000,0
workspaceModel.global.apply.state.to.project.builder.ms,1772807296442000000,1772807356436000000,0
jps.modifiable.module.model.bridge.renaming.ms,1772807296442000000,1772807356436000000,0
workspaceModel.moduleManagerBridge.newModule.ms,1772807296442000000,1772807356436000000,0
jps.modifiable.module.model.bridge.disposing.ms,1772807296442000000,1772807356436000000,0
workspaceModel.orphan.listener.update.ms,1772807296442000000,1772807356436000000,0
workspaceModel.mutableEntityStorage.entities.by.source.ms,1772807296442000000,1772807356436000000,0
jps.artifact.entities.serializer.save.entities.ms,1772807296442000000,1772807356436000000,0
workspaceModel.mutableEntityStorage.changeLog.addReplaceEventForRemovedParent.ms,1772807296442000000,1772807356436000000,0
jps.project.serializers.load.ms,1772807296442000000,1772807356436000000,0
workspaceModel.mutableEntityStorage.hasReferrers.ms,1772807296442000000,1772807356436000000,0
workspaceModel.global.apply.state.to.project.ms,1772807296442000000,1772807356436000000,0
workspaceModel.do.save.caches.ms,1772807296442000000,1772807356436000000,0
jps.global.initialize.library.bridges.after.loading.ms,1772807296442000000,1772807356436000000,0
workspaceModel.mutableEntityStorage.resolve.ms,1772807296442000000,1772807356436000000,0
jps.global.get.libraries.ms,1772807296442000000,1772807356436000000,0
jps.facet.change.listener.process.change.events.ms,1772807296442000000,1772807356436000000,0
jps.library.entities.serializer.load.entities.ms,1772807296442000000,1772807356436000000,0
workspaceModel.mutableEntityStorage.changeLog.addReplaceEventForRemovedChild.ms,1772807296442000000,1772807356436000000,0
jps.global.get.library.ms,1772807296442000000,1772807356436000000,0
jps.storage.jps.conf.reader.load.component.ms,1772807296442000000,1772807356436000000,0
jps.module.iml.entities.serializer.load.entities.ms,1772807296442000000,1772807356436000000,0
jps.module.dependency.index.workspace.model.listener.on.changed.ms,1772807296442000000,1772807356436000000,0
workspaceModel.moduleBridge.before.changed.ms,1772807296442000000,1772807356436000000,0
jps.save.global.entities.ms,1772807296442000000,1772807356436000000,0
workspaceModel.moduleManagerBridge.new.nonPersistent.module.ms,1772807296442000000,1772807356436000000,0
jps.global.get.library.by.name.ms,1772807296442000000,1772807356436000000,0
workspaceModel.mutableEntityStorage.remove.entity.ms,1772807296442000000,1772807356436000000,0
workspaceModel.moduleManagerBridge.build.module.graph.ms,1772807296442000000,1772807356436000000,0
workspaceModel.moduleManagerBridge.get.modules.ms,1772807296442000000,1772807356436000000,0
jps.project.serializers.save.ms,1772807296442000000,1772807356436000000,0
workspaceModel.mutableEntityStorage.apply.changes.from.ms,1772807296442000000,1772807356436000000,0
workspaceModel.save.cache.to.file.ms,1772807296442000000,1772807356436000000,0
workspaceModel.mutableEntityStorage.entities.ms,1772807296442000000,1772807356436000000,0
workspaceModel.global.updates.ms,1772807296442000000,1772807356436000000,0
workspaceModel.moduleManagerBridge.load.module.ms,1772807296442000000,1772807356436000000,0
workspaceModel.mutableEntityStorage.to.snapshot.ms,1772807296442000000,1772807356436000000,0
workspaceModel.load.cache.metadata.from.file.ms,1772807296442000000,1772807356436000000,0
jps.facet.change.listener.init.bridge.ms,1772807296442000000,1772807356436000000,0
jps.modifiable.module.model.bridge.load.module.ms,1772807296442000000,1772807356436000000,0
workspaceModel.mutableEntityStorage.mutable.vfurl.index.ms,1772807296442000000,1772807356436000000,0
workspaceModel.mutableEntityStorage.modify.entity.ms,1772807296442000000,1772807356436000000,0
jps.global.handle.before.change.events.ms,1772807296442000000,1772807356436000000,0
jps.facet.change.listener.before.change.events.ms,1772807296442000000,1772807356436000000,0
jps.save.changed.project.entities.ms,1772807296442000000,1772807356436000000,0
workspaceModel.replace.project.model.ms,1772807356436000000,1772807416434000000,0
workspaceModel.workspaceFileIndexData.onEntitiesChanged.ms,1772807356436000000,1772807416434000000,0
workspaceModel.init.bridges.ms,1772807356436000000,1772807416434000000,0
workspaceModel.workspaceFileIndexData.instances.count,1772807356436000000,1772807416434000000,0
workspaceModel.initializing.ms,1772807356436000000,1772807416434000000,0
workspaceModel.updates.precise.ms,1772807356436000000,1772807416434000000,0
workspaceModel.on.changed.ms,1772807356436000000,1772807416434000000,0
workspaceModel.check.recursive.update.ms,1772807356436000000,1772807416434000000,0
workspaceModel.workspaceFileIndexData.getFileInfo.ms,1772807356436000000,1772807416434000000,0
workspaceModel.workspaceFileIndexData.processFileSets.ms,1772807356436000000,1772807416434000000,0
workspaceModel.update.unloaded.entities.ms,1772807356436000000,1772807416434000000,0
workspaceModel.workspaceFileIndexData.getDirectoriesByPackageName.ms,1772807356436000000,1772807416434000000,0
workspaceModel.cachedValue.from.cache.count,1772807356436000000,1772807416434000000,0
workspaceModel.loading.from.cache.ms,1772807356436000000,1772807416434000000,0
workspaceModel.cachedValueWithParameters.calculated.count,1772807356436000000,1772807416434000000,0
workspaceModel.workspaceFileIndexContributor.registerFileSets.ms,1772807356436000000,1772807416434000000,0
workspaceModel.cachedValueWithParameters.total.get.count,1772807356436000000,1772807416434000000,0
workspaceModel.on.before.changed.ms,1772807356436000000,1772807416434000000,0
workspaceModel.loading.total.ms,1772807356436000000,1772807416434000000,0
workspaceModel.workspaceFileIndexData.init.ms,1772807356436000000,1772807416434000000,0
workspaceModel.workspaceFileIndexData.getPackageName.ms,1772807356436000000,1772807416434000000,0
workspaceModel.workspaceFileIndexData.updateDirtyEntities.ms,1772807356436000000,1772807416434000000,0
workspaceModel.cachedValueWithParameters.from.cache.count,1772807356436000000,1772807416434000000,0
workspaceModel.to.snapshot.ms,1772807356436000000,1772807416434000000,0
workspaceModel.cachedValue.total.get.count,1772807356436000000,1772807416434000000,0
workspaceModel.entityStorageSnapshotImpl.instances.count,1772807356436000000,1772807416434000000,0
workspaceModel.cachedValue.clear.count,1772807356436000000,1772807416434000000,0
workspaceModel.cachedValue.calculated.count,1772807356436000000,1772807416434000000,0
workspaceModel.workspaceFileIndexData.visitFileSets.ms,1772807356436000000,1772807416434000000,0
workspaceModel.pre.handlers.ms,1772807356436000000,1772807416434000000,0
workspaceModel.full.replace.project.model.ms,1772807356436000000,1772807416434000000,0
workspaceModel.updates.ms,1772807356436000000,1772807416434000000,0
workspaceModel.workspaceFileIndexData.markDirty.ms,1772807356436000000,1772807416434000000,0
workspaceModel.cachedValueWithParameters.clear.count,1772807356436000000,1772807416434000000,0
workspaceModel.collect.changes.ms,1772807356436000000,1772807416434000000,0
workspaceModel.updates.count,1772807356436000000,1772807416434000000,0
compiler.ArtifactManagerBridge.getArtifactsByType.ms,1772807356436000000,1772807416434000000,0
compiler.ArtifactManagerBridge.getArtifacts.ms,1772807356436000000,1772807416434000000,0
compiler.ArtifactManagerBridge.dropMappings.ms,1772807356436000000,1772807416434000000,0
compiler.ArtifactModifiableModelBridge.findArtifacts.ms,1772807356436000000,1772807416434000000,0
compiler.ArtifactManagerBridge.addArtifact.ms,1772807356436000000,1772807416434000000,0
compiler.ArtifactManagerBridge.initBridges.ms,1772807356436000000,1772807416434000000,0
compiler.ArtifactModifiableModelBridge.getArtifacts.ms,1772807356436000000,1772807416434000000,0
compiler.ArtifactVirtualFileListener.filePathChanged.ms,1772807356436000000,1772807416434000000,0
compiler.ArtifactModifiableModelBridge.dispose.ms,1772807356436000000,1772807416434000000,0
compiler.ArtifactManagerBridge.commit.ms,1772807356436000000,1772807416434000000,0
compiler.ArtifactModifiableModelBridge.getArtifactsByType.ms,1772807356436000000,1772807416434000000,0
compiler.ArtifactModifiableModelBridge.commit.ms,1772807356436000000,1772807416434000000,3
compiler.ArtifactModifiableModelBridge.addArtifact.ms,1772807356436000000,1772807416434000000,0
compiler.ArtifactVirtualFileListener.propertyChanged.ms,1772807356436000000,1772807416434000000,0
compiler.ArtifactManagerBridge.findArtifact.ms,1772807356436000000,1772807416434000000,0
VFS.fileByIdCache.misses,1772807356436000000,1772807416434000000,0
VFS.contentStorage.recordsDecompressionTimeUs,1772807356436000000,1772807416434000000,0
VFS.invertedFileNameIndex.requests,1772807356436000000,1772807416434000000,0
VFS.contentStorage.recordsUncompressedSize,1772807356436000000,1772807416434000000,0
VFS.rootsCount,1772807356436000000,1772807416434000000,317.0
VFS.contentStorage.recordsStored,1772807356436000000,1772807416434000000,0
VFS.folderCaseSensitivityReads,1772807356436000000,1772807416434000000,0
VFS.fileByIdCache.hits,1772807356436000000,1772807416434000000,0
VFS.fileChildByName,1772807356436000000,1772807416434000000,0
FileNameCache.totalMisses,1772807356436000000,1772807416434000000,0
VFS.cache.segmentsCreated,1772807356436000000,1772807416434000000,0
FileNameCache.queries,1772807356436000000,1772807416434000000,0
VFS.cache.filesCreated,1772807356436000000,1772807416434000000,0
VFS.contentStorage.recordsReadDecompressed,1772807356436000000,1772807416434000000,0
VFS.contentStorage.recordsReadSize,1772807356436000000,1772807416434000000,0
VFS.contentStorage.recordsStoredSize,1772807356436000000,1772807416434000000,0
VFS.contentStorage.recordsStoredCompressed,1772807356436000000,1772807416434000000,0
VFS.contentStorage.recordsDeduplicated,1772807356436000000,1772807416434000000,0
VFS.contentStorage.recordsRead,1772807356436000000,1772807416434000000,0
VFS.cache.directoriesCreated,1772807356436000000,1772807416434000000,0
VFS.cache.segments,1772807356436000000,1772807416434000000,231.0
DiskQueryRelay.tasksExecuted,1772807356436000000,1772807416434000000,0
DiskQueryRelay.taskWaitingTotalTimeUs,1772807356436000000,1772807416434000000,0
writeAction.count,1772807356436000000,1772807416434000000,0
LowMemory.gcOverloaded,1772807356436000000,1772807416434000000,0
writeAction.median.wait.ms,1772807356436000000,1772807416434000000,200
DiskQueryRelay.tasksRequested,1772807356436000000,1772807416434000000,0
LowMemory.gcLoad,1772807356436000000,1772807416434000000,0.0
writeAction.max.wait.ms,1772807356436000000,1772807416434000000,119
writeAction.wait.ms,1772807356436000000,1772807416434000000,0
DiskQueryRelay.taskExecutionTotalTimeUs,1772807356436000000,1772807416434000000,0
MappedFileStorage.totalPagesMapped,1772807356436000000,1772807416434000000,16
StorageLockContext.competingThreads.max,1772807356436000000,1772807416434000000,0
DirectByteBufferAllocator.misses,1772807356436000000,1772807416434000000,0
FilePageCache.pageHits,1772807356436000000,1772807416434000000,0
FilePageCache.totalPageLoadsUs,1772807356436000000,1772807416434000000,0
MappedFileStorage.storages,1772807356436000000,1772807416434000000,16
DirectByteBufferAllocator.hits,1772807356436000000,1772807416434000000,0
StorageLockContext.competingThreads.90P,1772807356436000000,1772807416434000000,0
DirectByteBufferAllocator.disposed,1772807356436000000,1772807416434000000,0
DirectByteBufferAllocator.totalSizeOfBuffersCachedInBytes,1772807356436000000,1772807416434000000,1048576
FilePageCache.disposedBuffers,1772807356436000000,1772807416434000000,0
MappedFileStorage.totalTimeSpentOnMappingUs,1772807356436000000,1772807416434000000,170039
MappedFileStorage.totalBytesMapped,1772807356436000000,1772807416434000000,202637312
StreamlinedBlobStorage.recordsDeleted,1772807356436000000,1772807416434000000,0
StreamlinedBlobStorage.recordsRelocated,1772807356436000000,1772807416434000000,0
StreamlinedBlobStorage.totalLiveRecordsCapacityBytes,1772807356436000000,1772807416434000000,0
FilePageCache.maxRegisteredFiles,1772807356436000000,1772807416434000000,1824
StreamlinedBlobStorage.recordsAllocated,1772807356436000000,1772807416434000000,0
FilePageCache.maxCacheSizeInBytes,1772807356436000000,1772807416434000000,629145600
FilePageCache.totalPageDisposalsUs,1772807356436000000,1772807416434000000,0
DirectByteBufferAllocator.totalSizeOfBuffersAllocatedInBytes,1772807356436000000,1772807416434000000,630194176
FilePageCache.pageFastCacheHits,1772807356436000000,1772807416434000000,0
FileChannelInterruptsRetryer.totalRetriedAttempts,1772807356436000000,1772807416434000000,0
StorageLockContext.competingThreads.avg,1772807356436000000,1772807416434000000,0.0
FilePageCache.pageLoadsAboveSizeThreshold,1772807356436000000,1772807416434000000,0
DirectByteBufferAllocator.reclaimed,1772807356436000000,1772807416434000000,0
FilePageCache.pageLoads,1772807356436000000,1772807416434000000,0
FilePageCache.capacityInBytes,1772807356436000000,1772807416434000000,629145600
StreamlinedBlobStorage.totalLiveRecordsPayloadBytes,1772807356436000000,1772807416434000000,0
FilePageCache.uncachedFileAccess,1772807356436000000,1772807416434000000,0
JVM.totalTimeAtSafepointsMs,1772807356436000000,1772807416434000000,0
MEM.fileMappingsRamBytes,1772807356436000000,1772807416434000000,730525696
JVM.GC.collectionTimesMs,1772807356436000000,1772807416434000000,0
JVM.usedHeapBytes,1772807356436000000,1772807416434000000,2300750272
MEM.ramBytes,1772807356436000000,1772807416434000000,5808521216
JVM.newThreadsCount,1772807356436000000,1772807416434000000,0
JVM.maxHeapBytes,1772807356436000000,1772807416434000000,28840034304
JVM.totalDirectByteBuffersBytes,1772807356436000000,1772807416434000000,632935473
JVM.totalBytesAllocated,1772807356436000000,1772807416434000000,20174256
JVM.threadCount,1772807356436000000,1772807416434000000,43
JVM.committedHeapBytes,1772807356436000000,1772807416434000000,3674210304
JVM.totalTimeToSafepointsMs,1772807356436000000,1772807416434000000,0
MEM.ramPlusSwapMinusFileMappingsBytes,1772807356436000000,1772807416434000000,5077995520
JVM.usedNativeBytes,1772807356436000000,1772807416434000000,488714480
JVM.totalSafepointCount,1772807356436000000,1772807416434000000,5
JVM.GC.collections,1772807356436000000,1772807416434000000,0
JVM.maxThreadCount,1772807356436000000,1772807416434000000,231
MEM.ramMinusFileMappingsBytes,1772807356436000000,1772807416434000000,5077995520
JVM.totalCpuTimeMs,1772807356436000000,1772807416434000000,2160
OS.loadAverage,1772807356436000000,1772807416434000000,1.7734375
cacheStateStorage.get.counter,1772807356436000000,1772807416434000000,0
cacheStateStorage.set.counter,1772807356436000000,1772807416434000000,0
cacheStateStorage.set.duration,1772807356436000000,1772807416434000000,0
cacheStateStorage.get.duration,1772807356436000000,1772807416434000000,0
FlushQueue.executionTimeMaxNs,1772807356436000000,1772807416434000000,0
FlushQueue.executionTimeAvgNs,1772807356436000000,1772807416434000000,0.0
FlushQueue.waitingTimeAvgNs,1772807356436000000,1772807416434000000,0.0
FlushQueue.tasksExecuted,1772807356436000000,1772807416434000000,0
NonBlockingReadAction.failedExecutionsCount,1772807356436000000,1772807416434000000,0
FlushQueue.queueSize90P,1772807356436000000,1772807416434000000,0
AWTEventQueue.eventsDispatched,1772807356436000000,1772807416434000000,0
FlushQueue.waitingTimeMaxNs,1772807356436000000,1772807416434000000,0
NonBlockingReadAction.failedExecutionTimeUs,1772807356436000000,1772807416434000000,0
AWTEventQueue.dispatchTime90PNs,1772807356436000000,1772807416434000000,0
NonBlockingReadAction.finalizedExecutionTimeUs,1772807356436000000,1772807416434000000,0
NonBlockingReadAction.finalizedExecutionsCount,1772807356436000000,1772807416434000000,0
FlushQueue.queueSizeMax,1772807356436000000,1772807416434000000,0
ReadAction.executionsCount,1772807356436000000,1772807416434000000,3
FlushQueue.waitingTime90PNs,1772807356436000000,1772807416434000000,0
WriteAction.executionsCount,1772807356436000000,1772807416434000000,0
FlushQueue.executionTime90PNs,1772807356436000000,1772807416434000000,0
FlushQueue.queueSizeAvg,1772807356436000000,1772807416434000000,0.0
AWTEventQueue.dispatchTimeTotalNS,1772807356436000000,1772807416434000000,166055910
AWTEventQueue.dispatchTimeMaxNs,1772807356436000000,1772807416434000000,0
AWTEventQueue.dispatchTimeAvgNs,1772807356436000000,1772807416434000000,0.0
Indexing.cache.totalCacheMisses,1772807356436000000,1772807416434000000,0
Indexing.cache.totalCacheEvicted,1772807356436000000,1772807416434000000,0
Indexes.allKeys.lookupDurationAvgMs,1772807356436000000,1772807416434000000,0.0
Indexing.writer_1.totalTimeSpentWritingMs,1772807356436000000,1772807416434000000,0
Indexing.cache.totalCacheAccesses,1772807356436000000,1772807416434000000,0
Indexing.writer_3.totalTimeSpentWritingMs,1772807356436000000,1772807416434000000,0
Indexes.stubs.lookups,1772807356436000000,1772807416434000000,0
Indexes.allKeys.lookupDurationMaxMs,1772807356436000000,1772807416434000000,0.0
Indexes.stubs.lookupDurationMaxMs,1772807356436000000,1772807416434000000,0.0
Indexes.entries.lookupDurationMaxMs,1772807356436000000,1772807416434000000,0.0
Indexing.writer_0.totalTimeSpentWritingMs,1772807356436000000,1772807416434000000,0
Indexes.entries.lookupDuration90PMs,1772807356436000000,1772807416434000000,0.0
Indexing.totalTimeIndexersSleptMs,1772807356436000000,1772807416434000000,0
Indexing.writesQueuedMax,1772807356436000000,1772807416434000000,0
Indexes.allKeys.lookupDuration90PMs,1772807356436000000,1772807416434000000,0.0
Indexes.allKeys.lookups,1772807356436000000,1772807416434000000,0
Indexes.stubs.lookupDuration90PMs,1772807356436000000,1772807416434000000,0.0
Indexing.writer_2.totalTimeSpentWritingMs,1772807356436000000,1772807416434000000,0
Indexing.writesQueuedMin,1772807356436000000,1772807416434000000,9223372036854775807
Indexes.stubs.lookupDurationAvgMs,1772807356436000000,1772807416434000000,0.0
Indexes.entries.lookups,1772807356436000000,1772807416434000000,0
Indexes.entries.lookupDurationAvgMs,1772807356436000000,1772807416434000000,0.0
jps.library.entities.serializer.save.entities.ms,1772807356436000000,1772807416434000000,0
workspaceModel.load.cache.from.file.ms,1772807356436000000,1772807416434000000,0
workspaceModel.moduleManagerBridge.load.all.modules.ms,1772807356436000000,1772807416434000000,0
workspaceModel.mutableEntityStorage.put.entity.ms,1772807356436000000,1772807416434000000,0
workspaceModel.moduleBridge.update.option.ms,1772807356436000000,1772807416434000000,0
jps.reload.project.entities.ms,1772807356436000000,1772807416434000000,0
workspaceModel.moduleManagerBridge.set.unloadedModules.ms,1772807356436000000,1772807416434000000,0
jps.apply.loaded.storage.ms,1772807356436000000,1772807416434000000,0
jps.module.iml.entities.serializer.save.entities.ms,1772807356436000000,1772807416434000000,0
workspaceModel.moduleBridge.facet.initialization.ms,1772807356436000000,1772807416434000000,0
jps.modifiable.module.model.bridge.new.module.ms,1772807356436000000,1772807416434000000,0
workspaceModel.mutableEntityStorage.changeLog.addReplaceEventForNewParent.ms,1772807356436000000,1772807416434000000,0
jps.artifact.entities.serializer.load.entities.ms,1772807356436000000,1772807416434000000,0
workspaceModel.mutableEntityStorage.mutable.ext.mapping.ms,1772807356436000000,1772807416434000000,0
workspaceModel.delayed.project.synchronizer.sync.ms,1772807356436000000,1772807416434000000,0
workspaceModel.sync.entities.ms,1772807356436000000,1772807416434000000,0
workspaceModel.moduleManagerBridge.create.module.instance.ms,1772807356436000000,1772807416434000000,0
jps.load.project.to.empty.storage.ms,1772807356436000000,1772807416434000000,0
workspaceModel.mutableEntityStorage.referrers.ms,1772807356436000000,1772807416434000000,0
jps.global.initialize.library.bridges.ms,1772807356436000000,1772807416434000000,0
workspaceModel.moduleBridgeLoader.loading.modules.ms,1772807356436000000,1772807416434000000,0
workspaceModel.mutableEntityStorage.replace.by.source.ms,1772807356436000000,1772807416434000000,0
workspaceModel.mutableEntityStorage.has.same.entities.ms,1772807356436000000,1772807416434000000,0
jps.app.storage.content.reader.load.component.ms,1772807356436000000,1772807416434000000,0
jps.load.initial.state.ms,1772807356436000000,1772807416434000000,0
workspaceModel.global.updates.count,1772807356436000000,1772807416434000000,0
workspaceModel.mutableEntityStorage.changeLog.addReplaceEventForNewChild.ms,1772807356436000000,1772807416434000000,0
jps.global.handle.changed.events.ms,1772807356436000000,1772807416434000000,0
workspaceModel.mutableEntityStorage.collect.changes.ms,1772807356436000000,1772807416434000000,0
workspaceModel.mutableEntityStorage.instances.count,1772807356436000000,1772807416434000000,0
workspaceModel.mutableEntityStorage.add.entity.ms,1772807356436000000,1772807416434000000,0
workspaceModel.global.apply.state.to.project.builder.ms,1772807356436000000,1772807416434000000,0
jps.modifiable.module.model.bridge.renaming.ms,1772807356436000000,1772807416434000000,0
workspaceModel.moduleManagerBridge.newModule.ms,1772807356436000000,1772807416434000000,0
jps.modifiable.module.model.bridge.disposing.ms,1772807356436000000,1772807416434000000,0
workspaceModel.orphan.listener.update.ms,1772807356436000000,1772807416434000000,0
workspaceModel.mutableEntityStorage.entities.by.source.ms,1772807356436000000,1772807416434000000,0
jps.artifact.entities.serializer.save.entities.ms,1772807356436000000,1772807416434000000,0
workspaceModel.mutableEntityStorage.changeLog.addReplaceEventForRemovedParent.ms,1772807356436000000,1772807416434000000,0
jps.project.serializers.load.ms,1772807356436000000,1772807416434000000,0
workspaceModel.mutableEntityStorage.hasReferrers.ms,1772807356436000000,1772807416434000000,0
workspaceModel.global.apply.state.to.project.ms,1772807356436000000,1772807416434000000,0
workspaceModel.do.save.caches.ms,1772807356436000000,1772807416434000000,0
jps.global.initialize.library.bridges.after.loading.ms,1772807356436000000,1772807416434000000,0
workspaceModel.mutableEntityStorage.resolve.ms,1772807356436000000,1772807416434000000,0
jps.global.get.libraries.ms,1772807356436000000,1772807416434000000,0
jps.facet.change.listener.process.change.events.ms,1772807356436000000,1772807416434000000,0
jps.library.entities.serializer.load.entities.ms,1772807356436000000,1772807416434000000,0
workspaceModel.mutableEntityStorage.changeLog.addReplaceEventForRemovedChild.ms,1772807356436000000,1772807416434000000,0
jps.global.get.library.ms,1772807356436000000,1772807416434000000,0
jps.storage.jps.conf.reader.load.component.ms,1772807356436000000,1772807416434000000,0
jps.module.iml.entities.serializer.load.entities.ms,1772807356436000000,1772807416434000000,0
jps.module.dependency.index.workspace.model.listener.on.changed.ms,1772807356436000000,1772807416434000000,0
workspaceModel.moduleBridge.before.changed.ms,1772807356436000000,1772807416434000000,0
jps.save.global.entities.ms,1772807356436000000,1772807416434000000,0
workspaceModel.moduleManagerBridge.new.nonPersistent.module.ms,1772807356436000000,1772807416434000000,0
jps.global.get.library.by.name.ms,1772807356436000000,1772807416434000000,0
workspaceModel.mutableEntityStorage.remove.entity.ms,1772807356436000000,1772807416434000000,0
workspaceModel.moduleManagerBridge.build.module.graph.ms,1772807356436000000,1772807416434000000,0
workspaceModel.moduleManagerBridge.get.modules.ms,1772807356436000000,1772807416434000000,0
jps.project.serializers.save.ms,1772807356436000000,1772807416434000000,0
workspaceModel.mutableEntityStorage.apply.changes.from.ms,1772807356436000000,1772807416434000000,0
workspaceModel.save.cache.to.file.ms,1772807356436000000,1772807416434000000,0
workspaceModel.mutableEntityStorage.entities.ms,1772807356436000000,1772807416434000000,0
workspaceModel.global.updates.ms,1772807356436000000,1772807416434000000,0
workspaceModel.moduleManagerBridge.load.module.ms,1772807356436000000,1772807416434000000,0
workspaceModel.mutableEntityStorage.to.snapshot.ms,1772807356436000000,1772807416434000000,0
workspaceModel.load.cache.metadata.from.file.ms,1772807356436000000,1772807416434000000,0
jps.facet.change.listener.init.bridge.ms,1772807356436000000,1772807416434000000,0
jps.modifiable.module.model.bridge.load.module.ms,1772807356436000000,1772807416434000000,0
workspaceModel.mutableEntityStorage.mutable.vfurl.index.ms,1772807356436000000,1772807416434000000,0
workspaceModel.mutableEntityStorage.modify.entity.ms,1772807356436000000,1772807416434000000,0
jps.global.handle.before.change.events.ms,1772807356436000000,1772807416434000000,0
jps.facet.change.listener.before.change.events.ms,1772807356436000000,1772807416434000000,0
jps.save.changed.project.entities.ms,1772807356436000000,1772807416434000000,0
workspaceModel.replace.project.model.ms,1772807416434000000,1772807476454000000,0
workspaceModel.workspaceFileIndexData.onEntitiesChanged.ms,1772807416434000000,1772807476454000000,0
workspaceModel.init.bridges.ms,1772807416434000000,1772807476454000000,0
workspaceModel.workspaceFileIndexData.instances.count,1772807416434000000,1772807476454000000,0
workspaceModel.initializing.ms,1772807416434000000,1772807476454000000,0
workspaceModel.updates.precise.ms,1772807416434000000,1772807476454000000,0
workspaceModel.on.changed.ms,1772807416434000000,1772807476454000000,0
workspaceModel.check.recursive.update.ms,1772807416434000000,1772807476454000000,0
workspaceModel.workspaceFileIndexData.getFileInfo.ms,1772807416434000000,1772807476454000000,0
workspaceModel.workspaceFileIndexData.processFileSets.ms,1772807416434000000,1772807476454000000,0
workspaceModel.update.unloaded.entities.ms,1772807416434000000,1772807476454000000,0
workspaceModel.workspaceFileIndexData.getDirectoriesByPackageName.ms,1772807416434000000,1772807476454000000,0
workspaceModel.cachedValue.from.cache.count,1772807416434000000,1772807476454000000,0
workspaceModel.loading.from.cache.ms,1772807416434000000,1772807476454000000,0
workspaceModel.cachedValueWithParameters.calculated.count,1772807416434000000,1772807476454000000,0
workspaceModel.workspaceFileIndexContributor.registerFileSets.ms,1772807416434000000,1772807476454000000,0
workspaceModel.cachedValueWithParameters.total.get.count,1772807416434000000,1772807476454000000,0
workspaceModel.on.before.changed.ms,1772807416434000000,1772807476454000000,0
workspaceModel.loading.total.ms,1772807416434000000,1772807476454000000,0
workspaceModel.workspaceFileIndexData.init.ms,1772807416434000000,1772807476454000000,0
workspaceModel.workspaceFileIndexData.getPackageName.ms,1772807416434000000,1772807476454000000,0
workspaceModel.workspaceFileIndexData.updateDirtyEntities.ms,1772807416434000000,1772807476454000000,0
workspaceModel.cachedValueWithParameters.from.cache.count,1772807416434000000,1772807476454000000,0
workspaceModel.to.snapshot.ms,1772807416434000000,1772807476454000000,0
workspaceModel.cachedValue.total.get.count,1772807416434000000,1772807476454000000,0
workspaceModel.entityStorageSnapshotImpl.instances.count,1772807416434000000,1772807476454000000,0
workspaceModel.cachedValue.clear.count,1772807416434000000,1772807476454000000,0
workspaceModel.cachedValue.calculated.count,1772807416434000000,1772807476454000000,0
workspaceModel.workspaceFileIndexData.visitFileSets.ms,1772807416434000000,1772807476454000000,0
workspaceModel.pre.handlers.ms,1772807416434000000,1772807476454000000,0
workspaceModel.full.replace.project.model.ms,1772807416434000000,1772807476454000000,0
workspaceModel.updates.ms,1772807416434000000,1772807476454000000,0
workspaceModel.workspaceFileIndexData.markDirty.ms,1772807416434000000,1772807476454000000,0
workspaceModel.cachedValueWithParameters.clear.count,1772807416434000000,1772807476454000000,0
workspaceModel.collect.changes.ms,1772807416434000000,1772807476454000000,0
workspaceModel.updates.count,1772807416434000000,1772807476454000000,0
compiler.ArtifactManagerBridge.getArtifactsByType.ms,1772807416434000000,1772807476454000000,0
compiler.ArtifactManagerBridge.getArtifacts.ms,1772807416434000000,1772807476454000000,0
compiler.ArtifactManagerBridge.dropMappings.ms,1772807416434000000,1772807476454000000,0
compiler.ArtifactModifiableModelBridge.findArtifacts.ms,1772807416434000000,1772807476454000000,0
compiler.ArtifactManagerBridge.addArtifact.ms,1772807416434000000,1772807476454000000,0
compiler.ArtifactManagerBridge.initBridges.ms,1772807416434000000,1772807476454000000,0
compiler.ArtifactModifiableModelBridge.getArtifacts.ms,1772807416434000000,1772807476454000000,0
compiler.ArtifactVirtualFileListener.filePathChanged.ms,1772807416434000000,1772807476454000000,0
compiler.ArtifactModifiableModelBridge.dispose.ms,1772807416434000000,1772807476454000000,0
compiler.ArtifactManagerBridge.commit.ms,1772807416434000000,1772807476454000000,0
compiler.ArtifactModifiableModelBridge.getArtifactsByType.ms,1772807416434000000,1772807476454000000,0
compiler.ArtifactModifiableModelBridge.commit.ms,1772807416434000000,1772807476454000000,3
compiler.ArtifactModifiableModelBridge.addArtifact.ms,1772807416434000000,1772807476454000000,0
compiler.ArtifactVirtualFileListener.propertyChanged.ms,1772807416434000000,1772807476454000000,0
compiler.ArtifactManagerBridge.findArtifact.ms,1772807416434000000,1772807476454000000,0
VFS.fileByIdCache.misses,1772807416434000000,1772807476454000000,0
VFS.contentStorage.recordsDecompressionTimeUs,1772807416434000000,1772807476454000000,0
VFS.invertedFileNameIndex.requests,1772807416434000000,1772807476454000000,0
VFS.contentStorage.recordsUncompressedSize,1772807416434000000,1772807476454000000,0
VFS.rootsCount,1772807416434000000,1772807476454000000,317.0
VFS.contentStorage.recordsStored,1772807416434000000,1772807476454000000,0
VFS.folderCaseSensitivityReads,1772807416434000000,1772807476454000000,0
VFS.fileByIdCache.hits,1772807416434000000,1772807476454000000,0
VFS.fileChildByName,1772807416434000000,1772807476454000000,0
FileNameCache.totalMisses,1772807416434000000,1772807476454000000,0
VFS.cache.segmentsCreated,1772807416434000000,1772807476454000000,0
FileNameCache.queries,1772807416434000000,1772807476454000000,0
VFS.cache.filesCreated,1772807416434000000,1772807476454000000,0
VFS.contentStorage.recordsReadDecompressed,1772807416434000000,1772807476454000000,0
VFS.contentStorage.recordsReadSize,1772807416434000000,1772807476454000000,0
VFS.contentStorage.recordsStoredSize,1772807416434000000,1772807476454000000,0
VFS.contentStorage.recordsStoredCompressed,1772807416434000000,1772807476454000000,0
VFS.contentStorage.recordsDeduplicated,1772807416434000000,1772807476454000000,0
VFS.contentStorage.recordsRead,1772807416434000000,1772807476454000000,0
VFS.cache.directoriesCreated,1772807416434000000,1772807476454000000,0
VFS.cache.segments,1772807416434000000,1772807476454000000,231.0
DiskQueryRelay.tasksExecuted,1772807416434000000,1772807476454000000,0
DiskQueryRelay.taskWaitingTotalTimeUs,1772807416434000000,1772807476454000000,0
writeAction.count,1772807416434000000,1772807476454000000,0
LowMemory.gcOverloaded,1772807416434000000,1772807476454000000,0
writeAction.median.wait.ms,1772807416434000000,1772807476454000000,200
DiskQueryRelay.tasksRequested,1772807416434000000,1772807476454000000,0
LowMemory.gcLoad,1772807416434000000,1772807476454000000,0.0
writeAction.max.wait.ms,1772807416434000000,1772807476454000000,119
writeAction.wait.ms,1772807416434000000,1772807476454000000,0
DiskQueryRelay.taskExecutionTotalTimeUs,1772807416434000000,1772807476454000000,0
MappedFileStorage.totalPagesMapped,1772807416434000000,1772807476454000000,16
StorageLockContext.competingThreads.max,1772807416434000000,1772807476454000000,0
DirectByteBufferAllocator.misses,1772807416434000000,1772807476454000000,0
FilePageCache.pageHits,1772807416434000000,1772807476454000000,0
FilePageCache.totalPageLoadsUs,1772807416434000000,1772807476454000000,0
MappedFileStorage.storages,1772807416434000000,1772807476454000000,16
DirectByteBufferAllocator.hits,1772807416434000000,1772807476454000000,0
StorageLockContext.competingThreads.90P,1772807416434000000,1772807476454000000,0
DirectByteBufferAllocator.disposed,1772807416434000000,1772807476454000000,0
DirectByteBufferAllocator.totalSizeOfBuffersCachedInBytes,1772807416434000000,1772807476454000000,1048576
FilePageCache.disposedBuffers,1772807416434000000,1772807476454000000,0
MappedFileStorage.totalTimeSpentOnMappingUs,1772807416434000000,1772807476454000000,170039
MappedFileStorage.totalBytesMapped,1772807416434000000,1772807476454000000,202637312
StreamlinedBlobStorage.recordsDeleted,1772807416434000000,1772807476454000000,0
StreamlinedBlobStorage.recordsRelocated,1772807416434000000,1772807476454000000,0
StreamlinedBlobStorage.totalLiveRecordsCapacityBytes,1772807416434000000,1772807476454000000,0
FilePageCache.maxRegisteredFiles,1772807416434000000,1772807476454000000,1824
StreamlinedBlobStorage.recordsAllocated,1772807416434000000,1772807476454000000,0
FilePageCache.maxCacheSizeInBytes,1772807416434000000,1772807476454000000,629145600
FilePageCache.totalPageDisposalsUs,1772807416434000000,1772807476454000000,0
DirectByteBufferAllocator.totalSizeOfBuffersAllocatedInBytes,1772807416434000000,1772807476454000000,630194176
FilePageCache.pageFastCacheHits,1772807416434000000,1772807476454000000,0
FileChannelInterruptsRetryer.totalRetriedAttempts,1772807416434000000,1772807476454000000,0
StorageLockContext.competingThreads.avg,1772807416434000000,1772807476454000000,0.0
FilePageCache.pageLoadsAboveSizeThreshold,1772807416434000000,1772807476454000000,0
DirectByteBufferAllocator.reclaimed,1772807416434000000,1772807476454000000,0
FilePageCache.pageLoads,1772807416434000000,1772807476454000000,0
FilePageCache.capacityInBytes,1772807416434000000,1772807476454000000,629145600
StreamlinedBlobStorage.totalLiveRecordsPayloadBytes,1772807416434000000,1772807476454000000,0
FilePageCache.uncachedFileAccess,1772807416434000000,1772807476454000000,0
JVM.totalTimeAtSafepointsMs,1772807416434000000,1772807476454000000,0
MEM.fileMappingsRamBytes,1772807416434000000,1772807476454000000,730525696
JVM.GC.collectionTimesMs,1772807416434000000,1772807476454000000,0
JVM.usedHeapBytes,1772807416434000000,1772807476454000000,2317527488
MEM.ramBytes,1772807416434000000,1772807476454000000,5808652288
JVM.newThreadsCount,1772807416434000000,1772807476454000000,7
JVM.maxHeapBytes,1772807416434000000,1772807476454000000,28840034304
JVM.totalDirectByteBuffersBytes,1772807416434000000,1772807476454000000,632977562
JVM.totalBytesAllocated,1772807416434000000,1772807476454000000,20613120
JVM.threadCount,1772807416434000000,1772807476454000000,50
JVM.committedHeapBytes,1772807416434000000,1772807476454000000,3674210304
JVM.totalTimeToSafepointsMs,1772807416434000000,1772807476454000000,1
MEM.ramPlusSwapMinusFileMappingsBytes,1772807416434000000,1772807476454000000,5078126592
JVM.usedNativeBytes,1772807416434000000,1772807476454000000,489047288
JVM.totalSafepointCount,1772807416434000000,1772807476454000000,5
JVM.GC.collections,1772807416434000000,1772807476454000000,0
JVM.maxThreadCount,1772807416434000000,1772807476454000000,231
MEM.ramMinusFileMappingsBytes,1772807416434000000,1772807476454000000,5078126592
JVM.totalCpuTimeMs,1772807416434000000,1772807476454000000,2000
OS.loadAverage,1772807416434000000,1772807476454000000,1.5888671875
cacheStateStorage.get.counter,1772807416434000000,1772807476454000000,0
cacheStateStorage.set.counter,1772807416434000000,1772807476454000000,0
cacheStateStorage.set.duration,1772807416434000000,1772807476454000000,0
cacheStateStorage.get.duration,1772807416434000000,1772807476454000000,0
FlushQueue.executionTimeMaxNs,1772807416434000000,1772807476454000000,0
FlushQueue.executionTimeAvgNs,1772807416434000000,1772807476454000000,0.0
FlushQueue.waitingTimeAvgNs,1772807416434000000,1772807476454000000,0.0
FlushQueue.tasksExecuted,1772807416434000000,1772807476454000000,0
NonBlockingReadAction.failedExecutionsCount,1772807416434000000,1772807476454000000,0
FlushQueue.queueSize90P,1772807416434000000,1772807476454000000,0
AWTEventQueue.eventsDispatched,1772807416434000000,1772807476454000000,0
FlushQueue.waitingTimeMaxNs,1772807416434000000,1772807476454000000,0
NonBlockingReadAction.failedExecutionTimeUs,1772807416434000000,1772807476454000000,0
AWTEventQueue.dispatchTime90PNs,1772807416434000000,1772807476454000000,0
NonBlockingReadAction.finalizedExecutionTimeUs,1772807416434000000,1772807476454000000,0
NonBlockingReadAction.finalizedExecutionsCount,1772807416434000000,1772807476454000000,0
FlushQueue.queueSizeMax,1772807416434000000,1772807476454000000,0
ReadAction.executionsCount,1772807416434000000,1772807476454000000,3
FlushQueue.waitingTime90PNs,1772807416434000000,1772807476454000000,0
WriteAction.executionsCount,1772807416434000000,1772807476454000000,0
FlushQueue.executionTime90PNs,1772807416434000000,1772807476454000000,0
FlushQueue.queueSizeAvg,1772807416434000000,1772807476454000000,0.0
AWTEventQueue.dispatchTimeTotalNS,1772807416434000000,1772807476454000000,143211207
AWTEventQueue.dispatchTimeMaxNs,1772807416434000000,1772807476454000000,0
AWTEventQueue.dispatchTimeAvgNs,1772807416434000000,1772807476454000000,0.0
Indexing.cache.totalCacheMisses,1772807416434000000,1772807476454000000,0
Indexing.cache.totalCacheEvicted,1772807416434000000,1772807476454000000,0
Indexes.allKeys.lookupDurationAvgMs,1772807416434000000,1772807476454000000,0.0
Indexing.writer_1.totalTimeSpentWritingMs,1772807416434000000,1772807476454000000,0
Indexing.cache.totalCacheAccesses,1772807416434000000,1772807476454000000,0
Indexing.writer_3.totalTimeSpentWritingMs,1772807416434000000,1772807476454000000,0
Indexes.stubs.lookups,1772807416434000000,1772807476454000000,0
Indexes.allKeys.lookupDurationMaxMs,1772807416434000000,1772807476454000000,0.0
Indexes.stubs.lookupDurationMaxMs,1772807416434000000,1772807476454000000,0.0
Indexes.entries.lookupDurationMaxMs,1772807416434000000,1772807476454000000,0.0
Indexing.writer_0.totalTimeSpentWritingMs,1772807416434000000,1772807476454000000,0
Indexes.entries.lookupDuration90PMs,1772807416434000000,1772807476454000000,0.0
Indexing.totalTimeIndexersSleptMs,1772807416434000000,1772807476454000000,0
Indexing.writesQueuedMax,1772807416434000000,1772807476454000000,0
Indexes.allKeys.lookupDuration90PMs,1772807416434000000,1772807476454000000,0.0
Indexes.allKeys.lookups,1772807416434000000,1772807476454000000,0
Indexes.stubs.lookupDuration90PMs,1772807416434000000,1772807476454000000,0.0
Indexing.writer_2.totalTimeSpentWritingMs,1772807416434000000,1772807476454000000,0
Indexing.writesQueuedMin,1772807416434000000,1772807476454000000,9223372036854775807
Indexes.stubs.lookupDurationAvgMs,1772807416434000000,1772807476454000000,0.0
Indexes.entries.lookups,1772807416434000000,1772807476454000000,0
Indexes.entries.lookupDurationAvgMs,1772807416434000000,1772807476454000000,0.0
jps.library.entities.serializer.save.entities.ms,1772807416434000000,1772807476454000000,0
workspaceModel.load.cache.from.file.ms,1772807416434000000,1772807476454000000,0
workspaceModel.moduleManagerBridge.load.all.modules.ms,1772807416434000000,1772807476454000000,0
workspaceModel.mutableEntityStorage.put.entity.ms,1772807416434000000,1772807476454000000,0
workspaceModel.moduleBridge.update.option.ms,1772807416434000000,1772807476454000000,0
jps.reload.project.entities.ms,1772807416434000000,1772807476454000000,0
workspaceModel.moduleManagerBridge.set.unloadedModules.ms,1772807416434000000,1772807476454000000,0
jps.apply.loaded.storage.ms,1772807416434000000,1772807476454000000,0
jps.module.iml.entities.serializer.save.entities.ms,1772807416434000000,1772807476454000000,0
workspaceModel.moduleBridge.facet.initialization.ms,1772807416434000000,1772807476454000000,0
jps.modifiable.module.model.bridge.new.module.ms,1772807416434000000,1772807476454000000,0
workspaceModel.mutableEntityStorage.changeLog.addReplaceEventForNewParent.ms,1772807416434000000,1772807476454000000,0
jps.artifact.entities.serializer.load.entities.ms,1772807416434000000,1772807476454000000,0
workspaceModel.mutableEntityStorage.mutable.ext.mapping.ms,1772807416434000000,1772807476454000000,0
workspaceModel.delayed.project.synchronizer.sync.ms,1772807416434000000,1772807476454000000,0
workspaceModel.sync.entities.ms,1772807416434000000,1772807476454000000,0
workspaceModel.moduleManagerBridge.create.module.instance.ms,1772807416434000000,1772807476454000000,0
jps.load.project.to.empty.storage.ms,1772807416434000000,1772807476454000000,0
workspaceModel.mutableEntityStorage.referrers.ms,1772807416434000000,1772807476454000000,0
jps.global.initialize.library.bridges.ms,1772807416434000000,1772807476454000000,0
workspaceModel.moduleBridgeLoader.loading.modules.ms,1772807416434000000,1772807476454000000,0
workspaceModel.mutableEntityStorage.replace.by.source.ms,1772807416434000000,1772807476454000000,0
workspaceModel.mutableEntityStorage.has.same.entities.ms,1772807416434000000,1772807476454000000,0
jps.app.storage.content.reader.load.component.ms,1772807416434000000,1772807476454000000,0
jps.load.initial.state.ms,1772807416434000000,1772807476454000000,0
workspaceModel.global.updates.count,1772807416434000000,1772807476454000000,0
workspaceModel.mutableEntityStorage.changeLog.addReplaceEventForNewChild.ms,1772807416434000000,1772807476454000000,0
jps.global.handle.changed.events.ms,1772807416434000000,1772807476454000000,0
workspaceModel.mutableEntityStorage.collect.changes.ms,1772807416434000000,1772807476454000000,0
workspaceModel.mutableEntityStorage.instances.count,1772807416434000000,1772807476454000000,0
workspaceModel.mutableEntityStorage.add.entity.ms,1772807416434000000,1772807476454000000,0
workspaceModel.global.apply.state.to.project.builder.ms,1772807416434000000,1772807476454000000,0
jps.modifiable.module.model.bridge.renaming.ms,1772807416434000000,1772807476454000000,0
workspaceModel.moduleManagerBridge.newModule.ms,1772807416434000000,1772807476454000000,0
jps.modifiable.module.model.bridge.disposing.ms,1772807416434000000,1772807476454000000,0
workspaceModel.orphan.listener.update.ms,1772807416434000000,1772807476454000000,0
workspaceModel.mutableEntityStorage.entities.by.source.ms,1772807416434000000,1772807476454000000,0
jps.artifact.entities.serializer.save.entities.ms,1772807416434000000,1772807476454000000,0
workspaceModel.mutableEntityStorage.changeLog.addReplaceEventForRemovedParent.ms,1772807416434000000,1772807476454000000,0
jps.project.serializers.load.ms,1772807416434000000,1772807476454000000,0
workspaceModel.mutableEntityStorage.hasReferrers.ms,1772807416434000000,1772807476454000000,0
workspaceModel.global.apply.state.to.project.ms,1772807416434000000,1772807476454000000,0
workspaceModel.do.save.caches.ms,1772807416434000000,1772807476454000000,0
jps.global.initialize.library.bridges.after.loading.ms,1772807416434000000,1772807476454000000,0
workspaceModel.mutableEntityStorage.resolve.ms,1772807416434000000,1772807476454000000,0
jps.global.get.libraries.ms,1772807416434000000,1772807476454000000,0
jps.facet.change.listener.process.change.events.ms,1772807416434000000,1772807476454000000,0
jps.library.entities.serializer.load.entities.ms,1772807416434000000,1772807476454000000,0
workspaceModel.mutableEntityStorage.changeLog.addReplaceEventForRemovedChild.ms,1772807416434000000,1772807476454000000,0
jps.global.get.library.ms,1772807416434000000,1772807476454000000,0
jps.storage.jps.conf.reader.load.component.ms,1772807416434000000,1772807476454000000,0
jps.module.iml.entities.serializer.load.entities.ms,1772807416434000000,1772807476454000000,0
jps.module.dependency.index.workspace.model.listener.on.changed.ms,1772807416434000000,1772807476454000000,0
workspaceModel.moduleBridge.before.changed.ms,1772807416434000000,1772807476454000000,0
jps.save.global.entities.ms,1772807416434000000,1772807476454000000,0
workspaceModel.moduleManagerBridge.new.nonPersistent.module.ms,1772807416434000000,1772807476454000000,0
jps.global.get.library.by.name.ms,1772807416434000000,1772807476454000000,0
workspaceModel.mutableEntityStorage.remove.entity.ms,1772807416434000000,1772807476454000000,0
workspaceModel.moduleManagerBridge.build.module.graph.ms,1772807416434000000,1772807476454000000,0
workspaceModel.moduleManagerBridge.get.modules.ms,1772807416434000000,1772807476454000000,0
jps.project.serializers.save.ms,1772807416434000000,1772807476454000000,0
workspaceModel.mutableEntityStorage.apply.changes.from.ms,1772807416434000000,1772807476454000000,0
workspaceModel.save.cache.to.file.ms,1772807416434000000,1772807476454000000,0
workspaceModel.mutableEntityStorage.entities.ms,1772807416434000000,1772807476454000000,0
workspaceModel.global.updates.ms,1772807416434000000,1772807476454000000,0
workspaceModel.moduleManagerBridge.load.module.ms,1772807416434000000,1772807476454000000,0
workspaceModel.mutableEntityStorage.to.snapshot.ms,1772807416434000000,1772807476454000000,0
workspaceModel.load.cache.metadata.from.file.ms,1772807416434000000,1772807476454000000,0
jps.facet.change.listener.init.bridge.ms,1772807416434000000,1772807476454000000,0
jps.modifiable.module.model.bridge.load.module.ms,1772807416434000000,1772807476454000000,0
workspaceModel.mutableEntityStorage.mutable.vfurl.index.ms,1772807416434000000,1772807476454000000,0
workspaceModel.mutableEntityStorage.modify.entity.ms,1772807416434000000,1772807476454000000,0
jps.global.handle.before.change.events.ms,1772807416434000000,1772807476454000000,0
jps.facet.change.listener.before.change.events.ms,1772807416434000000,1772807476454000000,0
jps.save.changed.project.entities.ms,1772807416434000000,1772807476454000000,0
workspaceModel.replace.project.model.ms,1772807476454000000,1772807527775000000,0
workspaceModel.workspaceFileIndexData.onEntitiesChanged.ms,1772807476454000000,1772807527775000000,0
workspaceModel.init.bridges.ms,1772807476454000000,1772807527775000000,0
workspaceModel.workspaceFileIndexData.instances.count,1772807476454000000,1772807527775000000,0
workspaceModel.initializing.ms,1772807476454000000,1772807527775000000,0
workspaceModel.updates.precise.ms,1772807476454000000,1772807527775000000,0
workspaceModel.on.changed.ms,1772807476454000000,1772807527775000000,0
workspaceModel.check.recursive.update.ms,1772807476454000000,1772807527775000000,0
workspaceModel.workspaceFileIndexData.getFileInfo.ms,1772807476454000000,1772807527775000000,1362
workspaceModel.workspaceFileIndexData.processFileSets.ms,1772807476454000000,1772807527775000000,0
workspaceModel.update.unloaded.entities.ms,1772807476454000000,1772807527775000000,0
workspaceModel.workspaceFileIndexData.getDirectoriesByPackageName.ms,1772807476454000000,1772807527775000000,8
workspaceModel.cachedValue.from.cache.count,1772807476454000000,1772807527775000000,17381
workspaceModel.loading.from.cache.ms,1772807476454000000,1772807527775000000,1
workspaceModel.cachedValueWithParameters.calculated.count,1772807476454000000,1772807527775000000,1
workspaceModel.workspaceFileIndexContributor.registerFileSets.ms,1772807476454000000,1772807527775000000,0
workspaceModel.cachedValueWithParameters.total.get.count,1772807476454000000,1772807527775000000,557
workspaceModel.on.before.changed.ms,1772807476454000000,1772807527775000000,0
workspaceModel.loading.total.ms,1772807476454000000,1772807527775000000,1
workspaceModel.workspaceFileIndexData.init.ms,1772807476454000000,1772807527775000000,0
workspaceModel.workspaceFileIndexData.getPackageName.ms,1772807476454000000,1772807527775000000,4
workspaceModel.workspaceFileIndexData.updateDirtyEntities.ms,1772807476454000000,1772807527775000000,0
workspaceModel.cachedValueWithParameters.from.cache.count,1772807476454000000,1772807527775000000,556
workspaceModel.to.snapshot.ms,1772807476454000000,1772807527775000000,0
workspaceModel.cachedValue.total.get.count,1772807476454000000,1772807527775000000,17385
workspaceModel.entityStorageSnapshotImpl.instances.count,1772807476454000000,1772807527775000000,1
workspaceModel.cachedValue.clear.count,1772807476454000000,1772807527775000000,0
workspaceModel.cachedValue.calculated.count,1772807476454000000,1772807527775000000,4
workspaceModel.workspaceFileIndexData.visitFileSets.ms,1772807476454000000,1772807527775000000,3
workspaceModel.pre.handlers.ms,1772807476454000000,1772807527775000000,0
workspaceModel.full.replace.project.model.ms,1772807476454000000,1772807527775000000,0
workspaceModel.updates.ms,1772807476454000000,1772807527775000000,0
workspaceModel.workspaceFileIndexData.markDirty.ms,1772807476454000000,1772807527775000000,0
workspaceModel.cachedValueWithParameters.clear.count,1772807476454000000,1772807527775000000,0
workspaceModel.collect.changes.ms,1772807476454000000,1772807527775000000,0
workspaceModel.updates.count,1772807476454000000,1772807527775000000,0
compiler.ArtifactManagerBridge.getArtifactsByType.ms,1772807476454000000,1772807527775000000,0
compiler.ArtifactManagerBridge.getArtifacts.ms,1772807476454000000,1772807527775000000,0
compiler.ArtifactManagerBridge.dropMappings.ms,1772807476454000000,1772807527775000000,0
compiler.ArtifactModifiableModelBridge.findArtifacts.ms,1772807476454000000,1772807527775000000,0
compiler.ArtifactManagerBridge.addArtifact.ms,1772807476454000000,1772807527775000000,0
compiler.ArtifactManagerBridge.initBridges.ms,1772807476454000000,1772807527775000000,0
compiler.ArtifactModifiableModelBridge.getArtifacts.ms,1772807476454000000,1772807527775000000,0
compiler.ArtifactVirtualFileListener.filePathChanged.ms,1772807476454000000,1772807527775000000,0
compiler.ArtifactModifiableModelBridge.dispose.ms,1772807476454000000,1772807527775000000,0
compiler.ArtifactManagerBridge.commit.ms,1772807476454000000,1772807527775000000,0
compiler.ArtifactModifiableModelBridge.getArtifactsByType.ms,1772807476454000000,1772807527775000000,0
compiler.ArtifactModifiableModelBridge.commit.ms,1772807476454000000,1772807527775000000,3
compiler.ArtifactModifiableModelBridge.addArtifact.ms,1772807476454000000,1772807527775000000,0
compiler.ArtifactVirtualFileListener.propertyChanged.ms,1772807476454000000,1772807527775000000,0
compiler.ArtifactManagerBridge.findArtifact.ms,1772807476454000000,1772807527775000000,0
lexer.XML.size.bytes,1772807476454000000,1772807527775000000,11789254
lexer.RegExp.time.ns,1772807476454000000,1772807527775000000,282041
parser.ECMAScript.6.size.bytes,1772807476454000000,1772807527775000000,396053
DiskQueryRelay.tasksExecuted,1772807476454000000,1772807527775000000,13599
parser.JQuery-CSS.time.ns,1772807476454000000,1772807527775000000,2511406
lexer.Lombok.Config.time.ns,1772807476454000000,1772807527775000000,77708
lexer.HTML.time.ns,1772807476454000000,1772807527775000000,217254754
parser.Groovy.time.ns,1772807476454000000,1772807527775000000,58660419
parser.SVG.time.ns,1772807476454000000,1772807527775000000,684750
parser.yaml.time.ns,1772807476454000000,1772807527775000000,4541585
lexer.RegExp.size.bytes,1772807476454000000,1772807527775000000,163
parser.CSS.size.bytes,1772807476454000000,1772807527775000000,407636
parser.Properties.size.bytes,1772807476454000000,1772807527775000000,14761
lexer.Shell.Script.time.ns,1772807476454000000,1772807527775000000,2691583
DiskQueryRelay.taskWaitingTotalTimeUs,1772807476454000000,1772807527775000000,3384284
lexer.JQuery-CSS.time.ns,1772807476454000000,1772807527775000000,380204
writeAction.count,1772807476454000000,1772807527775000000,24
LowMemory.gcOverloaded,1772807476454000000,1772807527775000000,0
lexer.Groovy.size.bytes,1772807476454000000,1772807527775000000,12725
parser.JSON.time.ns,1772807476454000000,1772807527775000000,2175963655
lexer.textmate.size.bytes,1772807476454000000,1772807527775000000,5301912
writeAction.median.wait.ms,1772807476454000000,1772807527775000000,200
lexer.SVG.time.ns,1772807476454000000,1772807527775000000,367417
parser.JAVA.size.bytes,1772807476454000000,1772807527775000000,227349
parser.Shell.Script.time.ns,1772807476454000000,1772807527775000000,57324290
parser.yaml.size.bytes,1772807476454000000,1772807527775000000,27256
parser.Groovy.size.bytes,1772807476454000000,1772807527775000000,12725
parser.Shell.Script.size.bytes,1772807476454000000,1772807527775000000,24940
parser.textmate.time.ns,1772807476454000000,1772807527775000000,1018915
parser.RegExp.time.ns,1772807476454000000,1772807527775000000,3766917
parser.RegExp.size.bytes,1772807476454000000,1772807527775000000,163
lexer.yaml.size.bytes,1772807476454000000,1772807527775000000,27256
lexer.Shell.Script.size.bytes,1772807476454000000,1772807527775000000,24940
lexer.HTML.size.bytes,1772807476454000000,1772807527775000000,4476049
lexer.JSON.time.ns,1772807476454000000,1772807527775000000,391548747
parser.JSON.size.bytes,1772807476454000000,1772807527775000000,35411075
parser.IgnoreLang.time.ns,1772807476454000000,1772807527775000000,533708
lexer.ECMAScript.6.time.ns,1772807476454000000,1772807527775000000,128542
parser.Properties.time.ns,1772807476454000000,1772807527775000000,996623
DiskQueryRelay.tasksRequested,1772807476454000000,1772807527775000000,13859
lexer.Properties.size.bytes,1772807476454000000,1772807527775000000,14761
parser.SVG.size.bytes,1772807476454000000,1772807527775000000,17961
lexer.ECMAScript.6.size.bytes,1772807476454000000,1772807527775000000,7342
lexer.JQuery-CSS.size.bytes,1772807476454000000,1772807527775000000,4620
lexer.yaml.time.ns,1772807476454000000,1772807527775000000,2260669
parser.Lombok.Config.size.bytes,1772807476454000000,1772807527775000000,137
parser.IgnoreLang.size.bytes,1772807476454000000,1772807527775000000,444
parser.HTML.size.bytes,1772807476454000000,1772807527775000000,4476049
lexer.JAVA.size.bytes,1772807476454000000,1772807527775000000,222183
parser.ECMAScript.6.time.ns,1772807476454000000,1772807527775000000,28282706
LowMemory.gcLoad,1772807476454000000,1772807527775000000,0.0
lexer.JSON.size.bytes,1772807476454000000,1772807527775000000,35814107
parser.Lombok.Config.time.ns,1772807476454000000,1772807527775000000,101416
lexer.Lombok.Config.size.bytes,1772807476454000000,1772807527775000000,137
parser.JAVA.time.ns,1772807476454000000,1772807527775000000,238963298
lexer.Properties.time.ns,1772807476454000000,1772807527775000000,246747
writeAction.max.wait.ms,1772807476454000000,1772807527775000000,119
writeAction.wait.ms,1772807476454000000,1772807527775000000,4
lexer.CSS.time.ns,1772807476454000000,1772807527775000000,18223817
lexer.Groovy.time.ns,1772807476454000000,1772807527775000000,2710718
parser.CSS.time.ns,1772807476454000000,1772807527775000000,74256088
lexer.IgnoreLang.size.bytes,1772807476454000000,1772807527775000000,444
lexer.CSS.size.bytes,1772807476454000000,1772807527775000000,407636
lexer.textmate.time.ns,1772807476454000000,1772807527775000000,229417
parser.HTML.time.ns,1772807476454000000,1772807527775000000,244613659
lexer.IgnoreLang.time.ns,1772807476454000000,1772807527775000000,131834
lexer.XML.time.ns,1772807476454000000,1772807527775000000,211611539
parser.XML.size.bytes,1772807476454000000,1772807527775000000,11789254
parser.XML.time.ns,1772807476454000000,1772807527775000000,454009708
parser.textmate.size.bytes,1772807476454000000,1772807527775000000,5301912
lexer.SVG.size.bytes,1772807476454000000,1772807527775000000,17961
lexer.JAVA.time.ns,1772807476454000000,1772807527775000000,20720532
DiskQueryRelay.taskExecutionTotalTimeUs,1772807476454000000,1772807527775000000,2147374
parser.JQuery-CSS.size.bytes,1772807476454000000,1772807527775000000,4620
StorageLockContext.competingThreads.max,1772807476454000000,1772807527775000000,0
DirectByteBufferAllocator.misses,1772807476454000000,1772807527775000000,0
FilePageCache.pageHits,1772807476454000000,1772807527775000000,2380
FilePageCache.totalPageLoadsUs,1772807476454000000,1772807527775000000,19576
DirectByteBufferAllocator.hits,1772807476454000000,1772807527775000000,32
StorageLockContext.competingThreads.90P,1772807476454000000,1772807527775000000,0
DirectByteBufferAllocator.disposed,1772807476454000000,1772807527775000000,561
DirectByteBufferAllocator.totalSizeOfBuffersCachedInBytes,1772807476454000000,1772807527775000000,41943040
FilePageCache.disposedBuffers,1772807476454000000,1772807527775000000,632
FilePageCache.maxRegisteredFiles,1772807476454000000,1772807527775000000,1827
FilePageCache.maxCacheSizeInBytes,1772807476454000000,1772807527775000000,629145600
FilePageCache.totalPageDisposalsUs,1772807476454000000,1772807527775000000,19
DirectByteBufferAllocator.totalSizeOfBuffersAllocatedInBytes,1772807476454000000,1772807527775000000,41943040
FilePageCache.pageFastCacheHits,1772807476454000000,1772807527775000000,76272
FileChannelInterruptsRetryer.totalRetriedAttempts,1772807476454000000,1772807527775000000,0
StorageLockContext.competingThreads.avg,1772807476454000000,1772807527775000000,0.0
FilePageCache.pageLoadsAboveSizeThreshold,1772807476454000000,1772807527775000000,32
DirectByteBufferAllocator.reclaimed,1772807476454000000,1772807527775000000,71
FilePageCache.pageLoads,1772807476454000000,1772807527775000000,0
FilePageCache.capacityInBytes,1772807476454000000,1772807527775000000,629145600
FilePageCache.uncachedFileAccess,1772807476454000000,1772807527775000000,52
JVM.totalTimeAtSafepointsMs,1772807476454000000,1772807527775000000,1150
MEM.fileMappingsRamBytes,1772807476454000000,1772807527775000000,935903232
JVM.GC.collectionTimesMs,1772807476454000000,1772807527775000000,1065
JVM.usedHeapBytes,1772807476454000000,1772807527775000000,2281670272
MEM.ramBytes,1772807476454000000,1772807527775000000,6203404288
JVM.newThreadsCount,1772807476454000000,1772807527775000000,96
JVM.maxHeapBytes,1772807476454000000,1772807527775000000,28840034304
JVM.totalDirectByteBuffersBytes,1772807476454000000,1772807527775000000,59206690
JVM.totalBytesAllocated,1772807476454000000,1772807527775000000,36182300720
JVM.threadCount,1772807476454000000,1772807527775000000,91
JVM.committedHeapBytes,1772807476454000000,1772807527775000000,3556769792
JVM.totalTimeToSafepointsMs,1772807476454000000,1772807527775000000,219
MEM.ramPlusSwapMinusFileMappingsBytes,1772807476454000000,1772807527775000000,5267501056
JVM.usedNativeBytes,1772807476454000000,1772807527775000000,629129064
JVM.totalSafepointCount,1772807476454000000,1772807527775000000,381
JVM.GC.collections,1772807476454000000,1772807527775000000,47
JVM.maxThreadCount,1772807476454000000,1772807527775000000,231
MEM.ramMinusFileMappingsBytes,1772807476454000000,1772807527775000000,5267501056
JVM.totalCpuTimeMs,1772807476454000000,1772807527775000000,151930
OS.loadAverage,1772807476454000000,1772807527775000000,3.80712890625
cacheStateStorage.get.counter,1772807476454000000,1772807527775000000,0
cacheStateStorage.set.counter,1772807476454000000,1772807527775000000,131
cacheStateStorage.set.duration,1772807476454000000,1772807527775000000,10
cacheStateStorage.get.duration,1772807476454000000,1772807527775000000,0
NonBlockingReadAction.failedExecutionsCount,1772807476454000000,1772807527775000000,0
NonBlockingReadAction.failedExecutionTimeUs,1772807476454000000,1772807527775000000,0
NonBlockingReadAction.finalizedExecutionTimeUs,1772807476454000000,1772807527775000000,125468
NonBlockingReadAction.finalizedExecutionsCount,1772807476454000000,1772807527775000000,294
AWTEventQueue.dispatchTimeTotalNS,1772807476454000000,1772807527775000000,598322505
Indexing.cache.totalCacheMisses,1772807476454000000,1772807527775000000,97621
Indexing.cache.totalCacheEvicted,1772807476454000000,1772807527775000000,98754
Indexes.allKeys.lookupDurationAvgMs,1772807476454000000,1772807527775000000,0.0
Indexing.writer_1.totalTimeSpentWritingMs,1772807476454000000,1772807527775000000,31
Indexing.cache.totalCacheAccesses,1772807476454000000,1772807527775000000,307779
Indexing.writer_3.totalTimeSpentWritingMs,1772807476454000000,1772807527775000000,3
Indexes.stubs.lookups,1772807476454000000,1772807527775000000,113798
Indexes.allKeys.lookupDurationMaxMs,1772807476454000000,1772807527775000000,0.0
Indexes.stubs.lookupDurationMaxMs,1772807476454000000,1772807527775000000,0.0
Indexes.entries.lookupDurationMaxMs,1772807476454000000,1772807527775000000,0.0
Indexing.writer_0.totalTimeSpentWritingMs,1772807476454000000,1772807527775000000,23
Indexes.entries.lookupDuration90PMs,1772807476454000000,1772807527775000000,0.0
Indexing.totalTimeIndexersSleptMs,1772807476454000000,1772807527775000000,0
Indexing.writesQueuedMax,1772807476454000000,1772807527775000000,0
Indexes.allKeys.lookupDuration90PMs,1772807476454000000,1772807527775000000,0.0
Indexes.allKeys.lookups,1772807476454000000,1772807527775000000,2
Indexes.stubs.lookupDuration90PMs,1772807476454000000,1772807527775000000,0.0
Indexing.writer_2.totalTimeSpentWritingMs,1772807476454000000,1772807527775000000,2
Indexing.writesQueuedMin,1772807476454000000,1772807527775000000,9223372036854775807
Indexes.stubs.lookupDurationAvgMs,1772807476454000000,1772807527775000000,0.0
Indexes.entries.lookups,1772807476454000000,1772807527775000000,7773
Indexes.entries.lookupDurationAvgMs,1772807476454000000,1772807527775000000,0.0
jps.library.entities.serializer.save.entities.ms,1772807476454000000,1772807527775000000,4
workspaceModel.load.cache.from.file.ms,1772807476454000000,1772807527775000000,0
workspaceModel.moduleManagerBridge.load.all.modules.ms,1772807476454000000,1772807527775000000,0
workspaceModel.mutableEntityStorage.put.entity.ms,1772807476454000000,1772807527775000000,0
workspaceModel.moduleBridge.update.option.ms,1772807476454000000,1772807527775000000,0
jps.reload.project.entities.ms,1772807476454000000,1772807527775000000,0
workspaceModel.moduleManagerBridge.set.unloadedModules.ms,1772807476454000000,1772807527775000000,0
jps.apply.loaded.storage.ms,1772807476454000000,1772807527775000000,0
jps.module.iml.entities.serializer.save.entities.ms,1772807476454000000,1772807527775000000,14
workspaceModel.moduleBridge.facet.initialization.ms,1772807476454000000,1772807527775000000,0
jps.modifiable.module.model.bridge.new.module.ms,1772807476454000000,1772807527775000000,0
workspaceModel.mutableEntityStorage.changeLog.addReplaceEventForNewParent.ms,1772807476454000000,1772807527775000000,0
jps.artifact.entities.serializer.load.entities.ms,1772807476454000000,1772807527775000000,0
workspaceModel.mutableEntityStorage.mutable.ext.mapping.ms,1772807476454000000,1772807527775000000,0
workspaceModel.delayed.project.synchronizer.sync.ms,1772807476454000000,1772807527775000000,0
workspaceModel.sync.entities.ms,1772807476454000000,1772807527775000000,0
workspaceModel.moduleManagerBridge.create.module.instance.ms,1772807476454000000,1772807527775000000,0
jps.load.project.to.empty.storage.ms,1772807476454000000,1772807527775000000,0
workspaceModel.mutableEntityStorage.referrers.ms,1772807476454000000,1772807527775000000,0
jps.global.initialize.library.bridges.ms,1772807476454000000,1772807527775000000,0
workspaceModel.moduleBridgeLoader.loading.modules.ms,1772807476454000000,1772807527775000000,0
workspaceModel.mutableEntityStorage.replace.by.source.ms,1772807476454000000,1772807527775000000,0
workspaceModel.mutableEntityStorage.has.same.entities.ms,1772807476454000000,1772807527775000000,0
jps.app.storage.content.reader.load.component.ms,1772807476454000000,1772807527775000000,0
jps.load.initial.state.ms,1772807476454000000,1772807527775000000,0
workspaceModel.global.updates.count,1772807476454000000,1772807527775000000,0
workspaceModel.mutableEntityStorage.changeLog.addReplaceEventForNewChild.ms,1772807476454000000,1772807527775000000,0
jps.global.handle.changed.events.ms,1772807476454000000,1772807527775000000,0
workspaceModel.mutableEntityStorage.collect.changes.ms,1772807476454000000,1772807527775000000,0
workspaceModel.mutableEntityStorage.instances.count,1772807476454000000,1772807527775000000,1
workspaceModel.mutableEntityStorage.add.entity.ms,1772807476454000000,1772807527775000000,0
workspaceModel.global.apply.state.to.project.builder.ms,1772807476454000000,1772807527775000000,0
jps.modifiable.module.model.bridge.renaming.ms,1772807476454000000,1772807527775000000,0
workspaceModel.moduleManagerBridge.newModule.ms,1772807476454000000,1772807527775000000,0
jps.modifiable.module.model.bridge.disposing.ms,1772807476454000000,1772807527775000000,0
workspaceModel.orphan.listener.update.ms,1772807476454000000,1772807527775000000,0
workspaceModel.mutableEntityStorage.entities.by.source.ms,1772807476454000000,1772807527775000000,0
jps.artifact.entities.serializer.save.entities.ms,1772807476454000000,1772807527775000000,0
workspaceModel.mutableEntityStorage.changeLog.addReplaceEventForRemovedParent.ms,1772807476454000000,1772807527775000000,0
jps.project.serializers.load.ms,1772807476454000000,1772807527775000000,0
workspaceModel.mutableEntityStorage.hasReferrers.ms,1772807476454000000,1772807527775000000,0
workspaceModel.global.apply.state.to.project.ms,1772807476454000000,1772807527775000000,0
workspaceModel.do.save.caches.ms,1772807476454000000,1772807527775000000,0
jps.global.initialize.library.bridges.after.loading.ms,1772807476454000000,1772807527775000000,0
workspaceModel.mutableEntityStorage.resolve.ms,1772807476454000000,1772807527775000000,0
jps.global.get.libraries.ms,1772807476454000000,1772807527775000000,0
jps.app.storage.content.writer.save.component.ms,1772807476454000000,1772807527775000000,5
jps.facet.change.listener.process.change.events.ms,1772807476454000000,1772807527775000000,0
jps.library.entities.serializer.load.entities.ms,1772807476454000000,1772807527775000000,0
workspaceModel.mutableEntityStorage.changeLog.addReplaceEventForRemovedChild.ms,1772807476454000000,1772807527775000000,0
jps.global.get.library.ms,1772807476454000000,1772807527775000000,0
jps.storage.jps.conf.reader.load.component.ms,1772807476454000000,1772807527775000000,0
jps.module.iml.entities.serializer.load.entities.ms,1772807476454000000,1772807527775000000,0
jps.module.dependency.index.workspace.model.listener.on.changed.ms,1772807476454000000,1772807527775000000,0
workspaceModel.moduleBridge.before.changed.ms,1772807476454000000,1772807527775000000,0
jps.save.global.entities.ms,1772807476454000000,1772807527775000000,25
workspaceModel.moduleManagerBridge.new.nonPersistent.module.ms,1772807476454000000,1772807527775000000,0
jps.global.get.library.by.name.ms,1772807476454000000,1772807527775000000,0
workspaceModel.mutableEntityStorage.remove.entity.ms,1772807476454000000,1772807527775000000,0
workspaceModel.moduleManagerBridge.build.module.graph.ms,1772807476454000000,1772807527775000000,0
workspaceModel.moduleManagerBridge.get.modules.ms,1772807476454000000,1772807527775000000,0
jps.project.serializers.save.ms,1772807476454000000,1772807527775000000,24
workspaceModel.mutableEntityStorage.apply.changes.from.ms,1772807476454000000,1772807527775000000,0
workspaceModel.save.cache.to.file.ms,1772807476454000000,1772807527775000000,0
workspaceModel.mutableEntityStorage.entities.ms,1772807476454000000,1772807527775000000,0
workspaceModel.global.updates.ms,1772807476454000000,1772807527775000000,0
workspaceModel.moduleManagerBridge.load.module.ms,1772807476454000000,1772807527775000000,0
workspaceModel.mutableEntityStorage.to.snapshot.ms,1772807476454000000,1772807527775000000,0
workspaceModel.load.cache.metadata.from.file.ms,1772807476454000000,1772807527775000000,0
jps.facet.change.listener.init.bridge.ms,1772807476454000000,1772807527775000000,0
jps.modifiable.module.model.bridge.load.module.ms,1772807476454000000,1772807527775000000,0
workspaceModel.mutableEntityStorage.mutable.vfurl.index.ms,1772807476454000000,1772807527775000000,0
workspaceModel.mutableEntityStorage.modify.entity.ms,1772807476454000000,1772807527775000000,0
jps.global.handle.before.change.events.ms,1772807476454000000,1772807527775000000,0
jps.facet.change.listener.before.change.events.ms,1772807476454000000,1772807527775000000,0
jps.save.changed.project.entities.ms,1772807476454000000,1772807527775000000,24
