# OpenTelemetry Metrics report: .csv, 4 fields: 
# <metric name>, <period start, nanoseconds>, <period end, nanoseconds>, <metric value>
# See CsvMetricsExporter for details.
# 
# NAME, PERIOD_START_NANOS, PERIOD_END_NANOS, VALUE
workspaceModel.loading.total.ms,1772463287882000000,1772463348020000000,2
workspaceModel.cachedValueWithParameters.clear.count,1772463287882000000,1772463348020000000,0
workspaceModel.workspaceFileIndexData.getPackageName.ms,1772463287882000000,1772463348020000000,0
workspaceModel.updates.ms,1772463287882000000,1772463348020000000,195
workspaceModel.workspaceFileIndexData.onEntitiesChanged.ms,1772463287882000000,1772463348020000000,36
workspaceModel.cachedValue.clear.count,1772463287882000000,1772463348020000000,2
workspaceModel.on.before.changed.ms,1772463287882000000,1772463348020000000,65
workspaceModel.update.unloaded.entities.ms,1772463287882000000,1772463348020000000,0
workspaceModel.entityStorageSnapshotImpl.instances.count,1772463287882000000,1772463348020000000,62
workspaceModel.workspaceFileIndexData.getDirectoriesByPackageName.ms,1772463287882000000,1772463348020000000,0
workspaceModel.workspaceFileIndexData.processFileSets.ms,1772463287882000000,1772463348020000000,0
workspaceModel.initializing.ms,1772463287882000000,1772463348020000000,24
workspaceModel.cachedValue.from.cache.count,1772463287882000000,1772463348020000000,13699
workspaceModel.check.recursive.update.ms,1772463287882000000,1772463348020000000,2
workspaceModel.init.bridges.ms,1772463287882000000,1772463348020000000,27
workspaceModel.workspaceFileIndexData.instances.count,1772463287882000000,1772463348020000000,1
workspaceModel.collect.changes.ms,1772463287882000000,1772463348020000000,0
workspaceModel.updates.precise.ms,1772463287882000000,1772463348020000000,27
workspaceModel.on.changed.ms,1772463287882000000,1772463348020000000,131
workspaceModel.cachedValue.total.get.count,1772463287882000000,1772463348020000000,13852
workspaceModel.workspaceFileIndexData.visitFileSets.ms,1772463287882000000,1772463348020000000,90
workspaceModel.full.replace.project.model.ms,1772463287882000000,1772463348020000000,58
workspaceModel.workspaceFileIndexData.updateDirtyEntities.ms,1772463287882000000,1772463348020000000,0
workspaceModel.workspaceFileIndexData.markDirty.ms,1772463287882000000,1772463348020000000,0
workspaceModel.workspaceFileIndexData.getFileInfo.ms,1772463287882000000,1772463348020000000,568
workspaceModel.replace.project.model.ms,1772463287882000000,1772463348020000000,45
workspaceModel.cachedValue.calculated.count,1772463287882000000,1772463348020000000,153
workspaceModel.pre.handlers.ms,1772463287882000000,1772463348020000000,2
workspaceModel.to.snapshot.ms,1772463287882000000,1772463348020000000,2
workspaceModel.updates.count,1772463287882000000,1772463348020000000,17
workspaceModel.cachedValueWithParameters.total.get.count,1772463287882000000,1772463348020000000,0
workspaceModel.workspaceFileIndexContributor.registerFileSets.ms,1772463287882000000,1772463348020000000,32
workspaceModel.loading.from.cache.ms,1772463287882000000,1772463348020000000,0
workspaceModel.cachedValueWithParameters.calculated.count,1772463287882000000,1772463348020000000,0
workspaceModel.cachedValueWithParameters.from.cache.count,1772463287882000000,1772463348020000000,0
workspaceModel.workspaceFileIndexData.init.ms,1772463287882000000,1772463348020000000,3
workspaceModel.mutableEntityStorage.instances.count,1772463287882000000,1772463348020000000,86
jps.global.initialize.library.bridges.after.loading.ms,1772463287882000000,1772463348020000000,1
workspaceModel.moduleManagerBridge.create.module.instance.ms,1772463287882000000,1772463348020000000,3
workspaceModel.mutableEntityStorage.hasReferrers.ms,1772463287882000000,1772463348020000000,0
jps.save.changed.project.entities.ms,1772463287882000000,1772463348020000000,0
workspaceModel.moduleManagerBridge.load.all.modules.ms,1772463287882000000,1772463348020000000,3
workspaceModel.moduleBridge.update.option.ms,1772463287882000000,1772463348020000000,0
workspaceModel.mutableEntityStorage.changeLog.addReplaceEventForRemovedParent.ms,1772463287882000000,1772463348020000000,0
jps.modifiable.module.model.bridge.new.module.ms,1772463287882000000,1772463348020000000,7
jps.storage.jps.conf.reader.load.component.ms,1772463287882000000,1772463348020000000,8
workspaceModel.mutableEntityStorage.changeLog.addReplaceEventForNewChild.ms,1772463287882000000,1772463348020000000,3
jps.project.serializers.load.ms,1772463287882000000,1772463348020000000,76
workspaceModel.mutableEntityStorage.changeLog.addReplaceEventForNewParent.ms,1772463287882000000,1772463348020000000,0
workspaceModel.mutableEntityStorage.has.same.entities.ms,1772463287882000000,1772463348020000000,1
workspaceModel.moduleManagerBridge.set.unloadedModules.ms,1772463287882000000,1772463348020000000,0
workspaceModel.mutableEntityStorage.replace.by.source.ms,1772463287882000000,1772463348020000000,34
jps.facet.change.listener.before.change.events.ms,1772463287882000000,1772463348020000000,0
workspaceModel.moduleBridgeLoader.loading.modules.ms,1772463287882000000,1772463348020000000,221
jps.global.get.library.by.name.ms,1772463287882000000,1772463348020000000,0
workspaceModel.mutableEntityStorage.to.snapshot.ms,1772463287882000000,1772463348020000000,4
workspaceModel.mutableEntityStorage.referrers.ms,1772463287882000000,1772463348020000000,0
workspaceModel.mutableEntityStorage.put.entity.ms,1772463287882000000,1772463348020000000,30
workspaceModel.moduleManagerBridge.load.module.ms,1772463287882000000,1772463348020000000,0
jps.library.entities.serializer.load.entities.ms,1772463287882000000,1772463348020000000,2
workspaceModel.mutableEntityStorage.add.entity.ms,1772463287882000000,1772463348020000000,70
jps.save.global.entities.ms,1772463287882000000,1772463348020000000,0
jps.artifact.entities.serializer.save.entities.ms,1772463287882000000,1772463348020000000,0
workspaceModel.orphan.listener.update.ms,1772463287882000000,1772463348020000000,10
workspaceModel.moduleManagerBridge.new.nonPersistent.module.ms,1772463287882000000,1772463348020000000,0
workspaceModel.global.apply.state.to.project.builder.ms,1772463287882000000,1772463348020000000,4
workspaceModel.mutableEntityStorage.changeLog.addReplaceEventForRemovedChild.ms,1772463287882000000,1772463348020000000,1
workspaceModel.mutableEntityStorage.modify.entity.ms,1772463287882000000,1772463348020000000,44
jps.global.initialize.library.bridges.ms,1772463287882000000,1772463348020000000,0
workspaceModel.moduleManagerBridge.get.modules.ms,1772463287882000000,1772463348020000000,0
jps.reload.project.entities.ms,1772463287882000000,1772463348020000000,0
jps.app.storage.content.reader.load.component.ms,1772463287882000000,1772463348020000000,0
workspaceModel.mutableEntityStorage.collect.changes.ms,1772463287882000000,1772463348020000000,1
jps.module.iml.entities.serializer.load.entities.ms,1772463287882000000,1772463348020000000,50
workspaceModel.mutableEntityStorage.mutable.ext.mapping.ms,1772463287882000000,1772463348020000000,1
jps.facet.change.listener.init.bridge.ms,1772463287882000000,1772463348020000000,3
jps.modifiable.module.model.bridge.load.module.ms,1772463287882000000,1772463348020000000,0
workspaceModel.mutableEntityStorage.remove.entity.ms,1772463287882000000,1772463348020000000,9
workspaceModel.mutableEntityStorage.entities.ms,1772463287882000000,1772463348020000000,1
workspaceModel.moduleBridge.facet.initialization.ms,1772463287882000000,1772463348020000000,0
workspaceModel.delayed.project.synchronizer.sync.ms,1772463287882000000,1772463348020000000,0
workspaceModel.do.save.caches.ms,1772463287882000000,1772463348020000000,84
jps.apply.loaded.storage.ms,1772463287882000000,1772463348020000000,68
workspaceModel.global.updates.count,1772463287882000000,1772463348020000000,3
jps.artifact.entities.serializer.load.entities.ms,1772463287882000000,1772463348020000000,2
workspaceModel.load.cache.metadata.from.file.ms,1772463287882000000,1772463348020000000,0
jps.library.entities.serializer.save.entities.ms,1772463287882000000,1772463348020000000,0
workspaceModel.save.cache.to.file.ms,1772463287882000000,1772463348020000000,306
workspaceModel.moduleManagerBridge.newModule.ms,1772463287882000000,1772463348020000000,20
workspaceModel.global.apply.state.to.project.ms,1772463287882000000,1772463348020000000,6
jps.global.handle.before.change.events.ms,1772463287882000000,1772463348020000000,0
workspaceModel.load.cache.from.file.ms,1772463287882000000,1772463348020000000,0
jps.load.project.to.empty.storage.ms,1772463287882000000,1772463348020000000,145
workspaceModel.global.updates.ms,1772463287882000000,1772463348020000000,22
jps.modifiable.module.model.bridge.disposing.ms,1772463287882000000,1772463348020000000,0
jps.global.handle.changed.events.ms,1772463287882000000,1772463348020000000,0
workspaceModel.sync.entities.ms,1772463287882000000,1772463348020000000,2
jps.global.get.libraries.ms,1772463287882000000,1772463348020000000,1
workspaceModel.mutableEntityStorage.apply.changes.from.ms,1772463287882000000,1772463348020000000,22
jps.facet.change.listener.process.change.events.ms,1772463287882000000,1772463348020000000,0
workspaceModel.mutableEntityStorage.mutable.vfurl.index.ms,1772463287882000000,1772463348020000000,0
jps.modifiable.module.model.bridge.renaming.ms,1772463287882000000,1772463348020000000,0
jps.load.initial.state.ms,1772463287882000000,1772463348020000000,14
workspaceModel.mutableEntityStorage.resolve.ms,1772463287882000000,1772463348020000000,0
workspaceModel.moduleBridge.before.changed.ms,1772463287882000000,1772463348020000000,0
jps.module.iml.entities.serializer.save.entities.ms,1772463287882000000,1772463348020000000,0
jps.global.get.library.ms,1772463287882000000,1772463348020000000,0
workspaceModel.mutableEntityStorage.entities.by.source.ms,1772463287882000000,1772463348020000000,0
jps.project.serializers.save.ms,1772463287882000000,1772463348020000000,0
jps.module.dependency.index.workspace.model.listener.on.changed.ms,1772463287882000000,1772463348020000000,6
workspaceModel.moduleManagerBridge.build.module.graph.ms,1772463287882000000,1772463348020000000,0
NonBlockingReadAction.failedExecutionsCount,1772463287882000000,1772463348020000000,10
FlushQueue.queueSizeAvg,1772463287882000000,1772463348020000000,0.0
AWTEventQueue.dispatchTime90PNs,1772463287882000000,1772463348020000000,0
FlushQueue.queueSizeMax,1772463287882000000,1772463348020000000,0
ReadAction.executionsCount,1772463287882000000,1772463348020000000,379954
NonBlockingReadAction.failedExecutionTimeUs,1772463287882000000,1772463348020000000,390349
WriteAction.executionsCount,1772463287882000000,1772463348020000000,63
NonBlockingReadAction.finalizedExecutionTimeUs,1772463287882000000,1772463348020000000,159523
AWTEventQueue.dispatchTimeMaxNs,1772463287882000000,1772463348020000000,0
FlushQueue.waitingTimeMaxNs,1772463287882000000,1772463348020000000,0
AWTEventQueue.eventsDispatched,1772463287882000000,1772463348020000000,0
FlushQueue.executionTimeMaxNs,1772463287882000000,1772463348020000000,0
FlushQueue.queueSize90P,1772463287882000000,1772463348020000000,0
FlushQueue.tasksExecuted,1772463287882000000,1772463348020000000,0
NonBlockingReadAction.finalizedExecutionsCount,1772463287882000000,1772463348020000000,98
AWTEventQueue.dispatchTimeTotalNS,1772463287882000000,1772463348020000000,2645674345
FlushQueue.executionTime90PNs,1772463287882000000,1772463348020000000,0
FlushQueue.executionTimeAvgNs,1772463287882000000,1772463348020000000,0.0
FlushQueue.waitingTime90PNs,1772463287882000000,1772463348020000000,0
FlushQueue.waitingTimeAvgNs,1772463287882000000,1772463348020000000,0.0
AWTEventQueue.dispatchTimeAvgNs,1772463287882000000,1772463348020000000,0.0
DirectByteBufferAllocator.disposed,1772463287882000000,1772463348020000000,0
FilePageCache.pageLoadsAboveSizeThreshold,1772463287882000000,1772463348020000000,522
FilePageCache.pageHits,1772463287882000000,1772463348020000000,3
StreamlinedBlobStorage.totalLiveRecordsCapacityBytes,1772463287882000000,1772463348020000000,5905597
DirectByteBufferAllocator.reclaimed,1772463287882000000,1772463348020000000,524
FilePageCache.uncachedFileAccess,1772463287882000000,1772463348020000000,2018
StorageLockContext.competingThreads.avg,1772463287882000000,1772463348020000000,0.0
FilePageCache.totalPageLoadsUs,1772463287882000000,1772463348020000000,806912
StorageLockContext.competingThreads.max,1772463287882000000,1772463348020000000,0
FilePageCache.pageFastCacheHits,1772463287882000000,1772463348020000000,3206204
FilePageCache.disposedBuffers,1772463287882000000,1772463348020000000,524
FilePageCache.maxCacheSizeInBytes,1772463287882000000,1772463348020000000,629145600
StreamlinedBlobStorage.recordsRelocated,1772463287882000000,1772463348020000000,0
DirectByteBufferAllocator.misses,1772463287882000000,1772463348020000000,601
StreamlinedBlobStorage.totalLiveRecordsPayloadBytes,1772463287882000000,1772463348020000000,3001704
FilePageCache.capacityInBytes,1772463287882000000,1772463348020000000,629145600
MappedFileStorage.totalBytesMapped,1772463287882000000,1772463348020000000,202637312
StreamlinedBlobStorage.recordsAllocated,1772463287882000000,1772463348020000000,69108
DirectByteBufferAllocator.hits,1772463287882000000,1772463348020000000,523
MappedFileStorage.totalPagesMapped,1772463287882000000,1772463348020000000,16
MappedFileStorage.storages,1772463287882000000,1772463348020000000,16
DirectByteBufferAllocator.totalSizeOfBuffersAllocatedInBytes,1772463287882000000,1772463348020000000,630194176
StorageLockContext.competingThreads.90P,1772463287882000000,1772463348020000000,0
DirectByteBufferAllocator.totalSizeOfBuffersCachedInBytes,1772463287882000000,1772463348020000000,1048576
FilePageCache.maxRegisteredFiles,1772463287882000000,1772463348020000000,1824
StreamlinedBlobStorage.recordsDeleted,1772463287882000000,1772463348020000000,7
FileChannelInterruptsRetryer.totalRetriedAttempts,1772463287882000000,1772463348020000000,0
FilePageCache.totalPageDisposalsUs,1772463287882000000,1772463348020000000,7667
MappedFileStorage.totalTimeSpentOnMappingUs,1772463287882000000,1772463348020000000,215345
FilePageCache.pageLoads,1772463287882000000,1772463348020000000,602
JVM.GC.collectionTimesMs,1772463287882000000,1772463348020000000,507
MEM.fileMappingsRamBytes,1772463287882000000,1772463348020000000,683134976
MEM.ramMinusFileMappingsBytes,1772463287882000000,1772463348020000000,2948214784
JVM.totalBytesAllocated,1772463287882000000,1772463348020000000,12613427808
JVM.totalSafepointCount,1772463287882000000,1772463348020000000,463
MEM.ramBytes,1772463287882000000,1772463348020000000,3631349760
JVM.totalTimeToSafepointsMs,1772463287882000000,1772463348020000000,347
OS.loadAverage,1772463287882000000,1772463348020000000,3.416015625
JVM.newThreadsCount,1772463287882000000,1772463348020000000,396
JVM.usedNativeBytes,1772463287882000000,1772463348020000000,473004624
JVM.GC.collections,1772463287882000000,1772463348020000000,54
JVM.maxHeapBytes,1772463287882000000,1772463348020000000,28840034304
JVM.maxThreadCount,1772463287882000000,1772463348020000000,233
JVM.totalCpuTimeMs,1772463287882000000,1772463348020000000,109160
JVM.totalTimeAtSafepointsMs,1772463287882000000,1772463348020000000,756
MEM.ramPlusSwapMinusFileMappingsBytes,1772463287882000000,1772463348020000000,2948214784
JVM.threadCount,1772463287882000000,1772463348020000000,157
JVM.committedHeapBytes,1772463287882000000,1772463348020000000,1560281088
JVM.totalDirectByteBuffersBytes,1772463287882000000,1772463348020000000,653765920
JVM.usedHeapBytes,1772463287882000000,1772463348020000000,877967376
Indexing.cache.totalCacheMisses,1772463287882000000,1772463348020000000,912285
Indexing.writesQueuedMin,1772463287882000000,1772463348020000000,9223372036854775807
Indexes.entries.lookupDurationMaxMs,1772463287882000000,1772463348020000000,0.0
Indexes.stubs.lookupDurationAvgMs,1772463287882000000,1772463348020000000,0.0
Indexes.allKeys.lookupDurationAvgMs,1772463287882000000,1772463348020000000,0.0
Indexing.writer_1.totalTimeSpentWritingMs,1772463287882000000,1772463348020000000,1542
Indexing.writer_2.totalTimeSpentWritingMs,1772463287882000000,1772463348020000000,2785
Indexes.allKeys.lookupDuration90PMs,1772463287882000000,1772463348020000000,0.0
Indexing.writer_3.totalTimeSpentWritingMs,1772463287882000000,1772463348020000000,4215
Indexes.allKeys.lookupDurationMaxMs,1772463287882000000,1772463348020000000,0.0
Indexing.writesQueuedMax,1772463287882000000,1772463348020000000,0
Indexes.entries.lookups,1772463287882000000,1772463348020000000,20
Indexing.writer_0.totalTimeSpentWritingMs,1772463287882000000,1772463348020000000,1199
Indexes.entries.lookupDuration90PMs,1772463287882000000,1772463348020000000,0.0
Indexes.stubs.lookupDurationMaxMs,1772463287882000000,1772463348020000000,0.0
Indexes.entries.lookupDurationAvgMs,1772463287882000000,1772463348020000000,0.0
Indexing.cache.totalCacheAccesses,1772463287882000000,1772463348020000000,3678871
Indexing.cache.totalCacheEvicted,1772463287882000000,1772463348020000000,911151
Indexes.stubs.lookupDuration90PMs,1772463287882000000,1772463348020000000,0.0
Indexing.totalTimeIndexersSleptMs,1772463287882000000,1772463348020000000,8890
Indexes.stubs.lookups,1772463287882000000,1772463348020000000,2569
Indexes.allKeys.lookups,1772463287882000000,1772463348020000000,2
VFS.contentStorage.recordsReadDecompressed,1772463287882000000,1772463348020000000,13
VFS.contentStorage.recordsDeduplicated,1772463287882000000,1772463348020000000,20
VFS.fileChildByName,1772463287882000000,1772463348020000000,19456
VFS.cache.filesCreated,1772463287882000000,1772463348020000000,149266
VFS.cache.segmentsCreated,1772463287882000000,1772463348020000000,170
VFS.rootsCount,1772463287882000000,1772463348020000000,210.0
VFS.contentStorage.recordsRead,1772463287882000000,1772463348020000000,35
FileNameCache.queries,1772463287882000000,1772463348020000000,4428160
VFS.contentStorage.recordsStoredCompressed,1772463287882000000,1772463348020000000,8
VFS.fileByIdCache.hits,1772463287882000000,1772463348020000000,1
VFS.invertedFileNameIndex.requests,1772463287882000000,1772463348020000000,12
FileNameCache.totalMisses,1772463287882000000,1772463348020000000,32512
VFS.contentStorage.recordsDecompressionTimeUs,1772463287882000000,1772463348020000000,22796
VFS.cache.segments,1772463287882000000,1772463348020000000,169.0
VFS.fileByIdCache.misses,1772463287882000000,1772463348020000000,57
VFS.contentStorage.recordsReadSize,1772463287882000000,1772463348020000000,1004104
VFS.folderCaseSensitivityReads,1772463287882000000,1772463348020000000,426
VFS.contentStorage.recordsUncompressedSize,1772463287882000000,1772463348020000000,574292
VFS.contentStorage.recordsStoredSize,1772463287882000000,1772463348020000000,288454
VFS.cache.directoriesCreated,1772463287882000000,1772463348020000000,4691
VFS.contentStorage.recordsStored,1772463287882000000,1772463348020000000,48
lexer.ECMAScript.6.size.bytes,1772463287882000000,1772463348020000000,7679794
parser.Lombok.Config.size.bytes,1772463287882000000,1772463348020000000,137
lexer.HTML.size.bytes,1772463287882000000,1772463348020000000,5848958
lexer.Lombok.Config.time.ns,1772463287882000000,1772463348020000000,3133625
parser.ECMAScript.6.time.ns,1772463287882000000,1772463348020000000,1703738881
lexer.Groovy.time.ns,1772463287882000000,1772463348020000000,1748580
parser.HTML.size.bytes,1772463287882000000,1772463348020000000,5848958
DiskQueryRelay.taskWaitingTotalTimeUs,1772463287882000000,1772463348020000000,17361654
parser.ECMAScript.6.size.bytes,1772463287882000000,1772463348020000000,26293347
parser.Flow.JS.size.bytes,1772463287882000000,1772463348020000000,140172
lexer.Lombok.Config.size.bytes,1772463287882000000,1772463348020000000,137
parser.XML.size.bytes,1772463287882000000,1772463348020000000,39199
parser.CSS.time.ns,1772463287882000000,1772463348020000000,1373098423
LowMemory.gcOverloaded,1772463287882000000,1772463348020000000,0
parser.HTML.time.ns,1772463287882000000,1772463348020000000,837427090
DiskQueryRelay.taskExecutionTotalTimeUs,1772463287882000000,1772463348020000000,14365332
parser.Flow.JS.time.ns,1772463287882000000,1772463348020000000,261639249
parser.Groovy.size.bytes,1772463287882000000,1772463348020000000,12777
lexer.Groovy.size.bytes,1772463287882000000,1772463348020000000,12777
parser.JSON.size.bytes,1772463287882000000,1772463348020000000,503
lexer.XML.size.bytes,1772463287882000000,1772463348020000000,39199
lexer.CSS.time.ns,1772463287882000000,1772463348020000000,495777022
writeAction.count,1772463287882000000,1772463348020000000,63
DiskQueryRelay.tasksRequested,1772463287882000000,1772463348020000000,55271
parser.JSON.time.ns,1772463287882000000,1772463348020000000,21885458
lexer.Flow.JS.size.bytes,1772463287882000000,1772463348020000000,140172
parser.Groovy.time.ns,1772463287882000000,1772463348020000000,178993705
lexer.Flow.JS.time.ns,1772463287882000000,1772463348020000000,29124417
lexer.JAVA.size.bytes,1772463287882000000,1772463348020000000,431087
parser.SCSS.size.bytes,1772463287882000000,1772463348020000000,21698
parser.CSS.size.bytes,1772463287882000000,1772463348020000000,22168307
writeAction.max.wait.ms,1772463287882000000,1772463348020000000,98
lexer.XML.time.ns,1772463287882000000,1772463348020000000,785168
parser.XML.time.ns,1772463287882000000,1772463348020000000,9871917
LowMemory.gcLoad,1772463287882000000,1772463348020000000,0.0
DiskQueryRelay.tasksExecuted,1772463287882000000,1772463348020000000,55270
lexer.JSON.size.bytes,1772463287882000000,1772463348020000000,503
lexer.SCSS.size.bytes,1772463287882000000,1772463348020000000,21698
parser.JAVA.size.bytes,1772463287882000000,1772463348020000000,650952
lexer.JSON.time.ns,1772463287882000000,1772463348020000000,6086626
lexer.HTML.time.ns,1772463287882000000,1772463348020000000,844853799
writeAction.wait.ms,1772463287882000000,1772463348020000000,220
lexer.SCSS.time.ns,1772463287882000000,1772463348020000000,4650747
lexer.ECMAScript.6.time.ns,1772463287882000000,1772463348020000000,276785459
parser.Lombok.Config.time.ns,1772463287882000000,1772463348020000000,149250
lexer.JAVA.time.ns,1772463287882000000,1772463348020000000,57273963
lexer.CSS.size.bytes,1772463287882000000,1772463348020000000,22168307
writeAction.median.wait.ms,1772463287882000000,1772463348020000000,100
parser.SCSS.time.ns,1772463287882000000,1772463348020000000,96123995
parser.JAVA.time.ns,1772463287882000000,1772463348020000000,421877305
compiler.ArtifactManagerBridge.initBridges.ms,1772463287882000000,1772463348020000000,0
compiler.ArtifactModifiableModelBridge.getArtifacts.ms,1772463287882000000,1772463348020000000,0
compiler.ArtifactModifiableModelBridge.getArtifactsByType.ms,1772463287882000000,1772463348020000000,0
compiler.ArtifactModifiableModelBridge.commit.ms,1772463287882000000,1772463348020000000,3
compiler.ArtifactModifiableModelBridge.addArtifact.ms,1772463287882000000,1772463348020000000,0
compiler.ArtifactManagerBridge.getArtifactsByType.ms,1772463287882000000,1772463348020000000,0
compiler.ArtifactModifiableModelBridge.dispose.ms,1772463287882000000,1772463348020000000,0
compiler.ArtifactManagerBridge.dropMappings.ms,1772463287882000000,1772463348020000000,0
compiler.ArtifactVirtualFileListener.filePathChanged.ms,1772463287882000000,1772463348020000000,0
compiler.ArtifactModifiableModelBridge.findArtifacts.ms,1772463287882000000,1772463348020000000,0
compiler.ArtifactManagerBridge.addArtifact.ms,1772463287882000000,1772463348020000000,0
compiler.ArtifactManagerBridge.getArtifacts.ms,1772463287882000000,1772463348020000000,0
compiler.ArtifactVirtualFileListener.propertyChanged.ms,1772463287882000000,1772463348020000000,0
compiler.ArtifactManagerBridge.commit.ms,1772463287882000000,1772463348020000000,3
compiler.ArtifactManagerBridge.findArtifact.ms,1772463287882000000,1772463348020000000,0
cacheStateStorage.get.duration,1772463287882000000,1772463348020000000,0
cacheStateStorage.set.counter,1772463287882000000,1772463348020000000,3
cacheStateStorage.set.duration,1772463287882000000,1772463348020000000,23
cacheStateStorage.get.counter,1772463287882000000,1772463348020000000,18
workspaceModel.loading.total.ms,1772463348020000000,1772463407931000000,0
workspaceModel.cachedValueWithParameters.clear.count,1772463348020000000,1772463407931000000,0
workspaceModel.workspaceFileIndexData.getPackageName.ms,1772463348020000000,1772463407931000000,0
workspaceModel.updates.ms,1772463348020000000,1772463407931000000,0
workspaceModel.workspaceFileIndexData.onEntitiesChanged.ms,1772463348020000000,1772463407931000000,0
workspaceModel.cachedValue.clear.count,1772463348020000000,1772463407931000000,0
workspaceModel.on.before.changed.ms,1772463348020000000,1772463407931000000,0
workspaceModel.update.unloaded.entities.ms,1772463348020000000,1772463407931000000,0
workspaceModel.entityStorageSnapshotImpl.instances.count,1772463348020000000,1772463407931000000,0
workspaceModel.workspaceFileIndexData.getDirectoriesByPackageName.ms,1772463348020000000,1772463407931000000,0
workspaceModel.workspaceFileIndexData.processFileSets.ms,1772463348020000000,1772463407931000000,0
workspaceModel.initializing.ms,1772463348020000000,1772463407931000000,0
workspaceModel.cachedValue.from.cache.count,1772463348020000000,1772463407931000000,0
workspaceModel.check.recursive.update.ms,1772463348020000000,1772463407931000000,0
workspaceModel.init.bridges.ms,1772463348020000000,1772463407931000000,0
workspaceModel.workspaceFileIndexData.instances.count,1772463348020000000,1772463407931000000,0
workspaceModel.collect.changes.ms,1772463348020000000,1772463407931000000,0
workspaceModel.updates.precise.ms,1772463348020000000,1772463407931000000,0
workspaceModel.on.changed.ms,1772463348020000000,1772463407931000000,0
workspaceModel.cachedValue.total.get.count,1772463348020000000,1772463407931000000,0
workspaceModel.workspaceFileIndexData.visitFileSets.ms,1772463348020000000,1772463407931000000,0
workspaceModel.full.replace.project.model.ms,1772463348020000000,1772463407931000000,0
workspaceModel.workspaceFileIndexData.updateDirtyEntities.ms,1772463348020000000,1772463407931000000,0
workspaceModel.workspaceFileIndexData.markDirty.ms,1772463348020000000,1772463407931000000,0
workspaceModel.workspaceFileIndexData.getFileInfo.ms,1772463348020000000,1772463407931000000,0
workspaceModel.replace.project.model.ms,1772463348020000000,1772463407931000000,0
workspaceModel.cachedValue.calculated.count,1772463348020000000,1772463407931000000,0
workspaceModel.pre.handlers.ms,1772463348020000000,1772463407931000000,0
workspaceModel.to.snapshot.ms,1772463348020000000,1772463407931000000,0
workspaceModel.updates.count,1772463348020000000,1772463407931000000,0
workspaceModel.cachedValueWithParameters.total.get.count,1772463348020000000,1772463407931000000,0
workspaceModel.workspaceFileIndexContributor.registerFileSets.ms,1772463348020000000,1772463407931000000,0
workspaceModel.loading.from.cache.ms,1772463348020000000,1772463407931000000,0
workspaceModel.cachedValueWithParameters.calculated.count,1772463348020000000,1772463407931000000,0
workspaceModel.cachedValueWithParameters.from.cache.count,1772463348020000000,1772463407931000000,0
workspaceModel.workspaceFileIndexData.init.ms,1772463348020000000,1772463407931000000,0
workspaceModel.mutableEntityStorage.instances.count,1772463348020000000,1772463407931000000,0
jps.global.initialize.library.bridges.after.loading.ms,1772463348020000000,1772463407931000000,0
workspaceModel.moduleManagerBridge.create.module.instance.ms,1772463348020000000,1772463407931000000,0
workspaceModel.mutableEntityStorage.hasReferrers.ms,1772463348020000000,1772463407931000000,0
jps.save.changed.project.entities.ms,1772463348020000000,1772463407931000000,0
workspaceModel.moduleManagerBridge.load.all.modules.ms,1772463348020000000,1772463407931000000,0
workspaceModel.moduleBridge.update.option.ms,1772463348020000000,1772463407931000000,0
workspaceModel.mutableEntityStorage.changeLog.addReplaceEventForRemovedParent.ms,1772463348020000000,1772463407931000000,0
jps.modifiable.module.model.bridge.new.module.ms,1772463348020000000,1772463407931000000,0
jps.storage.jps.conf.reader.load.component.ms,1772463348020000000,1772463407931000000,0
workspaceModel.mutableEntityStorage.changeLog.addReplaceEventForNewChild.ms,1772463348020000000,1772463407931000000,0
jps.project.serializers.load.ms,1772463348020000000,1772463407931000000,0
workspaceModel.mutableEntityStorage.changeLog.addReplaceEventForNewParent.ms,1772463348020000000,1772463407931000000,0
workspaceModel.mutableEntityStorage.has.same.entities.ms,1772463348020000000,1772463407931000000,0
workspaceModel.moduleManagerBridge.set.unloadedModules.ms,1772463348020000000,1772463407931000000,0
workspaceModel.mutableEntityStorage.replace.by.source.ms,1772463348020000000,1772463407931000000,0
jps.facet.change.listener.before.change.events.ms,1772463348020000000,1772463407931000000,0
workspaceModel.moduleBridgeLoader.loading.modules.ms,1772463348020000000,1772463407931000000,0
jps.global.get.library.by.name.ms,1772463348020000000,1772463407931000000,0
workspaceModel.mutableEntityStorage.to.snapshot.ms,1772463348020000000,1772463407931000000,0
workspaceModel.mutableEntityStorage.referrers.ms,1772463348020000000,1772463407931000000,0
workspaceModel.mutableEntityStorage.put.entity.ms,1772463348020000000,1772463407931000000,0
workspaceModel.moduleManagerBridge.load.module.ms,1772463348020000000,1772463407931000000,0
jps.library.entities.serializer.load.entities.ms,1772463348020000000,1772463407931000000,0
workspaceModel.mutableEntityStorage.add.entity.ms,1772463348020000000,1772463407931000000,0
jps.save.global.entities.ms,1772463348020000000,1772463407931000000,0
jps.artifact.entities.serializer.save.entities.ms,1772463348020000000,1772463407931000000,0
workspaceModel.orphan.listener.update.ms,1772463348020000000,1772463407931000000,0
workspaceModel.moduleManagerBridge.new.nonPersistent.module.ms,1772463348020000000,1772463407931000000,0
workspaceModel.global.apply.state.to.project.builder.ms,1772463348020000000,1772463407931000000,0
workspaceModel.mutableEntityStorage.changeLog.addReplaceEventForRemovedChild.ms,1772463348020000000,1772463407931000000,0
workspaceModel.mutableEntityStorage.modify.entity.ms,1772463348020000000,1772463407931000000,0
jps.global.initialize.library.bridges.ms,1772463348020000000,1772463407931000000,0
workspaceModel.moduleManagerBridge.get.modules.ms,1772463348020000000,1772463407931000000,0
jps.reload.project.entities.ms,1772463348020000000,1772463407931000000,0
jps.app.storage.content.reader.load.component.ms,1772463348020000000,1772463407931000000,0
workspaceModel.mutableEntityStorage.collect.changes.ms,1772463348020000000,1772463407931000000,0
jps.module.iml.entities.serializer.load.entities.ms,1772463348020000000,1772463407931000000,0
workspaceModel.mutableEntityStorage.mutable.ext.mapping.ms,1772463348020000000,1772463407931000000,0
jps.facet.change.listener.init.bridge.ms,1772463348020000000,1772463407931000000,0
jps.modifiable.module.model.bridge.load.module.ms,1772463348020000000,1772463407931000000,0
workspaceModel.mutableEntityStorage.remove.entity.ms,1772463348020000000,1772463407931000000,0
workspaceModel.mutableEntityStorage.entities.ms,1772463348020000000,1772463407931000000,0
workspaceModel.moduleBridge.facet.initialization.ms,1772463348020000000,1772463407931000000,0
workspaceModel.delayed.project.synchronizer.sync.ms,1772463348020000000,1772463407931000000,0
workspaceModel.do.save.caches.ms,1772463348020000000,1772463407931000000,0
jps.apply.loaded.storage.ms,1772463348020000000,1772463407931000000,0
workspaceModel.global.updates.count,1772463348020000000,1772463407931000000,0
jps.artifact.entities.serializer.load.entities.ms,1772463348020000000,1772463407931000000,0
workspaceModel.load.cache.metadata.from.file.ms,1772463348020000000,1772463407931000000,0
jps.library.entities.serializer.save.entities.ms,1772463348020000000,1772463407931000000,0
workspaceModel.save.cache.to.file.ms,1772463348020000000,1772463407931000000,0
workspaceModel.moduleManagerBridge.newModule.ms,1772463348020000000,1772463407931000000,0
workspaceModel.global.apply.state.to.project.ms,1772463348020000000,1772463407931000000,0
jps.global.handle.before.change.events.ms,1772463348020000000,1772463407931000000,0
workspaceModel.load.cache.from.file.ms,1772463348020000000,1772463407931000000,0
jps.load.project.to.empty.storage.ms,1772463348020000000,1772463407931000000,0
workspaceModel.global.updates.ms,1772463348020000000,1772463407931000000,0
jps.modifiable.module.model.bridge.disposing.ms,1772463348020000000,1772463407931000000,0
jps.global.handle.changed.events.ms,1772463348020000000,1772463407931000000,0
workspaceModel.sync.entities.ms,1772463348020000000,1772463407931000000,0
jps.global.get.libraries.ms,1772463348020000000,1772463407931000000,0
workspaceModel.mutableEntityStorage.apply.changes.from.ms,1772463348020000000,1772463407931000000,0
jps.facet.change.listener.process.change.events.ms,1772463348020000000,1772463407931000000,0
workspaceModel.mutableEntityStorage.mutable.vfurl.index.ms,1772463348020000000,1772463407931000000,0
jps.modifiable.module.model.bridge.renaming.ms,1772463348020000000,1772463407931000000,0
jps.load.initial.state.ms,1772463348020000000,1772463407931000000,0
workspaceModel.mutableEntityStorage.resolve.ms,1772463348020000000,1772463407931000000,0
workspaceModel.moduleBridge.before.changed.ms,1772463348020000000,1772463407931000000,0
jps.module.iml.entities.serializer.save.entities.ms,1772463348020000000,1772463407931000000,0
jps.global.get.library.ms,1772463348020000000,1772463407931000000,0
workspaceModel.mutableEntityStorage.entities.by.source.ms,1772463348020000000,1772463407931000000,0
jps.project.serializers.save.ms,1772463348020000000,1772463407931000000,0
jps.module.dependency.index.workspace.model.listener.on.changed.ms,1772463348020000000,1772463407931000000,0
workspaceModel.moduleManagerBridge.build.module.graph.ms,1772463348020000000,1772463407931000000,0
NonBlockingReadAction.failedExecutionsCount,1772463348020000000,1772463407931000000,0
FlushQueue.queueSizeAvg,1772463348020000000,1772463407931000000,0.0
AWTEventQueue.dispatchTime90PNs,1772463348020000000,1772463407931000000,0
FlushQueue.queueSizeMax,1772463348020000000,1772463407931000000,0
ReadAction.executionsCount,1772463348020000000,1772463407931000000,3
NonBlockingReadAction.failedExecutionTimeUs,1772463348020000000,1772463407931000000,0
WriteAction.executionsCount,1772463348020000000,1772463407931000000,0
NonBlockingReadAction.finalizedExecutionTimeUs,1772463348020000000,1772463407931000000,0
AWTEventQueue.dispatchTimeMaxNs,1772463348020000000,1772463407931000000,0
FlushQueue.waitingTimeMaxNs,1772463348020000000,1772463407931000000,0
AWTEventQueue.eventsDispatched,1772463348020000000,1772463407931000000,0
FlushQueue.executionTimeMaxNs,1772463348020000000,1772463407931000000,0
FlushQueue.queueSize90P,1772463348020000000,1772463407931000000,0
FlushQueue.tasksExecuted,1772463348020000000,1772463407931000000,0
NonBlockingReadAction.finalizedExecutionsCount,1772463348020000000,1772463407931000000,0
AWTEventQueue.dispatchTimeTotalNS,1772463348020000000,1772463407931000000,123065195
FlushQueue.executionTime90PNs,1772463348020000000,1772463407931000000,0
FlushQueue.executionTimeAvgNs,1772463348020000000,1772463407931000000,0.0
FlushQueue.waitingTime90PNs,1772463348020000000,1772463407931000000,0
FlushQueue.waitingTimeAvgNs,1772463348020000000,1772463407931000000,0.0
AWTEventQueue.dispatchTimeAvgNs,1772463348020000000,1772463407931000000,0.0
DirectByteBufferAllocator.disposed,1772463348020000000,1772463407931000000,0
FilePageCache.pageLoadsAboveSizeThreshold,1772463348020000000,1772463407931000000,0
FilePageCache.pageHits,1772463348020000000,1772463407931000000,0
StreamlinedBlobStorage.totalLiveRecordsCapacityBytes,1772463348020000000,1772463407931000000,0
DirectByteBufferAllocator.reclaimed,1772463348020000000,1772463407931000000,0
FilePageCache.uncachedFileAccess,1772463348020000000,1772463407931000000,0
StorageLockContext.competingThreads.avg,1772463348020000000,1772463407931000000,0.0
FilePageCache.totalPageLoadsUs,1772463348020000000,1772463407931000000,0
StorageLockContext.competingThreads.max,1772463348020000000,1772463407931000000,0
FilePageCache.pageFastCacheHits,1772463348020000000,1772463407931000000,0
FilePageCache.disposedBuffers,1772463348020000000,1772463407931000000,0
FilePageCache.maxCacheSizeInBytes,1772463348020000000,1772463407931000000,629145600
StreamlinedBlobStorage.recordsRelocated,1772463348020000000,1772463407931000000,0
DirectByteBufferAllocator.misses,1772463348020000000,1772463407931000000,0
StreamlinedBlobStorage.totalLiveRecordsPayloadBytes,1772463348020000000,1772463407931000000,0
FilePageCache.capacityInBytes,1772463348020000000,1772463407931000000,629145600
MappedFileStorage.totalBytesMapped,1772463348020000000,1772463407931000000,202637312
StreamlinedBlobStorage.recordsAllocated,1772463348020000000,1772463407931000000,0
DirectByteBufferAllocator.hits,1772463348020000000,1772463407931000000,0
MappedFileStorage.totalPagesMapped,1772463348020000000,1772463407931000000,16
MappedFileStorage.storages,1772463348020000000,1772463407931000000,16
DirectByteBufferAllocator.totalSizeOfBuffersAllocatedInBytes,1772463348020000000,1772463407931000000,630194176
StorageLockContext.competingThreads.90P,1772463348020000000,1772463407931000000,0
DirectByteBufferAllocator.totalSizeOfBuffersCachedInBytes,1772463348020000000,1772463407931000000,1048576
FilePageCache.maxRegisteredFiles,1772463348020000000,1772463407931000000,1824
StreamlinedBlobStorage.recordsDeleted,1772463348020000000,1772463407931000000,0
FileChannelInterruptsRetryer.totalRetriedAttempts,1772463348020000000,1772463407931000000,0
FilePageCache.totalPageDisposalsUs,1772463348020000000,1772463407931000000,0
MappedFileStorage.totalTimeSpentOnMappingUs,1772463348020000000,1772463407931000000,215345
FilePageCache.pageLoads,1772463348020000000,1772463407931000000,0
JVM.GC.collectionTimesMs,1772463348020000000,1772463407931000000,0
MEM.fileMappingsRamBytes,1772463348020000000,1772463407931000000,683597824
MEM.ramMinusFileMappingsBytes,1772463348020000000,1772463407931000000,2943426560
JVM.totalBytesAllocated,1772463348020000000,1772463407931000000,49078800
JVM.totalSafepointCount,1772463348020000000,1772463407931000000,31
MEM.ramBytes,1772463348020000000,1772463407931000000,3627024384
JVM.totalTimeToSafepointsMs,1772463348020000000,1772463407931000000,1
OS.loadAverage,1772463348020000000,1772463407931000000,3.09130859375
JVM.newThreadsCount,1772463348020000000,1772463407931000000,9
JVM.usedNativeBytes,1772463348020000000,1772463407931000000,476755264
JVM.GC.collections,1772463348020000000,1772463407931000000,0
JVM.maxHeapBytes,1772463348020000000,1772463407931000000,28840034304
JVM.maxThreadCount,1772463348020000000,1772463407931000000,233
JVM.totalCpuTimeMs,1772463348020000000,1772463407931000000,2910
JVM.totalTimeAtSafepointsMs,1772463348020000000,1772463407931000000,1
MEM.ramPlusSwapMinusFileMappingsBytes,1772463348020000000,1772463407931000000,2943426560
JVM.threadCount,1772463348020000000,1772463407931000000,65
JVM.committedHeapBytes,1772463348020000000,1772463407931000000,1560281088
JVM.totalDirectByteBuffersBytes,1772463348020000000,1772463407931000000,635611625
JVM.usedHeapBytes,1772463348020000000,1772463407931000000,945076240
Indexing.cache.totalCacheMisses,1772463348020000000,1772463407931000000,0
Indexing.writesQueuedMin,1772463348020000000,1772463407931000000,9223372036854775807
Indexes.entries.lookupDurationMaxMs,1772463348020000000,1772463407931000000,0.0
Indexes.stubs.lookupDurationAvgMs,1772463348020000000,1772463407931000000,0.0
Indexes.allKeys.lookupDurationAvgMs,1772463348020000000,1772463407931000000,0.0
Indexing.writer_1.totalTimeSpentWritingMs,1772463348020000000,1772463407931000000,0
Indexing.writer_2.totalTimeSpentWritingMs,1772463348020000000,1772463407931000000,0
Indexes.allKeys.lookupDuration90PMs,1772463348020000000,1772463407931000000,0.0
Indexing.writer_3.totalTimeSpentWritingMs,1772463348020000000,1772463407931000000,0
Indexes.allKeys.lookupDurationMaxMs,1772463348020000000,1772463407931000000,0.0
Indexing.writesQueuedMax,1772463348020000000,1772463407931000000,0
Indexes.entries.lookups,1772463348020000000,1772463407931000000,0
Indexing.writer_0.totalTimeSpentWritingMs,1772463348020000000,1772463407931000000,0
Indexes.entries.lookupDuration90PMs,1772463348020000000,1772463407931000000,0.0
Indexes.stubs.lookupDurationMaxMs,1772463348020000000,1772463407931000000,0.0
Indexes.entries.lookupDurationAvgMs,1772463348020000000,1772463407931000000,0.0
Indexing.cache.totalCacheAccesses,1772463348020000000,1772463407931000000,0
Indexing.cache.totalCacheEvicted,1772463348020000000,1772463407931000000,0
Indexes.stubs.lookupDuration90PMs,1772463348020000000,1772463407931000000,0.0
Indexing.totalTimeIndexersSleptMs,1772463348020000000,1772463407931000000,0
Indexes.stubs.lookups,1772463348020000000,1772463407931000000,0
Indexes.allKeys.lookups,1772463348020000000,1772463407931000000,0
VFS.contentStorage.recordsReadDecompressed,1772463348020000000,1772463407931000000,0
VFS.contentStorage.recordsDeduplicated,1772463348020000000,1772463407931000000,0
VFS.fileChildByName,1772463348020000000,1772463407931000000,0
VFS.cache.filesCreated,1772463348020000000,1772463407931000000,0
VFS.cache.segmentsCreated,1772463348020000000,1772463407931000000,0
VFS.rootsCount,1772463348020000000,1772463407931000000,210.0
VFS.contentStorage.recordsRead,1772463348020000000,1772463407931000000,0
FileNameCache.queries,1772463348020000000,1772463407931000000,0
VFS.contentStorage.recordsStoredCompressed,1772463348020000000,1772463407931000000,0
VFS.fileByIdCache.hits,1772463348020000000,1772463407931000000,0
VFS.invertedFileNameIndex.requests,1772463348020000000,1772463407931000000,0
FileNameCache.totalMisses,1772463348020000000,1772463407931000000,0
VFS.contentStorage.recordsDecompressionTimeUs,1772463348020000000,1772463407931000000,0
VFS.cache.segments,1772463348020000000,1772463407931000000,169.0
VFS.fileByIdCache.misses,1772463348020000000,1772463407931000000,0
VFS.contentStorage.recordsReadSize,1772463348020000000,1772463407931000000,0
VFS.folderCaseSensitivityReads,1772463348020000000,1772463407931000000,0
VFS.contentStorage.recordsUncompressedSize,1772463348020000000,1772463407931000000,0
VFS.contentStorage.recordsStoredSize,1772463348020000000,1772463407931000000,0
VFS.cache.directoriesCreated,1772463348020000000,1772463407931000000,0
VFS.contentStorage.recordsStored,1772463348020000000,1772463407931000000,0
DiskQueryRelay.taskWaitingTotalTimeUs,1772463348020000000,1772463407931000000,0
LowMemory.gcOverloaded,1772463348020000000,1772463407931000000,0
DiskQueryRelay.taskExecutionTotalTimeUs,1772463348020000000,1772463407931000000,0
writeAction.count,1772463348020000000,1772463407931000000,0
DiskQueryRelay.tasksRequested,1772463348020000000,1772463407931000000,0
writeAction.max.wait.ms,1772463348020000000,1772463407931000000,98
LowMemory.gcLoad,1772463348020000000,1772463407931000000,0.0
DiskQueryRelay.tasksExecuted,1772463348020000000,1772463407931000000,0
writeAction.wait.ms,1772463348020000000,1772463407931000000,0
writeAction.median.wait.ms,1772463348020000000,1772463407931000000,100
compiler.ArtifactManagerBridge.initBridges.ms,1772463348020000000,1772463407931000000,0
compiler.ArtifactModifiableModelBridge.getArtifacts.ms,1772463348020000000,1772463407931000000,0
compiler.ArtifactModifiableModelBridge.getArtifactsByType.ms,1772463348020000000,1772463407931000000,0
compiler.ArtifactModifiableModelBridge.commit.ms,1772463348020000000,1772463407931000000,3
compiler.ArtifactModifiableModelBridge.addArtifact.ms,1772463348020000000,1772463407931000000,0
compiler.ArtifactManagerBridge.getArtifactsByType.ms,1772463348020000000,1772463407931000000,0
compiler.ArtifactModifiableModelBridge.dispose.ms,1772463348020000000,1772463407931000000,0
compiler.ArtifactManagerBridge.dropMappings.ms,1772463348020000000,1772463407931000000,0
compiler.ArtifactVirtualFileListener.filePathChanged.ms,1772463348020000000,1772463407931000000,0
compiler.ArtifactModifiableModelBridge.findArtifacts.ms,1772463348020000000,1772463407931000000,0
compiler.ArtifactManagerBridge.addArtifact.ms,1772463348020000000,1772463407931000000,0
compiler.ArtifactManagerBridge.getArtifacts.ms,1772463348020000000,1772463407931000000,0
compiler.ArtifactVirtualFileListener.propertyChanged.ms,1772463348020000000,1772463407931000000,0
compiler.ArtifactManagerBridge.commit.ms,1772463348020000000,1772463407931000000,0
compiler.ArtifactManagerBridge.findArtifact.ms,1772463348020000000,1772463407931000000,0
cacheStateStorage.get.duration,1772463348020000000,1772463407931000000,0
cacheStateStorage.set.counter,1772463348020000000,1772463407931000000,1
cacheStateStorage.set.duration,1772463348020000000,1772463407931000000,0
cacheStateStorage.get.counter,1772463348020000000,1772463407931000000,1
workspaceModel.loading.total.ms,1772463407931000000,1772463467934000000,0
workspaceModel.cachedValueWithParameters.clear.count,1772463407931000000,1772463467934000000,0
workspaceModel.workspaceFileIndexData.getPackageName.ms,1772463407931000000,1772463467934000000,0
workspaceModel.updates.ms,1772463407931000000,1772463467934000000,0
workspaceModel.workspaceFileIndexData.onEntitiesChanged.ms,1772463407931000000,1772463467934000000,31
workspaceModel.cachedValue.clear.count,1772463407931000000,1772463467934000000,0
workspaceModel.on.before.changed.ms,1772463407931000000,1772463467934000000,7
workspaceModel.update.unloaded.entities.ms,1772463407931000000,1772463467934000000,0
workspaceModel.entityStorageSnapshotImpl.instances.count,1772463407931000000,1772463467934000000,2
workspaceModel.workspaceFileIndexData.getDirectoriesByPackageName.ms,1772463407931000000,1772463467934000000,0
workspaceModel.workspaceFileIndexData.processFileSets.ms,1772463407931000000,1772463467934000000,0
workspaceModel.initializing.ms,1772463407931000000,1772463467934000000,0
workspaceModel.cachedValue.from.cache.count,1772463407931000000,1772463467934000000,2980
workspaceModel.check.recursive.update.ms,1772463407931000000,1772463467934000000,0
workspaceModel.init.bridges.ms,1772463407931000000,1772463467934000000,8
workspaceModel.workspaceFileIndexData.instances.count,1772463407931000000,1772463467934000000,0
workspaceModel.collect.changes.ms,1772463407931000000,1772463467934000000,0
workspaceModel.updates.precise.ms,1772463407931000000,1772463467934000000,0
workspaceModel.on.changed.ms,1772463407931000000,1772463467934000000,9
workspaceModel.cachedValue.total.get.count,1772463407931000000,1772463467934000000,3114
workspaceModel.workspaceFileIndexData.visitFileSets.ms,1772463407931000000,1772463467934000000,0
workspaceModel.full.replace.project.model.ms,1772463407931000000,1772463467934000000,0
workspaceModel.workspaceFileIndexData.updateDirtyEntities.ms,1772463407931000000,1772463467934000000,41
workspaceModel.workspaceFileIndexData.markDirty.ms,1772463407931000000,1772463467934000000,0
workspaceModel.workspaceFileIndexData.getFileInfo.ms,1772463407931000000,1772463467934000000,46
workspaceModel.replace.project.model.ms,1772463407931000000,1772463467934000000,56
workspaceModel.cachedValue.calculated.count,1772463407931000000,1772463467934000000,134
workspaceModel.pre.handlers.ms,1772463407931000000,1772463467934000000,0
workspaceModel.to.snapshot.ms,1772463407931000000,1772463467934000000,0
workspaceModel.updates.count,1772463407931000000,1772463467934000000,0
workspaceModel.cachedValueWithParameters.total.get.count,1772463407931000000,1772463467934000000,0
workspaceModel.workspaceFileIndexContributor.registerFileSets.ms,1772463407931000000,1772463467934000000,147
workspaceModel.loading.from.cache.ms,1772463407931000000,1772463467934000000,0
workspaceModel.cachedValueWithParameters.calculated.count,1772463407931000000,1772463467934000000,0
workspaceModel.cachedValueWithParameters.from.cache.count,1772463407931000000,1772463467934000000,0
workspaceModel.workspaceFileIndexData.init.ms,1772463407931000000,1772463467934000000,0
workspaceModel.mutableEntityStorage.instances.count,1772463407931000000,1772463467934000000,3
jps.global.initialize.library.bridges.after.loading.ms,1772463407931000000,1772463467934000000,0
workspaceModel.moduleManagerBridge.create.module.instance.ms,1772463407931000000,1772463467934000000,0
workspaceModel.mutableEntityStorage.hasReferrers.ms,1772463407931000000,1772463467934000000,0
jps.save.changed.project.entities.ms,1772463407931000000,1772463467934000000,0
workspaceModel.moduleManagerBridge.load.all.modules.ms,1772463407931000000,1772463467934000000,0
workspaceModel.moduleBridge.update.option.ms,1772463407931000000,1772463467934000000,0
workspaceModel.mutableEntityStorage.changeLog.addReplaceEventForRemovedParent.ms,1772463407931000000,1772463467934000000,0
jps.modifiable.module.model.bridge.new.module.ms,1772463407931000000,1772463467934000000,0
jps.storage.jps.conf.reader.load.component.ms,1772463407931000000,1772463467934000000,0
workspaceModel.mutableEntityStorage.changeLog.addReplaceEventForNewChild.ms,1772463407931000000,1772463467934000000,0
jps.project.serializers.load.ms,1772463407931000000,1772463467934000000,0
workspaceModel.mutableEntityStorage.changeLog.addReplaceEventForNewParent.ms,1772463407931000000,1772463467934000000,0
workspaceModel.mutableEntityStorage.has.same.entities.ms,1772463407931000000,1772463467934000000,1
workspaceModel.moduleManagerBridge.set.unloadedModules.ms,1772463407931000000,1772463467934000000,0
workspaceModel.mutableEntityStorage.replace.by.source.ms,1772463407931000000,1772463467934000000,14
jps.facet.change.listener.before.change.events.ms,1772463407931000000,1772463467934000000,0
workspaceModel.moduleBridgeLoader.loading.modules.ms,1772463407931000000,1772463467934000000,0
jps.global.get.library.by.name.ms,1772463407931000000,1772463467934000000,0
workspaceModel.mutableEntityStorage.to.snapshot.ms,1772463407931000000,1772463467934000000,1
workspaceModel.mutableEntityStorage.referrers.ms,1772463407931000000,1772463467934000000,0
workspaceModel.mutableEntityStorage.put.entity.ms,1772463407931000000,1772463467934000000,7
workspaceModel.moduleManagerBridge.load.module.ms,1772463407931000000,1772463467934000000,0
jps.library.entities.serializer.load.entities.ms,1772463407931000000,1772463467934000000,0
workspaceModel.mutableEntityStorage.add.entity.ms,1772463407931000000,1772463467934000000,23
jps.save.global.entities.ms,1772463407931000000,1772463467934000000,0
jps.artifact.entities.serializer.save.entities.ms,1772463407931000000,1772463467934000000,0
workspaceModel.orphan.listener.update.ms,1772463407931000000,1772463467934000000,0
workspaceModel.moduleManagerBridge.new.nonPersistent.module.ms,1772463407931000000,1772463467934000000,0
workspaceModel.global.apply.state.to.project.builder.ms,1772463407931000000,1772463467934000000,0
workspaceModel.mutableEntityStorage.changeLog.addReplaceEventForRemovedChild.ms,1772463407931000000,1772463467934000000,0
workspaceModel.mutableEntityStorage.modify.entity.ms,1772463407931000000,1772463467934000000,35
jps.global.initialize.library.bridges.ms,1772463407931000000,1772463467934000000,0
workspaceModel.moduleManagerBridge.get.modules.ms,1772463407931000000,1772463467934000000,0
jps.reload.project.entities.ms,1772463407931000000,1772463467934000000,0
jps.app.storage.content.reader.load.component.ms,1772463407931000000,1772463467934000000,0
workspaceModel.mutableEntityStorage.collect.changes.ms,1772463407931000000,1772463467934000000,0
jps.module.iml.entities.serializer.load.entities.ms,1772463407931000000,1772463467934000000,0
workspaceModel.mutableEntityStorage.mutable.ext.mapping.ms,1772463407931000000,1772463467934000000,0
jps.facet.change.listener.init.bridge.ms,1772463407931000000,1772463467934000000,0
jps.modifiable.module.model.bridge.load.module.ms,1772463407931000000,1772463467934000000,0
workspaceModel.mutableEntityStorage.remove.entity.ms,1772463407931000000,1772463467934000000,0
workspaceModel.mutableEntityStorage.entities.ms,1772463407931000000,1772463467934000000,0
workspaceModel.moduleBridge.facet.initialization.ms,1772463407931000000,1772463467934000000,0
workspaceModel.delayed.project.synchronizer.sync.ms,1772463407931000000,1772463467934000000,0
workspaceModel.do.save.caches.ms,1772463407931000000,1772463467934000000,0
jps.apply.loaded.storage.ms,1772463407931000000,1772463467934000000,0
workspaceModel.global.updates.count,1772463407931000000,1772463467934000000,0
jps.artifact.entities.serializer.load.entities.ms,1772463407931000000,1772463467934000000,0
workspaceModel.load.cache.metadata.from.file.ms,1772463407931000000,1772463467934000000,0
jps.library.entities.serializer.save.entities.ms,1772463407931000000,1772463467934000000,0
workspaceModel.save.cache.to.file.ms,1772463407931000000,1772463467934000000,0
workspaceModel.moduleManagerBridge.newModule.ms,1772463407931000000,1772463467934000000,0
workspaceModel.global.apply.state.to.project.ms,1772463407931000000,1772463467934000000,0
jps.global.handle.before.change.events.ms,1772463407931000000,1772463467934000000,0
workspaceModel.load.cache.from.file.ms,1772463407931000000,1772463467934000000,0
jps.load.project.to.empty.storage.ms,1772463407931000000,1772463467934000000,0
workspaceModel.global.updates.ms,1772463407931000000,1772463467934000000,0
jps.modifiable.module.model.bridge.disposing.ms,1772463407931000000,1772463467934000000,0
jps.global.handle.changed.events.ms,1772463407931000000,1772463467934000000,0
workspaceModel.sync.entities.ms,1772463407931000000,1772463467934000000,0
jps.global.get.libraries.ms,1772463407931000000,1772463467934000000,0
workspaceModel.mutableEntityStorage.apply.changes.from.ms,1772463407931000000,1772463467934000000,0
jps.facet.change.listener.process.change.events.ms,1772463407931000000,1772463467934000000,0
workspaceModel.mutableEntityStorage.mutable.vfurl.index.ms,1772463407931000000,1772463467934000000,0
jps.modifiable.module.model.bridge.renaming.ms,1772463407931000000,1772463467934000000,0
jps.load.initial.state.ms,1772463407931000000,1772463467934000000,0
workspaceModel.mutableEntityStorage.resolve.ms,1772463407931000000,1772463467934000000,0
workspaceModel.moduleBridge.before.changed.ms,1772463407931000000,1772463467934000000,0
jps.module.iml.entities.serializer.save.entities.ms,1772463407931000000,1772463467934000000,0
jps.global.get.library.ms,1772463407931000000,1772463467934000000,0
workspaceModel.mutableEntityStorage.entities.by.source.ms,1772463407931000000,1772463467934000000,0
jps.project.serializers.save.ms,1772463407931000000,1772463467934000000,0
jps.module.dependency.index.workspace.model.listener.on.changed.ms,1772463407931000000,1772463467934000000,1
workspaceModel.moduleManagerBridge.build.module.graph.ms,1772463407931000000,1772463467934000000,0
NonBlockingReadAction.failedExecutionsCount,1772463407931000000,1772463467934000000,2
FlushQueue.queueSizeAvg,1772463407931000000,1772463467934000000,0.0
AWTEventQueue.dispatchTime90PNs,1772463407931000000,1772463467934000000,0
FlushQueue.queueSizeMax,1772463407931000000,1772463467934000000,0
ReadAction.executionsCount,1772463407931000000,1772463467934000000,5016
NonBlockingReadAction.failedExecutionTimeUs,1772463407931000000,1772463467934000000,7414
WriteAction.executionsCount,1772463407931000000,1772463467934000000,8
NonBlockingReadAction.finalizedExecutionTimeUs,1772463407931000000,1772463467934000000,15807
AWTEventQueue.dispatchTimeMaxNs,1772463407931000000,1772463467934000000,0
FlushQueue.waitingTimeMaxNs,1772463407931000000,1772463467934000000,0
AWTEventQueue.eventsDispatched,1772463407931000000,1772463467934000000,0
FlushQueue.executionTimeMaxNs,1772463407931000000,1772463467934000000,0
FlushQueue.queueSize90P,1772463407931000000,1772463467934000000,0
FlushQueue.tasksExecuted,1772463407931000000,1772463467934000000,0
NonBlockingReadAction.finalizedExecutionsCount,1772463407931000000,1772463467934000000,7
AWTEventQueue.dispatchTimeTotalNS,1772463407931000000,1772463467934000000,291093619
FlushQueue.executionTime90PNs,1772463407931000000,1772463467934000000,0
FlushQueue.executionTimeAvgNs,1772463407931000000,1772463467934000000,0.0
FlushQueue.waitingTime90PNs,1772463407931000000,1772463467934000000,0
FlushQueue.waitingTimeAvgNs,1772463407931000000,1772463467934000000,0.0
AWTEventQueue.dispatchTimeAvgNs,1772463407931000000,1772463467934000000,0.0
DirectByteBufferAllocator.disposed,1772463407931000000,1772463467934000000,0
FilePageCache.pageLoadsAboveSizeThreshold,1772463407931000000,1772463467934000000,0
FilePageCache.pageHits,1772463407931000000,1772463467934000000,0
StreamlinedBlobStorage.totalLiveRecordsCapacityBytes,1772463407931000000,1772463467934000000,22180
DirectByteBufferAllocator.reclaimed,1772463407931000000,1772463467934000000,0
FilePageCache.uncachedFileAccess,1772463407931000000,1772463467934000000,0
StorageLockContext.competingThreads.avg,1772463407931000000,1772463467934000000,0.0
FilePageCache.totalPageLoadsUs,1772463407931000000,1772463467934000000,0
StorageLockContext.competingThreads.max,1772463407931000000,1772463467934000000,0
FilePageCache.pageFastCacheHits,1772463407931000000,1772463467934000000,10
FilePageCache.disposedBuffers,1772463407931000000,1772463467934000000,0
FilePageCache.maxCacheSizeInBytes,1772463407931000000,1772463467934000000,629145600
StreamlinedBlobStorage.recordsRelocated,1772463407931000000,1772463467934000000,0
DirectByteBufferAllocator.misses,1772463407931000000,1772463467934000000,0
StreamlinedBlobStorage.totalLiveRecordsPayloadBytes,1772463407931000000,1772463467934000000,4032
FilePageCache.capacityInBytes,1772463407931000000,1772463467934000000,629145600
MappedFileStorage.totalBytesMapped,1772463407931000000,1772463467934000000,202637312
StreamlinedBlobStorage.recordsAllocated,1772463407931000000,1772463467934000000,300
DirectByteBufferAllocator.hits,1772463407931000000,1772463467934000000,0
MappedFileStorage.totalPagesMapped,1772463407931000000,1772463467934000000,16
MappedFileStorage.storages,1772463407931000000,1772463467934000000,16
DirectByteBufferAllocator.totalSizeOfBuffersAllocatedInBytes,1772463407931000000,1772463467934000000,630194176
StorageLockContext.competingThreads.90P,1772463407931000000,1772463467934000000,0
DirectByteBufferAllocator.totalSizeOfBuffersCachedInBytes,1772463407931000000,1772463467934000000,1048576
FilePageCache.maxRegisteredFiles,1772463407931000000,1772463467934000000,1824
StreamlinedBlobStorage.recordsDeleted,1772463407931000000,1772463467934000000,1
FileChannelInterruptsRetryer.totalRetriedAttempts,1772463407931000000,1772463467934000000,0
FilePageCache.totalPageDisposalsUs,1772463407931000000,1772463467934000000,0
MappedFileStorage.totalTimeSpentOnMappingUs,1772463407931000000,1772463467934000000,215345
FilePageCache.pageLoads,1772463407931000000,1772463467934000000,0
JVM.GC.collectionTimesMs,1772463407931000000,1772463467934000000,0
MEM.fileMappingsRamBytes,1772463407931000000,1772463467934000000,684257280
MEM.ramMinusFileMappingsBytes,1772463407931000000,1772463467934000000,2951421952
JVM.totalBytesAllocated,1772463407931000000,1772463467934000000,105505640
JVM.totalSafepointCount,1772463407931000000,1772463467934000000,38
MEM.ramBytes,1772463407931000000,1772463467934000000,3635679232
JVM.totalTimeToSafepointsMs,1772463407931000000,1772463467934000000,4
OS.loadAverage,1772463407931000000,1772463467934000000,2.66015625
JVM.newThreadsCount,1772463407931000000,1772463467934000000,50
JVM.usedNativeBytes,1772463407931000000,1772463467934000000,482789856
JVM.GC.collections,1772463407931000000,1772463467934000000,0
JVM.maxHeapBytes,1772463407931000000,1772463467934000000,28840034304
JVM.maxThreadCount,1772463407931000000,1772463467934000000,233
JVM.totalCpuTimeMs,1772463407931000000,1772463467934000000,3630
JVM.totalTimeAtSafepointsMs,1772463407931000000,1772463467934000000,6
MEM.ramPlusSwapMinusFileMappingsBytes,1772463407931000000,1772463467934000000,2951421952
JVM.threadCount,1772463407931000000,1772463467934000000,111
JVM.committedHeapBytes,1772463407931000000,1772463467934000000,1560281088
JVM.totalDirectByteBuffersBytes,1772463407931000000,1772463467934000000,635805214
JVM.usedHeapBytes,1772463407931000000,1772463467934000000,1062516752
Indexing.cache.totalCacheMisses,1772463407931000000,1772463467934000000,7
Indexing.writesQueuedMin,1772463407931000000,1772463467934000000,9223372036854775807
Indexes.entries.lookupDurationMaxMs,1772463407931000000,1772463467934000000,0.0
Indexes.stubs.lookupDurationAvgMs,1772463407931000000,1772463467934000000,0.0
Indexes.allKeys.lookupDurationAvgMs,1772463407931000000,1772463467934000000,0.0
Indexing.writer_1.totalTimeSpentWritingMs,1772463407931000000,1772463467934000000,0
Indexing.writer_2.totalTimeSpentWritingMs,1772463407931000000,1772463467934000000,0
Indexes.allKeys.lookupDuration90PMs,1772463407931000000,1772463467934000000,0.0
Indexing.writer_3.totalTimeSpentWritingMs,1772463407931000000,1772463467934000000,0
Indexes.allKeys.lookupDurationMaxMs,1772463407931000000,1772463467934000000,0.0
Indexing.writesQueuedMax,1772463407931000000,1772463467934000000,0
Indexes.entries.lookups,1772463407931000000,1772463467934000000,0
Indexing.writer_0.totalTimeSpentWritingMs,1772463407931000000,1772463467934000000,0
Indexes.entries.lookupDuration90PMs,1772463407931000000,1772463467934000000,0.0
Indexes.stubs.lookupDurationMaxMs,1772463407931000000,1772463467934000000,0.0
Indexes.entries.lookupDurationAvgMs,1772463407931000000,1772463467934000000,0.0
Indexing.cache.totalCacheAccesses,1772463407931000000,1772463467934000000,7
Indexing.cache.totalCacheEvicted,1772463407931000000,1772463467934000000,0
Indexes.stubs.lookupDuration90PMs,1772463407931000000,1772463467934000000,0.0
Indexing.totalTimeIndexersSleptMs,1772463407931000000,1772463467934000000,0
Indexes.stubs.lookups,1772463407931000000,1772463467934000000,0
Indexes.allKeys.lookups,1772463407931000000,1772463467934000000,0
VFS.contentStorage.recordsReadDecompressed,1772463407931000000,1772463467934000000,0
VFS.contentStorage.recordsDeduplicated,1772463407931000000,1772463467934000000,0
VFS.fileChildByName,1772463407931000000,1772463467934000000,3016
VFS.cache.filesCreated,1772463407931000000,1772463467934000000,33792
VFS.cache.segmentsCreated,1772463407931000000,1772463467934000000,4
VFS.rootsCount,1772463407931000000,1772463467934000000,280.0
VFS.contentStorage.recordsRead,1772463407931000000,1772463467934000000,2
FileNameCache.queries,1772463407931000000,1772463467934000000,98752
VFS.contentStorage.recordsStoredCompressed,1772463407931000000,1772463467934000000,0
VFS.fileByIdCache.hits,1772463407931000000,1772463467934000000,2
VFS.invertedFileNameIndex.requests,1772463407931000000,1772463467934000000,0
FileNameCache.totalMisses,1772463407931000000,1772463467934000000,5440
VFS.contentStorage.recordsDecompressionTimeUs,1772463407931000000,1772463467934000000,0
VFS.cache.segments,1772463407931000000,1772463467934000000,173.0
VFS.fileByIdCache.misses,1772463407931000000,1772463467934000000,0
VFS.contentStorage.recordsReadSize,1772463407931000000,1772463467934000000,13346
VFS.folderCaseSensitivityReads,1772463407931000000,1772463467934000000,198
VFS.contentStorage.recordsUncompressedSize,1772463407931000000,1772463467934000000,0
VFS.contentStorage.recordsStoredSize,1772463407931000000,1772463467934000000,0
VFS.cache.directoriesCreated,1772463407931000000,1772463467934000000,364
VFS.contentStorage.recordsStored,1772463407931000000,1772463467934000000,0
DiskQueryRelay.taskWaitingTotalTimeUs,1772463407931000000,1772463467934000000,252008
LowMemory.gcOverloaded,1772463407931000000,1772463467934000000,0
DiskQueryRelay.taskExecutionTotalTimeUs,1772463407931000000,1772463467934000000,109754
writeAction.count,1772463407931000000,1772463467934000000,9
DiskQueryRelay.tasksRequested,1772463407931000000,1772463467934000000,1659
writeAction.max.wait.ms,1772463407931000000,1772463467934000000,98
LowMemory.gcLoad,1772463407931000000,1772463467934000000,0.0
DiskQueryRelay.tasksExecuted,1772463407931000000,1772463467934000000,1654
writeAction.wait.ms,1772463407931000000,1772463467934000000,17
writeAction.median.wait.ms,1772463407931000000,1772463467934000000,200
compiler.ArtifactManagerBridge.initBridges.ms,1772463407931000000,1772463467934000000,0
compiler.ArtifactModifiableModelBridge.getArtifacts.ms,1772463407931000000,1772463467934000000,0
compiler.ArtifactModifiableModelBridge.getArtifactsByType.ms,1772463407931000000,1772463467934000000,0
compiler.ArtifactModifiableModelBridge.commit.ms,1772463407931000000,1772463467934000000,3
compiler.ArtifactModifiableModelBridge.addArtifact.ms,1772463407931000000,1772463467934000000,0
compiler.ArtifactManagerBridge.getArtifactsByType.ms,1772463407931000000,1772463467934000000,0
compiler.ArtifactModifiableModelBridge.dispose.ms,1772463407931000000,1772463467934000000,0
compiler.ArtifactManagerBridge.dropMappings.ms,1772463407931000000,1772463467934000000,0
compiler.ArtifactVirtualFileListener.filePathChanged.ms,1772463407931000000,1772463467934000000,0
compiler.ArtifactModifiableModelBridge.findArtifacts.ms,1772463407931000000,1772463467934000000,0
compiler.ArtifactManagerBridge.addArtifact.ms,1772463407931000000,1772463467934000000,0
compiler.ArtifactManagerBridge.getArtifacts.ms,1772463407931000000,1772463467934000000,0
compiler.ArtifactVirtualFileListener.propertyChanged.ms,1772463407931000000,1772463467934000000,0
compiler.ArtifactManagerBridge.commit.ms,1772463407931000000,1772463467934000000,0
compiler.ArtifactManagerBridge.findArtifact.ms,1772463407931000000,1772463467934000000,0
cacheStateStorage.get.duration,1772463407931000000,1772463467934000000,0
cacheStateStorage.set.counter,1772463407931000000,1772463467934000000,0
cacheStateStorage.set.duration,1772463407931000000,1772463467934000000,0
cacheStateStorage.get.counter,1772463407931000000,1772463467934000000,0
workspaceModel.loading.total.ms,1772463467934000000,1772463527938000000,0
workspaceModel.cachedValueWithParameters.clear.count,1772463467934000000,1772463527938000000,0
workspaceModel.workspaceFileIndexData.getPackageName.ms,1772463467934000000,1772463527938000000,0
workspaceModel.updates.ms,1772463467934000000,1772463527938000000,0
workspaceModel.workspaceFileIndexData.onEntitiesChanged.ms,1772463467934000000,1772463527938000000,0
workspaceModel.cachedValue.clear.count,1772463467934000000,1772463527938000000,0
workspaceModel.on.before.changed.ms,1772463467934000000,1772463527938000000,0
workspaceModel.update.unloaded.entities.ms,1772463467934000000,1772463527938000000,0
workspaceModel.entityStorageSnapshotImpl.instances.count,1772463467934000000,1772463527938000000,2
workspaceModel.workspaceFileIndexData.getDirectoriesByPackageName.ms,1772463467934000000,1772463527938000000,0
workspaceModel.workspaceFileIndexData.processFileSets.ms,1772463467934000000,1772463527938000000,0
workspaceModel.initializing.ms,1772463467934000000,1772463527938000000,0
workspaceModel.cachedValue.from.cache.count,1772463467934000000,1772463527938000000,7700
workspaceModel.check.recursive.update.ms,1772463467934000000,1772463527938000000,0
workspaceModel.init.bridges.ms,1772463467934000000,1772463527938000000,0
workspaceModel.workspaceFileIndexData.instances.count,1772463467934000000,1772463527938000000,0
workspaceModel.collect.changes.ms,1772463467934000000,1772463527938000000,0
workspaceModel.updates.precise.ms,1772463467934000000,1772463527938000000,0
workspaceModel.on.changed.ms,1772463467934000000,1772463527938000000,0
workspaceModel.cachedValue.total.get.count,1772463467934000000,1772463527938000000,7701
workspaceModel.workspaceFileIndexData.visitFileSets.ms,1772463467934000000,1772463527938000000,0
workspaceModel.full.replace.project.model.ms,1772463467934000000,1772463527938000000,0
workspaceModel.workspaceFileIndexData.updateDirtyEntities.ms,1772463467934000000,1772463527938000000,53
workspaceModel.workspaceFileIndexData.markDirty.ms,1772463467934000000,1772463527938000000,0
workspaceModel.workspaceFileIndexData.getFileInfo.ms,1772463467934000000,1772463527938000000,161
workspaceModel.replace.project.model.ms,1772463467934000000,1772463527938000000,0
workspaceModel.cachedValue.calculated.count,1772463467934000000,1772463527938000000,1
workspaceModel.pre.handlers.ms,1772463467934000000,1772463527938000000,0
workspaceModel.to.snapshot.ms,1772463467934000000,1772463527938000000,0
workspaceModel.updates.count,1772463467934000000,1772463527938000000,0
workspaceModel.cachedValueWithParameters.total.get.count,1772463467934000000,1772463527938000000,0
workspaceModel.workspaceFileIndexContributor.registerFileSets.ms,1772463467934000000,1772463527938000000,68
workspaceModel.loading.from.cache.ms,1772463467934000000,1772463527938000000,0
workspaceModel.cachedValueWithParameters.calculated.count,1772463467934000000,1772463527938000000,0
workspaceModel.cachedValueWithParameters.from.cache.count,1772463467934000000,1772463527938000000,0
workspaceModel.workspaceFileIndexData.init.ms,1772463467934000000,1772463527938000000,0
workspaceModel.mutableEntityStorage.instances.count,1772463467934000000,1772463527938000000,2
jps.global.initialize.library.bridges.after.loading.ms,1772463467934000000,1772463527938000000,0
workspaceModel.moduleManagerBridge.create.module.instance.ms,1772463467934000000,1772463527938000000,0
workspaceModel.mutableEntityStorage.hasReferrers.ms,1772463467934000000,1772463527938000000,0
jps.save.changed.project.entities.ms,1772463467934000000,1772463527938000000,0
workspaceModel.moduleManagerBridge.load.all.modules.ms,1772463467934000000,1772463527938000000,0
workspaceModel.moduleBridge.update.option.ms,1772463467934000000,1772463527938000000,0
workspaceModel.mutableEntityStorage.changeLog.addReplaceEventForRemovedParent.ms,1772463467934000000,1772463527938000000,0
jps.modifiable.module.model.bridge.new.module.ms,1772463467934000000,1772463527938000000,0
jps.storage.jps.conf.reader.load.component.ms,1772463467934000000,1772463527938000000,0
workspaceModel.mutableEntityStorage.changeLog.addReplaceEventForNewChild.ms,1772463467934000000,1772463527938000000,0
jps.project.serializers.load.ms,1772463467934000000,1772463527938000000,0
workspaceModel.mutableEntityStorage.changeLog.addReplaceEventForNewParent.ms,1772463467934000000,1772463527938000000,0
workspaceModel.mutableEntityStorage.has.same.entities.ms,1772463467934000000,1772463527938000000,0
workspaceModel.moduleManagerBridge.set.unloadedModules.ms,1772463467934000000,1772463527938000000,0
workspaceModel.mutableEntityStorage.replace.by.source.ms,1772463467934000000,1772463527938000000,0
jps.facet.change.listener.before.change.events.ms,1772463467934000000,1772463527938000000,0
workspaceModel.moduleBridgeLoader.loading.modules.ms,1772463467934000000,1772463527938000000,0
jps.global.get.library.by.name.ms,1772463467934000000,1772463527938000000,0
workspaceModel.mutableEntityStorage.to.snapshot.ms,1772463467934000000,1772463527938000000,0
workspaceModel.mutableEntityStorage.referrers.ms,1772463467934000000,1772463527938000000,0
workspaceModel.mutableEntityStorage.put.entity.ms,1772463467934000000,1772463527938000000,0
workspaceModel.moduleManagerBridge.load.module.ms,1772463467934000000,1772463527938000000,0
jps.library.entities.serializer.load.entities.ms,1772463467934000000,1772463527938000000,0
workspaceModel.mutableEntityStorage.add.entity.ms,1772463467934000000,1772463527938000000,0
jps.save.global.entities.ms,1772463467934000000,1772463527938000000,0
jps.artifact.entities.serializer.save.entities.ms,1772463467934000000,1772463527938000000,0
workspaceModel.orphan.listener.update.ms,1772463467934000000,1772463527938000000,0
workspaceModel.moduleManagerBridge.new.nonPersistent.module.ms,1772463467934000000,1772463527938000000,0
workspaceModel.global.apply.state.to.project.builder.ms,1772463467934000000,1772463527938000000,0
workspaceModel.mutableEntityStorage.changeLog.addReplaceEventForRemovedChild.ms,1772463467934000000,1772463527938000000,0
workspaceModel.mutableEntityStorage.modify.entity.ms,1772463467934000000,1772463527938000000,0
jps.global.initialize.library.bridges.ms,1772463467934000000,1772463527938000000,0
workspaceModel.moduleManagerBridge.get.modules.ms,1772463467934000000,1772463527938000000,0
jps.reload.project.entities.ms,1772463467934000000,1772463527938000000,0
jps.app.storage.content.reader.load.component.ms,1772463467934000000,1772463527938000000,0
workspaceModel.mutableEntityStorage.collect.changes.ms,1772463467934000000,1772463527938000000,0
jps.module.iml.entities.serializer.load.entities.ms,1772463467934000000,1772463527938000000,0
workspaceModel.mutableEntityStorage.mutable.ext.mapping.ms,1772463467934000000,1772463527938000000,0
jps.facet.change.listener.init.bridge.ms,1772463467934000000,1772463527938000000,0
jps.modifiable.module.model.bridge.load.module.ms,1772463467934000000,1772463527938000000,0
workspaceModel.mutableEntityStorage.remove.entity.ms,1772463467934000000,1772463527938000000,0
workspaceModel.mutableEntityStorage.entities.ms,1772463467934000000,1772463527938000000,0
workspaceModel.moduleBridge.facet.initialization.ms,1772463467934000000,1772463527938000000,0
workspaceModel.delayed.project.synchronizer.sync.ms,1772463467934000000,1772463527938000000,0
workspaceModel.do.save.caches.ms,1772463467934000000,1772463527938000000,55
jps.apply.loaded.storage.ms,1772463467934000000,1772463527938000000,0
workspaceModel.global.updates.count,1772463467934000000,1772463527938000000,0
jps.artifact.entities.serializer.load.entities.ms,1772463467934000000,1772463527938000000,0
workspaceModel.load.cache.metadata.from.file.ms,1772463467934000000,1772463527938000000,0
jps.library.entities.serializer.save.entities.ms,1772463467934000000,1772463527938000000,0
workspaceModel.save.cache.to.file.ms,1772463467934000000,1772463527938000000,45
workspaceModel.moduleManagerBridge.newModule.ms,1772463467934000000,1772463527938000000,0
workspaceModel.global.apply.state.to.project.ms,1772463467934000000,1772463527938000000,0
jps.global.handle.before.change.events.ms,1772463467934000000,1772463527938000000,0
workspaceModel.load.cache.from.file.ms,1772463467934000000,1772463527938000000,0
jps.load.project.to.empty.storage.ms,1772463467934000000,1772463527938000000,0
workspaceModel.global.updates.ms,1772463467934000000,1772463527938000000,0
jps.modifiable.module.model.bridge.disposing.ms,1772463467934000000,1772463527938000000,0
jps.global.handle.changed.events.ms,1772463467934000000,1772463527938000000,0
workspaceModel.sync.entities.ms,1772463467934000000,1772463527938000000,0
jps.global.get.libraries.ms,1772463467934000000,1772463527938000000,0
workspaceModel.mutableEntityStorage.apply.changes.from.ms,1772463467934000000,1772463527938000000,0
jps.facet.change.listener.process.change.events.ms,1772463467934000000,1772463527938000000,0
workspaceModel.mutableEntityStorage.mutable.vfurl.index.ms,1772463467934000000,1772463527938000000,0
jps.modifiable.module.model.bridge.renaming.ms,1772463467934000000,1772463527938000000,0
jps.load.initial.state.ms,1772463467934000000,1772463527938000000,0
workspaceModel.mutableEntityStorage.resolve.ms,1772463467934000000,1772463527938000000,0
workspaceModel.moduleBridge.before.changed.ms,1772463467934000000,1772463527938000000,0
jps.module.iml.entities.serializer.save.entities.ms,1772463467934000000,1772463527938000000,0
jps.global.get.library.ms,1772463467934000000,1772463527938000000,0
workspaceModel.mutableEntityStorage.entities.by.source.ms,1772463467934000000,1772463527938000000,0
jps.project.serializers.save.ms,1772463467934000000,1772463527938000000,0
jps.module.dependency.index.workspace.model.listener.on.changed.ms,1772463467934000000,1772463527938000000,0
workspaceModel.moduleManagerBridge.build.module.graph.ms,1772463467934000000,1772463527938000000,0
NonBlockingReadAction.failedExecutionsCount,1772463467934000000,1772463527938000000,3
FlushQueue.queueSizeAvg,1772463467934000000,1772463527938000000,0.0
AWTEventQueue.dispatchTime90PNs,1772463467934000000,1772463527938000000,0
FlushQueue.queueSizeMax,1772463467934000000,1772463527938000000,0
ReadAction.executionsCount,1772463467934000000,1772463527938000000,160542
NonBlockingReadAction.failedExecutionTimeUs,1772463467934000000,1772463527938000000,15721
WriteAction.executionsCount,1772463467934000000,1772463527938000000,15
NonBlockingReadAction.finalizedExecutionTimeUs,1772463467934000000,1772463527938000000,36635
AWTEventQueue.dispatchTimeMaxNs,1772463467934000000,1772463527938000000,0
FlushQueue.waitingTimeMaxNs,1772463467934000000,1772463527938000000,0
AWTEventQueue.eventsDispatched,1772463467934000000,1772463527938000000,0
FlushQueue.executionTimeMaxNs,1772463467934000000,1772463527938000000,0
FlushQueue.queueSize90P,1772463467934000000,1772463527938000000,0
FlushQueue.tasksExecuted,1772463467934000000,1772463527938000000,0
NonBlockingReadAction.finalizedExecutionsCount,1772463467934000000,1772463527938000000,14
AWTEventQueue.dispatchTimeTotalNS,1772463467934000000,1772463527938000000,338641642
FlushQueue.executionTime90PNs,1772463467934000000,1772463527938000000,0
FlushQueue.executionTimeAvgNs,1772463467934000000,1772463527938000000,0.0
FlushQueue.waitingTime90PNs,1772463467934000000,1772463527938000000,0
FlushQueue.waitingTimeAvgNs,1772463467934000000,1772463527938000000,0.0
AWTEventQueue.dispatchTimeAvgNs,1772463467934000000,1772463527938000000,0.0
DirectByteBufferAllocator.disposed,1772463467934000000,1772463527938000000,0
FilePageCache.pageLoadsAboveSizeThreshold,1772463467934000000,1772463527938000000,19
FilePageCache.pageHits,1772463467934000000,1772463527938000000,40442
StreamlinedBlobStorage.totalLiveRecordsCapacityBytes,1772463467934000000,1772463527938000000,2177118
DirectByteBufferAllocator.reclaimed,1772463467934000000,1772463527938000000,19
FilePageCache.uncachedFileAccess,1772463467934000000,1772463527938000000,136
StorageLockContext.competingThreads.avg,1772463467934000000,1772463527938000000,0.0
FilePageCache.totalPageLoadsUs,1772463467934000000,1772463527938000000,10779
StorageLockContext.competingThreads.max,1772463467934000000,1772463527938000000,0
FilePageCache.pageFastCacheHits,1772463467934000000,1772463527938000000,2541329
FilePageCache.disposedBuffers,1772463467934000000,1772463527938000000,19
FilePageCache.maxCacheSizeInBytes,1772463467934000000,1772463527938000000,629145600
StreamlinedBlobStorage.recordsRelocated,1772463467934000000,1772463527938000000,0
DirectByteBufferAllocator.misses,1772463467934000000,1772463527938000000,0
StreamlinedBlobStorage.totalLiveRecordsPayloadBytes,1772463467934000000,1772463527938000000,412623
FilePageCache.capacityInBytes,1772463467934000000,1772463527938000000,629145600
MappedFileStorage.totalBytesMapped,1772463467934000000,1772463527938000000,202637312
StreamlinedBlobStorage.recordsAllocated,1772463467934000000,1772463527938000000,30913
DirectByteBufferAllocator.hits,1772463467934000000,1772463527938000000,19
MappedFileStorage.totalPagesMapped,1772463467934000000,1772463527938000000,16
MappedFileStorage.storages,1772463467934000000,1772463527938000000,16
DirectByteBufferAllocator.totalSizeOfBuffersAllocatedInBytes,1772463467934000000,1772463527938000000,630194176
StorageLockContext.competingThreads.90P,1772463467934000000,1772463527938000000,0
DirectByteBufferAllocator.totalSizeOfBuffersCachedInBytes,1772463467934000000,1772463527938000000,1048576
FilePageCache.maxRegisteredFiles,1772463467934000000,1772463527938000000,1824
StreamlinedBlobStorage.recordsDeleted,1772463467934000000,1772463527938000000,1
FileChannelInterruptsRetryer.totalRetriedAttempts,1772463467934000000,1772463527938000000,0
FilePageCache.totalPageDisposalsUs,1772463467934000000,1772463527938000000,21
MappedFileStorage.totalTimeSpentOnMappingUs,1772463467934000000,1772463527938000000,215345
FilePageCache.pageLoads,1772463467934000000,1772463527938000000,0
JVM.GC.collectionTimesMs,1772463467934000000,1772463527938000000,266
MEM.fileMappingsRamBytes,1772463467934000000,1772463527938000000,688984064
MEM.ramMinusFileMappingsBytes,1772463467934000000,1772463527938000000,3408973824
JVM.totalBytesAllocated,1772463467934000000,1772463527938000000,4113588088
JVM.totalSafepointCount,1772463467934000000,1772463527938000000,58
MEM.ramBytes,1772463467934000000,1772463527938000000,4097957888
JVM.totalTimeToSafepointsMs,1772463467934000000,1772463527938000000,23
OS.loadAverage,1772463467934000000,1772463527938000000,2.3720703125
JVM.newThreadsCount,1772463467934000000,1772463527938000000,5
JVM.usedNativeBytes,1772463467934000000,1772463527938000000,491815744
JVM.GC.collections,1772463467934000000,1772463527938000000,7
JVM.maxHeapBytes,1772463467934000000,1772463527938000000,28840034304
JVM.maxThreadCount,1772463467934000000,1772463527938000000,233
JVM.totalCpuTimeMs,1772463467934000000,1772463527938000000,24260
JVM.totalTimeAtSafepointsMs,1772463467934000000,1772463527938000000,283
MEM.ramPlusSwapMinusFileMappingsBytes,1772463467934000000,1772463527938000000,3408973824
JVM.threadCount,1772463467934000000,1772463527938000000,80
JVM.committedHeapBytes,1772463467934000000,1772463527938000000,1996488704
JVM.totalDirectByteBuffersBytes,1772463467934000000,1772463527938000000,638250002
JVM.usedHeapBytes,1772463467934000000,1772463527938000000,530420448
Indexing.cache.totalCacheMisses,1772463467934000000,1772463527938000000,580401
Indexing.writesQueuedMin,1772463467934000000,1772463527938000000,9223372036854775807
Indexes.entries.lookupDurationMaxMs,1772463467934000000,1772463527938000000,0.0
Indexes.stubs.lookupDurationAvgMs,1772463467934000000,1772463527938000000,0.0
Indexes.allKeys.lookupDurationAvgMs,1772463467934000000,1772463527938000000,0.0
Indexing.writer_1.totalTimeSpentWritingMs,1772463467934000000,1772463527938000000,141
Indexing.writer_2.totalTimeSpentWritingMs,1772463467934000000,1772463527938000000,1518
Indexes.allKeys.lookupDuration90PMs,1772463467934000000,1772463527938000000,0.0
Indexing.writer_3.totalTimeSpentWritingMs,1772463467934000000,1772463527938000000,1206
Indexes.allKeys.lookupDurationMaxMs,1772463467934000000,1772463527938000000,0.0
Indexing.writesQueuedMax,1772463467934000000,1772463527938000000,0
Indexes.entries.lookups,1772463467934000000,1772463527938000000,9
Indexing.writer_0.totalTimeSpentWritingMs,1772463467934000000,1772463527938000000,168
Indexes.entries.lookupDuration90PMs,1772463467934000000,1772463527938000000,0.0
Indexes.stubs.lookupDurationMaxMs,1772463467934000000,1772463527938000000,0.0
Indexes.entries.lookupDurationAvgMs,1772463467934000000,1772463527938000000,0.0
Indexing.cache.totalCacheAccesses,1772463467934000000,1772463527938000000,1199138
Indexing.cache.totalCacheEvicted,1772463467934000000,1772463527938000000,580408
Indexes.stubs.lookupDuration90PMs,1772463467934000000,1772463527938000000,0.0
Indexing.totalTimeIndexersSleptMs,1772463467934000000,1772463527938000000,0
Indexes.stubs.lookups,1772463467934000000,1772463527938000000,0
Indexes.allKeys.lookups,1772463467934000000,1772463527938000000,1
VFS.contentStorage.recordsReadDecompressed,1772463467934000000,1772463527938000000,8
VFS.contentStorage.recordsDeduplicated,1772463467934000000,1772463527938000000,0
VFS.fileChildByName,1772463467934000000,1772463527938000000,18084
VFS.cache.filesCreated,1772463467934000000,1772463527938000000,111872
VFS.cache.segmentsCreated,1772463467934000000,1772463527938000000,59
VFS.rootsCount,1772463467934000000,1772463527938000000,317.0
VFS.contentStorage.recordsRead,1772463467934000000,1772463527938000000,10
FileNameCache.queries,1772463467934000000,1772463527938000000,3139392
VFS.contentStorage.recordsStoredCompressed,1772463467934000000,1772463527938000000,3
VFS.fileByIdCache.hits,1772463467934000000,1772463527938000000,5
VFS.invertedFileNameIndex.requests,1772463467934000000,1772463527938000000,0
FileNameCache.totalMisses,1772463467934000000,1772463527938000000,25920
VFS.contentStorage.recordsDecompressionTimeUs,1772463467934000000,1772463527938000000,844
VFS.cache.segments,1772463467934000000,1772463527938000000,231.0
VFS.fileByIdCache.misses,1772463467934000000,1772463527938000000,27
VFS.contentStorage.recordsReadSize,1772463467934000000,1772463527938000000,386633
VFS.folderCaseSensitivityReads,1772463467934000000,1772463527938000000,77
VFS.contentStorage.recordsUncompressedSize,1772463467934000000,1772463527938000000,144053
VFS.contentStorage.recordsStoredSize,1772463467934000000,1772463527938000000,74743
VFS.cache.directoriesCreated,1772463467934000000,1772463527938000000,2077
VFS.contentStorage.recordsStored,1772463467934000000,1772463527938000000,4
lexer.ECMAScript.6.size.bytes,1772463467934000000,1772463527938000000,99667
lexer.HTML.size.bytes,1772463467934000000,1772463527938000000,375478
parser.ECMAScript.6.time.ns,1772463467934000000,1772463527938000000,27798595
parser.HTML.size.bytes,1772463467934000000,1772463527938000000,375478
DiskQueryRelay.taskWaitingTotalTimeUs,1772463467934000000,1772463527938000000,6323389
parser.ECMAScript.6.size.bytes,1772463467934000000,1772463527938000000,410371
parser.XML.size.bytes,1772463467934000000,1772463527938000000,429637
parser.CSS.time.ns,1772463467934000000,1772463527938000000,4181074
LowMemory.gcOverloaded,1772463467934000000,1772463527938000000,0
parser.HTML.time.ns,1772463467934000000,1772463527938000000,65111832
DiskQueryRelay.taskExecutionTotalTimeUs,1772463467934000000,1772463527938000000,3485073
parser.FTL..size.bytes,1772463467934000000,1772463527938000000,1440
lexer.XML.size.bytes,1772463467934000000,1772463527938000000,429637
lexer.CSS.time.ns,1772463467934000000,1772463527938000000,1263702
writeAction.count,1772463467934000000,1772463527938000000,14
DiskQueryRelay.tasksRequested,1772463467934000000,1772463527938000000,47260
lexer.JAVA.size.bytes,1772463467934000000,1772463527938000000,151620
lexer.FTL..time.ns,1772463467934000000,1772463527938000000,634458
parser.CSS.size.bytes,1772463467934000000,1772463527938000000,37413
writeAction.max.wait.ms,1772463467934000000,1772463527938000000,98
lexer.XML.time.ns,1772463467934000000,1772463527938000000,9110583
parser.XML.time.ns,1772463467934000000,1772463527938000000,33974832
lexer.FTL..size.bytes,1772463467934000000,1772463527938000000,1440
LowMemory.gcLoad,1772463467934000000,1772463527938000000,0.0
DiskQueryRelay.tasksExecuted,1772463467934000000,1772463527938000000,47260
parser.JAVA.size.bytes,1772463467934000000,1772463527938000000,231409
lexer.HTML.time.ns,1772463467934000000,1772463527938000000,38502457
writeAction.wait.ms,1772463467934000000,1772463527938000000,15
lexer.ECMAScript.6.time.ns,1772463467934000000,1772463527938000000,3395458
lexer.JAVA.time.ns,1772463467934000000,1772463527938000000,5964956
lexer.CSS.size.bytes,1772463467934000000,1772463527938000000,37413
writeAction.median.wait.ms,1772463467934000000,1772463527938000000,200
parser.FTL..time.ns,1772463467934000000,1772463527938000000,2615874
parser.JAVA.time.ns,1772463467934000000,1772463527938000000,67061533
compiler.ArtifactManagerBridge.initBridges.ms,1772463467934000000,1772463527938000000,0
compiler.ArtifactModifiableModelBridge.getArtifacts.ms,1772463467934000000,1772463527938000000,0
compiler.ArtifactModifiableModelBridge.getArtifactsByType.ms,1772463467934000000,1772463527938000000,0
compiler.ArtifactModifiableModelBridge.commit.ms,1772463467934000000,1772463527938000000,3
compiler.ArtifactModifiableModelBridge.addArtifact.ms,1772463467934000000,1772463527938000000,0
compiler.ArtifactManagerBridge.getArtifactsByType.ms,1772463467934000000,1772463527938000000,0
compiler.ArtifactModifiableModelBridge.dispose.ms,1772463467934000000,1772463527938000000,0
compiler.ArtifactManagerBridge.dropMappings.ms,1772463467934000000,1772463527938000000,0
compiler.ArtifactVirtualFileListener.filePathChanged.ms,1772463467934000000,1772463527938000000,0
compiler.ArtifactModifiableModelBridge.findArtifacts.ms,1772463467934000000,1772463527938000000,0
compiler.ArtifactManagerBridge.addArtifact.ms,1772463467934000000,1772463527938000000,0
compiler.ArtifactManagerBridge.getArtifacts.ms,1772463467934000000,1772463527938000000,0
compiler.ArtifactVirtualFileListener.propertyChanged.ms,1772463467934000000,1772463527938000000,0
compiler.ArtifactManagerBridge.commit.ms,1772463467934000000,1772463527938000000,0
compiler.ArtifactManagerBridge.findArtifact.ms,1772463467934000000,1772463527938000000,0
cacheStateStorage.get.duration,1772463467934000000,1772463527938000000,0
cacheStateStorage.set.counter,1772463467934000000,1772463527938000000,0
cacheStateStorage.set.duration,1772463467934000000,1772463527938000000,0
cacheStateStorage.get.counter,1772463467934000000,1772463527938000000,0
workspaceModel.loading.total.ms,1772463527938000000,1772463587963000000,0
workspaceModel.cachedValueWithParameters.clear.count,1772463527938000000,1772463587963000000,0
workspaceModel.workspaceFileIndexData.getPackageName.ms,1772463527938000000,1772463587963000000,0
workspaceModel.updates.ms,1772463527938000000,1772463587963000000,0
workspaceModel.workspaceFileIndexData.onEntitiesChanged.ms,1772463527938000000,1772463587963000000,0
workspaceModel.cachedValue.clear.count,1772463527938000000,1772463587963000000,0
workspaceModel.on.before.changed.ms,1772463527938000000,1772463587963000000,0
workspaceModel.update.unloaded.entities.ms,1772463527938000000,1772463587963000000,0
workspaceModel.entityStorageSnapshotImpl.instances.count,1772463527938000000,1772463587963000000,0
workspaceModel.workspaceFileIndexData.getDirectoriesByPackageName.ms,1772463527938000000,1772463587963000000,0
workspaceModel.workspaceFileIndexData.processFileSets.ms,1772463527938000000,1772463587963000000,0
workspaceModel.initializing.ms,1772463527938000000,1772463587963000000,0
workspaceModel.cachedValue.from.cache.count,1772463527938000000,1772463587963000000,0
workspaceModel.check.recursive.update.ms,1772463527938000000,1772463587963000000,0
workspaceModel.init.bridges.ms,1772463527938000000,1772463587963000000,0
workspaceModel.workspaceFileIndexData.instances.count,1772463527938000000,1772463587963000000,0
workspaceModel.collect.changes.ms,1772463527938000000,1772463587963000000,0
workspaceModel.updates.precise.ms,1772463527938000000,1772463587963000000,0
workspaceModel.on.changed.ms,1772463527938000000,1772463587963000000,0
workspaceModel.cachedValue.total.get.count,1772463527938000000,1772463587963000000,0
workspaceModel.workspaceFileIndexData.visitFileSets.ms,1772463527938000000,1772463587963000000,0
workspaceModel.full.replace.project.model.ms,1772463527938000000,1772463587963000000,0
workspaceModel.workspaceFileIndexData.updateDirtyEntities.ms,1772463527938000000,1772463587963000000,0
workspaceModel.workspaceFileIndexData.markDirty.ms,1772463527938000000,1772463587963000000,0
workspaceModel.workspaceFileIndexData.getFileInfo.ms,1772463527938000000,1772463587963000000,0
workspaceModel.replace.project.model.ms,1772463527938000000,1772463587963000000,0
workspaceModel.cachedValue.calculated.count,1772463527938000000,1772463587963000000,0
workspaceModel.pre.handlers.ms,1772463527938000000,1772463587963000000,0
workspaceModel.to.snapshot.ms,1772463527938000000,1772463587963000000,0
workspaceModel.updates.count,1772463527938000000,1772463587963000000,0
workspaceModel.cachedValueWithParameters.total.get.count,1772463527938000000,1772463587963000000,0
workspaceModel.workspaceFileIndexContributor.registerFileSets.ms,1772463527938000000,1772463587963000000,0
workspaceModel.loading.from.cache.ms,1772463527938000000,1772463587963000000,0
workspaceModel.cachedValueWithParameters.calculated.count,1772463527938000000,1772463587963000000,0
workspaceModel.cachedValueWithParameters.from.cache.count,1772463527938000000,1772463587963000000,0
workspaceModel.workspaceFileIndexData.init.ms,1772463527938000000,1772463587963000000,0
workspaceModel.mutableEntityStorage.instances.count,1772463527938000000,1772463587963000000,0
jps.global.initialize.library.bridges.after.loading.ms,1772463527938000000,1772463587963000000,0
workspaceModel.moduleManagerBridge.create.module.instance.ms,1772463527938000000,1772463587963000000,0
workspaceModel.mutableEntityStorage.hasReferrers.ms,1772463527938000000,1772463587963000000,0
jps.save.changed.project.entities.ms,1772463527938000000,1772463587963000000,0
workspaceModel.moduleManagerBridge.load.all.modules.ms,1772463527938000000,1772463587963000000,0
workspaceModel.moduleBridge.update.option.ms,1772463527938000000,1772463587963000000,0
workspaceModel.mutableEntityStorage.changeLog.addReplaceEventForRemovedParent.ms,1772463527938000000,1772463587963000000,0
jps.modifiable.module.model.bridge.new.module.ms,1772463527938000000,1772463587963000000,0
jps.storage.jps.conf.reader.load.component.ms,1772463527938000000,1772463587963000000,0
workspaceModel.mutableEntityStorage.changeLog.addReplaceEventForNewChild.ms,1772463527938000000,1772463587963000000,0
jps.project.serializers.load.ms,1772463527938000000,1772463587963000000,0
workspaceModel.mutableEntityStorage.changeLog.addReplaceEventForNewParent.ms,1772463527938000000,1772463587963000000,0
workspaceModel.mutableEntityStorage.has.same.entities.ms,1772463527938000000,1772463587963000000,0
workspaceModel.moduleManagerBridge.set.unloadedModules.ms,1772463527938000000,1772463587963000000,0
workspaceModel.mutableEntityStorage.replace.by.source.ms,1772463527938000000,1772463587963000000,0
jps.facet.change.listener.before.change.events.ms,1772463527938000000,1772463587963000000,0
workspaceModel.moduleBridgeLoader.loading.modules.ms,1772463527938000000,1772463587963000000,0
jps.global.get.library.by.name.ms,1772463527938000000,1772463587963000000,0
workspaceModel.mutableEntityStorage.to.snapshot.ms,1772463527938000000,1772463587963000000,0
workspaceModel.mutableEntityStorage.referrers.ms,1772463527938000000,1772463587963000000,0
workspaceModel.mutableEntityStorage.put.entity.ms,1772463527938000000,1772463587963000000,0
workspaceModel.moduleManagerBridge.load.module.ms,1772463527938000000,1772463587963000000,0
jps.library.entities.serializer.load.entities.ms,1772463527938000000,1772463587963000000,0
workspaceModel.mutableEntityStorage.add.entity.ms,1772463527938000000,1772463587963000000,0
jps.save.global.entities.ms,1772463527938000000,1772463587963000000,0
jps.artifact.entities.serializer.save.entities.ms,1772463527938000000,1772463587963000000,0
workspaceModel.orphan.listener.update.ms,1772463527938000000,1772463587963000000,0
workspaceModel.moduleManagerBridge.new.nonPersistent.module.ms,1772463527938000000,1772463587963000000,0
workspaceModel.global.apply.state.to.project.builder.ms,1772463527938000000,1772463587963000000,0
workspaceModel.mutableEntityStorage.changeLog.addReplaceEventForRemovedChild.ms,1772463527938000000,1772463587963000000,0
workspaceModel.mutableEntityStorage.modify.entity.ms,1772463527938000000,1772463587963000000,0
jps.global.initialize.library.bridges.ms,1772463527938000000,1772463587963000000,0
workspaceModel.moduleManagerBridge.get.modules.ms,1772463527938000000,1772463587963000000,0
jps.reload.project.entities.ms,1772463527938000000,1772463587963000000,0
jps.app.storage.content.reader.load.component.ms,1772463527938000000,1772463587963000000,0
workspaceModel.mutableEntityStorage.collect.changes.ms,1772463527938000000,1772463587963000000,0
jps.module.iml.entities.serializer.load.entities.ms,1772463527938000000,1772463587963000000,0
workspaceModel.mutableEntityStorage.mutable.ext.mapping.ms,1772463527938000000,1772463587963000000,0
jps.facet.change.listener.init.bridge.ms,1772463527938000000,1772463587963000000,0
jps.modifiable.module.model.bridge.load.module.ms,1772463527938000000,1772463587963000000,0
workspaceModel.mutableEntityStorage.remove.entity.ms,1772463527938000000,1772463587963000000,0
workspaceModel.mutableEntityStorage.entities.ms,1772463527938000000,1772463587963000000,0
workspaceModel.moduleBridge.facet.initialization.ms,1772463527938000000,1772463587963000000,0
workspaceModel.delayed.project.synchronizer.sync.ms,1772463527938000000,1772463587963000000,0
workspaceModel.do.save.caches.ms,1772463527938000000,1772463587963000000,0
jps.apply.loaded.storage.ms,1772463527938000000,1772463587963000000,0
workspaceModel.global.updates.count,1772463527938000000,1772463587963000000,0
jps.artifact.entities.serializer.load.entities.ms,1772463527938000000,1772463587963000000,0
workspaceModel.load.cache.metadata.from.file.ms,1772463527938000000,1772463587963000000,0
jps.library.entities.serializer.save.entities.ms,1772463527938000000,1772463587963000000,0
workspaceModel.save.cache.to.file.ms,1772463527938000000,1772463587963000000,0
workspaceModel.moduleManagerBridge.newModule.ms,1772463527938000000,1772463587963000000,0
workspaceModel.global.apply.state.to.project.ms,1772463527938000000,1772463587963000000,0
jps.global.handle.before.change.events.ms,1772463527938000000,1772463587963000000,0
workspaceModel.load.cache.from.file.ms,1772463527938000000,1772463587963000000,0
jps.load.project.to.empty.storage.ms,1772463527938000000,1772463587963000000,0
workspaceModel.global.updates.ms,1772463527938000000,1772463587963000000,0
jps.modifiable.module.model.bridge.disposing.ms,1772463527938000000,1772463587963000000,0
jps.global.handle.changed.events.ms,1772463527938000000,1772463587963000000,0
workspaceModel.sync.entities.ms,1772463527938000000,1772463587963000000,0
jps.global.get.libraries.ms,1772463527938000000,1772463587963000000,0
workspaceModel.mutableEntityStorage.apply.changes.from.ms,1772463527938000000,1772463587963000000,0
jps.facet.change.listener.process.change.events.ms,1772463527938000000,1772463587963000000,0
workspaceModel.mutableEntityStorage.mutable.vfurl.index.ms,1772463527938000000,1772463587963000000,0
jps.modifiable.module.model.bridge.renaming.ms,1772463527938000000,1772463587963000000,0
jps.load.initial.state.ms,1772463527938000000,1772463587963000000,0
workspaceModel.mutableEntityStorage.resolve.ms,1772463527938000000,1772463587963000000,0
workspaceModel.moduleBridge.before.changed.ms,1772463527938000000,1772463587963000000,0
jps.module.iml.entities.serializer.save.entities.ms,1772463527938000000,1772463587963000000,0
jps.global.get.library.ms,1772463527938000000,1772463587963000000,0
workspaceModel.mutableEntityStorage.entities.by.source.ms,1772463527938000000,1772463587963000000,0
jps.project.serializers.save.ms,1772463527938000000,1772463587963000000,0
jps.module.dependency.index.workspace.model.listener.on.changed.ms,1772463527938000000,1772463587963000000,0
workspaceModel.moduleManagerBridge.build.module.graph.ms,1772463527938000000,1772463587963000000,0
NonBlockingReadAction.failedExecutionsCount,1772463527938000000,1772463587963000000,0
FlushQueue.queueSizeAvg,1772463527938000000,1772463587963000000,0.0
AWTEventQueue.dispatchTime90PNs,1772463527938000000,1772463587963000000,0
FlushQueue.queueSizeMax,1772463527938000000,1772463587963000000,0
ReadAction.executionsCount,1772463527938000000,1772463587963000000,3
NonBlockingReadAction.failedExecutionTimeUs,1772463527938000000,1772463587963000000,0
WriteAction.executionsCount,1772463527938000000,1772463587963000000,0
NonBlockingReadAction.finalizedExecutionTimeUs,1772463527938000000,1772463587963000000,0
AWTEventQueue.dispatchTimeMaxNs,1772463527938000000,1772463587963000000,0
FlushQueue.waitingTimeMaxNs,1772463527938000000,1772463587963000000,0
AWTEventQueue.eventsDispatched,1772463527938000000,1772463587963000000,0
FlushQueue.executionTimeMaxNs,1772463527938000000,1772463587963000000,0
FlushQueue.queueSize90P,1772463527938000000,1772463587963000000,0
FlushQueue.tasksExecuted,1772463527938000000,1772463587963000000,0
NonBlockingReadAction.finalizedExecutionsCount,1772463527938000000,1772463587963000000,0
AWTEventQueue.dispatchTimeTotalNS,1772463527938000000,1772463587963000000,202125779
FlushQueue.executionTime90PNs,1772463527938000000,1772463587963000000,0
FlushQueue.executionTimeAvgNs,1772463527938000000,1772463587963000000,0.0
FlushQueue.waitingTime90PNs,1772463527938000000,1772463587963000000,0
FlushQueue.waitingTimeAvgNs,1772463527938000000,1772463587963000000,0.0
AWTEventQueue.dispatchTimeAvgNs,1772463527938000000,1772463587963000000,0.0
DirectByteBufferAllocator.disposed,1772463527938000000,1772463587963000000,0
FilePageCache.pageLoadsAboveSizeThreshold,1772463527938000000,1772463587963000000,0
FilePageCache.pageHits,1772463527938000000,1772463587963000000,0
StreamlinedBlobStorage.totalLiveRecordsCapacityBytes,1772463527938000000,1772463587963000000,0
DirectByteBufferAllocator.reclaimed,1772463527938000000,1772463587963000000,0
FilePageCache.uncachedFileAccess,1772463527938000000,1772463587963000000,0
StorageLockContext.competingThreads.avg,1772463527938000000,1772463587963000000,0.0
FilePageCache.totalPageLoadsUs,1772463527938000000,1772463587963000000,0
StorageLockContext.competingThreads.max,1772463527938000000,1772463587963000000,0
FilePageCache.pageFastCacheHits,1772463527938000000,1772463587963000000,0
FilePageCache.disposedBuffers,1772463527938000000,1772463587963000000,0
FilePageCache.maxCacheSizeInBytes,1772463527938000000,1772463587963000000,629145600
StreamlinedBlobStorage.recordsRelocated,1772463527938000000,1772463587963000000,0
DirectByteBufferAllocator.misses,1772463527938000000,1772463587963000000,0
StreamlinedBlobStorage.totalLiveRecordsPayloadBytes,1772463527938000000,1772463587963000000,0
FilePageCache.capacityInBytes,1772463527938000000,1772463587963000000,629145600
MappedFileStorage.totalBytesMapped,1772463527938000000,1772463587963000000,202637312
StreamlinedBlobStorage.recordsAllocated,1772463527938000000,1772463587963000000,0
DirectByteBufferAllocator.hits,1772463527938000000,1772463587963000000,0
MappedFileStorage.totalPagesMapped,1772463527938000000,1772463587963000000,16
MappedFileStorage.storages,1772463527938000000,1772463587963000000,16
DirectByteBufferAllocator.totalSizeOfBuffersAllocatedInBytes,1772463527938000000,1772463587963000000,630194176
StorageLockContext.competingThreads.90P,1772463527938000000,1772463587963000000,0
DirectByteBufferAllocator.totalSizeOfBuffersCachedInBytes,1772463527938000000,1772463587963000000,1048576
FilePageCache.maxRegisteredFiles,1772463527938000000,1772463587963000000,1824
StreamlinedBlobStorage.recordsDeleted,1772463527938000000,1772463587963000000,0
FileChannelInterruptsRetryer.totalRetriedAttempts,1772463527938000000,1772463587963000000,0
FilePageCache.totalPageDisposalsUs,1772463527938000000,1772463587963000000,0
MappedFileStorage.totalTimeSpentOnMappingUs,1772463527938000000,1772463587963000000,215345
FilePageCache.pageLoads,1772463527938000000,1772463587963000000,0
JVM.GC.collectionTimesMs,1772463527938000000,1772463587963000000,0
MEM.fileMappingsRamBytes,1772463527938000000,1772463587963000000,688984064
MEM.ramMinusFileMappingsBytes,1772463527938000000,1772463587963000000,3406258176
JVM.totalBytesAllocated,1772463527938000000,1772463587963000000,29457688
JVM.totalSafepointCount,1772463527938000000,1772463587963000000,21
MEM.ramBytes,1772463527938000000,1772463587963000000,4095242240
JVM.totalTimeToSafepointsMs,1772463527938000000,1772463587963000000,3
OS.loadAverage,1772463527938000000,1772463587963000000,2.16259765625
JVM.newThreadsCount,1772463527938000000,1772463587963000000,27
JVM.usedNativeBytes,1772463527938000000,1772463587963000000,493043784
JVM.GC.collections,1772463527938000000,1772463587963000000,0
JVM.maxHeapBytes,1772463527938000000,1772463587963000000,28840034304
JVM.maxThreadCount,1772463527938000000,1772463587963000000,233
JVM.totalCpuTimeMs,1772463527938000000,1772463587963000000,3210
JVM.totalTimeAtSafepointsMs,1772463527938000000,1772463587963000000,1
MEM.ramPlusSwapMinusFileMappingsBytes,1772463527938000000,1772463587963000000,3406258176
JVM.threadCount,1772463527938000000,1772463587963000000,80
JVM.committedHeapBytes,1772463527938000000,1772463587963000000,1996488704
JVM.totalDirectByteBuffersBytes,1772463527938000000,1772463587963000000,634362522
JVM.usedHeapBytes,1772463527938000000,1772463587963000000,563974880
Indexing.cache.totalCacheMisses,1772463527938000000,1772463587963000000,0
Indexing.writesQueuedMin,1772463527938000000,1772463587963000000,9223372036854775807
Indexes.entries.lookupDurationMaxMs,1772463527938000000,1772463587963000000,0.0
Indexes.stubs.lookupDurationAvgMs,1772463527938000000,1772463587963000000,0.0
Indexes.allKeys.lookupDurationAvgMs,1772463527938000000,1772463587963000000,0.0
Indexing.writer_1.totalTimeSpentWritingMs,1772463527938000000,1772463587963000000,0
Indexing.writer_2.totalTimeSpentWritingMs,1772463527938000000,1772463587963000000,0
Indexes.allKeys.lookupDuration90PMs,1772463527938000000,1772463587963000000,0.0
Indexing.writer_3.totalTimeSpentWritingMs,1772463527938000000,1772463587963000000,0
Indexes.allKeys.lookupDurationMaxMs,1772463527938000000,1772463587963000000,0.0
Indexing.writesQueuedMax,1772463527938000000,1772463587963000000,0
Indexes.entries.lookups,1772463527938000000,1772463587963000000,0
Indexing.writer_0.totalTimeSpentWritingMs,1772463527938000000,1772463587963000000,0
Indexes.entries.lookupDuration90PMs,1772463527938000000,1772463587963000000,0.0
Indexes.stubs.lookupDurationMaxMs,1772463527938000000,1772463587963000000,0.0
Indexes.entries.lookupDurationAvgMs,1772463527938000000,1772463587963000000,0.0
Indexing.cache.totalCacheAccesses,1772463527938000000,1772463587963000000,0
Indexing.cache.totalCacheEvicted,1772463527938000000,1772463587963000000,0
Indexes.stubs.lookupDuration90PMs,1772463527938000000,1772463587963000000,0.0
Indexing.totalTimeIndexersSleptMs,1772463527938000000,1772463587963000000,0
Indexes.stubs.lookups,1772463527938000000,1772463587963000000,0
Indexes.allKeys.lookups,1772463527938000000,1772463587963000000,0
VFS.contentStorage.recordsReadDecompressed,1772463527938000000,1772463587963000000,0
VFS.contentStorage.recordsDeduplicated,1772463527938000000,1772463587963000000,0
VFS.fileChildByName,1772463527938000000,1772463587963000000,0
VFS.cache.filesCreated,1772463527938000000,1772463587963000000,0
VFS.cache.segmentsCreated,1772463527938000000,1772463587963000000,0
VFS.rootsCount,1772463527938000000,1772463587963000000,317.0
VFS.contentStorage.recordsRead,1772463527938000000,1772463587963000000,0
FileNameCache.queries,1772463527938000000,1772463587963000000,0
VFS.contentStorage.recordsStoredCompressed,1772463527938000000,1772463587963000000,0
VFS.fileByIdCache.hits,1772463527938000000,1772463587963000000,0
VFS.invertedFileNameIndex.requests,1772463527938000000,1772463587963000000,0
FileNameCache.totalMisses,1772463527938000000,1772463587963000000,0
VFS.contentStorage.recordsDecompressionTimeUs,1772463527938000000,1772463587963000000,0
VFS.cache.segments,1772463527938000000,1772463587963000000,231.0
VFS.fileByIdCache.misses,1772463527938000000,1772463587963000000,0
VFS.contentStorage.recordsReadSize,1772463527938000000,1772463587963000000,0
VFS.folderCaseSensitivityReads,1772463527938000000,1772463587963000000,0
VFS.contentStorage.recordsUncompressedSize,1772463527938000000,1772463587963000000,0
VFS.contentStorage.recordsStoredSize,1772463527938000000,1772463587963000000,0
VFS.cache.directoriesCreated,1772463527938000000,1772463587963000000,0
VFS.contentStorage.recordsStored,1772463527938000000,1772463587963000000,0
DiskQueryRelay.taskWaitingTotalTimeUs,1772463527938000000,1772463587963000000,0
LowMemory.gcOverloaded,1772463527938000000,1772463587963000000,0
DiskQueryRelay.taskExecutionTotalTimeUs,1772463527938000000,1772463587963000000,0
writeAction.count,1772463527938000000,1772463587963000000,0
DiskQueryRelay.tasksRequested,1772463527938000000,1772463587963000000,0
writeAction.max.wait.ms,1772463527938000000,1772463587963000000,98
LowMemory.gcLoad,1772463527938000000,1772463587963000000,0.0
DiskQueryRelay.tasksExecuted,1772463527938000000,1772463587963000000,0
writeAction.wait.ms,1772463527938000000,1772463587963000000,0
writeAction.median.wait.ms,1772463527938000000,1772463587963000000,200
compiler.ArtifactManagerBridge.initBridges.ms,1772463527938000000,1772463587963000000,0
compiler.ArtifactModifiableModelBridge.getArtifacts.ms,1772463527938000000,1772463587963000000,0
compiler.ArtifactModifiableModelBridge.getArtifactsByType.ms,1772463527938000000,1772463587963000000,0
compiler.ArtifactModifiableModelBridge.commit.ms,1772463527938000000,1772463587963000000,3
compiler.ArtifactModifiableModelBridge.addArtifact.ms,1772463527938000000,1772463587963000000,0
compiler.ArtifactManagerBridge.getArtifactsByType.ms,1772463527938000000,1772463587963000000,0
compiler.ArtifactModifiableModelBridge.dispose.ms,1772463527938000000,1772463587963000000,0
compiler.ArtifactManagerBridge.dropMappings.ms,1772463527938000000,1772463587963000000,0
compiler.ArtifactVirtualFileListener.filePathChanged.ms,1772463527938000000,1772463587963000000,0
compiler.ArtifactModifiableModelBridge.findArtifacts.ms,1772463527938000000,1772463587963000000,0
compiler.ArtifactManagerBridge.addArtifact.ms,1772463527938000000,1772463587963000000,0
compiler.ArtifactManagerBridge.getArtifacts.ms,1772463527938000000,1772463587963000000,0
compiler.ArtifactVirtualFileListener.propertyChanged.ms,1772463527938000000,1772463587963000000,0
compiler.ArtifactManagerBridge.commit.ms,1772463527938000000,1772463587963000000,0
compiler.ArtifactManagerBridge.findArtifact.ms,1772463527938000000,1772463587963000000,0
cacheStateStorage.get.duration,1772463527938000000,1772463587963000000,0
cacheStateStorage.set.counter,1772463527938000000,1772463587963000000,0
cacheStateStorage.set.duration,1772463527938000000,1772463587963000000,0
cacheStateStorage.get.counter,1772463527938000000,1772463587963000000,0
workspaceModel.loading.total.ms,1772463587963000000,1772463647951000000,1
workspaceModel.cachedValueWithParameters.clear.count,1772463587963000000,1772463647951000000,0
workspaceModel.workspaceFileIndexData.getPackageName.ms,1772463587963000000,1772463647951000000,2
workspaceModel.updates.ms,1772463587963000000,1772463647951000000,0
workspaceModel.workspaceFileIndexData.onEntitiesChanged.ms,1772463587963000000,1772463647951000000,0
workspaceModel.cachedValue.clear.count,1772463587963000000,1772463647951000000,0
workspaceModel.on.before.changed.ms,1772463587963000000,1772463647951000000,0
workspaceModel.update.unloaded.entities.ms,1772463587963000000,1772463647951000000,0
workspaceModel.entityStorageSnapshotImpl.instances.count,1772463587963000000,1772463647951000000,1
workspaceModel.workspaceFileIndexData.getDirectoriesByPackageName.ms,1772463587963000000,1772463647951000000,9
workspaceModel.workspaceFileIndexData.processFileSets.ms,1772463587963000000,1772463647951000000,0
workspaceModel.initializing.ms,1772463587963000000,1772463647951000000,0
workspaceModel.cachedValue.from.cache.count,1772463587963000000,1772463647951000000,16815
workspaceModel.check.recursive.update.ms,1772463587963000000,1772463647951000000,0
workspaceModel.init.bridges.ms,1772463587963000000,1772463647951000000,0
workspaceModel.workspaceFileIndexData.instances.count,1772463587963000000,1772463647951000000,0
workspaceModel.collect.changes.ms,1772463587963000000,1772463647951000000,0
workspaceModel.updates.precise.ms,1772463587963000000,1772463647951000000,0
workspaceModel.on.changed.ms,1772463587963000000,1772463647951000000,0
workspaceModel.cachedValue.total.get.count,1772463587963000000,1772463647951000000,16819
workspaceModel.workspaceFileIndexData.visitFileSets.ms,1772463587963000000,1772463647951000000,2
workspaceModel.full.replace.project.model.ms,1772463587963000000,1772463647951000000,0
workspaceModel.workspaceFileIndexData.updateDirtyEntities.ms,1772463587963000000,1772463647951000000,0
workspaceModel.workspaceFileIndexData.markDirty.ms,1772463587963000000,1772463647951000000,0
workspaceModel.workspaceFileIndexData.getFileInfo.ms,1772463587963000000,1772463647951000000,1250
workspaceModel.replace.project.model.ms,1772463587963000000,1772463647951000000,0
workspaceModel.cachedValue.calculated.count,1772463587963000000,1772463647951000000,4
workspaceModel.pre.handlers.ms,1772463587963000000,1772463647951000000,0
workspaceModel.to.snapshot.ms,1772463587963000000,1772463647951000000,0
workspaceModel.updates.count,1772463587963000000,1772463647951000000,0
workspaceModel.cachedValueWithParameters.total.get.count,1772463587963000000,1772463647951000000,563
workspaceModel.workspaceFileIndexContributor.registerFileSets.ms,1772463587963000000,1772463647951000000,0
workspaceModel.loading.from.cache.ms,1772463587963000000,1772463647951000000,1
workspaceModel.cachedValueWithParameters.calculated.count,1772463587963000000,1772463647951000000,1
workspaceModel.cachedValueWithParameters.from.cache.count,1772463587963000000,1772463647951000000,562
workspaceModel.workspaceFileIndexData.init.ms,1772463587963000000,1772463647951000000,0
workspaceModel.mutableEntityStorage.instances.count,1772463587963000000,1772463647951000000,3
jps.global.initialize.library.bridges.after.loading.ms,1772463587963000000,1772463647951000000,0
workspaceModel.moduleManagerBridge.create.module.instance.ms,1772463587963000000,1772463647951000000,0
workspaceModel.mutableEntityStorage.hasReferrers.ms,1772463587963000000,1772463647951000000,0
jps.save.changed.project.entities.ms,1772463587963000000,1772463647951000000,21
workspaceModel.moduleManagerBridge.load.all.modules.ms,1772463587963000000,1772463647951000000,0
workspaceModel.moduleBridge.update.option.ms,1772463587963000000,1772463647951000000,0
workspaceModel.mutableEntityStorage.changeLog.addReplaceEventForRemovedParent.ms,1772463587963000000,1772463647951000000,0
jps.modifiable.module.model.bridge.new.module.ms,1772463587963000000,1772463647951000000,0
jps.storage.jps.conf.reader.load.component.ms,1772463587963000000,1772463647951000000,0
workspaceModel.mutableEntityStorage.changeLog.addReplaceEventForNewChild.ms,1772463587963000000,1772463647951000000,0
jps.project.serializers.load.ms,1772463587963000000,1772463647951000000,0
workspaceModel.mutableEntityStorage.changeLog.addReplaceEventForNewParent.ms,1772463587963000000,1772463647951000000,0
workspaceModel.mutableEntityStorage.has.same.entities.ms,1772463587963000000,1772463647951000000,0
workspaceModel.moduleManagerBridge.set.unloadedModules.ms,1772463587963000000,1772463647951000000,0
workspaceModel.mutableEntityStorage.replace.by.source.ms,1772463587963000000,1772463647951000000,9
jps.facet.change.listener.before.change.events.ms,1772463587963000000,1772463647951000000,0
workspaceModel.moduleBridgeLoader.loading.modules.ms,1772463587963000000,1772463647951000000,0
jps.global.get.library.by.name.ms,1772463587963000000,1772463647951000000,0
workspaceModel.mutableEntityStorage.to.snapshot.ms,1772463587963000000,1772463647951000000,0
workspaceModel.mutableEntityStorage.referrers.ms,1772463587963000000,1772463647951000000,0
workspaceModel.mutableEntityStorage.put.entity.ms,1772463587963000000,1772463647951000000,3
workspaceModel.moduleManagerBridge.load.module.ms,1772463587963000000,1772463647951000000,0
jps.library.entities.serializer.load.entities.ms,1772463587963000000,1772463647951000000,0
workspaceModel.mutableEntityStorage.add.entity.ms,1772463587963000000,1772463647951000000,8
jps.save.global.entities.ms,1772463587963000000,1772463647951000000,43
jps.artifact.entities.serializer.save.entities.ms,1772463587963000000,1772463647951000000,0
workspaceModel.orphan.listener.update.ms,1772463587963000000,1772463647951000000,0
workspaceModel.moduleManagerBridge.new.nonPersistent.module.ms,1772463587963000000,1772463647951000000,0
workspaceModel.global.apply.state.to.project.builder.ms,1772463587963000000,1772463647951000000,0
workspaceModel.mutableEntityStorage.changeLog.addReplaceEventForRemovedChild.ms,1772463587963000000,1772463647951000000,0
workspaceModel.mutableEntityStorage.modify.entity.ms,1772463587963000000,1772463647951000000,13
jps.global.initialize.library.bridges.ms,1772463587963000000,1772463647951000000,0
workspaceModel.moduleManagerBridge.get.modules.ms,1772463587963000000,1772463647951000000,0
jps.reload.project.entities.ms,1772463587963000000,1772463647951000000,0
jps.app.storage.content.reader.load.component.ms,1772463587963000000,1772463647951000000,0
workspaceModel.mutableEntityStorage.collect.changes.ms,1772463587963000000,1772463647951000000,0
jps.module.iml.entities.serializer.load.entities.ms,1772463587963000000,1772463647951000000,0
jps.app.storage.content.writer.save.component.ms,1772463587963000000,1772463647951000000,4
workspaceModel.mutableEntityStorage.mutable.ext.mapping.ms,1772463587963000000,1772463647951000000,0
jps.facet.change.listener.init.bridge.ms,1772463587963000000,1772463647951000000,0
jps.modifiable.module.model.bridge.load.module.ms,1772463587963000000,1772463647951000000,0
workspaceModel.mutableEntityStorage.remove.entity.ms,1772463587963000000,1772463647951000000,0
workspaceModel.mutableEntityStorage.entities.ms,1772463587963000000,1772463647951000000,0
workspaceModel.moduleBridge.facet.initialization.ms,1772463587963000000,1772463647951000000,0
workspaceModel.delayed.project.synchronizer.sync.ms,1772463587963000000,1772463647951000000,0
workspaceModel.do.save.caches.ms,1772463587963000000,1772463647951000000,0
jps.apply.loaded.storage.ms,1772463587963000000,1772463647951000000,0
workspaceModel.global.updates.count,1772463587963000000,1772463647951000000,0
jps.artifact.entities.serializer.load.entities.ms,1772463587963000000,1772463647951000000,0
workspaceModel.load.cache.metadata.from.file.ms,1772463587963000000,1772463647951000000,0
jps.library.entities.serializer.save.entities.ms,1772463587963000000,1772463647951000000,3
workspaceModel.save.cache.to.file.ms,1772463587963000000,1772463647951000000,0
workspaceModel.moduleManagerBridge.newModule.ms,1772463587963000000,1772463647951000000,0
workspaceModel.global.apply.state.to.project.ms,1772463587963000000,1772463647951000000,0
jps.global.handle.before.change.events.ms,1772463587963000000,1772463647951000000,0
workspaceModel.load.cache.from.file.ms,1772463587963000000,1772463647951000000,1
jps.load.project.to.empty.storage.ms,1772463587963000000,1772463647951000000,0
workspaceModel.global.updates.ms,1772463587963000000,1772463647951000000,0
jps.modifiable.module.model.bridge.disposing.ms,1772463587963000000,1772463647951000000,0
jps.global.handle.changed.events.ms,1772463587963000000,1772463647951000000,0
workspaceModel.sync.entities.ms,1772463587963000000,1772463647951000000,0
jps.global.get.libraries.ms,1772463587963000000,1772463647951000000,35
workspaceModel.mutableEntityStorage.apply.changes.from.ms,1772463587963000000,1772463647951000000,0
jps.facet.change.listener.process.change.events.ms,1772463587963000000,1772463647951000000,0
workspaceModel.mutableEntityStorage.mutable.vfurl.index.ms,1772463587963000000,1772463647951000000,0
jps.modifiable.module.model.bridge.renaming.ms,1772463587963000000,1772463647951000000,0
jps.load.initial.state.ms,1772463587963000000,1772463647951000000,0
workspaceModel.mutableEntityStorage.resolve.ms,1772463587963000000,1772463647951000000,0
workspaceModel.moduleBridge.before.changed.ms,1772463587963000000,1772463647951000000,0
jps.module.iml.entities.serializer.save.entities.ms,1772463587963000000,1772463647951000000,12
jps.global.get.library.ms,1772463587963000000,1772463647951000000,0
workspaceModel.mutableEntityStorage.entities.by.source.ms,1772463587963000000,1772463647951000000,0
jps.project.serializers.save.ms,1772463587963000000,1772463647951000000,21
jps.module.dependency.index.workspace.model.listener.on.changed.ms,1772463587963000000,1772463647951000000,0
workspaceModel.moduleManagerBridge.build.module.graph.ms,1772463587963000000,1772463647951000000,0
NonBlockingReadAction.failedExecutionsCount,1772463587963000000,1772463647951000000,0
FlushQueue.queueSizeAvg,1772463587963000000,1772463647951000000,0.0
AWTEventQueue.dispatchTime90PNs,1772463587963000000,1772463647951000000,0
FlushQueue.queueSizeMax,1772463587963000000,1772463647951000000,0
ReadAction.executionsCount,1772463587963000000,1772463647951000000,6140755
NonBlockingReadAction.failedExecutionTimeUs,1772463587963000000,1772463647951000000,0
WriteAction.executionsCount,1772463587963000000,1772463647951000000,22
NonBlockingReadAction.finalizedExecutionTimeUs,1772463587963000000,1772463647951000000,176923
AWTEventQueue.dispatchTimeMaxNs,1772463587963000000,1772463647951000000,0
FlushQueue.waitingTimeMaxNs,1772463587963000000,1772463647951000000,0
AWTEventQueue.eventsDispatched,1772463587963000000,1772463647951000000,0
FlushQueue.executionTimeMaxNs,1772463587963000000,1772463647951000000,0
FlushQueue.queueSize90P,1772463587963000000,1772463647951000000,0
FlushQueue.tasksExecuted,1772463587963000000,1772463647951000000,0
NonBlockingReadAction.finalizedExecutionsCount,1772463587963000000,1772463647951000000,294
AWTEventQueue.dispatchTimeTotalNS,1772463587963000000,1772463647951000000,349927209
FlushQueue.executionTime90PNs,1772463587963000000,1772463647951000000,0
FlushQueue.executionTimeAvgNs,1772463587963000000,1772463647951000000,0.0
FlushQueue.waitingTime90PNs,1772463587963000000,1772463647951000000,0
FlushQueue.waitingTimeAvgNs,1772463587963000000,1772463647951000000,0.0
AWTEventQueue.dispatchTimeAvgNs,1772463587963000000,1772463647951000000,0.0
DirectByteBufferAllocator.disposed,1772463587963000000,1772463647951000000,0
FilePageCache.pageLoadsAboveSizeThreshold,1772463587963000000,1772463647951000000,33
FilePageCache.pageHits,1772463587963000000,1772463647951000000,2416
StreamlinedBlobStorage.totalLiveRecordsCapacityBytes,1772463587963000000,1772463647951000000,3180514
DirectByteBufferAllocator.reclaimed,1772463587963000000,1772463647951000000,33
FilePageCache.uncachedFileAccess,1772463587963000000,1772463647951000000,52
StorageLockContext.competingThreads.avg,1772463587963000000,1772463647951000000,0.0
FilePageCache.totalPageLoadsUs,1772463587963000000,1772463647951000000,59309
StorageLockContext.competingThreads.max,1772463587963000000,1772463647951000000,0
FilePageCache.pageFastCacheHits,1772463587963000000,1772463647951000000,63694
FilePageCache.disposedBuffers,1772463587963000000,1772463647951000000,33
FilePageCache.maxCacheSizeInBytes,1772463587963000000,1772463647951000000,629145600
StreamlinedBlobStorage.recordsRelocated,1772463587963000000,1772463647951000000,0
DirectByteBufferAllocator.misses,1772463587963000000,1772463647951000000,0
StreamlinedBlobStorage.totalLiveRecordsPayloadBytes,1772463587963000000,1772463647951000000,2399411
FilePageCache.capacityInBytes,1772463587963000000,1772463647951000000,629145600
MappedFileStorage.totalBytesMapped,1772463587963000000,1772463647951000000,202637312
StreamlinedBlobStorage.recordsAllocated,1772463587963000000,1772463647951000000,1929
DirectByteBufferAllocator.hits,1772463587963000000,1772463647951000000,33
MappedFileStorage.totalPagesMapped,1772463587963000000,1772463647951000000,16
MappedFileStorage.storages,1772463587963000000,1772463647951000000,16
DirectByteBufferAllocator.totalSizeOfBuffersAllocatedInBytes,1772463587963000000,1772463647951000000,630194176
StorageLockContext.competingThreads.90P,1772463587963000000,1772463647951000000,0
DirectByteBufferAllocator.totalSizeOfBuffersCachedInBytes,1772463587963000000,1772463647951000000,1048576
FilePageCache.maxRegisteredFiles,1772463587963000000,1772463647951000000,1827
StreamlinedBlobStorage.recordsDeleted,1772463587963000000,1772463647951000000,8
FileChannelInterruptsRetryer.totalRetriedAttempts,1772463587963000000,1772463647951000000,0
FilePageCache.totalPageDisposalsUs,1772463587963000000,1772463647951000000,135
MappedFileStorage.totalTimeSpentOnMappingUs,1772463587963000000,1772463647951000000,215345
FilePageCache.pageLoads,1772463587963000000,1772463647951000000,0
JVM.GC.collectionTimesMs,1772463587963000000,1772463647951000000,786
MEM.fileMappingsRamBytes,1772463587963000000,1772463647951000000,896385024
MEM.ramMinusFileMappingsBytes,1772463587963000000,1772463647951000000,4906512384
JVM.totalBytesAllocated,1772463587963000000,1772463647951000000,35999752744
JVM.totalSafepointCount,1772463587963000000,1772463647951000000,391
MEM.ramBytes,1772463587963000000,1772463647951000000,5802897408
JVM.totalTimeToSafepointsMs,1772463587963000000,1772463647951000000,284
OS.loadAverage,1772463587963000000,1772463647951000000,3.9443359375
JVM.newThreadsCount,1772463587963000000,1772463647951000000,71
JVM.usedNativeBytes,1772463587963000000,1772463647951000000,696815056
JVM.GC.collections,1772463587963000000,1772463647951000000,26
JVM.maxHeapBytes,1772463587963000000,1772463647951000000,28840034304
JVM.maxThreadCount,1772463587963000000,1772463647951000000,233
JVM.totalCpuTimeMs,1772463587963000000,1772463647951000000,151860
JVM.totalTimeAtSafepointsMs,1772463587963000000,1772463647951000000,1009
MEM.ramPlusSwapMinusFileMappingsBytes,1772463587963000000,1772463647951000000,4906512384
JVM.threadCount,1772463587963000000,1772463647951000000,107
JVM.committedHeapBytes,1772463587963000000,1772463647951000000,3170893824
JVM.totalDirectByteBuffersBytes,1772463587963000000,1772463647951000000,648481703
JVM.usedHeapBytes,1772463587963000000,1772463647951000000,2751224264
Indexing.cache.totalCacheMisses,1772463587963000000,1772463647951000000,85970
Indexing.writesQueuedMin,1772463587963000000,1772463647951000000,9223372036854775807
Indexes.entries.lookupDurationMaxMs,1772463587963000000,1772463647951000000,0.0
Indexes.stubs.lookupDurationAvgMs,1772463587963000000,1772463647951000000,0.0
Indexes.allKeys.lookupDurationAvgMs,1772463587963000000,1772463647951000000,0.0
Indexing.writer_1.totalTimeSpentWritingMs,1772463587963000000,1772463647951000000,17
Indexing.writer_2.totalTimeSpentWritingMs,1772463587963000000,1772463647951000000,2
Indexes.allKeys.lookupDuration90PMs,1772463587963000000,1772463647951000000,0.0
Indexing.writer_3.totalTimeSpentWritingMs,1772463587963000000,1772463647951000000,5
Indexes.allKeys.lookupDurationMaxMs,1772463587963000000,1772463647951000000,0.0
Indexing.writesQueuedMax,1772463587963000000,1772463647951000000,0
Indexes.entries.lookups,1772463587963000000,1772463647951000000,7452
Indexing.writer_0.totalTimeSpentWritingMs,1772463587963000000,1772463647951000000,19
Indexes.entries.lookupDuration90PMs,1772463587963000000,1772463647951000000,0.0
Indexes.stubs.lookupDurationMaxMs,1772463587963000000,1772463647951000000,0.0
Indexes.entries.lookupDurationAvgMs,1772463587963000000,1772463647951000000,0.0
Indexing.cache.totalCacheAccesses,1772463587963000000,1772463647951000000,341685
Indexing.cache.totalCacheEvicted,1772463587963000000,1772463647951000000,78876
Indexes.stubs.lookupDuration90PMs,1772463587963000000,1772463647951000000,0.0
Indexing.totalTimeIndexersSleptMs,1772463587963000000,1772463647951000000,0
Indexes.stubs.lookups,1772463587963000000,1772463647951000000,137305
Indexes.allKeys.lookups,1772463587963000000,1772463647951000000,2
VFS.contentStorage.recordsReadDecompressed,1772463587963000000,1772463647951000000,635
VFS.contentStorage.recordsDeduplicated,1772463587963000000,1772463647951000000,366
VFS.fileChildByName,1772463587963000000,1772463647951000000,758452
VFS.cache.filesCreated,1772463587963000000,1772463647951000000,158871
VFS.cache.segmentsCreated,1772463587963000000,1772463647951000000,12
VFS.rootsCount,1772463587963000000,1772463647951000000,325.0
VFS.contentStorage.recordsRead,1772463587963000000,1772463647951000000,1567
FileNameCache.queries,1772463587963000000,1772463647951000000,7299648
VFS.contentStorage.recordsStoredCompressed,1772463587963000000,1772463647951000000,536
VFS.fileByIdCache.hits,1772463587963000000,1772463647951000000,238
VFS.invertedFileNameIndex.requests,1772463587963000000,1772463647951000000,2
FileNameCache.totalMisses,1772463587963000000,1772463647951000000,3840
VFS.contentStorage.recordsDecompressionTimeUs,1772463587963000000,1772463647951000000,27960
VFS.cache.segments,1772463587963000000,1772463647951000000,243.0
VFS.fileByIdCache.misses,1772463587963000000,1772463647951000000,9825
VFS.contentStorage.recordsReadSize,1772463587963000000,1772463647951000000,61656416
VFS.folderCaseSensitivityReads,1772463587963000000,1772463647951000000,265
VFS.contentStorage.recordsUncompressedSize,1772463587963000000,1772463647951000000,48025498
VFS.contentStorage.recordsStoredSize,1772463587963000000,1772463647951000000,8282470
VFS.cache.directoriesCreated,1772463587963000000,1772463647951000000,1779
VFS.contentStorage.recordsStored,1772463587963000000,1772463647951000000,985
lexer.IgnoreLang.size.bytes,1772463587963000000,1772463647951000000,444
lexer.ECMAScript.6.size.bytes,1772463587963000000,1772463647951000000,7342
parser.Lombok.Config.size.bytes,1772463587963000000,1772463647951000000,137
lexer.textmate.time.ns,1772463587963000000,1772463647951000000,256752
parser.Shell.Script.size.bytes,1772463587963000000,1772463647951000000,24940
lexer.HTML.size.bytes,1772463587963000000,1772463647951000000,4442827
lexer.yaml.size.bytes,1772463587963000000,1772463647951000000,27256
parser.JQuery-CSS.time.ns,1772463587963000000,1772463647951000000,3448666
lexer.IgnoreLang.time.ns,1772463587963000000,1772463647951000000,137667
lexer.Properties.time.ns,1772463587963000000,1772463647951000000,277583
lexer.Lombok.Config.time.ns,1772463587963000000,1772463647951000000,43875
parser.ECMAScript.6.time.ns,1772463587963000000,1772463647951000000,23892302
lexer.Groovy.time.ns,1772463587963000000,1772463647951000000,2776464
parser.HTML.size.bytes,1772463587963000000,1772463647951000000,4442827
parser.yaml.size.bytes,1772463587963000000,1772463647951000000,27256
DiskQueryRelay.taskWaitingTotalTimeUs,1772463587963000000,1772463647951000000,4064259
parser.IgnoreLang.size.bytes,1772463587963000000,1772463647951000000,444
parser.ECMAScript.6.size.bytes,1772463587963000000,1772463647951000000,396325
lexer.Properties.size.bytes,1772463587963000000,1772463647951000000,12102
parser.yaml.time.ns,1772463587963000000,1772463647951000000,7247628
lexer.Lombok.Config.size.bytes,1772463587963000000,1772463647951000000,137
parser.XML.size.bytes,1772463587963000000,1772463647951000000,11789254
parser.CSS.time.ns,1772463587963000000,1772463647951000000,49730159
parser.textmate.size.bytes,1772463587963000000,1772463647951000000,5301912
LowMemory.gcOverloaded,1772463587963000000,1772463647951000000,0
parser.HTML.time.ns,1772463587963000000,1772463647951000000,164396002
DiskQueryRelay.taskExecutionTotalTimeUs,1772463587963000000,1772463647951000000,2546110
parser.SVG.time.ns,1772463587963000000,1772463647951000000,417917
parser.textmate.time.ns,1772463587963000000,1772463647951000000,1106043
lexer.textmate.size.bytes,1772463587963000000,1772463647951000000,5301912
parser.JQuery-CSS.size.bytes,1772463587963000000,1772463647951000000,4620
parser.Groovy.size.bytes,1772463587963000000,1772463647951000000,12962
lexer.Groovy.size.bytes,1772463587963000000,1772463647951000000,12962
parser.RegExp.time.ns,1772463587963000000,1772463647951000000,510708
parser.JSON.size.bytes,1772463587963000000,1772463647951000000,35381416
parser.Shell.Script.time.ns,1772463587963000000,1772463647951000000,55259291
lexer.XML.size.bytes,1772463587963000000,1772463647951000000,11789254
lexer.CSS.time.ns,1772463587963000000,1772463647951000000,14125661
writeAction.count,1772463587963000000,1772463647951000000,22
DiskQueryRelay.tasksRequested,1772463587963000000,1772463647951000000,14923
parser.JSON.time.ns,1772463587963000000,1772463647951000000,2063054206
parser.Groovy.time.ns,1772463587963000000,1772463647951000000,45965510
lexer.JQuery-CSS.time.ns,1772463587963000000,1772463647951000000,591048
lexer.SVG.time.ns,1772463587963000000,1772463647951000000,328000
lexer.SVG.size.bytes,1772463587963000000,1772463647951000000,17961
lexer.JAVA.size.bytes,1772463587963000000,1772463647951000000,222805
lexer.Shell.Script.time.ns,1772463587963000000,1772463647951000000,1227249
parser.RegExp.size.bytes,1772463587963000000,1772463647951000000,163
lexer.yaml.time.ns,1772463587963000000,1772463647951000000,2293747
parser.IgnoreLang.time.ns,1772463587963000000,1772463647951000000,580792
parser.CSS.size.bytes,1772463587963000000,1772463647951000000,410511
writeAction.max.wait.ms,1772463587963000000,1772463647951000000,98
lexer.XML.time.ns,1772463587963000000,1772463647951000000,266459956
parser.XML.time.ns,1772463587963000000,1772463647951000000,532354166
LowMemory.gcLoad,1772463587963000000,1772463647951000000,0.0
DiskQueryRelay.tasksExecuted,1772463587963000000,1772463647951000000,14650
parser.Properties.time.ns,1772463587963000000,1772463647951000000,1234378
lexer.RegExp.size.bytes,1772463587963000000,1772463647951000000,163
lexer.JSON.size.bytes,1772463587963000000,1772463647951000000,35381416
parser.JAVA.size.bytes,1772463587963000000,1772463647951000000,227971
lexer.JSON.time.ns,1772463587963000000,1772463647951000000,346219428
lexer.HTML.time.ns,1772463587963000000,1772463647951000000,186829826
writeAction.wait.ms,1772463587963000000,1772463647951000000,0
lexer.Shell.Script.size.bytes,1772463587963000000,1772463647951000000,24940
parser.SVG.size.bytes,1772463587963000000,1772463647951000000,17961
lexer.ECMAScript.6.time.ns,1772463587963000000,1772463647951000000,144958
parser.Properties.size.bytes,1772463587963000000,1772463647951000000,12102
parser.Lombok.Config.time.ns,1772463587963000000,1772463647951000000,48875
lexer.JAVA.time.ns,1772463587963000000,1772463647951000000,17889901
lexer.CSS.size.bytes,1772463587963000000,1772463647951000000,410511
writeAction.median.wait.ms,1772463587963000000,1772463647951000000,200
lexer.JQuery-CSS.size.bytes,1772463587963000000,1772463647951000000,4620
lexer.RegExp.time.ns,1772463587963000000,1772463647951000000,281333
parser.JAVA.time.ns,1772463587963000000,1772463647951000000,186799098
compiler.ArtifactManagerBridge.initBridges.ms,1772463587963000000,1772463647951000000,0
compiler.ArtifactModifiableModelBridge.getArtifacts.ms,1772463587963000000,1772463647951000000,0
compiler.ArtifactModifiableModelBridge.getArtifactsByType.ms,1772463587963000000,1772463647951000000,0
compiler.ArtifactModifiableModelBridge.commit.ms,1772463587963000000,1772463647951000000,3
compiler.ArtifactModifiableModelBridge.addArtifact.ms,1772463587963000000,1772463647951000000,0
compiler.ArtifactManagerBridge.getArtifactsByType.ms,1772463587963000000,1772463647951000000,0
compiler.ArtifactModifiableModelBridge.dispose.ms,1772463587963000000,1772463647951000000,0
compiler.ArtifactManagerBridge.dropMappings.ms,1772463587963000000,1772463647951000000,0
compiler.ArtifactVirtualFileListener.filePathChanged.ms,1772463587963000000,1772463647951000000,0
compiler.ArtifactModifiableModelBridge.findArtifacts.ms,1772463587963000000,1772463647951000000,0
compiler.ArtifactManagerBridge.addArtifact.ms,1772463587963000000,1772463647951000000,0
compiler.ArtifactManagerBridge.getArtifacts.ms,1772463587963000000,1772463647951000000,0
compiler.ArtifactVirtualFileListener.propertyChanged.ms,1772463587963000000,1772463647951000000,0
compiler.ArtifactManagerBridge.commit.ms,1772463587963000000,1772463647951000000,0
compiler.ArtifactManagerBridge.findArtifact.ms,1772463587963000000,1772463647951000000,0
cacheStateStorage.get.duration,1772463587963000000,1772463647951000000,0
cacheStateStorage.set.counter,1772463587963000000,1772463647951000000,121
cacheStateStorage.set.duration,1772463587963000000,1772463647951000000,13
cacheStateStorage.get.counter,1772463587963000000,1772463647951000000,0
workspaceModel.loading.total.ms,1772463647951000000,1772463653701000000,0
workspaceModel.cachedValueWithParameters.clear.count,1772463647951000000,1772463653701000000,0
workspaceModel.workspaceFileIndexData.getPackageName.ms,1772463647951000000,1772463653701000000,0
workspaceModel.updates.ms,1772463647951000000,1772463653701000000,0
workspaceModel.workspaceFileIndexData.onEntitiesChanged.ms,1772463647951000000,1772463653701000000,0
workspaceModel.cachedValue.clear.count,1772463647951000000,1772463653701000000,0
workspaceModel.on.before.changed.ms,1772463647951000000,1772463653701000000,0
workspaceModel.update.unloaded.entities.ms,1772463647951000000,1772463653701000000,0
workspaceModel.entityStorageSnapshotImpl.instances.count,1772463647951000000,1772463653701000000,0
workspaceModel.workspaceFileIndexData.getDirectoriesByPackageName.ms,1772463647951000000,1772463653701000000,0
workspaceModel.workspaceFileIndexData.processFileSets.ms,1772463647951000000,1772463653701000000,0
workspaceModel.initializing.ms,1772463647951000000,1772463653701000000,0
workspaceModel.cachedValue.from.cache.count,1772463647951000000,1772463653701000000,4
workspaceModel.check.recursive.update.ms,1772463647951000000,1772463653701000000,0
workspaceModel.init.bridges.ms,1772463647951000000,1772463653701000000,0
workspaceModel.workspaceFileIndexData.instances.count,1772463647951000000,1772463653701000000,0
workspaceModel.collect.changes.ms,1772463647951000000,1772463653701000000,0
workspaceModel.updates.precise.ms,1772463647951000000,1772463653701000000,0
workspaceModel.on.changed.ms,1772463647951000000,1772463653701000000,0
workspaceModel.cachedValue.total.get.count,1772463647951000000,1772463653701000000,4
workspaceModel.workspaceFileIndexData.visitFileSets.ms,1772463647951000000,1772463653701000000,0
workspaceModel.full.replace.project.model.ms,1772463647951000000,1772463653701000000,0
workspaceModel.workspaceFileIndexData.updateDirtyEntities.ms,1772463647951000000,1772463653701000000,0
workspaceModel.workspaceFileIndexData.markDirty.ms,1772463647951000000,1772463653701000000,0
workspaceModel.workspaceFileIndexData.getFileInfo.ms,1772463647951000000,1772463653701000000,0
workspaceModel.replace.project.model.ms,1772463647951000000,1772463653701000000,0
workspaceModel.cachedValue.calculated.count,1772463647951000000,1772463653701000000,0
workspaceModel.pre.handlers.ms,1772463647951000000,1772463653701000000,0
workspaceModel.to.snapshot.ms,1772463647951000000,1772463653701000000,0
workspaceModel.updates.count,1772463647951000000,1772463653701000000,0
workspaceModel.cachedValueWithParameters.total.get.count,1772463647951000000,1772463653701000000,0
workspaceModel.workspaceFileIndexContributor.registerFileSets.ms,1772463647951000000,1772463653701000000,0
workspaceModel.loading.from.cache.ms,1772463647951000000,1772463653701000000,0
workspaceModel.cachedValueWithParameters.calculated.count,1772463647951000000,1772463653701000000,0
workspaceModel.cachedValueWithParameters.from.cache.count,1772463647951000000,1772463653701000000,0
workspaceModel.workspaceFileIndexData.init.ms,1772463647951000000,1772463653701000000,0
workspaceModel.mutableEntityStorage.instances.count,1772463647951000000,1772463653701000000,0
jps.global.initialize.library.bridges.after.loading.ms,1772463647951000000,1772463653701000000,0
workspaceModel.moduleManagerBridge.create.module.instance.ms,1772463647951000000,1772463653701000000,0
workspaceModel.mutableEntityStorage.hasReferrers.ms,1772463647951000000,1772463653701000000,0
jps.save.changed.project.entities.ms,1772463647951000000,1772463653701000000,0
workspaceModel.moduleManagerBridge.load.all.modules.ms,1772463647951000000,1772463653701000000,0
workspaceModel.moduleBridge.update.option.ms,1772463647951000000,1772463653701000000,0
workspaceModel.mutableEntityStorage.changeLog.addReplaceEventForRemovedParent.ms,1772463647951000000,1772463653701000000,0
jps.modifiable.module.model.bridge.new.module.ms,1772463647951000000,1772463653701000000,0
jps.storage.jps.conf.reader.load.component.ms,1772463647951000000,1772463653701000000,0
workspaceModel.mutableEntityStorage.changeLog.addReplaceEventForNewChild.ms,1772463647951000000,1772463653701000000,0
jps.project.serializers.load.ms,1772463647951000000,1772463653701000000,0
workspaceModel.mutableEntityStorage.changeLog.addReplaceEventForNewParent.ms,1772463647951000000,1772463653701000000,0
workspaceModel.mutableEntityStorage.has.same.entities.ms,1772463647951000000,1772463653701000000,0
workspaceModel.moduleManagerBridge.set.unloadedModules.ms,1772463647951000000,1772463653701000000,0
workspaceModel.mutableEntityStorage.replace.by.source.ms,1772463647951000000,1772463653701000000,0
jps.facet.change.listener.before.change.events.ms,1772463647951000000,1772463653701000000,0
workspaceModel.moduleBridgeLoader.loading.modules.ms,1772463647951000000,1772463653701000000,0
jps.global.get.library.by.name.ms,1772463647951000000,1772463653701000000,0
workspaceModel.mutableEntityStorage.to.snapshot.ms,1772463647951000000,1772463653701000000,0
workspaceModel.mutableEntityStorage.referrers.ms,1772463647951000000,1772463653701000000,0
workspaceModel.mutableEntityStorage.put.entity.ms,1772463647951000000,1772463653701000000,0
workspaceModel.moduleManagerBridge.load.module.ms,1772463647951000000,1772463653701000000,0
jps.library.entities.serializer.load.entities.ms,1772463647951000000,1772463653701000000,0
workspaceModel.mutableEntityStorage.add.entity.ms,1772463647951000000,1772463653701000000,0
jps.save.global.entities.ms,1772463647951000000,1772463653701000000,0
jps.artifact.entities.serializer.save.entities.ms,1772463647951000000,1772463653701000000,0
workspaceModel.orphan.listener.update.ms,1772463647951000000,1772463653701000000,0
workspaceModel.moduleManagerBridge.new.nonPersistent.module.ms,1772463647951000000,1772463653701000000,0
workspaceModel.global.apply.state.to.project.builder.ms,1772463647951000000,1772463653701000000,0
workspaceModel.mutableEntityStorage.changeLog.addReplaceEventForRemovedChild.ms,1772463647951000000,1772463653701000000,0
workspaceModel.mutableEntityStorage.modify.entity.ms,1772463647951000000,1772463653701000000,0
jps.global.initialize.library.bridges.ms,1772463647951000000,1772463653701000000,0
workspaceModel.moduleManagerBridge.get.modules.ms,1772463647951000000,1772463653701000000,0
jps.reload.project.entities.ms,1772463647951000000,1772463653701000000,0
jps.app.storage.content.reader.load.component.ms,1772463647951000000,1772463653701000000,0
workspaceModel.mutableEntityStorage.collect.changes.ms,1772463647951000000,1772463653701000000,0
jps.module.iml.entities.serializer.load.entities.ms,1772463647951000000,1772463653701000000,0
jps.app.storage.content.writer.save.component.ms,1772463647951000000,1772463653701000000,0
workspaceModel.mutableEntityStorage.mutable.ext.mapping.ms,1772463647951000000,1772463653701000000,0
jps.facet.change.listener.init.bridge.ms,1772463647951000000,1772463653701000000,0
jps.modifiable.module.model.bridge.load.module.ms,1772463647951000000,1772463653701000000,0
workspaceModel.mutableEntityStorage.remove.entity.ms,1772463647951000000,1772463653701000000,0
workspaceModel.mutableEntityStorage.entities.ms,1772463647951000000,1772463653701000000,0
workspaceModel.moduleBridge.facet.initialization.ms,1772463647951000000,1772463653701000000,0
workspaceModel.delayed.project.synchronizer.sync.ms,1772463647951000000,1772463653701000000,0
workspaceModel.do.save.caches.ms,1772463647951000000,1772463653701000000,0
jps.apply.loaded.storage.ms,1772463647951000000,1772463653701000000,0
workspaceModel.global.updates.count,1772463647951000000,1772463653701000000,0
jps.artifact.entities.serializer.load.entities.ms,1772463647951000000,1772463653701000000,0
workspaceModel.load.cache.metadata.from.file.ms,1772463647951000000,1772463653701000000,0
jps.library.entities.serializer.save.entities.ms,1772463647951000000,1772463653701000000,0
workspaceModel.save.cache.to.file.ms,1772463647951000000,1772463653701000000,0
workspaceModel.moduleManagerBridge.newModule.ms,1772463647951000000,1772463653701000000,0
workspaceModel.global.apply.state.to.project.ms,1772463647951000000,1772463653701000000,0
jps.global.handle.before.change.events.ms,1772463647951000000,1772463653701000000,0
workspaceModel.load.cache.from.file.ms,1772463647951000000,1772463653701000000,0
jps.load.project.to.empty.storage.ms,1772463647951000000,1772463653701000000,0
workspaceModel.global.updates.ms,1772463647951000000,1772463653701000000,0
jps.modifiable.module.model.bridge.disposing.ms,1772463647951000000,1772463653701000000,0
jps.global.handle.changed.events.ms,1772463647951000000,1772463653701000000,0
workspaceModel.sync.entities.ms,1772463647951000000,1772463653701000000,0
jps.global.get.libraries.ms,1772463647951000000,1772463653701000000,0
workspaceModel.mutableEntityStorage.apply.changes.from.ms,1772463647951000000,1772463653701000000,0
jps.facet.change.listener.process.change.events.ms,1772463647951000000,1772463653701000000,0
workspaceModel.mutableEntityStorage.mutable.vfurl.index.ms,1772463647951000000,1772463653701000000,0
jps.modifiable.module.model.bridge.renaming.ms,1772463647951000000,1772463653701000000,0
jps.load.initial.state.ms,1772463647951000000,1772463653701000000,0
workspaceModel.mutableEntityStorage.resolve.ms,1772463647951000000,1772463653701000000,0
workspaceModel.moduleBridge.before.changed.ms,1772463647951000000,1772463653701000000,0
jps.module.iml.entities.serializer.save.entities.ms,1772463647951000000,1772463653701000000,0
jps.global.get.library.ms,1772463647951000000,1772463653701000000,0
workspaceModel.mutableEntityStorage.entities.by.source.ms,1772463647951000000,1772463653701000000,0
jps.project.serializers.save.ms,1772463647951000000,1772463653701000000,0
jps.module.dependency.index.workspace.model.listener.on.changed.ms,1772463647951000000,1772463653701000000,0
workspaceModel.moduleManagerBridge.build.module.graph.ms,1772463647951000000,1772463653701000000,0
NonBlockingReadAction.failedExecutionsCount,1772463647951000000,1772463653701000000,0
NonBlockingReadAction.failedExecutionTimeUs,1772463647951000000,1772463653701000000,0
NonBlockingReadAction.finalizedExecutionTimeUs,1772463647951000000,1772463653701000000,0
NonBlockingReadAction.finalizedExecutionsCount,1772463647951000000,1772463653701000000,0
AWTEventQueue.dispatchTimeTotalNS,1772463647951000000,1772463653701000000,99574130
DirectByteBufferAllocator.disposed,1772463647951000000,1772463653701000000,561
FilePageCache.pageLoadsAboveSizeThreshold,1772463647951000000,1772463653701000000,0
FilePageCache.pageHits,1772463647951000000,1772463653701000000,0
DirectByteBufferAllocator.reclaimed,1772463647951000000,1772463653701000000,39
FilePageCache.uncachedFileAccess,1772463647951000000,1772463653701000000,0
StorageLockContext.competingThreads.avg,1772463647951000000,1772463653701000000,0.0
FilePageCache.totalPageLoadsUs,1772463647951000000,1772463653701000000,0
StorageLockContext.competingThreads.max,1772463647951000000,1772463653701000000,0
FilePageCache.pageFastCacheHits,1772463647951000000,1772463653701000000,0
FilePageCache.disposedBuffers,1772463647951000000,1772463653701000000,600
FilePageCache.maxCacheSizeInBytes,1772463647951000000,1772463653701000000,629145600
DirectByteBufferAllocator.misses,1772463647951000000,1772463653701000000,0
FilePageCache.capacityInBytes,1772463647951000000,1772463653701000000,629145600
DirectByteBufferAllocator.hits,1772463647951000000,1772463653701000000,0
DirectByteBufferAllocator.totalSizeOfBuffersAllocatedInBytes,1772463647951000000,1772463653701000000,41943040
StorageLockContext.competingThreads.90P,1772463647951000000,1772463653701000000,0
DirectByteBufferAllocator.totalSizeOfBuffersCachedInBytes,1772463647951000000,1772463653701000000,41943040
FilePageCache.maxRegisteredFiles,1772463647951000000,1772463653701000000,1827
FileChannelInterruptsRetryer.totalRetriedAttempts,1772463647951000000,1772463653701000000,0
FilePageCache.totalPageDisposalsUs,1772463647951000000,1772463653701000000,0
FilePageCache.pageLoads,1772463647951000000,1772463653701000000,0
JVM.GC.collectionTimesMs,1772463647951000000,1772463653701000000,27
MEM.fileMappingsRamBytes,1772463647951000000,1772463653701000000,898052096
MEM.ramMinusFileMappingsBytes,1772463647951000000,1772463653701000000,4912893952
JVM.totalBytesAllocated,1772463647951000000,1772463653701000000,85781976
JVM.totalSafepointCount,1772463647951000000,1772463653701000000,10
MEM.ramBytes,1772463647951000000,1772463653701000000,5810946048
JVM.totalTimeToSafepointsMs,1772463647951000000,1772463653701000000,1
OS.loadAverage,1772463647951000000,1772463653701000000,3.94921875
JVM.newThreadsCount,1772463647951000000,1772463653701000000,23
JVM.usedNativeBytes,1772463647951000000,1772463653701000000,703016008
JVM.GC.collections,1772463647951000000,1772463653701000000,1
JVM.maxHeapBytes,1772463647951000000,1772463653701000000,28840034304
JVM.maxThreadCount,1772463647951000000,1772463653701000000,233
JVM.totalCpuTimeMs,1772463647951000000,1772463653701000000,1820
JVM.totalTimeAtSafepointsMs,1772463647951000000,1772463653701000000,29
MEM.ramPlusSwapMinusFileMappingsBytes,1772463647951000000,1772463653701000000,4912893952
JVM.threadCount,1772463647951000000,1772463653701000000,95
JVM.committedHeapBytes,1772463647951000000,1772463653701000000,3170893824
JVM.totalDirectByteBuffersBytes,1772463647951000000,1772463653701000000,60196132
JVM.usedHeapBytes,1772463647951000000,1772463653701000000,1263175104
Indexing.cache.totalCacheMisses,1772463647951000000,1772463653701000000,0
Indexing.writesQueuedMin,1772463647951000000,1772463653701000000,9223372036854775807
Indexes.entries.lookupDurationMaxMs,1772463647951000000,1772463653701000000,0.0
Indexes.stubs.lookupDurationAvgMs,1772463647951000000,1772463653701000000,0.0
Indexes.allKeys.lookupDurationAvgMs,1772463647951000000,1772463653701000000,0.0
Indexing.writer_1.totalTimeSpentWritingMs,1772463647951000000,1772463653701000000,0
Indexing.writer_2.totalTimeSpentWritingMs,1772463647951000000,1772463653701000000,0
Indexes.allKeys.lookupDuration90PMs,1772463647951000000,1772463653701000000,0.0
Indexing.writer_3.totalTimeSpentWritingMs,1772463647951000000,1772463653701000000,0
Indexes.allKeys.lookupDurationMaxMs,1772463647951000000,1772463653701000000,0.0
Indexing.writesQueuedMax,1772463647951000000,1772463653701000000,0
Indexes.entries.lookups,1772463647951000000,1772463653701000000,0
Indexing.writer_0.totalTimeSpentWritingMs,1772463647951000000,1772463653701000000,0
Indexes.entries.lookupDuration90PMs,1772463647951000000,1772463653701000000,0.0
Indexes.stubs.lookupDurationMaxMs,1772463647951000000,1772463653701000000,0.0
Indexes.entries.lookupDurationAvgMs,1772463647951000000,1772463653701000000,0.0
Indexing.cache.totalCacheAccesses,1772463647951000000,1772463653701000000,0
Indexing.cache.totalCacheEvicted,1772463647951000000,1772463653701000000,8228
Indexes.stubs.lookupDuration90PMs,1772463647951000000,1772463653701000000,0.0
Indexing.totalTimeIndexersSleptMs,1772463647951000000,1772463653701000000,0
Indexes.stubs.lookups,1772463647951000000,1772463653701000000,0
Indexes.allKeys.lookups,1772463647951000000,1772463653701000000,0
DiskQueryRelay.taskWaitingTotalTimeUs,1772463647951000000,1772463653701000000,518
DiskQueryRelay.taskExecutionTotalTimeUs,1772463647951000000,1772463653701000000,90
writeAction.count,1772463647951000000,1772463653701000000,2
DiskQueryRelay.tasksRequested,1772463647951000000,1772463653701000000,7
writeAction.max.wait.ms,1772463647951000000,1772463653701000000,98
DiskQueryRelay.tasksExecuted,1772463647951000000,1772463653701000000,7
writeAction.wait.ms,1772463647951000000,1772463653701000000,0
writeAction.median.wait.ms,1772463647951000000,1772463653701000000,200
compiler.ArtifactManagerBridge.initBridges.ms,1772463647951000000,1772463653701000000,0
compiler.ArtifactModifiableModelBridge.getArtifacts.ms,1772463647951000000,1772463653701000000,0
compiler.ArtifactModifiableModelBridge.getArtifactsByType.ms,1772463647951000000,1772463653701000000,0
compiler.ArtifactModifiableModelBridge.commit.ms,1772463647951000000,1772463653701000000,3
compiler.ArtifactModifiableModelBridge.addArtifact.ms,1772463647951000000,1772463653701000000,0
compiler.ArtifactManagerBridge.getArtifactsByType.ms,1772463647951000000,1772463653701000000,0
compiler.ArtifactModifiableModelBridge.dispose.ms,1772463647951000000,1772463653701000000,0
compiler.ArtifactManagerBridge.dropMappings.ms,1772463647951000000,1772463653701000000,0
compiler.ArtifactVirtualFileListener.filePathChanged.ms,1772463647951000000,1772463653701000000,0
compiler.ArtifactModifiableModelBridge.findArtifacts.ms,1772463647951000000,1772463653701000000,0
compiler.ArtifactManagerBridge.addArtifact.ms,1772463647951000000,1772463653701000000,0
compiler.ArtifactManagerBridge.getArtifacts.ms,1772463647951000000,1772463653701000000,0
compiler.ArtifactVirtualFileListener.propertyChanged.ms,1772463647951000000,1772463653701000000,0
compiler.ArtifactManagerBridge.commit.ms,1772463647951000000,1772463653701000000,0
compiler.ArtifactManagerBridge.findArtifact.ms,1772463647951000000,1772463653701000000,0
cacheStateStorage.get.duration,1772463647951000000,1772463653701000000,0
cacheStateStorage.set.counter,1772463647951000000,1772463653701000000,10
cacheStateStorage.set.duration,1772463647951000000,1772463653701000000,1
cacheStateStorage.get.counter,1772463647951000000,1772463653701000000,0
