# OpenTelemetry Metrics report: .csv, 4 fields: 
# <metric name>, <period start, nanoseconds>, <period end, nanoseconds>, <metric value>
# See CsvMetricsExporter for details.
# 
# NAME, PERIOD_START_NANOS, PERIOD_END_NANOS, VALUE
workspaceModel.do.save.caches.ms,1775498499905000000,1775498560007000000,49
workspaceModel.mutableEntityStorage.modify.entity.ms,1775498499905000000,1775498560007000000,27
workspaceModel.mutableEntityStorage.has.same.entities.ms,1775498499905000000,1775498560007000000,1
workspaceModel.delayed.project.synchronizer.sync.ms,1775498499905000000,1775498560007000000,0
workspaceModel.global.updates.count,1775498499905000000,1775498560007000000,3
workspaceModel.moduleManagerBridge.new.nonPersistent.module.ms,1775498499905000000,1775498560007000000,0
workspaceModel.moduleManagerBridge.newModule.ms,1775498499905000000,1775498560007000000,0
jps.project.serializers.save.ms,1775498499905000000,1775498560007000000,0
workspaceModel.mutableEntityStorage.changeLog.addReplaceEventForRemovedParent.ms,1775498499905000000,1775498560007000000,0
jps.app.storage.content.reader.load.component.ms,1775498499905000000,1775498560007000000,0
workspaceModel.global.apply.state.to.project.ms,1775498499905000000,1775498560007000000,5
workspaceModel.moduleManagerBridge.load.module.ms,1775498499905000000,1775498560007000000,0
jps.save.changed.project.entities.ms,1775498499905000000,1775498560007000000,0
workspaceModel.mutableEntityStorage.put.entity.ms,1775498499905000000,1775498560007000000,16
workspaceModel.mutableEntityStorage.add.entity.ms,1775498499905000000,1775498560007000000,41
workspaceModel.orphan.listener.update.ms,1775498499905000000,1775498560007000000,2
jps.artifact.entities.serializer.save.entities.ms,1775498499905000000,1775498560007000000,0
workspaceModel.moduleManagerBridge.set.unloadedModules.ms,1775498499905000000,1775498560007000000,0
jps.module.iml.entities.serializer.save.entities.ms,1775498499905000000,1775498560007000000,0
jps.artifact.entities.serializer.load.entities.ms,1775498499905000000,1775498560007000000,1
workspaceModel.moduleManagerBridge.load.all.modules.ms,1775498499905000000,1775498560007000000,11
jps.facet.change.listener.before.change.events.ms,1775498499905000000,1775498560007000000,0
workspaceModel.mutableEntityStorage.resolve.ms,1775498499905000000,1775498560007000000,0
workspaceModel.global.updates.ms,1775498499905000000,1775498560007000000,18
jps.global.get.library.ms,1775498499905000000,1775498560007000000,0
workspaceModel.mutableEntityStorage.entities.by.source.ms,1775498499905000000,1775498560007000000,0
workspaceModel.moduleBridge.update.option.ms,1775498499905000000,1775498560007000000,0
workspaceModel.mutableEntityStorage.changeLog.addReplaceEventForRemovedChild.ms,1775498499905000000,1775498560007000000,0
jps.project.serializers.load.ms,1775498499905000000,1775498560007000000,41
jps.global.handle.before.change.events.ms,1775498499905000000,1775498560007000000,0
workspaceModel.mutableEntityStorage.collect.changes.ms,1775498499905000000,1775498560007000000,0
jps.reload.project.entities.ms,1775498499905000000,1775498560007000000,0
workspaceModel.mutableEntityStorage.instances.count,1775498499905000000,1775498560007000000,48
workspaceModel.moduleManagerBridge.get.modules.ms,1775498499905000000,1775498560007000000,0
workspaceModel.mutableEntityStorage.changeLog.addReplaceEventForNewParent.ms,1775498499905000000,1775498560007000000,1
workspaceModel.moduleBridge.before.changed.ms,1775498499905000000,1775498560007000000,0
jps.global.initialize.library.bridges.ms,1775498499905000000,1775498560007000000,0
workspaceModel.mutableEntityStorage.referrers.ms,1775498499905000000,1775498560007000000,0
workspaceModel.mutableEntityStorage.changeLog.addReplaceEventForNewChild.ms,1775498499905000000,1775498560007000000,0
jps.global.get.libraries.ms,1775498499905000000,1775498560007000000,1
jps.save.global.entities.ms,1775498499905000000,1775498560007000000,0
jps.module.dependency.index.workspace.model.listener.on.changed.ms,1775498499905000000,1775498560007000000,3
jps.global.initialize.library.bridges.after.loading.ms,1775498499905000000,1775498560007000000,1
jps.global.get.library.by.name.ms,1775498499905000000,1775498560007000000,0
workspaceModel.moduleBridge.facet.initialization.ms,1775498499905000000,1775498560007000000,0
workspaceModel.mutableEntityStorage.mutable.ext.mapping.ms,1775498499905000000,1775498560007000000,1
jps.storage.jps.conf.reader.load.component.ms,1775498499905000000,1775498560007000000,6
jps.apply.loaded.storage.ms,1775498499905000000,1775498560007000000,83
workspaceModel.save.cache.to.file.ms,1775498499905000000,1775498560007000000,112
workspaceModel.load.cache.from.file.ms,1775498499905000000,1775498560007000000,0
workspaceModel.moduleManagerBridge.build.module.graph.ms,1775498499905000000,1775498560007000000,1
jps.library.entities.serializer.save.entities.ms,1775498499905000000,1775498560007000000,0
jps.module.iml.entities.serializer.load.entities.ms,1775498499905000000,1775498560007000000,22
jps.facet.change.listener.process.change.events.ms,1775498499905000000,1775498560007000000,0
workspaceModel.mutableEntityStorage.remove.entity.ms,1775498499905000000,1775498560007000000,8
jps.facet.change.listener.init.bridge.ms,1775498499905000000,1775498560007000000,3
workspaceModel.sync.entities.ms,1775498499905000000,1775498560007000000,2
workspaceModel.mutableEntityStorage.apply.changes.from.ms,1775498499905000000,1775498560007000000,13
jps.load.project.to.empty.storage.ms,1775498499905000000,1775498560007000000,95
jps.global.handle.changed.events.ms,1775498499905000000,1775498560007000000,0
jps.library.entities.serializer.load.entities.ms,1775498499905000000,1775498560007000000,2
workspaceModel.moduleManagerBridge.create.module.instance.ms,1775498499905000000,1775498560007000000,0
workspaceModel.mutableEntityStorage.replace.by.source.ms,1775498499905000000,1775498560007000000,13
workspaceModel.mutableEntityStorage.entities.ms,1775498499905000000,1775498560007000000,0
workspaceModel.mutableEntityStorage.hasReferrers.ms,1775498499905000000,1775498560007000000,0
jps.load.initial.state.ms,1775498499905000000,1775498560007000000,11
workspaceModel.load.cache.metadata.from.file.ms,1775498499905000000,1775498560007000000,0
workspaceModel.mutableEntityStorage.mutable.vfurl.index.ms,1775498499905000000,1775498560007000000,0
workspaceModel.mutableEntityStorage.to.snapshot.ms,1775498499905000000,1775498560007000000,2
workspaceModel.global.apply.state.to.project.builder.ms,1775498499905000000,1775498560007000000,5
workspaceModel.moduleBridgeLoader.loading.modules.ms,1775498499905000000,1775498560007000000,50
compiler.ArtifactManagerBridge.dropMappings.ms,1775498499905000000,1775498560007000000,0
compiler.ArtifactManagerBridge.initBridges.ms,1775498499905000000,1775498560007000000,0
compiler.ArtifactManagerBridge.findArtifact.ms,1775498499905000000,1775498560007000000,0
compiler.ArtifactManagerBridge.addArtifact.ms,1775498499905000000,1775498560007000000,0
compiler.ArtifactVirtualFileListener.propertyChanged.ms,1775498499905000000,1775498560007000000,0
compiler.ArtifactManagerBridge.getArtifacts.ms,1775498499905000000,1775498560007000000,0
compiler.ArtifactManagerBridge.commit.ms,1775498499905000000,1775498560007000000,0
compiler.ArtifactManagerBridge.getArtifactsByType.ms,1775498499905000000,1775498560007000000,0
compiler.ArtifactVirtualFileListener.filePathChanged.ms,1775498499905000000,1775498560007000000,0
workspaceModel.workspaceFileIndexData.init.ms,1775498499905000000,1775498560007000000,3
workspaceModel.workspaceFileIndexData.getPackageName.ms,1775498499905000000,1775498560007000000,0
workspaceModel.collect.changes.ms,1775498499905000000,1775498560007000000,0
workspaceModel.entityStorageSnapshotImpl.instances.count,1775498499905000000,1775498560007000000,29
workspaceModel.workspaceFileIndexData.instances.count,1775498499905000000,1775498560007000000,1
workspaceModel.workspaceFileIndexData.markDirty.ms,1775498499905000000,1775498560007000000,0
workspaceModel.workspaceFileIndexData.visitFileSets.ms,1775498499905000000,1775498560007000000,97
workspaceModel.initializing.ms,1775498499905000000,1775498560007000000,11
workspaceModel.updates.count,1775498499905000000,1775498560007000000,6
workspaceModel.cachedValue.from.cache.count,1775498499905000000,1775498560007000000,3133
workspaceModel.cachedValue.clear.count,1775498499905000000,1775498560007000000,0
workspaceModel.on.changed.ms,1775498499905000000,1775498560007000000,81
workspaceModel.loading.from.cache.ms,1775498499905000000,1775498560007000000,0
workspaceModel.to.snapshot.ms,1775498499905000000,1775498560007000000,0
workspaceModel.cachedValue.calculated.count,1775498499905000000,1775498560007000000,52
workspaceModel.cachedValueWithParameters.calculated.count,1775498499905000000,1775498560007000000,0
workspaceModel.updates.precise.ms,1775498499905000000,1775498560007000000,5
workspaceModel.cachedValueWithParameters.total.get.count,1775498499905000000,1775498560007000000,0
workspaceModel.on.before.changed.ms,1775498499905000000,1775498560007000000,68
workspaceModel.cachedValue.total.get.count,1775498499905000000,1775498560007000000,3185
workspaceModel.replace.project.model.ms,1775498499905000000,1775498560007000000,60
workspaceModel.workspaceFileIndexData.onEntitiesChanged.ms,1775498499905000000,1775498560007000000,31
workspaceModel.cachedValueWithParameters.from.cache.count,1775498499905000000,1775498560007000000,0
workspaceModel.check.recursive.update.ms,1775498499905000000,1775498560007000000,2
workspaceModel.update.unloaded.entities.ms,1775498499905000000,1775498560007000000,0
workspaceModel.workspaceFileIndexData.processFileSets.ms,1775498499905000000,1775498560007000000,0
workspaceModel.init.bridges.ms,1775498499905000000,1775498560007000000,24
workspaceModel.pre.handlers.ms,1775498499905000000,1775498560007000000,0
workspaceModel.workspaceFileIndexData.getDirectoriesByPackageName.ms,1775498499905000000,1775498560007000000,0
workspaceModel.full.replace.project.model.ms,1775498499905000000,1775498560007000000,77
workspaceModel.workspaceFileIndexContributor.registerFileSets.ms,1775498499905000000,1775498560007000000,30
workspaceModel.workspaceFileIndexData.updateDirtyEntities.ms,1775498499905000000,1775498560007000000,0
workspaceModel.loading.total.ms,1775498499905000000,1775498560007000000,2
workspaceModel.cachedValueWithParameters.clear.count,1775498499905000000,1775498560007000000,0
workspaceModel.workspaceFileIndexData.getFileInfo.ms,1775498499905000000,1775498560007000000,360
workspaceModel.updates.ms,1775498499905000000,1775498560007000000,76
cacheStateStorage.set.counter,1775498499905000000,1775498560007000000,3
cacheStateStorage.set.duration,1775498499905000000,1775498560007000000,57
cacheStateStorage.get.duration,1775498499905000000,1775498560007000000,0
cacheStateStorage.get.counter,1775498499905000000,1775498560007000000,18
VFS.contentStorage.recordsUncompressedSize,1775498499905000000,1775498560007000000,571591
VFS.contentStorage.recordsReadDecompressed,1775498499905000000,1775498560007000000,15
VFS.cache.segments,1775498499905000000,1775498560007000000,154.0
VFS.fileByIdCache.misses,1775498499905000000,1775498560007000000,21
VFS.contentStorage.recordsStored,1775498499905000000,1775498560007000000,47
VFS.fileByIdCache.hits,1775498499905000000,1775498560007000000,0
VFS.cache.segmentsCreated,1775498499905000000,1775498560007000000,154
VFS.invertedFileNameIndex.requests,1775498499905000000,1775498560007000000,0
VFS.contentStorage.recordsRead,1775498499905000000,1775498560007000000,33
VFS.contentStorage.recordsReadSize,1775498499905000000,1775498560007000000,1105278
VFS.cache.filesCreated,1775498499905000000,1775498560007000000,122654
VFS.folderCaseSensitivityReads,1775498499905000000,1775498560007000000,231
FileNameCache.queries,1775498499905000000,1775498560007000000,3928640
VFS.rootsCount,1775498499905000000,1775498560007000000,73.0
VFS.contentStorage.recordsStoredCompressed,1775498499905000000,1775498560007000000,8
VFS.fileChildByName,1775498499905000000,1775498560007000000,10839
VFS.contentStorage.recordsStoredSize,1775498499905000000,1775498560007000000,285753
VFS.contentStorage.recordsDeduplicated,1775498499905000000,1775498560007000000,12
FileNameCache.totalMisses,1775498499905000000,1775498560007000000,25920
VFS.cache.directoriesCreated,1775498499905000000,1775498560007000000,4636
VFS.contentStorage.recordsDecompressionTimeUs,1775498499905000000,1775498560007000000,17533
FlushQueue.waitingTimeAvgNs,1775498499905000000,1775498560007000000,0.0
WriteAction.executionsCount,1775498499905000000,1775498560007000000,29
FlushQueue.queueSize90P,1775498499905000000,1775498560007000000,0
AWTEventQueue.dispatchTimeMaxNs,1775498499905000000,1775498560007000000,0
ReadAction.executionsCount,1775498499905000000,1775498560007000000,325579
FlushQueue.queueSizeAvg,1775498499905000000,1775498560007000000,0.0
FlushQueue.executionTimeAvgNs,1775498499905000000,1775498560007000000,0.0
AWTEventQueue.dispatchTimeTotalNS,1775498499905000000,1775498560007000000,1034539710
FlushQueue.waitingTime90PNs,1775498499905000000,1775498560007000000,0
NonBlockingReadAction.failedExecutionsCount,1775498499905000000,1775498560007000000,3
FlushQueue.queueSizeMax,1775498499905000000,1775498560007000000,0
AWTEventQueue.dispatchTime90PNs,1775498499905000000,1775498560007000000,0
NonBlockingReadAction.finalizedExecutionTimeUs,1775498499905000000,1775498560007000000,264304
AWTEventQueue.dispatchTimeAvgNs,1775498499905000000,1775498560007000000,0.0
FlushQueue.executionTime90PNs,1775498499905000000,1775498560007000000,0
NonBlockingReadAction.failedExecutionTimeUs,1775498499905000000,1775498560007000000,89693
AWTEventQueue.eventsDispatched,1775498499905000000,1775498560007000000,0
FlushQueue.tasksExecuted,1775498499905000000,1775498560007000000,0
NonBlockingReadAction.finalizedExecutionsCount,1775498499905000000,1775498560007000000,16
FlushQueue.executionTimeMaxNs,1775498499905000000,1775498560007000000,0
FlushQueue.waitingTimeMaxNs,1775498499905000000,1775498560007000000,0
FilePageCache.uncachedFileAccess,1775498499905000000,1775498560007000000,1829
StorageLockContext.competingThreads.90P,1775498499905000000,1775498560007000000,0
FilePageCache.totalPageLoadsUs,1775498499905000000,1775498560007000000,183258
MappedFileStorage.storages,1775498499905000000,1775498560007000000,16
DirectByteBufferAllocator.disposed,1775498499905000000,1775498560007000000,0
StorageLockContext.competingThreads.avg,1775498499905000000,1775498560007000000,0.0
StreamlinedBlobStorage.recordsDeleted,1775498499905000000,1775498560007000000,61
MappedFileStorage.totalTimeSpentOnMappingUs,1775498499905000000,1775498560007000000,133775
FilePageCache.capacityInBytes,1775498499905000000,1775498560007000000,629145600
StreamlinedBlobStorage.totalLiveRecordsCapacityBytes,1775498499905000000,1775498560007000000,5241923
FilePageCache.maxRegisteredFiles,1775498499905000000,1775498560007000000,1824
FilePageCache.pageHits,1775498499905000000,1775498560007000000,0
StorageLockContext.competingThreads.max,1775498499905000000,1775498560007000000,0
StreamlinedBlobStorage.recordsRelocated,1775498499905000000,1775498560007000000,0
MappedFileStorage.totalPagesMapped,1775498499905000000,1775498560007000000,16
DirectByteBufferAllocator.misses,1775498499905000000,1775498560007000000,601
StreamlinedBlobStorage.totalLiveRecordsPayloadBytes,1775498499905000000,1775498560007000000,2715196
FilePageCache.pageLoads,1775498499905000000,1775498560007000000,602
FilePageCache.totalPageDisposalsUs,1775498499905000000,1775498560007000000,378
FilePageCache.disposedBuffers,1775498499905000000,1775498560007000000,446
DirectByteBufferAllocator.hits,1775498499905000000,1775498560007000000,445
StreamlinedBlobStorage.recordsAllocated,1775498499905000000,1775498560007000000,62621
DirectByteBufferAllocator.totalSizeOfBuffersAllocatedInBytes,1775498499905000000,1775498560007000000,630194176
FilePageCache.pageFastCacheHits,1775498499905000000,1775498560007000000,2474064
DirectByteBufferAllocator.reclaimed,1775498499905000000,1775498560007000000,446
FileChannelInterruptsRetryer.totalRetriedAttempts,1775498499905000000,1775498560007000000,0
DirectByteBufferAllocator.totalSizeOfBuffersCachedInBytes,1775498499905000000,1775498560007000000,1048576
FilePageCache.pageLoadsAboveSizeThreshold,1775498499905000000,1775498560007000000,444
MappedFileStorage.totalBytesMapped,1775498499905000000,1775498560007000000,202637312
FilePageCache.maxCacheSizeInBytes,1775498499905000000,1775498560007000000,629145600
Indexes.stubs.lookupDuration90PMs,1775498499905000000,1775498560007000000,0.0
Indexing.totalTimeIndexersSleptMs,1775498499905000000,1775498560007000000,5825
Indexes.stubs.lookupDurationMaxMs,1775498499905000000,1775498560007000000,0.0
Indexing.writer_1.totalTimeSpentWritingMs,1775498499905000000,1775498560007000000,614
Indexing.cache.totalCacheEvicted,1775498499905000000,1775498560007000000,662496
Indexing.writer_0.totalTimeSpentWritingMs,1775498499905000000,1775498560007000000,452
Indexes.entries.lookupDurationMaxMs,1775498499905000000,1775498560007000000,0.0
Indexes.allKeys.lookupDurationAvgMs,1775498499905000000,1775498560007000000,0.0
Indexing.writer_2.totalTimeSpentWritingMs,1775498499905000000,1775498560007000000,1740
Indexing.cache.totalCacheAccesses,1775498499905000000,1775498560007000000,1619789
Indexing.cache.totalCacheMisses,1775498499905000000,1775498560007000000,663629
Indexes.entries.lookupDurationAvgMs,1775498499905000000,1775498560007000000,0.0
Indexing.writesQueuedMin,1775498499905000000,1775498560007000000,9223372036854775807
Indexing.writesQueuedMax,1775498499905000000,1775498560007000000,0
Indexes.entries.lookups,1775498499905000000,1775498560007000000,13
Indexes.allKeys.lookupDuration90PMs,1775498499905000000,1775498560007000000,0.0
Indexes.allKeys.lookups,1775498499905000000,1775498560007000000,2
Indexes.allKeys.lookupDurationMaxMs,1775498499905000000,1775498560007000000,0.0
Indexes.stubs.lookupDurationAvgMs,1775498499905000000,1775498560007000000,0.0
Indexing.writer_3.totalTimeSpentWritingMs,1775498499905000000,1775498560007000000,2963
Indexes.stubs.lookups,1775498499905000000,1775498560007000000,2570
Indexes.entries.lookupDuration90PMs,1775498499905000000,1775498560007000000,0.0
lexer.Flow.JS.size.bytes,1775498499905000000,1775498560007000000,140172
lexer.Groovy.size.bytes,1775498499905000000,1775498560007000000,9019
parser.XML.time.ns,1775498499905000000,1775498560007000000,6744000
lexer.ECMAScript.6.time.ns,1775498499905000000,1775498560007000000,127700250
parser.SCSS.size.bytes,1775498499905000000,1775498560007000000,21698
parser.ECMAScript.6.time.ns,1775498499905000000,1775498560007000000,1185422536
parser.JSON.time.ns,1775498499905000000,1775498560007000000,14724374
parser.JAVA.size.bytes,1775498499905000000,1775498560007000000,411768
writeAction.wait.ms,1775498499905000000,1775498560007000000,144
parser.JSON.size.bytes,1775498499905000000,1775498560007000000,503
lexer.CSS.time.ns,1775498499905000000,1775498560007000000,154818325
DiskQueryRelay.tasksExecuted,1775498499905000000,1775498560007000000,43948
parser.SCSS.time.ns,1775498499905000000,1775498560007000000,44699170
parser.HTML.size.bytes,1775498499905000000,1775498560007000000,1452767
parser.Lombok.Config.size.bytes,1775498499905000000,1775498560007000000,137
parser.Flow.JS.time.ns,1775498499905000000,1775498560007000000,323589001
lexer.SCSS.size.bytes,1775498499905000000,1775498560007000000,21698
parser.Lombok.Config.time.ns,1775498499905000000,1775498560007000000,124583
DiskQueryRelay.taskExecutionTotalTimeUs,1775498499905000000,1775498560007000000,5147531
LowMemory.gcOverloaded,1775498499905000000,1775498560007000000,0
lexer.JSON.time.ns,1775498499905000000,1775498560007000000,6509875
lexer.HTML.time.ns,1775498499905000000,1775498560007000000,625834872
lexer.XML.size.bytes,1775498499905000000,1775498560007000000,6675
parser.CSS.time.ns,1775498499905000000,1775498560007000000,763119907
lexer.SCSS.time.ns,1775498499905000000,1775498560007000000,9992251
writeAction.max.wait.ms,1775498499905000000,1775498560007000000,59
lexer.Lombok.Config.size.bytes,1775498499905000000,1775498560007000000,137
parser.CSS.size.bytes,1775498499905000000,1775498560007000000,8282654
parser.Groovy.size.bytes,1775498499905000000,1775498560007000000,9019
parser.JAVA.time.ns,1775498499905000000,1775498560007000000,242233408
parser.ECMAScript.6.size.bytes,1775498499905000000,1775498560007000000,12848708
lexer.Lombok.Config.time.ns,1775498499905000000,1775498560007000000,72875
parser.Groovy.time.ns,1775498499905000000,1775498560007000000,103988666
lexer.JAVA.size.bytes,1775498499905000000,1775498560007000000,273265
parser.Flow.JS.size.bytes,1775498499905000000,1775498560007000000,140172
lexer.XML.time.ns,1775498499905000000,1775498560007000000,1195375
parser.HTML.time.ns,1775498499905000000,1775498560007000000,202119790
lexer.JAVA.time.ns,1775498499905000000,1775498560007000000,46061163
writeAction.median.wait.ms,1775498499905000000,1775498560007000000,0
parser.XML.size.bytes,1775498499905000000,1775498560007000000,6675
lexer.Groovy.time.ns,1775498499905000000,1775498560007000000,1380040
writeAction.count,1775498499905000000,1775498560007000000,29
lexer.ECMAScript.6.size.bytes,1775498499905000000,1775498560007000000,4207713
DiskQueryRelay.taskWaitingTotalTimeUs,1775498499905000000,1775498560007000000,6760104
lexer.JSON.size.bytes,1775498499905000000,1775498560007000000,503
lexer.CSS.size.bytes,1775498499905000000,1775498560007000000,8282654
LowMemory.gcLoad,1775498499905000000,1775498560007000000,0.0
lexer.HTML.size.bytes,1775498499905000000,1775498560007000000,1452767
lexer.Flow.JS.time.ns,1775498499905000000,1775498560007000000,47028750
DiskQueryRelay.tasksRequested,1775498499905000000,1775498560007000000,43949
JVM.GC.collectionTimesMs,1775498499905000000,1775498560007000000,284
JVM.maxThreadCount,1775498499905000000,1775498560007000000,203
JVM.usedNativeBytes,1775498499905000000,1775498560007000000,386398592
JVM.totalSafepointCount,1775498499905000000,1775498560007000000,417
JVM.maxHeapBytes,1775498499905000000,1775498560007000000,28840034304
JVM.totalDirectByteBuffersBytes,1775498499905000000,1775498560007000000,652900296
MEM.ramPlusSwapMinusFileMappingsBytes,1775498499905000000,1775498560007000000,2655064064
MEM.ramMinusFileMappingsBytes,1775498499905000000,1775498560007000000,2655064064
JVM.threadCount,1775498499905000000,1775498560007000000,181
JVM.usedHeapBytes,1775498499905000000,1775498560007000000,896710080
MEM.ramBytes,1775498499905000000,1775498560007000000,3277025280
JVM.committedHeapBytes,1775498499905000000,1775498560007000000,1409286144
JVM.totalBytesAllocated,1775498499905000000,1775498560007000000,8532874128
JVM.newThreadsCount,1775498499905000000,1775498560007000000,386
JVM.GC.collections,1775498499905000000,1775498560007000000,48
MEM.fileMappingsRamBytes,1775498499905000000,1775498560007000000,621961216
JVM.totalTimeToSafepointsMs,1775498499905000000,1775498560007000000,255
OS.loadAverage,1775498499905000000,1775498560007000000,2.669921875
JVM.totalCpuTimeMs,1775498499905000000,1775498560007000000,69220
JVM.totalTimeAtSafepointsMs,1775498499905000000,1775498560007000000,394
workspaceModel.do.save.caches.ms,1775498560007000000,1775498619927000000,0
workspaceModel.mutableEntityStorage.modify.entity.ms,1775498560007000000,1775498619927000000,0
workspaceModel.mutableEntityStorage.has.same.entities.ms,1775498560007000000,1775498619927000000,0
workspaceModel.delayed.project.synchronizer.sync.ms,1775498560007000000,1775498619927000000,0
workspaceModel.global.updates.count,1775498560007000000,1775498619927000000,0
workspaceModel.moduleManagerBridge.new.nonPersistent.module.ms,1775498560007000000,1775498619927000000,0
workspaceModel.moduleManagerBridge.newModule.ms,1775498560007000000,1775498619927000000,0
jps.project.serializers.save.ms,1775498560007000000,1775498619927000000,0
workspaceModel.mutableEntityStorage.changeLog.addReplaceEventForRemovedParent.ms,1775498560007000000,1775498619927000000,0
jps.app.storage.content.reader.load.component.ms,1775498560007000000,1775498619927000000,0
workspaceModel.global.apply.state.to.project.ms,1775498560007000000,1775498619927000000,0
workspaceModel.moduleManagerBridge.load.module.ms,1775498560007000000,1775498619927000000,0
jps.save.changed.project.entities.ms,1775498560007000000,1775498619927000000,0
workspaceModel.mutableEntityStorage.put.entity.ms,1775498560007000000,1775498619927000000,0
workspaceModel.mutableEntityStorage.add.entity.ms,1775498560007000000,1775498619927000000,0
workspaceModel.orphan.listener.update.ms,1775498560007000000,1775498619927000000,0
jps.artifact.entities.serializer.save.entities.ms,1775498560007000000,1775498619927000000,0
workspaceModel.moduleManagerBridge.set.unloadedModules.ms,1775498560007000000,1775498619927000000,0
jps.module.iml.entities.serializer.save.entities.ms,1775498560007000000,1775498619927000000,0
jps.artifact.entities.serializer.load.entities.ms,1775498560007000000,1775498619927000000,0
workspaceModel.moduleManagerBridge.load.all.modules.ms,1775498560007000000,1775498619927000000,0
jps.facet.change.listener.before.change.events.ms,1775498560007000000,1775498619927000000,0
workspaceModel.mutableEntityStorage.resolve.ms,1775498560007000000,1775498619927000000,0
workspaceModel.global.updates.ms,1775498560007000000,1775498619927000000,0
jps.global.get.library.ms,1775498560007000000,1775498619927000000,0
workspaceModel.mutableEntityStorage.entities.by.source.ms,1775498560007000000,1775498619927000000,0
workspaceModel.moduleBridge.update.option.ms,1775498560007000000,1775498619927000000,0
workspaceModel.mutableEntityStorage.changeLog.addReplaceEventForRemovedChild.ms,1775498560007000000,1775498619927000000,0
jps.project.serializers.load.ms,1775498560007000000,1775498619927000000,0
jps.global.handle.before.change.events.ms,1775498560007000000,1775498619927000000,0
workspaceModel.mutableEntityStorage.collect.changes.ms,1775498560007000000,1775498619927000000,0
jps.reload.project.entities.ms,1775498560007000000,1775498619927000000,0
workspaceModel.mutableEntityStorage.instances.count,1775498560007000000,1775498619927000000,0
workspaceModel.moduleManagerBridge.get.modules.ms,1775498560007000000,1775498619927000000,0
workspaceModel.mutableEntityStorage.changeLog.addReplaceEventForNewParent.ms,1775498560007000000,1775498619927000000,0
workspaceModel.moduleBridge.before.changed.ms,1775498560007000000,1775498619927000000,0
jps.global.initialize.library.bridges.ms,1775498560007000000,1775498619927000000,0
workspaceModel.mutableEntityStorage.referrers.ms,1775498560007000000,1775498619927000000,0
workspaceModel.mutableEntityStorage.changeLog.addReplaceEventForNewChild.ms,1775498560007000000,1775498619927000000,0
jps.global.get.libraries.ms,1775498560007000000,1775498619927000000,0
jps.save.global.entities.ms,1775498560007000000,1775498619927000000,0
jps.module.dependency.index.workspace.model.listener.on.changed.ms,1775498560007000000,1775498619927000000,0
jps.global.initialize.library.bridges.after.loading.ms,1775498560007000000,1775498619927000000,0
jps.global.get.library.by.name.ms,1775498560007000000,1775498619927000000,0
workspaceModel.moduleBridge.facet.initialization.ms,1775498560007000000,1775498619927000000,0
workspaceModel.mutableEntityStorage.mutable.ext.mapping.ms,1775498560007000000,1775498619927000000,0
jps.storage.jps.conf.reader.load.component.ms,1775498560007000000,1775498619927000000,0
jps.apply.loaded.storage.ms,1775498560007000000,1775498619927000000,0
workspaceModel.save.cache.to.file.ms,1775498560007000000,1775498619927000000,0
workspaceModel.load.cache.from.file.ms,1775498560007000000,1775498619927000000,0
workspaceModel.moduleManagerBridge.build.module.graph.ms,1775498560007000000,1775498619927000000,0
jps.library.entities.serializer.save.entities.ms,1775498560007000000,1775498619927000000,0
jps.module.iml.entities.serializer.load.entities.ms,1775498560007000000,1775498619927000000,0
jps.facet.change.listener.process.change.events.ms,1775498560007000000,1775498619927000000,0
workspaceModel.mutableEntityStorage.remove.entity.ms,1775498560007000000,1775498619927000000,0
jps.facet.change.listener.init.bridge.ms,1775498560007000000,1775498619927000000,0
workspaceModel.sync.entities.ms,1775498560007000000,1775498619927000000,0
workspaceModel.mutableEntityStorage.apply.changes.from.ms,1775498560007000000,1775498619927000000,0
jps.load.project.to.empty.storage.ms,1775498560007000000,1775498619927000000,0
jps.global.handle.changed.events.ms,1775498560007000000,1775498619927000000,0
jps.library.entities.serializer.load.entities.ms,1775498560007000000,1775498619927000000,0
workspaceModel.moduleManagerBridge.create.module.instance.ms,1775498560007000000,1775498619927000000,0
workspaceModel.mutableEntityStorage.replace.by.source.ms,1775498560007000000,1775498619927000000,0
workspaceModel.mutableEntityStorage.entities.ms,1775498560007000000,1775498619927000000,0
workspaceModel.mutableEntityStorage.hasReferrers.ms,1775498560007000000,1775498619927000000,0
jps.load.initial.state.ms,1775498560007000000,1775498619927000000,0
workspaceModel.load.cache.metadata.from.file.ms,1775498560007000000,1775498619927000000,0
workspaceModel.mutableEntityStorage.mutable.vfurl.index.ms,1775498560007000000,1775498619927000000,0
workspaceModel.mutableEntityStorage.to.snapshot.ms,1775498560007000000,1775498619927000000,0
workspaceModel.global.apply.state.to.project.builder.ms,1775498560007000000,1775498619927000000,0
workspaceModel.moduleBridgeLoader.loading.modules.ms,1775498560007000000,1775498619927000000,0
compiler.ArtifactManagerBridge.dropMappings.ms,1775498560007000000,1775498619927000000,0
compiler.ArtifactManagerBridge.initBridges.ms,1775498560007000000,1775498619927000000,0
compiler.ArtifactManagerBridge.findArtifact.ms,1775498560007000000,1775498619927000000,0
compiler.ArtifactManagerBridge.addArtifact.ms,1775498560007000000,1775498619927000000,0
compiler.ArtifactVirtualFileListener.propertyChanged.ms,1775498560007000000,1775498619927000000,0
compiler.ArtifactManagerBridge.getArtifacts.ms,1775498560007000000,1775498619927000000,0
compiler.ArtifactManagerBridge.commit.ms,1775498560007000000,1775498619927000000,0
compiler.ArtifactManagerBridge.getArtifactsByType.ms,1775498560007000000,1775498619927000000,0
compiler.ArtifactVirtualFileListener.filePathChanged.ms,1775498560007000000,1775498619927000000,0
workspaceModel.workspaceFileIndexData.init.ms,1775498560007000000,1775498619927000000,0
workspaceModel.workspaceFileIndexData.getPackageName.ms,1775498560007000000,1775498619927000000,0
workspaceModel.collect.changes.ms,1775498560007000000,1775498619927000000,0
workspaceModel.entityStorageSnapshotImpl.instances.count,1775498560007000000,1775498619927000000,0
workspaceModel.workspaceFileIndexData.instances.count,1775498560007000000,1775498619927000000,0
workspaceModel.workspaceFileIndexData.markDirty.ms,1775498560007000000,1775498619927000000,0
workspaceModel.workspaceFileIndexData.visitFileSets.ms,1775498560007000000,1775498619927000000,0
workspaceModel.initializing.ms,1775498560007000000,1775498619927000000,0
workspaceModel.updates.count,1775498560007000000,1775498619927000000,0
workspaceModel.cachedValue.from.cache.count,1775498560007000000,1775498619927000000,0
workspaceModel.cachedValue.clear.count,1775498560007000000,1775498619927000000,0
workspaceModel.on.changed.ms,1775498560007000000,1775498619927000000,0
workspaceModel.loading.from.cache.ms,1775498560007000000,1775498619927000000,0
workspaceModel.to.snapshot.ms,1775498560007000000,1775498619927000000,0
workspaceModel.cachedValue.calculated.count,1775498560007000000,1775498619927000000,0
workspaceModel.cachedValueWithParameters.calculated.count,1775498560007000000,1775498619927000000,0
workspaceModel.updates.precise.ms,1775498560007000000,1775498619927000000,0
workspaceModel.cachedValueWithParameters.total.get.count,1775498560007000000,1775498619927000000,0
workspaceModel.on.before.changed.ms,1775498560007000000,1775498619927000000,0
workspaceModel.cachedValue.total.get.count,1775498560007000000,1775498619927000000,0
workspaceModel.replace.project.model.ms,1775498560007000000,1775498619927000000,0
workspaceModel.workspaceFileIndexData.onEntitiesChanged.ms,1775498560007000000,1775498619927000000,0
workspaceModel.cachedValueWithParameters.from.cache.count,1775498560007000000,1775498619927000000,0
workspaceModel.check.recursive.update.ms,1775498560007000000,1775498619927000000,0
workspaceModel.update.unloaded.entities.ms,1775498560007000000,1775498619927000000,0
workspaceModel.workspaceFileIndexData.processFileSets.ms,1775498560007000000,1775498619927000000,0
workspaceModel.init.bridges.ms,1775498560007000000,1775498619927000000,0
workspaceModel.pre.handlers.ms,1775498560007000000,1775498619927000000,0
workspaceModel.workspaceFileIndexData.getDirectoriesByPackageName.ms,1775498560007000000,1775498619927000000,0
workspaceModel.full.replace.project.model.ms,1775498560007000000,1775498619927000000,0
workspaceModel.workspaceFileIndexContributor.registerFileSets.ms,1775498560007000000,1775498619927000000,0
workspaceModel.workspaceFileIndexData.updateDirtyEntities.ms,1775498560007000000,1775498619927000000,0
workspaceModel.loading.total.ms,1775498560007000000,1775498619927000000,0
workspaceModel.cachedValueWithParameters.clear.count,1775498560007000000,1775498619927000000,0
workspaceModel.workspaceFileIndexData.getFileInfo.ms,1775498560007000000,1775498619927000000,0
workspaceModel.updates.ms,1775498560007000000,1775498619927000000,0
cacheStateStorage.set.counter,1775498560007000000,1775498619927000000,1
cacheStateStorage.set.duration,1775498560007000000,1775498619927000000,0
cacheStateStorage.get.duration,1775498560007000000,1775498619927000000,0
cacheStateStorage.get.counter,1775498560007000000,1775498619927000000,1
VFS.contentStorage.recordsUncompressedSize,1775498560007000000,1775498619927000000,0
VFS.contentStorage.recordsReadDecompressed,1775498560007000000,1775498619927000000,0
VFS.cache.segments,1775498560007000000,1775498619927000000,154.0
VFS.fileByIdCache.misses,1775498560007000000,1775498619927000000,0
VFS.contentStorage.recordsStored,1775498560007000000,1775498619927000000,0
VFS.fileByIdCache.hits,1775498560007000000,1775498619927000000,0
VFS.cache.segmentsCreated,1775498560007000000,1775498619927000000,0
VFS.invertedFileNameIndex.requests,1775498560007000000,1775498619927000000,0
VFS.contentStorage.recordsRead,1775498560007000000,1775498619927000000,0
VFS.contentStorage.recordsReadSize,1775498560007000000,1775498619927000000,0
VFS.cache.filesCreated,1775498560007000000,1775498619927000000,0
VFS.folderCaseSensitivityReads,1775498560007000000,1775498619927000000,0
FileNameCache.queries,1775498560007000000,1775498619927000000,0
VFS.rootsCount,1775498560007000000,1775498619927000000,73.0
VFS.contentStorage.recordsStoredCompressed,1775498560007000000,1775498619927000000,0
VFS.fileChildByName,1775498560007000000,1775498619927000000,0
VFS.contentStorage.recordsStoredSize,1775498560007000000,1775498619927000000,0
VFS.contentStorage.recordsDeduplicated,1775498560007000000,1775498619927000000,0
FileNameCache.totalMisses,1775498560007000000,1775498619927000000,0
VFS.cache.directoriesCreated,1775498560007000000,1775498619927000000,0
VFS.contentStorage.recordsDecompressionTimeUs,1775498560007000000,1775498619927000000,0
FlushQueue.waitingTimeAvgNs,1775498560007000000,1775498619927000000,0.0
WriteAction.executionsCount,1775498560007000000,1775498619927000000,0
FlushQueue.queueSize90P,1775498560007000000,1775498619927000000,0
AWTEventQueue.dispatchTimeMaxNs,1775498560007000000,1775498619927000000,0
ReadAction.executionsCount,1775498560007000000,1775498619927000000,3
FlushQueue.queueSizeAvg,1775498560007000000,1775498619927000000,0.0
FlushQueue.executionTimeAvgNs,1775498560007000000,1775498619927000000,0.0
AWTEventQueue.dispatchTimeTotalNS,1775498560007000000,1775498619927000000,98560213
FlushQueue.waitingTime90PNs,1775498560007000000,1775498619927000000,0
NonBlockingReadAction.failedExecutionsCount,1775498560007000000,1775498619927000000,0
FlushQueue.queueSizeMax,1775498560007000000,1775498619927000000,0
AWTEventQueue.dispatchTime90PNs,1775498560007000000,1775498619927000000,0
NonBlockingReadAction.finalizedExecutionTimeUs,1775498560007000000,1775498619927000000,0
AWTEventQueue.dispatchTimeAvgNs,1775498560007000000,1775498619927000000,0.0
FlushQueue.executionTime90PNs,1775498560007000000,1775498619927000000,0
NonBlockingReadAction.failedExecutionTimeUs,1775498560007000000,1775498619927000000,0
AWTEventQueue.eventsDispatched,1775498560007000000,1775498619927000000,0
FlushQueue.tasksExecuted,1775498560007000000,1775498619927000000,0
NonBlockingReadAction.finalizedExecutionsCount,1775498560007000000,1775498619927000000,0
FlushQueue.executionTimeMaxNs,1775498560007000000,1775498619927000000,0
FlushQueue.waitingTimeMaxNs,1775498560007000000,1775498619927000000,0
FilePageCache.uncachedFileAccess,1775498560007000000,1775498619927000000,0
StorageLockContext.competingThreads.90P,1775498560007000000,1775498619927000000,0
FilePageCache.totalPageLoadsUs,1775498560007000000,1775498619927000000,0
MappedFileStorage.storages,1775498560007000000,1775498619927000000,16
DirectByteBufferAllocator.disposed,1775498560007000000,1775498619927000000,0
StorageLockContext.competingThreads.avg,1775498560007000000,1775498619927000000,0.0
StreamlinedBlobStorage.recordsDeleted,1775498560007000000,1775498619927000000,0
MappedFileStorage.totalTimeSpentOnMappingUs,1775498560007000000,1775498619927000000,133775
FilePageCache.capacityInBytes,1775498560007000000,1775498619927000000,629145600
StreamlinedBlobStorage.totalLiveRecordsCapacityBytes,1775498560007000000,1775498619927000000,0
FilePageCache.maxRegisteredFiles,1775498560007000000,1775498619927000000,1824
FilePageCache.pageHits,1775498560007000000,1775498619927000000,0
StorageLockContext.competingThreads.max,1775498560007000000,1775498619927000000,0
StreamlinedBlobStorage.recordsRelocated,1775498560007000000,1775498619927000000,0
MappedFileStorage.totalPagesMapped,1775498560007000000,1775498619927000000,16
DirectByteBufferAllocator.misses,1775498560007000000,1775498619927000000,0
StreamlinedBlobStorage.totalLiveRecordsPayloadBytes,1775498560007000000,1775498619927000000,0
FilePageCache.pageLoads,1775498560007000000,1775498619927000000,0
FilePageCache.totalPageDisposalsUs,1775498560007000000,1775498619927000000,0
FilePageCache.disposedBuffers,1775498560007000000,1775498619927000000,0
DirectByteBufferAllocator.hits,1775498560007000000,1775498619927000000,0
StreamlinedBlobStorage.recordsAllocated,1775498560007000000,1775498619927000000,0
DirectByteBufferAllocator.totalSizeOfBuffersAllocatedInBytes,1775498560007000000,1775498619927000000,630194176
FilePageCache.pageFastCacheHits,1775498560007000000,1775498619927000000,0
DirectByteBufferAllocator.reclaimed,1775498560007000000,1775498619927000000,0
FileChannelInterruptsRetryer.totalRetriedAttempts,1775498560007000000,1775498619927000000,0
DirectByteBufferAllocator.totalSizeOfBuffersCachedInBytes,1775498560007000000,1775498619927000000,1048576
FilePageCache.pageLoadsAboveSizeThreshold,1775498560007000000,1775498619927000000,0
MappedFileStorage.totalBytesMapped,1775498560007000000,1775498619927000000,202637312
FilePageCache.maxCacheSizeInBytes,1775498560007000000,1775498619927000000,629145600
Indexes.stubs.lookupDuration90PMs,1775498560007000000,1775498619927000000,0.0
Indexing.totalTimeIndexersSleptMs,1775498560007000000,1775498619927000000,0
Indexes.stubs.lookupDurationMaxMs,1775498560007000000,1775498619927000000,0.0
Indexing.writer_1.totalTimeSpentWritingMs,1775498560007000000,1775498619927000000,0
Indexing.cache.totalCacheEvicted,1775498560007000000,1775498619927000000,0
Indexing.writer_0.totalTimeSpentWritingMs,1775498560007000000,1775498619927000000,0
Indexes.entries.lookupDurationMaxMs,1775498560007000000,1775498619927000000,0.0
Indexes.allKeys.lookupDurationAvgMs,1775498560007000000,1775498619927000000,0.0
Indexing.writer_2.totalTimeSpentWritingMs,1775498560007000000,1775498619927000000,0
Indexing.cache.totalCacheAccesses,1775498560007000000,1775498619927000000,0
Indexing.cache.totalCacheMisses,1775498560007000000,1775498619927000000,0
Indexes.entries.lookupDurationAvgMs,1775498560007000000,1775498619927000000,0.0
Indexing.writesQueuedMin,1775498560007000000,1775498619927000000,9223372036854775807
Indexing.writesQueuedMax,1775498560007000000,1775498619927000000,0
Indexes.entries.lookups,1775498560007000000,1775498619927000000,0
Indexes.allKeys.lookupDuration90PMs,1775498560007000000,1775498619927000000,0.0
Indexes.allKeys.lookups,1775498560007000000,1775498619927000000,0
Indexes.allKeys.lookupDurationMaxMs,1775498560007000000,1775498619927000000,0.0
Indexes.stubs.lookupDurationAvgMs,1775498560007000000,1775498619927000000,0.0
Indexing.writer_3.totalTimeSpentWritingMs,1775498560007000000,1775498619927000000,0
Indexes.stubs.lookups,1775498560007000000,1775498619927000000,0
Indexes.entries.lookupDuration90PMs,1775498560007000000,1775498619927000000,0.0
writeAction.wait.ms,1775498560007000000,1775498619927000000,0
DiskQueryRelay.tasksExecuted,1775498560007000000,1775498619927000000,0
DiskQueryRelay.taskExecutionTotalTimeUs,1775498560007000000,1775498619927000000,0
LowMemory.gcOverloaded,1775498560007000000,1775498619927000000,0
writeAction.max.wait.ms,1775498560007000000,1775498619927000000,59
writeAction.median.wait.ms,1775498560007000000,1775498619927000000,0
writeAction.count,1775498560007000000,1775498619927000000,0
DiskQueryRelay.taskWaitingTotalTimeUs,1775498560007000000,1775498619927000000,0
LowMemory.gcLoad,1775498560007000000,1775498619927000000,0.0
DiskQueryRelay.tasksRequested,1775498560007000000,1775498619927000000,0
JVM.GC.collectionTimesMs,1775498560007000000,1775498619927000000,0
JVM.maxThreadCount,1775498560007000000,1775498619927000000,203
JVM.usedNativeBytes,1775498560007000000,1775498619927000000,391151616
JVM.totalSafepointCount,1775498560007000000,1775498619927000000,35
JVM.maxHeapBytes,1775498560007000000,1775498619927000000,28840034304
JVM.totalDirectByteBuffersBytes,1775498560007000000,1775498619927000000,641406142
MEM.ramPlusSwapMinusFileMappingsBytes,1775498560007000000,1775498619927000000,2650316800
MEM.ramMinusFileMappingsBytes,1775498560007000000,1775498619927000000,2650316800
JVM.threadCount,1775498560007000000,1775498619927000000,75
JVM.usedHeapBytes,1775498560007000000,1775498619927000000,963818944
MEM.ramBytes,1775498560007000000,1775498619927000000,3272409088
JVM.committedHeapBytes,1775498560007000000,1775498619927000000,1409286144
JVM.totalBytesAllocated,1775498560007000000,1775498619927000000,47858800
JVM.newThreadsCount,1775498560007000000,1775498619927000000,9
JVM.GC.collections,1775498560007000000,1775498619927000000,0
MEM.fileMappingsRamBytes,1775498560007000000,1775498619927000000,622092288
JVM.totalTimeToSafepointsMs,1775498560007000000,1775498619927000000,3
OS.loadAverage,1775498560007000000,1775498619927000000,2.3193359375
JVM.totalCpuTimeMs,1775498560007000000,1775498619927000000,3920
JVM.totalTimeAtSafepointsMs,1775498560007000000,1775498619927000000,2
workspaceModel.do.save.caches.ms,1775498619927000000,1775498679938000000,42
workspaceModel.mutableEntityStorage.modify.entity.ms,1775498619927000000,1775498679938000000,14
workspaceModel.mutableEntityStorage.has.same.entities.ms,1775498619927000000,1775498679938000000,1
workspaceModel.delayed.project.synchronizer.sync.ms,1775498619927000000,1775498679938000000,0
workspaceModel.global.updates.count,1775498619927000000,1775498679938000000,0
workspaceModel.moduleManagerBridge.new.nonPersistent.module.ms,1775498619927000000,1775498679938000000,0
workspaceModel.moduleManagerBridge.newModule.ms,1775498619927000000,1775498679938000000,0
jps.project.serializers.save.ms,1775498619927000000,1775498679938000000,0
workspaceModel.mutableEntityStorage.changeLog.addReplaceEventForRemovedParent.ms,1775498619927000000,1775498679938000000,0
jps.app.storage.content.reader.load.component.ms,1775498619927000000,1775498679938000000,0
workspaceModel.global.apply.state.to.project.ms,1775498619927000000,1775498679938000000,0
workspaceModel.moduleManagerBridge.load.module.ms,1775498619927000000,1775498679938000000,0
jps.save.changed.project.entities.ms,1775498619927000000,1775498679938000000,0
workspaceModel.mutableEntityStorage.put.entity.ms,1775498619927000000,1775498679938000000,5
workspaceModel.mutableEntityStorage.add.entity.ms,1775498619927000000,1775498679938000000,15
workspaceModel.orphan.listener.update.ms,1775498619927000000,1775498679938000000,1
jps.artifact.entities.serializer.save.entities.ms,1775498619927000000,1775498679938000000,0
workspaceModel.moduleManagerBridge.set.unloadedModules.ms,1775498619927000000,1775498679938000000,0
jps.module.iml.entities.serializer.save.entities.ms,1775498619927000000,1775498679938000000,0
jps.artifact.entities.serializer.load.entities.ms,1775498619927000000,1775498679938000000,0
workspaceModel.moduleManagerBridge.load.all.modules.ms,1775498619927000000,1775498679938000000,0
jps.facet.change.listener.before.change.events.ms,1775498619927000000,1775498679938000000,0
workspaceModel.mutableEntityStorage.resolve.ms,1775498619927000000,1775498679938000000,0
workspaceModel.global.updates.ms,1775498619927000000,1775498679938000000,0
jps.global.get.library.ms,1775498619927000000,1775498679938000000,0
workspaceModel.mutableEntityStorage.entities.by.source.ms,1775498619927000000,1775498679938000000,0
workspaceModel.moduleBridge.update.option.ms,1775498619927000000,1775498679938000000,0
workspaceModel.mutableEntityStorage.changeLog.addReplaceEventForRemovedChild.ms,1775498619927000000,1775498679938000000,0
jps.project.serializers.load.ms,1775498619927000000,1775498679938000000,0
jps.global.handle.before.change.events.ms,1775498619927000000,1775498679938000000,0
workspaceModel.mutableEntityStorage.collect.changes.ms,1775498619927000000,1775498679938000000,0
jps.reload.project.entities.ms,1775498619927000000,1775498679938000000,0
workspaceModel.mutableEntityStorage.instances.count,1775498619927000000,1775498679938000000,5
workspaceModel.moduleManagerBridge.get.modules.ms,1775498619927000000,1775498679938000000,0
workspaceModel.mutableEntityStorage.changeLog.addReplaceEventForNewParent.ms,1775498619927000000,1775498679938000000,1
workspaceModel.moduleBridge.before.changed.ms,1775498619927000000,1775498679938000000,0
jps.global.initialize.library.bridges.ms,1775498619927000000,1775498679938000000,0
workspaceModel.mutableEntityStorage.referrers.ms,1775498619927000000,1775498679938000000,0
workspaceModel.mutableEntityStorage.changeLog.addReplaceEventForNewChild.ms,1775498619927000000,1775498679938000000,1
jps.global.get.libraries.ms,1775498619927000000,1775498679938000000,0
jps.save.global.entities.ms,1775498619927000000,1775498679938000000,0
jps.module.dependency.index.workspace.model.listener.on.changed.ms,1775498619927000000,1775498679938000000,1
jps.global.initialize.library.bridges.after.loading.ms,1775498619927000000,1775498679938000000,0
jps.global.get.library.by.name.ms,1775498619927000000,1775498679938000000,0
workspaceModel.moduleBridge.facet.initialization.ms,1775498619927000000,1775498679938000000,0
workspaceModel.mutableEntityStorage.mutable.ext.mapping.ms,1775498619927000000,1775498679938000000,1
jps.storage.jps.conf.reader.load.component.ms,1775498619927000000,1775498679938000000,0
jps.apply.loaded.storage.ms,1775498619927000000,1775498679938000000,0
workspaceModel.save.cache.to.file.ms,1775498619927000000,1775498679938000000,21
workspaceModel.load.cache.from.file.ms,1775498619927000000,1775498679938000000,0
workspaceModel.moduleManagerBridge.build.module.graph.ms,1775498619927000000,1775498679938000000,0
jps.library.entities.serializer.save.entities.ms,1775498619927000000,1775498679938000000,0
jps.module.iml.entities.serializer.load.entities.ms,1775498619927000000,1775498679938000000,0
jps.facet.change.listener.process.change.events.ms,1775498619927000000,1775498679938000000,0
workspaceModel.mutableEntityStorage.remove.entity.ms,1775498619927000000,1775498679938000000,0
jps.facet.change.listener.init.bridge.ms,1775498619927000000,1775498679938000000,0
workspaceModel.sync.entities.ms,1775498619927000000,1775498679938000000,0
workspaceModel.mutableEntityStorage.apply.changes.from.ms,1775498619927000000,1775498679938000000,0
jps.load.project.to.empty.storage.ms,1775498619927000000,1775498679938000000,0
jps.global.handle.changed.events.ms,1775498619927000000,1775498679938000000,0
jps.library.entities.serializer.load.entities.ms,1775498619927000000,1775498679938000000,0
workspaceModel.moduleManagerBridge.create.module.instance.ms,1775498619927000000,1775498679938000000,0
workspaceModel.mutableEntityStorage.replace.by.source.ms,1775498619927000000,1775498679938000000,14
workspaceModel.mutableEntityStorage.entities.ms,1775498619927000000,1775498679938000000,0
workspaceModel.mutableEntityStorage.hasReferrers.ms,1775498619927000000,1775498679938000000,0
jps.load.initial.state.ms,1775498619927000000,1775498679938000000,0
workspaceModel.load.cache.metadata.from.file.ms,1775498619927000000,1775498679938000000,0
workspaceModel.mutableEntityStorage.mutable.vfurl.index.ms,1775498619927000000,1775498679938000000,0
workspaceModel.mutableEntityStorage.to.snapshot.ms,1775498619927000000,1775498679938000000,0
workspaceModel.global.apply.state.to.project.builder.ms,1775498619927000000,1775498679938000000,0
workspaceModel.moduleBridgeLoader.loading.modules.ms,1775498619927000000,1775498679938000000,0
compiler.ArtifactManagerBridge.dropMappings.ms,1775498619927000000,1775498679938000000,0
compiler.ArtifactManagerBridge.initBridges.ms,1775498619927000000,1775498679938000000,0
compiler.ArtifactManagerBridge.findArtifact.ms,1775498619927000000,1775498679938000000,0
compiler.ArtifactManagerBridge.addArtifact.ms,1775498619927000000,1775498679938000000,0
compiler.ArtifactVirtualFileListener.propertyChanged.ms,1775498619927000000,1775498679938000000,0
compiler.ArtifactManagerBridge.getArtifacts.ms,1775498619927000000,1775498679938000000,0
compiler.ArtifactManagerBridge.commit.ms,1775498619927000000,1775498679938000000,0
compiler.ArtifactManagerBridge.getArtifactsByType.ms,1775498619927000000,1775498679938000000,0
compiler.ArtifactVirtualFileListener.filePathChanged.ms,1775498619927000000,1775498679938000000,0
workspaceModel.workspaceFileIndexData.init.ms,1775498619927000000,1775498679938000000,0
workspaceModel.workspaceFileIndexData.getPackageName.ms,1775498619927000000,1775498679938000000,0
workspaceModel.collect.changes.ms,1775498619927000000,1775498679938000000,0
workspaceModel.entityStorageSnapshotImpl.instances.count,1775498619927000000,1775498679938000000,4
workspaceModel.workspaceFileIndexData.instances.count,1775498619927000000,1775498679938000000,0
workspaceModel.workspaceFileIndexData.markDirty.ms,1775498619927000000,1775498679938000000,0
workspaceModel.workspaceFileIndexData.visitFileSets.ms,1775498619927000000,1775498679938000000,0
workspaceModel.initializing.ms,1775498619927000000,1775498679938000000,0
workspaceModel.updates.count,1775498619927000000,1775498679938000000,0
workspaceModel.cachedValue.from.cache.count,1775498619927000000,1775498679938000000,4534
workspaceModel.cachedValue.clear.count,1775498619927000000,1775498679938000000,0
workspaceModel.on.changed.ms,1775498619927000000,1775498679938000000,6
workspaceModel.loading.from.cache.ms,1775498619927000000,1775498679938000000,0
workspaceModel.to.snapshot.ms,1775498619927000000,1775498679938000000,0
workspaceModel.cachedValue.calculated.count,1775498619927000000,1775498679938000000,111
workspaceModel.cachedValueWithParameters.calculated.count,1775498619927000000,1775498679938000000,0
workspaceModel.updates.precise.ms,1775498619927000000,1775498679938000000,0
workspaceModel.cachedValueWithParameters.total.get.count,1775498619927000000,1775498679938000000,0
workspaceModel.on.before.changed.ms,1775498619927000000,1775498679938000000,1
workspaceModel.cachedValue.total.get.count,1775498619927000000,1775498679938000000,4645
workspaceModel.replace.project.model.ms,1775498619927000000,1775498679938000000,22
workspaceModel.workspaceFileIndexData.onEntitiesChanged.ms,1775498619927000000,1775498679938000000,13
workspaceModel.cachedValueWithParameters.from.cache.count,1775498619927000000,1775498679938000000,0
workspaceModel.check.recursive.update.ms,1775498619927000000,1775498679938000000,0
workspaceModel.update.unloaded.entities.ms,1775498619927000000,1775498679938000000,0
workspaceModel.workspaceFileIndexData.processFileSets.ms,1775498619927000000,1775498679938000000,0
workspaceModel.init.bridges.ms,1775498619927000000,1775498679938000000,2
workspaceModel.pre.handlers.ms,1775498619927000000,1775498679938000000,0
workspaceModel.workspaceFileIndexData.getDirectoriesByPackageName.ms,1775498619927000000,1775498679938000000,0
workspaceModel.full.replace.project.model.ms,1775498619927000000,1775498679938000000,0
workspaceModel.workspaceFileIndexContributor.registerFileSets.ms,1775498619927000000,1775498679938000000,178
workspaceModel.workspaceFileIndexData.updateDirtyEntities.ms,1775498619927000000,1775498679938000000,83
workspaceModel.loading.total.ms,1775498619927000000,1775498679938000000,0
workspaceModel.cachedValueWithParameters.clear.count,1775498619927000000,1775498679938000000,0
workspaceModel.workspaceFileIndexData.getFileInfo.ms,1775498619927000000,1775498679938000000,239
workspaceModel.updates.ms,1775498619927000000,1775498679938000000,0
cacheStateStorage.set.counter,1775498619927000000,1775498679938000000,0
cacheStateStorage.set.duration,1775498619927000000,1775498679938000000,0
cacheStateStorage.get.duration,1775498619927000000,1775498679938000000,0
cacheStateStorage.get.counter,1775498619927000000,1775498679938000000,0
VFS.contentStorage.recordsUncompressedSize,1775498619927000000,1775498679938000000,144053
VFS.contentStorage.recordsReadDecompressed,1775498619927000000,1775498679938000000,8
VFS.cache.segments,1775498619927000000,1775498679938000000,216.0
VFS.fileByIdCache.misses,1775498619927000000,1775498679938000000,9
VFS.contentStorage.recordsStored,1775498619927000000,1775498679938000000,4
VFS.fileByIdCache.hits,1775498619927000000,1775498679938000000,7
VFS.cache.segmentsCreated,1775498619927000000,1775498679938000000,63
VFS.invertedFileNameIndex.requests,1775498619927000000,1775498679938000000,0
VFS.contentStorage.recordsRead,1775498619927000000,1775498679938000000,12
VFS.contentStorage.recordsReadSize,1775498619927000000,1775498679938000000,399983
VFS.cache.filesCreated,1775498619927000000,1775498679938000000,166421
VFS.folderCaseSensitivityReads,1775498619927000000,1775498679938000000,275
FileNameCache.queries,1775498619927000000,1775498679938000000,3685632
VFS.rootsCount,1775498619927000000,1775498679938000000,180.0
VFS.contentStorage.recordsStoredCompressed,1775498619927000000,1775498679938000000,3
VFS.fileChildByName,1775498619927000000,1775498679938000000,20039
VFS.contentStorage.recordsStoredSize,1775498619927000000,1775498679938000000,74743
VFS.contentStorage.recordsDeduplicated,1775498619927000000,1775498679938000000,0
FileNameCache.totalMisses,1775498619927000000,1775498679938000000,34880
VFS.cache.directoriesCreated,1775498619927000000,1775498679938000000,2441
VFS.contentStorage.recordsDecompressionTimeUs,1775498619927000000,1775498679938000000,1363
FlushQueue.waitingTimeAvgNs,1775498619927000000,1775498679938000000,0.0
WriteAction.executionsCount,1775498619927000000,1775498679938000000,26
FlushQueue.queueSize90P,1775498619927000000,1775498679938000000,0
AWTEventQueue.dispatchTimeMaxNs,1775498619927000000,1775498679938000000,0
ReadAction.executionsCount,1775498619927000000,1775498679938000000,222320
FlushQueue.queueSizeAvg,1775498619927000000,1775498679938000000,0.0
FlushQueue.executionTimeAvgNs,1775498619927000000,1775498679938000000,0.0
AWTEventQueue.dispatchTimeTotalNS,1775498619927000000,1775498679938000000,315903787
FlushQueue.waitingTime90PNs,1775498619927000000,1775498679938000000,0
NonBlockingReadAction.failedExecutionsCount,1775498619927000000,1775498679938000000,4
FlushQueue.queueSizeMax,1775498619927000000,1775498679938000000,0
AWTEventQueue.dispatchTime90PNs,1775498619927000000,1775498679938000000,0
NonBlockingReadAction.finalizedExecutionTimeUs,1775498619927000000,1775498679938000000,47803
AWTEventQueue.dispatchTimeAvgNs,1775498619927000000,1775498679938000000,0.0
FlushQueue.executionTime90PNs,1775498619927000000,1775498679938000000,0
NonBlockingReadAction.failedExecutionTimeUs,1775498619927000000,1775498679938000000,10179
AWTEventQueue.eventsDispatched,1775498619927000000,1775498679938000000,0
FlushQueue.tasksExecuted,1775498619927000000,1775498679938000000,0
NonBlockingReadAction.finalizedExecutionsCount,1775498619927000000,1775498679938000000,22
FlushQueue.executionTimeMaxNs,1775498619927000000,1775498679938000000,0
FlushQueue.waitingTimeMaxNs,1775498619927000000,1775498679938000000,0
FilePageCache.uncachedFileAccess,1775498619927000000,1775498679938000000,248
StorageLockContext.competingThreads.90P,1775498619927000000,1775498679938000000,0
FilePageCache.totalPageLoadsUs,1775498619927000000,1775498679938000000,7419
MappedFileStorage.storages,1775498619927000000,1775498679938000000,16
DirectByteBufferAllocator.disposed,1775498619927000000,1775498679938000000,0
StorageLockContext.competingThreads.avg,1775498619927000000,1775498679938000000,0.0
StreamlinedBlobStorage.recordsDeleted,1775498619927000000,1775498679938000000,3
MappedFileStorage.totalTimeSpentOnMappingUs,1775498619927000000,1775498679938000000,133775
FilePageCache.capacityInBytes,1775498619927000000,1775498679938000000,629145600
StreamlinedBlobStorage.totalLiveRecordsCapacityBytes,1775498619927000000,1775498679938000000,2199215
FilePageCache.maxRegisteredFiles,1775498619927000000,1775498679938000000,1824
FilePageCache.pageHits,1775498619927000000,1775498679938000000,31402
StorageLockContext.competingThreads.max,1775498619927000000,1775498679938000000,0
StreamlinedBlobStorage.recordsRelocated,1775498619927000000,1775498679938000000,0
MappedFileStorage.totalPagesMapped,1775498619927000000,1775498679938000000,16
DirectByteBufferAllocator.misses,1775498619927000000,1775498679938000000,0
StreamlinedBlobStorage.totalLiveRecordsPayloadBytes,1775498619927000000,1775498679938000000,416746
FilePageCache.pageLoads,1775498619927000000,1775498679938000000,0
FilePageCache.totalPageDisposalsUs,1775498619927000000,1775498679938000000,8
FilePageCache.disposedBuffers,1775498619927000000,1775498679938000000,88
DirectByteBufferAllocator.hits,1775498619927000000,1775498679938000000,88
StreamlinedBlobStorage.recordsAllocated,1775498619927000000,1775498679938000000,31214
DirectByteBufferAllocator.totalSizeOfBuffersAllocatedInBytes,1775498619927000000,1775498679938000000,630194176
FilePageCache.pageFastCacheHits,1775498619927000000,1775498679938000000,2513965
DirectByteBufferAllocator.reclaimed,1775498619927000000,1775498679938000000,88
FileChannelInterruptsRetryer.totalRetriedAttempts,1775498619927000000,1775498679938000000,0
DirectByteBufferAllocator.totalSizeOfBuffersCachedInBytes,1775498619927000000,1775498679938000000,1048576
FilePageCache.pageLoadsAboveSizeThreshold,1775498619927000000,1775498679938000000,88
MappedFileStorage.totalBytesMapped,1775498619927000000,1775498679938000000,202637312
FilePageCache.maxCacheSizeInBytes,1775498619927000000,1775498679938000000,629145600
Indexes.stubs.lookupDuration90PMs,1775498619927000000,1775498679938000000,0.0
Indexing.totalTimeIndexersSleptMs,1775498619927000000,1775498679938000000,0
Indexes.stubs.lookupDurationMaxMs,1775498619927000000,1775498679938000000,0.0
Indexing.writer_1.totalTimeSpentWritingMs,1775498619927000000,1775498679938000000,100
Indexing.cache.totalCacheEvicted,1775498619927000000,1775498679938000000,579522
Indexing.writer_0.totalTimeSpentWritingMs,1775498619927000000,1775498679938000000,120
Indexes.entries.lookupDurationMaxMs,1775498619927000000,1775498679938000000,0.0
Indexes.allKeys.lookupDurationAvgMs,1775498619927000000,1775498679938000000,0.0
Indexing.writer_2.totalTimeSpentWritingMs,1775498619927000000,1775498679938000000,1160
Indexing.cache.totalCacheAccesses,1775498619927000000,1775498679938000000,1171762
Indexing.cache.totalCacheMisses,1775498619927000000,1775498679938000000,579523
Indexes.entries.lookupDurationAvgMs,1775498619927000000,1775498679938000000,0.0
Indexing.writesQueuedMin,1775498619927000000,1775498679938000000,9223372036854775807
Indexing.writesQueuedMax,1775498619927000000,1775498679938000000,0
Indexes.entries.lookups,1775498619927000000,1775498679938000000,9
Indexes.allKeys.lookupDuration90PMs,1775498619927000000,1775498679938000000,0.0
Indexes.allKeys.lookups,1775498619927000000,1775498679938000000,1
Indexes.allKeys.lookupDurationMaxMs,1775498619927000000,1775498679938000000,0.0
Indexes.stubs.lookupDurationAvgMs,1775498619927000000,1775498679938000000,0.0
Indexing.writer_3.totalTimeSpentWritingMs,1775498619927000000,1775498679938000000,897
Indexes.stubs.lookups,1775498619927000000,1775498679938000000,0
Indexes.entries.lookupDuration90PMs,1775498619927000000,1775498679938000000,0.0
lexer.Groovy.size.bytes,1775498619927000000,1775498679938000000,786
parser.XML.time.ns,1775498619927000000,1775498679938000000,52270376
lexer.ECMAScript.6.time.ns,1775498619927000000,1775498679938000000,2546792
parser.ECMAScript.6.time.ns,1775498619927000000,1775498679938000000,34904301
parser.FTL..size.bytes,1775498619927000000,1775498679938000000,1440
lexer.FTL..size.bytes,1775498619927000000,1775498679938000000,1440
parser.JAVA.size.bytes,1775498619927000000,1775498679938000000,3982
writeAction.wait.ms,1775498619927000000,1775498679938000000,32
lexer.FTL..time.ns,1775498619927000000,1775498679938000000,975834
lexer.CSS.time.ns,1775498619927000000,1775498679938000000,458962
DiskQueryRelay.tasksExecuted,1775498619927000000,1775498679938000000,49216
parser.FTL..time.ns,1775498619927000000,1775498679938000000,3388501
parser.HTML.size.bytes,1775498619927000000,1775498679938000000,193486
DiskQueryRelay.taskExecutionTotalTimeUs,1775498619927000000,1775498679938000000,2544586
LowMemory.gcOverloaded,1775498619927000000,1775498679938000000,0
lexer.HTML.time.ns,1775498619927000000,1775498679938000000,37671416
lexer.XML.size.bytes,1775498619927000000,1775498679938000000,429637
parser.CSS.time.ns,1775498619927000000,1775498679938000000,1347828
writeAction.max.wait.ms,1775498619927000000,1775498679938000000,59
parser.CSS.size.bytes,1775498619927000000,1775498679938000000,14413
parser.Groovy.size.bytes,1775498619927000000,1775498679938000000,786
parser.JAVA.time.ns,1775498619927000000,1775498679938000000,4323374
parser.ECMAScript.6.size.bytes,1775498619927000000,1775498679938000000,408195
parser.Groovy.time.ns,1775498619927000000,1775498679938000000,2058792
lexer.JAVA.size.bytes,1775498619927000000,1775498679938000000,3324
lexer.XML.time.ns,1775498619927000000,1775498679938000000,6608585
parser.HTML.time.ns,1775498619927000000,1775498679938000000,27842876
lexer.JAVA.time.ns,1775498619927000000,1775498679938000000,102875
writeAction.median.wait.ms,1775498619927000000,1775498679938000000,100
parser.XML.size.bytes,1775498619927000000,1775498679938000000,429637
lexer.Groovy.time.ns,1775498619927000000,1775498679938000000,82750
writeAction.count,1775498619927000000,1775498679938000000,26
lexer.ECMAScript.6.size.bytes,1775498619927000000,1775498679938000000,99667
DiskQueryRelay.taskWaitingTotalTimeUs,1775498619927000000,1775498679938000000,4509686
lexer.CSS.size.bytes,1775498619927000000,1775498679938000000,14413
LowMemory.gcLoad,1775498619927000000,1775498679938000000,0.0
lexer.HTML.size.bytes,1775498619927000000,1775498679938000000,193486
DiskQueryRelay.tasksRequested,1775498619927000000,1775498679938000000,49218
JVM.GC.collectionTimesMs,1775498619927000000,1775498679938000000,72
JVM.maxThreadCount,1775498619927000000,1775498679938000000,203
JVM.usedNativeBytes,1775498619927000000,1775498679938000000,413783312
JVM.totalSafepointCount,1775498619927000000,1775498679938000000,90
JVM.maxHeapBytes,1775498619927000000,1775498679938000000,28840034304
JVM.totalDirectByteBuffersBytes,1775498619927000000,1775498679938000000,641654036
MEM.ramPlusSwapMinusFileMappingsBytes,1775498619927000000,1775498679938000000,2960121856
MEM.ramMinusFileMappingsBytes,1775498619927000000,1775498679938000000,2960121856
JVM.threadCount,1775498619927000000,1775498679938000000,80
JVM.usedHeapBytes,1775498619927000000,1775498679938000000,517959280
MEM.ramBytes,1775498619927000000,1775498679938000000,3590356992
JVM.committedHeapBytes,1775498619927000000,1775498679938000000,1694498816
JVM.totalBytesAllocated,1775498619927000000,1775498679938000000,4214774576
JVM.newThreadsCount,1775498619927000000,1775498679938000000,54
JVM.GC.collections,1775498619927000000,1775498679938000000,6
MEM.fileMappingsRamBytes,1775498619927000000,1775498679938000000,630235136
JVM.totalTimeToSafepointsMs,1775498619927000000,1775498679938000000,24
OS.loadAverage,1775498619927000000,1775498679938000000,2.814453125
JVM.totalCpuTimeMs,1775498619927000000,1775498679938000000,22700
JVM.totalTimeAtSafepointsMs,1775498619927000000,1775498679938000000,84
workspaceModel.do.save.caches.ms,1775498679938000000,1775498739929000000,0
workspaceModel.mutableEntityStorage.modify.entity.ms,1775498679938000000,1775498739929000000,0
workspaceModel.mutableEntityStorage.has.same.entities.ms,1775498679938000000,1775498739929000000,0
workspaceModel.delayed.project.synchronizer.sync.ms,1775498679938000000,1775498739929000000,0
workspaceModel.global.updates.count,1775498679938000000,1775498739929000000,0
workspaceModel.moduleManagerBridge.new.nonPersistent.module.ms,1775498679938000000,1775498739929000000,0
workspaceModel.moduleManagerBridge.newModule.ms,1775498679938000000,1775498739929000000,0
jps.project.serializers.save.ms,1775498679938000000,1775498739929000000,0
workspaceModel.mutableEntityStorage.changeLog.addReplaceEventForRemovedParent.ms,1775498679938000000,1775498739929000000,0
jps.app.storage.content.reader.load.component.ms,1775498679938000000,1775498739929000000,0
workspaceModel.global.apply.state.to.project.ms,1775498679938000000,1775498739929000000,0
workspaceModel.moduleManagerBridge.load.module.ms,1775498679938000000,1775498739929000000,0
jps.save.changed.project.entities.ms,1775498679938000000,1775498739929000000,0
workspaceModel.mutableEntityStorage.put.entity.ms,1775498679938000000,1775498739929000000,0
workspaceModel.mutableEntityStorage.add.entity.ms,1775498679938000000,1775498739929000000,0
workspaceModel.orphan.listener.update.ms,1775498679938000000,1775498739929000000,0
jps.artifact.entities.serializer.save.entities.ms,1775498679938000000,1775498739929000000,0
workspaceModel.moduleManagerBridge.set.unloadedModules.ms,1775498679938000000,1775498739929000000,0
jps.module.iml.entities.serializer.save.entities.ms,1775498679938000000,1775498739929000000,0
jps.artifact.entities.serializer.load.entities.ms,1775498679938000000,1775498739929000000,0
workspaceModel.moduleManagerBridge.load.all.modules.ms,1775498679938000000,1775498739929000000,0
jps.facet.change.listener.before.change.events.ms,1775498679938000000,1775498739929000000,0
workspaceModel.mutableEntityStorage.resolve.ms,1775498679938000000,1775498739929000000,0
workspaceModel.global.updates.ms,1775498679938000000,1775498739929000000,0
jps.global.get.library.ms,1775498679938000000,1775498739929000000,0
workspaceModel.mutableEntityStorage.entities.by.source.ms,1775498679938000000,1775498739929000000,0
workspaceModel.moduleBridge.update.option.ms,1775498679938000000,1775498739929000000,0
workspaceModel.mutableEntityStorage.changeLog.addReplaceEventForRemovedChild.ms,1775498679938000000,1775498739929000000,0
jps.project.serializers.load.ms,1775498679938000000,1775498739929000000,0
jps.global.handle.before.change.events.ms,1775498679938000000,1775498739929000000,0
workspaceModel.mutableEntityStorage.collect.changes.ms,1775498679938000000,1775498739929000000,0
jps.reload.project.entities.ms,1775498679938000000,1775498739929000000,0
workspaceModel.mutableEntityStorage.instances.count,1775498679938000000,1775498739929000000,0
workspaceModel.moduleManagerBridge.get.modules.ms,1775498679938000000,1775498739929000000,0
workspaceModel.mutableEntityStorage.changeLog.addReplaceEventForNewParent.ms,1775498679938000000,1775498739929000000,0
workspaceModel.moduleBridge.before.changed.ms,1775498679938000000,1775498739929000000,0
jps.global.initialize.library.bridges.ms,1775498679938000000,1775498739929000000,0
workspaceModel.mutableEntityStorage.referrers.ms,1775498679938000000,1775498739929000000,0
workspaceModel.mutableEntityStorage.changeLog.addReplaceEventForNewChild.ms,1775498679938000000,1775498739929000000,0
jps.global.get.libraries.ms,1775498679938000000,1775498739929000000,0
jps.save.global.entities.ms,1775498679938000000,1775498739929000000,0
jps.module.dependency.index.workspace.model.listener.on.changed.ms,1775498679938000000,1775498739929000000,0
jps.global.initialize.library.bridges.after.loading.ms,1775498679938000000,1775498739929000000,0
jps.global.get.library.by.name.ms,1775498679938000000,1775498739929000000,0
workspaceModel.moduleBridge.facet.initialization.ms,1775498679938000000,1775498739929000000,0
workspaceModel.mutableEntityStorage.mutable.ext.mapping.ms,1775498679938000000,1775498739929000000,0
jps.storage.jps.conf.reader.load.component.ms,1775498679938000000,1775498739929000000,0
jps.apply.loaded.storage.ms,1775498679938000000,1775498739929000000,0
workspaceModel.save.cache.to.file.ms,1775498679938000000,1775498739929000000,0
workspaceModel.load.cache.from.file.ms,1775498679938000000,1775498739929000000,0
workspaceModel.moduleManagerBridge.build.module.graph.ms,1775498679938000000,1775498739929000000,0
jps.library.entities.serializer.save.entities.ms,1775498679938000000,1775498739929000000,0
jps.module.iml.entities.serializer.load.entities.ms,1775498679938000000,1775498739929000000,0
jps.facet.change.listener.process.change.events.ms,1775498679938000000,1775498739929000000,0
workspaceModel.mutableEntityStorage.remove.entity.ms,1775498679938000000,1775498739929000000,0
jps.facet.change.listener.init.bridge.ms,1775498679938000000,1775498739929000000,0
workspaceModel.sync.entities.ms,1775498679938000000,1775498739929000000,0
workspaceModel.mutableEntityStorage.apply.changes.from.ms,1775498679938000000,1775498739929000000,0
jps.load.project.to.empty.storage.ms,1775498679938000000,1775498739929000000,0
jps.global.handle.changed.events.ms,1775498679938000000,1775498739929000000,0
jps.library.entities.serializer.load.entities.ms,1775498679938000000,1775498739929000000,0
workspaceModel.moduleManagerBridge.create.module.instance.ms,1775498679938000000,1775498739929000000,0
workspaceModel.mutableEntityStorage.replace.by.source.ms,1775498679938000000,1775498739929000000,0
workspaceModel.mutableEntityStorage.entities.ms,1775498679938000000,1775498739929000000,0
workspaceModel.mutableEntityStorage.hasReferrers.ms,1775498679938000000,1775498739929000000,0
jps.load.initial.state.ms,1775498679938000000,1775498739929000000,0
workspaceModel.load.cache.metadata.from.file.ms,1775498679938000000,1775498739929000000,0
workspaceModel.mutableEntityStorage.mutable.vfurl.index.ms,1775498679938000000,1775498739929000000,0
workspaceModel.mutableEntityStorage.to.snapshot.ms,1775498679938000000,1775498739929000000,0
workspaceModel.global.apply.state.to.project.builder.ms,1775498679938000000,1775498739929000000,0
workspaceModel.moduleBridgeLoader.loading.modules.ms,1775498679938000000,1775498739929000000,0
compiler.ArtifactManagerBridge.dropMappings.ms,1775498679938000000,1775498739929000000,0
compiler.ArtifactManagerBridge.initBridges.ms,1775498679938000000,1775498739929000000,0
compiler.ArtifactManagerBridge.findArtifact.ms,1775498679938000000,1775498739929000000,0
compiler.ArtifactManagerBridge.addArtifact.ms,1775498679938000000,1775498739929000000,0
compiler.ArtifactVirtualFileListener.propertyChanged.ms,1775498679938000000,1775498739929000000,0
compiler.ArtifactManagerBridge.getArtifacts.ms,1775498679938000000,1775498739929000000,0
compiler.ArtifactManagerBridge.commit.ms,1775498679938000000,1775498739929000000,0
compiler.ArtifactManagerBridge.getArtifactsByType.ms,1775498679938000000,1775498739929000000,0
compiler.ArtifactVirtualFileListener.filePathChanged.ms,1775498679938000000,1775498739929000000,0
workspaceModel.workspaceFileIndexData.init.ms,1775498679938000000,1775498739929000000,0
workspaceModel.workspaceFileIndexData.getPackageName.ms,1775498679938000000,1775498739929000000,0
workspaceModel.collect.changes.ms,1775498679938000000,1775498739929000000,0
workspaceModel.entityStorageSnapshotImpl.instances.count,1775498679938000000,1775498739929000000,0
workspaceModel.workspaceFileIndexData.instances.count,1775498679938000000,1775498739929000000,0
workspaceModel.workspaceFileIndexData.markDirty.ms,1775498679938000000,1775498739929000000,0
workspaceModel.workspaceFileIndexData.visitFileSets.ms,1775498679938000000,1775498739929000000,0
workspaceModel.initializing.ms,1775498679938000000,1775498739929000000,0
workspaceModel.updates.count,1775498679938000000,1775498739929000000,0
workspaceModel.cachedValue.from.cache.count,1775498679938000000,1775498739929000000,0
workspaceModel.cachedValue.clear.count,1775498679938000000,1775498739929000000,0
workspaceModel.on.changed.ms,1775498679938000000,1775498739929000000,0
workspaceModel.loading.from.cache.ms,1775498679938000000,1775498739929000000,0
workspaceModel.to.snapshot.ms,1775498679938000000,1775498739929000000,0
workspaceModel.cachedValue.calculated.count,1775498679938000000,1775498739929000000,0
workspaceModel.cachedValueWithParameters.calculated.count,1775498679938000000,1775498739929000000,0
workspaceModel.updates.precise.ms,1775498679938000000,1775498739929000000,0
workspaceModel.cachedValueWithParameters.total.get.count,1775498679938000000,1775498739929000000,0
workspaceModel.on.before.changed.ms,1775498679938000000,1775498739929000000,0
workspaceModel.cachedValue.total.get.count,1775498679938000000,1775498739929000000,0
workspaceModel.replace.project.model.ms,1775498679938000000,1775498739929000000,0
workspaceModel.workspaceFileIndexData.onEntitiesChanged.ms,1775498679938000000,1775498739929000000,0
workspaceModel.cachedValueWithParameters.from.cache.count,1775498679938000000,1775498739929000000,0
workspaceModel.check.recursive.update.ms,1775498679938000000,1775498739929000000,0
workspaceModel.update.unloaded.entities.ms,1775498679938000000,1775498739929000000,0
workspaceModel.workspaceFileIndexData.processFileSets.ms,1775498679938000000,1775498739929000000,0
workspaceModel.init.bridges.ms,1775498679938000000,1775498739929000000,0
workspaceModel.pre.handlers.ms,1775498679938000000,1775498739929000000,0
workspaceModel.workspaceFileIndexData.getDirectoriesByPackageName.ms,1775498679938000000,1775498739929000000,0
workspaceModel.full.replace.project.model.ms,1775498679938000000,1775498739929000000,0
workspaceModel.workspaceFileIndexContributor.registerFileSets.ms,1775498679938000000,1775498739929000000,0
workspaceModel.workspaceFileIndexData.updateDirtyEntities.ms,1775498679938000000,1775498739929000000,0
workspaceModel.loading.total.ms,1775498679938000000,1775498739929000000,0
workspaceModel.cachedValueWithParameters.clear.count,1775498679938000000,1775498739929000000,0
workspaceModel.workspaceFileIndexData.getFileInfo.ms,1775498679938000000,1775498739929000000,0
workspaceModel.updates.ms,1775498679938000000,1775498739929000000,0
cacheStateStorage.set.counter,1775498679938000000,1775498739929000000,0
cacheStateStorage.set.duration,1775498679938000000,1775498739929000000,0
cacheStateStorage.get.duration,1775498679938000000,1775498739929000000,0
cacheStateStorage.get.counter,1775498679938000000,1775498739929000000,0
VFS.contentStorage.recordsUncompressedSize,1775498679938000000,1775498739929000000,0
VFS.contentStorage.recordsReadDecompressed,1775498679938000000,1775498739929000000,0
VFS.cache.segments,1775498679938000000,1775498739929000000,216.0
VFS.fileByIdCache.misses,1775498679938000000,1775498739929000000,0
VFS.contentStorage.recordsStored,1775498679938000000,1775498739929000000,0
VFS.fileByIdCache.hits,1775498679938000000,1775498739929000000,0
VFS.cache.segmentsCreated,1775498679938000000,1775498739929000000,0
VFS.invertedFileNameIndex.requests,1775498679938000000,1775498739929000000,0
VFS.contentStorage.recordsRead,1775498679938000000,1775498739929000000,0
VFS.contentStorage.recordsReadSize,1775498679938000000,1775498739929000000,0
VFS.cache.filesCreated,1775498679938000000,1775498739929000000,0
VFS.folderCaseSensitivityReads,1775498679938000000,1775498739929000000,0
FileNameCache.queries,1775498679938000000,1775498739929000000,0
VFS.rootsCount,1775498679938000000,1775498739929000000,180.0
VFS.contentStorage.recordsStoredCompressed,1775498679938000000,1775498739929000000,0
VFS.fileChildByName,1775498679938000000,1775498739929000000,0
VFS.contentStorage.recordsStoredSize,1775498679938000000,1775498739929000000,0
VFS.contentStorage.recordsDeduplicated,1775498679938000000,1775498739929000000,0
FileNameCache.totalMisses,1775498679938000000,1775498739929000000,0
VFS.cache.directoriesCreated,1775498679938000000,1775498739929000000,0
VFS.contentStorage.recordsDecompressionTimeUs,1775498679938000000,1775498739929000000,0
FlushQueue.waitingTimeAvgNs,1775498679938000000,1775498739929000000,0.0
WriteAction.executionsCount,1775498679938000000,1775498739929000000,0
FlushQueue.queueSize90P,1775498679938000000,1775498739929000000,0
AWTEventQueue.dispatchTimeMaxNs,1775498679938000000,1775498739929000000,0
ReadAction.executionsCount,1775498679938000000,1775498739929000000,3
FlushQueue.queueSizeAvg,1775498679938000000,1775498739929000000,0.0
FlushQueue.executionTimeAvgNs,1775498679938000000,1775498739929000000,0.0
AWTEventQueue.dispatchTimeTotalNS,1775498679938000000,1775498739929000000,79638797
FlushQueue.waitingTime90PNs,1775498679938000000,1775498739929000000,0
NonBlockingReadAction.failedExecutionsCount,1775498679938000000,1775498739929000000,0
FlushQueue.queueSizeMax,1775498679938000000,1775498739929000000,0
AWTEventQueue.dispatchTime90PNs,1775498679938000000,1775498739929000000,0
NonBlockingReadAction.finalizedExecutionTimeUs,1775498679938000000,1775498739929000000,0
AWTEventQueue.dispatchTimeAvgNs,1775498679938000000,1775498739929000000,0.0
FlushQueue.executionTime90PNs,1775498679938000000,1775498739929000000,0
NonBlockingReadAction.failedExecutionTimeUs,1775498679938000000,1775498739929000000,0
AWTEventQueue.eventsDispatched,1775498679938000000,1775498739929000000,0
FlushQueue.tasksExecuted,1775498679938000000,1775498739929000000,0
NonBlockingReadAction.finalizedExecutionsCount,1775498679938000000,1775498739929000000,0
FlushQueue.executionTimeMaxNs,1775498679938000000,1775498739929000000,0
FlushQueue.waitingTimeMaxNs,1775498679938000000,1775498739929000000,0
FilePageCache.uncachedFileAccess,1775498679938000000,1775498739929000000,0
StorageLockContext.competingThreads.90P,1775498679938000000,1775498739929000000,0
FilePageCache.totalPageLoadsUs,1775498679938000000,1775498739929000000,0
MappedFileStorage.storages,1775498679938000000,1775498739929000000,16
DirectByteBufferAllocator.disposed,1775498679938000000,1775498739929000000,0
StorageLockContext.competingThreads.avg,1775498679938000000,1775498739929000000,0.0
StreamlinedBlobStorage.recordsDeleted,1775498679938000000,1775498739929000000,0
MappedFileStorage.totalTimeSpentOnMappingUs,1775498679938000000,1775498739929000000,133775
FilePageCache.capacityInBytes,1775498679938000000,1775498739929000000,629145600
StreamlinedBlobStorage.totalLiveRecordsCapacityBytes,1775498679938000000,1775498739929000000,0
FilePageCache.maxRegisteredFiles,1775498679938000000,1775498739929000000,1824
FilePageCache.pageHits,1775498679938000000,1775498739929000000,0
StorageLockContext.competingThreads.max,1775498679938000000,1775498739929000000,0
StreamlinedBlobStorage.recordsRelocated,1775498679938000000,1775498739929000000,0
MappedFileStorage.totalPagesMapped,1775498679938000000,1775498739929000000,16
DirectByteBufferAllocator.misses,1775498679938000000,1775498739929000000,0
StreamlinedBlobStorage.totalLiveRecordsPayloadBytes,1775498679938000000,1775498739929000000,0
FilePageCache.pageLoads,1775498679938000000,1775498739929000000,0
FilePageCache.totalPageDisposalsUs,1775498679938000000,1775498739929000000,0
FilePageCache.disposedBuffers,1775498679938000000,1775498739929000000,0
DirectByteBufferAllocator.hits,1775498679938000000,1775498739929000000,0
StreamlinedBlobStorage.recordsAllocated,1775498679938000000,1775498739929000000,0
DirectByteBufferAllocator.totalSizeOfBuffersAllocatedInBytes,1775498679938000000,1775498739929000000,630194176
FilePageCache.pageFastCacheHits,1775498679938000000,1775498739929000000,0
DirectByteBufferAllocator.reclaimed,1775498679938000000,1775498739929000000,0
FileChannelInterruptsRetryer.totalRetriedAttempts,1775498679938000000,1775498739929000000,0
DirectByteBufferAllocator.totalSizeOfBuffersCachedInBytes,1775498679938000000,1775498739929000000,1048576
FilePageCache.pageLoadsAboveSizeThreshold,1775498679938000000,1775498739929000000,0
MappedFileStorage.totalBytesMapped,1775498679938000000,1775498739929000000,202637312
FilePageCache.maxCacheSizeInBytes,1775498679938000000,1775498739929000000,629145600
Indexes.stubs.lookupDuration90PMs,1775498679938000000,1775498739929000000,0.0
Indexing.totalTimeIndexersSleptMs,1775498679938000000,1775498739929000000,0
Indexes.stubs.lookupDurationMaxMs,1775498679938000000,1775498739929000000,0.0
Indexing.writer_1.totalTimeSpentWritingMs,1775498679938000000,1775498739929000000,0
Indexing.cache.totalCacheEvicted,1775498679938000000,1775498739929000000,0
Indexing.writer_0.totalTimeSpentWritingMs,1775498679938000000,1775498739929000000,0
Indexes.entries.lookupDurationMaxMs,1775498679938000000,1775498739929000000,0.0
Indexes.allKeys.lookupDurationAvgMs,1775498679938000000,1775498739929000000,0.0
Indexing.writer_2.totalTimeSpentWritingMs,1775498679938000000,1775498739929000000,0
Indexing.cache.totalCacheAccesses,1775498679938000000,1775498739929000000,0
Indexing.cache.totalCacheMisses,1775498679938000000,1775498739929000000,0
Indexes.entries.lookupDurationAvgMs,1775498679938000000,1775498739929000000,0.0
Indexing.writesQueuedMin,1775498679938000000,1775498739929000000,9223372036854775807
Indexing.writesQueuedMax,1775498679938000000,1775498739929000000,0
Indexes.entries.lookups,1775498679938000000,1775498739929000000,0
Indexes.allKeys.lookupDuration90PMs,1775498679938000000,1775498739929000000,0.0
Indexes.allKeys.lookups,1775498679938000000,1775498739929000000,0
Indexes.allKeys.lookupDurationMaxMs,1775498679938000000,1775498739929000000,0.0
Indexes.stubs.lookupDurationAvgMs,1775498679938000000,1775498739929000000,0.0
Indexing.writer_3.totalTimeSpentWritingMs,1775498679938000000,1775498739929000000,0
Indexes.stubs.lookups,1775498679938000000,1775498739929000000,0
Indexes.entries.lookupDuration90PMs,1775498679938000000,1775498739929000000,0.0
writeAction.wait.ms,1775498679938000000,1775498739929000000,0
DiskQueryRelay.tasksExecuted,1775498679938000000,1775498739929000000,0
DiskQueryRelay.taskExecutionTotalTimeUs,1775498679938000000,1775498739929000000,0
LowMemory.gcOverloaded,1775498679938000000,1775498739929000000,0
writeAction.max.wait.ms,1775498679938000000,1775498739929000000,59
writeAction.median.wait.ms,1775498679938000000,1775498739929000000,100
writeAction.count,1775498679938000000,1775498739929000000,0
DiskQueryRelay.taskWaitingTotalTimeUs,1775498679938000000,1775498739929000000,0
LowMemory.gcLoad,1775498679938000000,1775498739929000000,0.0
DiskQueryRelay.tasksRequested,1775498679938000000,1775498739929000000,0
JVM.GC.collectionTimesMs,1775498679938000000,1775498739929000000,0
JVM.maxThreadCount,1775498679938000000,1775498739929000000,203
JVM.usedNativeBytes,1775498679938000000,1775498739929000000,414662368
JVM.totalSafepointCount,1775498679938000000,1775498739929000000,22
JVM.maxHeapBytes,1775498679938000000,1775498739929000000,28840034304
JVM.totalDirectByteBuffersBytes,1775498679938000000,1775498739929000000,633222968
MEM.ramPlusSwapMinusFileMappingsBytes,1775498679938000000,1775498739929000000,2957647872
MEM.ramMinusFileMappingsBytes,1775498679938000000,1775498739929000000,2957647872
JVM.threadCount,1775498679938000000,1775498739929000000,44
JVM.usedHeapBytes,1775498679938000000,1775498739929000000,551513712
MEM.ramBytes,1775498679938000000,1775498739929000000,3587883008
JVM.committedHeapBytes,1775498679938000000,1775498739929000000,1694498816
JVM.totalBytesAllocated,1775498679938000000,1775498739929000000,23315624
JVM.newThreadsCount,1775498679938000000,1775498739929000000,0
JVM.GC.collections,1775498679938000000,1775498739929000000,0
MEM.fileMappingsRamBytes,1775498679938000000,1775498739929000000,630235136
JVM.totalTimeToSafepointsMs,1775498679938000000,1775498739929000000,2
OS.loadAverage,1775498679938000000,1775498739929000000,1.87646484375
JVM.totalCpuTimeMs,1775498679938000000,1775498739929000000,2610
JVM.totalTimeAtSafepointsMs,1775498679938000000,1775498739929000000,2
workspaceModel.do.save.caches.ms,1775498739929000000,1775498795268000000,0
workspaceModel.mutableEntityStorage.modify.entity.ms,1775498739929000000,1775498795268000000,0
workspaceModel.mutableEntityStorage.has.same.entities.ms,1775498739929000000,1775498795268000000,0
jps.app.storage.content.writer.save.component.ms,1775498739929000000,1775498795268000000,2
workspaceModel.delayed.project.synchronizer.sync.ms,1775498739929000000,1775498795268000000,0
workspaceModel.global.updates.count,1775498739929000000,1775498795268000000,0
workspaceModel.moduleManagerBridge.new.nonPersistent.module.ms,1775498739929000000,1775498795268000000,0
workspaceModel.moduleManagerBridge.newModule.ms,1775498739929000000,1775498795268000000,0
jps.project.serializers.save.ms,1775498739929000000,1775498795268000000,20
workspaceModel.mutableEntityStorage.changeLog.addReplaceEventForRemovedParent.ms,1775498739929000000,1775498795268000000,0
jps.app.storage.content.reader.load.component.ms,1775498739929000000,1775498795268000000,0
workspaceModel.global.apply.state.to.project.ms,1775498739929000000,1775498795268000000,0
workspaceModel.moduleManagerBridge.load.module.ms,1775498739929000000,1775498795268000000,0
jps.save.changed.project.entities.ms,1775498739929000000,1775498795268000000,20
workspaceModel.mutableEntityStorage.put.entity.ms,1775498739929000000,1775498795268000000,0
workspaceModel.mutableEntityStorage.add.entity.ms,1775498739929000000,1775498795268000000,0
workspaceModel.orphan.listener.update.ms,1775498739929000000,1775498795268000000,0
jps.artifact.entities.serializer.save.entities.ms,1775498739929000000,1775498795268000000,0
workspaceModel.moduleManagerBridge.set.unloadedModules.ms,1775498739929000000,1775498795268000000,0
jps.module.iml.entities.serializer.save.entities.ms,1775498739929000000,1775498795268000000,10
jps.artifact.entities.serializer.load.entities.ms,1775498739929000000,1775498795268000000,0
workspaceModel.moduleManagerBridge.load.all.modules.ms,1775498739929000000,1775498795268000000,0
jps.facet.change.listener.before.change.events.ms,1775498739929000000,1775498795268000000,0
workspaceModel.mutableEntityStorage.resolve.ms,1775498739929000000,1775498795268000000,0
workspaceModel.global.updates.ms,1775498739929000000,1775498795268000000,0
jps.global.get.library.ms,1775498739929000000,1775498795268000000,0
workspaceModel.mutableEntityStorage.entities.by.source.ms,1775498739929000000,1775498795268000000,0
workspaceModel.moduleBridge.update.option.ms,1775498739929000000,1775498795268000000,0
workspaceModel.mutableEntityStorage.changeLog.addReplaceEventForRemovedChild.ms,1775498739929000000,1775498795268000000,0
jps.project.serializers.load.ms,1775498739929000000,1775498795268000000,0
jps.global.handle.before.change.events.ms,1775498739929000000,1775498795268000000,0
workspaceModel.mutableEntityStorage.collect.changes.ms,1775498739929000000,1775498795268000000,0
jps.reload.project.entities.ms,1775498739929000000,1775498795268000000,0
workspaceModel.mutableEntityStorage.instances.count,1775498739929000000,1775498795268000000,1
workspaceModel.moduleManagerBridge.get.modules.ms,1775498739929000000,1775498795268000000,0
workspaceModel.mutableEntityStorage.changeLog.addReplaceEventForNewParent.ms,1775498739929000000,1775498795268000000,0
workspaceModel.moduleBridge.before.changed.ms,1775498739929000000,1775498795268000000,0
jps.global.initialize.library.bridges.ms,1775498739929000000,1775498795268000000,0
workspaceModel.mutableEntityStorage.referrers.ms,1775498739929000000,1775498795268000000,0
workspaceModel.mutableEntityStorage.changeLog.addReplaceEventForNewChild.ms,1775498739929000000,1775498795268000000,0
jps.global.get.libraries.ms,1775498739929000000,1775498795268000000,0
jps.save.global.entities.ms,1775498739929000000,1775498795268000000,25
jps.module.dependency.index.workspace.model.listener.on.changed.ms,1775498739929000000,1775498795268000000,0
jps.global.initialize.library.bridges.after.loading.ms,1775498739929000000,1775498795268000000,0
jps.global.get.library.by.name.ms,1775498739929000000,1775498795268000000,0
workspaceModel.moduleBridge.facet.initialization.ms,1775498739929000000,1775498795268000000,0
workspaceModel.mutableEntityStorage.mutable.ext.mapping.ms,1775498739929000000,1775498795268000000,0
jps.storage.jps.conf.reader.load.component.ms,1775498739929000000,1775498795268000000,0
jps.apply.loaded.storage.ms,1775498739929000000,1775498795268000000,0
workspaceModel.save.cache.to.file.ms,1775498739929000000,1775498795268000000,0
workspaceModel.load.cache.from.file.ms,1775498739929000000,1775498795268000000,0
workspaceModel.moduleManagerBridge.build.module.graph.ms,1775498739929000000,1775498795268000000,1
jps.library.entities.serializer.save.entities.ms,1775498739929000000,1775498795268000000,4
jps.module.iml.entities.serializer.load.entities.ms,1775498739929000000,1775498795268000000,0
jps.facet.change.listener.process.change.events.ms,1775498739929000000,1775498795268000000,0
workspaceModel.mutableEntityStorage.remove.entity.ms,1775498739929000000,1775498795268000000,0
jps.facet.change.listener.init.bridge.ms,1775498739929000000,1775498795268000000,0
workspaceModel.sync.entities.ms,1775498739929000000,1775498795268000000,0
workspaceModel.mutableEntityStorage.apply.changes.from.ms,1775498739929000000,1775498795268000000,0
jps.load.project.to.empty.storage.ms,1775498739929000000,1775498795268000000,0
jps.global.handle.changed.events.ms,1775498739929000000,1775498795268000000,0
jps.library.entities.serializer.load.entities.ms,1775498739929000000,1775498795268000000,0
workspaceModel.moduleManagerBridge.create.module.instance.ms,1775498739929000000,1775498795268000000,0
workspaceModel.mutableEntityStorage.replace.by.source.ms,1775498739929000000,1775498795268000000,0
workspaceModel.mutableEntityStorage.entities.ms,1775498739929000000,1775498795268000000,0
workspaceModel.mutableEntityStorage.hasReferrers.ms,1775498739929000000,1775498795268000000,0
jps.load.initial.state.ms,1775498739929000000,1775498795268000000,0
workspaceModel.load.cache.metadata.from.file.ms,1775498739929000000,1775498795268000000,0
workspaceModel.mutableEntityStorage.mutable.vfurl.index.ms,1775498739929000000,1775498795268000000,0
workspaceModel.mutableEntityStorage.to.snapshot.ms,1775498739929000000,1775498795268000000,0
workspaceModel.global.apply.state.to.project.builder.ms,1775498739929000000,1775498795268000000,0
workspaceModel.moduleBridgeLoader.loading.modules.ms,1775498739929000000,1775498795268000000,0
compiler.ArtifactManagerBridge.dropMappings.ms,1775498739929000000,1775498795268000000,0
compiler.ArtifactManagerBridge.initBridges.ms,1775498739929000000,1775498795268000000,0
compiler.ArtifactManagerBridge.findArtifact.ms,1775498739929000000,1775498795268000000,0
compiler.ArtifactManagerBridge.addArtifact.ms,1775498739929000000,1775498795268000000,0
compiler.ArtifactVirtualFileListener.propertyChanged.ms,1775498739929000000,1775498795268000000,0
compiler.ArtifactManagerBridge.getArtifacts.ms,1775498739929000000,1775498795268000000,0
compiler.ArtifactManagerBridge.commit.ms,1775498739929000000,1775498795268000000,0
compiler.ArtifactManagerBridge.getArtifactsByType.ms,1775498739929000000,1775498795268000000,0
compiler.ArtifactVirtualFileListener.filePathChanged.ms,1775498739929000000,1775498795268000000,0
workspaceModel.workspaceFileIndexData.init.ms,1775498739929000000,1775498795268000000,0
workspaceModel.workspaceFileIndexData.getPackageName.ms,1775498739929000000,1775498795268000000,5
workspaceModel.collect.changes.ms,1775498739929000000,1775498795268000000,0
workspaceModel.entityStorageSnapshotImpl.instances.count,1775498739929000000,1775498795268000000,1
workspaceModel.workspaceFileIndexData.instances.count,1775498739929000000,1775498795268000000,0
workspaceModel.workspaceFileIndexData.markDirty.ms,1775498739929000000,1775498795268000000,0
workspaceModel.workspaceFileIndexData.visitFileSets.ms,1775498739929000000,1775498795268000000,0
workspaceModel.initializing.ms,1775498739929000000,1775498795268000000,0
workspaceModel.updates.count,1775498739929000000,1775498795268000000,0
workspaceModel.cachedValue.from.cache.count,1775498739929000000,1775498795268000000,12631
workspaceModel.cachedValue.clear.count,1775498739929000000,1775498795268000000,0
workspaceModel.on.changed.ms,1775498739929000000,1775498795268000000,0
workspaceModel.loading.from.cache.ms,1775498739929000000,1775498795268000000,0
workspaceModel.to.snapshot.ms,1775498739929000000,1775498795268000000,0
workspaceModel.cachedValue.calculated.count,1775498739929000000,1775498795268000000,4
workspaceModel.cachedValueWithParameters.calculated.count,1775498739929000000,1775498795268000000,1
workspaceModel.updates.precise.ms,1775498739929000000,1775498795268000000,0
workspaceModel.cachedValueWithParameters.total.get.count,1775498739929000000,1775498795268000000,589
workspaceModel.on.before.changed.ms,1775498739929000000,1775498795268000000,0
workspaceModel.cachedValue.total.get.count,1775498739929000000,1775498795268000000,12635
workspaceModel.replace.project.model.ms,1775498739929000000,1775498795268000000,0
workspaceModel.workspaceFileIndexData.onEntitiesChanged.ms,1775498739929000000,1775498795268000000,0
workspaceModel.cachedValueWithParameters.from.cache.count,1775498739929000000,1775498795268000000,588
workspaceModel.check.recursive.update.ms,1775498739929000000,1775498795268000000,0
workspaceModel.update.unloaded.entities.ms,1775498739929000000,1775498795268000000,0
workspaceModel.workspaceFileIndexData.processFileSets.ms,1775498739929000000,1775498795268000000,0
workspaceModel.init.bridges.ms,1775498739929000000,1775498795268000000,0
workspaceModel.pre.handlers.ms,1775498739929000000,1775498795268000000,0
workspaceModel.workspaceFileIndexData.getDirectoriesByPackageName.ms,1775498739929000000,1775498795268000000,17
workspaceModel.full.replace.project.model.ms,1775498739929000000,1775498795268000000,0
workspaceModel.workspaceFileIndexContributor.registerFileSets.ms,1775498739929000000,1775498795268000000,0
workspaceModel.workspaceFileIndexData.updateDirtyEntities.ms,1775498739929000000,1775498795268000000,0
workspaceModel.loading.total.ms,1775498739929000000,1775498795268000000,1
workspaceModel.cachedValueWithParameters.clear.count,1775498739929000000,1775498795268000000,0
workspaceModel.workspaceFileIndexData.getFileInfo.ms,1775498739929000000,1775498795268000000,347
workspaceModel.updates.ms,1775498739929000000,1775498795268000000,0
cacheStateStorage.set.counter,1775498739929000000,1775498795268000000,131
cacheStateStorage.set.duration,1775498739929000000,1775498795268000000,12
cacheStateStorage.get.duration,1775498739929000000,1775498795268000000,0
cacheStateStorage.get.counter,1775498739929000000,1775498795268000000,0
AWTEventQueue.dispatchTimeTotalNS,1775498739929000000,1775498795268000000,733536207
NonBlockingReadAction.failedExecutionsCount,1775498739929000000,1775498795268000000,0
NonBlockingReadAction.finalizedExecutionTimeUs,1775498739929000000,1775498795268000000,182263
NonBlockingReadAction.failedExecutionTimeUs,1775498739929000000,1775498795268000000,0
NonBlockingReadAction.finalizedExecutionsCount,1775498739929000000,1775498795268000000,292
FilePageCache.uncachedFileAccess,1775498739929000000,1775498795268000000,40
StorageLockContext.competingThreads.90P,1775498739929000000,1775498795268000000,0
FilePageCache.totalPageLoadsUs,1775498739929000000,1775498795268000000,22719
DirectByteBufferAllocator.disposed,1775498739929000000,1775498795268000000,561
StorageLockContext.competingThreads.avg,1775498739929000000,1775498795268000000,0.0
FilePageCache.capacityInBytes,1775498739929000000,1775498795268000000,629145600
FilePageCache.maxRegisteredFiles,1775498739929000000,1775498795268000000,1827
FilePageCache.pageHits,1775498739929000000,1775498795268000000,2388
StorageLockContext.competingThreads.max,1775498739929000000,1775498795268000000,0
DirectByteBufferAllocator.misses,1775498739929000000,1775498795268000000,0
FilePageCache.pageLoads,1775498739929000000,1775498795268000000,0
FilePageCache.totalPageDisposalsUs,1775498739929000000,1775498795268000000,8
FilePageCache.disposedBuffers,1775498739929000000,1775498795268000000,630
DirectByteBufferAllocator.hits,1775498739929000000,1775498795268000000,30
DirectByteBufferAllocator.totalSizeOfBuffersAllocatedInBytes,1775498739929000000,1775498795268000000,41943040
FilePageCache.pageFastCacheHits,1775498739929000000,1775498795268000000,46554
DirectByteBufferAllocator.reclaimed,1775498739929000000,1775498795268000000,69
FileChannelInterruptsRetryer.totalRetriedAttempts,1775498739929000000,1775498795268000000,0
DirectByteBufferAllocator.totalSizeOfBuffersCachedInBytes,1775498739929000000,1775498795268000000,41943040
FilePageCache.pageLoadsAboveSizeThreshold,1775498739929000000,1775498795268000000,30
FilePageCache.maxCacheSizeInBytes,1775498739929000000,1775498795268000000,629145600
Indexes.stubs.lookupDuration90PMs,1775498739929000000,1775498795268000000,0.0
Indexing.totalTimeIndexersSleptMs,1775498739929000000,1775498795268000000,0
Indexes.stubs.lookupDurationMaxMs,1775498739929000000,1775498795268000000,0.0
Indexing.writer_1.totalTimeSpentWritingMs,1775498739929000000,1775498795268000000,17
Indexing.cache.totalCacheEvicted,1775498739929000000,1775498795268000000,36931
Indexing.writer_0.totalTimeSpentWritingMs,1775498739929000000,1775498795268000000,16
Indexes.entries.lookupDurationMaxMs,1775498739929000000,1775498795268000000,0.0
Indexes.allKeys.lookupDurationAvgMs,1775498739929000000,1775498795268000000,0.0
Indexing.writer_2.totalTimeSpentWritingMs,1775498739929000000,1775498795268000000,1
Indexing.cache.totalCacheAccesses,1775498739929000000,1775498795268000000,101303
Indexing.cache.totalCacheMisses,1775498739929000000,1775498795268000000,35797
Indexes.entries.lookupDurationAvgMs,1775498739929000000,1775498795268000000,0.0
Indexing.writesQueuedMin,1775498739929000000,1775498795268000000,9223372036854775807
Indexing.writesQueuedMax,1775498739929000000,1775498795268000000,0
Indexes.entries.lookups,1775498739929000000,1775498795268000000,7215
Indexes.allKeys.lookupDuration90PMs,1775498739929000000,1775498795268000000,0.0
Indexes.allKeys.lookups,1775498739929000000,1775498795268000000,1
Indexes.allKeys.lookupDurationMaxMs,1775498739929000000,1775498795268000000,0.0
Indexes.stubs.lookupDurationAvgMs,1775498739929000000,1775498795268000000,0.0
Indexing.writer_3.totalTimeSpentWritingMs,1775498739929000000,1775498795268000000,1
Indexes.stubs.lookups,1775498739929000000,1775498795268000000,23194
Indexes.entries.lookupDuration90PMs,1775498739929000000,1775498795268000000,0.0
lexer.yaml.time.ns,1775498739929000000,1775498795268000000,2048457
parser.Shell.Script.time.ns,1775498739929000000,1775498795268000000,51637376
lexer.SVG.size.bytes,1775498739929000000,1775498795268000000,17961
lexer.Groovy.size.bytes,1775498739929000000,1775498795268000000,8233
parser.XML.time.ns,1775498739929000000,1775498795268000000,243940459
lexer.ECMAScript.6.time.ns,1775498739929000000,1775498795268000000,193959
parser.SVG.size.bytes,1775498739929000000,1775498795268000000,17961
parser.ECMAScript.6.time.ns,1775498739929000000,1775498795268000000,5400135
lexer.JQuery-CSS.time.ns,1775498739929000000,1775498795268000000,58249
parser.JSON.time.ns,1775498739929000000,1775498795268000000,1053811707
lexer.IgnoreLang.time.ns,1775498739929000000,1775498795268000000,974000
parser.RegExp.time.ns,1775498739929000000,1775498795268000000,525624
lexer.Shell.Script.size.bytes,1775498739929000000,1775498795268000000,20832
parser.IgnoreLang.size.bytes,1775498739929000000,1775498795268000000,444
parser.JAVA.size.bytes,1775498739929000000,1775498795268000000,233001
lexer.Properties.size.bytes,1775498739929000000,1775498795268000000,1236
writeAction.wait.ms,1775498739929000000,1775498795268000000,7
lexer.textmate.size.bytes,1775498739929000000,1775498795268000000,700228
parser.JSON.size.bytes,1775498739929000000,1775498795268000000,6891489
lexer.JSON.Lines.size.bytes,1775498739929000000,1775498795268000000,456
parser.Shell.Script.size.bytes,1775498739929000000,1775498795268000000,20832
parser.yaml.size.bytes,1775498739929000000,1775498795268000000,9699
lexer.CSS.time.ns,1775498739929000000,1775498795268000000,2407979
DiskQueryRelay.tasksExecuted,1775498739929000000,1775498795268000000,6667
parser.HTML.size.bytes,1775498739929000000,1775498795268000000,956288
lexer.JQuery-CSS.size.bytes,1775498739929000000,1775498795268000000,660
parser.Lombok.Config.size.bytes,1775498739929000000,1775498795268000000,137
lexer.textmate.time.ns,1775498739929000000,1775498795268000000,83999
lexer.IgnoreLang.size.bytes,1775498739929000000,1775498795268000000,444
parser.Lombok.Config.time.ns,1775498739929000000,1775498795268000000,124292
lexer.Shell.Script.time.ns,1775498739929000000,1775498795268000000,1521166
DiskQueryRelay.taskExecutionTotalTimeUs,1775498739929000000,1775498795268000000,660370
LowMemory.gcOverloaded,1775498739929000000,1775498795268000000,0
parser.SVG.time.ns,1775498739929000000,1775498795268000000,820417
lexer.JSON.time.ns,1775498739929000000,1775498795268000000,79787418
lexer.HTML.time.ns,1775498739929000000,1775498795268000000,71142293
lexer.XML.size.bytes,1775498739929000000,1775498795268000000,1493060
parser.CSS.time.ns,1775498739929000000,1775498795268000000,9470746
lexer.RegExp.time.ns,1775498739929000000,1775498795268000000,313000
writeAction.max.wait.ms,1775498739929000000,1775498795268000000,59
lexer.Lombok.Config.size.bytes,1775498739929000000,1775498795268000000,137
parser.IgnoreLang.time.ns,1775498739929000000,1775498795268000000,544583
parser.textmate.time.ns,1775498739929000000,1775498795268000000,352750
parser.Properties.time.ns,1775498739929000000,1775498795268000000,651542
parser.textmate.size.bytes,1775498739929000000,1775498795268000000,700228
parser.CSS.size.bytes,1775498739929000000,1775498795268000000,74695
parser.Groovy.size.bytes,1775498739929000000,1775498795268000000,8233
parser.JAVA.time.ns,1775498739929000000,1775498795268000000,202350698
lexer.Properties.time.ns,1775498739929000000,1775498795268000000,73665
parser.ECMAScript.6.size.bytes,1775498739929000000,1775498795268000000,71586
lexer.RegExp.size.bytes,1775498739929000000,1775498795268000000,163
parser.RegExp.size.bytes,1775498739929000000,1775498795268000000,163
parser.JQuery-CSS.size.bytes,1775498739929000000,1775498795268000000,660
parser.yaml.time.ns,1775498739929000000,1775498795268000000,2566041
lexer.Lombok.Config.time.ns,1775498739929000000,1775498795268000000,106667
parser.Groovy.time.ns,1775498739929000000,1775498795268000000,17735086
lexer.JAVA.size.bytes,1775498739929000000,1775498795268000000,227835
parser.JSON.Lines.size.bytes,1775498739929000000,1775498795268000000,456
lexer.XML.time.ns,1775498739929000000,1775498795268000000,60512708
lexer.yaml.size.bytes,1775498739929000000,1775498795268000000,9699
parser.HTML.time.ns,1775498739929000000,1775498795268000000,44161375
lexer.JAVA.time.ns,1775498739929000000,1775498795268000000,15941243
writeAction.median.wait.ms,1775498739929000000,1775498795268000000,100
parser.XML.size.bytes,1775498739929000000,1775498795268000000,1493060
lexer.Groovy.time.ns,1775498739929000000,1775498795268000000,1009669
writeAction.count,1775498739929000000,1775498795268000000,15
lexer.ECMAScript.6.size.bytes,1775498739929000000,1775498795268000000,7342
DiskQueryRelay.taskWaitingTotalTimeUs,1775498739929000000,1775498795268000000,1344047
parser.JQuery-CSS.time.ns,1775498739929000000,1775498795268000000,673207
lexer.JSON.Lines.time.ns,1775498739929000000,1775498795268000000,33958
lexer.JSON.size.bytes,1775498739929000000,1775498795268000000,7299633
lexer.CSS.size.bytes,1775498739929000000,1775498795268000000,74695
lexer.SVG.time.ns,1775498739929000000,1775498795268000000,276541
parser.Properties.size.bytes,1775498739929000000,1775498795268000000,1236
LowMemory.gcLoad,1775498739929000000,1775498795268000000,0.0
parser.JSON.Lines.time.ns,1775498739929000000,1775498795268000000,259791
lexer.HTML.size.bytes,1775498739929000000,1775498795268000000,956288
DiskQueryRelay.tasksRequested,1775498739929000000,1775498795268000000,6736
JVM.GC.collectionTimesMs,1775498739929000000,1775498795268000000,316
JVM.maxThreadCount,1775498739929000000,1775498795268000000,203
JVM.usedNativeBytes,1775498739929000000,1775498795268000000,635487296
JVM.totalSafepointCount,1775498739929000000,1775498795268000000,352
JVM.maxHeapBytes,1775498739929000000,1775498795268000000,28840034304
JVM.totalDirectByteBuffersBytes,1775498739929000000,1775498795268000000,52684444
MEM.ramPlusSwapMinusFileMappingsBytes,1775498739929000000,1775498795268000000,4407984128
MEM.ramMinusFileMappingsBytes,1775498739929000000,1775498795268000000,4407984128
JVM.threadCount,1775498739929000000,1775498795268000000,88
JVM.usedHeapBytes,1775498739929000000,1775498795268000000,1174052512
MEM.ramBytes,1775498739929000000,1775498795268000000,5257981952
JVM.committedHeapBytes,1775498739929000000,1775498795268000000,2768240640
JVM.totalBytesAllocated,1775498739929000000,1775498795268000000,10176954976
JVM.newThreadsCount,1775498739929000000,1775498795268000000,107
JVM.GC.collections,1775498739929000000,1775498795268000000,16
MEM.fileMappingsRamBytes,1775498739929000000,1775498795268000000,849997824
JVM.totalTimeToSafepointsMs,1775498739929000000,1775498795268000000,253
OS.loadAverage,1775498739929000000,1775498795268000000,2.22021484375
JVM.totalCpuTimeMs,1775498739929000000,1775498795268000000,71360
JVM.totalTimeAtSafepointsMs,1775498739929000000,1775498795268000000,376
