# OpenTelemetry Metrics report: .csv, 4 fields: 
# <metric name>, <period start, nanoseconds>, <period end, nanoseconds>, <metric value>
# See CsvMetricsExporter for details.
# 
# NAME, PERIOD_START_NANOS, PERIOD_END_NANOS, VALUE
jps.facet.change.listener.before.change.events.ms,1772021563380000000,1772021623561000000,0
jps.library.entities.serializer.save.entities.ms,1772021563380000000,1772021623561000000,0
jps.global.get.libraries.ms,1772021563380000000,1772021623561000000,1
jps.global.get.library.by.name.ms,1772021563380000000,1772021623561000000,0
jps.module.iml.entities.serializer.save.entities.ms,1772021563380000000,1772021623561000000,0
workspaceModel.moduleManagerBridge.build.module.graph.ms,1772021563380000000,1772021623561000000,2
workspaceModel.delayed.project.synchronizer.sync.ms,1772021563380000000,1772021623561000000,0
workspaceModel.save.cache.to.file.ms,1772021563380000000,1772021623561000000,225
jps.library.entities.serializer.load.entities.ms,1772021563380000000,1772021623561000000,2
workspaceModel.sync.entities.ms,1772021563380000000,1772021623561000000,3
jps.reload.project.entities.ms,1772021563380000000,1772021623561000000,0
workspaceModel.mutableEntityStorage.changeLog.addReplaceEventForNewParent.ms,1772021563380000000,1772021623561000000,0
workspaceModel.mutableEntityStorage.to.snapshot.ms,1772021563380000000,1772021623561000000,0
workspaceModel.moduleBridge.update.option.ms,1772021563380000000,1772021623561000000,0
workspaceModel.mutableEntityStorage.collect.changes.ms,1772021563380000000,1772021623561000000,0
jps.apply.loaded.storage.ms,1772021563380000000,1772021623561000000,61
workspaceModel.mutableEntityStorage.entities.by.source.ms,1772021563380000000,1772021623561000000,1
workspaceModel.moduleManagerBridge.newModule.ms,1772021563380000000,1772021623561000000,42
jps.save.global.entities.ms,1772021563380000000,1772021623561000000,0
workspaceModel.mutableEntityStorage.replace.by.source.ms,1772021563380000000,1772021623561000000,22
workspaceModel.mutableEntityStorage.modify.entity.ms,1772021563380000000,1772021623561000000,29
workspaceModel.global.updates.count,1772021563380000000,1772021623561000000,3
jps.modifiable.module.model.bridge.load.module.ms,1772021563380000000,1772021623561000000,0
jps.storage.jps.conf.reader.load.component.ms,1772021563380000000,1772021623561000000,9
jps.global.initialize.library.bridges.ms,1772021563380000000,1772021623561000000,0
jps.modifiable.module.model.bridge.renaming.ms,1772021563380000000,1772021623561000000,0
workspaceModel.load.cache.metadata.from.file.ms,1772021563380000000,1772021623561000000,0
workspaceModel.moduleBridge.facet.initialization.ms,1772021563380000000,1772021623561000000,0
jps.artifact.entities.serializer.load.entities.ms,1772021563380000000,1772021623561000000,2
workspaceModel.global.apply.state.to.project.builder.ms,1772021563380000000,1772021623561000000,5
workspaceModel.mutableEntityStorage.apply.changes.from.ms,1772021563380000000,1772021623561000000,13
workspaceModel.mutableEntityStorage.has.same.entities.ms,1772021563380000000,1772021623561000000,3
jps.app.storage.content.reader.load.component.ms,1772021563380000000,1772021623561000000,1
jps.facet.change.listener.process.change.events.ms,1772021563380000000,1772021623561000000,0
workspaceModel.moduleManagerBridge.create.module.instance.ms,1772021563380000000,1772021623561000000,17
jps.global.handle.changed.events.ms,1772021563380000000,1772021623561000000,0
jps.save.changed.project.entities.ms,1772021563380000000,1772021623561000000,0
workspaceModel.global.updates.ms,1772021563380000000,1772021623561000000,19
jps.load.project.to.empty.storage.ms,1772021563380000000,1772021623561000000,122
workspaceModel.global.apply.state.to.project.ms,1772021563380000000,1772021623561000000,7
jps.global.get.library.ms,1772021563380000000,1772021623561000000,0
workspaceModel.moduleManagerBridge.new.nonPersistent.module.ms,1772021563380000000,1772021623561000000,0
jps.load.initial.state.ms,1772021563380000000,1772021623561000000,10
workspaceModel.mutableEntityStorage.add.entity.ms,1772021563380000000,1772021623561000000,84
jps.project.serializers.load.ms,1772021563380000000,1772021623561000000,56
workspaceModel.moduleManagerBridge.set.unloadedModules.ms,1772021563380000000,1772021623561000000,0
workspaceModel.mutableEntityStorage.mutable.ext.mapping.ms,1772021563380000000,1772021623561000000,1
workspaceModel.mutableEntityStorage.changeLog.addReplaceEventForRemovedChild.ms,1772021563380000000,1772021623561000000,0
jps.modifiable.module.model.bridge.new.module.ms,1772021563380000000,1772021623561000000,24
jps.facet.change.listener.init.bridge.ms,1772021563380000000,1772021623561000000,1
jps.module.iml.entities.serializer.load.entities.ms,1772021563380000000,1772021623561000000,32
jps.global.initialize.library.bridges.after.loading.ms,1772021563380000000,1772021623561000000,1
workspaceModel.mutableEntityStorage.remove.entity.ms,1772021563380000000,1772021623561000000,3
jps.module.dependency.index.workspace.model.listener.on.changed.ms,1772021563380000000,1772021623561000000,2
workspaceModel.moduleBridgeLoader.loading.modules.ms,1772021563380000000,1772021623561000000,12
workspaceModel.mutableEntityStorage.instances.count,1772021563380000000,1772021623561000000,68
workspaceModel.orphan.listener.update.ms,1772021563380000000,1772021623561000000,4
workspaceModel.mutableEntityStorage.changeLog.addReplaceEventForNewChild.ms,1772021563380000000,1772021623561000000,7
workspaceModel.load.cache.from.file.ms,1772021563380000000,1772021623561000000,1
jps.project.serializers.save.ms,1772021563380000000,1772021623561000000,0
workspaceModel.moduleManagerBridge.get.modules.ms,1772021563380000000,1772021623561000000,2
jps.global.handle.before.change.events.ms,1772021563380000000,1772021623561000000,0
workspaceModel.moduleBridge.before.changed.ms,1772021563380000000,1772021623561000000,0
workspaceModel.mutableEntityStorage.entities.ms,1772021563380000000,1772021623561000000,0
jps.modifiable.module.model.bridge.disposing.ms,1772021563380000000,1772021623561000000,0
workspaceModel.moduleManagerBridge.load.module.ms,1772021563380000000,1772021623561000000,0
jps.artifact.entities.serializer.save.entities.ms,1772021563380000000,1772021623561000000,0
workspaceModel.mutableEntityStorage.hasReferrers.ms,1772021563380000000,1772021623561000000,0
workspaceModel.do.save.caches.ms,1772021563380000000,1772021623561000000,32
workspaceModel.mutableEntityStorage.referrers.ms,1772021563380000000,1772021623561000000,0
workspaceModel.moduleManagerBridge.load.all.modules.ms,1772021563380000000,1772021623561000000,2
workspaceModel.mutableEntityStorage.resolve.ms,1772021563380000000,1772021623561000000,0
workspaceModel.mutableEntityStorage.mutable.vfurl.index.ms,1772021563380000000,1772021623561000000,0
workspaceModel.mutableEntityStorage.changeLog.addReplaceEventForRemovedParent.ms,1772021563380000000,1772021623561000000,0
workspaceModel.mutableEntityStorage.put.entity.ms,1772021563380000000,1772021623561000000,22
cacheStateStorage.set.duration,1772021563380000000,1772021623561000000,55
cacheStateStorage.get.duration,1772021563380000000,1772021623561000000,0
cacheStateStorage.get.counter,1772021563380000000,1772021623561000000,16
cacheStateStorage.set.counter,1772021563380000000,1772021623561000000,4
FlushQueue.queueSize90P,1772021563380000000,1772021623561000000,0
AWTEventQueue.dispatchTimeMaxNs,1772021563380000000,1772021623561000000,0
FlushQueue.waitingTimeMaxNs,1772021563380000000,1772021623561000000,0
FlushQueue.tasksExecuted,1772021563380000000,1772021623561000000,0
FlushQueue.executionTime90PNs,1772021563380000000,1772021623561000000,0
ReadAction.executionsCount,1772021563380000000,1772021623561000000,316848
NonBlockingReadAction.failedExecutionTimeUs,1772021563380000000,1772021623561000000,138545
AWTEventQueue.dispatchTimeAvgNs,1772021563380000000,1772021623561000000,0.0
FlushQueue.queueSizeAvg,1772021563380000000,1772021623561000000,0.0
AWTEventQueue.dispatchTime90PNs,1772021563380000000,1772021623561000000,0
AWTEventQueue.eventsDispatched,1772021563380000000,1772021623561000000,0
AWTEventQueue.dispatchTimeTotalNS,1772021563380000000,1772021623561000000,2041315489
FlushQueue.executionTimeMaxNs,1772021563380000000,1772021623561000000,0
FlushQueue.waitingTime90PNs,1772021563380000000,1772021623561000000,0
FlushQueue.queueSizeMax,1772021563380000000,1772021623561000000,0
NonBlockingReadAction.failedExecutionsCount,1772021563380000000,1772021623561000000,4
NonBlockingReadAction.finalizedExecutionTimeUs,1772021563380000000,1772021623561000000,253664
WriteAction.executionsCount,1772021563380000000,1772021623561000000,31
FlushQueue.waitingTimeAvgNs,1772021563380000000,1772021623561000000,0.0
NonBlockingReadAction.finalizedExecutionsCount,1772021563380000000,1772021623561000000,41
FlushQueue.executionTimeAvgNs,1772021563380000000,1772021623561000000,0.0
parser.Flow.JS.time.ns,1772021563380000000,1772021623561000000,125283248
lexer.JAVA.size.bytes,1772021563380000000,1772021623561000000,150512
lexer.ECMAScript.6.time.ns,1772021563380000000,1772021623561000000,6809958
lexer.ECMAScript.6.size.bytes,1772021563380000000,1772021623561000000,401036
lexer.JAVA.time.ns,1772021563380000000,1772021623561000000,19549960
lexer.Lombok.Config.size.bytes,1772021563380000000,1772021623561000000,137
writeAction.max.wait.ms,1772021563380000000,1772021623561000000,69
LowMemory.gcOverloaded,1772021563380000000,1772021623561000000,0
parser.Markdown.size.bytes,1772021563380000000,1772021623561000000,24
parser.JAVA.time.ns,1772021563380000000,1772021623561000000,138275129
parser.JSON.time.ns,1772021563380000000,1772021623561000000,9
parser.CSS.size.bytes,1772021563380000000,1772021623561000000,159564
lexer.TypeScript.time.ns,1772021563380000000,1772021623561000000,89520251
lexer.HTML.time.ns,1772021563380000000,1772021623561000000,858922626
parser.Lombok.Config.time.ns,1772021563380000000,1772021623561000000,262958
DiskQueryRelay.tasksRequested,1772021563380000000,1772021623561000000,62966
lexer.Lombok.Config.time.ns,1772021563380000000,1772021623561000000,91333
parser.Flow.JS.size.bytes,1772021563380000000,1772021623561000000,140172
lexer.Groovy.time.ns,1772021563380000000,1772021623561000000,1008501
parser.ECMAScript.6.size.bytes,1772021563380000000,1772021623561000000,1575165
lexer.Flow.JS.time.ns,1772021563380000000,1772021623561000000,10828500
parser.TypeScript.size.bytes,1772021563380000000,1772021623561000000,3376040
lexer.TypeScript.size.bytes,1772021563380000000,1772021623561000000,3376040
writeAction.count,1772021563380000000,1772021623561000000,31
lexer.Markdown.size.bytes,1772021563380000000,1772021623561000000,24
lexer.Flow.JS.size.bytes,1772021563380000000,1772021623561000000,140172
parser.HTML.time.ns,1772021563380000000,1772021623561000000,67230207
lexer.Groovy.size.bytes,1772021563380000000,1772021623561000000,7915
parser.JAVA.size.bytes,1772021563380000000,1772021623561000000,167815
parser.TypeScript.time.ns,1772021563380000000,1772021623561000000,983493545
parser.HTML.size.bytes,1772021563380000000,1772021623561000000,426380
DiskQueryRelay.tasksExecuted,1772021563380000000,1772021623561000000,62966
lexer.JSON.size.bytes,1772021563380000000,1772021623561000000,503
parser.ECMAScript.6.time.ns,1772021563380000000,1772021623561000000,198984510
writeAction.wait.ms,1772021563380000000,1772021623561000000,192
DiskQueryRelay.taskExecutionTotalTimeUs,1772021563380000000,1772021623561000000,4551231
parser.Groovy.time.ns,1772021563380000000,1772021623561000000,77710080
parser.CSS.time.ns,1772021563380000000,1772021623561000000,81962463
lexer.HTML.size.bytes,1772021563380000000,1772021623561000000,426380
lexer.JSON.time.ns,1772021563380000000,1772021623561000000,3069751
writeAction.median.wait.ms,1772021563380000000,1772021623561000000,0
lexer.CSS.size.bytes,1772021563380000000,1772021623561000000,159564
DiskQueryRelay.taskWaitingTotalTimeUs,1772021563380000000,1772021623561000000,8934543
lexer.Markdown.time.ns,1772021563380000000,1772021623561000000,13024958
parser.Markdown.time.ns,1772021563380000000,1772021623561000000,7484041
LowMemory.gcLoad,1772021563380000000,1772021623561000000,0.0
parser.Groovy.size.bytes,1772021563380000000,1772021623561000000,7915
parser.JSON.size.bytes,1772021563380000000,1772021623561000000,503
parser.Lombok.Config.size.bytes,1772021563380000000,1772021623561000000,137
lexer.CSS.time.ns,1772021563380000000,1772021623561000000,15566080
compiler.ArtifactManagerBridge.commit.ms,1772021563380000000,1772021623561000000,0
compiler.ArtifactManagerBridge.initBridges.ms,1772021563380000000,1772021623561000000,0
compiler.ArtifactManagerBridge.getArtifactsByType.ms,1772021563380000000,1772021623561000000,0
compiler.ArtifactManagerBridge.getArtifacts.ms,1772021563380000000,1772021623561000000,0
compiler.ArtifactManagerBridge.dropMappings.ms,1772021563380000000,1772021623561000000,0
compiler.ArtifactManagerBridge.findArtifact.ms,1772021563380000000,1772021623561000000,0
compiler.ArtifactManagerBridge.addArtifact.ms,1772021563380000000,1772021623561000000,0
compiler.ArtifactVirtualFileListener.propertyChanged.ms,1772021563380000000,1772021623561000000,0
compiler.ArtifactVirtualFileListener.filePathChanged.ms,1772021563380000000,1772021623561000000,0
workspaceModel.cachedValueWithParameters.calculated.count,1772021563380000000,1772021623561000000,0
workspaceModel.workspaceFileIndexData.getFileInfo.ms,1772021563380000000,1772021623561000000,438
workspaceModel.cachedValueWithParameters.total.get.count,1772021563380000000,1772021623561000000,0
workspaceModel.cachedValue.calculated.count,1772021563380000000,1772021623561000000,61
workspaceModel.workspaceFileIndexData.updateDirtyEntities.ms,1772021563380000000,1772021623561000000,0
workspaceModel.workspaceFileIndexData.processFileSets.ms,1772021563380000000,1772021623561000000,0
workspaceModel.updates.precise.ms,1772021563380000000,1772021623561000000,4
workspaceModel.entityStorageSnapshotImpl.instances.count,1772021563380000000,1772021623561000000,40
workspaceModel.workspaceFileIndexData.getPackageName.ms,1772021563380000000,1772021623561000000,0
workspaceModel.updates.ms,1772021563380000000,1772021623561000000,79
workspaceModel.updates.count,1772021563380000000,1772021623561000000,7
workspaceModel.workspaceFileIndexData.markDirty.ms,1772021563380000000,1772021623561000000,0
workspaceModel.to.snapshot.ms,1772021563380000000,1772021623561000000,0
workspaceModel.on.changed.ms,1772021563380000000,1772021623561000000,82
workspaceModel.cachedValue.from.cache.count,1772021563380000000,1772021623561000000,4137
workspaceModel.update.unloaded.entities.ms,1772021563380000000,1772021623561000000,0
workspaceModel.workspaceFileIndexData.getDirectoriesByPackageName.ms,1772021563380000000,1772021623561000000,0
workspaceModel.workspaceFileIndexData.instances.count,1772021563380000000,1772021623561000000,1
workspaceModel.workspaceFileIndexData.visitFileSets.ms,1772021563380000000,1772021623561000000,105
workspaceModel.full.replace.project.model.ms,1772021563380000000,1772021623561000000,56
workspaceModel.loading.from.cache.ms,1772021563380000000,1772021623561000000,0
workspaceModel.workspaceFileIndexData.onEntitiesChanged.ms,1772021563380000000,1772021623561000000,29
workspaceModel.workspaceFileIndexData.init.ms,1772021563380000000,1772021623561000000,5
workspaceModel.replace.project.model.ms,1772021563380000000,1772021623561000000,56
workspaceModel.collect.changes.ms,1772021563380000000,1772021623561000000,0
workspaceModel.cachedValueWithParameters.clear.count,1772021563380000000,1772021623561000000,0
workspaceModel.cachedValueWithParameters.from.cache.count,1772021563380000000,1772021623561000000,0
workspaceModel.on.before.changed.ms,1772021563380000000,1772021623561000000,54
workspaceModel.cachedValue.clear.count,1772021563380000000,1772021623561000000,2
workspaceModel.init.bridges.ms,1772021563380000000,1772021623561000000,17
workspaceModel.workspaceFileIndexContributor.registerFileSets.ms,1772021563380000000,1772021623561000000,32
workspaceModel.initializing.ms,1772021563380000000,1772021623561000000,11
workspaceModel.pre.handlers.ms,1772021563380000000,1772021623561000000,0
workspaceModel.loading.total.ms,1772021563380000000,1772021623561000000,2
workspaceModel.cachedValue.total.get.count,1772021563380000000,1772021623561000000,4198
workspaceModel.check.recursive.update.ms,1772021563380000000,1772021623561000000,0
FileChannelInterruptsRetryer.totalRetriedAttempts,1772021563380000000,1772021623561000000,0
StorageLockContext.competingThreads.avg,1772021563380000000,1772021623561000000,0.0
DirectByteBufferAllocator.totalSizeOfBuffersAllocatedInBytes,1772021563380000000,1772021623561000000,335544320
DirectByteBufferAllocator.hits,1772021563380000000,1772021623561000000,3
FilePageCache.pageLoadsAboveSizeThreshold,1772021563380000000,1772021623561000000,0
FilePageCache.maxRegisteredFiles,1772021563380000000,1772021623561000000,680
StreamlinedBlobStorage.recordsAllocated,1772021563380000000,1772021623561000000,33418
MappedFileStorage.totalBytesMapped,1772021563380000000,1772021623561000000,194248704
FilePageCache.uncachedFileAccess,1772021563380000000,1772021623561000000,515
StorageLockContext.competingThreads.max,1772021563380000000,1772021623561000000,0
DirectByteBufferAllocator.misses,1772021563380000000,1772021623561000000,320
StreamlinedBlobStorage.recordsDeleted,1772021563380000000,1772021623561000000,3
FilePageCache.pageLoads,1772021563380000000,1772021623561000000,323
FilePageCache.maxCacheSizeInBytes,1772021563380000000,1772021623561000000,335544320
FilePageCache.pageHits,1772021563380000000,1772021623561000000,317532
MappedFileStorage.storages,1772021563380000000,1772021623561000000,14
MappedFileStorage.totalTimeSpentOnMappingUs,1772021563380000000,1772021623561000000,65262
FilePageCache.totalPageLoadsUs,1772021563380000000,1772021623561000000,169118
StreamlinedBlobStorage.recordsRelocated,1772021563380000000,1772021623561000000,0
MappedFileStorage.totalPagesMapped,1772021563380000000,1772021623561000000,14
StorageLockContext.competingThreads.90P,1772021563380000000,1772021623561000000,0
StreamlinedBlobStorage.totalLiveRecordsCapacityBytes,1772021563380000000,1772021623561000000,2384830
DirectByteBufferAllocator.totalSizeOfBuffersCachedInBytes,1772021563380000000,1772021623561000000,0
StreamlinedBlobStorage.totalLiveRecordsPayloadBytes,1772021563380000000,1772021623561000000,495898
FilePageCache.capacityInBytes,1772021563380000000,1772021623561000000,629145600
DirectByteBufferAllocator.disposed,1772021563380000000,1772021623561000000,0
FilePageCache.pageFastCacheHits,1772021563380000000,1772021623561000000,4905670
DirectByteBufferAllocator.reclaimed,1772021563380000000,1772021623561000000,3
FilePageCache.totalPageDisposalsUs,1772021563380000000,1772021623561000000,1100
FilePageCache.disposedBuffers,1772021563380000000,1772021623561000000,3
VFS.fileByIdCache.hits,1772021563380000000,1772021623561000000,0
VFS.contentStorage.recordsReadSize,1772021563380000000,1772021623561000000,855132
VFS.contentStorage.recordsStored,1772021563380000000,1772021623561000000,18
VFS.invertedFileNameIndex.requests,1772021563380000000,1772021623561000000,0
FileNameCache.totalMisses,1772021563380000000,1772021623561000000,37696
VFS.cache.filesCreated,1772021563380000000,1772021623561000000,113848
FileNameCache.queries,1772021563380000000,1772021623561000000,3812416
VFS.cache.directoriesCreated,1772021563380000000,1772021623561000000,5130
VFS.contentStorage.recordsStoredSize,1772021563380000000,1772021623561000000,217558
VFS.contentStorage.recordsDeduplicated,1772021563380000000,1772021623561000000,0
VFS.rootsCount,1772021563380000000,1772021623561000000,66.0
VFS.fileByIdCache.misses,1772021563380000000,1772021623561000000,0
VFS.contentStorage.recordsStoredCompressed,1772021563380000000,1772021623561000000,6
VFS.contentStorage.recordsRead,1772021563380000000,1772021623561000000,19
VFS.contentStorage.recordsDecompressionTimeUs,1772021563380000000,1772021623561000000,15864
VFS.contentStorage.recordsReadDecompressed,1772021563380000000,1772021623561000000,11
VFS.folderCaseSensitivityReads,1772021563380000000,1772021623561000000,295
VFS.cache.segmentsCreated,1772021563380000000,1772021623561000000,180
VFS.cache.segments,1772021563380000000,1772021623561000000,180.0
VFS.fileChildByName,1772021563380000000,1772021623561000000,20122
VFS.contentStorage.recordsUncompressedSize,1772021563380000000,1772021623561000000,449887
Indexing.totalTimeIndexersSleptMs,1772021563380000000,1772021623561000000,17527
Indexing.cache.totalCacheMisses,1772021563380000000,1772021623561000000,2143634
Indexing.writesQueuedMax,1772021563380000000,1772021623561000000,0
Indexing.cache.totalCacheEvicted,1772021563380000000,1772021623561000000,2029624
Indexing.writer_2.totalTimeSpentWritingMs,1772021563380000000,1772021623561000000,2816
Indexing.writesQueuedMin,1772021563380000000,1772021623561000000,9223372036854775807
Indexing.writer_3.totalTimeSpentWritingMs,1772021563380000000,1772021623561000000,2381
Indexing.writer_1.totalTimeSpentWritingMs,1772021563380000000,1772021623561000000,420
Indexing.cache.totalCacheAccesses,1772021563380000000,1772021623561000000,9830978
Indexing.writer_0.totalTimeSpentWritingMs,1772021563380000000,1772021623561000000,6426
JVM.usedNativeBytes,1772021563380000000,1772021623561000000,341179056
MEM.fileMappingsRamBytes,1772021563380000000,1772021623561000000,679464960
JVM.totalDirectByteBuffersBytes,1772021563380000000,1772021623561000000,335577089
JVM.newThreadsCount,1772021563380000000,1772021623561000000,408
MEM.ramPlusSwapMinusFileMappingsBytes,1772021563380000000,1772021623561000000,2769723392
JVM.totalTimeToSafepointsMs,1772021563380000000,1772021623561000000,55
JVM.GC.collectionTimesMs,1772021563380000000,1772021623561000000,403
JVM.maxThreadCount,1772021563380000000,1772021623561000000,239
JVM.totalBytesAllocated,1772021563380000000,1772021623561000000,11565519744
JVM.threadCount,1772021563380000000,1772021623561000000,146
JVM.maxHeapBytes,1772021563380000000,1772021623561000000,28840034304
JVM.totalCpuTimeMs,1772021563380000000,1772021623561000000,96220
OS.loadAverage,1772021563380000000,1772021623561000000,4.978515625
JVM.GC.collections,1772021563380000000,1772021623561000000,48
MEM.ramBytes,1772021563380000000,1772021623561000000,3449188352
JVM.committedHeapBytes,1772021563380000000,1772021623561000000,1895825408
JVM.usedHeapBytes,1772021563380000000,1772021623561000000,1320437264
JVM.totalTimeAtSafepointsMs,1772021563380000000,1772021623561000000,445
JVM.totalSafepointCount,1772021563380000000,1772021623561000000,91
MEM.ramMinusFileMappingsBytes,1772021563380000000,1772021623561000000,2769723392
jps.facet.change.listener.before.change.events.ms,1772021623561000000,1772021683408000000,0
jps.library.entities.serializer.save.entities.ms,1772021623561000000,1772021683408000000,0
jps.global.get.libraries.ms,1772021623561000000,1772021683408000000,0
jps.global.get.library.by.name.ms,1772021623561000000,1772021683408000000,0
jps.module.iml.entities.serializer.save.entities.ms,1772021623561000000,1772021683408000000,0
workspaceModel.moduleManagerBridge.build.module.graph.ms,1772021623561000000,1772021683408000000,0
workspaceModel.delayed.project.synchronizer.sync.ms,1772021623561000000,1772021683408000000,0
workspaceModel.save.cache.to.file.ms,1772021623561000000,1772021683408000000,17
jps.library.entities.serializer.load.entities.ms,1772021623561000000,1772021683408000000,0
workspaceModel.sync.entities.ms,1772021623561000000,1772021683408000000,0
jps.reload.project.entities.ms,1772021623561000000,1772021683408000000,0
workspaceModel.mutableEntityStorage.changeLog.addReplaceEventForNewParent.ms,1772021623561000000,1772021683408000000,0
workspaceModel.mutableEntityStorage.to.snapshot.ms,1772021623561000000,1772021683408000000,0
workspaceModel.moduleBridge.update.option.ms,1772021623561000000,1772021683408000000,0
workspaceModel.mutableEntityStorage.collect.changes.ms,1772021623561000000,1772021683408000000,0
jps.apply.loaded.storage.ms,1772021623561000000,1772021683408000000,0
workspaceModel.mutableEntityStorage.entities.by.source.ms,1772021623561000000,1772021683408000000,0
workspaceModel.moduleManagerBridge.newModule.ms,1772021623561000000,1772021683408000000,0
jps.save.global.entities.ms,1772021623561000000,1772021683408000000,0
workspaceModel.mutableEntityStorage.replace.by.source.ms,1772021623561000000,1772021683408000000,8
workspaceModel.mutableEntityStorage.modify.entity.ms,1772021623561000000,1772021683408000000,9
workspaceModel.global.updates.count,1772021623561000000,1772021683408000000,0
jps.modifiable.module.model.bridge.load.module.ms,1772021623561000000,1772021683408000000,0
jps.storage.jps.conf.reader.load.component.ms,1772021623561000000,1772021683408000000,0
jps.global.initialize.library.bridges.ms,1772021623561000000,1772021683408000000,1
jps.modifiable.module.model.bridge.renaming.ms,1772021623561000000,1772021683408000000,0
workspaceModel.load.cache.metadata.from.file.ms,1772021623561000000,1772021683408000000,0
workspaceModel.moduleBridge.facet.initialization.ms,1772021623561000000,1772021683408000000,0
jps.artifact.entities.serializer.load.entities.ms,1772021623561000000,1772021683408000000,0
workspaceModel.global.apply.state.to.project.builder.ms,1772021623561000000,1772021683408000000,0
workspaceModel.mutableEntityStorage.apply.changes.from.ms,1772021623561000000,1772021683408000000,6
workspaceModel.mutableEntityStorage.has.same.entities.ms,1772021623561000000,1772021683408000000,0
jps.app.storage.content.reader.load.component.ms,1772021623561000000,1772021683408000000,0
jps.facet.change.listener.process.change.events.ms,1772021623561000000,1772021683408000000,0
workspaceModel.moduleManagerBridge.create.module.instance.ms,1772021623561000000,1772021683408000000,0
jps.global.handle.changed.events.ms,1772021623561000000,1772021683408000000,0
jps.save.changed.project.entities.ms,1772021623561000000,1772021683408000000,0
workspaceModel.global.updates.ms,1772021623561000000,1772021683408000000,0
jps.load.project.to.empty.storage.ms,1772021623561000000,1772021683408000000,0
workspaceModel.global.apply.state.to.project.ms,1772021623561000000,1772021683408000000,0
jps.global.get.library.ms,1772021623561000000,1772021683408000000,0
workspaceModel.moduleManagerBridge.new.nonPersistent.module.ms,1772021623561000000,1772021683408000000,0
jps.load.initial.state.ms,1772021623561000000,1772021683408000000,0
workspaceModel.mutableEntityStorage.add.entity.ms,1772021623561000000,1772021683408000000,16
jps.project.serializers.load.ms,1772021623561000000,1772021683408000000,0
workspaceModel.moduleManagerBridge.set.unloadedModules.ms,1772021623561000000,1772021683408000000,0
workspaceModel.mutableEntityStorage.mutable.ext.mapping.ms,1772021623561000000,1772021683408000000,0
workspaceModel.mutableEntityStorage.changeLog.addReplaceEventForRemovedChild.ms,1772021623561000000,1772021683408000000,0
jps.modifiable.module.model.bridge.new.module.ms,1772021623561000000,1772021683408000000,1
jps.facet.change.listener.init.bridge.ms,1772021623561000000,1772021683408000000,0
jps.module.iml.entities.serializer.load.entities.ms,1772021623561000000,1772021683408000000,0
jps.global.initialize.library.bridges.after.loading.ms,1772021623561000000,1772021683408000000,0
workspaceModel.mutableEntityStorage.remove.entity.ms,1772021623561000000,1772021683408000000,2
jps.module.dependency.index.workspace.model.listener.on.changed.ms,1772021623561000000,1772021683408000000,1
workspaceModel.moduleBridgeLoader.loading.modules.ms,1772021623561000000,1772021683408000000,0
workspaceModel.mutableEntityStorage.instances.count,1772021623561000000,1772021683408000000,24
workspaceModel.orphan.listener.update.ms,1772021623561000000,1772021683408000000,5
workspaceModel.mutableEntityStorage.changeLog.addReplaceEventForNewChild.ms,1772021623561000000,1772021683408000000,1
workspaceModel.load.cache.from.file.ms,1772021623561000000,1772021683408000000,0
jps.project.serializers.save.ms,1772021623561000000,1772021683408000000,0
workspaceModel.moduleManagerBridge.get.modules.ms,1772021623561000000,1772021683408000000,0
jps.global.handle.before.change.events.ms,1772021623561000000,1772021683408000000,0
workspaceModel.moduleBridge.before.changed.ms,1772021623561000000,1772021683408000000,0
workspaceModel.mutableEntityStorage.entities.ms,1772021623561000000,1772021683408000000,0
jps.modifiable.module.model.bridge.disposing.ms,1772021623561000000,1772021683408000000,0
workspaceModel.moduleManagerBridge.load.module.ms,1772021623561000000,1772021683408000000,0
jps.artifact.entities.serializer.save.entities.ms,1772021623561000000,1772021683408000000,0
workspaceModel.mutableEntityStorage.hasReferrers.ms,1772021623561000000,1772021683408000000,0
workspaceModel.do.save.caches.ms,1772021623561000000,1772021683408000000,19
workspaceModel.mutableEntityStorage.referrers.ms,1772021623561000000,1772021683408000000,0
workspaceModel.moduleManagerBridge.load.all.modules.ms,1772021623561000000,1772021683408000000,0
workspaceModel.mutableEntityStorage.resolve.ms,1772021623561000000,1772021683408000000,1
workspaceModel.mutableEntityStorage.mutable.vfurl.index.ms,1772021623561000000,1772021683408000000,0
workspaceModel.mutableEntityStorage.changeLog.addReplaceEventForRemovedParent.ms,1772021623561000000,1772021683408000000,0
workspaceModel.mutableEntityStorage.put.entity.ms,1772021623561000000,1772021683408000000,3
cacheStateStorage.set.duration,1772021623561000000,1772021683408000000,0
cacheStateStorage.get.duration,1772021623561000000,1772021683408000000,0
cacheStateStorage.get.counter,1772021623561000000,1772021683408000000,0
cacheStateStorage.set.counter,1772021623561000000,1772021683408000000,0
FlushQueue.queueSize90P,1772021623561000000,1772021683408000000,0
AWTEventQueue.dispatchTimeMaxNs,1772021623561000000,1772021683408000000,0
FlushQueue.waitingTimeMaxNs,1772021623561000000,1772021683408000000,0
FlushQueue.tasksExecuted,1772021623561000000,1772021683408000000,0
FlushQueue.executionTime90PNs,1772021623561000000,1772021683408000000,0
ReadAction.executionsCount,1772021623561000000,1772021683408000000,170831
NonBlockingReadAction.failedExecutionTimeUs,1772021623561000000,1772021683408000000,13449
AWTEventQueue.dispatchTimeAvgNs,1772021623561000000,1772021683408000000,0.0
FlushQueue.queueSizeAvg,1772021623561000000,1772021683408000000,0.0
AWTEventQueue.dispatchTime90PNs,1772021623561000000,1772021683408000000,0
AWTEventQueue.eventsDispatched,1772021623561000000,1772021683408000000,0
AWTEventQueue.dispatchTimeTotalNS,1772021623561000000,1772021683408000000,614150671
FlushQueue.executionTimeMaxNs,1772021623561000000,1772021683408000000,0
FlushQueue.waitingTime90PNs,1772021623561000000,1772021683408000000,0
FlushQueue.queueSizeMax,1772021623561000000,1772021683408000000,0
NonBlockingReadAction.failedExecutionsCount,1772021623561000000,1772021683408000000,2
NonBlockingReadAction.finalizedExecutionTimeUs,1772021623561000000,1772021683408000000,54785
WriteAction.executionsCount,1772021623561000000,1772021683408000000,26
FlushQueue.waitingTimeAvgNs,1772021623561000000,1772021683408000000,0.0
NonBlockingReadAction.finalizedExecutionsCount,1772021623561000000,1772021683408000000,69
FlushQueue.executionTimeAvgNs,1772021623561000000,1772021683408000000,0.0
lexer.XML.time.ns,1772021623561000000,1772021683408000000,4651544
lexer.JAVA.size.bytes,1772021623561000000,1772021683408000000,273694
lexer.ECMAScript.6.time.ns,1772021623561000000,1772021683408000000,176333332
lexer.ECMAScript.6.size.bytes,1772021623561000000,1772021683408000000,4966492
lexer.JAVA.time.ns,1772021623561000000,1772021683408000000,7326214
writeAction.max.wait.ms,1772021623561000000,1772021683408000000,69
LowMemory.gcOverloaded,1772021623561000000,1772021683408000000,0
parser.Markdown.size.bytes,1772021623561000000,1772021683408000000,479371
parser.JAVA.time.ns,1772021623561000000,1772021683408000000,106608249
parser.CSS.size.bytes,1772021623561000000,1772021683408000000,16524505
lexer.HTML.time.ns,1772021623561000000,1772021683408000000,404138337
DiskQueryRelay.tasksRequested,1772021623561000000,1772021683408000000,12325
parser.XML.size.bytes,1772021623561000000,1772021683408000000,39199
lexer.XML.size.bytes,1772021623561000000,1772021683408000000,39199
lexer.Groovy.time.ns,1772021623561000000,1772021683408000000,590169
parser.ECMAScript.6.size.bytes,1772021623561000000,1772021683408000000,17662596
writeAction.count,1772021623561000000,1772021683408000000,26
lexer.Markdown.size.bytes,1772021623561000000,1772021683408000000,479371
parser.HTML.time.ns,1772021623561000000,1772021683408000000,438423953
lexer.Groovy.size.bytes,1772021623561000000,1772021683408000000,4862
parser.JAVA.size.bytes,1772021623561000000,1772021683408000000,305884
parser.HTML.size.bytes,1772021623561000000,1772021683408000000,3763940
DiskQueryRelay.tasksExecuted,1772021623561000000,1772021683408000000,12325
parser.ECMAScript.6.time.ns,1772021623561000000,1772021683408000000,605757159
writeAction.wait.ms,1772021623561000000,1772021683408000000,13
DiskQueryRelay.taskExecutionTotalTimeUs,1772021623561000000,1772021683408000000,3655324
parser.XML.time.ns,1772021623561000000,1772021683408000000,12
parser.Groovy.time.ns,1772021623561000000,1772021683408000000,12160625
parser.CSS.time.ns,1772021623561000000,1772021683408000000,1058423932
lexer.HTML.size.bytes,1772021623561000000,1772021683408000000,3763940
writeAction.median.wait.ms,1772021623561000000,1772021683408000000,100
lexer.CSS.size.bytes,1772021623561000000,1772021683408000000,16524505
DiskQueryRelay.taskWaitingTotalTimeUs,1772021623561000000,1772021683408000000,4574435
lexer.Markdown.time.ns,1772021623561000000,1772021683408000000,84716013
parser.Markdown.time.ns,1772021623561000000,1772021683408000000,125192322
LowMemory.gcLoad,1772021623561000000,1772021683408000000,0.0
parser.Groovy.size.bytes,1772021623561000000,1772021683408000000,4862
lexer.CSS.time.ns,1772021623561000000,1772021683408000000,563192368
compiler.ArtifactModifiableModelBridge.getArtifacts.ms,1772021623561000000,1772021683408000000,0
compiler.ArtifactModifiableModelBridge.addArtifact.ms,1772021623561000000,1772021683408000000,0
compiler.ArtifactManagerBridge.commit.ms,1772021623561000000,1772021683408000000,3
compiler.ArtifactManagerBridge.initBridges.ms,1772021623561000000,1772021683408000000,0
compiler.ArtifactModifiableModelBridge.getArtifactsByType.ms,1772021623561000000,1772021683408000000,0
compiler.ArtifactModifiableModelBridge.findArtifacts.ms,1772021623561000000,1772021683408000000,0
compiler.ArtifactManagerBridge.addArtifact.ms,1772021623561000000,1772021683408000000,0
compiler.ArtifactVirtualFileListener.propertyChanged.ms,1772021623561000000,1772021683408000000,0
compiler.ArtifactManagerBridge.getArtifactsByType.ms,1772021623561000000,1772021683408000000,0
compiler.ArtifactManagerBridge.getArtifacts.ms,1772021623561000000,1772021683408000000,0
compiler.ArtifactManagerBridge.dropMappings.ms,1772021623561000000,1772021683408000000,0
compiler.ArtifactManagerBridge.findArtifact.ms,1772021623561000000,1772021683408000000,0
compiler.ArtifactModifiableModelBridge.dispose.ms,1772021623561000000,1772021683408000000,0
compiler.ArtifactModifiableModelBridge.commit.ms,1772021623561000000,1772021683408000000,3
compiler.ArtifactVirtualFileListener.filePathChanged.ms,1772021623561000000,1772021683408000000,0
workspaceModel.cachedValueWithParameters.calculated.count,1772021623561000000,1772021683408000000,0
workspaceModel.workspaceFileIndexData.getFileInfo.ms,1772021623561000000,1772021683408000000,117
workspaceModel.cachedValueWithParameters.total.get.count,1772021623561000000,1772021683408000000,0
workspaceModel.cachedValue.calculated.count,1772021623561000000,1772021683408000000,72
workspaceModel.workspaceFileIndexData.updateDirtyEntities.ms,1772021623561000000,1772021683408000000,0
workspaceModel.workspaceFileIndexData.processFileSets.ms,1772021623561000000,1772021683408000000,0
workspaceModel.updates.precise.ms,1772021623561000000,1772021683408000000,7
workspaceModel.entityStorageSnapshotImpl.instances.count,1772021623561000000,1772021683408000000,17
workspaceModel.workspaceFileIndexData.getPackageName.ms,1772021623561000000,1772021683408000000,0
workspaceModel.updates.ms,1772021623561000000,1772021683408000000,17
workspaceModel.updates.count,1772021623561000000,1772021683408000000,3
workspaceModel.workspaceFileIndexData.markDirty.ms,1772021623561000000,1772021683408000000,0
workspaceModel.to.snapshot.ms,1772021623561000000,1772021683408000000,0
workspaceModel.on.changed.ms,1772021623561000000,1772021683408000000,32
workspaceModel.cachedValue.from.cache.count,1772021623561000000,1772021683408000000,6361
workspaceModel.update.unloaded.entities.ms,1772021623561000000,1772021683408000000,0
workspaceModel.workspaceFileIndexData.getDirectoriesByPackageName.ms,1772021623561000000,1772021683408000000,0
workspaceModel.workspaceFileIndexData.instances.count,1772021623561000000,1772021683408000000,0
workspaceModel.workspaceFileIndexData.visitFileSets.ms,1772021623561000000,1772021683408000000,15
workspaceModel.full.replace.project.model.ms,1772021623561000000,1772021683408000000,0
workspaceModel.loading.from.cache.ms,1772021623561000000,1772021683408000000,0
workspaceModel.workspaceFileIndexData.onEntitiesChanged.ms,1772021623561000000,1772021683408000000,4
workspaceModel.workspaceFileIndexData.init.ms,1772021623561000000,1772021683408000000,0
workspaceModel.replace.project.model.ms,1772021623561000000,1772021683408000000,33
workspaceModel.collect.changes.ms,1772021623561000000,1772021683408000000,0
workspaceModel.cachedValueWithParameters.clear.count,1772021623561000000,1772021683408000000,0
workspaceModel.cachedValueWithParameters.from.cache.count,1772021623561000000,1772021683408000000,0
workspaceModel.on.before.changed.ms,1772021623561000000,1772021683408000000,4
workspaceModel.cachedValue.clear.count,1772021623561000000,1772021683408000000,0
workspaceModel.init.bridges.ms,1772021623561000000,1772021683408000000,4
workspaceModel.workspaceFileIndexContributor.registerFileSets.ms,1772021623561000000,1772021683408000000,2
workspaceModel.initializing.ms,1772021623561000000,1772021683408000000,1
workspaceModel.pre.handlers.ms,1772021623561000000,1772021683408000000,0
workspaceModel.loading.total.ms,1772021623561000000,1772021683408000000,0
workspaceModel.cachedValue.total.get.count,1772021623561000000,1772021683408000000,6433
workspaceModel.check.recursive.update.ms,1772021623561000000,1772021683408000000,1
FileChannelInterruptsRetryer.totalRetriedAttempts,1772021623561000000,1772021683408000000,0
StorageLockContext.competingThreads.avg,1772021623561000000,1772021683408000000,0.0
DirectByteBufferAllocator.totalSizeOfBuffersAllocatedInBytes,1772021623561000000,1772021683408000000,552599552
DirectByteBufferAllocator.hits,1772021623561000000,1772021683408000000,0
FilePageCache.pageLoadsAboveSizeThreshold,1772021623561000000,1772021683408000000,0
FilePageCache.maxRegisteredFiles,1772021623561000000,1772021683408000000,680
StreamlinedBlobStorage.recordsAllocated,1772021623561000000,1772021683408000000,7063
MappedFileStorage.totalBytesMapped,1772021623561000000,1772021683408000000,198443008
FilePageCache.uncachedFileAccess,1772021623561000000,1772021683408000000,647
StorageLockContext.competingThreads.max,1772021623561000000,1772021683408000000,0
DirectByteBufferAllocator.misses,1772021623561000000,1772021683408000000,207
StreamlinedBlobStorage.recordsDeleted,1772021623561000000,1772021683408000000,4
FilePageCache.pageLoads,1772021623561000000,1772021683408000000,207
FilePageCache.maxCacheSizeInBytes,1772021623561000000,1772021683408000000,552599552
FilePageCache.pageHits,1772021623561000000,1772021683408000000,221276
MappedFileStorage.storages,1772021623561000000,1772021683408000000,15
MappedFileStorage.totalTimeSpentOnMappingUs,1772021623561000000,1772021683408000000,67038
FilePageCache.totalPageLoadsUs,1772021623561000000,1772021683408000000,70520
StreamlinedBlobStorage.recordsRelocated,1772021623561000000,1772021683408000000,0
MappedFileStorage.totalPagesMapped,1772021623561000000,1772021683408000000,15
StorageLockContext.competingThreads.90P,1772021623561000000,1772021683408000000,0
StreamlinedBlobStorage.totalLiveRecordsCapacityBytes,1772021623561000000,1772021683408000000,498032
DirectByteBufferAllocator.totalSizeOfBuffersCachedInBytes,1772021623561000000,1772021683408000000,0
StreamlinedBlobStorage.totalLiveRecordsPayloadBytes,1772021623561000000,1772021683408000000,87532
FilePageCache.capacityInBytes,1772021623561000000,1772021683408000000,629145600
DirectByteBufferAllocator.disposed,1772021623561000000,1772021683408000000,0
FilePageCache.pageFastCacheHits,1772021623561000000,1772021683408000000,1403876
DirectByteBufferAllocator.reclaimed,1772021623561000000,1772021683408000000,0
FilePageCache.totalPageDisposalsUs,1772021623561000000,1772021683408000000,80
FilePageCache.disposedBuffers,1772021623561000000,1772021683408000000,0
VFS.fileByIdCache.hits,1772021623561000000,1772021683408000000,1
VFS.contentStorage.recordsReadSize,1772021623561000000,1772021683408000000,29800
VFS.contentStorage.recordsStored,1772021623561000000,1772021683408000000,0
VFS.invertedFileNameIndex.requests,1772021623561000000,1772021683408000000,12
FileNameCache.totalMisses,1772021623561000000,1772021683408000000,1408
VFS.cache.filesCreated,1772021623561000000,1772021683408000000,72111
FileNameCache.queries,1772021623561000000,1772021683408000000,614528
VFS.cache.directoriesCreated,1772021623561000000,1772021683408000000,641
VFS.contentStorage.recordsStoredSize,1772021623561000000,1772021683408000000,0
VFS.contentStorage.recordsDeduplicated,1772021623561000000,1772021683408000000,0
VFS.rootsCount,1772021623561000000,1772021683408000000,204.0
VFS.fileByIdCache.misses,1772021623561000000,1772021683408000000,51
VFS.contentStorage.recordsStoredCompressed,1772021623561000000,1772021683408000000,0
VFS.contentStorage.recordsRead,1772021623561000000,1772021683408000000,11
VFS.contentStorage.recordsDecompressionTimeUs,1772021623561000000,1772021683408000000,0
VFS.contentStorage.recordsReadDecompressed,1772021623561000000,1772021683408000000,0
VFS.folderCaseSensitivityReads,1772021623561000000,1772021683408000000,126
VFS.cache.segmentsCreated,1772021623561000000,1772021683408000000,14
VFS.cache.segments,1772021623561000000,1772021683408000000,194.0
VFS.fileChildByName,1772021623561000000,1772021683408000000,10345
VFS.contentStorage.recordsUncompressedSize,1772021623561000000,1772021683408000000,0
Indexing.cache.totalCacheMisses,1772021623561000000,1772021683408000000,405995
Indexing.writesQueuedMax,1772021623561000000,1772021683408000000,0
Indexing.cache.totalCacheEvicted,1772021623561000000,1772021683408000000,520005
Indexes.stubs.lookups,1772021623561000000,1772021683408000000,2569
Indexes.stubs.lookupDuration90PMs,1772021623561000000,1772021683408000000,0.0
Indexes.allKeys.lookupDuration90PMs,1772021623561000000,1772021683408000000,0.0
Indexes.stubs.lookupDurationMaxMs,1772021623561000000,1772021683408000000,0.0
Indexing.totalTimeIndexersSleptMs,1772021623561000000,1772021683408000000,0
Indexes.allKeys.lookupDurationAvgMs,1772021623561000000,1772021683408000000,0.0
Indexes.entries.lookupDurationMaxMs,1772021623561000000,1772021683408000000,0.0
Indexes.allKeys.lookupDurationMaxMs,1772021623561000000,1772021683408000000,0.0
Indexing.writer_2.totalTimeSpentWritingMs,1772021623561000000,1772021683408000000,226
Indexing.writesQueuedMin,1772021623561000000,1772021683408000000,9223372036854775807
Indexing.writer_3.totalTimeSpentWritingMs,1772021623561000000,1772021683408000000,209
Indexing.writer_1.totalTimeSpentWritingMs,1772021623561000000,1772021683408000000,845
Indexes.entries.lookupDuration90PMs,1772021623561000000,1772021683408000000,0.0
Indexes.entries.lookupDurationAvgMs,1772021623561000000,1772021683408000000,0.0
Indexing.cache.totalCacheAccesses,1772021623561000000,1772021683408000000,2124639
Indexes.stubs.lookupDurationAvgMs,1772021623561000000,1772021683408000000,0.0
Indexing.writer_0.totalTimeSpentWritingMs,1772021623561000000,1772021683408000000,727
Indexes.allKeys.lookups,1772021623561000000,1772021683408000000,2
Indexes.entries.lookups,1772021623561000000,1772021683408000000,11
JVM.usedNativeBytes,1772021623561000000,1772021683408000000,428424440
MEM.fileMappingsRamBytes,1772021623561000000,1772021683408000000,742289408
JVM.totalDirectByteBuffersBytes,1772021623561000000,1772021683408000000,553304065
JVM.newThreadsCount,1772021623561000000,1772021683408000000,37
MEM.ramPlusSwapMinusFileMappingsBytes,1772021623561000000,1772021683408000000,3329351680
JVM.totalTimeToSafepointsMs,1772021623561000000,1772021683408000000,32
JVM.GC.collectionTimesMs,1772021623561000000,1772021683408000000,110
JVM.maxThreadCount,1772021623561000000,1772021683408000000,239
JVM.totalBytesAllocated,1772021623561000000,1772021683408000000,4559659912
JVM.threadCount,1772021623561000000,1772021683408000000,142
JVM.maxHeapBytes,1772021623561000000,1772021683408000000,28840034304
JVM.totalCpuTimeMs,1772021623561000000,1772021683408000000,35880
OS.loadAverage,1772021623561000000,1772021683408000000,3.7421875
JVM.GC.collections,1772021623561000000,1772021683408000000,7
MEM.ramBytes,1772021623561000000,1772021683408000000,4071641088
JVM.committedHeapBytes,1772021623561000000,1772021683408000000,2080374784
JVM.usedHeapBytes,1772021623561000000,1772021683408000000,1100927640
JVM.totalTimeAtSafepointsMs,1772021623561000000,1772021683408000000,126
JVM.totalSafepointCount,1772021623561000000,1772021683408000000,38
MEM.ramMinusFileMappingsBytes,1772021623561000000,1772021683408000000,3329351680
jps.facet.change.listener.before.change.events.ms,1772021683408000000,1772021743407000000,0
jps.library.entities.serializer.save.entities.ms,1772021683408000000,1772021743407000000,0
jps.global.get.libraries.ms,1772021683408000000,1772021743407000000,0
jps.global.get.library.by.name.ms,1772021683408000000,1772021743407000000,0
jps.module.iml.entities.serializer.save.entities.ms,1772021683408000000,1772021743407000000,0
workspaceModel.moduleManagerBridge.build.module.graph.ms,1772021683408000000,1772021743407000000,0
workspaceModel.delayed.project.synchronizer.sync.ms,1772021683408000000,1772021743407000000,0
workspaceModel.save.cache.to.file.ms,1772021683408000000,1772021743407000000,0
jps.library.entities.serializer.load.entities.ms,1772021683408000000,1772021743407000000,0
workspaceModel.sync.entities.ms,1772021683408000000,1772021743407000000,0
jps.reload.project.entities.ms,1772021683408000000,1772021743407000000,0
workspaceModel.mutableEntityStorage.changeLog.addReplaceEventForNewParent.ms,1772021683408000000,1772021743407000000,0
workspaceModel.mutableEntityStorage.to.snapshot.ms,1772021683408000000,1772021743407000000,0
workspaceModel.moduleBridge.update.option.ms,1772021683408000000,1772021743407000000,0
workspaceModel.mutableEntityStorage.collect.changes.ms,1772021683408000000,1772021743407000000,0
jps.apply.loaded.storage.ms,1772021683408000000,1772021743407000000,0
workspaceModel.mutableEntityStorage.entities.by.source.ms,1772021683408000000,1772021743407000000,0
workspaceModel.moduleManagerBridge.newModule.ms,1772021683408000000,1772021743407000000,0
jps.save.global.entities.ms,1772021683408000000,1772021743407000000,0
workspaceModel.mutableEntityStorage.replace.by.source.ms,1772021683408000000,1772021743407000000,0
workspaceModel.mutableEntityStorage.modify.entity.ms,1772021683408000000,1772021743407000000,0
workspaceModel.global.updates.count,1772021683408000000,1772021743407000000,0
jps.modifiable.module.model.bridge.load.module.ms,1772021683408000000,1772021743407000000,0
jps.storage.jps.conf.reader.load.component.ms,1772021683408000000,1772021743407000000,0
jps.global.initialize.library.bridges.ms,1772021683408000000,1772021743407000000,0
jps.modifiable.module.model.bridge.renaming.ms,1772021683408000000,1772021743407000000,0
workspaceModel.load.cache.metadata.from.file.ms,1772021683408000000,1772021743407000000,0
workspaceModel.moduleBridge.facet.initialization.ms,1772021683408000000,1772021743407000000,0
jps.artifact.entities.serializer.load.entities.ms,1772021683408000000,1772021743407000000,0
workspaceModel.global.apply.state.to.project.builder.ms,1772021683408000000,1772021743407000000,0
workspaceModel.mutableEntityStorage.apply.changes.from.ms,1772021683408000000,1772021743407000000,0
workspaceModel.mutableEntityStorage.has.same.entities.ms,1772021683408000000,1772021743407000000,0
jps.app.storage.content.reader.load.component.ms,1772021683408000000,1772021743407000000,0
jps.facet.change.listener.process.change.events.ms,1772021683408000000,1772021743407000000,0
workspaceModel.moduleManagerBridge.create.module.instance.ms,1772021683408000000,1772021743407000000,0
jps.global.handle.changed.events.ms,1772021683408000000,1772021743407000000,0
jps.save.changed.project.entities.ms,1772021683408000000,1772021743407000000,0
workspaceModel.global.updates.ms,1772021683408000000,1772021743407000000,0
jps.load.project.to.empty.storage.ms,1772021683408000000,1772021743407000000,0
workspaceModel.global.apply.state.to.project.ms,1772021683408000000,1772021743407000000,0
jps.global.get.library.ms,1772021683408000000,1772021743407000000,0
workspaceModel.moduleManagerBridge.new.nonPersistent.module.ms,1772021683408000000,1772021743407000000,0
jps.load.initial.state.ms,1772021683408000000,1772021743407000000,0
workspaceModel.mutableEntityStorage.add.entity.ms,1772021683408000000,1772021743407000000,0
jps.project.serializers.load.ms,1772021683408000000,1772021743407000000,0
workspaceModel.moduleManagerBridge.set.unloadedModules.ms,1772021683408000000,1772021743407000000,0
workspaceModel.mutableEntityStorage.mutable.ext.mapping.ms,1772021683408000000,1772021743407000000,0
workspaceModel.mutableEntityStorage.changeLog.addReplaceEventForRemovedChild.ms,1772021683408000000,1772021743407000000,0
jps.modifiable.module.model.bridge.new.module.ms,1772021683408000000,1772021743407000000,0
jps.facet.change.listener.init.bridge.ms,1772021683408000000,1772021743407000000,0
jps.module.iml.entities.serializer.load.entities.ms,1772021683408000000,1772021743407000000,0
jps.global.initialize.library.bridges.after.loading.ms,1772021683408000000,1772021743407000000,0
workspaceModel.mutableEntityStorage.remove.entity.ms,1772021683408000000,1772021743407000000,0
jps.module.dependency.index.workspace.model.listener.on.changed.ms,1772021683408000000,1772021743407000000,0
workspaceModel.moduleBridgeLoader.loading.modules.ms,1772021683408000000,1772021743407000000,0
workspaceModel.mutableEntityStorage.instances.count,1772021683408000000,1772021743407000000,0
workspaceModel.orphan.listener.update.ms,1772021683408000000,1772021743407000000,0
workspaceModel.mutableEntityStorage.changeLog.addReplaceEventForNewChild.ms,1772021683408000000,1772021743407000000,0
workspaceModel.load.cache.from.file.ms,1772021683408000000,1772021743407000000,0
jps.project.serializers.save.ms,1772021683408000000,1772021743407000000,0
workspaceModel.moduleManagerBridge.get.modules.ms,1772021683408000000,1772021743407000000,0
jps.global.handle.before.change.events.ms,1772021683408000000,1772021743407000000,0
workspaceModel.moduleBridge.before.changed.ms,1772021683408000000,1772021743407000000,0
workspaceModel.mutableEntityStorage.entities.ms,1772021683408000000,1772021743407000000,0
jps.modifiable.module.model.bridge.disposing.ms,1772021683408000000,1772021743407000000,0
workspaceModel.moduleManagerBridge.load.module.ms,1772021683408000000,1772021743407000000,0
jps.artifact.entities.serializer.save.entities.ms,1772021683408000000,1772021743407000000,0
workspaceModel.mutableEntityStorage.hasReferrers.ms,1772021683408000000,1772021743407000000,0
workspaceModel.do.save.caches.ms,1772021683408000000,1772021743407000000,0
workspaceModel.mutableEntityStorage.referrers.ms,1772021683408000000,1772021743407000000,0
workspaceModel.moduleManagerBridge.load.all.modules.ms,1772021683408000000,1772021743407000000,0
workspaceModel.mutableEntityStorage.resolve.ms,1772021683408000000,1772021743407000000,0
workspaceModel.mutableEntityStorage.mutable.vfurl.index.ms,1772021683408000000,1772021743407000000,0
workspaceModel.mutableEntityStorage.changeLog.addReplaceEventForRemovedParent.ms,1772021683408000000,1772021743407000000,0
workspaceModel.mutableEntityStorage.put.entity.ms,1772021683408000000,1772021743407000000,0
cacheStateStorage.set.duration,1772021683408000000,1772021743407000000,0
cacheStateStorage.get.duration,1772021683408000000,1772021743407000000,0
cacheStateStorage.get.counter,1772021683408000000,1772021743407000000,0
cacheStateStorage.set.counter,1772021683408000000,1772021743407000000,0
FlushQueue.queueSize90P,1772021683408000000,1772021743407000000,0
AWTEventQueue.dispatchTimeMaxNs,1772021683408000000,1772021743407000000,0
FlushQueue.waitingTimeMaxNs,1772021683408000000,1772021743407000000,0
FlushQueue.tasksExecuted,1772021683408000000,1772021743407000000,0
FlushQueue.executionTime90PNs,1772021683408000000,1772021743407000000,0
ReadAction.executionsCount,1772021683408000000,1772021743407000000,3
NonBlockingReadAction.failedExecutionTimeUs,1772021683408000000,1772021743407000000,0
AWTEventQueue.dispatchTimeAvgNs,1772021683408000000,1772021743407000000,0.0
FlushQueue.queueSizeAvg,1772021683408000000,1772021743407000000,0.0
AWTEventQueue.dispatchTime90PNs,1772021683408000000,1772021743407000000,0
AWTEventQueue.eventsDispatched,1772021683408000000,1772021743407000000,0
AWTEventQueue.dispatchTimeTotalNS,1772021683408000000,1772021743407000000,159959086
FlushQueue.executionTimeMaxNs,1772021683408000000,1772021743407000000,0
FlushQueue.waitingTime90PNs,1772021683408000000,1772021743407000000,0
FlushQueue.queueSizeMax,1772021683408000000,1772021743407000000,0
NonBlockingReadAction.failedExecutionsCount,1772021683408000000,1772021743407000000,0
NonBlockingReadAction.finalizedExecutionTimeUs,1772021683408000000,1772021743407000000,0
WriteAction.executionsCount,1772021683408000000,1772021743407000000,0
FlushQueue.waitingTimeAvgNs,1772021683408000000,1772021743407000000,0.0
NonBlockingReadAction.finalizedExecutionsCount,1772021683408000000,1772021743407000000,0
FlushQueue.executionTimeAvgNs,1772021683408000000,1772021743407000000,0.0
writeAction.max.wait.ms,1772021683408000000,1772021743407000000,69
LowMemory.gcOverloaded,1772021683408000000,1772021743407000000,0
DiskQueryRelay.tasksRequested,1772021683408000000,1772021743407000000,0
writeAction.count,1772021683408000000,1772021743407000000,0
DiskQueryRelay.tasksExecuted,1772021683408000000,1772021743407000000,0
writeAction.wait.ms,1772021683408000000,1772021743407000000,0
DiskQueryRelay.taskExecutionTotalTimeUs,1772021683408000000,1772021743407000000,0
writeAction.median.wait.ms,1772021683408000000,1772021743407000000,100
DiskQueryRelay.taskWaitingTotalTimeUs,1772021683408000000,1772021743407000000,0
LowMemory.gcLoad,1772021683408000000,1772021743407000000,0.0
compiler.ArtifactModifiableModelBridge.getArtifacts.ms,1772021683408000000,1772021743407000000,0
compiler.ArtifactModifiableModelBridge.addArtifact.ms,1772021683408000000,1772021743407000000,0
compiler.ArtifactManagerBridge.commit.ms,1772021683408000000,1772021743407000000,0
compiler.ArtifactManagerBridge.initBridges.ms,1772021683408000000,1772021743407000000,0
compiler.ArtifactModifiableModelBridge.getArtifactsByType.ms,1772021683408000000,1772021743407000000,0
compiler.ArtifactModifiableModelBridge.findArtifacts.ms,1772021683408000000,1772021743407000000,0
compiler.ArtifactManagerBridge.addArtifact.ms,1772021683408000000,1772021743407000000,0
compiler.ArtifactVirtualFileListener.propertyChanged.ms,1772021683408000000,1772021743407000000,0
compiler.ArtifactManagerBridge.getArtifactsByType.ms,1772021683408000000,1772021743407000000,0
compiler.ArtifactManagerBridge.getArtifacts.ms,1772021683408000000,1772021743407000000,0
compiler.ArtifactManagerBridge.dropMappings.ms,1772021683408000000,1772021743407000000,0
compiler.ArtifactManagerBridge.findArtifact.ms,1772021683408000000,1772021743407000000,0
compiler.ArtifactModifiableModelBridge.dispose.ms,1772021683408000000,1772021743407000000,0
compiler.ArtifactModifiableModelBridge.commit.ms,1772021683408000000,1772021743407000000,3
compiler.ArtifactVirtualFileListener.filePathChanged.ms,1772021683408000000,1772021743407000000,0
workspaceModel.cachedValueWithParameters.calculated.count,1772021683408000000,1772021743407000000,0
workspaceModel.workspaceFileIndexData.getFileInfo.ms,1772021683408000000,1772021743407000000,0
workspaceModel.cachedValueWithParameters.total.get.count,1772021683408000000,1772021743407000000,0
workspaceModel.cachedValue.calculated.count,1772021683408000000,1772021743407000000,0
workspaceModel.workspaceFileIndexData.updateDirtyEntities.ms,1772021683408000000,1772021743407000000,0
workspaceModel.workspaceFileIndexData.processFileSets.ms,1772021683408000000,1772021743407000000,0
workspaceModel.updates.precise.ms,1772021683408000000,1772021743407000000,0
workspaceModel.entityStorageSnapshotImpl.instances.count,1772021683408000000,1772021743407000000,0
workspaceModel.workspaceFileIndexData.getPackageName.ms,1772021683408000000,1772021743407000000,0
workspaceModel.updates.ms,1772021683408000000,1772021743407000000,0
workspaceModel.updates.count,1772021683408000000,1772021743407000000,0
workspaceModel.workspaceFileIndexData.markDirty.ms,1772021683408000000,1772021743407000000,0
workspaceModel.to.snapshot.ms,1772021683408000000,1772021743407000000,0
workspaceModel.on.changed.ms,1772021683408000000,1772021743407000000,0
workspaceModel.cachedValue.from.cache.count,1772021683408000000,1772021743407000000,0
workspaceModel.update.unloaded.entities.ms,1772021683408000000,1772021743407000000,0
workspaceModel.workspaceFileIndexData.getDirectoriesByPackageName.ms,1772021683408000000,1772021743407000000,0
workspaceModel.workspaceFileIndexData.instances.count,1772021683408000000,1772021743407000000,0
workspaceModel.workspaceFileIndexData.visitFileSets.ms,1772021683408000000,1772021743407000000,0
workspaceModel.full.replace.project.model.ms,1772021683408000000,1772021743407000000,0
workspaceModel.loading.from.cache.ms,1772021683408000000,1772021743407000000,0
workspaceModel.workspaceFileIndexData.onEntitiesChanged.ms,1772021683408000000,1772021743407000000,0
workspaceModel.workspaceFileIndexData.init.ms,1772021683408000000,1772021743407000000,0
workspaceModel.replace.project.model.ms,1772021683408000000,1772021743407000000,0
workspaceModel.collect.changes.ms,1772021683408000000,1772021743407000000,0
workspaceModel.cachedValueWithParameters.clear.count,1772021683408000000,1772021743407000000,0
workspaceModel.cachedValueWithParameters.from.cache.count,1772021683408000000,1772021743407000000,0
workspaceModel.on.before.changed.ms,1772021683408000000,1772021743407000000,0
workspaceModel.cachedValue.clear.count,1772021683408000000,1772021743407000000,0
workspaceModel.init.bridges.ms,1772021683408000000,1772021743407000000,0
workspaceModel.workspaceFileIndexContributor.registerFileSets.ms,1772021683408000000,1772021743407000000,0
workspaceModel.initializing.ms,1772021683408000000,1772021743407000000,0
workspaceModel.pre.handlers.ms,1772021683408000000,1772021743407000000,0
workspaceModel.loading.total.ms,1772021683408000000,1772021743407000000,0
workspaceModel.cachedValue.total.get.count,1772021683408000000,1772021743407000000,0
workspaceModel.check.recursive.update.ms,1772021683408000000,1772021743407000000,0
FileChannelInterruptsRetryer.totalRetriedAttempts,1772021683408000000,1772021743407000000,0
StorageLockContext.competingThreads.avg,1772021683408000000,1772021743407000000,0.0
DirectByteBufferAllocator.totalSizeOfBuffersAllocatedInBytes,1772021683408000000,1772021743407000000,552599552
DirectByteBufferAllocator.hits,1772021683408000000,1772021743407000000,0
FilePageCache.pageLoadsAboveSizeThreshold,1772021683408000000,1772021743407000000,0
FilePageCache.maxRegisteredFiles,1772021683408000000,1772021743407000000,680
StreamlinedBlobStorage.recordsAllocated,1772021683408000000,1772021743407000000,0
MappedFileStorage.totalBytesMapped,1772021683408000000,1772021743407000000,198443008
FilePageCache.uncachedFileAccess,1772021683408000000,1772021743407000000,0
StorageLockContext.competingThreads.max,1772021683408000000,1772021743407000000,0
DirectByteBufferAllocator.misses,1772021683408000000,1772021743407000000,0
StreamlinedBlobStorage.recordsDeleted,1772021683408000000,1772021743407000000,0
FilePageCache.pageLoads,1772021683408000000,1772021743407000000,0
FilePageCache.maxCacheSizeInBytes,1772021683408000000,1772021743407000000,552599552
FilePageCache.pageHits,1772021683408000000,1772021743407000000,0
MappedFileStorage.storages,1772021683408000000,1772021743407000000,15
MappedFileStorage.totalTimeSpentOnMappingUs,1772021683408000000,1772021743407000000,67038
FilePageCache.totalPageLoadsUs,1772021683408000000,1772021743407000000,0
StreamlinedBlobStorage.recordsRelocated,1772021683408000000,1772021743407000000,0
MappedFileStorage.totalPagesMapped,1772021683408000000,1772021743407000000,15
StorageLockContext.competingThreads.90P,1772021683408000000,1772021743407000000,0
StreamlinedBlobStorage.totalLiveRecordsCapacityBytes,1772021683408000000,1772021743407000000,0
DirectByteBufferAllocator.totalSizeOfBuffersCachedInBytes,1772021683408000000,1772021743407000000,0
StreamlinedBlobStorage.totalLiveRecordsPayloadBytes,1772021683408000000,1772021743407000000,0
FilePageCache.capacityInBytes,1772021683408000000,1772021743407000000,629145600
DirectByteBufferAllocator.disposed,1772021683408000000,1772021743407000000,0
FilePageCache.pageFastCacheHits,1772021683408000000,1772021743407000000,0
DirectByteBufferAllocator.reclaimed,1772021683408000000,1772021743407000000,0
FilePageCache.totalPageDisposalsUs,1772021683408000000,1772021743407000000,0
FilePageCache.disposedBuffers,1772021683408000000,1772021743407000000,0
VFS.fileByIdCache.hits,1772021683408000000,1772021743407000000,0
VFS.contentStorage.recordsReadSize,1772021683408000000,1772021743407000000,0
VFS.contentStorage.recordsStored,1772021683408000000,1772021743407000000,0
VFS.invertedFileNameIndex.requests,1772021683408000000,1772021743407000000,0
FileNameCache.totalMisses,1772021683408000000,1772021743407000000,0
VFS.cache.filesCreated,1772021683408000000,1772021743407000000,0
FileNameCache.queries,1772021683408000000,1772021743407000000,0
VFS.cache.directoriesCreated,1772021683408000000,1772021743407000000,0
VFS.contentStorage.recordsStoredSize,1772021683408000000,1772021743407000000,0
VFS.contentStorage.recordsDeduplicated,1772021683408000000,1772021743407000000,0
VFS.rootsCount,1772021683408000000,1772021743407000000,204.0
VFS.fileByIdCache.misses,1772021683408000000,1772021743407000000,0
VFS.contentStorage.recordsStoredCompressed,1772021683408000000,1772021743407000000,0
VFS.contentStorage.recordsRead,1772021683408000000,1772021743407000000,0
VFS.contentStorage.recordsDecompressionTimeUs,1772021683408000000,1772021743407000000,0
VFS.contentStorage.recordsReadDecompressed,1772021683408000000,1772021743407000000,0
VFS.folderCaseSensitivityReads,1772021683408000000,1772021743407000000,0
VFS.cache.segmentsCreated,1772021683408000000,1772021743407000000,0
VFS.cache.segments,1772021683408000000,1772021743407000000,194.0
VFS.fileChildByName,1772021683408000000,1772021743407000000,0
VFS.contentStorage.recordsUncompressedSize,1772021683408000000,1772021743407000000,0
Indexing.cache.totalCacheMisses,1772021683408000000,1772021743407000000,0
Indexing.writesQueuedMax,1772021683408000000,1772021743407000000,0
Indexing.cache.totalCacheEvicted,1772021683408000000,1772021743407000000,0
Indexes.stubs.lookups,1772021683408000000,1772021743407000000,0
Indexes.stubs.lookupDuration90PMs,1772021683408000000,1772021743407000000,0.0
Indexes.allKeys.lookupDuration90PMs,1772021683408000000,1772021743407000000,0.0
Indexes.stubs.lookupDurationMaxMs,1772021683408000000,1772021743407000000,0.0
Indexing.totalTimeIndexersSleptMs,1772021683408000000,1772021743407000000,0
Indexes.allKeys.lookupDurationAvgMs,1772021683408000000,1772021743407000000,0.0
Indexes.entries.lookupDurationMaxMs,1772021683408000000,1772021743407000000,0.0
Indexes.allKeys.lookupDurationMaxMs,1772021683408000000,1772021743407000000,0.0
Indexing.writer_2.totalTimeSpentWritingMs,1772021683408000000,1772021743407000000,0
Indexing.writesQueuedMin,1772021683408000000,1772021743407000000,9223372036854775807
Indexing.writer_3.totalTimeSpentWritingMs,1772021683408000000,1772021743407000000,0
Indexing.writer_1.totalTimeSpentWritingMs,1772021683408000000,1772021743407000000,0
Indexes.entries.lookupDuration90PMs,1772021683408000000,1772021743407000000,0.0
Indexes.entries.lookupDurationAvgMs,1772021683408000000,1772021743407000000,0.0
Indexing.cache.totalCacheAccesses,1772021683408000000,1772021743407000000,0
Indexes.stubs.lookupDurationAvgMs,1772021683408000000,1772021743407000000,0.0
Indexing.writer_0.totalTimeSpentWritingMs,1772021683408000000,1772021743407000000,0
Indexes.allKeys.lookups,1772021683408000000,1772021743407000000,0
Indexes.entries.lookups,1772021683408000000,1772021743407000000,0
JVM.usedNativeBytes,1772021683408000000,1772021743407000000,430187968
MEM.fileMappingsRamBytes,1772021683408000000,1772021743407000000,742830080
JVM.totalDirectByteBuffersBytes,1772021683408000000,1772021743407000000,553418753
JVM.newThreadsCount,1772021683408000000,1772021743407000000,24
MEM.ramPlusSwapMinusFileMappingsBytes,1772021683408000000,1772021743407000000,3323375616
JVM.totalTimeToSafepointsMs,1772021683408000000,1772021743407000000,0
JVM.GC.collectionTimesMs,1772021683408000000,1772021743407000000,0
JVM.maxThreadCount,1772021683408000000,1772021743407000000,239
JVM.totalBytesAllocated,1772021683408000000,1772021743407000000,27480264
JVM.threadCount,1772021683408000000,1772021743407000000,77
JVM.maxHeapBytes,1772021683408000000,1772021743407000000,28840034304
JVM.totalCpuTimeMs,1772021683408000000,1772021743407000000,2850
OS.loadAverage,1772021683408000000,1772021743407000000,2.48046875
JVM.GC.collections,1772021683408000000,1772021743407000000,0
MEM.ramBytes,1772021683408000000,1772021743407000000,4066205696
JVM.committedHeapBytes,1772021683408000000,1772021743407000000,2080374784
JVM.usedHeapBytes,1772021683408000000,1772021743407000000,1168036504
JVM.totalTimeAtSafepointsMs,1772021683408000000,1772021743407000000,0
JVM.totalSafepointCount,1772021683408000000,1772021743407000000,0
MEM.ramMinusFileMappingsBytes,1772021683408000000,1772021743407000000,3323375616
jps.facet.change.listener.before.change.events.ms,1772021743407000000,1772021803409000000,0
jps.library.entities.serializer.save.entities.ms,1772021743407000000,1772021803409000000,0
jps.global.get.libraries.ms,1772021743407000000,1772021803409000000,0
jps.global.get.library.by.name.ms,1772021743407000000,1772021803409000000,0
jps.module.iml.entities.serializer.save.entities.ms,1772021743407000000,1772021803409000000,0
workspaceModel.moduleManagerBridge.build.module.graph.ms,1772021743407000000,1772021803409000000,0
workspaceModel.delayed.project.synchronizer.sync.ms,1772021743407000000,1772021803409000000,0
workspaceModel.save.cache.to.file.ms,1772021743407000000,1772021803409000000,15
jps.library.entities.serializer.load.entities.ms,1772021743407000000,1772021803409000000,0
workspaceModel.sync.entities.ms,1772021743407000000,1772021803409000000,0
jps.reload.project.entities.ms,1772021743407000000,1772021803409000000,0
workspaceModel.mutableEntityStorage.changeLog.addReplaceEventForNewParent.ms,1772021743407000000,1772021803409000000,0
workspaceModel.mutableEntityStorage.to.snapshot.ms,1772021743407000000,1772021803409000000,1
workspaceModel.moduleBridge.update.option.ms,1772021743407000000,1772021803409000000,0
workspaceModel.mutableEntityStorage.collect.changes.ms,1772021743407000000,1772021803409000000,0
jps.apply.loaded.storage.ms,1772021743407000000,1772021803409000000,0
workspaceModel.mutableEntityStorage.entities.by.source.ms,1772021743407000000,1772021803409000000,1
workspaceModel.moduleManagerBridge.newModule.ms,1772021743407000000,1772021803409000000,0
jps.save.global.entities.ms,1772021743407000000,1772021803409000000,0
workspaceModel.mutableEntityStorage.replace.by.source.ms,1772021743407000000,1772021803409000000,8
workspaceModel.mutableEntityStorage.modify.entity.ms,1772021743407000000,1772021803409000000,18
workspaceModel.global.updates.count,1772021743407000000,1772021803409000000,0
jps.modifiable.module.model.bridge.load.module.ms,1772021743407000000,1772021803409000000,0
jps.storage.jps.conf.reader.load.component.ms,1772021743407000000,1772021803409000000,0
jps.global.initialize.library.bridges.ms,1772021743407000000,1772021803409000000,0
jps.modifiable.module.model.bridge.renaming.ms,1772021743407000000,1772021803409000000,0
workspaceModel.load.cache.metadata.from.file.ms,1772021743407000000,1772021803409000000,0
workspaceModel.moduleBridge.facet.initialization.ms,1772021743407000000,1772021803409000000,0
jps.artifact.entities.serializer.load.entities.ms,1772021743407000000,1772021803409000000,0
workspaceModel.global.apply.state.to.project.builder.ms,1772021743407000000,1772021803409000000,0
workspaceModel.mutableEntityStorage.apply.changes.from.ms,1772021743407000000,1772021803409000000,0
workspaceModel.mutableEntityStorage.has.same.entities.ms,1772021743407000000,1772021803409000000,0
jps.app.storage.content.reader.load.component.ms,1772021743407000000,1772021803409000000,0
jps.facet.change.listener.process.change.events.ms,1772021743407000000,1772021803409000000,0
workspaceModel.moduleManagerBridge.create.module.instance.ms,1772021743407000000,1772021803409000000,0
jps.global.handle.changed.events.ms,1772021743407000000,1772021803409000000,0
jps.save.changed.project.entities.ms,1772021743407000000,1772021803409000000,0
workspaceModel.global.updates.ms,1772021743407000000,1772021803409000000,0
jps.load.project.to.empty.storage.ms,1772021743407000000,1772021803409000000,0
workspaceModel.global.apply.state.to.project.ms,1772021743407000000,1772021803409000000,0
jps.global.get.library.ms,1772021743407000000,1772021803409000000,0
workspaceModel.moduleManagerBridge.new.nonPersistent.module.ms,1772021743407000000,1772021803409000000,0
jps.load.initial.state.ms,1772021743407000000,1772021803409000000,0
workspaceModel.mutableEntityStorage.add.entity.ms,1772021743407000000,1772021803409000000,10
jps.project.serializers.load.ms,1772021743407000000,1772021803409000000,0
workspaceModel.moduleManagerBridge.set.unloadedModules.ms,1772021743407000000,1772021803409000000,0
workspaceModel.mutableEntityStorage.mutable.ext.mapping.ms,1772021743407000000,1772021803409000000,0
workspaceModel.mutableEntityStorage.changeLog.addReplaceEventForRemovedChild.ms,1772021743407000000,1772021803409000000,0
jps.modifiable.module.model.bridge.new.module.ms,1772021743407000000,1772021803409000000,0
jps.facet.change.listener.init.bridge.ms,1772021743407000000,1772021803409000000,0
jps.module.iml.entities.serializer.load.entities.ms,1772021743407000000,1772021803409000000,0
jps.global.initialize.library.bridges.after.loading.ms,1772021743407000000,1772021803409000000,0
workspaceModel.mutableEntityStorage.remove.entity.ms,1772021743407000000,1772021803409000000,0
jps.module.dependency.index.workspace.model.listener.on.changed.ms,1772021743407000000,1772021803409000000,0
workspaceModel.moduleBridgeLoader.loading.modules.ms,1772021743407000000,1772021803409000000,0
workspaceModel.mutableEntityStorage.instances.count,1772021743407000000,1772021803409000000,6
workspaceModel.orphan.listener.update.ms,1772021743407000000,1772021803409000000,0
workspaceModel.mutableEntityStorage.changeLog.addReplaceEventForNewChild.ms,1772021743407000000,1772021803409000000,0
workspaceModel.load.cache.from.file.ms,1772021743407000000,1772021803409000000,0
jps.project.serializers.save.ms,1772021743407000000,1772021803409000000,0
workspaceModel.moduleManagerBridge.get.modules.ms,1772021743407000000,1772021803409000000,0
jps.global.handle.before.change.events.ms,1772021743407000000,1772021803409000000,0
workspaceModel.moduleBridge.before.changed.ms,1772021743407000000,1772021803409000000,0
workspaceModel.mutableEntityStorage.entities.ms,1772021743407000000,1772021803409000000,1
jps.modifiable.module.model.bridge.disposing.ms,1772021743407000000,1772021803409000000,0
workspaceModel.moduleManagerBridge.load.module.ms,1772021743407000000,1772021803409000000,0
jps.artifact.entities.serializer.save.entities.ms,1772021743407000000,1772021803409000000,0
workspaceModel.mutableEntityStorage.hasReferrers.ms,1772021743407000000,1772021803409000000,0
workspaceModel.do.save.caches.ms,1772021743407000000,1772021803409000000,17
workspaceModel.mutableEntityStorage.referrers.ms,1772021743407000000,1772021803409000000,0
workspaceModel.moduleManagerBridge.load.all.modules.ms,1772021743407000000,1772021803409000000,0
workspaceModel.mutableEntityStorage.resolve.ms,1772021743407000000,1772021803409000000,0
workspaceModel.mutableEntityStorage.mutable.vfurl.index.ms,1772021743407000000,1772021803409000000,0
workspaceModel.mutableEntityStorage.changeLog.addReplaceEventForRemovedParent.ms,1772021743407000000,1772021803409000000,0
workspaceModel.mutableEntityStorage.put.entity.ms,1772021743407000000,1772021803409000000,5
cacheStateStorage.set.duration,1772021743407000000,1772021803409000000,0
cacheStateStorage.get.duration,1772021743407000000,1772021803409000000,0
cacheStateStorage.get.counter,1772021743407000000,1772021803409000000,0
cacheStateStorage.set.counter,1772021743407000000,1772021803409000000,0
FlushQueue.queueSize90P,1772021743407000000,1772021803409000000,0
AWTEventQueue.dispatchTimeMaxNs,1772021743407000000,1772021803409000000,0
FlushQueue.waitingTimeMaxNs,1772021743407000000,1772021803409000000,0
FlushQueue.tasksExecuted,1772021743407000000,1772021803409000000,0
FlushQueue.executionTime90PNs,1772021743407000000,1772021803409000000,0
ReadAction.executionsCount,1772021743407000000,1772021803409000000,158056
NonBlockingReadAction.failedExecutionTimeUs,1772021743407000000,1772021803409000000,921
AWTEventQueue.dispatchTimeAvgNs,1772021743407000000,1772021803409000000,0.0
FlushQueue.queueSizeAvg,1772021743407000000,1772021803409000000,0.0
AWTEventQueue.dispatchTime90PNs,1772021743407000000,1772021803409000000,0
AWTEventQueue.eventsDispatched,1772021743407000000,1772021803409000000,0
AWTEventQueue.dispatchTimeTotalNS,1772021743407000000,1772021803409000000,209866340
FlushQueue.executionTimeMaxNs,1772021743407000000,1772021803409000000,0
FlushQueue.waitingTime90PNs,1772021743407000000,1772021803409000000,0
FlushQueue.queueSizeMax,1772021743407000000,1772021803409000000,0
NonBlockingReadAction.failedExecutionsCount,1772021743407000000,1772021803409000000,1
NonBlockingReadAction.finalizedExecutionTimeUs,1772021743407000000,1772021803409000000,19627
WriteAction.executionsCount,1772021743407000000,1772021803409000000,15
FlushQueue.waitingTimeAvgNs,1772021743407000000,1772021803409000000,0.0
NonBlockingReadAction.finalizedExecutionsCount,1772021743407000000,1772021803409000000,6
FlushQueue.executionTimeAvgNs,1772021743407000000,1772021803409000000,0.0
lexer.XML.time.ns,1772021743407000000,1772021803409000000,9270043
lexer.JAVA.size.bytes,1772021743407000000,1772021803409000000,151620
lexer.ECMAScript.6.time.ns,1772021743407000000,1772021803409000000,6364707
lexer.ECMAScript.6.size.bytes,1772021743407000000,1772021803409000000,99667
lexer.JAVA.time.ns,1772021743407000000,1772021803409000000,7193121
writeAction.max.wait.ms,1772021743407000000,1772021803409000000,69
LowMemory.gcOverloaded,1772021743407000000,1772021803409000000,0
parser.Markdown.size.bytes,1772021743407000000,1772021803409000000,217050
parser.JAVA.time.ns,1772021743407000000,1772021803409000000,40922422
parser.CSS.size.bytes,1772021743407000000,1772021803409000000,37413
lexer.HTML.time.ns,1772021743407000000,1772021803409000000,75539503
DiskQueryRelay.tasksRequested,1772021743407000000,1772021803409000000,47864
parser.XML.size.bytes,1772021743407000000,1772021803409000000,429637
lexer.XML.size.bytes,1772021743407000000,1772021803409000000,429637
parser.ECMAScript.6.size.bytes,1772021743407000000,1772021803409000000,410371
writeAction.count,1772021743407000000,1772021803409000000,15
lexer.Markdown.size.bytes,1772021743407000000,1772021803409000000,217050
parser.HTML.time.ns,1772021743407000000,1772021803409000000,71608077
parser.JAVA.size.bytes,1772021743407000000,1772021803409000000,168923
parser.HTML.size.bytes,1772021743407000000,1772021803409000000,428299
DiskQueryRelay.tasksExecuted,1772021743407000000,1772021803409000000,47862
parser.ECMAScript.6.time.ns,1772021743407000000,1772021803409000000,21056420
writeAction.wait.ms,1772021743407000000,1772021803409000000,12
DiskQueryRelay.taskExecutionTotalTimeUs,1772021743407000000,1772021803409000000,2920498
parser.XML.time.ns,1772021743407000000,1772021803409000000,25
parser.CSS.time.ns,1772021743407000000,1772021803409000000,7969288
lexer.HTML.size.bytes,1772021743407000000,1772021803409000000,428299
writeAction.median.wait.ms,1772021743407000000,1772021803409000000,100
lexer.CSS.size.bytes,1772021743407000000,1772021803409000000,37413
DiskQueryRelay.taskWaitingTotalTimeUs,1772021743407000000,1772021803409000000,5924757
lexer.Markdown.time.ns,1772021743407000000,1772021803409000000,17305743
parser.Markdown.time.ns,1772021743407000000,1772021803409000000,18706012
LowMemory.gcLoad,1772021743407000000,1772021803409000000,0.0
lexer.CSS.time.ns,1772021743407000000,1772021803409000000,2409707
compiler.ArtifactModifiableModelBridge.getArtifacts.ms,1772021743407000000,1772021803409000000,0
compiler.ArtifactModifiableModelBridge.addArtifact.ms,1772021743407000000,1772021803409000000,0
compiler.ArtifactManagerBridge.commit.ms,1772021743407000000,1772021803409000000,0
compiler.ArtifactManagerBridge.initBridges.ms,1772021743407000000,1772021803409000000,0
compiler.ArtifactModifiableModelBridge.getArtifactsByType.ms,1772021743407000000,1772021803409000000,0
compiler.ArtifactModifiableModelBridge.findArtifacts.ms,1772021743407000000,1772021803409000000,0
compiler.ArtifactManagerBridge.addArtifact.ms,1772021743407000000,1772021803409000000,0
compiler.ArtifactVirtualFileListener.propertyChanged.ms,1772021743407000000,1772021803409000000,0
compiler.ArtifactManagerBridge.getArtifactsByType.ms,1772021743407000000,1772021803409000000,0
compiler.ArtifactManagerBridge.getArtifacts.ms,1772021743407000000,1772021803409000000,0
compiler.ArtifactManagerBridge.dropMappings.ms,1772021743407000000,1772021803409000000,0
compiler.ArtifactManagerBridge.findArtifact.ms,1772021743407000000,1772021803409000000,0
compiler.ArtifactModifiableModelBridge.dispose.ms,1772021743407000000,1772021803409000000,0
compiler.ArtifactModifiableModelBridge.commit.ms,1772021743407000000,1772021803409000000,3
compiler.ArtifactVirtualFileListener.filePathChanged.ms,1772021743407000000,1772021803409000000,0
workspaceModel.cachedValueWithParameters.calculated.count,1772021743407000000,1772021803409000000,0
workspaceModel.workspaceFileIndexData.getFileInfo.ms,1772021743407000000,1772021803409000000,85
workspaceModel.cachedValueWithParameters.total.get.count,1772021743407000000,1772021803409000000,0
workspaceModel.cachedValue.calculated.count,1772021743407000000,1772021803409000000,126
workspaceModel.workspaceFileIndexData.updateDirtyEntities.ms,1772021743407000000,1772021803409000000,67
workspaceModel.workspaceFileIndexData.processFileSets.ms,1772021743407000000,1772021803409000000,0
workspaceModel.updates.precise.ms,1772021743407000000,1772021803409000000,0
workspaceModel.entityStorageSnapshotImpl.instances.count,1772021743407000000,1772021803409000000,5
workspaceModel.workspaceFileIndexData.getPackageName.ms,1772021743407000000,1772021803409000000,0
workspaceModel.updates.ms,1772021743407000000,1772021803409000000,0
workspaceModel.updates.count,1772021743407000000,1772021803409000000,0
workspaceModel.workspaceFileIndexData.markDirty.ms,1772021743407000000,1772021803409000000,0
workspaceModel.to.snapshot.ms,1772021743407000000,1772021803409000000,0
workspaceModel.on.changed.ms,1772021743407000000,1772021803409000000,4
workspaceModel.cachedValue.from.cache.count,1772021743407000000,1772021803409000000,2263
workspaceModel.update.unloaded.entities.ms,1772021743407000000,1772021803409000000,0
workspaceModel.workspaceFileIndexData.getDirectoriesByPackageName.ms,1772021743407000000,1772021803409000000,0
workspaceModel.workspaceFileIndexData.instances.count,1772021743407000000,1772021803409000000,0
workspaceModel.workspaceFileIndexData.visitFileSets.ms,1772021743407000000,1772021803409000000,0
workspaceModel.full.replace.project.model.ms,1772021743407000000,1772021803409000000,0
workspaceModel.loading.from.cache.ms,1772021743407000000,1772021803409000000,0
workspaceModel.workspaceFileIndexData.onEntitiesChanged.ms,1772021743407000000,1772021803409000000,12
workspaceModel.workspaceFileIndexData.init.ms,1772021743407000000,1772021803409000000,0
workspaceModel.replace.project.model.ms,1772021743407000000,1772021803409000000,22
workspaceModel.collect.changes.ms,1772021743407000000,1772021803409000000,0
workspaceModel.cachedValueWithParameters.clear.count,1772021743407000000,1772021803409000000,0
workspaceModel.cachedValueWithParameters.from.cache.count,1772021743407000000,1772021803409000000,0
workspaceModel.on.before.changed.ms,1772021743407000000,1772021803409000000,1
workspaceModel.cachedValue.clear.count,1772021743407000000,1772021803409000000,0
workspaceModel.init.bridges.ms,1772021743407000000,1772021803409000000,4
workspaceModel.workspaceFileIndexContributor.registerFileSets.ms,1772021743407000000,1772021803409000000,145
workspaceModel.initializing.ms,1772021743407000000,1772021803409000000,0
workspaceModel.pre.handlers.ms,1772021743407000000,1772021803409000000,0
workspaceModel.loading.total.ms,1772021743407000000,1772021803409000000,0
workspaceModel.cachedValue.total.get.count,1772021743407000000,1772021803409000000,2389
workspaceModel.check.recursive.update.ms,1772021743407000000,1772021803409000000,0
FileChannelInterruptsRetryer.totalRetriedAttempts,1772021743407000000,1772021803409000000,0
StorageLockContext.competingThreads.avg,1772021743407000000,1772021803409000000,0.0
DirectByteBufferAllocator.totalSizeOfBuffersAllocatedInBytes,1772021743407000000,1772021803409000000,569376768
DirectByteBufferAllocator.hits,1772021743407000000,1772021803409000000,0
FilePageCache.pageLoadsAboveSizeThreshold,1772021743407000000,1772021803409000000,0
FilePageCache.maxRegisteredFiles,1772021743407000000,1772021803409000000,680
StreamlinedBlobStorage.recordsAllocated,1772021743407000000,1772021803409000000,31217
MappedFileStorage.totalBytesMapped,1772021743407000000,1772021803409000000,198443008
FilePageCache.uncachedFileAccess,1772021743407000000,1772021803409000000,122
StorageLockContext.competingThreads.max,1772021743407000000,1772021803409000000,0
DirectByteBufferAllocator.misses,1772021743407000000,1772021803409000000,16
StreamlinedBlobStorage.recordsDeleted,1772021743407000000,1772021803409000000,2
FilePageCache.pageLoads,1772021743407000000,1772021803409000000,16
FilePageCache.maxCacheSizeInBytes,1772021743407000000,1772021803409000000,569376768
FilePageCache.pageHits,1772021743407000000,1772021803409000000,140711
MappedFileStorage.storages,1772021743407000000,1772021803409000000,15
MappedFileStorage.totalTimeSpentOnMappingUs,1772021743407000000,1772021803409000000,67038
FilePageCache.totalPageLoadsUs,1772021743407000000,1772021803409000000,5645
StreamlinedBlobStorage.recordsRelocated,1772021743407000000,1772021803409000000,0
MappedFileStorage.totalPagesMapped,1772021743407000000,1772021803409000000,15
StorageLockContext.competingThreads.90P,1772021743407000000,1772021803409000000,0
StreamlinedBlobStorage.totalLiveRecordsCapacityBytes,1772021743407000000,1772021803409000000,2199562
DirectByteBufferAllocator.totalSizeOfBuffersCachedInBytes,1772021743407000000,1772021803409000000,0
StreamlinedBlobStorage.totalLiveRecordsPayloadBytes,1772021743407000000,1772021803409000000,416701
FilePageCache.capacityInBytes,1772021743407000000,1772021803409000000,629145600
DirectByteBufferAllocator.disposed,1772021743407000000,1772021803409000000,0
FilePageCache.pageFastCacheHits,1772021743407000000,1772021803409000000,2241287
DirectByteBufferAllocator.reclaimed,1772021743407000000,1772021803409000000,0
FilePageCache.totalPageDisposalsUs,1772021743407000000,1772021803409000000,11
FilePageCache.disposedBuffers,1772021743407000000,1772021803409000000,0
VFS.fileByIdCache.hits,1772021743407000000,1772021803409000000,2
VFS.contentStorage.recordsReadSize,1772021743407000000,1772021803409000000,399979
VFS.contentStorage.recordsStored,1772021743407000000,1772021803409000000,4
VFS.invertedFileNameIndex.requests,1772021743407000000,1772021803409000000,0
FileNameCache.totalMisses,1772021743407000000,1772021803409000000,34432
VFS.cache.filesCreated,1772021743407000000,1772021803409000000,143527
FileNameCache.queries,1772021743407000000,1772021803409000000,2158592
VFS.cache.directoriesCreated,1772021743407000000,1772021803409000000,2443
VFS.contentStorage.recordsStoredSize,1772021743407000000,1772021803409000000,74743
VFS.contentStorage.recordsDeduplicated,1772021743407000000,1772021803409000000,0
VFS.rootsCount,1772021743407000000,1772021803409000000,311.0
VFS.fileByIdCache.misses,1772021743407000000,1772021803409000000,0
VFS.contentStorage.recordsStoredCompressed,1772021743407000000,1772021803409000000,3
VFS.contentStorage.recordsRead,1772021743407000000,1772021803409000000,12
VFS.contentStorage.recordsDecompressionTimeUs,1772021743407000000,1772021803409000000,795
VFS.contentStorage.recordsReadDecompressed,1772021743407000000,1772021803409000000,8
VFS.folderCaseSensitivityReads,1772021743407000000,1772021803409000000,277
VFS.cache.segmentsCreated,1772021743407000000,1772021803409000000,64
VFS.cache.segments,1772021743407000000,1772021803409000000,256.0
VFS.fileChildByName,1772021743407000000,1772021803409000000,21059
VFS.contentStorage.recordsUncompressedSize,1772021743407000000,1772021803409000000,144053
Indexing.cache.totalCacheMisses,1772021743407000000,1772021803409000000,581625
Indexing.writesQueuedMax,1772021743407000000,1772021803409000000,0
Indexing.cache.totalCacheEvicted,1772021743407000000,1772021803409000000,581625
Indexes.stubs.lookups,1772021743407000000,1772021803409000000,0
Indexes.stubs.lookupDuration90PMs,1772021743407000000,1772021803409000000,0.0
Indexes.allKeys.lookupDuration90PMs,1772021743407000000,1772021803409000000,0.0
Indexes.stubs.lookupDurationMaxMs,1772021743407000000,1772021803409000000,0.0
Indexing.totalTimeIndexersSleptMs,1772021743407000000,1772021803409000000,0
Indexes.allKeys.lookupDurationAvgMs,1772021743407000000,1772021803409000000,0.0
Indexes.entries.lookupDurationMaxMs,1772021743407000000,1772021803409000000,0.0
Indexes.allKeys.lookupDurationMaxMs,1772021743407000000,1772021803409000000,0.0
Indexing.writer_2.totalTimeSpentWritingMs,1772021743407000000,1772021803409000000,1016
Indexing.writesQueuedMin,1772021743407000000,1772021803409000000,9223372036854775807
Indexing.writer_3.totalTimeSpentWritingMs,1772021743407000000,1772021803409000000,967
Indexing.writer_1.totalTimeSpentWritingMs,1772021743407000000,1772021803409000000,191
Indexes.entries.lookupDuration90PMs,1772021743407000000,1772021803409000000,0.0
Indexes.entries.lookupDurationAvgMs,1772021743407000000,1772021803409000000,0.0
Indexing.cache.totalCacheAccesses,1772021743407000000,1772021803409000000,1201935
Indexes.stubs.lookupDurationAvgMs,1772021743407000000,1772021803409000000,0.0
Indexing.writer_0.totalTimeSpentWritingMs,1772021743407000000,1772021803409000000,207
Indexes.allKeys.lookups,1772021743407000000,1772021803409000000,0
Indexes.entries.lookups,1772021743407000000,1772021803409000000,1
JVM.usedNativeBytes,1772021743407000000,1772021803409000000,418385808
MEM.fileMappingsRamBytes,1772021743407000000,1772021803409000000,747216896
JVM.totalDirectByteBuffersBytes,1772021743407000000,1772021803409000000,569393153
JVM.newThreadsCount,1772021743407000000,1772021803409000000,32
MEM.ramPlusSwapMinusFileMappingsBytes,1772021743407000000,1772021803409000000,3216412672
JVM.totalTimeToSafepointsMs,1772021743407000000,1772021803409000000,5
JVM.GC.collectionTimesMs,1772021743407000000,1772021803409000000,138
JVM.maxThreadCount,1772021743407000000,1772021803409000000,239
JVM.totalBytesAllocated,1772021743407000000,1772021803409000000,4230325080
JVM.threadCount,1772021743407000000,1772021803409000000,76
JVM.maxHeapBytes,1772021743407000000,1772021803409000000,28840034304
JVM.totalCpuTimeMs,1772021743407000000,1772021803409000000,18450
OS.loadAverage,1772021743407000000,1772021803409000000,3.31298828125
JVM.GC.collections,1772021743407000000,1772021803409000000,6
MEM.ramBytes,1772021743407000000,1772021803409000000,3963629568
JVM.committedHeapBytes,1772021743407000000,1772021803409000000,1962934272
JVM.usedHeapBytes,1772021743407000000,1772021803409000000,912515832
JVM.totalTimeAtSafepointsMs,1772021743407000000,1772021803409000000,145
JVM.totalSafepointCount,1772021743407000000,1772021803409000000,6
MEM.ramMinusFileMappingsBytes,1772021743407000000,1772021803409000000,3216412672
jps.facet.change.listener.before.change.events.ms,1772021803409000000,1772021863407000000,0
jps.library.entities.serializer.save.entities.ms,1772021803409000000,1772021863407000000,0
jps.global.get.libraries.ms,1772021803409000000,1772021863407000000,0
jps.global.get.library.by.name.ms,1772021803409000000,1772021863407000000,0
jps.module.iml.entities.serializer.save.entities.ms,1772021803409000000,1772021863407000000,0
workspaceModel.moduleManagerBridge.build.module.graph.ms,1772021803409000000,1772021863407000000,0
workspaceModel.delayed.project.synchronizer.sync.ms,1772021803409000000,1772021863407000000,0
workspaceModel.save.cache.to.file.ms,1772021803409000000,1772021863407000000,0
jps.library.entities.serializer.load.entities.ms,1772021803409000000,1772021863407000000,0
workspaceModel.sync.entities.ms,1772021803409000000,1772021863407000000,0
jps.reload.project.entities.ms,1772021803409000000,1772021863407000000,0
workspaceModel.mutableEntityStorage.changeLog.addReplaceEventForNewParent.ms,1772021803409000000,1772021863407000000,0
workspaceModel.mutableEntityStorage.to.snapshot.ms,1772021803409000000,1772021863407000000,0
workspaceModel.moduleBridge.update.option.ms,1772021803409000000,1772021863407000000,0
workspaceModel.mutableEntityStorage.collect.changes.ms,1772021803409000000,1772021863407000000,0
jps.apply.loaded.storage.ms,1772021803409000000,1772021863407000000,0
workspaceModel.mutableEntityStorage.entities.by.source.ms,1772021803409000000,1772021863407000000,0
workspaceModel.moduleManagerBridge.newModule.ms,1772021803409000000,1772021863407000000,0
jps.save.global.entities.ms,1772021803409000000,1772021863407000000,0
workspaceModel.mutableEntityStorage.replace.by.source.ms,1772021803409000000,1772021863407000000,0
workspaceModel.mutableEntityStorage.modify.entity.ms,1772021803409000000,1772021863407000000,0
workspaceModel.global.updates.count,1772021803409000000,1772021863407000000,0
jps.modifiable.module.model.bridge.load.module.ms,1772021803409000000,1772021863407000000,0
jps.storage.jps.conf.reader.load.component.ms,1772021803409000000,1772021863407000000,0
jps.global.initialize.library.bridges.ms,1772021803409000000,1772021863407000000,0
jps.modifiable.module.model.bridge.renaming.ms,1772021803409000000,1772021863407000000,0
workspaceModel.load.cache.metadata.from.file.ms,1772021803409000000,1772021863407000000,0
workspaceModel.moduleBridge.facet.initialization.ms,1772021803409000000,1772021863407000000,0
jps.artifact.entities.serializer.load.entities.ms,1772021803409000000,1772021863407000000,0
workspaceModel.global.apply.state.to.project.builder.ms,1772021803409000000,1772021863407000000,0
workspaceModel.mutableEntityStorage.apply.changes.from.ms,1772021803409000000,1772021863407000000,0
workspaceModel.mutableEntityStorage.has.same.entities.ms,1772021803409000000,1772021863407000000,0
jps.app.storage.content.reader.load.component.ms,1772021803409000000,1772021863407000000,0
jps.facet.change.listener.process.change.events.ms,1772021803409000000,1772021863407000000,0
workspaceModel.moduleManagerBridge.create.module.instance.ms,1772021803409000000,1772021863407000000,0
jps.global.handle.changed.events.ms,1772021803409000000,1772021863407000000,0
jps.save.changed.project.entities.ms,1772021803409000000,1772021863407000000,0
workspaceModel.global.updates.ms,1772021803409000000,1772021863407000000,0
jps.load.project.to.empty.storage.ms,1772021803409000000,1772021863407000000,0
workspaceModel.global.apply.state.to.project.ms,1772021803409000000,1772021863407000000,0
jps.global.get.library.ms,1772021803409000000,1772021863407000000,0
workspaceModel.moduleManagerBridge.new.nonPersistent.module.ms,1772021803409000000,1772021863407000000,0
jps.load.initial.state.ms,1772021803409000000,1772021863407000000,0
workspaceModel.mutableEntityStorage.add.entity.ms,1772021803409000000,1772021863407000000,0
jps.project.serializers.load.ms,1772021803409000000,1772021863407000000,0
workspaceModel.moduleManagerBridge.set.unloadedModules.ms,1772021803409000000,1772021863407000000,0
workspaceModel.mutableEntityStorage.mutable.ext.mapping.ms,1772021803409000000,1772021863407000000,0
workspaceModel.mutableEntityStorage.changeLog.addReplaceEventForRemovedChild.ms,1772021803409000000,1772021863407000000,0
jps.modifiable.module.model.bridge.new.module.ms,1772021803409000000,1772021863407000000,0
jps.facet.change.listener.init.bridge.ms,1772021803409000000,1772021863407000000,0
jps.module.iml.entities.serializer.load.entities.ms,1772021803409000000,1772021863407000000,0
jps.global.initialize.library.bridges.after.loading.ms,1772021803409000000,1772021863407000000,0
workspaceModel.mutableEntityStorage.remove.entity.ms,1772021803409000000,1772021863407000000,0
jps.module.dependency.index.workspace.model.listener.on.changed.ms,1772021803409000000,1772021863407000000,0
workspaceModel.moduleBridgeLoader.loading.modules.ms,1772021803409000000,1772021863407000000,0
workspaceModel.mutableEntityStorage.instances.count,1772021803409000000,1772021863407000000,0
workspaceModel.orphan.listener.update.ms,1772021803409000000,1772021863407000000,0
workspaceModel.mutableEntityStorage.changeLog.addReplaceEventForNewChild.ms,1772021803409000000,1772021863407000000,0
workspaceModel.load.cache.from.file.ms,1772021803409000000,1772021863407000000,0
jps.project.serializers.save.ms,1772021803409000000,1772021863407000000,0
workspaceModel.moduleManagerBridge.get.modules.ms,1772021803409000000,1772021863407000000,0
jps.global.handle.before.change.events.ms,1772021803409000000,1772021863407000000,0
workspaceModel.moduleBridge.before.changed.ms,1772021803409000000,1772021863407000000,0
workspaceModel.mutableEntityStorage.entities.ms,1772021803409000000,1772021863407000000,0
jps.modifiable.module.model.bridge.disposing.ms,1772021803409000000,1772021863407000000,0
workspaceModel.moduleManagerBridge.load.module.ms,1772021803409000000,1772021863407000000,0
jps.artifact.entities.serializer.save.entities.ms,1772021803409000000,1772021863407000000,0
workspaceModel.mutableEntityStorage.hasReferrers.ms,1772021803409000000,1772021863407000000,0
workspaceModel.do.save.caches.ms,1772021803409000000,1772021863407000000,0
workspaceModel.mutableEntityStorage.referrers.ms,1772021803409000000,1772021863407000000,0
workspaceModel.moduleManagerBridge.load.all.modules.ms,1772021803409000000,1772021863407000000,0
workspaceModel.mutableEntityStorage.resolve.ms,1772021803409000000,1772021863407000000,0
workspaceModel.mutableEntityStorage.mutable.vfurl.index.ms,1772021803409000000,1772021863407000000,0
workspaceModel.mutableEntityStorage.changeLog.addReplaceEventForRemovedParent.ms,1772021803409000000,1772021863407000000,0
workspaceModel.mutableEntityStorage.put.entity.ms,1772021803409000000,1772021863407000000,0
cacheStateStorage.set.duration,1772021803409000000,1772021863407000000,0
cacheStateStorage.get.duration,1772021803409000000,1772021863407000000,0
cacheStateStorage.get.counter,1772021803409000000,1772021863407000000,0
cacheStateStorage.set.counter,1772021803409000000,1772021863407000000,0
FlushQueue.queueSize90P,1772021803409000000,1772021863407000000,0
AWTEventQueue.dispatchTimeMaxNs,1772021803409000000,1772021863407000000,0
FlushQueue.waitingTimeMaxNs,1772021803409000000,1772021863407000000,0
FlushQueue.tasksExecuted,1772021803409000000,1772021863407000000,0
FlushQueue.executionTime90PNs,1772021803409000000,1772021863407000000,0
ReadAction.executionsCount,1772021803409000000,1772021863407000000,4
NonBlockingReadAction.failedExecutionTimeUs,1772021803409000000,1772021863407000000,0
AWTEventQueue.dispatchTimeAvgNs,1772021803409000000,1772021863407000000,0.0
FlushQueue.queueSizeAvg,1772021803409000000,1772021863407000000,0.0
AWTEventQueue.dispatchTime90PNs,1772021803409000000,1772021863407000000,0
AWTEventQueue.eventsDispatched,1772021803409000000,1772021863407000000,0
AWTEventQueue.dispatchTimeTotalNS,1772021803409000000,1772021863407000000,140949421
FlushQueue.executionTimeMaxNs,1772021803409000000,1772021863407000000,0
FlushQueue.waitingTime90PNs,1772021803409000000,1772021863407000000,0
FlushQueue.queueSizeMax,1772021803409000000,1772021863407000000,0
NonBlockingReadAction.failedExecutionsCount,1772021803409000000,1772021863407000000,0
NonBlockingReadAction.finalizedExecutionTimeUs,1772021803409000000,1772021863407000000,0
WriteAction.executionsCount,1772021803409000000,1772021863407000000,0
FlushQueue.waitingTimeAvgNs,1772021803409000000,1772021863407000000,0.0
NonBlockingReadAction.finalizedExecutionsCount,1772021803409000000,1772021863407000000,0
FlushQueue.executionTimeAvgNs,1772021803409000000,1772021863407000000,0.0
writeAction.max.wait.ms,1772021803409000000,1772021863407000000,69
LowMemory.gcOverloaded,1772021803409000000,1772021863407000000,0
DiskQueryRelay.tasksRequested,1772021803409000000,1772021863407000000,0
writeAction.count,1772021803409000000,1772021863407000000,0
DiskQueryRelay.tasksExecuted,1772021803409000000,1772021863407000000,0
writeAction.wait.ms,1772021803409000000,1772021863407000000,0
DiskQueryRelay.taskExecutionTotalTimeUs,1772021803409000000,1772021863407000000,0
writeAction.median.wait.ms,1772021803409000000,1772021863407000000,100
DiskQueryRelay.taskWaitingTotalTimeUs,1772021803409000000,1772021863407000000,0
LowMemory.gcLoad,1772021803409000000,1772021863407000000,0.0
compiler.ArtifactModifiableModelBridge.getArtifacts.ms,1772021803409000000,1772021863407000000,0
compiler.ArtifactModifiableModelBridge.addArtifact.ms,1772021803409000000,1772021863407000000,0
compiler.ArtifactManagerBridge.commit.ms,1772021803409000000,1772021863407000000,0
compiler.ArtifactManagerBridge.initBridges.ms,1772021803409000000,1772021863407000000,0
compiler.ArtifactModifiableModelBridge.getArtifactsByType.ms,1772021803409000000,1772021863407000000,0
compiler.ArtifactModifiableModelBridge.findArtifacts.ms,1772021803409000000,1772021863407000000,0
compiler.ArtifactManagerBridge.addArtifact.ms,1772021803409000000,1772021863407000000,0
compiler.ArtifactVirtualFileListener.propertyChanged.ms,1772021803409000000,1772021863407000000,0
compiler.ArtifactManagerBridge.getArtifactsByType.ms,1772021803409000000,1772021863407000000,0
compiler.ArtifactManagerBridge.getArtifacts.ms,1772021803409000000,1772021863407000000,0
compiler.ArtifactManagerBridge.dropMappings.ms,1772021803409000000,1772021863407000000,0
compiler.ArtifactManagerBridge.findArtifact.ms,1772021803409000000,1772021863407000000,0
compiler.ArtifactModifiableModelBridge.dispose.ms,1772021803409000000,1772021863407000000,0
compiler.ArtifactModifiableModelBridge.commit.ms,1772021803409000000,1772021863407000000,3
compiler.ArtifactVirtualFileListener.filePathChanged.ms,1772021803409000000,1772021863407000000,0
workspaceModel.cachedValueWithParameters.calculated.count,1772021803409000000,1772021863407000000,0
workspaceModel.workspaceFileIndexData.getFileInfo.ms,1772021803409000000,1772021863407000000,0
workspaceModel.cachedValueWithParameters.total.get.count,1772021803409000000,1772021863407000000,0
workspaceModel.cachedValue.calculated.count,1772021803409000000,1772021863407000000,0
workspaceModel.workspaceFileIndexData.updateDirtyEntities.ms,1772021803409000000,1772021863407000000,0
workspaceModel.workspaceFileIndexData.processFileSets.ms,1772021803409000000,1772021863407000000,0
workspaceModel.updates.precise.ms,1772021803409000000,1772021863407000000,0
workspaceModel.entityStorageSnapshotImpl.instances.count,1772021803409000000,1772021863407000000,0
workspaceModel.workspaceFileIndexData.getPackageName.ms,1772021803409000000,1772021863407000000,0
workspaceModel.updates.ms,1772021803409000000,1772021863407000000,0
workspaceModel.updates.count,1772021803409000000,1772021863407000000,0
workspaceModel.workspaceFileIndexData.markDirty.ms,1772021803409000000,1772021863407000000,0
workspaceModel.to.snapshot.ms,1772021803409000000,1772021863407000000,0
workspaceModel.on.changed.ms,1772021803409000000,1772021863407000000,0
workspaceModel.cachedValue.from.cache.count,1772021803409000000,1772021863407000000,0
workspaceModel.update.unloaded.entities.ms,1772021803409000000,1772021863407000000,0
workspaceModel.workspaceFileIndexData.getDirectoriesByPackageName.ms,1772021803409000000,1772021863407000000,0
workspaceModel.workspaceFileIndexData.instances.count,1772021803409000000,1772021863407000000,0
workspaceModel.workspaceFileIndexData.visitFileSets.ms,1772021803409000000,1772021863407000000,0
workspaceModel.full.replace.project.model.ms,1772021803409000000,1772021863407000000,0
workspaceModel.loading.from.cache.ms,1772021803409000000,1772021863407000000,0
workspaceModel.workspaceFileIndexData.onEntitiesChanged.ms,1772021803409000000,1772021863407000000,0
workspaceModel.workspaceFileIndexData.init.ms,1772021803409000000,1772021863407000000,0
workspaceModel.replace.project.model.ms,1772021803409000000,1772021863407000000,0
workspaceModel.collect.changes.ms,1772021803409000000,1772021863407000000,0
workspaceModel.cachedValueWithParameters.clear.count,1772021803409000000,1772021863407000000,0
workspaceModel.cachedValueWithParameters.from.cache.count,1772021803409000000,1772021863407000000,0
workspaceModel.on.before.changed.ms,1772021803409000000,1772021863407000000,0
workspaceModel.cachedValue.clear.count,1772021803409000000,1772021863407000000,0
workspaceModel.init.bridges.ms,1772021803409000000,1772021863407000000,0
workspaceModel.workspaceFileIndexContributor.registerFileSets.ms,1772021803409000000,1772021863407000000,0
workspaceModel.initializing.ms,1772021803409000000,1772021863407000000,0
workspaceModel.pre.handlers.ms,1772021803409000000,1772021863407000000,0
workspaceModel.loading.total.ms,1772021803409000000,1772021863407000000,0
workspaceModel.cachedValue.total.get.count,1772021803409000000,1772021863407000000,0
workspaceModel.check.recursive.update.ms,1772021803409000000,1772021863407000000,0
FileChannelInterruptsRetryer.totalRetriedAttempts,1772021803409000000,1772021863407000000,0
StorageLockContext.competingThreads.avg,1772021803409000000,1772021863407000000,0.0
DirectByteBufferAllocator.totalSizeOfBuffersAllocatedInBytes,1772021803409000000,1772021863407000000,569376768
DirectByteBufferAllocator.hits,1772021803409000000,1772021863407000000,0
FilePageCache.pageLoadsAboveSizeThreshold,1772021803409000000,1772021863407000000,0
FilePageCache.maxRegisteredFiles,1772021803409000000,1772021863407000000,680
StreamlinedBlobStorage.recordsAllocated,1772021803409000000,1772021863407000000,0
MappedFileStorage.totalBytesMapped,1772021803409000000,1772021863407000000,198443008
FilePageCache.uncachedFileAccess,1772021803409000000,1772021863407000000,0
StorageLockContext.competingThreads.max,1772021803409000000,1772021863407000000,0
DirectByteBufferAllocator.misses,1772021803409000000,1772021863407000000,0
StreamlinedBlobStorage.recordsDeleted,1772021803409000000,1772021863407000000,0
FilePageCache.pageLoads,1772021803409000000,1772021863407000000,0
FilePageCache.maxCacheSizeInBytes,1772021803409000000,1772021863407000000,569376768
FilePageCache.pageHits,1772021803409000000,1772021863407000000,0
MappedFileStorage.storages,1772021803409000000,1772021863407000000,15
MappedFileStorage.totalTimeSpentOnMappingUs,1772021803409000000,1772021863407000000,67038
FilePageCache.totalPageLoadsUs,1772021803409000000,1772021863407000000,0
StreamlinedBlobStorage.recordsRelocated,1772021803409000000,1772021863407000000,0
MappedFileStorage.totalPagesMapped,1772021803409000000,1772021863407000000,15
StorageLockContext.competingThreads.90P,1772021803409000000,1772021863407000000,0
StreamlinedBlobStorage.totalLiveRecordsCapacityBytes,1772021803409000000,1772021863407000000,0
DirectByteBufferAllocator.totalSizeOfBuffersCachedInBytes,1772021803409000000,1772021863407000000,0
StreamlinedBlobStorage.totalLiveRecordsPayloadBytes,1772021803409000000,1772021863407000000,0
FilePageCache.capacityInBytes,1772021803409000000,1772021863407000000,629145600
DirectByteBufferAllocator.disposed,1772021803409000000,1772021863407000000,0
FilePageCache.pageFastCacheHits,1772021803409000000,1772021863407000000,9
DirectByteBufferAllocator.reclaimed,1772021803409000000,1772021863407000000,0
FilePageCache.totalPageDisposalsUs,1772021803409000000,1772021863407000000,0
FilePageCache.disposedBuffers,1772021803409000000,1772021863407000000,0
VFS.fileByIdCache.hits,1772021803409000000,1772021863407000000,0
VFS.contentStorage.recordsReadSize,1772021803409000000,1772021863407000000,0
VFS.contentStorage.recordsStored,1772021803409000000,1772021863407000000,0
VFS.invertedFileNameIndex.requests,1772021803409000000,1772021863407000000,0
FileNameCache.totalMisses,1772021803409000000,1772021863407000000,0
VFS.cache.filesCreated,1772021803409000000,1772021863407000000,24
FileNameCache.queries,1772021803409000000,1772021863407000000,0
VFS.cache.directoriesCreated,1772021803409000000,1772021863407000000,0
VFS.contentStorage.recordsStoredSize,1772021803409000000,1772021863407000000,0
VFS.contentStorage.recordsDeduplicated,1772021803409000000,1772021863407000000,0
VFS.rootsCount,1772021803409000000,1772021863407000000,311.0
VFS.fileByIdCache.misses,1772021803409000000,1772021863407000000,24
VFS.contentStorage.recordsStoredCompressed,1772021803409000000,1772021863407000000,0
VFS.contentStorage.recordsRead,1772021803409000000,1772021863407000000,0
VFS.contentStorage.recordsDecompressionTimeUs,1772021803409000000,1772021863407000000,0
VFS.contentStorage.recordsReadDecompressed,1772021803409000000,1772021863407000000,0
VFS.folderCaseSensitivityReads,1772021803409000000,1772021863407000000,0
VFS.cache.segmentsCreated,1772021803409000000,1772021863407000000,0
VFS.cache.segments,1772021803409000000,1772021863407000000,256.0
VFS.fileChildByName,1772021803409000000,1772021863407000000,0
VFS.contentStorage.recordsUncompressedSize,1772021803409000000,1772021863407000000,0
Indexing.cache.totalCacheMisses,1772021803409000000,1772021863407000000,4
Indexing.writesQueuedMax,1772021803409000000,1772021863407000000,0
Indexing.cache.totalCacheEvicted,1772021803409000000,1772021863407000000,4
Indexes.stubs.lookups,1772021803409000000,1772021863407000000,0
Indexes.stubs.lookupDuration90PMs,1772021803409000000,1772021863407000000,0.0
Indexes.allKeys.lookupDuration90PMs,1772021803409000000,1772021863407000000,0.0
Indexes.stubs.lookupDurationMaxMs,1772021803409000000,1772021863407000000,0.0
Indexing.totalTimeIndexersSleptMs,1772021803409000000,1772021863407000000,0
Indexes.allKeys.lookupDurationAvgMs,1772021803409000000,1772021863407000000,0.0
Indexes.entries.lookupDurationMaxMs,1772021803409000000,1772021863407000000,0.0
Indexes.allKeys.lookupDurationMaxMs,1772021803409000000,1772021863407000000,0.0
Indexing.writer_2.totalTimeSpentWritingMs,1772021803409000000,1772021863407000000,0
Indexing.writesQueuedMin,1772021803409000000,1772021863407000000,9223372036854775807
Indexing.writer_3.totalTimeSpentWritingMs,1772021803409000000,1772021863407000000,0
Indexing.writer_1.totalTimeSpentWritingMs,1772021803409000000,1772021863407000000,0
Indexes.entries.lookupDuration90PMs,1772021803409000000,1772021863407000000,0.0
Indexes.entries.lookupDurationAvgMs,1772021803409000000,1772021863407000000,0.0
Indexing.cache.totalCacheAccesses,1772021803409000000,1772021863407000000,4
Indexes.stubs.lookupDurationAvgMs,1772021803409000000,1772021863407000000,0.0
Indexing.writer_0.totalTimeSpentWritingMs,1772021803409000000,1772021863407000000,0
Indexes.allKeys.lookups,1772021803409000000,1772021863407000000,1
Indexes.entries.lookups,1772021803409000000,1772021863407000000,4
JVM.usedNativeBytes,1772021803409000000,1772021863407000000,419545384
MEM.fileMappingsRamBytes,1772021803409000000,1772021863407000000,747216896
JVM.totalDirectByteBuffersBytes,1772021803409000000,1772021863407000000,569540609
JVM.newThreadsCount,1772021803409000000,1772021863407000000,27
MEM.ramPlusSwapMinusFileMappingsBytes,1772021803409000000,1772021863407000000,3222372352
JVM.totalTimeToSafepointsMs,1772021803409000000,1772021863407000000,0
JVM.GC.collectionTimesMs,1772021803409000000,1772021863407000000,0
JVM.maxThreadCount,1772021803409000000,1772021863407000000,239
JVM.totalBytesAllocated,1772021803409000000,1772021863407000000,31564296
JVM.threadCount,1772021803409000000,1772021863407000000,79
JVM.maxHeapBytes,1772021803409000000,1772021863407000000,28840034304
JVM.totalCpuTimeMs,1772021803409000000,1772021863407000000,3360
OS.loadAverage,1772021803409000000,1772021863407000000,2.6416015625
JVM.GC.collections,1772021803409000000,1772021863407000000,0
MEM.ramBytes,1772021803409000000,1772021863407000000,3969589248
JVM.committedHeapBytes,1772021803409000000,1772021863407000000,1962934272
JVM.usedHeapBytes,1772021803409000000,1772021863407000000,962847480
JVM.totalTimeAtSafepointsMs,1772021803409000000,1772021863407000000,0
JVM.totalSafepointCount,1772021803409000000,1772021863407000000,0
MEM.ramMinusFileMappingsBytes,1772021803409000000,1772021863407000000,3222372352
jps.facet.change.listener.before.change.events.ms,1772021863407000000,1772021923428000000,0
jps.library.entities.serializer.save.entities.ms,1772021863407000000,1772021923428000000,0
jps.global.get.libraries.ms,1772021863407000000,1772021923428000000,0
jps.global.get.library.by.name.ms,1772021863407000000,1772021923428000000,0
jps.module.iml.entities.serializer.save.entities.ms,1772021863407000000,1772021923428000000,0
workspaceModel.moduleManagerBridge.build.module.graph.ms,1772021863407000000,1772021923428000000,0
workspaceModel.delayed.project.synchronizer.sync.ms,1772021863407000000,1772021923428000000,0
workspaceModel.save.cache.to.file.ms,1772021863407000000,1772021923428000000,0
jps.library.entities.serializer.load.entities.ms,1772021863407000000,1772021923428000000,0
workspaceModel.sync.entities.ms,1772021863407000000,1772021923428000000,0
jps.reload.project.entities.ms,1772021863407000000,1772021923428000000,0
workspaceModel.mutableEntityStorage.changeLog.addReplaceEventForNewParent.ms,1772021863407000000,1772021923428000000,0
workspaceModel.mutableEntityStorage.to.snapshot.ms,1772021863407000000,1772021923428000000,0
workspaceModel.moduleBridge.update.option.ms,1772021863407000000,1772021923428000000,0
workspaceModel.mutableEntityStorage.collect.changes.ms,1772021863407000000,1772021923428000000,0
jps.apply.loaded.storage.ms,1772021863407000000,1772021923428000000,0
workspaceModel.mutableEntityStorage.entities.by.source.ms,1772021863407000000,1772021923428000000,0
workspaceModel.moduleManagerBridge.newModule.ms,1772021863407000000,1772021923428000000,0
jps.save.global.entities.ms,1772021863407000000,1772021923428000000,0
workspaceModel.mutableEntityStorage.replace.by.source.ms,1772021863407000000,1772021923428000000,0
workspaceModel.mutableEntityStorage.modify.entity.ms,1772021863407000000,1772021923428000000,0
workspaceModel.global.updates.count,1772021863407000000,1772021923428000000,0
jps.modifiable.module.model.bridge.load.module.ms,1772021863407000000,1772021923428000000,0
jps.storage.jps.conf.reader.load.component.ms,1772021863407000000,1772021923428000000,0
jps.global.initialize.library.bridges.ms,1772021863407000000,1772021923428000000,0
jps.modifiable.module.model.bridge.renaming.ms,1772021863407000000,1772021923428000000,0
workspaceModel.load.cache.metadata.from.file.ms,1772021863407000000,1772021923428000000,0
workspaceModel.moduleBridge.facet.initialization.ms,1772021863407000000,1772021923428000000,0
jps.artifact.entities.serializer.load.entities.ms,1772021863407000000,1772021923428000000,0
workspaceModel.global.apply.state.to.project.builder.ms,1772021863407000000,1772021923428000000,0
workspaceModel.mutableEntityStorage.apply.changes.from.ms,1772021863407000000,1772021923428000000,0
workspaceModel.mutableEntityStorage.has.same.entities.ms,1772021863407000000,1772021923428000000,0
jps.app.storage.content.reader.load.component.ms,1772021863407000000,1772021923428000000,0
jps.facet.change.listener.process.change.events.ms,1772021863407000000,1772021923428000000,0
workspaceModel.moduleManagerBridge.create.module.instance.ms,1772021863407000000,1772021923428000000,0
jps.global.handle.changed.events.ms,1772021863407000000,1772021923428000000,0
jps.save.changed.project.entities.ms,1772021863407000000,1772021923428000000,0
workspaceModel.global.updates.ms,1772021863407000000,1772021923428000000,0
jps.load.project.to.empty.storage.ms,1772021863407000000,1772021923428000000,0
workspaceModel.global.apply.state.to.project.ms,1772021863407000000,1772021923428000000,0
jps.global.get.library.ms,1772021863407000000,1772021923428000000,0
workspaceModel.moduleManagerBridge.new.nonPersistent.module.ms,1772021863407000000,1772021923428000000,0
jps.load.initial.state.ms,1772021863407000000,1772021923428000000,0
workspaceModel.mutableEntityStorage.add.entity.ms,1772021863407000000,1772021923428000000,0
jps.project.serializers.load.ms,1772021863407000000,1772021923428000000,0
workspaceModel.moduleManagerBridge.set.unloadedModules.ms,1772021863407000000,1772021923428000000,0
workspaceModel.mutableEntityStorage.mutable.ext.mapping.ms,1772021863407000000,1772021923428000000,0
workspaceModel.mutableEntityStorage.changeLog.addReplaceEventForRemovedChild.ms,1772021863407000000,1772021923428000000,0
jps.modifiable.module.model.bridge.new.module.ms,1772021863407000000,1772021923428000000,0
jps.facet.change.listener.init.bridge.ms,1772021863407000000,1772021923428000000,0
jps.module.iml.entities.serializer.load.entities.ms,1772021863407000000,1772021923428000000,0
jps.global.initialize.library.bridges.after.loading.ms,1772021863407000000,1772021923428000000,0
workspaceModel.mutableEntityStorage.remove.entity.ms,1772021863407000000,1772021923428000000,0
jps.module.dependency.index.workspace.model.listener.on.changed.ms,1772021863407000000,1772021923428000000,0
workspaceModel.moduleBridgeLoader.loading.modules.ms,1772021863407000000,1772021923428000000,0
workspaceModel.mutableEntityStorage.instances.count,1772021863407000000,1772021923428000000,0
workspaceModel.orphan.listener.update.ms,1772021863407000000,1772021923428000000,0
workspaceModel.mutableEntityStorage.changeLog.addReplaceEventForNewChild.ms,1772021863407000000,1772021923428000000,0
workspaceModel.load.cache.from.file.ms,1772021863407000000,1772021923428000000,0
jps.project.serializers.save.ms,1772021863407000000,1772021923428000000,0
workspaceModel.moduleManagerBridge.get.modules.ms,1772021863407000000,1772021923428000000,0
jps.global.handle.before.change.events.ms,1772021863407000000,1772021923428000000,0
workspaceModel.moduleBridge.before.changed.ms,1772021863407000000,1772021923428000000,0
workspaceModel.mutableEntityStorage.entities.ms,1772021863407000000,1772021923428000000,0
jps.modifiable.module.model.bridge.disposing.ms,1772021863407000000,1772021923428000000,0
workspaceModel.moduleManagerBridge.load.module.ms,1772021863407000000,1772021923428000000,0
jps.artifact.entities.serializer.save.entities.ms,1772021863407000000,1772021923428000000,0
workspaceModel.mutableEntityStorage.hasReferrers.ms,1772021863407000000,1772021923428000000,0
workspaceModel.do.save.caches.ms,1772021863407000000,1772021923428000000,0
workspaceModel.mutableEntityStorage.referrers.ms,1772021863407000000,1772021923428000000,0
workspaceModel.moduleManagerBridge.load.all.modules.ms,1772021863407000000,1772021923428000000,0
workspaceModel.mutableEntityStorage.resolve.ms,1772021863407000000,1772021923428000000,0
workspaceModel.mutableEntityStorage.mutable.vfurl.index.ms,1772021863407000000,1772021923428000000,0
workspaceModel.mutableEntityStorage.changeLog.addReplaceEventForRemovedParent.ms,1772021863407000000,1772021923428000000,0
workspaceModel.mutableEntityStorage.put.entity.ms,1772021863407000000,1772021923428000000,0
cacheStateStorage.set.duration,1772021863407000000,1772021923428000000,0
cacheStateStorage.get.duration,1772021863407000000,1772021923428000000,0
cacheStateStorage.get.counter,1772021863407000000,1772021923428000000,0
cacheStateStorage.set.counter,1772021863407000000,1772021923428000000,0
FlushQueue.queueSize90P,1772021863407000000,1772021923428000000,0
AWTEventQueue.dispatchTimeMaxNs,1772021863407000000,1772021923428000000,0
FlushQueue.waitingTimeMaxNs,1772021863407000000,1772021923428000000,0
FlushQueue.tasksExecuted,1772021863407000000,1772021923428000000,0
FlushQueue.executionTime90PNs,1772021863407000000,1772021923428000000,0
ReadAction.executionsCount,1772021863407000000,1772021923428000000,3
NonBlockingReadAction.failedExecutionTimeUs,1772021863407000000,1772021923428000000,0
AWTEventQueue.dispatchTimeAvgNs,1772021863407000000,1772021923428000000,0.0
FlushQueue.queueSizeAvg,1772021863407000000,1772021923428000000,0.0
AWTEventQueue.dispatchTime90PNs,1772021863407000000,1772021923428000000,0
AWTEventQueue.eventsDispatched,1772021863407000000,1772021923428000000,0
AWTEventQueue.dispatchTimeTotalNS,1772021863407000000,1772021923428000000,125479376
FlushQueue.executionTimeMaxNs,1772021863407000000,1772021923428000000,0
FlushQueue.waitingTime90PNs,1772021863407000000,1772021923428000000,0
FlushQueue.queueSizeMax,1772021863407000000,1772021923428000000,0
NonBlockingReadAction.failedExecutionsCount,1772021863407000000,1772021923428000000,0
NonBlockingReadAction.finalizedExecutionTimeUs,1772021863407000000,1772021923428000000,0
WriteAction.executionsCount,1772021863407000000,1772021923428000000,0
FlushQueue.waitingTimeAvgNs,1772021863407000000,1772021923428000000,0.0
NonBlockingReadAction.finalizedExecutionsCount,1772021863407000000,1772021923428000000,0
FlushQueue.executionTimeAvgNs,1772021863407000000,1772021923428000000,0.0
writeAction.max.wait.ms,1772021863407000000,1772021923428000000,69
LowMemory.gcOverloaded,1772021863407000000,1772021923428000000,0
DiskQueryRelay.tasksRequested,1772021863407000000,1772021923428000000,0
writeAction.count,1772021863407000000,1772021923428000000,0
DiskQueryRelay.tasksExecuted,1772021863407000000,1772021923428000000,0
writeAction.wait.ms,1772021863407000000,1772021923428000000,0
DiskQueryRelay.taskExecutionTotalTimeUs,1772021863407000000,1772021923428000000,0
writeAction.median.wait.ms,1772021863407000000,1772021923428000000,100
DiskQueryRelay.taskWaitingTotalTimeUs,1772021863407000000,1772021923428000000,0
LowMemory.gcLoad,1772021863407000000,1772021923428000000,0.0
compiler.ArtifactModifiableModelBridge.getArtifacts.ms,1772021863407000000,1772021923428000000,0
compiler.ArtifactModifiableModelBridge.addArtifact.ms,1772021863407000000,1772021923428000000,0
compiler.ArtifactManagerBridge.commit.ms,1772021863407000000,1772021923428000000,0
compiler.ArtifactManagerBridge.initBridges.ms,1772021863407000000,1772021923428000000,0
compiler.ArtifactModifiableModelBridge.getArtifactsByType.ms,1772021863407000000,1772021923428000000,0
compiler.ArtifactModifiableModelBridge.findArtifacts.ms,1772021863407000000,1772021923428000000,0
compiler.ArtifactManagerBridge.addArtifact.ms,1772021863407000000,1772021923428000000,0
compiler.ArtifactVirtualFileListener.propertyChanged.ms,1772021863407000000,1772021923428000000,0
compiler.ArtifactManagerBridge.getArtifactsByType.ms,1772021863407000000,1772021923428000000,0
compiler.ArtifactManagerBridge.getArtifacts.ms,1772021863407000000,1772021923428000000,0
compiler.ArtifactManagerBridge.dropMappings.ms,1772021863407000000,1772021923428000000,0
compiler.ArtifactManagerBridge.findArtifact.ms,1772021863407000000,1772021923428000000,0
compiler.ArtifactModifiableModelBridge.dispose.ms,1772021863407000000,1772021923428000000,0
compiler.ArtifactModifiableModelBridge.commit.ms,1772021863407000000,1772021923428000000,3
compiler.ArtifactVirtualFileListener.filePathChanged.ms,1772021863407000000,1772021923428000000,0
workspaceModel.cachedValueWithParameters.calculated.count,1772021863407000000,1772021923428000000,0
workspaceModel.workspaceFileIndexData.getFileInfo.ms,1772021863407000000,1772021923428000000,0
workspaceModel.cachedValueWithParameters.total.get.count,1772021863407000000,1772021923428000000,0
workspaceModel.cachedValue.calculated.count,1772021863407000000,1772021923428000000,0
workspaceModel.workspaceFileIndexData.updateDirtyEntities.ms,1772021863407000000,1772021923428000000,0
workspaceModel.workspaceFileIndexData.processFileSets.ms,1772021863407000000,1772021923428000000,0
workspaceModel.updates.precise.ms,1772021863407000000,1772021923428000000,0
workspaceModel.entityStorageSnapshotImpl.instances.count,1772021863407000000,1772021923428000000,0
workspaceModel.workspaceFileIndexData.getPackageName.ms,1772021863407000000,1772021923428000000,0
workspaceModel.updates.ms,1772021863407000000,1772021923428000000,0
workspaceModel.updates.count,1772021863407000000,1772021923428000000,0
workspaceModel.workspaceFileIndexData.markDirty.ms,1772021863407000000,1772021923428000000,0
workspaceModel.to.snapshot.ms,1772021863407000000,1772021923428000000,0
workspaceModel.on.changed.ms,1772021863407000000,1772021923428000000,0
workspaceModel.cachedValue.from.cache.count,1772021863407000000,1772021923428000000,0
workspaceModel.update.unloaded.entities.ms,1772021863407000000,1772021923428000000,0
workspaceModel.workspaceFileIndexData.getDirectoriesByPackageName.ms,1772021863407000000,1772021923428000000,0
workspaceModel.workspaceFileIndexData.instances.count,1772021863407000000,1772021923428000000,0
workspaceModel.workspaceFileIndexData.visitFileSets.ms,1772021863407000000,1772021923428000000,0
workspaceModel.full.replace.project.model.ms,1772021863407000000,1772021923428000000,0
workspaceModel.loading.from.cache.ms,1772021863407000000,1772021923428000000,0
workspaceModel.workspaceFileIndexData.onEntitiesChanged.ms,1772021863407000000,1772021923428000000,0
workspaceModel.workspaceFileIndexData.init.ms,1772021863407000000,1772021923428000000,0
workspaceModel.replace.project.model.ms,1772021863407000000,1772021923428000000,0
workspaceModel.collect.changes.ms,1772021863407000000,1772021923428000000,0
workspaceModel.cachedValueWithParameters.clear.count,1772021863407000000,1772021923428000000,0
workspaceModel.cachedValueWithParameters.from.cache.count,1772021863407000000,1772021923428000000,0
workspaceModel.on.before.changed.ms,1772021863407000000,1772021923428000000,0
workspaceModel.cachedValue.clear.count,1772021863407000000,1772021923428000000,0
workspaceModel.init.bridges.ms,1772021863407000000,1772021923428000000,0
workspaceModel.workspaceFileIndexContributor.registerFileSets.ms,1772021863407000000,1772021923428000000,0
workspaceModel.initializing.ms,1772021863407000000,1772021923428000000,0
workspaceModel.pre.handlers.ms,1772021863407000000,1772021923428000000,0
workspaceModel.loading.total.ms,1772021863407000000,1772021923428000000,0
workspaceModel.cachedValue.total.get.count,1772021863407000000,1772021923428000000,0
workspaceModel.check.recursive.update.ms,1772021863407000000,1772021923428000000,0
FileChannelInterruptsRetryer.totalRetriedAttempts,1772021863407000000,1772021923428000000,0
StorageLockContext.competingThreads.avg,1772021863407000000,1772021923428000000,0.0
DirectByteBufferAllocator.totalSizeOfBuffersAllocatedInBytes,1772021863407000000,1772021923428000000,569376768
DirectByteBufferAllocator.hits,1772021863407000000,1772021923428000000,0
FilePageCache.pageLoadsAboveSizeThreshold,1772021863407000000,1772021923428000000,0
FilePageCache.maxRegisteredFiles,1772021863407000000,1772021923428000000,680
StreamlinedBlobStorage.recordsAllocated,1772021863407000000,1772021923428000000,0
MappedFileStorage.totalBytesMapped,1772021863407000000,1772021923428000000,198443008
FilePageCache.uncachedFileAccess,1772021863407000000,1772021923428000000,0
StorageLockContext.competingThreads.max,1772021863407000000,1772021923428000000,0
DirectByteBufferAllocator.misses,1772021863407000000,1772021923428000000,0
StreamlinedBlobStorage.recordsDeleted,1772021863407000000,1772021923428000000,0
FilePageCache.pageLoads,1772021863407000000,1772021923428000000,0
FilePageCache.maxCacheSizeInBytes,1772021863407000000,1772021923428000000,569376768
FilePageCache.pageHits,1772021863407000000,1772021923428000000,0
MappedFileStorage.storages,1772021863407000000,1772021923428000000,15
MappedFileStorage.totalTimeSpentOnMappingUs,1772021863407000000,1772021923428000000,67038
FilePageCache.totalPageLoadsUs,1772021863407000000,1772021923428000000,0
StreamlinedBlobStorage.recordsRelocated,1772021863407000000,1772021923428000000,0
MappedFileStorage.totalPagesMapped,1772021863407000000,1772021923428000000,15
StorageLockContext.competingThreads.90P,1772021863407000000,1772021923428000000,0
StreamlinedBlobStorage.totalLiveRecordsCapacityBytes,1772021863407000000,1772021923428000000,0
DirectByteBufferAllocator.totalSizeOfBuffersCachedInBytes,1772021863407000000,1772021923428000000,0
StreamlinedBlobStorage.totalLiveRecordsPayloadBytes,1772021863407000000,1772021923428000000,0
FilePageCache.capacityInBytes,1772021863407000000,1772021923428000000,629145600
DirectByteBufferAllocator.disposed,1772021863407000000,1772021923428000000,0
FilePageCache.pageFastCacheHits,1772021863407000000,1772021923428000000,0
DirectByteBufferAllocator.reclaimed,1772021863407000000,1772021923428000000,0
FilePageCache.totalPageDisposalsUs,1772021863407000000,1772021923428000000,0
FilePageCache.disposedBuffers,1772021863407000000,1772021923428000000,0
VFS.fileByIdCache.hits,1772021863407000000,1772021923428000000,0
VFS.contentStorage.recordsReadSize,1772021863407000000,1772021923428000000,0
VFS.contentStorage.recordsStored,1772021863407000000,1772021923428000000,0
VFS.invertedFileNameIndex.requests,1772021863407000000,1772021923428000000,0
FileNameCache.totalMisses,1772021863407000000,1772021923428000000,0
VFS.cache.filesCreated,1772021863407000000,1772021923428000000,0
FileNameCache.queries,1772021863407000000,1772021923428000000,0
VFS.cache.directoriesCreated,1772021863407000000,1772021923428000000,0
VFS.contentStorage.recordsStoredSize,1772021863407000000,1772021923428000000,0
VFS.contentStorage.recordsDeduplicated,1772021863407000000,1772021923428000000,0
VFS.rootsCount,1772021863407000000,1772021923428000000,311.0
VFS.fileByIdCache.misses,1772021863407000000,1772021923428000000,0
VFS.contentStorage.recordsStoredCompressed,1772021863407000000,1772021923428000000,0
VFS.contentStorage.recordsRead,1772021863407000000,1772021923428000000,0
VFS.contentStorage.recordsDecompressionTimeUs,1772021863407000000,1772021923428000000,0
VFS.contentStorage.recordsReadDecompressed,1772021863407000000,1772021923428000000,0
VFS.folderCaseSensitivityReads,1772021863407000000,1772021923428000000,0
VFS.cache.segmentsCreated,1772021863407000000,1772021923428000000,0
VFS.cache.segments,1772021863407000000,1772021923428000000,256.0
VFS.fileChildByName,1772021863407000000,1772021923428000000,0
VFS.contentStorage.recordsUncompressedSize,1772021863407000000,1772021923428000000,0
Indexing.cache.totalCacheMisses,1772021863407000000,1772021923428000000,0
Indexing.writesQueuedMax,1772021863407000000,1772021923428000000,0
Indexing.cache.totalCacheEvicted,1772021863407000000,1772021923428000000,0
Indexes.stubs.lookups,1772021863407000000,1772021923428000000,0
Indexes.stubs.lookupDuration90PMs,1772021863407000000,1772021923428000000,0.0
Indexes.allKeys.lookupDuration90PMs,1772021863407000000,1772021923428000000,0.0
Indexes.stubs.lookupDurationMaxMs,1772021863407000000,1772021923428000000,0.0
Indexing.totalTimeIndexersSleptMs,1772021863407000000,1772021923428000000,0
Indexes.allKeys.lookupDurationAvgMs,1772021863407000000,1772021923428000000,0.0
Indexes.entries.lookupDurationMaxMs,1772021863407000000,1772021923428000000,0.0
Indexes.allKeys.lookupDurationMaxMs,1772021863407000000,1772021923428000000,0.0
Indexing.writer_2.totalTimeSpentWritingMs,1772021863407000000,1772021923428000000,0
Indexing.writesQueuedMin,1772021863407000000,1772021923428000000,9223372036854775807
Indexing.writer_3.totalTimeSpentWritingMs,1772021863407000000,1772021923428000000,0
Indexing.writer_1.totalTimeSpentWritingMs,1772021863407000000,1772021923428000000,0
Indexes.entries.lookupDuration90PMs,1772021863407000000,1772021923428000000,0.0
Indexes.entries.lookupDurationAvgMs,1772021863407000000,1772021923428000000,0.0
Indexing.cache.totalCacheAccesses,1772021863407000000,1772021923428000000,0
Indexes.stubs.lookupDurationAvgMs,1772021863407000000,1772021923428000000,0.0
Indexing.writer_0.totalTimeSpentWritingMs,1772021863407000000,1772021923428000000,0
Indexes.allKeys.lookups,1772021863407000000,1772021923428000000,0
Indexes.entries.lookups,1772021863407000000,1772021923428000000,0
JVM.usedNativeBytes,1772021863407000000,1772021923428000000,424138136
MEM.fileMappingsRamBytes,1772021863407000000,1772021923428000000,757997568
JVM.totalDirectByteBuffersBytes,1772021863407000000,1772021923428000000,569540609
JVM.newThreadsCount,1772021863407000000,1772021923428000000,3
MEM.ramPlusSwapMinusFileMappingsBytes,1772021863407000000,1772021923428000000,3223666688
JVM.totalTimeToSafepointsMs,1772021863407000000,1772021923428000000,0
JVM.GC.collectionTimesMs,1772021863407000000,1772021923428000000,0
JVM.maxThreadCount,1772021863407000000,1772021923428000000,239
JVM.totalBytesAllocated,1772021863407000000,1772021923428000000,43446496
JVM.threadCount,1772021863407000000,1772021923428000000,57
JVM.maxHeapBytes,1772021863407000000,1772021923428000000,28840034304
JVM.totalCpuTimeMs,1772021863407000000,1772021923428000000,2800
OS.loadAverage,1772021863407000000,1772021923428000000,2.11767578125
JVM.GC.collections,1772021863407000000,1772021923428000000,0
MEM.ramBytes,1772021863407000000,1772021923428000000,3981664256
JVM.committedHeapBytes,1772021863407000000,1772021923428000000,1962934272
JVM.usedHeapBytes,1772021863407000000,1772021923428000000,1013179128
JVM.totalTimeAtSafepointsMs,1772021863407000000,1772021923428000000,0
JVM.totalSafepointCount,1772021863407000000,1772021923428000000,0
MEM.ramMinusFileMappingsBytes,1772021863407000000,1772021923428000000,3223666688
jps.facet.change.listener.before.change.events.ms,1772021923428000000,1772021971005000000,0
jps.library.entities.serializer.save.entities.ms,1772021923428000000,1772021971005000000,7
jps.global.get.libraries.ms,1772021923428000000,1772021971005000000,0
jps.global.get.library.by.name.ms,1772021923428000000,1772021971005000000,0
jps.module.iml.entities.serializer.save.entities.ms,1772021923428000000,1772021971005000000,9
workspaceModel.moduleManagerBridge.build.module.graph.ms,1772021923428000000,1772021971005000000,0
workspaceModel.delayed.project.synchronizer.sync.ms,1772021923428000000,1772021971005000000,0
workspaceModel.save.cache.to.file.ms,1772021923428000000,1772021971005000000,0
jps.library.entities.serializer.load.entities.ms,1772021923428000000,1772021971005000000,0
workspaceModel.sync.entities.ms,1772021923428000000,1772021971005000000,0
jps.reload.project.entities.ms,1772021923428000000,1772021971005000000,1
workspaceModel.mutableEntityStorage.changeLog.addReplaceEventForNewParent.ms,1772021923428000000,1772021971005000000,0
workspaceModel.mutableEntityStorage.to.snapshot.ms,1772021923428000000,1772021971005000000,0
workspaceModel.moduleBridge.update.option.ms,1772021923428000000,1772021971005000000,0
workspaceModel.mutableEntityStorage.collect.changes.ms,1772021923428000000,1772021971005000000,0
jps.apply.loaded.storage.ms,1772021923428000000,1772021971005000000,0
workspaceModel.mutableEntityStorage.entities.by.source.ms,1772021923428000000,1772021971005000000,0
jps.app.storage.content.writer.save.component.ms,1772021923428000000,1772021971005000000,5
workspaceModel.moduleManagerBridge.newModule.ms,1772021923428000000,1772021971005000000,0
jps.save.global.entities.ms,1772021923428000000,1772021971005000000,26
workspaceModel.mutableEntityStorage.replace.by.source.ms,1772021923428000000,1772021971005000000,0
workspaceModel.mutableEntityStorage.modify.entity.ms,1772021923428000000,1772021971005000000,0
workspaceModel.global.updates.count,1772021923428000000,1772021971005000000,0
jps.modifiable.module.model.bridge.load.module.ms,1772021923428000000,1772021971005000000,0
jps.storage.jps.conf.reader.load.component.ms,1772021923428000000,1772021971005000000,0
jps.global.initialize.library.bridges.ms,1772021923428000000,1772021971005000000,0
jps.modifiable.module.model.bridge.renaming.ms,1772021923428000000,1772021971005000000,0
workspaceModel.load.cache.metadata.from.file.ms,1772021923428000000,1772021971005000000,0
workspaceModel.moduleBridge.facet.initialization.ms,1772021923428000000,1772021971005000000,0
jps.artifact.entities.serializer.load.entities.ms,1772021923428000000,1772021971005000000,0
workspaceModel.global.apply.state.to.project.builder.ms,1772021923428000000,1772021971005000000,0
workspaceModel.mutableEntityStorage.apply.changes.from.ms,1772021923428000000,1772021971005000000,0
workspaceModel.mutableEntityStorage.has.same.entities.ms,1772021923428000000,1772021971005000000,0
jps.app.storage.content.reader.load.component.ms,1772021923428000000,1772021971005000000,0
jps.facet.change.listener.process.change.events.ms,1772021923428000000,1772021971005000000,0
workspaceModel.moduleManagerBridge.create.module.instance.ms,1772021923428000000,1772021971005000000,0
jps.global.handle.changed.events.ms,1772021923428000000,1772021971005000000,0
jps.save.changed.project.entities.ms,1772021923428000000,1772021971005000000,21
workspaceModel.global.updates.ms,1772021923428000000,1772021971005000000,0
jps.load.project.to.empty.storage.ms,1772021923428000000,1772021971005000000,0
workspaceModel.global.apply.state.to.project.ms,1772021923428000000,1772021971005000000,0
jps.global.get.library.ms,1772021923428000000,1772021971005000000,0
workspaceModel.moduleManagerBridge.new.nonPersistent.module.ms,1772021923428000000,1772021971005000000,0
jps.load.initial.state.ms,1772021923428000000,1772021971005000000,0
workspaceModel.mutableEntityStorage.add.entity.ms,1772021923428000000,1772021971005000000,0
jps.project.serializers.load.ms,1772021923428000000,1772021971005000000,0
workspaceModel.moduleManagerBridge.set.unloadedModules.ms,1772021923428000000,1772021971005000000,0
workspaceModel.mutableEntityStorage.mutable.ext.mapping.ms,1772021923428000000,1772021971005000000,0
workspaceModel.mutableEntityStorage.changeLog.addReplaceEventForRemovedChild.ms,1772021923428000000,1772021971005000000,0
jps.modifiable.module.model.bridge.new.module.ms,1772021923428000000,1772021971005000000,0
jps.facet.change.listener.init.bridge.ms,1772021923428000000,1772021971005000000,0
jps.module.iml.entities.serializer.load.entities.ms,1772021923428000000,1772021971005000000,0
jps.global.initialize.library.bridges.after.loading.ms,1772021923428000000,1772021971005000000,0
workspaceModel.mutableEntityStorage.remove.entity.ms,1772021923428000000,1772021971005000000,0
jps.module.dependency.index.workspace.model.listener.on.changed.ms,1772021923428000000,1772021971005000000,0
workspaceModel.moduleBridgeLoader.loading.modules.ms,1772021923428000000,1772021971005000000,0
workspaceModel.mutableEntityStorage.instances.count,1772021923428000000,1772021971005000000,3
workspaceModel.orphan.listener.update.ms,1772021923428000000,1772021971005000000,0
workspaceModel.mutableEntityStorage.changeLog.addReplaceEventForNewChild.ms,1772021923428000000,1772021971005000000,0
workspaceModel.load.cache.from.file.ms,1772021923428000000,1772021971005000000,0
jps.project.serializers.save.ms,1772021923428000000,1772021971005000000,21
workspaceModel.moduleManagerBridge.get.modules.ms,1772021923428000000,1772021971005000000,0
jps.global.handle.before.change.events.ms,1772021923428000000,1772021971005000000,0
workspaceModel.moduleBridge.before.changed.ms,1772021923428000000,1772021971005000000,0
workspaceModel.mutableEntityStorage.entities.ms,1772021923428000000,1772021971005000000,0
jps.modifiable.module.model.bridge.disposing.ms,1772021923428000000,1772021971005000000,0
workspaceModel.moduleManagerBridge.load.module.ms,1772021923428000000,1772021971005000000,0
jps.artifact.entities.serializer.save.entities.ms,1772021923428000000,1772021971005000000,0
workspaceModel.mutableEntityStorage.hasReferrers.ms,1772021923428000000,1772021971005000000,0
workspaceModel.do.save.caches.ms,1772021923428000000,1772021971005000000,0
workspaceModel.mutableEntityStorage.referrers.ms,1772021923428000000,1772021971005000000,0
workspaceModel.moduleManagerBridge.load.all.modules.ms,1772021923428000000,1772021971005000000,0
workspaceModel.mutableEntityStorage.resolve.ms,1772021923428000000,1772021971005000000,0
workspaceModel.mutableEntityStorage.mutable.vfurl.index.ms,1772021923428000000,1772021971005000000,0
workspaceModel.mutableEntityStorage.changeLog.addReplaceEventForRemovedParent.ms,1772021923428000000,1772021971005000000,0
workspaceModel.mutableEntityStorage.put.entity.ms,1772021923428000000,1772021971005000000,0
cacheStateStorage.set.duration,1772021923428000000,1772021971005000000,10
cacheStateStorage.get.duration,1772021923428000000,1772021971005000000,0
cacheStateStorage.get.counter,1772021923428000000,1772021971005000000,0
cacheStateStorage.set.counter,1772021923428000000,1772021971005000000,118
NonBlockingReadAction.failedExecutionTimeUs,1772021923428000000,1772021971005000000,0
AWTEventQueue.dispatchTimeTotalNS,1772021923428000000,1772021971005000000,1280521075
NonBlockingReadAction.failedExecutionsCount,1772021923428000000,1772021971005000000,0
NonBlockingReadAction.finalizedExecutionTimeUs,1772021923428000000,1772021971005000000,199358
NonBlockingReadAction.finalizedExecutionsCount,1772021923428000000,1772021971005000000,275
lexer.XML.time.ns,1772021923428000000,1772021971005000000,308068708
lexer.RegExp.size.bytes,1772021923428000000,1772021971005000000,163
lexer.JAVA.size.bytes,1772021923428000000,1772021971005000000,5254636
lexer.Shell.Script.time.ns,1772021923428000000,1772021971005000000,4065250
lexer.ECMAScript.6.time.ns,1772021923428000000,1772021971005000000,266834
lexer.ECMAScript.6.size.bytes,1772021923428000000,1772021971005000000,7342
parser.SVG.time.ns,1772021923428000000,1772021971005000000,1001000
parser.yaml.time.ns,1772021923428000000,1772021971005000000,7427621
lexer.JAVA.time.ns,1772021923428000000,1772021971005000000,36539691
lexer.Lombok.Config.size.bytes,1772021923428000000,1772021971005000000,137
writeAction.max.wait.ms,1772021923428000000,1772021971005000000,69
parser.RegExp.size.bytes,1772021923428000000,1772021971005000000,163
parser.JQuery-CSS.size.bytes,1772021923428000000,1772021971005000000,4620
LowMemory.gcOverloaded,1772021923428000000,1772021971005000000,0
parser.JAVA.time.ns,1772021923428000000,1772021971005000000,370373844
parser.Properties.time.ns,1772021923428000000,1772021971005000000,1507500
parser.JSON.time.ns,1772021923428000000,1772021971005000000,2248
parser.CSS.size.bytes,1772021923428000000,1772021971005000000,404723
lexer.IgnoreLang.time.ns,1772021923428000000,1772021971005000000,125333
lexer.SVG.size.bytes,1772021923428000000,1772021971005000000,17961
lexer.HTML.time.ns,1772021923428000000,1772021971005000000,265214790
parser.Lombok.Config.time.ns,1772021923428000000,1772021971005000000,146459
DiskQueryRelay.tasksRequested,1772021923428000000,1772021971005000000,9952
parser.XML.size.bytes,1772021923428000000,1772021971005000000,11789254
lexer.SVG.time.ns,1772021923428000000,1772021971005000000,454416
lexer.Lombok.Config.time.ns,1772021923428000000,1772021971005000000,49000
lexer.JQuery-CSS.size.bytes,1772021923428000000,1772021971005000000,4620
lexer.XML.size.bytes,1772021923428000000,1772021971005000000,11789254
lexer.Groovy.time.ns,1772021923428000000,1772021971005000000,2220164
parser.ECMAScript.6.size.bytes,1772021923428000000,1772021971005000000,395648
lexer.textmate.time.ns,1772021923428000000,1772021971005000000,474331
parser.Shell.Script.time.ns,1772021923428000000,1772021971005000000,73439416
lexer.JQuery-CSS.time.ns,1772021923428000000,1772021971005000000,576777
parser.Properties.size.bytes,1772021923428000000,1772021971005000000,14761
writeAction.count,1772021923428000000,1772021971005000000,8
lexer.Shell.Script.size.bytes,1772021923428000000,1772021971005000000,24940
lexer.yaml.size.bytes,1772021923428000000,1772021971005000000,27256
parser.HTML.time.ns,1772021923428000000,1772021971005000000,334731490
lexer.Groovy.size.bytes,1772021923428000000,1772021971005000000,15613
parser.JAVA.size.bytes,1772021923428000000,1772021971005000000,5635751
parser.IgnoreLang.time.ns,1772021923428000000,1772021971005000000,956125
lexer.Properties.size.bytes,1772021923428000000,1772021971005000000,14761
lexer.RegExp.time.ns,1772021923428000000,1772021971005000000,146584
parser.HTML.size.bytes,1772021923428000000,1772021971005000000,4363543
DiskQueryRelay.tasksExecuted,1772021923428000000,1772021971005000000,9708
lexer.Properties.time.ns,1772021923428000000,1772021971005000000,286129
lexer.JSON.size.bytes,1772021923428000000,1772021971005000000,36959355
parser.ECMAScript.6.time.ns,1772021923428000000,1772021971005000000,30127084
writeAction.wait.ms,1772021923428000000,1772021971005000000,7
parser.textmate.time.ns,1772021923428000000,1772021971005000000,1477003
DiskQueryRelay.taskExecutionTotalTimeUs,1772021923428000000,1772021971005000000,2829528
parser.RegExp.time.ns,1772021923428000000,1772021971005000000,5755874
parser.XML.time.ns,1772021923428000000,1772021971005000000,728
parser.Groovy.time.ns,1772021923428000000,1772021971005000000,33194375
parser.CSS.time.ns,1772021923428000000,1772021971005000000,68887397
lexer.HTML.size.bytes,1772021923428000000,1772021971005000000,4363543
lexer.JSON.time.ns,1772021923428000000,1772021971005000000,505116836
writeAction.median.wait.ms,1772021923428000000,1772021971005000000,100
parser.textmate.size.bytes,1772021923428000000,1772021971005000000,5301912
lexer.CSS.size.bytes,1772021923428000000,1772021971005000000,404723
DiskQueryRelay.taskWaitingTotalTimeUs,1772021923428000000,1772021971005000000,5236062
parser.IgnoreLang.size.bytes,1772021923428000000,1772021971005000000,444
parser.Shell.Script.size.bytes,1772021923428000000,1772021971005000000,24940
lexer.IgnoreLang.size.bytes,1772021923428000000,1772021971005000000,444
LowMemory.gcLoad,1772021923428000000,1772021971005000000,0.0
parser.Groovy.size.bytes,1772021923428000000,1772021971005000000,15613
parser.SVG.size.bytes,1772021923428000000,1772021971005000000,17961
parser.JSON.size.bytes,1772021923428000000,1772021971005000000,36559099
parser.JQuery-CSS.time.ns,1772021923428000000,1772021971005000000,2982709
lexer.textmate.size.bytes,1772021923428000000,1772021971005000000,5301912
parser.Lombok.Config.size.bytes,1772021923428000000,1772021971005000000,137
lexer.yaml.time.ns,1772021923428000000,1772021971005000000,2586918
parser.yaml.size.bytes,1772021923428000000,1772021971005000000,27256
lexer.CSS.time.ns,1772021923428000000,1772021971005000000,26783798
compiler.ArtifactModifiableModelBridge.getArtifacts.ms,1772021923428000000,1772021971005000000,0
compiler.ArtifactModifiableModelBridge.addArtifact.ms,1772021923428000000,1772021971005000000,0
compiler.ArtifactManagerBridge.commit.ms,1772021923428000000,1772021971005000000,0
compiler.ArtifactManagerBridge.initBridges.ms,1772021923428000000,1772021971005000000,0
compiler.ArtifactModifiableModelBridge.getArtifactsByType.ms,1772021923428000000,1772021971005000000,0
compiler.ArtifactModifiableModelBridge.findArtifacts.ms,1772021923428000000,1772021971005000000,0
compiler.ArtifactManagerBridge.addArtifact.ms,1772021923428000000,1772021971005000000,0
compiler.ArtifactVirtualFileListener.propertyChanged.ms,1772021923428000000,1772021971005000000,0
compiler.ArtifactManagerBridge.getArtifactsByType.ms,1772021923428000000,1772021971005000000,0
compiler.ArtifactManagerBridge.getArtifacts.ms,1772021923428000000,1772021971005000000,0
compiler.ArtifactManagerBridge.dropMappings.ms,1772021923428000000,1772021971005000000,0
compiler.ArtifactManagerBridge.findArtifact.ms,1772021923428000000,1772021971005000000,0
compiler.ArtifactModifiableModelBridge.dispose.ms,1772021923428000000,1772021971005000000,0
compiler.ArtifactModifiableModelBridge.commit.ms,1772021923428000000,1772021971005000000,3
compiler.ArtifactVirtualFileListener.filePathChanged.ms,1772021923428000000,1772021971005000000,0
workspaceModel.cachedValueWithParameters.calculated.count,1772021923428000000,1772021971005000000,1
workspaceModel.workspaceFileIndexData.getFileInfo.ms,1772021923428000000,1772021971005000000,4779
workspaceModel.cachedValueWithParameters.total.get.count,1772021923428000000,1772021971005000000,442
workspaceModel.cachedValue.calculated.count,1772021923428000000,1772021971005000000,4
workspaceModel.workspaceFileIndexData.updateDirtyEntities.ms,1772021923428000000,1772021971005000000,0
workspaceModel.workspaceFileIndexData.processFileSets.ms,1772021923428000000,1772021971005000000,0
workspaceModel.updates.precise.ms,1772021923428000000,1772021971005000000,0
workspaceModel.entityStorageSnapshotImpl.instances.count,1772021923428000000,1772021971005000000,0
workspaceModel.workspaceFileIndexData.getPackageName.ms,1772021923428000000,1772021971005000000,5
workspaceModel.updates.ms,1772021923428000000,1772021971005000000,0
workspaceModel.updates.count,1772021923428000000,1772021971005000000,0
workspaceModel.workspaceFileIndexData.markDirty.ms,1772021923428000000,1772021971005000000,0
workspaceModel.to.snapshot.ms,1772021923428000000,1772021971005000000,0
workspaceModel.on.changed.ms,1772021923428000000,1772021971005000000,0
workspaceModel.cachedValue.from.cache.count,1772021923428000000,1772021971005000000,12809
workspaceModel.update.unloaded.entities.ms,1772021923428000000,1772021971005000000,0
workspaceModel.workspaceFileIndexData.getDirectoriesByPackageName.ms,1772021923428000000,1772021971005000000,18
workspaceModel.workspaceFileIndexData.instances.count,1772021923428000000,1772021971005000000,0
workspaceModel.workspaceFileIndexData.visitFileSets.ms,1772021923428000000,1772021971005000000,3
workspaceModel.full.replace.project.model.ms,1772021923428000000,1772021971005000000,0
workspaceModel.loading.from.cache.ms,1772021923428000000,1772021971005000000,0
workspaceModel.workspaceFileIndexData.onEntitiesChanged.ms,1772021923428000000,1772021971005000000,0
workspaceModel.workspaceFileIndexData.init.ms,1772021923428000000,1772021971005000000,0
workspaceModel.replace.project.model.ms,1772021923428000000,1772021971005000000,0
workspaceModel.collect.changes.ms,1772021923428000000,1772021971005000000,0
workspaceModel.cachedValueWithParameters.clear.count,1772021923428000000,1772021971005000000,0
workspaceModel.cachedValueWithParameters.from.cache.count,1772021923428000000,1772021971005000000,441
workspaceModel.on.before.changed.ms,1772021923428000000,1772021971005000000,0
workspaceModel.cachedValue.clear.count,1772021923428000000,1772021971005000000,0
workspaceModel.init.bridges.ms,1772021923428000000,1772021971005000000,0
workspaceModel.workspaceFileIndexContributor.registerFileSets.ms,1772021923428000000,1772021971005000000,0
workspaceModel.initializing.ms,1772021923428000000,1772021971005000000,0
workspaceModel.pre.handlers.ms,1772021923428000000,1772021971005000000,0
workspaceModel.loading.total.ms,1772021923428000000,1772021971005000000,0
workspaceModel.cachedValue.total.get.count,1772021923428000000,1772021971005000000,12813
workspaceModel.check.recursive.update.ms,1772021923428000000,1772021971005000000,0
FileChannelInterruptsRetryer.totalRetriedAttempts,1772021923428000000,1772021971005000000,0
StorageLockContext.competingThreads.avg,1772021923428000000,1772021971005000000,0.0
DirectByteBufferAllocator.totalSizeOfBuffersAllocatedInBytes,1772021923428000000,1772021971005000000,41943040
DirectByteBufferAllocator.hits,1772021923428000000,1772021971005000000,0
FilePageCache.pageLoadsAboveSizeThreshold,1772021923428000000,1772021971005000000,0
FilePageCache.maxRegisteredFiles,1772021923428000000,1772021971005000000,683
FilePageCache.uncachedFileAccess,1772021923428000000,1772021971005000000,16
StorageLockContext.competingThreads.max,1772021923428000000,1772021971005000000,0
DirectByteBufferAllocator.misses,1772021923428000000,1772021971005000000,1
FilePageCache.pageLoads,1772021923428000000,1772021971005000000,1
FilePageCache.maxCacheSizeInBytes,1772021923428000000,1772021971005000000,570425344
FilePageCache.pageHits,1772021923428000000,1772021971005000000,5250
FilePageCache.totalPageLoadsUs,1772021923428000000,1772021971005000000,18080
StorageLockContext.competingThreads.90P,1772021923428000000,1772021971005000000,0
DirectByteBufferAllocator.totalSizeOfBuffersCachedInBytes,1772021923428000000,1772021971005000000,41943040
FilePageCache.capacityInBytes,1772021923428000000,1772021971005000000,629145600
DirectByteBufferAllocator.disposed,1772021923428000000,1772021971005000000,504
FilePageCache.pageFastCacheHits,1772021923428000000,1772021971005000000,34502
DirectByteBufferAllocator.reclaimed,1772021923428000000,1772021971005000000,40
FilePageCache.totalPageDisposalsUs,1772021923428000000,1772021971005000000,18
FilePageCache.disposedBuffers,1772021923428000000,1772021971005000000,544
Indexing.cache.totalCacheMisses,1772021923428000000,1772021971005000000,45860
Indexing.writesQueuedMax,1772021923428000000,1772021971005000000,0
Indexing.cache.totalCacheEvicted,1772021923428000000,1772021971005000000,45860
Indexes.stubs.lookups,1772021923428000000,1772021971005000000,143422
Indexes.stubs.lookupDuration90PMs,1772021923428000000,1772021971005000000,0.0
Indexes.allKeys.lookupDuration90PMs,1772021923428000000,1772021971005000000,0.0
Indexes.stubs.lookupDurationMaxMs,1772021923428000000,1772021971005000000,0.0
Indexing.totalTimeIndexersSleptMs,1772021923428000000,1772021971005000000,0
Indexes.allKeys.lookupDurationAvgMs,1772021923428000000,1772021971005000000,0.0
Indexes.entries.lookupDurationMaxMs,1772021923428000000,1772021971005000000,0.0
Indexes.allKeys.lookupDurationMaxMs,1772021923428000000,1772021971005000000,0.0
Indexing.writer_2.totalTimeSpentWritingMs,1772021923428000000,1772021971005000000,1
Indexing.writesQueuedMin,1772021923428000000,1772021971005000000,9223372036854775807
Indexing.writer_3.totalTimeSpentWritingMs,1772021923428000000,1772021971005000000,2
Indexing.writer_1.totalTimeSpentWritingMs,1772021923428000000,1772021971005000000,13
Indexes.entries.lookupDuration90PMs,1772021923428000000,1772021971005000000,0.0
Indexes.entries.lookupDurationAvgMs,1772021923428000000,1772021971005000000,0.0
Indexing.cache.totalCacheAccesses,1772021923428000000,1772021971005000000,185850
Indexes.stubs.lookupDurationAvgMs,1772021923428000000,1772021971005000000,0.0
Indexing.writer_0.totalTimeSpentWritingMs,1772021923428000000,1772021971005000000,10
Indexes.allKeys.lookups,1772021923428000000,1772021971005000000,2
Indexes.entries.lookups,1772021923428000000,1772021971005000000,4698
JVM.usedNativeBytes,1772021923428000000,1772021971005000000,530488080
MEM.fileMappingsRamBytes,1772021923428000000,1772021971005000000,884326400
JVM.totalDirectByteBuffersBytes,1772021923428000000,1772021971005000000,42012673
JVM.newThreadsCount,1772021923428000000,1772021971005000000,73
MEM.ramPlusSwapMinusFileMappingsBytes,1772021923428000000,1772021971005000000,3540254720
JVM.totalTimeToSafepointsMs,1772021923428000000,1772021971005000000,20
JVM.GC.collectionTimesMs,1772021923428000000,1772021971005000000,1277
JVM.maxThreadCount,1772021923428000000,1772021971005000000,239
JVM.totalBytesAllocated,1772021923428000000,1772021971005000000,28489943632
JVM.threadCount,1772021923428000000,1772021971005000000,83
JVM.maxHeapBytes,1772021923428000000,1772021971005000000,28840034304
JVM.totalCpuTimeMs,1772021923428000000,1772021971005000000,146840
OS.loadAverage,1772021923428000000,1772021971005000000,3.63623046875
JVM.GC.collections,1772021923428000000,1772021971005000000,41
MEM.ramBytes,1772021923428000000,1772021971005000000,4424581120
JVM.committedHeapBytes,1772021923428000000,1772021971005000000,2130706432
JVM.usedHeapBytes,1772021923428000000,1772021971005000000,943894776
JVM.totalTimeAtSafepointsMs,1772021923428000000,1772021971005000000,1325
JVM.totalSafepointCount,1772021923428000000,1772021971005000000,43
MEM.ramMinusFileMappingsBytes,1772021923428000000,1772021971005000000,3540254720
