2026-02-19 09:50:54,221 [      9]   INFO - #c.i.p.i.b.AppStarter - ------------------------------------------------------ IDE STARTED ------------------------------------------------------
2026-02-19 09:50:54,223 [     11]   INFO - #c.i.p.i.b.AppStarter - loading shell environment is turned off
2026-02-19 09:50:54,225 [     13]   INFO - #c.i.p.i.b.AppStarter - Will skip the config import to directory "/root/.config/idea" (exists = true). Current entries: "options", "ide.vmoptions".
2026-02-19 09:50:54,236 [     24]   INFO - #c.i.p.i.b.AppStarter - JNA library (64-bit) loaded in 13 ms
2026-02-19 09:50:54,241 [     29]   INFO - #c.i.p.i.b.AppStarter - IDE: Qodana for JVM (build #QDJVM-253.31486, Thu, 19 Feb 2026 09:50:54 GMT)
2026-02-19 09:50:54,241 [     29]   INFO - #c.i.p.i.b.AppStarter - OS: Linux (6.10.14-linuxkit)
2026-02-19 09:50:54,241 [     29]   INFO - #c.i.p.i.b.AppStarter - JRE: 21.0.10+7-b1163.108, aarch64 (JetBrains s.r.o.)
2026-02-19 09:50:54,242 [     30]   INFO - #c.i.p.i.b.AppStarter - JVM: 21.0.10+7-b1163.108 (OpenJDK 64-Bit Server VM)
2026-02-19 09:50:54,243 [     31]   INFO - #c.i.p.i.b.AppStarter - PID: 62
2026-02-19 09:50:54,243 [     31]   INFO - #c.i.p.i.b.AppStarter - desktop: null
2026-02-19 09:50:54,244 [     32]   INFO - #c.i.p.i.b.AppStarter - toolkit: sun.awt.HeadlessToolkit
2026-02-19 09:50:54,250 [     38]   INFO - #c.i.p.i.b.AppStarter - JVM options: [abort, vfprintf, -XX:ErrorFile=/root/java_error_in_idea_%p.log, -XX:HeapDumpPath=/root/java_error_in_idea.hprof, -Xms128m, -XX:JbrShrinkingGcMaxHeapFreeRatio=40, -XX:ReservedCodeCacheSize=512m, -XX:+HeapDumpOnOutOfMemoryError, -XX:-OmitStackTraceInFastThrow, -XX:CICompilerCount=2, -XX:+IgnoreUnrecognizedVMOptions, -XX:+UnlockDiagnosticVMOptions, -XX:TieredOldPercentage=100000, -ea, -Dsun.io.useCanonCaches=false, -Dsun.java2d.metal=true, -Djbr.catch.SIGABRT=true, -Djdk.http.auth.tunneling.disabledSchemes="", -Djdk.attach.allowAttachSelf=true, -Djdk.module.illegalAccess.silent=true, -Djdk.nio.maxCachedBufferSize=2097152, -Djava.util.zip.use.nio.for.zip.file.access=true, -Dkotlinx.coroutines.debug=off, -Djava.nio.file.spi.DefaultFileSystemProvider=com.intellij.platform.core.nio.fs.MultiRoutingFileSystemProvider, -Dintellij.plugins.custom.built.in.repository.url=https://buildserver.labs.intellij.net/guestAuth/repository/download/ijplatform_IjPlatform253_IdeaInstallersBuild/879815494:id/IU-plugins/plugins.xml,https://buildserver.labs.intellij.net/guestAuth/repository/download/ijplatform_IjPlatform253_IdeaInstallersBuild/879815494:id/IU-plugins/auto-uploading/plugins.xml, -Dsun.tools.attach.tmp.only=true, -Dawt.lock.fair=true, -Ddisabled.plugins.file.path=/opt/idea/disabled_plugins.txt, -Didea.config.path=/root/.config/idea, -Didea.headless.enable.statistics=true, -Didea.headless.statistics.device.id=200820300000000-5bdb-7ee4-9f5d-6bfcda02bf94, -Didea.headless.statistics.salt=36f620b84288008fdf0f2c8107a65bd8, -Didea.log.path=/data/results/log, -Didea.plugins.path=/data/cache/plugins/253, -Didea.system.path=/data/cache/idea/253, -Dplugin.path=/opt/idea/custom-plugins/dependencyAnalysis,/opt/idea/custom-plugins/devkit,/opt/idea/custom-plugins/hardcodedPasswords,/opt/idea/custom-plugins/jvm-dfa-analysis,/opt/idea/custom-plugins/uiDesigner, -Dqodana.automation.guid=8be19f72-d29b-4d2a-afbf-78a82ad1da98, -Dqodana.coverage.input=/data/coverage, -XX:MaxRAMPercentage=70, -Xlog:gc*:/data/results/log/gc.log, -Djb.vmOptionsFile=/root/.config/idea/ide.vmoptions, -Djava.system.class.loader=com.intellij.util.lang.PathClassLoader, -Didea.vendor.name=JetBrains, -Didea.paths.selector=IntelliJIdea2025.3, -Djna.boot.library.path=/opt/idea/lib/jna/aarch64, -Djna.nosys=true, -Djna.noclasspath=true, -Dpty4j.preferred.native.folder=/opt/idea/lib/pty4j, -Dio.netty.allocator.type=pooled, -Dskiko.library.path=/opt/idea/lib/skiko-awt-runtime-all, -Dintellij.platform.runtime.repository.path=/opt/idea/modules/module-descriptors.dat, -Dsplash=true, -Daether.connector.resumeDownloads=false, -Dcompose.swing.render.on.graphics=true, --add-opens=java.base/java.io=ALL-UNNAMED, --add-opens=java.base/java.lang=ALL-UNNAMED, --add-opens=java.base/java.lang.ref=ALL-UNNAMED, --add-opens=java.base/java.lang.reflect=ALL-UNNAMED, --add-opens=java.base/java.net=ALL-UNNAMED, --add-opens=java.base/java.nio=ALL-UNNAMED, --add-opens=java.base/java.nio.charset=ALL-UNNAMED, --add-opens=java.base/java.text=ALL-UNNAMED, --add-opens=java.base/java.time=ALL-UNNAMED, --add-opens=java.base/java.util=ALL-UNNAMED, --add-opens=java.base/java.util.concurrent=ALL-UNNAMED, --add-opens=java.base/java.util.concurrent.atomic=ALL-UNNAMED, --add-opens=java.base/java.util.concurrent.locks=ALL-UNNAMED, --add-opens=java.base/jdk.internal.ref=ALL-UNNAMED, --add-opens=java.base/jdk.internal.vm=ALL-UNNAMED, --add-opens=java.base/sun.net.dns=ALL-UNNAMED, --add-opens=java.base/sun.nio=ALL-UNNAMED, --add-opens=java.base/sun.nio.ch=ALL-UNNAMED, --add-opens=java.base/sun.nio.fs=ALL-UNNAMED, --add-opens=java.base/sun.security.ssl=ALL-UNNAMED, --add-opens=java.base/sun.security.util=ALL-UNNAMED, --add-opens=java.desktop/com.sun.java.swing=ALL-UNNAMED, --add-opens=java.desktop/com.sun.java.swing.plaf.gtk=ALL-UNNAMED, --add-opens=java.desktop/java.awt=ALL-UNNAMED, --add-opens=java.desktop/java.awt.dnd.peer=ALL-UNNAMED, --add-opens=java.desktop/java.awt.event=ALL-UNNAMED, --add-opens=java.desktop/java.awt.font=ALL-UNNAMED, --add-opens=java.desktop/java.awt.image=ALL-UNNAMED, --add-opens=java.desktop/java.awt.peer=ALL-UNNAMED, --add-opens=java.desktop/javax.swing=ALL-UNNAMED, --add-opens=java.desktop/javax.swing.plaf.basic=ALL-UNNAMED, --add-opens=java.desktop/javax.swing.text=ALL-UNNAMED, --add-opens=java.desktop/javax.swing.text.html=ALL-UNNAMED, --add-opens=java.desktop/javax.swing.text.html.parser=ALL-UNNAMED, --add-opens=java.desktop/sun.awt=ALL-UNNAMED, --add-opens=java.desktop/sun.awt.X11=ALL-UNNAMED, --add-opens=java.desktop/sun.awt.datatransfer=ALL-UNNAMED, --add-opens=java.desktop/sun.awt.image=ALL-UNNAMED, --add-opens=java.desktop/sun.font=ALL-UNNAMED, --add-opens=java.desktop/sun.java2d=ALL-UNNAMED, --add-opens=java.desktop/sun.swing=ALL-UNNAMED, --add-opens=java.management/sun.management=ALL-UNNAMED, --add-opens=jdk.attach/sun.tools.attach=ALL-UNNAMED, --add-opens=jdk.compiler/com.sun.tools.javac.api=ALL-UNNAMED, --add-opens=jdk.internal.jvmstat/sun.jvmstat.monitor=ALL-UNNAMED, --add-opens=jdk.jdi/com.sun.tools.jdi=ALL-UNNAMED, -Dqodana.application=true, -Dintellij.platform.load.app.info.from.resources=true, -Dfus.internal.reduce.initial.delay=true, -Didea.headless.statistics.max.files.to.send=5000, -Djava.awt.headless=true, -Didea.qodana.thirdpartyplugins.accept=true, -Dide.warmup.use.predicates=false, -Dvcs.log.index.enable=false, -Didea.job.launcher.without.timeout=true, -Dscanning.in.smart.mode=false, -Deap.login.enabled=false, -Dsdk.download.consent=true, -Dide.activity.tracking.enable.debug=true, -Deslint.service.expiration.timeout.ms=5000, -Dphp.additional.library.manager.new.updater=true, -Dide.region.url.mapping.expiration.timeout=7200, -Dexternal.system.auto.import.headless.async=true, -Dmaven.default.headless.import=true, -Dide.do.not.check.ls.on.startup=true, -Dintellij.console.use.severe.log.level=true, -Dqodana.product.name=Qodana for JVM, -Dqodana.build.number=QDJVM-253.31486, -Dqodana.eap=false, -Dide.native.launcher=true]
2026-02-19 09:50:54,250 [     38]   INFO - #c.i.p.i.b.AppStarter - args: qodana --config-dir /tmp/qd-effective-config-800454335 /data/project /data/results
2026-02-19 09:50:54,251 [     39]   INFO - #c.i.p.i.b.AppStarter - library path: /usr/java/packages/lib:/usr/lib64:/lib64:/lib:/usr/lib
2026-02-19 09:50:54,251 [     39]   INFO - #c.i.p.i.b.AppStarter - boot library path: /opt/idea/jbr/lib
2026-02-19 09:50:54,253 [     41]   INFO - #c.i.p.i.b.AppStarter - locale=en_US JNU=UTF-8 file.encoding=UTF-8
    idea.home.path=/opt/idea
    idea.config.path=/root/.config/idea
    idea.system.path=/data/cache/idea/253
    idea.plugins.path=/data/cache/plugins/253 -> java.nio.file.NoSuchFileException: /data/cache/plugins/253
    idea.log.path=/data/results/log
2026-02-19 09:50:54,255 [     43]   INFO - #c.i.p.i.b.AppStarter - CPU cores: 8; ForkJoinPool.commonPool: java.util.concurrent.ForkJoinPool@24750eb3[Running, parallelism = 8, size = 0, active = 0, running = 0, steals = 0, tasks = 0, submissions = 0]; factory: com.intellij.concurrency.IdeaForkJoinWorkerThreadFactory@e89dab1
2026-02-19 09:50:54,701 [    489]   WARN - #c.i.i.p.PluginManager - Dist index is missing or corrupted; an OLD, DEPRECATED, SOON-TO-BE-UNSUPPORTED implementation will be used
2026-02-19 09:50:55,038 [    826]   INFO - #c.i.i.p.PluginManager - Ignoring cached broken plugins file from an earlier IDE build (IU-253.31486)
2026-02-19 09:50:55,065 [    853]   INFO - #c.i.i.p.PluginManager - Plugin set resolution:
Module intellij.textmate.frontend.split is not enabled because dependency intellij.platform.frontend.split is not available
Module intellij.json.frontend.split is not enabled because dependency intellij.platform.frontend.split is not available
Module intellij.yaml.frontend.split is not enabled because dependency intellij.platform.frontend.split is not available
Module intellij.sh.frontend.split is not enabled because dependency intellij.platform.frontend.split is not available
Module intellij.properties/copyright is not enabled because dependency com.intellij.copyright is not available
Module intellij.sh.python is not enabled because dependency com.intellij.modules.python is not available
Module intellij.sh.markdown is not enabled because dependency org.intellij.plugins.markdown is not available
Module intellij.sh.copyright is not enabled because dependency com.intellij.copyright is not available
Module intellij.sh.terminal is not enabled because dependency org.jetbrains.plugins.terminal is not available
Module intellij.yaml.helm is not enabled because dependency org.jetbrains.plugins.go-template is not available
Module intellij.editorconfig.frontend.split is not enabled because dependency intellij.platform.frontend.split is not available
Module intellij.platform.identifiers.highlighting.backend is not enabled because dependency com.jetbrains.codeWithMe is not available
Module intellij.css.watcher is not enabled because dependency com.intellij.plugins.watcher is not available
Module intellij.css.frontend.split is not enabled because dependency intellij.platform.frontend.split is not available
Module intellij.css.copyright is not enabled because dependency com.intellij.copyright is not available
Module intellij.less/copyright is not enabled because dependency intellij.css.copyright is not available
Module intellij.less/watcher is not enabled because dependency com.intellij.plugins.watcher is not available
Module intellij.sass.watcher is not enabled because dependency com.intellij.plugins.watcher is not available
Module intellij.sass.frontend.split is not enabled because dependency intellij.css.frontend.split is not available
Module intellij.sass.copyright is not enabled because dependency intellij.css.copyright is not available
Module intellij.platform.images.copyright is not enabled because dependency com.intellij.copyright is not available
Module intellij.javascript.debugger.webDeployment is not enabled because dependency com.jetbrains.plugins.webDeployment is not available
Module intellij.database.frontend.split is not enabled because dependency intellij.platform.frontend.split is not available
Module intellij.database.sql.copyright is not enabled because dependency com.intellij.copyright is not available
Module intellij.database.completionMlRanking is not enabled because dependency com.intellij.completion.ml.ranking is not available
Module intellij.database.docker is not enabled because dependency intellij.clouds.docker is not available
Module intellij.database.diagrams is not enabled because dependency com.intellij.diagram is not available
Module intellij.microservices.jvm.cron is not enabled because dependency com.intellij.cron is not available
Module intellij.microservices.jvm.yaml is not enabled because dependency intellij.microservices.jvm.cron is not available
Module intellij.java.terminal is not enabled because dependency org.jetbrains.plugins.terminal is not available
Module intellij.java.performancePlugin is not enabled because dependency intellij.performanceTesting.vcs is not available
Module intellij.java.featuresTrainer is not enabled because dependency training is not available
Module intellij.groovy/byte-code-viewer is not enabled because dependency ByteCodeViewer is not available
Module intellij.groovy/ant is not enabled because dependency AntSupport is not available
Module intellij.spring.boot.initializr/auto-testing is not enabled because dependency com.jetbrains.performancePlugin is not available
Module intellij.kotlin.devkit.k1 is not enabled because dependency com.intellij.modules.kotlin.k1 is not available
Module intellij.devkit.workspaceModel.k1 is not enabled because dependency com.intellij.modules.kotlin.k1 is not available
Module intellij.kotlin.performanceExtendedPlugin is not enabled because dependency intellij.performanceTesting.vcs is not available
Module intellij.kotlin.jvm.decompiler is not enabled because dependency org.jetbrains.java.decompiler is not available
Module intellij.kotlin.featuresTrainer is not enabled because dependency intellij.java.featuresTrainer is not available
Module intellij.kotlin.completion.ml is not enabled because dependency com.intellij.completion.ml.ranking is not available
Module intellij.kotlin.copyright is not enabled because dependency com.intellij.copyright is not available
Module kotlin-ultimate.profiler is not enabled because dependency com.intellij.LineProfiler is not available
Module intellij.ktor/swagger is not enabled because dependency com.intellij.swagger is not available
Module intellij.ktor/markdown is not enabled because dependency org.intellij.plugins.markdown is not available
Module intellij.android.gradle.dsl.declarative is not enabled because dependency com.android.tools.gradle.dcl is not available
Module intellij.toml.frontend.split is not enabled because dependency intellij.platform.frontend.split is not available
Module intellij.spring.graph is not enabled because dependency com.intellij.diagram is not available
Module intellij.javaee.cdi/diagram is not enabled because dependency com.intellij.diagram is not available
Module intellij.javaee.jax.rs/swagger is not enabled because dependency com.intellij.swagger is not available
Module intellij.webDeployment.transport is not enabled because dependency com.jetbrains.plugins.webDeployment is not available
Module intellij.spring.integration.core/diagram is not enabled because dependency intellij.spring.graph is not available
Module intellij.spring.boot.cron is not enabled because dependency intellij.microservices.jvm.cron is not available
Module intellij.spring.boot.cron.yaml is not enabled because dependency intellij.spring.boot.cron is not available
Module intellij.spring.boot.cron.properties is not enabled because dependency intellij.spring.boot.cron is not available
Module intellij.spring.boot.rewrite is not enabled because dependency com.intellij.openRewrite is not available
Module intellij.spring.boot.run.diagram is not enabled because dependency intellij.spring.graph is not available
Module intellij.httpClient.grpc is not enabled because dependency idea.plugin.protoeditor is not available
Module intellij.httpClient.injection.graphql is not enabled because dependency com.intellij.lang.jsgraphql is not available
Module intellij.spring.jsf is not enabled because dependency com.intellij.jsf is not available
Module intellij.javaee.jsp.base.impl/copyright is not enabled because dependency com.intellij.copyright is not available
Module intellij.javaee.jsp.base.impl/servers is not enabled because dependency com.intellij.javaee.app.servers.integration is not available
Module intellij.postcss/copyright is not enabled because dependency intellij.css.copyright is not available
Module intellij.spring.data.liquibase is not enabled because dependency com.intellij.liquibase is not available
Module intellij.javaee.persistence.diagram is not enabled because dependency com.intellij.diagram is not available
Module intellij.javaee.jpa.diagram is not enabled because dependency intellij.javaee.persistence.diagram is not available
Module intellij.grazie.markdown is not enabled because dependency org.intellij.plugins.markdown is not available
Module intellij.java.ide.customization/training is not enabled because dependency intellij.java.featuresTrainer is not available
Module kotlin-ultimate.native-debugger is not enabled because dependency intellij.cidr.runner is not available
Module kotlin-ultimate.ultimate-native is not enabled because dependency kotlin-ultimate.native-debugger is not available
Module intellij.vcs.git/terminal is not enabled because dependency org.jetbrains.plugins.terminal is not available
Module intellij.javascript.debugger.webstorm.specific is not enabled because dependency com.intellij.modules.webstorm is not available
Module intellij.aqua.runners.cypress is not enabled because dependency intellij.sh.terminal is not available
Module intellij.javascript.backend/diagrams is not enabled because dependency com.intellij.diagram is not available
Module intellij.qodana.jvm.swagger is not enabled because dependency com.intellij.swagger is not available
Module intellij.qodana.python.community is not enabled because dependency com.intellij.modules.python is not available
Module intellij.qodana.cpp is not enabled because dependency intellij.clion.radler.core is not available
Module intellij.qodana.python.coverage is not enabled because dependency intellij.python is not available
Module intellij.qodana.php is not enabled because dependency com.jetbrains.php is not available
Module intellij.qodana.go is not enabled because dependency intellij.go.coverage is not available
Module intellij.hardcodedPasswords.go is not enabled because dependency org.jetbrains.plugins.go is not available
Module intellij.hardcodedPasswords.python is not enabled because dependency com.intellij.modules.python is not available
Module intellij.hardcodedPasswords.php is not enabled because dependency com.jetbrains.php is not available
Module intellij.dependencyAnalysis.dotnet is not enabled because dependency intellij.rider is not available
Module intellij.dependencyAnalysis.go is not enabled because dependency org.jetbrains.plugins.go is not available
Module intellij.dependencyAnalysis.python is not enabled because dependency Pythonid is not available
Module intellij.dependencyAnalysis.php is not enabled because dependency com.jetbrains.php is not available
Module intellij.vuejs.markdown is not enabled because dependency intellij.markdown is not available
Module intellij.vuejs.copyright is not enabled because dependency com.intellij.copyright is not available
Module intellij.packageChecker.php is not enabled because dependency com.jetbrains.php is not available
Module intellij.packageChecker.python is not enabled because dependency com.intellij.modules.python is not available
Module intellij.packageChecker.go is not enabled because dependency org.jetbrains.plugins.go is not available
Module intellij.packageChecker.amper is not enabled because dependency org.jetbrains.amper is not available
Module intellij.spring.mvc.impl/swagger is not enabled because dependency com.intellij.swagger is not available
Module intellij.spring.mvc.impl/thymeleaf is not enabled because dependency intellij.thymeleaf.paid is not available
Module intellij.microservices.diagrams is not enabled because dependency com.intellij.diagram is not available
2026-02-19 09:50:55,079 [    867]   INFO - #c.i.i.p.PluginManager - Loaded bundled plugins: IDEA CORE (253.31486), TextMate Bundles (253.31486.0), JSON (253.31486.0), YAML (253.31486.0), Database Tools and SQL (253.31486.0), JavaScript and TypeScript (253.31486.0), Properties (253.31486.0), DevKit Runtime (253.31486.0), Java (253.31486.0), Shell Script (253.31486.0), Data Editor Support (253.31486.0), Qodana (253.31486.0), Mercurial (253.31486.0), Gradle (253.31486.0), EditorConfig (253.31486.0), JetBrains Ultimate (253.31486.0), Spring (253.31486.0), CSS (253.31486.0), Artifacts Repository Search (253.31486.0), Less (253.31486.0), Sass (253.31486.0), Images (253.31486.0), JavaScript Debugger (253.31486.0), JVM Microservices Frameworks (253.31486.0), Jakarta EE: JPA Model (253.31486.0), FreeMarker (253.31486.0), AOP Pointcut Language (253.31486.0), Lombok (253.31486.0), JUnit (253.31486.0), Groovy (253.31486.0), Eclipse Interoperability (253.31486.0), Spring Initializr (253.31486.0), Kotlin (253.31486.0-IJ), Ktor (253.31486.0), Gradle DSL API (253.31486.0), Jakarta EE Platform (253.31486.0), HTML Tools (253.31486.0), Toml (253.31486.0), Java Internationalization (253.31486.0), Spring Messaging (253.31486.0), Jakarta EE: Contexts and Dependency Injection (CDI) (253.31486.0), Spring Security (253.31486.0), Jakarta EE: RESTful Web Services (JAX-RS) (253.31486.0), Spring Integration Patterns (253.31486.0), Spring Cloud (253.31486.0), Spring Boot (253.31486.0), JSONPath (253.31486.0), HTTP Client (253.31486.0), Jakarta EE: Expression Language (EL) (253.31486.0), Jakarta EE: Server Pages (JSP) (253.31486.0), PostCSS (253.31486.0), XPathView + XSLT (253.31486.0), Hibernate (253.31486.0), Spring Data (253.31486.0), Jakarta EE: Persistence (JPA) (253.31486.0), JVM Persistence Frameworks (253.31486.0), TestNG (253.31486.0), Code Coverage for Java (253.31486.0), Jakarta EE: Web/Servlets (253.31486.0), Natural Languages (253.31486.0), Java IDE Customization (253.31486.0), Apache Velocity (253.31486.0), Configuration Script (253.31486.0), Shared Indexes (253.31486.0), Shared Project Indexes (253.31486.0), Git (253.31486.0), Maven (253.31486.0), Gradle for Java (253.31486.0), Webpack (253.31486.0), Styled Components & Styled JSX (253.31486.0), Polymer & Web Components (253.31486.0), React (253.31486.0), Vite (253.31486.0), Prettier (253.31486.0), Next.js (253.31486.0), Karma (253.31486.0), Node.js (253.31486.0), JavaScript Intention Power Pack (253.31486.0), Vue.js (253.31486.0), Package Checker (253.31486.0), Jakarta EE: Bean Validation (253.31486.0), Spring Web (253.31486.0), Endpoints (253.31486.0)
2026-02-19 09:50:55,079 [    867]   INFO - #c.i.i.p.PluginManager - Loaded custom plugins: Plugin DevKit (253.31486.0), Security Analysis by Qodana (253.31486.0), Swing UI Designer (253.31486.0), Hardcoded Passwords (253.31486.0), Dependency Analysis (253.31486.0)
2026-02-19 09:50:55,115 [    903]   INFO - #c.i.i.p.DisabledPluginsState - Plugins to enable: [com.intellij.modules.ultimate],  was already enabled, nothing changed
2026-02-19 09:50:55,116 [    904]   INFO - #c.i.i.p.DisabledPluginsState - Plugins to enable: [com.intellij.modules.ultimate],  was already enabled, nothing changed
2026-02-19 09:50:55,121 [    909]   INFO - #c.i.o.u.LowMemoryWatcherManager - Use ExponentiallySmoothingTracker(90000 ms)
2026-02-19 09:50:55,123 [    911]   INFO - #c.i.o.u.LowMemoryWatcherManager - Subscribing to MemoryPool[G1 Old Gen]{max: 28840034304, threshold: 27398031360 (0.95 * max)}
2026-02-19 09:50:55,123 [    911]   INFO - #c.i.o.u.LowMemoryWatcherManager - Schedule GC-time updating: each 15000ms
2026-02-19 09:50:55,199 [    987]   INFO - #c.i.u.i.PageCacheUtils - File page caching params:
	DEFAULT_PAGE_SIZE: 10485760
	Direct memory to use, max: 28819062784
	FilePageCache: regular
	Regular FilePageCache: 629145600 bytes
	DirectByteBuffers pool: 104857600 bytes
2026-02-19 09:50:55,241 [   1029]   INFO - #c.i.l.LocalizationStateServiceImpl - [i18n] Localization property from registry is null
2026-02-19 09:50:55,248 [   1036]   INFO - #o.j.q.s.i.s.QodanaApplicationStarter - Command line arguments: [qodana, --config-dir, /tmp/qd-effective-config-800454335, /data/project, /data/results]
2026-02-19 09:50:55,258 [   1046]   INFO - #c.i.p.e.i.f.EelMultiRoutingFileSystemBackendInitializationService - Eel MultiRoutingFileSystem backend is initialized
2026-02-19 09:50:55,270 [   1058]   INFO - #c.i.u.s.JBUIScale - System scale factor: 1.0 (IDE-managed HiDPI)
2026-02-19 09:50:55,287 [   1075]   INFO - #c.i.o.v.n.i.VfsData - Use SoftReference in VFS cache: true
2026-02-19 09:50:55,342 [   1130]   INFO - #c.i.o.v.n.p.PersistentFSLoader - VFS uses names enumerator over mmapped file
2026-02-19 09:50:55,343 [   1131]   INFO - #c.i.o.v.n.p.PersistentFSLoader - VFS uses streamlined attributes storage (over mmapped file)
2026-02-19 09:50:55,347 [   1135]   INFO - #c.i.o.v.n.p.PersistentFSLoader - VFS uses OverMMappedFile(pageSize=67108864, acquireStorageOwnership=true) storage for main file records table
2026-02-19 09:50:55,347 [   1135]   INFO - #c.i.o.v.n.p.PersistentFSLoader - VFS uses content storage over memory-mapped file, with compression algo: LZ4[ > 8000b ]
2026-02-19 09:50:55,501 [   1289]   INFO - #c.i.o.v.n.p.PersistentFSLoader - VFS: impl (expected) version=846400, 0 file records, 0 content blobs
2026-02-19 09:50:55,504 [   1292]   INFO - #c.i.o.v.n.p.FSRecordsImpl - VFS initialized: 167 ms, 0 failed attempts, 0 error(s) were recovered
2026-02-19 09:50:55,520 [   1308]   INFO - #c.i.o.v.n.p.FSRecordsImpl - VFS scanned: file-by-name index was populated
2026-02-19 09:50:55,528 [   1316]   INFO - #c.i.a.o.PathMacrosImpl - Loaded path macros: {MAVEN_REPOSITORY=/data/cache/.m2}
2026-02-19 09:50:55,529 [   1317]   INFO - #c.i.o.v.n.p.PersistentFSImpl - VFS.MAX_FILE_LENGTH_TO_CACHE: 1048576
2026-02-19 09:50:55,539 [   1327]   INFO - #c.i.p.k.b.BackendKernelServiceKt - Backend started Kernel
2026-02-19 09:50:55,565 [   1353]   INFO - #c.i.i.p.ExpiredPluginsState - Plugins to skip: []
2026-02-19 09:50:55,568 [   1356]   INFO - #c.i.i.s.StatisticsRegionSettingsServiceImpl - Statistics. Region code is not_set
2026-02-19 09:50:55,617 [   1405]   INFO - #fleet.kernel.Transactor - Duration: 72.215083ms, change from: fleet.tracing.runtime.Span$Noop@1c37b5b2
2026-02-19 09:50:55,630 [   1418]   INFO - #c.i.p.trialPromotion - IDE is not managed
2026-02-19 09:50:55,633 [   1421]   INFO - #c.i.o.v.n.p.FSRecords - VFS health-check enabled: first after 600000 ms, and each following 43200000 ms, wrap in RA: true
2026-02-19 09:50:55,643 [   1431]   INFO - #c.i.u.n.s.CertificateManager - Default SSL context initialized
2026-02-19 09:50:55,654 [   1442]   INFO - #c.i.i.s.e.StatisticsEventLoggerProvider - Initialize event logger provider for 'FUS'
2026-02-19 09:50:55,656 [   1444]   INFO - #c.i.i.s.e.StatisticsEventLoggerProvider - Initialize event logger provider for 'MP'
2026-02-19 09:50:55,657 [   1445]   INFO - #c.i.i.s.e.StatisticsEventLoggerProvider - Initialize event logger provider for 'TRACE'
2026-02-19 09:50:55,659 [   1447]   INFO - #c.i.i.s.e.StatisticsEventLoggerProvider - Initialize event logger provider for 'ML'
2026-02-19 09:50:55,670 [   1458]   INFO - #c.i.s.c.m.SettingsRepositoryToSettingsSyncMigration - No data from settingsRepository in 'settingsRepository' folder => no migration needed
2026-02-19 09:50:55,754 [   1542]   INFO - #o.j.i.BuiltInServerManager - built-in server started, port 63342
2026-02-19 09:50:55,905 [   1693]   INFO - c.i.p.i.IdeFingerprint - Calculated dependencies fingerprint in 760 ms (hash=afgra1ooukso, buildTime=1771494654, appVersion=QDJVM-253.31486)
2026-02-19 09:50:55,971 [   1759]   INFO - #c.i.o.v.i.l.NativeFileWatcherImpl - Native file watcher is disabled
2026-02-19 09:50:55,972 [   1760]   INFO - #c.i.u.i.c.d.IndexWriter - Use com.intellij.util.indexing.contentQueue.dev.MultiThreadedWithSuspendIndexWriter@189ceca7 as (parallel) index writer implementation
2026-02-19 09:50:55,976 [   1764]   INFO - #c.i.u.i.i.SlruIndexStorageCacheProvider - SLRU cache will be used for indexes
2026-02-19 09:50:55,976 [   1764]   INFO - #c.i.u.i.i.MapIndexStorageCacheProvider$Companion - Default index storage cache provider [com.intellij.util.indexing.impl.SlruIndexStorageCacheProvider@54eb88c0] is used
2026-02-19 09:50:55,978 [   1766]   INFO - #c.i.u.i.FileBasedIndexImpl - Loading indexes
2026-02-19 09:50:56,009 [   1797]   INFO - #c.i.i.s.p.i.SharedIndexMainZipStorage - Shared Indexes Storage is opened and empty
2026-02-19 09:50:56,060 [   1848]   INFO - #c.i.i.s.DeviceIdManager - Generating new Device ID for 'MP'
2026-02-19 09:50:56,060 [   1848]   INFO - #c.i.i.s.e.EventLogConfiguration - Generating new salt for MP
2026-02-19 09:50:56,145 [   1933]   INFO - #c.i.u.i.i.s.IndexStorageLayoutLocator - Layout 'default' will be used to for 'TodoIndex' index (applicable providers: [default, fake-storage])
2026-02-19 09:50:56,145 [   1933]   INFO - #c.i.u.i.i.s.IndexStorageLayoutLocator - Layout 'default' will be used to for 'fileIncludes' index (applicable providers: [default, fake-storage])
2026-02-19 09:50:56,146 [   1934]   INFO - #c.i.u.i.i.s.IndexStorageLayoutLocator - Layout 'default' will be used to for 'filetypes' index (applicable providers: [default, fake-storage])
2026-02-19 09:50:56,146 [   1934]   INFO - #c.i.u.i.i.s.IndexStorageLayoutLocator - Layout 'default' will be used to for 'IdIndex' index (applicable providers: [default, fake-storage]), shards = 1
2026-02-19 09:50:56,146 [   1934]   INFO - #c.i.u.i.i.s.IndexStorageLayoutLocator - Layout 'default' will be used to for 'Stubs' index (applicable providers: [default, fake-storage])
2026-02-19 09:50:56,147 [   1935]   INFO - #c.i.u.i.i.s.IndexStorageLayoutLocator - Layout 'default' will be used to for 'FilenameIndex' index (applicable providers: [default, fake-storage])
2026-02-19 09:50:56,148 [   1936]   INFO - #c.i.f.n.TrigramIndexFilter - Filter exclude extensions is enabled: CustomizableExcludeExtensions([com.intellij.java.JavaLibrarySourcesExcludingIndexFilterExtension@272f9087])
2026-02-19 09:50:56,148 [   1936]   INFO - #c.i.u.i.i.s.IndexStorageLayoutLocator - Layout 'default' will be used to for 'Trigram.Index' index (applicable providers: [default, fake-storage]), shards = 1
2026-02-19 09:50:56,153 [   1941]   INFO - #c.i.u.i.i.s.IndexStorageLayoutLocator - Layout 'default' will be used to for 'HashFragmentIndex' index (applicable providers: [default, fake-storage])
2026-02-19 09:50:56,166 [   1954]   INFO - #c.i.u.i.i.s.IndexStorageLayoutLocator - Layout 'default' will be used to for 'FrameworkDetectionIndex' index (applicable providers: [default, fake-storage])
2026-02-19 09:50:56,174 [   1962]   INFO - #c.i.u.i.i.s.IndexStorageLayoutLocator - Layout 'default' will be used to for 'sql.types.count.index' index (applicable providers: [default, fake-storage])
2026-02-19 09:50:56,186 [   1974]   INFO - #c.i.u.i.i.s.IndexStorageLayoutLocator - Layout 'default' will be used to for 'sql.routine.index' index (applicable providers: [default, fake-storage])
2026-02-19 09:50:56,189 [   1977]   INFO - #c.i.u.i.i.s.IndexStorageLayoutLocator - Layout 'default' will be used to for 'XmlTagNames' index (applicable providers: [default, fake-storage])
2026-02-19 09:50:56,215 [   2003]   INFO - #c.i.u.i.i.s.IndexStorageLayoutLocator - Layout 'default' will be used to for 'XmlNamespaces' index (applicable providers: [default, fake-storage])
2026-02-19 09:50:56,215 [   2003]   INFO - #c.i.u.i.i.s.IndexStorageLayoutLocator - Layout 'default' will be used to for 'DomFileIndex' index (applicable providers: [default, fake-storage])
2026-02-19 09:50:56,216 [   2004]   INFO - #c.i.u.i.i.s.IndexStorageLayoutLocator - Layout 'default' will be used to for 'RelaxSymbolIndex' index (applicable providers: [default, fake-storage])
2026-02-19 09:50:56,217 [   2005]   INFO - #c.i.u.i.i.s.IndexStorageLayoutLocator - Layout 'default' will be used to for 'html5.custom.attributes.index' index (applicable providers: [default, fake-storage])
2026-02-19 09:50:56,220 [   2008]   INFO - #c.i.u.i.i.s.IndexStorageLayoutLocator - Layout 'default' will be used to for 'SchemaTypeInheritance' index (applicable providers: [default, fake-storage])
2026-02-19 09:50:56,220 [   2008]   INFO - #c.i.u.i.i.s.IndexStorageLayoutLocator - Layout 'default' will be used to for 'xmlProperties' index (applicable providers: [default, fake-storage])
2026-02-19 09:50:56,220 [   2008]   INFO - #c.i.u.i.i.s.IndexStorageLayoutLocator - Layout 'default' will be used to for 'json.file.root.values' index (applicable providers: [default, fake-storage])
2026-02-19 09:50:56,231 [   2019]   INFO - #c.i.u.i.i.s.IndexStorageLayoutLocator - Layout 'default' will be used to for 'editorconfig.index.name' index (applicable providers: [default, fake-storage])
2026-02-19 09:50:56,235 [   2023]   INFO - #c.i.u.i.i.s.IndexStorageLayoutLocator - Layout 'default' will be used to for 'css.template.selectors' index (applicable providers: [default, fake-storage])
2026-02-19 09:50:56,236 [   2024]   INFO - #c.i.u.i.i.s.IndexStorageLayoutLocator - Layout 'default' will be used to for 'CssIndex' index (applicable providers: [default, fake-storage])
2026-02-19 09:50:56,237 [   2025]   INFO - #c.i.u.i.i.s.IndexStorageLayoutLocator - Layout 'default' will be used to for 'java.auto.module.name' index (applicable providers: [default, fake-storage])
2026-02-19 09:50:56,240 [   2028]   INFO - #c.i.u.i.i.s.IndexStorageLayoutLocator - Layout 'default' will be used to for 'CompassFunctionsIndex' index (applicable providers: [default, fake-storage])
2026-02-19 09:50:56,243 [   2031]   INFO - #c.i.u.i.i.s.IndexStorageLayoutLocator - Layout 'default' will be used to for 'java.source.module.name' index (applicable providers: [default, fake-storage])
2026-02-19 09:50:56,244 [   2032]   INFO - #c.i.u.i.i.s.IndexStorageLayoutLocator - Layout 'default' will be used to for 'java.fun.expression' index (applicable providers: [default, fake-storage])
2026-02-19 09:50:56,244 [   2032]   INFO - #c.i.u.i.i.s.IndexStorageLayoutLocator - Layout 'default' will be used to for 'java.binary.plus.expression' index (applicable providers: [default, fake-storage])
2026-02-19 09:50:56,245 [   2033]   INFO - #c.i.u.i.i.s.IndexStorageLayoutLocator - Layout 'default' will be used to for 'java.null.method.argument' index (applicable providers: [default, fake-storage])
2026-02-19 09:50:56,249 [   2037]   INFO - #c.i.u.i.i.s.IndexStorageLayoutLocator - Layout 'default' will be used to for 'bytecodeAnalysis' index (applicable providers: [default, fake-storage])
2026-02-19 09:50:56,284 [   2072]   INFO - #c.i.u.i.i.s.IndexStorageLayoutLocator - Layout 'default' will be used to for 'FtlFileIndex' index (applicable providers: [default, fake-storage])
2026-02-19 09:50:56,284 [   2072]   INFO - #c.i.u.i.i.s.IndexStorageLayoutLocator - Layout 'default' will be used to for 'devkit.ExtensionPointIndex' index (applicable providers: [default, fake-storage])
2026-02-19 09:50:56,284 [   2072]   INFO - #c.i.u.i.i.s.IndexStorageLayoutLocator - Layout 'default' will be used to for 'PluginIdDependenciesIndex' index (applicable providers: [default, fake-storage])
2026-02-19 09:50:56,285 [   2073]   INFO - #c.i.u.i.i.s.IndexStorageLayoutLocator - Layout 'default' will be used to for 'devkit.ExtensionPointClassIndex' index (applicable providers: [default, fake-storage])
2026-02-19 09:50:56,287 [   2075]   INFO - #c.i.u.i.i.s.IndexStorageLayoutLocator - Layout 'default' will be used to for 'PropertyCodeReferenceIndex' index (applicable providers: [default, fake-storage])
2026-02-19 09:50:56,287 [   2075]   INFO - #c.i.u.i.i.s.IndexStorageLayoutLocator - Layout 'default' will be used to for 'com.intellij.jpa.jpb.model.EntityRegisterFileIndex' index (applicable providers: [default, fake-storage])
2026-02-19 09:50:56,287 [   2075]   INFO - #c.i.u.i.i.s.IndexStorageLayoutLocator - Layout 'default' will be used to for 'IdeaPluginRegistrationIndex' index (applicable providers: [default, fake-storage])
2026-02-19 09:50:56,287 [   2075]   INFO - #c.i.u.i.i.s.IndexStorageLayoutLocator - Layout 'default' will be used to for 'PluginIdModuleIndex' index (applicable providers: [default, fake-storage])
2026-02-19 09:50:56,306 [   2094]   INFO - #c.i.u.i.i.s.IndexStorageLayoutLocator - Layout 'default' will be used to for 'LombokConfigIndex' index (applicable providers: [default, fake-storage])
2026-02-19 09:50:56,308 [   2096]   INFO - #c.i.u.i.i.s.IndexStorageLayoutLocator - Layout 'default' will be used to for 'org.jetbrains.kotlin.idea.versions.KotlinJvmMetadataVersionIndex' index (applicable providers: [default, fake-storage])
2026-02-19 09:50:56,308 [   2096]   INFO - #c.i.u.i.i.s.IndexStorageLayoutLocator - Layout 'default' will be used to for 'org.jetbrains.kotlin.idea.vfilefinder.KotlinPartialPackageNamesIndex' index (applicable providers: [default, fake-storage])
2026-02-19 09:50:56,310 [   2098]   INFO - #c.i.u.i.i.s.IndexStorageLayoutLocator - Layout 'default' will be used to for 'org.jetbrains.kotlin.idea.versions.KotlinJsMetadataVersionIndex' index (applicable providers: [default, fake-storage])
2026-02-19 09:50:56,325 [   2113]   INFO - #c.i.u.i.i.s.IndexStorageLayoutLocator - Layout 'default' will be used to for 'org.jetbrains.kotlin.idea.vfilefinder.KotlinClassFileIndex' index (applicable providers: [default, fake-storage])
2026-02-19 09:50:56,325 [   2113]   INFO - #c.i.u.i.i.s.IndexStorageLayoutLocator - Layout 'default' will be used to for 'org.jetbrains.kotlin.idea.vfilefinder.KotlinJavaScriptMetaFileIndex' index (applicable providers: [default, fake-storage])
2026-02-19 09:50:56,326 [   2114]   INFO - #c.i.u.i.i.s.IndexStorageLayoutLocator - Layout 'default' will be used to for 'org.jetbrains.kotlin.idea.vfilefinder.KotlinMetadataFileIndex' index (applicable providers: [default, fake-storage])
2026-02-19 09:50:56,326 [   2114]   INFO - #c.i.u.i.i.s.IndexStorageLayoutLocator - Layout 'default' will be used to for 'org.jetbrains.kotlin.idea.vfilefinder.KotlinMetadataFilePackageIndex' index (applicable providers: [default, fake-storage])
2026-02-19 09:50:56,332 [   2120]   INFO - #c.i.u.i.i.s.IndexStorageLayoutLocator - Layout 'default' will be used to for 'org.jetbrains.kotlin.idea.vfilefinder.KotlinModuleMappingIndex' index (applicable providers: [default, fake-storage])
2026-02-19 09:50:56,337 [   2125]   INFO - #c.i.u.i.i.s.IndexStorageLayoutLocator - Layout 'default' will be used to for 'KotlinPackageSourcesMemberNamesIndex' index (applicable providers: [default, fake-storage])
2026-02-19 09:50:56,337 [   2125]   INFO - #c.i.u.i.i.s.IndexStorageLayoutLocator - Layout 'default' will be used to for 'org.jetbrains.kotlin.idea.vfilefinder.KotlinBuiltInsMetadataIndex' index (applicable providers: [default, fake-storage])
2026-02-19 09:50:56,337 [   2125]   INFO - #c.i.u.i.i.s.IndexStorageLayoutLocator - Layout 'default' will be used to for 'org.jetbrains.kotlin.idea.vfilefinder.KotlinJvmModuleAnnotationsIndex' index (applicable providers: [default, fake-storage])
2026-02-19 09:50:56,341 [   2129]   INFO - #c.i.u.i.i.s.IndexStorageLayoutLocator - Layout 'default' will be used to for 'org.jetbrains.kotlin.idea.vfilefinder.KotlinStdlibIndex' index (applicable providers: [default, fake-storage])
2026-02-19 09:50:56,345 [   2133]   INFO - #c.i.u.i.i.s.IndexStorageLayoutLocator - Layout 'default' will be used to for 'org.jetbrains.kotlin.idea.vfilefinder.KlibMetaFileIndex' index (applicable providers: [default, fake-storage])
2026-02-19 09:50:56,345 [   2133]   INFO - #c.i.u.i.i.s.IndexStorageLayoutLocator - Layout 'default' will be used to for 'KotlinTopLevelClassLikeDeclarationByPackageShortNameIndex' index (applicable providers: [default, fake-storage])
2026-02-19 09:50:56,346 [   2134]   INFO - #c.i.u.i.i.s.IndexStorageLayoutLocator - Layout 'default' will be used to for 'KotlinTopLevelCallableByPackageShortNameIndex' index (applicable providers: [default, fake-storage])
2026-02-19 09:50:56,348 [   2136]   INFO - #c.i.u.i.i.s.IndexStorageLayoutLocator - Layout 'default' will be used to for 'KotlinBinaryRootToPackageIndex' index (applicable providers: [default, fake-storage])
2026-02-19 09:50:56,357 [   2145]   INFO - #c.i.u.i.i.s.IndexStorageLayoutLocator - Layout 'default' will be used to for 'HtmlTagIdIndex' index (applicable providers: [default, fake-storage])
2026-02-19 09:50:56,357 [   2145]   INFO - #c.i.u.i.i.s.IndexStorageLayoutLocator - Layout 'default' will be used to for 'com.intellij.uiDesigner.FormClassIndex' index (applicable providers: [default, fake-storage])
2026-02-19 09:50:56,357 [   2145]   INFO - #c.i.u.i.i.s.IndexStorageLayoutLocator - Layout 'default' will be used to for 'spring.spiFileIndex' index (applicable providers: [default, fake-storage])
2026-02-19 09:50:56,359 [   2147]   INFO - #c.i.u.i.i.s.IndexStorageLayoutLocator - Layout 'default' will be used to for 'SpringXmlBeansIndex' index (applicable providers: [default, fake-storage])
2026-02-19 09:50:56,367 [   2155]   INFO - #c.i.u.i.i.s.IndexStorageLayoutLocator - Layout 'default' will be used to for 'SpringBootPropertiesImports' index (applicable providers: [default, fake-storage])
2026-02-19 09:50:56,369 [   2157]   INFO - #c.i.u.i.i.s.IndexStorageLayoutLocator - Layout 'default' will be used to for 'SpringBootYamlImports' index (applicable providers: [default, fake-storage])
2026-02-19 09:50:56,370 [   2158]   INFO - #c.i.u.i.i.s.IndexStorageLayoutLocator - Layout 'default' will be used to for 'spring.boot.importsFileIndex' index (applicable providers: [default, fake-storage])
2026-02-19 09:50:56,371 [   2159]   INFO - #c.i.u.i.i.s.IndexStorageLayoutLocator - Layout 'default' will be used to for 'spring.autoConfigureMetadataIndex' index (applicable providers: [default, fake-storage])
2026-02-19 09:50:56,380 [   2168]   INFO - #c.i.u.i.i.s.IndexStorageLayoutLocator - Layout 'default' will be used to for 'http.request.completion.host' index (applicable providers: [default, fake-storage])
2026-02-19 09:50:56,381 [   2169]   INFO - #c.i.u.i.i.s.IndexStorageLayoutLocator - Layout 'default' will be used to for 'http.request.execution.environment' index (applicable providers: [default, fake-storage])
2026-02-19 09:50:56,381 [   2169]   INFO - #c.i.u.i.i.s.IndexStorageLayoutLocator - Layout 'default' will be used to for 'http.request.headers.values.index' index (applicable providers: [default, fake-storage])
2026-02-19 09:50:56,381 [   2169]   INFO - #c.i.u.i.i.s.IndexStorageLayoutLocator - Layout 'default' will be used to for 'http.request.name.index' index (applicable providers: [default, fake-storage])
2026-02-19 09:50:56,389 [   2177]   INFO - #c.i.u.i.i.s.IndexStorageLayoutLocator - Layout 'default' will be used to for 'taglibUris' index (applicable providers: [default, fake-storage])
2026-02-19 09:50:56,391 [   2179]   INFO - #c.i.u.i.i.s.IndexStorageLayoutLocator - Layout 'default' will be used to for 'XsltSymbolIndex' index (applicable providers: [default, fake-storage])
2026-02-19 09:50:56,391 [   2179]   INFO - #c.i.u.i.i.s.IndexStorageLayoutLocator - Layout 'default' will be used to for 'js.test.names' index (applicable providers: [default, fake-storage])
2026-02-19 09:50:56,391 [   2179]   INFO - #c.i.u.i.i.s.IndexStorageLayoutLocator - Layout 'default' will be used to for 'VtlFileIndex' index (applicable providers: [default, fake-storage])
2026-02-19 09:50:56,395 [   2183]   INFO - #c.i.u.i.i.s.IndexStorageLayoutLocator - Layout 'default' will be used to for 'js.package.index' index (applicable providers: [default, fake-storage])
2026-02-19 09:50:56,401 [   2189]   INFO - #c.i.u.i.i.s.IndexStorageLayoutLocator - Layout 'default' will be used to for 'js.string.literal.words.index' index (applicable providers: [default, fake-storage])
2026-02-19 09:50:56,401 [   2189]   INFO - #c.i.u.i.i.s.IndexStorageLayoutLocator - Layout 'default' will be used to for 'js.custom.single.entry.index' index (applicable providers: [default, fake-storage])
2026-02-19 09:50:56,401 [   2189]   INFO - #c.i.u.i.i.s.IndexStorageLayoutLocator - Layout 'default' will be used to for 'js.implicit.elements.index' index (applicable providers: [default, fake-storage])
2026-02-19 09:50:56,406 [   2194]   INFO - #c.i.u.i.i.s.IndexStorageLayoutLocator - Layout 'default' will be used to for 'HtmlScriptSrcIndex' index (applicable providers: [default, fake-storage])
2026-02-19 09:50:56,406 [   2194]   INFO - #c.i.u.i.i.s.IndexStorageLayoutLocator - Layout 'default' will be used to for 'TypeScriptExternalPathCandidates' index (applicable providers: [default, fake-storage])
2026-02-19 09:50:56,408 [   2196]   INFO - #c.i.u.i.i.s.IndexStorageLayoutLocator - Layout 'default' will be used to for 'js.test.names.extensible' index (applicable providers: [default, fake-storage])
2026-02-19 09:50:56,414 [   2202]   INFO - #c.i.u.i.i.s.IndexStorageLayoutLocator - Layout 'default' will be used to for 'WebComponentsIndex' index (applicable providers: [default, fake-storage])
2026-02-19 09:50:56,414 [   2202]   INFO - #c.i.u.i.i.s.IndexStorageLayoutLocator - Layout 'default' will be used to for 'VueNoScriptFilesIndex' index (applicable providers: [default, fake-storage])
2026-02-19 09:50:56,419 [   2207]   INFO - #c.i.u.i.i.s.IndexStorageLayoutLocator - Layout 'default' will be used to for 'VueComponentStylesIndex' index (applicable providers: [default, fake-storage])
2026-02-19 09:50:56,435 [   2223]   INFO - #c.i.u.i.FileBasedIndexImpl - Indices to be built:org.jetbrains.kotlin.idea.vfilefinder.KotlinPartialPackageNamesIndex(v = 5),org.jetbrains.kotlin.idea.versions.KotlinJsMetadataVersionIndex(v = 3),PropertyCodeReferenceIndex(v = 0),SpringXmlBeansIndex(v = 661),spring.spiFileIndex(v = 3),org.jetbrains.kotlin.idea.vfilefinder.KotlinClassFileIndex(v = 3),css.template.selectors(v = 38),IdIndex(v = 22),VueComponentStylesIndex(v = 2),editorconfig.index.name(v = 5),com.intellij.jpa.jpb.model.EntityRegisterFileIndex(v = 0),devkit.ExtensionPointClassIndex(v = 12),HtmlScriptSrcIndex(v = 1),PluginIdDependenciesIndex(v = 17),org.jetbrains.kotlin.idea.vfilefinder.KotlinMetadataFilePackageIndex(v = 2),http.request.headers.values.index(v = 4),spring.boot.importsFileIndex(v = 1),js.package.index(v = 12),js.custom.single.entry.index(v = 1123642),CompassFunctionsIndex(v = 41),org.jetbrains.kotlin.idea.vfilefinder.KotlinModuleMappingIndex(v = 5),spring.autoConfigureMetadataIndex(v = 2),KotlinBinaryRootToPackageIndex(v = 7),http.request.execution.environment(v = 3),org.jetbrains.kotlin.idea.vfilefinder.KotlinJvmModuleAnnotationsIndex(v = 1),http.request.completion.host(v = 5),FtlFileIndex(v = 5),js.test.names(v = 25),http.request.name.index(v = 2),org.jetbrains.kotlin.idea.vfilefinder.KotlinBuiltInsMetadataIndex(v = 4),js.implicit.elements.index(v = 1123652),TodoIndex(v = 13),IdeaPluginRegistrationIndex(v = 20),html5.custom.attributes.index(v = 1),SpringBootPropertiesImports(v = 0),LombokConfigIndex(v = 15),RelaxSymbolIndex(v = 0),js.string.literal.words.index(v = 4),DomFileIndex(v = 0),bytecodeAnalysis(v = 11),org.jetbrains.kotlin.idea.vfilefinder.KotlinJavaScriptMetaFileIndex(v = 4),SchemaTypeInheritance(v = 2),HashFragmentIndex(v = 19111503),org.jetbrains.kotlin.idea.versions.KotlinJvmMetadataVersionIndex(v = 5),java.null.method.argument(v = 1),KotlinTopLevelCallableByPackageShortNameIndex(v = 3),js.test.names.extensible(v = 257237),PluginIdModuleIndex(v = 13),CssIndex(v = 43),HtmlTagIdIndex(v = 3),VtlFileIndex(v = 1),com.intellij.uiDesigner.FormClassIndex(v = 0),XsltSymbolIndex(v = 0),java.fun.expression(v = 6),taglibUris(v = 7),XmlTagNames(v = 1),SpringBootYamlImports(v = 0),org.jetbrains.kotlin.idea.vfilefinder.KlibMetaFileIndex(v = 4),WebComponentsIndex(v = 5),org.jetbrains.kotlin.idea.vfilefinder.KotlinMetadataFileIndex(v = 2),fileIncludes(v = 6),VueNoScriptFilesIndex(v = 12),java.source.module.name(v = 4),Trigram.Index(v = 4),KotlinPackageSourcesMemberNamesIndex(v = 2),Stubs(v = 46),devkit.ExtensionPointIndex(v = 12),KotlinTopLevelClassLikeDeclarationByPackageShortNameIndex(v = 3),java.binary.plus.expression(v = 4),XmlNamespaces(v = 8),sql.types.count.index(v = 0),filetypes(v = 4096),xmlProperties(v = 2),org.jetbrains.kotlin.idea.vfilefinder.KotlinStdlibIndex(v = 2),FilenameIndex(v = 258),TypeScriptExternalPathCandidates(v = 0),java.auto.module.name(v = 6),FrameworkDetectionIndex(v = 65536),json.file.root.values(v = 5),sql.routine.index(v = 1)
2026-02-19 09:50:56,435 [   2223]   INFO - #c.i.u.i.FileBasedIndexImpl - Using simple flusher for indexes
2026-02-19 09:50:56,438 [   2226]   INFO - #c.i.u.i.IndexDataInitializer - Index data initialization done: 457 ms. Initialized indexes: [FilenameIndex, filetypes, Trigram.Index, sql.types.count.index, fileIncludes, XmlTagNames, sql.routine.index, FrameworkDetectionIndex, HashFragmentIndex, IdIndex, TodoIndex, Stubs, DomFileIndex, html5.custom.attributes.index, RelaxSymbolIndex, XmlNamespaces, java.auto.module.name, json.file.root.values, SchemaTypeInheritance, xmlProperties, editorconfig.index.name, CssIndex, java.null.method.argument, java.binary.plus.expression, java.fun.expression, bytecodeAnalysis, java.source.module.name, CompassFunctionsIndex, css.template.selectors, devkit.ExtensionPointClassIndex, PluginIdDependenciesIndex, FtlFileIndex, PluginIdModuleIndex, IdeaPluginRegistrationIndex, PropertyCodeReferenceIndex, com.intellij.jpa.jpb.model.EntityRegisterFileIndex, devkit.ExtensionPointIndex, LombokConfigIndex, org.jetbrains.kotlin.idea.versions.KotlinJvmMetadataVersionIndex, org.jetbrains.kotlin.idea.vfilefinder.KotlinPartialPackageNamesIndex, org.jetbrains.kotlin.idea.versions.KotlinJsMetadataVersionIndex, org.jetbrains.kotlin.idea.vfilefinder.KotlinClassFileIndex, org.jetbrains.kotlin.idea.vfilefinder.KotlinMetadataFileIndex, org.jetbrains.kotlin.idea.vfilefinder.KotlinJavaScriptMetaFileIndex, org.jetbrains.kotlin.idea.vfilefinder.KotlinMetadataFilePackageIndex, org.jetbrains.kotlin.idea.vfilefinder.KotlinModuleMappingIndex, KotlinPackageSourcesMemberNamesIndex, org.jetbrains.kotlin.idea.vfilefinder.KotlinBuiltInsMetadataIndex, org.jetbrains.kotlin.idea.vfilefinder.KotlinJvmModuleAnnotationsIndex, org.jetbrains.kotlin.idea.vfilefinder.KotlinStdlibIndex, org.jetbrains.kotlin.idea.vfilefinder.KlibMetaFileIndex, KotlinTopLevelCallableByPackageShortNameIndex, KotlinBinaryRootToPackageIndex, KotlinTopLevelClassLikeDeclarationByPackageShortNameIndex, com.intellij.uiDesigner.FormClassIndex, SpringXmlBeansIndex, HtmlTagIdIndex, spring.spiFileIndex, SpringBootPropertiesImports, spring.autoConfigureMetadataIndex, spring.boot.importsFileIndex, SpringBootYamlImports, http.request.completion.host, http.request.execution.environment, http.request.headers.values.index, http.request.name.index, taglibUris, VtlFileIndex, XsltSymbolIndex, js.test.names, js.package.index, js.custom.single.entry.index, js.string.literal.words.index, js.implicit.elements.index, TypeScriptExternalPathCandidates, HtmlScriptSrcIndex, js.test.names.extensible, VueNoScriptFilesIndex, WebComponentsIndex, VueComponentStylesIndex].
2026-02-19 09:50:56,648 [   2436]   INFO - #c.i.p.s.StubIndexImpl - Following stub indices will be built:JS.subclass.stub.index(v = 2),vue.components.index(v = 25),org.jetbrains.kotlin.idea.stubindex.KotlinTopLevelTypeAliasFqNameIndex(v = 2),js.nonglobal.symbol.index(v = 2),gr.script.fqn.s(v = 5),js.local.namespace.members.index(v = 2),properties.index(v = 2),java.field.name(v = 2),es6.side.effect.import.index(v = 3),vuex.store.index(v = 25),java.unnamed.class(v = 2),gr.class.fqn.s(v = 5),Css.attr(v = 2),Css.ampersand.selector(v = 2),js.element.qualifiedName(v = 3),KotlinTopLevelFunctionByPackageIndex(v = 2),Scss.mixin(v = 3),JS.global.qualified.elements(v = 3),dom.elementClass(v = 0),Css.custom.mixin(v = 2),js.symbol.qualified.names.index(v = 1),org.jetbrains.kotlin.idea.stubindex.KotlinTopLevelPropertyFqnNameIndex(v = 3),org.jetbrains.kotlin.idea.stubindex.KotlinSubclassObjectNameIndex(v = 3),js.used.remote.modules(v = 2),KotlinProbablyNothingPropertyShortNameIndex(v = 2),vue.global.directives.index(v = 25),JS.class.implements(v = 3),org.jetbrains.kotlin.idea.stubindex.KotlinClassShortNameIndex(v = 3),Scss.function(v = 3),java.class.fqn(v = 1),JS.framework.markers.index(v = 2),org.jetbrains.kotlin.idea.stubindex.KotlinScriptFqnIndex(v = 2),Scss.placeholder.selector(v = 2),org.jetbrains.kotlin.idea.stubindex.KotlinTopLevelFunctionFqnNameIndex(v = 3),JS.base.types.index(v = 3),vue.options.index(v = 25),JS.class.super(v = 5),java.class.shortname(v = 4),KotlinProbablyContractedFunctionShortNameIndex(v = 2),Css.class(v = 3),js.symbol.index2(v = 6),vue.mixin.binding.index(v = 25),js.qualified.shortName(v = 4),org.jetbrains.kotlin.idea.stubindex.KotlinFileFacadeShortNameIndex(v = 3),org.jetbrains.kotlin.idea.stubindex.KotlinInnerTypeAliasClassIdIndex(v = 2),jvm.static.member.name(v = 2),ts.external.module.name.index(v = 3),org.jetbrains.kotlin.idea.stubindex.KotlinTopLevelClassByPackageIndex(v = 2),KotlinTopLevelTypeAliasByPackageIndex(v = 2),js.amd.modules(v = 2),KotlinProbablyNothingFunctionShortNameIndex(v = 2),postcss.custom.selector(v = 2),js.generics.index(v = 2),sql.column.name(v = 3),postcss.custom.media(v = 2),KotlinTopLevelExpectPropertyFqNameIndex(v = 2),dom.namespaceKey(v = 1),js.global.symbol.index(v = 2),Less.variables(v = 2),org.jetbrains.kotlin.idea.stubindex.KotlinFullClassNameIndex(v = 3),sql.names(v = 21),org.jetbrains.kotlin.idea.stubindex.KotlinFunctionShortNameIndex(v = 3),org.jetbrains.kotlin.idea.stubindex.KotlinTypeAliasShortNameIndex(v = 2),org.jetbrains.kotlin.idea.stubindex.KotlinExactPackagesIndex(v = 2),js.class.index2(v = 3),org.jetbrains.kotlin.idea.stubindex.KotlinMultifileClassPartIndex(v = 2),js.imported.bindings.index(v = 2),KotlinTopLevelExpectFunctionFqNameIndex(v = 2),KotlinOverridableInternalMembersShortNameIndex(v = 2),org.jetbrains.kotlin.idea.stubindex.KotlinFileFacadeFqNameIndex(v = 2),js.exported.index(v = 2),KotlinTypeAliasByExpansionShortNameIndex(v = 2),js.gcl.modules(v = 2),vue.id.index(v = 25),gr.annot.members(v = 5),js.lazy.packages(v = 3),org.jetbrains.kotlin.idea.stubindex.KotlinSuperClassIndex(v = 2),js.doc.modules(v = 2),gr.method.name(v = 5),vue.url.index(v = 25),KotlinTopLevelExtensionsByReceiverTypeIndex(v = 4),Scss.variable(v = 2),KotlinTopLevelPropertyByPackageIndex(v = 2),gr.script.class(v = 5),org.jetbrains.kotlin.idea.stubindex.KotlinAnnotationsIndex(v = 3),Css.custom.property(v = 2),amd.requirePaths.index(v = 2),gr.annot.method.name(v = 5),gr.anonymous.class(v = 6),KotlinProbablyInjectedFunctionShortNameIndex(v = 2),java.module.name(v = 4),ts.global.exported.index(v = 2),java.method.parameter.types(v = 3),vue.extends.binding.index(v = 25),kotlin.primeIndexKey(v = 2),Less.mixins(v = 2),ts.local.classes(v = 2),KotlinExtensionsInObjectsByReceiverTypeIndex(v = 2),Css.custom.variable(v = 3),KotlinFileFacadeClassByPackageIndex(v = 2),java.anonymous.baseref(v = 2),vue.global.filters.index(v = 25),org.jetbrains.kotlin.idea.stubindex.KotlinFilePartClassIndex(v = 2),gr.field.name(v = 5),java.record.component.name(v = 2),ts.external.module.index(v = 3),js.namespace.index(v = 2),amd.baseUrl.index(v = 2),java.annotations(v = 2),es6.exported.index(v = 3),js.typedef.index2(v = 2),org.jetbrains.kotlin.idea.stubindex.KotlinPropertyShortNameIndex(v = 2),sql.table.shortName(v = 3),es6.assignment.index(v = 2),ts.embedded.content.index(v = 2),gr.class.super(v = 5),vue.composition.app.index(v = 25),redis.dml.shortName(v = 3),java.class.extlist(v = 3),Css.id(v = 2),jvm.static.member.type(v = 2),java.method.name(v = 2),org.jetbrains.kotlin.idea.stubindex.KotlinJvmNameAnnotationIndex(v = 2),js.export.default.react.component.index(v = 2)
2026-02-19 09:50:56,648 [   2436]   INFO - #c.i.u.i.IndexDataInitializer - Index data initialization done: 209 ms. Initialized stub indexes: {js.generics.index, vue.composition.app.index, KotlinTopLevelExpectFunctionFqNameIndex, Less.variables, java.method.name, gr.annot.method.name, gr.script.fqn.s, Css.attr, js.global.symbol.index, vue.global.directives.index, java.module.name, vue.url.index, vue.components.index, KotlinOverridableInternalMembersShortNameIndex, ts.external.module.name.index, sql.names, jvm.static.member.type, properties.index, js.symbol.index2, gr.script.class, Scss.function, java.anonymous.baseref, org.jetbrains.kotlin.idea.stubindex.KotlinPropertyShortNameIndex, java.method.parameter.types, gr.anonymous.class, Scss.placeholder.selector, gr.annot.members, jvm.static.member.name, org.jetbrains.kotlin.idea.stubindex.KotlinTopLevelClassByPackageIndex, java.class.fqn, vue.mixin.binding.index, js.local.namespace.members.index, es6.exported.index, org.jetbrains.kotlin.idea.stubindex.KotlinFullClassNameIndex, vue.id.index, org.jetbrains.kotlin.idea.stubindex.KotlinExactPackagesIndex, org.jetbrains.kotlin.idea.stubindex.KotlinTopLevelPropertyFqnNameIndex, Css.custom.property, KotlinFileFacadeClassByPackageIndex, org.jetbrains.kotlin.idea.stubindex.KotlinFunctionShortNameIndex, java.class.shortname, KotlinProbablyContractedFunctionShortNameIndex, postcss.custom.media, JS.framework.markers.index, amd.requirePaths.index, gr.class.fqn.s, Scss.mixin, org.jetbrains.kotlin.idea.stubindex.KotlinTypeAliasShortNameIndex, es6.side.effect.import.index, KotlinTypeAliasByExpansionShortNameIndex, org.jetbrains.kotlin.idea.stubindex.KotlinJvmNameAnnotationIndex, js.qualified.shortName, java.unnamed.class, KotlinTopLevelTypeAliasByPackageIndex, js.element.qualifiedName, org.jetbrains.kotlin.idea.stubindex.KotlinFileFacadeFqNameIndex, KotlinProbablyNothingPropertyShortNameIndex, KotlinTopLevelExpectPropertyFqNameIndex, postcss.custom.selector, js.exported.index, org.jetbrains.kotlin.idea.stubindex.KotlinFileFacadeShortNameIndex, JS.base.types.index, JS.class.implements, org.jetbrains.kotlin.idea.stubindex.KotlinTopLevelTypeAliasFqNameIndex, java.class.extlist, org.jetbrains.kotlin.idea.stubindex.KotlinInnerTypeAliasClassIdIndex, js.nonglobal.symbol.index, js.doc.modules, vuex.store.index, amd.baseUrl.index, org.jetbrains.kotlin.idea.stubindex.KotlinTopLevelFunctionFqnNameIndex, org.jetbrains.kotlin.idea.stubindex.KotlinAnnotationsIndex, vue.extends.binding.index, gr.class.super, org.jetbrains.kotlin.idea.stubindex.KotlinFilePartClassIndex, KotlinTopLevelFunctionByPackageIndex, gr.method.name, Css.custom.mixin, redis.dml.shortName, JS.class.super, Css.id, ts.local.classes, kotlin.primeIndexKey, Less.mixins, KotlinProbablyNothingFunctionShortNameIndex, org.jetbrains.kotlin.idea.stubindex.KotlinClassShortNameIndex, dom.elementClass, Css.class, java.field.name, js.class.index2, js.amd.modules, KotlinProbablyInjectedFunctionShortNameIndex, Css.ampersand.selector, JS.subclass.stub.index, gr.field.name, dom.namespaceKey, vue.global.filters.index, ts.embedded.content.index, js.lazy.packages, Scss.variable, KotlinTopLevelPropertyByPackageIndex, org.jetbrains.kotlin.idea.stubindex.KotlinSuperClassIndex, vue.options.index, ts.external.module.index, KotlinExtensionsInObjectsByReceiverTypeIndex, sql.column.name, ts.global.exported.index, java.record.component.name, js.export.default.react.component.index, js.symbol.qualified.names.index, js.namespace.index, js.gcl.modules, es6.assignment.index, java.annotations, js.imported.bindings.index, js.used.remote.modules, Css.custom.variable, JS.global.qualified.elements, sql.table.shortName, org.jetbrains.kotlin.idea.stubindex.KotlinSubclassObjectNameIndex, KotlinTopLevelExtensionsByReceiverTypeIndex, org.jetbrains.kotlin.idea.stubindex.KotlinScriptFqnIndex, js.typedef.index2, org.jetbrains.kotlin.idea.stubindex.KotlinMultifileClassPartIndex}.
2026-02-19 09:50:57,117 [   2905]   INFO - STDOUT - By using this linter, you agree to
2026-02-19 09:50:57,117 [   2905]   INFO - STDOUT - - JetBrains Privacy Policy (https://jb.gg/jetbrains-privacy-policy)
2026-02-19 09:50:57,117 [   2905]   INFO - STDOUT - - Qodana Linters Agreement (https://www.jetbrains.com/legal/docs/agreements/qodana/license/)
2026-02-19 09:50:57,117 [   2905]   INFO - STDOUT - Licensed to JetBrains Team
2026-02-19 09:50:57,117 [   2905]   INFO - STDOUT - Subscription is active until June 30, 2026.
2026-02-19 09:50:57,117 [   2905]   INFO - STDOUT - Qodana license plan: Ultimate Plus
2026-02-19 09:50:57,129 [   2917]   WARN - org.jline - Unable to create a system terminal, creating a dumb terminal (enable debug logging for more information)
2026-02-19 09:50:57,146 [   2934]   WARN - org.jline - Unable to create a system terminal, creating a dumb terminal (enable debug logging for more information)
2026-02-19 09:50:57,151 [   2939]   INFO - STDOUT -                                         
2026-02-19 09:50:57,151 [   2939]   INFO - STDOUT -           _              _       
2026-02-19 09:50:57,151 [   2939]   INFO - STDOUT -          /\ \           /\ \        Qodana for JVM 2025.3.3 Preview
2026-02-19 09:50:57,151 [   2939]   INFO - STDOUT -         /  \ \         /  \ \       Documentation
2026-02-19 09:50:57,151 [   2939]   INFO - STDOUT -        / /\ \ \       / /\ \ \      https://jb.gg/qodana-docs
2026-02-19 09:50:57,151 [   2939]   INFO - STDOUT -       / / /\ \ \     / / /\ \ \     Contact us at
2026-02-19 09:50:57,151 [   2939]   INFO - STDOUT -      / / /  \ \_\   / / /  \ \_\    qodana-support@jetbrains.com
2026-02-19 09:50:57,152 [   2940]   INFO - STDOUT -     / / / _ / / /  / / /   / / /    Or via our issue tracker
2026-02-19 09:50:57,152 [   2940]   INFO - STDOUT -    / / / /\ \/ /  / / /   / / /     https://jb.gg/qodana-issue
2026-02-19 09:50:57,152 [   2940]   INFO - STDOUT -   / / /__\ \ \/  / / /___/ / /      Or share your feedback at our forum
2026-02-19 09:50:57,152 [   2940]   INFO - STDOUT -  / / /____\ \ \ / / /____\/ /       https://jb.gg/qodana-forum
2026-02-19 09:50:57,152 [   2940]   INFO - STDOUT -  \/________\_\/ \/_________/     
2026-02-19 09:50:57,152 [   2940]   INFO - STDOUT -                                                    
2026-02-19 09:50:57,152 [   2940]   INFO - STDOUT -                                         
2026-02-19 09:50:57,152 [   2940]   INFO - STDOUT - Starting up Qodana for JVM 2025.3.3 Preview (build QDJVM-253.31486)…done.
2026-02-19 09:51:07,517 [  13305]   INFO - #o.j.q.j.j.QodanaConfigJdkService - Setting up JDK '21' from Qodana config
2026-02-19 09:51:07,550 [  13338]   INFO - #c.i.o.p.i.j.JdkAuto - Looking for a local SDK for JDK with name 21
2026-02-19 09:51:07,577 [  13365]   INFO - #c.i.o.p.i.j.JdkAuto - The following local JDKs were found: [/opt/idea/jbr, 21.0.10, 21]
2026-02-19 09:51:07,670 [  13458]   INFO - #c.i.w.i.i.j.s.JpsGlobalModelSynchronizerImpl - Loading global entities com.intellij.platform.workspace.jps.entities.SdkEntity from files
2026-02-19 09:51:07,671 [  13459]   INFO - #c.i.w.i.i.j.s.JpsGlobalModelSynchronizerImpl - Loading global entities com.intellij.platform.workspace.jps.entities.LibraryEntity from files
2026-02-19 09:51:07,711 [  13499]   INFO - #c.i.u.s.JBUIScale - Computed user scale factor: 1.0 (IDE-managed HiDPI)
2026-02-19 09:51:08,101 [  13889]   INFO - #c.i.w.i.i.GlobalWorkspaceModel - Global model updated to version 2 in 16 ms: Adding SDK: 21 JavaSDK
2026-02-19 09:51:08,101 [  13889]   INFO - #c.i.o.p.i.UnknownMissingSdkFixLocal - Automatically set Sdk SdkLookup{JDK, name=21} to /opt/idea/jbr
2026-02-19 09:51:08,101 [  13889]   INFO - #o.j.q.j.j.QodanaConfigJdkService - Setting up JDK '21' from Qodana config completed
2026-02-19 09:51:08,106 [  13894]   INFO - #o.j.q.s.i.r.ConsoleLog - Preparing for the Project opening stage ...
2026-02-19 09:51:08,106 [  13894]   INFO - STDOUT - Opening project…Preparing for the Project opening stage ...
2026-02-19 09:51:08,127 [  13915]   INFO - #c.i.i.i.ProjectUtil - Opening existing project with .idea at /data/project
2026-02-19 09:51:08,142 [  13930]   INFO - #c.i.p.p.ProjectEntitiesStorage - Creating entity for project ProjectId(id=nlv5j8ro657slalm977a)
2026-02-19 09:51:08,150 [  13938]   INFO - #c.i.p.p.ProjectEntitiesStorage - Entity for project ProjectId(id=nlv5j8ro657slalm977a) created successfully
2026-02-19 09:51:08,160 [  13948]   INFO - #c.i.c.ComponentStoreImpl - Project store initialization started for path: /data/project and template: null
2026-02-19 09:51:08,209 [  13997]   INFO - #c.i.c.ComponentStoreImpl - Project store initialized with paths: [Macro(key=$PROJECT_CONFIG_DIR$, value=/data/project/.idea), Macro(key=$WORKSPACE_FILE$, value=/data/project/.idea/workspace.xml), Macro(key=$PROJECT_FILE$, value=/data/project/.idea/misc.xml), Macro(key=$CACHE_FILE$, value=/data/cache/idea/253/projects/project.15375f63/cache-state.xml), Macro(key=$PRODUCT_WORKSPACE_FILE$, value=/root/.config/idea/workspace/34jFNVRP1mvQHeF1ZhaD1SREEFz.xml)]
2026-02-19 09:51:08,220 [  14008]   INFO - #c.i.w.i.i.GlobalWorkspaceModel - Project java-basics is added to the list of initializing and open projects
2026-02-19 09:51:08,221 [  14009]   INFO - #c.i.w.i.i.l.m.ModuleBridgeLoaderService - Workspace model loaded without cache. Loading real project state into workspace model. Thread[#75,DefaultDispatcher-worker-43,5,main]
2026-02-19 09:51:08,283 [  14071]   INFO - #c.i.w.i.i.EntitiesOrphanageImpl - Update orphanage. 0 modules added
2026-02-19 09:51:08,285 [  14073]   INFO - #c.i.w.i.i.WorkspaceModelImpl - Project model updated to version 1 in 57 ms: Change entity sources to externally imported
2026-02-19 09:51:08,364 [  14152]   INFO - #c.i.w.i.i.GlobalWorkspaceModel - Sync global entities with mutable entity storage
2026-02-19 09:51:08,391 [  14179]   INFO - #c.i.w.i.i.j.s.JpsProjectModelSynchronizer - Attempt 1: Apply JPS storage (iml files)
2026-02-19 09:51:08,417 [  14205]   INFO - #c.i.c.m.CodeInsightContextEnabling - multiverse is enabled
2026-02-19 09:51:08,462 [  14250]   INFO - #c.i.w.i.i.GlobalWorkspaceModel - During global workspace model update the changes were also applied to project: java-basics
2026-02-19 09:51:08,463 [  14251]   INFO - #c.i.w.i.i.GlobalWorkspaceModel - Global model updated to version 3 in 1 ms: Sync entities from project java-basics with global storage
2026-02-19 09:51:08,463 [  14251]   INFO - #c.i.w.i.i.EntitiesOrphanageImpl - Update orphanage. 0 modules added
2026-02-19 09:51:08,474 [  14262]   INFO - #c.i.w.i.i.WorkspaceModelImpl - Project model updated to version 2
2026-02-19 09:51:08,475 [  14263]   INFO - #c.i.w.i.i.EntitiesOrphanageImpl - Update orphanage. 1 modules added
2026-02-19 09:51:08,475 [  14263]   INFO - #c.i.w.i.i.j.s.JpsProjectModelSynchronizer - Attempt 1: Changes were successfully applied
2026-02-19 09:51:08,536 [  14324]   INFO - #c.i.w.i.i.EntitiesOrphanageImpl - Update orphanage. 0 modules added
2026-02-19 09:51:08,537 [  14325]   INFO - #c.i.w.i.i.WorkspaceModelImpl - Project model updated to version 3 in 15 ms: Module model commit
2026-02-19 09:51:08,576 [  14364]   INFO - #c.i.w.i.i.EntitiesOrphanageImpl - Update orphanage. 0 modules added
2026-02-19 09:51:08,577 [  14365]   INFO - #c.i.w.i.i.WorkspaceModelImpl - Project model updated to version 4 in 26 ms: Root model commit
2026-02-19 09:51:08,644 [  14432]   INFO - #c.i.p.c.ProjectCodeStyleSettingsManager - Initialized from default code style settings.
2026-02-19 09:51:08,646 [  14434]   INFO - #c.i.w.i.i.EntitiesOrphanageImpl - Update orphanage. 0 modules added
2026-02-19 09:51:08,647 [  14435]   INFO - #c.i.w.i.i.WorkspaceModelImpl - Project model updated to version 5 in 3 ms: Add project root /data/project to project java-basics
2026-02-19 09:51:08,648 [  14436]   INFO - #c.i.o.p.i.ProjectManagerImpl - Project java-basics was added to the list of open projects
2026-02-19 09:51:08,664 [  14452]   INFO - #c.i.o.p.MergingQueueGuiExecutor - Running task: (dumb mode task) com.intellij.openapi.project.InitialDumbTaskRequiredForSmartMode@495cdc0f
2026-02-19 09:51:08,665 [  14453]   INFO - #c.i.o.p.DumbServiceMergingTaskQueue - Initializing DumbServiceMergingTaskQueue...
2026-02-19 09:51:08,666 [  14454]   INFO - #c.i.o.p.DumbServiceMergingTaskQueue - Running initialization condition: com.intellij.indexing.shared.download.SharedIndexDownloadedCondition@1c5b00cf
2026-02-19 09:51:08,667 [  14455]   INFO - #c.i.o.p.DumbServiceMergingTaskQueue - Finished: com.intellij.indexing.shared.download.SharedIndexDownloadedCondition@1c5b00cf
2026-02-19 09:51:08,671 [  14459]   INFO - #c.i.o.p.InitialDumbTaskRequiredForSmartMode - Running task required for smart mode: com.intellij.indexing.shared.platform.impl.OnDiskSharedIndexChunkLocator@3d25f8c8
2026-02-19 09:51:08,671 [  14459]   INFO - #c.i.o.p.InitialDumbTaskRequiredForSmartMode - Finished task required for smart mode: com.intellij.indexing.shared.platform.impl.OnDiskSharedIndexChunkLocator@3d25f8c8
2026-02-19 09:51:08,671 [  14459]   INFO - #c.i.o.p.InitialDumbTaskRequiredForSmartMode - Running task required for smart mode: com.intellij.util.indexing.ProjectFileBasedIndexStartupActivity@216c9e80
2026-02-19 09:51:08,672 [  14460]   INFO - STDOUT - 'external-system' is in progress...
2026-02-19 09:51:08,676 [  14464]   INFO - #c.i.u.i.FileBasedIndexImpl - Indexes are already loaded
2026-02-19 09:51:08,677 [  14465]   INFO - #c.i.u.i.p.IncrementalProjectIndexableFilesFilterHolder - PersistentProjectIndexableFilesFilterFactory is chosen as indexable files filter factory for project: java-basics
2026-02-19 09:51:08,681 [  14469]   INFO - #c.i.u.i.FileBasedIndexImpl - Indexes are already loaded
2026-02-19 09:51:08,695 [  14483]   INFO - #c.i.u.i.d.AppIndexingDependenciesService - Invalidating all indexing flags. Reason: App fingerprint changed: FingerprintImpl(fingerprint=0) to FingerprintImpl(fingerprint=1372761331609160904)
2026-02-19 09:51:08,708 [  14496]   INFO - #c.i.u.i.UnindexedFilesScanner - Full scanning on startup will NOT be skipped for project java-basics because of following unsatisfied conditions:
FILTER_IS_NOT_UP_TO_DATE: Persistent indexable files filter is NOT up-to-date because of following unsatisfied conditions: [IS_FILTER_LOADED_FROM_DISK, FILTER_IS_NOT_INVALIDATED, INDEXING_REQUEST_ID_DID_NOT_CHANGE_AFTER_LAST_SCANNING]
2026-02-19 09:51:08,710 [  14498]   INFO - #c.i.o.e.s.p.m.ExternalProjectsDataStorage - Load external projects data in 2 millis (read time: 1)
2026-02-19 09:51:08,720 [  14508]   INFO - #c.i.o.p.InitialDumbTaskRequiredForSmartMode - Finished task required for smart mode: com.intellij.util.indexing.ProjectFileBasedIndexStartupActivity@216c9e80
2026-02-19 09:51:08,720 [  14508]   INFO - #c.i.o.p.InitialDumbTaskRequiredForSmartMode - Running task required for smart mode: com.intellij.util.indexing.FileBasedIndexInfrastructureExtensionStartup@4eee62d8
2026-02-19 09:51:08,721 [  14509]   INFO - #c.i.o.p.UnindexedFilesScannerExecutor - [15375f63] Running task: com.intellij.util.indexing.UnindexedFilesScannerExecutorImpl$ScheduledScanningTask@5981ba8a
2026-02-19 09:51:08,736 [  14524]   INFO - #c.i.o.a.i.NonBlockingReadActionImpl - OTel monitoring for NonBlockingReadAction is enabled
2026-02-19 09:51:08,737 [  14525]   INFO - #c.i.u.i.UnindexedFilesScanner - [15375f63] scanning stage (scanning id=0): DelayedPushProperties
2026-02-19 09:51:08,738 [  14526]   INFO - #c.i.w.i.i.EntitiesOrphanageImpl - Update orphanage. 0 modules added
2026-02-19 09:51:08,739 [  14527]   INFO - #c.i.w.i.i.WorkspaceModelImpl - Project model updated to version 6 in 15 ms: ConstantEntitiesCheckActivity
2026-02-19 09:51:08,749 [  14537]   INFO - #o.j.k.g.s.s.r.GradleBuildRootIndex - /data/project: null -> org.jetbrains.kotlin.gradle.scripting.shared.roots.New@34550ed5
2026-02-19 09:51:08,751 [  14539]   INFO - #c.i.u.i.FileBasedIndexImpl - Indexes are already loaded
2026-02-19 09:51:08,752 [  14540]   INFO - #c.i.u.i.UnindexedFilesScanner - [15375f63] Started scanning for indexing of java-basics. Reason: On project open
2026-02-19 09:51:08,754 [  14542]   INFO - #c.i.u.i.UnindexedFilesScanner - [15375f63] scanning stage (scanning id=0): CreatingIterators
2026-02-19 09:51:08,789 [  14577]   INFO - #c.i.o.v.i.p.NewMappings - VCS Root: [Git] - [<Project>]
2026-02-19 09:51:08,789 [  14577]   INFO - #c.i.o.v.i.p.NewMappings - VCS Root: [Git] - [/data/project/subproject]
2026-02-19 09:51:08,831 [  14619]   INFO - #o.j.k.i.PluginStartupActivity - Kotlin plugin mode: K2
2026-02-19 09:51:08,855 [  14643]   INFO - #c.i.p.d.i.f.FrontendXBreakpointManager - Breakpoint created for XBreakpointId(uid=1)
2026-02-19 09:51:08,855 [  14643]   INFO - #c.i.p.d.i.f.FrontendXBreakpointManager - Breakpoint created for XBreakpointId(uid=2)
2026-02-19 09:51:08,883 [  14671]   INFO - #c.i.o.v.i.p.NewMappings - Mapped Roots: 2
2026-02-19 09:51:08,885 [  14673]   INFO - #c.i.o.v.i.p.NewMappings - Detected mapped Root: [Git] - [/data/project]
2026-02-19 09:51:08,916 [  14704]   INFO - #git4idea.commands.GitHandler - [/data/project] git -c core.quotepath=false -c log.showSignature=false version
2026-02-19 09:51:08,923 [  14711]   INFO - #git4idea.commands.GitHandler - git version 2.39.5
2026-02-19 09:51:08,934 [  14722]   INFO - #git4idea.config.GitExecutableFileTester - Git version for /usr/bin/git: 2.39.5.0 (UNIX)
2026-02-19 09:51:08,946 [  14734]   INFO - #c.i.c.CompilerWorkspaceConfiguration - Available processors: 8
2026-02-19 09:51:08,962 [  14750]   WARN - #o.j.i.maven - MavenProjectsTree is inconsistent
2026-02-19 09:51:08,964 [  14752]   INFO - #o.j.i.maven - Updating index list for project Project(name=java-basics, containerState=COMPONENT_CREATED, componentStore=/data/project)
2026-02-19 09:51:08,966 [  14754]   INFO - #o.j.i.maven - updating index list for Project(name=java-basics, containerState=COMPONENT_CREATED, componentStore=/data/project) - will add repository local:local:/data/cache/.m2, before was null
2026-02-19 09:51:08,969 [  14757]   WARN - #o.j.i.maven - updateAllMavenProjects started: incremental=false, MavenProjectsManager.onProjectStartup java-basics
2026-02-19 09:51:08,973 [  14761]   INFO - #o.j.i.maven - Starting update maven index for local:local:/data/cache/.m2
2026-02-19 09:51:08,984 [  14772]   INFO - #o.j.i.maven - GAV index updated for repo /data/cache/.m2, 0 files processed in 0 groups in 2 millis, succeed = true
2026-02-19 09:51:09,100 [  14888]   INFO - #c.i.j.d.b.r.HostToClientMessagingService - New subscription for ClientId(value=Host)
2026-02-19 09:51:09,101 [  14889]   INFO - #c.i.j.d.f.r.HostRequestListenerActivity - Connected to host
2026-02-19 09:51:09,103 [  14891]   INFO - #o.j.q.s.i.r.ConsoleLog - Setting project JDK 21
2026-02-19 09:51:09,104 [  14892]   INFO - STDOUT - Setting project JDK 21
2026-02-19 09:51:09,132 [  14920]   INFO - #o.j.q.j.j.SdkRootsFixActivity - Set resolve roots for SDK 21 Version:java version "21.0.10" Path:(/opt/idea/jbr)
2026-02-19 09:51:09,261 [  15049]   INFO - #c.i.l.t.l.TypeScriptLibraryProviderImpl - Start refreshing typescript libraries
2026-02-19 09:51:09,267 [  15055]   INFO - #c.i.u.i.UnindexedFilesScanner - [15375f63] scanning stage (scanning id=0): CollectingIndexableFiles
2026-02-19 09:51:09,288 [  15076]   INFO - #c.i.u.i.UnindexedFilesScanner - Scanning of java-basics uses 8 scanning threads
2026-02-19 09:51:09,319 [  15107]   INFO - #c.i.w.i.i.EntitiesOrphanageImpl - Update orphanage. 0 modules added
2026-02-19 09:51:09,320 [  15108]   INFO - #c.i.w.i.i.WorkspaceModelImpl - Project model updated to version 7 in 3 ms: setOrClearProjectSdkName: SdkId(name=21, type=JavaSDK)
2026-02-19 09:51:09,331 [  15119]   INFO - #c.i.w.i.i.EntitiesOrphanageImpl - Update orphanage. 0 modules added
2026-02-19 09:51:09,348 [  15136]   INFO - STDOUT - [IDE]: Task 'Importing 'project' Gradle Project' started
2026-02-19 09:51:09,353 [  15141]   INFO - #c.i.w.i.i.WorkspaceModelImpl - Project model updated to version 8 in 26 ms: Sync global entities with project: java-basics
2026-02-19 09:51:09,355 [  15143]   INFO - #c.i.w.i.i.GlobalWorkspaceModel - During global workspace model update the changes were also applied to project: java-basics
2026-02-19 09:51:09,356 [  15144]   INFO - #c.i.w.i.i.GlobalWorkspaceModel - Global model updated to version 4 in 29 ms: Modifying SDK SdkId(name=21, type=JavaSDK)
2026-02-19 09:51:09,364 [  15152]   INFO - #c.i.i.s.IdeStartupScripts - 0 startup script(s) found
2026-02-19 09:51:09,384 [  15172]   INFO - #c.i.d.PerformanceWatcherImpl - Post-startup activities under progress took 717ms; general responsiveness: ok; EDT responsiveness: ok
2026-02-19 09:51:09,464 [  15252]   INFO - #c.i.p.t.TemplateLanguageStubBaseVersion - Template stub version: 12361794
  StubVersion(Language: HTML, value: 1123678)
  StubVersion(Language: Properties, value: 0)
  StubVersion(Language: CSS, value: 38)
  StubVersion(Language: SCSS, value: 39)
  StubVersion(Language: SASS, value: 39)
  StubVersion(Language: SQL, value: 35)
  StubVersion(Language: Groovy, value: 52)
  StubVersion(Language: MongoDB, value: 35)
  StubVersion(Language: Redis, value: 35)
  StubVersion(Language: MySQL, value: 35)
  StubVersion(Language: SQLite, value: 35)
  StubVersion(Language: PostgreSQL, value: 35)
  StubVersion(Language: SQL92, value: 35)
  StubVersion(Language: GenericSQL, value: 35)
  StubVersion(Language: Oracle, value: 35)
  StubVersion(Language: NetSuite, value: 35)
  StubVersion(Language: OracleSqlPlus, value: 35)
  StubVersion(Language: TSQL, value: 35)
  StubVersion(Language: Sybase, value: 35)
  StubVersion(Language: MariaDB, value: 35)
  StubVersion(Language: CassandraQL, value: 35)
  StubVersion(Language: ClickHouse, value: 35)
  StubVersion(Language: DB2_IS, value: 35)
  StubVersion(Language: DB2, value: 35)
  StubVersion(Language: DB2_ZOS, value: 35)
  StubVersion(Language: Derby, value: 35)
  StubVersion(Language: Exasol, value: 35)
  StubVersion(Language: Greenplum, value: 35)
  StubVersion(Language: H2, value: 35)
  StubVersion(Language: HiveQL, value: 35)
  StubVersion(Language: HSQLDB, value: 35)
  StubVersion(Language: Redshift, value: 35)
  StubVersion(Language: Snowflake, value: 35)
  StubVersion(Language: SparkSQL, value: 35)
  StubVersion(Language: Vertica, value: 35)
  StubVersion(Language: BigQuery, value: 35)
  StubVersion(Language: CouchbaseQuery, value: 35)
  StubVersion(Language: Cockroach, value: 35)
  StubVersion(Language: Dynamo, value: 35)
  StubVersion(Language: JAVA, value: 66)
  StubVersion(Language: JavaScript, value: 1123637)
  StubVersion(Language: TypeScript, value: 1123637)
  StubVersion(Language: ECMAScript 6, value: 1123637)
  StubVersion(Language: TypeScript JSX, value: 1123637)
  StubVersion(Language: Flow JS, value: 1123637)
  StubVersion(Language: MongoJSExt, value: 1123637)
  StubVersion(Language: HttpClientHandlerJavaScriptDialect, value: 1123637)
  StubVersion(Language: Vue, value: 1123688)
  StubVersion(Language: VueJS, value: 1123637)
  StubVersion(Language: VueTS, value: 1123637)
  StubVersion(Language: LESS, value: 38)
  StubVersion(Language: kotlin, value: 227)
  StubVersion(Language: PostCSS, value: 41)
2026-02-19 09:51:09,472 [  15260]   INFO - #c.i.l.t.l.TypeScriptLibraryProviderImpl - End refreshing typescript libraries
2026-02-19 09:51:09,480 [  15268]   INFO - #c.i.o.e.u.ExternalSystemUtil - External project [/data/project] resolution task started
2026-02-19 09:51:09,484 [  15272]   INFO - STDOUT - [Gradle]: Gradle resolve stage started java-basics:15375f63, working dir: /data/project
2026-02-19 09:51:09,535 [  15323]   INFO - STDOUT - [IDE]: Task 'Resolving SDKs' started
2026-02-19 09:51:09,537 [  15325]   INFO - STDOUT - [IDE]: Validating existing SDKs
2026-02-19 09:51:09,541 [  15329]   INFO - #o.j.i.maven - preimport statistics: linked: 1 of 1 with total 1 modules interpolated 15 of 15, 0 modules added. This statistics calculated for 0 millis
2026-02-19 09:51:09,556 [  15344]   INFO - #o.j.i.maven - Importing Maven project using Workspace API
2026-02-19 09:51:09,563 [  15351]   INFO - #o.j.p.g.GradleManager - Instructing gradle to use java from /opt/idea/jbr
2026-02-19 09:51:09,614 [  15402]   INFO - #o.j.p.g.GradleManager - Instructing gradle to use java from /opt/idea/jbr
2026-02-19 09:51:09,733 [  15521]   WARN - #c.i.o.e.c.i.EditorColorsManagerImpl - resource not found: colorSchemes/SqlDefault.xml
2026-02-19 09:51:09,735 [  15523]   WARN - #c.i.o.e.c.i.EditorColorsManagerImpl - resource not found: colorSchemes/sassDefault.xml
2026-02-19 09:51:09,741 [  15529]   WARN - #c.i.o.e.c.i.EditorColorsManagerImpl - resource not found: colorSchemes/SqlDarcula.xml
2026-02-19 09:51:09,749 [  15537]   INFO - #c.i.i.s.p.i.SharedIndexChunkConfigurationImpl - Chunk bundled-jdk-30f59d01ecdd-2fc7cc6b9a17-intellij.indexing.shared.core-QDJVM-253.31486 is registered for project 'java-basics: matching: (fb=96, stub=126), incompatible: (fb=1, stub=0), unknown: (fb=10, stub=13), 
2026-02-19 09:51:09,897 [  15685]   INFO - #c.i.i.s.p.i.SharedIndexChunkConfigurationImpl - Chunk bundled-js-predefined-d6986cc7102b-9b0f141eb926-JavaScript-QDJVM-253.31486 is registered for project 'java-basics: matching: (fb=64, stub=117), incompatible: (fb=4, stub=0), unknown: (fb=30, stub=43), 
2026-02-19 09:51:09,898 [  15686]   INFO - #c.i.i.s.p.i.SharedIndexInfrastructure - Attached 2 shared indexes: bundled-jdk-30f59d01ecdd-2fc7cc6b9a17-intellij.indexing.shared.core-QDJVM-253.31486, bundled-js-predefined-d6986cc7102b-9b0f141eb926-JavaScript-QDJVM-253.31486
2026-02-19 09:51:09,898 [  15686]   INFO - #c.i.o.p.InitialDumbTaskRequiredForSmartMode - Finished task required for smart mode: com.intellij.util.indexing.FileBasedIndexInfrastructureExtensionStartup@4eee62d8
2026-02-19 09:51:09,899 [  15687]   INFO - #c.i.i.s.p.i.BundledSharedIndexPostStartupActivity - Attached 2 pre-built shared indexes: bundled-jdk-30f59d01ecdd-2fc7cc6b9a17-intellij.indexing.shared.core-QDJVM-253.31486, bundled-js-predefined-d6986cc7102b-9b0f141eb926-JavaScript-QDJVM-253.31486
2026-02-19 09:51:09,900 [  15688]   INFO - #c.i.o.p.InitialDumbTaskRequiredForSmartMode - Running task required for smart mode: com.intellij.util.indexing.DumbModeWhileScanningSubscriber@b0c0fd8
2026-02-19 09:51:09,901 [  15689]   INFO - #c.i.o.p.InitialDumbTaskRequiredForSmartMode - Finished task required for smart mode: com.intellij.util.indexing.DumbModeWhileScanningSubscriber@b0c0fd8
2026-02-19 09:51:09,902 [  15690]   INFO - #c.i.o.p.InitialDumbTaskRequiredForSmartMode - Running task required for smart mode: com.intellij.ide.projectWizard.generators.SdkPreIndexingRequiredForSmartModeActivity@5864f270
2026-02-19 09:51:09,903 [  15691]   INFO - #c.i.o.p.InitialDumbTaskRequiredForSmartMode - Finished task required for smart mode: com.intellij.ide.projectWizard.generators.SdkPreIndexingRequiredForSmartModeActivity@5864f270
2026-02-19 09:51:09,903 [  15691]   INFO - #c.i.o.p.MergingQueueGuiExecutor - Task finished: (dumb mode task) com.intellij.openapi.project.InitialDumbTaskRequiredForSmartMode@495cdc0f
2026-02-19 09:51:09,925 [  15713]   INFO - #c.i.u.i.IndexingReasonExplanationLogger - Scheduling indexing of sass_math.scss (id=100) by request of indexes: [filetypes->NOT_INDEXED(not indexed),Trigram.Index->NOT_INDEXED(not indexed),IdIndex->NOT_INDEXED(not indexed),Stubs->NOT_INDEXED(not indexed),]. Scanner has updated file sass_math.scss (id=100) with appliers: [SingleIndexValueApplier{indexId=filetypes, inputId=100, fileInfo='sass_math.scss(id=100)'}] and removers: []; 
2026-02-19 09:51:09,925 [  15713]   INFO - #c.i.u.i.IndexingReasonExplanationLogger - Scheduling indexing of sass_functions.scss (id=96) by request of indexes: [filetypes->NOT_INDEXED(not indexed),Trigram.Index->NOT_INDEXED(not indexed),IdIndex->NOT_INDEXED(not indexed),Stubs->NOT_INDEXED(not indexed),]. Scanner has updated file sass_functions.scss (id=96) with appliers: [SingleIndexValueApplier{indexId=filetypes, inputId=96, fileInfo='sass_functions.scss(id=96)'}] and removers: []; 
2026-02-19 09:51:09,925 [  15713]   INFO - #c.i.u.i.IndexingReasonExplanationLogger - Scheduling indexing of sass_selector.scss (id=102) by request of indexes: [filetypes->NOT_INDEXED(not indexed),Trigram.Index->NOT_INDEXED(not indexed),IdIndex->NOT_INDEXED(not indexed),Stubs->NOT_INDEXED(not indexed),]. Scanner has updated file sass_selector.scss (id=102) with appliers: [SingleIndexValueApplier{indexId=filetypes, inputId=102, fileInfo='sass_selector.scss(id=102)'}] and removers: []; 
2026-02-19 09:51:09,925 [  15713]   INFO - #c.i.u.i.IndexingReasonExplanationLogger - Scheduling indexing of sass_string.scss (id=103) by request of indexes: [filetypes->NOT_INDEXED(not indexed),Trigram.Index->NOT_INDEXED(not indexed),IdIndex->NOT_INDEXED(not indexed),Stubs->NOT_INDEXED(not indexed),]. Scanner has updated file sass_string.scss (id=103) with appliers: [SingleIndexValueApplier{indexId=filetypes, inputId=103, fileInfo='sass_string.scss(id=103)'}] and removers: []; 
2026-02-19 09:51:09,925 [  15713]   INFO - #c.i.u.i.IndexingReasonExplanationLogger - Scheduling indexing of sass_color.scss (id=97) by request of indexes: [filetypes->NOT_INDEXED(not indexed),Trigram.Index->NOT_INDEXED(not indexed),IdIndex->NOT_INDEXED(not indexed),Stubs->NOT_INDEXED(not indexed),]. Scanner has updated file sass_color.scss (id=97) with appliers: [SingleIndexValueApplier{indexId=filetypes, inputId=97, fileInfo='sass_color.scss(id=97)'}] and removers: []; 
2026-02-19 09:51:09,925 [  15713]   INFO - #c.i.u.i.IndexingReasonExplanationLogger - Scheduling indexing of sass_meta.scss (id=101) by request of indexes: [filetypes->NOT_INDEXED(not indexed),Trigram.Index->NOT_INDEXED(not indexed),IdIndex->NOT_INDEXED(not indexed),Stubs->NOT_INDEXED(not indexed),]. Scanner has updated file sass_meta.scss (id=101) with appliers: [SingleIndexValueApplier{indexId=filetypes, inputId=101, fileInfo='sass_meta.scss(id=101)'}] and removers: []; 
2026-02-19 09:51:09,925 [  15713]   INFO - #c.i.u.i.IndexingReasonExplanationLogger - Scheduling indexing of sass_list.scss (id=98) by request of indexes: [filetypes->NOT_INDEXED(not indexed),Trigram.Index->NOT_INDEXED(not indexed),IdIndex->NOT_INDEXED(not indexed),Stubs->NOT_INDEXED(not indexed),]. Scanner has updated file sass_list.scss (id=98) with appliers: [SingleIndexValueApplier{indexId=filetypes, inputId=98, fileInfo='sass_list.scss(id=98)'}] and removers: []; 
2026-02-19 09:51:09,933 [  15721]   INFO - #c.i.u.i.IndexingReasonExplanationLogger - Scheduling indexing of sass_map.scss (id=99) by request of indexes: [filetypes->NOT_INDEXED(not indexed),Trigram.Index->NOT_INDEXED(not indexed),IdIndex->NOT_INDEXED(not indexed),Stubs->NOT_INDEXED(not indexed),]. Scanner has updated file sass_map.scss (id=99) with appliers: [SingleIndexValueApplier{indexId=filetypes, inputId=99, fileInfo='sass_map.scss(id=99)'}] and removers: []; 
2026-02-19 09:51:09,951 [  15739]   INFO - #c.i.u.i.IndexingReasonExplanationLogger - Scheduling indexing of annotation.kotlin_builtins (id=1547) by request of indexes: [org.jetbrains.kotlin.idea.vfilefinder.KotlinPartialPackageNamesIndex->NOT_INDEXED(not indexed),org.jetbrains.kotlin.idea.vfilefinder.KotlinMetadataFileIndex->NOT_INDEXED(not indexed),org.jetbrains.kotlin.idea.vfilefinder.KotlinMetadataFilePackageIndex->NOT_INDEXED(not indexed),org.jetbrains.kotlin.idea.vfilefinder.KotlinBuiltInsMetadataIndex->NOT_INDEXED(not indexed),KotlinTopLevelCallableByPackageShortNameIndex->NOT_INDEXED(not indexed),KotlinBinaryRootToPackageIndex->NOT_INDEXED(not indexed),KotlinTopLevelClassLikeDeclarationByPackageShortNameIndex->NOT_INDEXED(not indexed),filetypes->NOT_INDEXED(not indexed),Stubs->NOT_INDEXED(not indexed),]. Scanner has updated file annotation.kotlin_builtins (id=1547) with appliers: [SingleIndexValueApplier{indexId=filetypes, inputId=1547, fileInfo='annotation.kotlin_builtins(id=1547)'}] and removers: []; 
2026-02-19 09:51:09,959 [  15747]   INFO - #c.i.u.i.IndexingReasonExplanationLogger - Scheduling indexing of reflect.kotlin_builtins (id=1549) by request of indexes: [org.jetbrains.kotlin.idea.vfilefinder.KotlinPartialPackageNamesIndex->NOT_INDEXED(not indexed),org.jetbrains.kotlin.idea.vfilefinder.KotlinMetadataFileIndex->NOT_INDEXED(not indexed),org.jetbrains.kotlin.idea.vfilefinder.KotlinMetadataFilePackageIndex->NOT_INDEXED(not indexed),org.jetbrains.kotlin.idea.vfilefinder.KotlinBuiltInsMetadataIndex->NOT_INDEXED(not indexed),KotlinTopLevelCallableByPackageShortNameIndex->NOT_INDEXED(not indexed),KotlinBinaryRootToPackageIndex->NOT_INDEXED(not indexed),KotlinTopLevelClassLikeDeclarationByPackageShortNameIndex->NOT_INDEXED(not indexed),filetypes->NOT_INDEXED(not indexed),Stubs->NOT_INDEXED(not indexed),]. Scanner has updated file reflect.kotlin_builtins (id=1549) with appliers: [SingleIndexValueApplier{indexId=filetypes, inputId=1549, fileInfo='reflect.kotlin_builtins(id=1549)'}] and removers: []; 
2026-02-19 09:51:09,992 [  15780]   INFO - STDOUT - [IDE]: Task 'Resolving SDKs' ended in 456 ms
2026-02-19 09:51:09,997 [  15785]   WARN - #c.i.s.SpellCheckerManager - Couldn't load dictionary vue.dic with loader 'class org.jetbrains.vuejs.spellchecker.VueSpellcheckingDictionaryProvider'
2026-02-19 09:51:10,028 [  15816]   INFO - #c.i.w.i.i.EntitiesOrphanageImpl - Update orphanage. 0 modules added
2026-02-19 09:51:10,029 [  15817]   INFO - #c.i.w.i.i.WorkspaceModelImpl - Project model updated to version 9 in 30 ms: The Gradle project sync
  phase = INITIAL_PHASE
  taskId = RESOLVE_PROJECT:2
  projectPath = /data/project
2026-02-19 09:51:10,035 [  15823]   INFO - #o.j.i.maven - Retrying to fast-apply to Workspace Model...
2026-02-19 09:51:10,038 [  15826]   INFO - #c.i.o.p.DumbServiceImpl - exit dumb mode [java-basics]
2026-02-19 09:51:10,054 [  15842]   INFO - #c.i.p.i.c.i.i.JavaIdIndexer - skipSourceFilesInLibraries: false (registry: 'ide.index.id.skip.java.sources.in.libs')
2026-02-19 09:51:10,068 [  15856]   INFO - STDOUT - [IDE]: Task 'Analyzing project to enable smart features' ended
2026-02-19 09:51:10,131 [  15919]   INFO - #c.i.w.i.i.EntitiesOrphanageImpl - Update orphanage. 0 modules added
2026-02-19 09:51:10,151 [  15939]   INFO - #c.i.w.i.i.WorkspaceModelImpl - Project model updated to version 10: Maven update project model
2026-02-19 09:51:10,158 [  15946]   INFO - #o.j.i.m.i.w.WorkspaceProjectImporter - Project model updated to version 10 (attempts: 2, previous version: 8)
2026-02-19 09:51:10,165 [  15953]   INFO - #o.j.i.maven - [maven import] applying models to workspace model took 609ms
2026-02-19 09:51:10,230 [  16018]   INFO - STDOUT - Downloading https://services.gradle.org/distributions/gradle-8.2.1-bin.zip
2026-02-19 09:51:10,479 [  16267]   INFO - #c.i.e.r.RemoteProcessSupport - Starring remote process. Existing info not found, creating PendingInfo:<DeferredCoroutine{Active}@35958bfe,>
2026-02-19 09:51:10,490 [  16278]   INFO - #o.j.i.maven - Using extension org.jetbrains.idea.maven.maven3.Maven3Support@4a9af042 to start MavenServer
2026-02-19 09:51:10,586 [  16374]   INFO - #c.i.e.r.RemoteProcessSupport - Remote process system:/opt/idea/jbr/bin/java -Djava.awt.headless=true -Dmaven.defaultProjectBuilder.disableGlobalModelCache=true -Ddelegate.ssl.to.ide=true -Didea.version=2025.3.3 -Didea.maven.embedder.version=3.9.11 -Xmx768m -Dsun.rmi.server.exceptionTrace=true -Dmaven.ext.class.path=/opt/idea/plugins/maven/lib/maven-event-listener.jar -Dfile.encoding=UTF-8 -Dsun.stdout.encoding=UTF-8 -Dsun.stderr.encoding=UTF-8 -classpath /opt/idea/plugins/repository-search/lib/maven-model.jar:/opt/idea/plugins/maven/lib/maven-server.jar:/opt/idea/plugins/maven/lib/maven-server-telemetry.jar:/opt/idea/lib/opentelemetry.jar:/opt/idea/plugins/maven/lib/maven-telemetry-lib/jackson-core-2.16.0.jar:/opt/idea/plugins/maven/lib/maven3-server-common.jar:/opt/idea/plugins/maven/lib/maven3-server-lib/archetype-descriptor-2.2.jar:/opt/idea/plugins/maven/lib/maven3-server-lib/maven-dependency-tree-1.2.jar:/opt/idea/plugins/maven/lib/maven3-server-lib/lucene-core-2.4.1.jar:/opt/idea/plugins/maven/lib/maven3-server-lib/archetype-common-2.2.jar:/opt/idea/plugins/maven/lib/maven3-server-lib/archetype-catalog-2.2.jar:/opt/idea/plugins/maven/lib/maven3-server-lib/nexus-indexer-3.0.4.jar:/opt/idea/plugins/maven/lib/maven3-server-lib/nexus-indexer-artifact-1.0.1.jar:/opt/idea/plugins/maven/lib/maven3-server.jar:/opt/idea/plugins/maven/lib/maven36-server.jar:/opt/idea/plugins/maven/lib/maven3/lib/maven-embedder-3.9.11.jar:/opt/idea/plugins/maven/lib/maven3/lib/httpclient-4.5.14.jar:/opt/idea/plugins/maven/lib/maven3/lib/httpcore-4.4.16.jar:/opt/idea/plugins/maven/lib/maven3/lib/plexus-component-annotations-2.2.0.jar:/opt/idea/plugins/maven/lib/maven3/lib/wagon-http-shared-3.5.3.jar:/opt/idea/plugins/maven/lib/maven3/lib/maven-resolver-impl-1.9.24.jar:/opt/idea/plugins/maven/lib/maven3/lib/maven-compat-3.9.11.jar:/opt/idea/plugins/maven/lib/maven3/lib/wagon-file-3.5.3.jar:/opt/idea/plugins/maven/lib/maven3/lib/org.eclipse.sisu.inject-0.9.0.M4.jar:/opt/idea/plugins/maven/lib/maven3/lib/wagon-http-3.5.3.jar:/opt/idea/plugins/maven/lib/maven3/lib/plexus-sec-dispatcher-2.0.jar:/opt/idea/plugins/maven/lib/maven3/lib/maven-plugin-api-3.9.11.jar:/opt/idea/plugins/maven/lib/maven3/lib/maven-repository-metadata-3.9.11.jar:/opt/idea/plugins/maven/lib/maven3/lib/plexus-cipher-2.0.jar:/opt/idea/plugins/maven/lib/maven3/lib/failureaccess-1.0.3.jar:/opt/idea/plugins/maven/lib/maven3/lib/jansi-2.4.2.jar:/opt/idea/plugins/maven/lib/maven3/lib/maven-settings-builder-3.9.11.jar:/opt/idea/plugins/maven/lib/maven3/lib/javax.annotation-api-1.3.2.jar:/opt/idea/plugins/maven/lib/maven3/lib/plexus-interpolation-1.28.jar:/opt/idea/plugins/maven/lib/maven3/lib/maven-shared-utils-3.4.2.jar:/opt/idea/plugins/maven/lib/maven3/lib/maven-resolver-provider-3.9.11.jar:/opt/idea/plugins/maven/lib/maven3/lib/maven-model-builder-3.9.11.jar:/opt/idea/plugins/maven/lib/maven3/lib/gson-2.13.1.jar:/opt/idea/plugins/maven/lib/maven3/lib/slf4j-api-1.7.36.jar:/opt/idea/plugins/maven/lib/maven3/lib/commons-cli-1.9.0.jar:/opt/idea/plugins/maven/lib/maven3/lib/jcl-over-slf4j-1.7.36.jar:/opt/idea/plugins/maven/lib/maven3/lib/plexus-utils-3.6.0.jar:/opt/idea/plugins/maven/lib/maven3/lib/guava-33.4.8-jre.jar:/opt/idea/plugins/maven/lib/maven3/lib/maven-resolver-spi-1.9.24.jar:/opt/idea/plugins/maven/lib/maven3/lib/aopalliance-1.0.jar:/opt/idea/plugins/maven/lib/maven3/lib/guice-5.1.0-classes.jar:/opt/idea/plugins/maven/lib/maven3/lib/maven-resolver-named-locks-1.9.24.jar:/opt/idea/plugins/maven/lib/maven3/lib/maven-resolver-connector-basic-1.9.24.jar:/opt/idea/plugins/maven/lib/maven3/lib/maven-resolver-util-1.9.24.jar:/opt/idea/plugins/maven/lib/maven3/lib/jspecify-1.0.0.jar:/opt/idea/plugins/maven/lib/maven3/lib/maven-core-3.9.11.jar:/opt/idea/plugins/maven/lib/maven3/lib/maven-model-3.9.11.jar:/opt/idea/plugins/maven/lib/maven3/lib/org.eclipse.sisu.plexus-0.9.0.M4.jar:/opt/idea/plugins/maven/lib/maven3/lib/javax.inject-1.jar:/opt/idea/plugins/maven/lib/maven3/lib/maven-resolver-transport-http-1.9.24.jar:/opt/idea/plugins/maven/lib/maven3/lib/maven-settings-3.9.11.jar:/opt/idea/plugins/maven/lib/maven3/lib/maven-resolver-transport-file-1.9.24.jar:/opt/idea/plugins/maven/lib/maven3/lib/error_prone_annotations-2.38.0.jar:/opt/idea/plugins/maven/lib/maven3/lib/wagon-provider-api-3.5.3.jar:/opt/idea/plugins/maven/lib/maven3/lib/maven-resolver-api-1.9.24.jar:/opt/idea/plugins/maven/lib/maven3/lib/maven-artifact-3.9.11.jar:/opt/idea/plugins/maven/lib/maven3/lib/asm-9.8.jar:/opt/idea/plugins/maven/lib/maven3/lib/commons-codec-1.18.0.jar:/opt/idea/plugins/maven/lib/maven3/lib/maven-builder-support-3.9.11.jar:/opt/idea/plugins/maven/lib/maven3/lib/maven-resolver-transport-wagon-1.9.24.jar:/opt/idea/plugins/maven/lib/maven3/boot/plexus-classworlds-2.9.0.jar:/opt/idea/plugins/maven/lib/maven3/boot/plexus-classworlds.license:/opt/idea/lib/util_rt.jar:/opt/idea/lib/annotations.jar:/opt/idea/lib/util-8.jar org.jetbrains.idea.maven.server.RemoteMavenServer36

2026-02-19 09:51:10,588 [  16376]   INFO - #c.i.e.r.RemoteProcessSupport - Staring remote process, startNotified received, creating PendingInfo: <DeferredCoroutine{Active}@35958bfe,>
2026-02-19 09:51:10,589 [  16377]   INFO - #o.j.i.maven - Sent token to maven server
2026-02-19 09:51:10,623 [  16411]   INFO - #c.i.u.i.IndexingReasonExplanationLogger - Scanner has updated file thai_dict (id=12306) with appliers: [SingleIndexValueApplier{indexId=filetypes, inputId=12306, fileInfo='thai_dict(id=12306)'}] and removers: []; 
2026-02-19 09:51:10,624 [  16412]   INFO - #c.i.u.i.IndexingReasonExplanationLogger - Scanner has updated file metadata.bin (id=12044) with appliers: [SingleIndexValueApplier{indexId=filetypes, inputId=12044, fileInfo='metadata.bin(id=12044)'}] and removers: []; 
2026-02-19 09:51:10,659 [  16447]   INFO - #c.i.u.i.IndexingReasonExplanationLogger - Scanner has updated file LineBreakIteratorData_th (id=12268) with appliers: [SingleIndexValueApplier{indexId=filetypes, inputId=12268, fileInfo='LineBreakIteratorData_th(id=12268)'}] and removers: []; 
2026-02-19 09:51:10,661 [  16449]   INFO - #c.i.u.i.IndexingReasonExplanationLogger - Scanner has updated file WordBreakIteratorData_th (id=12431) with appliers: [SingleIndexValueApplier{indexId=filetypes, inputId=12431, fileInfo='WordBreakIteratorData_th(id=12431)'}] and removers: []; 
2026-02-19 09:51:10,773 [  16561]   INFO - #c.i.u.i.IndexingReasonExplanationLogger - Scanner has updated file sjis0213.dat (id=42836) with appliers: [SingleIndexValueApplier{indexId=filetypes, inputId=42836, fileInfo='sjis0213.dat(id=42836)'}] and removers: []; 
2026-02-19 09:51:10,864 [  16652]   INFO - #c.i.u.i.IndexingReasonExplanationLogger - Scanner has updated file arrow.png (id=39742) with appliers: [SingleIndexValueApplier{indexId=filetypes, inputId=39742, fileInfo='arrow.png(id=39742)'}] and removers: []; 
2026-02-19 09:51:10,865 [  16653]   INFO - #c.i.u.i.IndexingReasonExplanationLogger - Scanner has updated file triangle.png (id=39744) with appliers: [SingleIndexValueApplier{indexId=filetypes, inputId=39744, fileInfo='triangle.png(id=39744)'}] and removers: []; 
2026-02-19 09:51:10,866 [  16654]   INFO - #c.i.u.i.IndexingReasonExplanationLogger - Scanner has updated file breakpoint.png (id=39743) with appliers: [SingleIndexValueApplier{indexId=filetypes, inputId=39743, fileInfo='breakpoint.png(id=39743)'}] and removers: []; 
2026-02-19 09:51:10,919 [  16707]   INFO - #c.i.u.i.IndexingReasonExplanationLogger - Scanner has updated file nfc.nrm (id=18606) with appliers: [SingleIndexValueApplier{indexId=filetypes, inputId=18606, fileInfo='nfc.nrm(id=18606)'}] and removers: []; 
2026-02-19 09:51:10,923 [  16711]   INFO - #c.i.u.i.IndexingReasonExplanationLogger - Scanner has updated file nfkc.nrm (id=18608) with appliers: [SingleIndexValueApplier{indexId=filetypes, inputId=18608, fileInfo='nfkc.nrm(id=18608)'}] and removers: []; 
2026-02-19 09:51:11,190 [  16978]   INFO - #c.i.e.r.RemoteProcessSupport - Started remote process on: 127.0.0.1:47558with service port 38797 and id = Maven36ServerImpld71897da
2026-02-19 09:51:11,531 [  17319]   INFO - #c.i.p.i.c.i.i.JavaIdIndexer - skipSourceFilesInLibraries: false (registry: 'ide.index.id.skip.java.sources.in.libs')
2026-02-19 09:51:11,851 [  17639]   INFO - #c.i.u.i.UnindexedFilesScanner - [15375f63] Scanning completed for java-basics. Number of scanned files: 32839; number of files for indexing: 32508
2026-02-19 09:51:11,852 [  17640]   INFO - #c.i.o.p.InitialVfsRefreshService - 15375f63: marking roots for initial VFS refresh
2026-02-19 09:51:11,853 [  17641]   INFO - #c.i.o.p.InitialVfsRefreshService - 15375f63: starting initial VFS refresh of 3 roots
2026-02-19 09:51:11,954 [  17742]   INFO - #c.i.o.p.InitialVfsRefreshService - 15375f63: initial VFS refresh finished in 100 ms
2026-02-19 09:51:11,962 [  17750]   INFO - #c.i.o.p.UnindexedFilesScannerExecutor - [15375f63] Task finished (scanning id=0): com.intellij.util.indexing.UnindexedFilesScannerExecutorImpl$ScheduledScanningTask@5981ba8a
2026-02-19 09:51:11,963 [  17751]   INFO - #c.i.o.p.DumbServiceImpl - enter dumb mode [java-basics]
2026-02-19 09:51:11,964 [  17752]   INFO - #c.i.o.p.UnindexedFilesScannerExecutor - [15375f63] Running task: com.intellij.util.indexing.UnindexedFilesScannerExecutorImpl$ScheduledScanningTask@22542609
2026-02-19 09:51:11,964 [  17752]   INFO - #c.i.u.i.UnindexedFilesScanner - [15375f63] scanning stage (scanning id=1): DelayedPushProperties
2026-02-19 09:51:11,966 [  17754]   INFO - #c.i.u.i.FileBasedIndexImpl - Indexes are already loaded
2026-02-19 09:51:11,966 [  17754]   INFO - #c.i.o.p.MergingQueueGuiExecutor - Running task: (dumb mode task) UnindexedFilesIndexer[java-basics, reasons: [On project open]]
2026-02-19 09:51:11,974 [  17762]   INFO - #c.i.u.i.UnindexedFilesScanner - [15375f63] Started scanning for indexing of java-basics. Reason: Merged changes in: "Custom kind roots from entity (sass_functions.scss, sass_color.scss, sass_list.scss, ..., empty)" with Changes from WorkspaceFileIndex with changes in: "Module 'project' (all roots)" with changes in: "Module 'java-basics' (all roots)"
2026-02-19 09:51:11,974 [  17762]   INFO - #c.i.u.i.UnindexedFilesScanner - [15375f63] scanning stage (scanning id=1): CreatingIterators
2026-02-19 09:51:11,975 [  17763]   INFO - #c.i.u.i.UnindexedFilesScanner - [15375f63] scanning stage (scanning id=1): CollectingIndexableFiles
2026-02-19 09:51:11,975 [  17763]   INFO - #c.i.u.i.UnindexedFilesScanner - Scanning of java-basics uses 8 scanning threads
2026-02-19 09:51:11,977 [  17765]   INFO - #c.i.u.i.IndexingReasonExplanationLogger - Scheduling indexing of sass_functions.scss (id=96) by request of indexes: [Trigram.Index->NOT_INDEXED(not indexed),IdIndex->NOT_INDEXED(not indexed),Stubs->NOT_INDEXED(not indexed),]. 
2026-02-19 09:51:11,978 [  17766]   INFO - #c.i.u.i.IndexingReasonExplanationLogger - Scheduling indexing of sass_color.scss (id=97) by request of indexes: [Trigram.Index->NOT_INDEXED(not indexed),IdIndex->NOT_INDEXED(not indexed),Stubs->NOT_INDEXED(not indexed),]. 
2026-02-19 09:51:11,978 [  17766]   INFO - #c.i.u.i.IndexingReasonExplanationLogger - Scheduling indexing of EdDSASignature.class (id=46269) by request of indexes: [bytecodeAnalysis->NOT_INDEXED(not indexed),org.jetbrains.kotlin.idea.versions.KotlinJvmMetadataVersionIndex->NOT_INDEXED(not indexed),org.jetbrains.kotlin.idea.vfilefinder.KotlinPartialPackageNamesIndex->NOT_INDEXED(not indexed),org.jetbrains.kotlin.idea.vfilefinder.KotlinClassFileIndex->NOT_INDEXED(not indexed),KotlinTopLevelCallableByPackageShortNameIndex->NOT_INDEXED(not indexed),KotlinBinaryRootToPackageIndex->NOT_INDEXED(not indexed),KotlinTopLevelClassLikeDeclarationByPackageShortNameIndex->NOT_INDEXED(not indexed),Stubs->NOT_INDEXED(not indexed),]. 
2026-02-19 09:51:11,978 [  17766]   INFO - #c.i.u.i.IndexingReasonExplanationLogger - Scheduling indexing of EdECOperations.class (id=46273) by request of indexes: [bytecodeAnalysis->NOT_INDEXED(not indexed),org.jetbrains.kotlin.idea.versions.KotlinJvmMetadataVersionIndex->NOT_INDEXED(not indexed),org.jetbrains.kotlin.idea.vfilefinder.KotlinPartialPackageNamesIndex->NOT_INDEXED(not indexed),org.jetbrains.kotlin.idea.vfilefinder.KotlinClassFileIndex->NOT_INDEXED(not indexed),KotlinTopLevelCallableByPackageShortNameIndex->NOT_INDEXED(not indexed),KotlinBinaryRootToPackageIndex->NOT_INDEXED(not indexed),KotlinTopLevelClassLikeDeclarationByPackageShortNameIndex->NOT_INDEXED(not indexed),Stubs->NOT_INDEXED(not indexed),]. 
2026-02-19 09:51:11,978 [  17766]   INFO - #c.i.u.i.IndexingReasonExplanationLogger - Scheduling indexing of Ed448Operations.class (id=46272) by request of indexes: [bytecodeAnalysis->NOT_INDEXED(not indexed),org.jetbrains.kotlin.idea.versions.KotlinJvmMetadataVersionIndex->NOT_INDEXED(not indexed),org.jetbrains.kotlin.idea.vfilefinder.KotlinPartialPackageNamesIndex->NOT_INDEXED(not indexed),org.jetbrains.kotlin.idea.vfilefinder.KotlinClassFileIndex->NOT_INDEXED(not indexed),KotlinTopLevelCallableByPackageShortNameIndex->NOT_INDEXED(not indexed),KotlinBinaryRootToPackageIndex->NOT_INDEXED(not indexed),KotlinTopLevelClassLikeDeclarationByPackageShortNameIndex->NOT_INDEXED(not indexed),Stubs->NOT_INDEXED(not indexed),]. 
2026-02-19 09:51:11,978 [  17766]   INFO - #c.i.u.i.IndexingReasonExplanationLogger - Scheduling indexing of EdDSAKeyFactory.class (id=46257) by request of indexes: [bytecodeAnalysis->NOT_INDEXED(not indexed),org.jetbrains.kotlin.idea.versions.KotlinJvmMetadataVersionIndex->NOT_INDEXED(not indexed),org.jetbrains.kotlin.idea.vfilefinder.KotlinPartialPackageNamesIndex->NOT_INDEXED(not indexed),org.jetbrains.kotlin.idea.vfilefinder.KotlinClassFileIndex->NOT_INDEXED(not indexed),KotlinTopLevelCallableByPackageShortNameIndex->NOT_INDEXED(not indexed),KotlinBinaryRootToPackageIndex->NOT_INDEXED(not indexed),KotlinTopLevelClassLikeDeclarationByPackageShortNameIndex->NOT_INDEXED(not indexed),Stubs->NOT_INDEXED(not indexed),]. 
2026-02-19 09:51:11,978 [  17766]   INFO - #c.i.u.i.IndexingReasonExplanationLogger - Scheduling indexing of EdDSAOperations.class (id=46248) by request of indexes: [bytecodeAnalysis->NOT_INDEXED(not indexed),org.jetbrains.kotlin.idea.versions.KotlinJvmMetadataVersionIndex->NOT_INDEXED(not indexed),org.jetbrains.kotlin.idea.vfilefinder.KotlinPartialPackageNamesIndex->NOT_INDEXED(not indexed),org.jetbrains.kotlin.idea.vfilefinder.KotlinClassFileIndex->NOT_INDEXED(not indexed),KotlinTopLevelCallableByPackageShortNameIndex->NOT_INDEXED(not indexed),KotlinBinaryRootToPackageIndex->NOT_INDEXED(not indexed),KotlinTopLevelClassLikeDeclarationByPackageShortNameIndex->NOT_INDEXED(not indexed),Stubs->NOT_INDEXED(not indexed),]. 
2026-02-19 09:51:11,979 [  17767]   INFO - #c.i.u.i.IndexingReasonExplanationLogger - Scheduling indexing of EdDSAParameters.class (id=46276) by request of indexes: [bytecodeAnalysis->NOT_INDEXED(not indexed),org.jetbrains.kotlin.idea.versions.KotlinJvmMetadataVersionIndex->NOT_INDEXED(not indexed),org.jetbrains.kotlin.idea.vfilefinder.KotlinPartialPackageNamesIndex->NOT_INDEXED(not indexed),org.jetbrains.kotlin.idea.vfilefinder.KotlinClassFileIndex->NOT_INDEXED(not indexed),KotlinTopLevelCallableByPackageShortNameIndex->NOT_INDEXED(not indexed),KotlinBinaryRootToPackageIndex->NOT_INDEXED(not indexed),KotlinTopLevelClassLikeDeclarationByPackageShortNameIndex->NOT_INDEXED(not indexed),Stubs->NOT_INDEXED(not indexed),]. 
2026-02-19 09:51:11,979 [  17767]   INFO - #c.i.u.i.IndexingReasonExplanationLogger - Scheduling indexing of Ed25519Operations.class (id=46262) by request of indexes: [bytecodeAnalysis->NOT_INDEXED(not indexed),org.jetbrains.kotlin.idea.versions.KotlinJvmMetadataVersionIndex->NOT_INDEXED(not indexed),org.jetbrains.kotlin.idea.vfilefinder.KotlinPartialPackageNamesIndex->NOT_INDEXED(not indexed),org.jetbrains.kotlin.idea.vfilefinder.KotlinClassFileIndex->NOT_INDEXED(not indexed),KotlinTopLevelCallableByPackageShortNameIndex->NOT_INDEXED(not indexed),KotlinBinaryRootToPackageIndex->NOT_INDEXED(not indexed),KotlinTopLevelClassLikeDeclarationByPackageShortNameIndex->NOT_INDEXED(not indexed),Stubs->NOT_INDEXED(not indexed),]. 
2026-02-19 09:51:11,980 [  17768]   INFO - #c.i.u.i.IndexingReasonExplanationLogger - Scheduling indexing of EdDSAPublicKeyImpl.class (id=46268) by request of indexes: [bytecodeAnalysis->NOT_INDEXED(not indexed),org.jetbrains.kotlin.idea.versions.KotlinJvmMetadataVersionIndex->NOT_INDEXED(not indexed),org.jetbrains.kotlin.idea.vfilefinder.KotlinPartialPackageNamesIndex->NOT_INDEXED(not indexed),org.jetbrains.kotlin.idea.vfilefinder.KotlinClassFileIndex->NOT_INDEXED(not indexed),KotlinTopLevelCallableByPackageShortNameIndex->NOT_INDEXED(not indexed),KotlinBinaryRootToPackageIndex->NOT_INDEXED(not indexed),KotlinTopLevelClassLikeDeclarationByPackageShortNameIndex->NOT_INDEXED(not indexed),Stubs->NOT_INDEXED(not indexed),]. 
2026-02-19 09:51:12,303 [  18091]   INFO - #c.i.d.u.SqlDialects - SQL dialects initialized in 6 ms
2026-02-19 09:51:12,382 [  18170]   INFO - #c.i.u.i.IndexingReasonExplanationLogger - Scanner has updated file chromedriver (id=9650) with appliers: [SingleIndexValueApplier{indexId=filetypes, inputId=9650, fileInfo='chromedriver(id=9650)'}] and removers: []; 
2026-02-19 09:51:12,397 [  18185]   INFO - #c.i.u.i.IndexingReasonExplanationLogger - Scanner has updated file chromedriver.exe (id=9652) with appliers: [SingleIndexValueApplier{indexId=filetypes, inputId=9652, fileInfo='chromedriver.exe(id=9652)'}] and removers: []; 
2026-02-19 09:51:12,426 [  18214]   INFO - #c.i.u.i.IndexingReasonExplanationLogger - Scanner has updated file chromedriver_linux (id=9653) with appliers: [SingleIndexValueApplier{indexId=filetypes, inputId=9653, fileInfo='chromedriver_linux(id=9653)'}] and removers: []; 
2026-02-19 09:51:12,427 [  18215]   INFO - #c.i.u.i.IndexingReasonExplanationLogger - Scanner has updated file .name (id=10159) with appliers: [SingleIndexValueApplier{indexId=filetypes, inputId=10159, fileInfo='.name(id=10159)'}] and removers: []; 
2026-02-19 09:51:12,428 [  18216]   INFO - #c.i.u.i.IndexingReasonExplanationLogger - Scanner has updated file shelved.patch (id=10558) with appliers: [SingleIndexValueApplier{indexId=filetypes, inputId=10558, fileInfo='shelved.patch(id=10558)'}] and removers: []; 
2026-02-19 09:51:12,428 [  18216]   INFO - #c.i.u.i.IndexingReasonExplanationLogger - Scanner has updated file Uncommitted_changes_before_Checkout_at_10_09_2025__16_20__Changes_.xml (id=109) with appliers: [SingleIndexValueApplier{indexId=filetypes, inputId=109, fileInfo='Uncommitted_changes_before_Checkout_at_10_09_2025__16_20__Changes_.xml(id=109)'}] and removers: []; 
2026-02-19 09:51:12,428 [  18216]   INFO - #c.i.u.i.IndexingReasonExplanationLogger - Scanner has updated file java-basics.main.iml (id=10703) with appliers: [SingleIndexValueApplier{indexId=filetypes, inputId=10703, fileInfo='java-basics.main.iml(id=10703)'}] and removers: []; 
2026-02-19 09:51:12,429 [  18217]   INFO - #c.i.u.i.IndexingReasonExplanationLogger - Scanner has updated file java-basics.test.iml (id=10702) with appliers: [SingleIndexValueApplier{indexId=filetypes, inputId=10702, fileInfo='java-basics.test.iml(id=10702)'}] and removers: []; 
2026-02-19 09:51:12,429 [  18217]   INFO - #c.i.u.i.IndexingReasonExplanationLogger - Scanner has updated file vcs.xml (id=10170) with appliers: [SingleIndexValueApplier{indexId=filetypes, inputId=10170, fileInfo='vcs.xml(id=10170)'}] and removers: []; 
2026-02-19 09:51:12,429 [  18217]   INFO - #c.i.u.i.IndexingReasonExplanationLogger - Scanner has updated file misc.xml (id=10157) with appliers: [SingleIndexValueApplier{indexId=filetypes, inputId=10157, fileInfo='misc.xml(id=10157)'}] and removers: []; 
2026-02-19 09:51:12,740 [  18528]   INFO - #c.i.u.i.UnindexedFilesScanner - [15375f63] Scanning completed for java-basics. Number of scanned files: 33168; number of files for indexing: 32690
2026-02-19 09:51:12,743 [  18531]   INFO - #c.i.o.p.UnindexedFilesScannerExecutor - [15375f63] Task finished (scanning id=1): com.intellij.util.indexing.UnindexedFilesScannerExecutorImpl$ScheduledScanningTask@22542609
2026-02-19 09:51:12,744 [  18532]   INFO - #c.i.u.i.FileBasedIndexImpl - Indexes are already loaded
2026-02-19 09:51:12,747 [  18535]   INFO - #c.i.u.i.c.IndexUpdateRunner - Using 8 workers for indexing and 4 for writing indexes
2026-02-19 09:51:12,824 [  18612]   INFO - #c.i.c.m.CodeInsightContextEnabling - multiverse is enabled
2026-02-19 09:51:14,396 [  20184]   INFO - #c.i.w.i.i.EntitiesOrphanageImpl - Update orphanage. 0 modules added
2026-02-19 09:51:14,396 [  20184]   INFO - #c.i.w.i.i.WorkspaceModelImpl - Project model updated to version 11 in 1 ms: Add project root /data/project to project java-basics
2026-02-19 09:51:14,417 [  20205]   INFO - #o.j.p.g.j.IdeVersionedDataUpdater - Updating version compatibility for org.jetbrains.plugins.gradle.jvmcompat.GradleCompatibilitySupportUpdater. Last update was: 0. Update interval: 1d Url to update https://download.jetbrains.com/resources/intellij/plugins/gradle/v1/compatibility.json
2026-02-19 09:51:14,457 [  20245]   INFO - #o.j.q.s.QodanaLinterBackgroundStartupActivity - Executed Qodana backgroundPostStartupActivity
2026-02-19 09:51:14,460 [  20248]   INFO - #o.j.j.b.i.CompilerReferenceIndex - backward reference index version doesn't exist
2026-02-19 09:51:14,476 [  20264]   INFO - #c.i.c.b.IsUpToDateCheckStartupActivity - suitable consumer is not found
2026-02-19 09:51:15,056 [  20844]   INFO - #o.j.p.g.j.IdeVersionedDataUpdater - IDE versioned data for org.jetbrains.plugins.gradle.jvmcompat.GradleCompatibilitySupportUpdater was updated
2026-02-19 09:51:15,300 [  21088]   INFO - #c.i.l.t.t.TypeScriptCompilerEvaluationFacadeImpl - 'Use types from server' option for VueClassicTypeScriptService state: false
2026-02-19 09:51:15,300 [  21088]   INFO - #c.i.l.t.t.TypeScriptCompilerEvaluationFacadeImpl - 'Use types from server' option for VuePluginTypeScriptService state: false
2026-02-19 09:51:15,300 [  21088]   INFO - #c.i.l.t.t.TypeScriptCompilerEvaluationFacadeImpl - 'Use types from server' option for TypeScriptServerServiceImpl state: false
2026-02-19 09:51:16,922 [  22710]   INFO - STDOUT - ..........................................................................................................................
2026-02-19 09:51:16,923 [  22711]   INFO - STDOUT - [Gradle]: Download https://services.gradle.org/distributions/gradle-8.2.1-bin.zip, took 6 s 692 ms
2026-02-19 09:51:18,389 [  24177]   INFO - #o.j.p.g.s.e.GradleExecutionHelper - Passing command-line to Gradle Tooling API: --init-script /tmp/ijMapper1.gradle --init-script /tmp/ijIdeaPluginConfigurator1.gradle -Didea.gradle.download.sources=false -Didea.sync.active=true -Didea.resolveSourceSetDependencies=true -Porg.gradle.kotlin.dsl.provider.cid=30739058554 -Didea.gradle.download.sources.force=false -Pkotlin.mpp.enableIntransitiveMetadataConfiguration=true --init-script /tmp/ijInit1.gradle -Didea.active=true -Didea.version=2025.3.3 -Didea.vendor.name=JetBrains
2026-02-19 09:51:19,196 [  24984]   INFO - #c.i.u.i.c.IndexUpdateRunner - Coroutine 5 finished gracefully
2026-02-19 09:51:19,197 [  24985]   INFO - #c.i.u.i.c.IndexUpdateRunner - Coroutine 0 finished gracefully
2026-02-19 09:51:19,198 [  24986]   INFO - #c.i.u.i.c.IndexUpdateRunner - Coroutine 4 finished gracefully
2026-02-19 09:51:19,200 [  24988]   INFO - #c.i.u.i.c.IndexUpdateRunner - Coroutine 2 finished gracefully
2026-02-19 09:51:19,214 [  25002]   INFO - #c.i.u.i.c.IndexUpdateRunner - Coroutine 6 finished gracefully
2026-02-19 09:51:19,264 [  25052]   INFO - #c.i.u.i.c.IndexUpdateRunner - Coroutine 3 finished gracefully
2026-02-19 09:51:19,277 [  25065]   INFO - #c.i.u.i.c.IndexUpdateRunner - Coroutine 7 finished gracefully
2026-02-19 09:51:19,381 [  25169]   INFO - #c.i.u.i.c.IndexUpdateRunner - Coroutine 1 finished gracefully
2026-02-19 09:51:19,420 [  25208]   INFO - #c.i.u.i.ProjectChangedFilesScanner - Retrieving changed during indexing files of java-basics : 106 to update, calculated in 13ms
2026-02-19 09:51:19,650 [  25438]   INFO - #c.i.u.i.c.IndexUpdateRunner - Coroutine 7 finished gracefully
2026-02-19 09:51:19,653 [  25441]   INFO - #c.i.u.i.c.IndexUpdateRunner - Coroutine 0 finished gracefully
2026-02-19 09:51:19,676 [  25464]   INFO - #c.i.u.i.c.IndexUpdateRunner - Coroutine 6 finished gracefully
2026-02-19 09:51:19,677 [  25465]   INFO - #c.i.u.i.c.IndexUpdateRunner - Coroutine 4 finished gracefully
2026-02-19 09:51:19,689 [  25477]   INFO - STDOUT - [Gradle]: Starting Gradle Daemon...
2026-02-19 09:51:19,713 [  25501]   INFO - #c.i.u.i.c.IndexUpdateRunner - Coroutine 5 finished gracefully
2026-02-19 09:51:19,731 [  25519]   INFO - #c.i.u.i.c.IndexUpdateRunner - Coroutine 1 finished gracefully
2026-02-19 09:51:19,746 [  25534]   INFO - #c.i.u.i.c.IndexUpdateRunner - Coroutine 2 finished gracefully
2026-02-19 09:51:19,755 [  25543]   INFO - #c.i.u.i.c.IndexUpdateRunner - Coroutine 3 finished gracefully
2026-02-19 09:51:19,777 [  25565]   INFO - #c.i.u.i.UnindexedFilesIndexer - Finished for java-basics. Unindexed files update took 7034ms; general responsiveness: ok; EDT responsiveness: ok
2026-02-19 09:51:19,779 [  25567]   INFO - #c.i.o.p.MergingQueueGuiExecutor - Task finished: (dumb mode task) UnindexedFilesIndexer[java-basics, reasons: [On project open]]
2026-02-19 09:51:19,781 [  25569]   INFO - #c.i.o.p.MergingQueueGuiExecutor - Running task: (dumb mode task) UnindexedFilesIndexer[java-basics, reasons: [Merged changes in: "Custom kind roots from entity (sass_functions.scss, sass_color.scss, sass_list.scss, ..., empty)" with Changes from WorkspaceFileIndex with changes in: "Module 'project' (all roots)" with changes in: "Module 'java-basics' (all roots)"]]
2026-02-19 09:51:19,782 [  25570]   INFO - #c.i.u.i.FileBasedIndexImpl - Indexes are already loaded
2026-02-19 09:51:19,782 [  25570]   INFO - #c.i.u.i.c.IndexUpdateRunner - Using 8 workers for indexing and 4 for writing indexes
2026-02-19 09:51:19,782 [  25570]   INFO - #c.i.u.i.ProjectChangedFilesScanner - Retrieving changed during indexing files of java-basics : 0 to update, calculated in 0ms
2026-02-19 09:51:19,782 [  25570]   INFO - #c.i.u.i.UnindexedFilesIndexer - Finished for java-basics. Unindexed files update took 0ms; general responsiveness: ok; EDT responsiveness: ok
2026-02-19 09:51:19,782 [  25570]   INFO - #c.i.o.p.MergingQueueGuiExecutor - Task finished: (dumb mode task) UnindexedFilesIndexer[java-basics, reasons: [Merged changes in: "Custom kind roots from entity (sass_functions.scss, sass_color.scss, sass_list.scss, ..., empty)" with Changes from WorkspaceFileIndex with changes in: "Module 'project' (all roots)" with changes in: "Module 'java-basics' (all roots)"]]
2026-02-19 09:51:19,783 [  25571]   INFO - #c.i.o.p.DumbServiceImpl - exit dumb mode [java-basics]
2026-02-19 09:51:19,783 [  25571]   INFO - STDOUT - [IDE]: Task 'Analyzing project to enable smart features' ended
2026-02-19 09:51:19,958 [  25746]   INFO - #c.i.i.b.BookmarksManager - no state loaded for new bookmarks
2026-02-19 09:51:19,962 [  25750]   INFO - #c.i.i.b.BookmarkManager - no state loaded for old bookmarks
2026-02-19 09:51:19,978 [  25766]   INFO - #c.i.i.f.FavoritesManager - no state loaded for old favorites
2026-02-19 09:51:20,152 [  25940]   INFO - #o.j.k.i.script - [KOTLIN_SCRIPTING] Loading script definitions: classes=[], classpath=[]
2026-02-19 09:51:20,413 [  26201]   INFO - STDOUT - [Gradle]: Gradle Daemon started in 723 ms
2026-02-19 09:51:20,472 [  26260]   INFO - #c.i.j.n.n.WorkingDirectoryDependentNpmPackageVersionManager - Version fetched successfully: 10.9.4; command: /usr/local/bin/npm --version, duration: 303ms
2026-02-19 09:51:26,883 [  32671]   INFO - STDOUT - [Gradle]: Download https://plugins.gradle.org/m2/org/jetbrains/kotlinx/kover/org.jetbrains.kotlinx.kover.gradle.plugin/0.7.3/org.jetbrains.kotlinx.kover.gradle.plugin-0.7.3.pom, took 555 ms
2026-02-19 09:51:27,491 [  33279]   INFO - STDOUT - [Gradle]: Download https://plugins.gradle.org/m2/io/freefair/gradle/lombok-plugin/8.1.0/lombok-plugin-8.1.0.pom, took 589 ms
2026-02-19 09:51:27,827 [  33615]   INFO - STDOUT - [Gradle]: Download https://plugins.gradle.org/m2/io/freefair/gradle/lombok-plugin/8.1.0/lombok-plugin-8.1.0.module, took 328 ms
2026-02-19 09:51:28,265 [  34053]   INFO - STDOUT - [Gradle]: Download https://plugins.gradle.org/m2/io/freefair/gradle/aspectj-plugin/5.1.1/aspectj-plugin-5.1.1.pom, took 202 ms
2026-02-19 09:51:28,480 [  34268]   INFO - STDOUT - [Gradle]: Download https://plugins.gradle.org/m2/org/jetbrains/kotlinx/kover-gradle-plugin/0.7.3/kover-gradle-plugin-0.7.3.pom, took 46 ms
2026-02-19 09:51:28,535 [  34323]   INFO - STDOUT - [Gradle]: Download https://plugins.gradle.org/m2/org/jetbrains/kotlinx/kover-gradle-plugin/0.7.3/kover-gradle-plugin-0.7.3.module, took 51 ms
2026-02-19 09:51:28,582 [  34370]   INFO - STDOUT - [Gradle]: Download https://plugins.gradle.org/m2/com/squareup/okio/okio/2.7.0/okio-2.7.0.pom, took 44 ms
2026-02-19 09:51:28,631 [  34419]   INFO - STDOUT - [Gradle]: Download https://plugins.gradle.org/m2/com/squareup/okio/okio/2.7.0/okio-2.7.0.module, took 47 ms
2026-02-19 09:51:28,685 [  34473]   INFO - STDOUT - [Gradle]: Download https://plugins.gradle.org/m2/org/jetbrains/kotlin/kotlin-stdlib-common/1.3.70/kotlin-stdlib-common-1.3.70.pom, took 47 ms
2026-02-19 09:51:28,721 [  34509]   INFO - STDOUT - [Gradle]: Download https://plugins.gradle.org/m2/org/jetbrains/kotlin/kotlin-stdlib/1.3.70/kotlin-stdlib-1.3.70.pom, took 82 ms
2026-02-19 09:51:28,810 [  34598]   INFO - STDOUT - [Gradle]: Download https://plugins.gradle.org/m2/org/jetbrains/annotations/13.0/annotations-13.0.pom, took 46 ms
2026-02-19 09:51:29,564 [  35352]   INFO - STDOUT - [Gradle]: Download https://plugins.gradle.org/m2/io/freefair/gradle/lombok-plugin/8.1.0/lombok-plugin-8.1.0.jar, took 77 ms
2026-02-19 09:51:29,659 [  35447]   INFO - STDOUT - [Gradle]: Download https://plugins.gradle.org/m2/org/jetbrains/kotlinx/kover-gradle-plugin/0.7.3/kover-gradle-plugin-0.7.3.jar, took 92 ms
2026-02-19 09:51:29,706 [  35494]   INFO - STDOUT - [Gradle]: Download https://plugins.gradle.org/m2/org/jetbrains/kotlin/kotlin-stdlib/1.3.70/kotlin-stdlib-1.3.70.jar, took 108 ms
2026-02-19 09:51:29,737 [  35525]   INFO - STDOUT - [Gradle]: Download https://plugins.gradle.org/m2/io/freefair/gradle/aspectj-plugin/5.1.1/aspectj-plugin-5.1.1.jar, took 119 ms
2026-02-19 09:51:29,757 [  35545]   INFO - STDOUT - [Gradle]: Download https://plugins.gradle.org/m2/io/qameta/allure/allure-gradle/2.8.0/allure-gradle-2.8.0.jar, took 124 ms
2026-02-19 09:51:29,787 [  35575]   INFO - STDOUT - [Gradle]: Download https://plugins.gradle.org/m2/org/jetbrains/annotations/13.0/annotations-13.0.jar, took 128 ms
2026-02-19 09:51:29,825 [  35613]   INFO - STDOUT - [Gradle]: Download https://plugins.gradle.org/m2/com/squareup/okio/okio/2.7.0/okio-2.7.0.jar, took 142 ms
2026-02-19 09:51:29,830 [  35618]   INFO - STDOUT - [Gradle]: Download https://plugins.gradle.org/m2/org/jetbrains/kotlin/kotlin-stdlib-common/1.3.70/kotlin-stdlib-common-1.3.70.jar, took 143 ms
2026-02-19 09:51:30,082 [  35870]   INFO - STDOUT - [Gradle]: 
2026-02-19 09:51:30,083 [  35871]   INFO - STDOUT - [Gradle]: > Configure project :
2026-02-19 09:51:30,083 [  35871]   INFO - STDOUT - [Gradle]: 
2026-02-19 09:51:30,084 [  35872]   INFO - STDOUT - [Gradle]: from build root
2026-02-19 09:51:30,084 [  35872]   INFO - STDOUT - [Gradle]: 
2026-02-19 09:51:30,127 [  35915]   INFO - STDOUT - [Gradle]: Download https://repo.maven.apache.org/maven2/org/aspectj/aspectjweaver/1.8.10/aspectjweaver-1.8.10.pom, took 41 ms
2026-02-19 09:51:30,229 [  36017]   INFO - STDOUT - [Gradle]: Download https://repo.maven.apache.org/maven2/org/aspectj/aspectjweaver/1.8.10/aspectjweaver-1.8.10.jar, took 68 ms
2026-02-19 09:51:30,380 [  36168]   INFO - STDOUT - [Gradle]: 
2026-02-19 09:51:30,381 [  36169]   INFO - STDOUT - [Gradle]: > Task :prepareKotlinBuildScriptModel
2026-02-19 09:51:30,382 [  36170]   INFO - STDOUT - [Gradle]:  UP-TO-DATE
2026-02-19 09:51:30,382 [  36170]   INFO - STDOUT - [Gradle]: 
2026-02-19 09:51:30,482 [  36270]   INFO - STDOUT - [Gradle]: from task root
2026-02-19 09:51:30,483 [  36271]   INFO - STDOUT - [Gradle]: 
2026-02-19 09:51:30,489 [  36277]   INFO - STDOUT - [Gradle]: from 2
2026-02-19 09:51:30,489 [  36277]   INFO - STDOUT - [Gradle]: 
2026-02-19 09:51:30,561 [  36349]   INFO - STDOUT - [Gradle]: Download https://repo.maven.apache.org/maven2/org/projectlombok/lombok/1.18.28/lombok-1.18.28.pom, took 46 ms
2026-02-19 09:51:30,566 [  36354]   INFO - STDOUT - [Gradle]: Download https://repo.maven.apache.org/maven2/com/typesafe/config/1.4.1/config-1.4.1.pom, took 49 ms
2026-02-19 09:51:30,616 [  36404]   INFO - STDOUT - [Gradle]: Download https://repo.maven.apache.org/maven2/org/assertj/assertj-core/3.19.0/assertj-core-3.19.0.pom, took 59 ms
2026-02-19 09:51:30,619 [  36407]   INFO - STDOUT - [Gradle]: Download https://repo.maven.apache.org/maven2/org/assertj/assertj-parent-pom/2.2.10/assertj-parent-pom-2.2.10.pom, took 21 ms
2026-02-19 09:51:30,621 [  36409]   INFO - STDOUT - [Gradle]: Download https://repo.maven.apache.org/maven2/org/junit/junit-bom/5.7.0/junit-bom-5.7.0.module, took 21 ms
2026-02-19 09:51:30,635 [  36423]   INFO - STDOUT - [Gradle]: Download https://repo.maven.apache.org/maven2/org/junit/jupiter/junit-jupiter-engine/5.7.0/junit-jupiter-engine-5.7.0.module, took 22 ms
2026-02-19 09:51:30,637 [  36425]   INFO - STDOUT - [Gradle]: Download https://repo.maven.apache.org/maven2/org/junit/platform/junit-platform-launcher/1.7.0/junit-platform-launcher-1.7.0.module, took 23 ms
2026-02-19 09:51:30,642 [  36430]   INFO - STDOUT - [Gradle]: Download https://repo.maven.apache.org/maven2/org/junit/junit-bom/5.6.3/junit-bom-5.6.3.pom, took 24 ms
2026-02-19 09:51:30,642 [  36430]   INFO - STDOUT - [Gradle]: Download https://repo.maven.apache.org/maven2/org/junit/jupiter/junit-jupiter-params/5.7.0/junit-jupiter-params-5.7.0.module, took 29 ms
2026-02-19 09:51:30,667 [  36455]   INFO - STDOUT - [Gradle]: Download https://repo.maven.apache.org/maven2/org/junit/junit-bom/5.6.3/junit-bom-5.6.3.module, took 22 ms
2026-02-19 09:51:30,721 [  36509]   INFO - STDOUT - [Gradle]: Download https://repo.maven.apache.org/maven2/org/junit/platform/junit-platform-engine/1.7.0/junit-platform-engine-1.7.0.module, took 21 ms
2026-02-19 09:51:30,764 [  36552]   INFO - STDOUT - [Gradle]: Download https://repo.maven.apache.org/maven2/org/junit/jupiter/junit-jupiter-api/5.7.0/junit-jupiter-api-5.7.0.module, took 18 ms
2026-02-19 09:51:30,874 [  36662]   INFO - STDOUT - [Gradle]: Download https://repo.maven.apache.org/maven2/org/junit/platform/junit-platform-commons/1.7.0/junit-platform-commons-1.7.0.module, took 22 ms
2026-02-19 09:51:31,002 [  36790]   INFO - STDOUT - [Gradle]: Download https://repo.maven.apache.org/maven2/org/junit/platform/junit-platform-commons/1.7.0/junit-platform-commons-1.7.0.jar, took 37 ms
2026-02-19 09:51:31,018 [  36806]   INFO - STDOUT - [Gradle]: Download https://repo.maven.apache.org/maven2/org/junit/platform/junit-platform-launcher/1.7.0/junit-platform-launcher-1.7.0.jar, took 41 ms
2026-02-19 09:51:31,023 [  36811]   INFO - STDOUT - [Gradle]: Download https://repo.maven.apache.org/maven2/org/junit/jupiter/junit-jupiter-api/5.7.0/junit-jupiter-api-5.7.0.jar, took 42 ms
2026-02-19 09:51:31,027 [  36815]   INFO - STDOUT - [Gradle]: Download https://repo.maven.apache.org/maven2/org/junit/jupiter/junit-jupiter-engine/5.7.0/junit-jupiter-engine-5.7.0.jar, took 43 ms
2026-02-19 09:51:31,030 [  36818]   INFO - STDOUT - [Gradle]: Download https://repo.maven.apache.org/maven2/org/junit/platform/junit-platform-engine/1.7.0/junit-platform-engine-1.7.0.jar, took 43 ms
2026-02-19 09:51:31,050 [  36838]   INFO - STDOUT - [Gradle]: Download https://repo.maven.apache.org/maven2/org/junit/jupiter/junit-jupiter-params/5.7.0/junit-jupiter-params-5.7.0.jar, took 49 ms
2026-02-19 09:51:31,070 [  36858]   INFO - STDOUT - [Gradle]: Download https://repo.maven.apache.org/maven2/com/typesafe/config/1.4.1/config-1.4.1.jar, took 64 ms
2026-02-19 09:51:31,093 [  36881]   INFO - STDOUT - [Gradle]: Download https://repo.maven.apache.org/maven2/org/aspectj/aspectjrt/1.9.6/aspectjrt-1.9.6.jar, took 37 ms
2026-02-19 09:51:31,094 [  36882]   INFO - STDOUT - [Gradle]: Download https://repo.maven.apache.org/maven2/org/opentest4j/opentest4j/1.2.0/opentest4j-1.2.0.jar, took 30 ms
2026-02-19 09:51:31,096 [  36884]   INFO - STDOUT - [Gradle]: Download https://repo.maven.apache.org/maven2/org/apiguardian/apiguardian-api/1.1.0/apiguardian-api-1.1.0.jar, took 33 ms
2026-02-19 09:51:31,257 [  37045]   INFO - STDOUT - [Gradle]: Download https://repo.maven.apache.org/maven2/org/projectlombok/lombok/1.18.28/lombok-1.18.28.jar, took 122 ms
2026-02-19 09:51:31,264 [  37052]   INFO - STDOUT - [Gradle]: Download https://repo.maven.apache.org/maven2/org/assertj/assertj-core/3.19.0/assertj-core-3.19.0.jar, took 167 ms
2026-02-19 09:51:31,266 [  37054]   INFO - STDOUT - [Gradle]: Download https://repo.maven.apache.org/maven2/com/fasterxml/jackson/core/jackson-annotations/2.10.4/jackson-annotations-2.10.4.pom, took 50 ms
2026-02-19 09:51:31,267 [  37055]   INFO - STDOUT - [Gradle]: Download https://repo.maven.apache.org/maven2/com/fasterxml/jackson/core/jackson-core/2.10.4/jackson-core-2.10.4.pom, took 60 ms
2026-02-19 09:51:31,269 [  37057]   INFO - STDOUT - [Gradle]: Download https://repo.maven.apache.org/maven2/com/fasterxml/jackson/jackson-parent/2.10/jackson-parent-2.10.pom, took 28 ms
2026-02-19 09:51:31,272 [  37060]   INFO - STDOUT - [Gradle]: Download https://repo.maven.apache.org/maven2/com/fasterxml/jackson/jackson-base/2.10.4/jackson-base-2.10.4.pom, took 21 ms
2026-02-19 09:51:31,274 [  37062]   INFO - STDOUT - [Gradle]: Download https://repo.maven.apache.org/maven2/com/fasterxml/jackson/jackson-bom/2.10.4/jackson-bom-2.10.4.pom, took 21 ms
2026-02-19 09:51:31,278 [  37066]   INFO - STDOUT - [Gradle]: Download https://repo.maven.apache.org/maven2/com/fasterxml/oss-parent/38/oss-parent-38.pom, took 25 ms
2026-02-19 09:51:31,285 [  37073]   INFO - STDOUT - [Gradle]: Download https://repo.maven.apache.org/maven2/com/fasterxml/jackson/core/jackson-annotations/2.10.4/jackson-annotations-2.10.4.jar, took 24 ms
2026-02-19 09:51:31,303 [  37091]   INFO - STDOUT - [Gradle]: Download https://repo.maven.apache.org/maven2/com/fasterxml/jackson/core/jackson-core/2.10.4/jackson-core-2.10.4.jar, took 43 ms
2026-02-19 09:51:31,304 [  37092]   INFO - STDOUT - [Gradle]: Download https://repo.maven.apache.org/maven2/org/projectlombok/lombok/1.18.16/lombok-1.18.16.pom, took 40 ms
2026-02-19 09:51:31,383 [  37171]   INFO - STDOUT - [Gradle]: Download https://repo.maven.apache.org/maven2/org/projectlombok/lombok/1.18.16/lombok-1.18.16.jar, took 67 ms
2026-02-19 09:51:31,517 [  37305]   INFO - STDOUT - [Gradle]: 
2026-02-19 09:51:31,518 [  37306]   INFO - STDOUT - [Gradle]: Deprecated Gradle features were used in this build, making it incompatible with Gradle 9.0.
2026-02-19 09:51:31,519 [  37307]   INFO - STDOUT - [Gradle]: 
2026-02-19 09:51:31,519 [  37307]   INFO - STDOUT - [Gradle]: 
2026-02-19 09:51:31,520 [  37308]   INFO - STDOUT - [Gradle]: You can use '--warning-mode all' to show the individual deprecation warnings and determine if they come from your own scripts or plugins.
2026-02-19 09:51:31,520 [  37308]   INFO - STDOUT - [Gradle]: 
2026-02-19 09:51:31,521 [  37309]   INFO - STDOUT - [Gradle]: 
2026-02-19 09:51:31,521 [  37309]   INFO - #c.i.p.c.i.PolyContextDiscoveryInfo$1 - Notifying that PolyContext may have changed due to roots changes.
2026-02-19 09:51:31,521 [  37309]   INFO - #c.i.o.p.UnindexedFilesScannerExecutor - [15375f63] Running task: com.intellij.util.indexing.UnindexedFilesScannerExecutorImpl$ScheduledScanningTask@504e051d
2026-02-19 09:51:31,522 [  37310]   INFO - STDOUT - [Gradle]: For more on this, please refer to https://docs.gradle.org/8.2.1/userguide/command_line_interface.html#sec:command_line_warnings in the Gradle documentation.
2026-02-19 09:51:31,522 [  37310]   INFO - STDOUT - [Gradle]: 
2026-02-19 09:51:31,523 [  37311]   INFO - STDOUT - [Gradle]: 
2026-02-19 09:51:31,523 [  37311]   INFO - STDOUT - [Gradle]: BUILD SUCCESSFUL
2026-02-19 09:51:31,523 [  37311]   INFO - #c.i.w.i.i.EntitiesOrphanageImpl - Update orphanage. 0 modules added
2026-02-19 09:51:31,524 [  37312]   INFO - STDOUT - [Gradle]:  in 13s
2026-02-19 09:51:31,524 [  37312]   INFO - STDOUT - [Gradle]: 
2026-02-19 09:51:31,524 [  37312]   INFO - #c.i.w.i.i.WorkspaceModelImpl - Project model updated to version 12 in 10 ms: The Gradle project sync
  phase = PROJECT_MODEL_PHASE
  taskId = RESOLVE_PROJECT:2
  projectPath = /data/project
2026-02-19 09:51:31,527 [  37315]   INFO - #c.i.o.p.UnindexedFilesScannerExecutor - [15375f63] Skipping task: com.intellij.util.indexing.UnindexedFilesScannerExecutorImpl$ScheduledScanningTask@504e051d
2026-02-19 09:51:31,527 [  37315]   INFO - #c.i.o.p.UnindexedFilesScannerExecutor - [15375f63] Running task: com.intellij.util.indexing.UnindexedFilesScannerExecutorImpl$ScheduledScanningTask@56710aec
2026-02-19 09:51:31,528 [  37316]   INFO - #c.i.u.i.UnindexedFilesScanner - [15375f63] scanning stage (scanning id=2): DelayedPushProperties
2026-02-19 09:51:31,529 [  37317]   INFO - #c.i.u.i.FileBasedIndexImpl - Indexes are already loaded
2026-02-19 09:51:31,529 [  37317]   INFO - #c.i.u.i.UnindexedFilesScanner - [15375f63] Started scanning for indexing of java-basics. Reason: changes in: "Module 'project.java-basics' (all roots)"
2026-02-19 09:51:31,529 [  37317]   INFO - #c.i.u.i.UnindexedFilesScanner - [15375f63] scanning stage (scanning id=2): CreatingIterators
2026-02-19 09:51:31,529 [  37317]   INFO - #c.i.u.i.UnindexedFilesScanner - [15375f63] scanning stage (scanning id=2): CollectingIndexableFiles
2026-02-19 09:51:31,530 [  37318]   INFO - #c.i.u.i.UnindexedFilesScanner - Scanning of java-basics uses 8 scanning threads
2026-02-19 09:51:31,547 [  37335]   INFO - #c.i.p.c.i.PolyContextDiscoveryInfo$1 - Notifying that PolyContext may have changed due to roots changes.
2026-02-19 09:51:31,548 [  37336]   INFO - #c.i.w.i.i.EntitiesOrphanageImpl - Update orphanage. 1 modules added
2026-02-19 09:51:31,549 [  37337]   INFO - #c.i.w.i.i.ContentRootAdder - Move content roots for 1 modules from orphanage to storage
2026-02-19 09:51:31,549 [  37337]   INFO - #c.i.w.i.i.SourceRootAdder - Move source roots for 0 modules from orphanage to storage
2026-02-19 09:51:31,549 [  37337]   INFO - #c.i.w.i.i.ExcludeRootAdder - Move exclude roots for 0 modules from orphanage to storage
2026-02-19 09:51:31,552 [  37340]   INFO - #c.i.p.c.i.PolyContextDiscoveryInfo$1 - Notifying that PolyContext may have changed due to roots changes.
2026-02-19 09:51:31,552 [  37340]   INFO - #c.i.w.i.i.EntitiesOrphanageImpl - Update orphanage. 0 modules added
2026-02-19 09:51:31,553 [  37341]   INFO - #c.i.w.i.i.WorkspaceModelImpl - Project model updated to version 14 in 5 ms: Move orphan elements
2026-02-19 09:51:31,553 [  37341]   INFO - #c.i.w.i.i.WorkspaceModelImpl - Project model updated to version 14 in 14 ms: The Gradle project sync
  phase = SOURCE_SET_MODEL_PHASE
  taskId = RESOLVE_PROJECT:2
  projectPath = /data/project
2026-02-19 09:51:31,561 [  37349]   INFO - #c.i.u.i.IndexingReasonExplanationLogger - Scheduling indexing of RestTestApplication1.java (id=3420) by request of indexes: [java.null.method.argument->NOT_INDEXED(not indexed),java.binary.plus.expression->NOT_INDEXED(not indexed),java.fun.expression->NOT_INDEXED(not indexed),PropertyCodeReferenceIndex->NOT_INDEXED(not indexed),HashFragmentIndex->NOT_INDEXED(not indexed),Stubs->NOT_INDEXED(not indexed),]. 
2026-02-19 09:51:31,564 [  37352]   INFO - #c.i.w.i.i.EntitiesOrphanageImpl - Update orphanage. 0 modules added
2026-02-19 09:51:31,564 [  37352]   INFO - #c.i.w.i.i.WorkspaceModelImpl - Project model updated to version 15 in 3 ms: The Gradle project sync
  phase = ADDITIONAL_MODEL_PHASE
  taskId = RESOLVE_PROJECT:2
  projectPath = /data/project
2026-02-19 09:51:31,565 [  37353]   INFO - #c.i.u.i.IndexingReasonExplanationLogger - Scheduling indexing of RestTestApplicationTests1.java (id=3618) by request of indexes: [java.null.method.argument->NOT_INDEXED(not indexed),java.binary.plus.expression->NOT_INDEXED(not indexed),java.fun.expression->NOT_INDEXED(not indexed),PropertyCodeReferenceIndex->NOT_INDEXED(not indexed),HashFragmentIndex->NOT_INDEXED(not indexed),Stubs->NOT_INDEXED(not indexed),]. 
2026-02-19 09:51:31,565 [  37353]   INFO - #c.i.u.i.IndexingReasonExplanationLogger - Scheduling indexing of build.gradle (id=3411) by request of indexes: [HashFragmentIndex->NOT_INDEXED(not indexed),]. 
2026-02-19 09:51:31,566 [  37354]   INFO - #c.i.u.i.IndexingReasonExplanationLogger - Scheduling indexing of settings.gradle (id=3408) by request of indexes: [HashFragmentIndex->NOT_INDEXED(not indexed),]. 
2026-02-19 09:51:31,600 [  37388]   INFO - #c.i.u.i.UnindexedFilesScanner - [15375f63] Scanning completed for java-basics. Number of scanned files: 784; number of files for indexing: 4
2026-02-19 09:51:31,601 [  37389]   INFO - #c.i.o.p.UnindexedFilesScannerExecutor - [15375f63] Task finished (scanning id=2): com.intellij.util.indexing.UnindexedFilesScannerExecutorImpl$ScheduledScanningTask@56710aec
2026-02-19 09:51:31,602 [  37390]   INFO - #c.i.o.p.DumbServiceImpl - enter dumb mode [java-basics]
2026-02-19 09:51:31,603 [  37391]   INFO - #c.i.o.p.UnindexedFilesScannerExecutor - [15375f63] Running task: com.intellij.util.indexing.UnindexedFilesScannerExecutorImpl$ScheduledScanningTask@2e4f5cff
2026-02-19 09:51:31,603 [  37391]   INFO - #c.i.u.i.UnindexedFilesScanner - [15375f63] scanning stage (scanning id=3): DelayedPushProperties
2026-02-19 09:51:31,604 [  37392]   INFO - #c.i.o.p.MergingQueueGuiExecutor - Running task: (dumb mode task) UnindexedFilesIndexer[java-basics, reasons: [changes in: "Module 'project.java-basics' (all roots)"]]
2026-02-19 09:51:31,605 [  37393]   INFO - #c.i.u.i.FileBasedIndexImpl - Indexes are already loaded
2026-02-19 09:51:31,606 [  37394]   INFO - #c.i.u.i.UnindexedFilesScanner - [15375f63] Started scanning for indexing of java-basics. Reason: Merged changes in: "Module 'java-basics.test' (all roots)", "Module 'java-basics.main' (all roots)" with changes in: "Module 'java-basics.main' (main)"
2026-02-19 09:51:31,606 [  37394]   INFO - #c.i.u.i.UnindexedFilesScanner - [15375f63] scanning stage (scanning id=3): CreatingIterators
2026-02-19 09:51:31,607 [  37395]   INFO - #c.i.u.i.UnindexedFilesScanner - [15375f63] scanning stage (scanning id=3): CollectingIndexableFiles
2026-02-19 09:51:31,607 [  37395]   INFO - #c.i.u.i.UnindexedFilesScanner - Scanning of java-basics uses 8 scanning threads
2026-02-19 09:51:31,615 [  37403]   INFO - STDOUT - [Gradle]: Gradle resolve stage finished with success: java-basics:15375f63
2026-02-19 09:51:31,616 [  37404]   INFO - #c.i.u.i.IndexingReasonExplanationLogger - Scheduling indexing of RestTestApplication1.java (id=3420) by request of indexes: [IdIndex->OUT_DATED(stamp(-2) != indexCreationStamp(1771494666142)),java.null.method.argument->NOT_INDEXED(not indexed),java.binary.plus.expression->NOT_INDEXED(not indexed),java.fun.expression->NOT_INDEXED(not indexed),PropertyCodeReferenceIndex->NOT_INDEXED(not indexed),Trigram.Index->OUT_DATED(stamp(-2) != indexCreationStamp(1771494668142)),HashFragmentIndex->NOT_INDEXED(not indexed),Stubs->NOT_INDEXED(not indexed),]. 
2026-02-19 09:51:31,617 [  37405]   INFO - #c.i.u.i.IndexingReasonExplanationLogger - Scheduling indexing of RestTestApplicationTests1.java (id=3618) by request of indexes: [IdIndex->OUT_DATED(stamp(-2) != indexCreationStamp(1771494666142)),java.null.method.argument->NOT_INDEXED(not indexed),java.binary.plus.expression->NOT_INDEXED(not indexed),java.fun.expression->NOT_INDEXED(not indexed),PropertyCodeReferenceIndex->NOT_INDEXED(not indexed),Trigram.Index->OUT_DATED(stamp(-2) != indexCreationStamp(1771494668142)),HashFragmentIndex->NOT_INDEXED(not indexed),Stubs->NOT_INDEXED(not indexed),]. 
2026-02-19 09:51:31,617 [  37405]   INFO - #c.i.u.i.IndexingReasonExplanationLogger - Scheduling indexing of build.gradle (id=3411) by request of indexes: [HashFragmentIndex->NOT_INDEXED(not indexed),]. 
2026-02-19 09:51:31,617 [  37405]   INFO - #c.i.u.i.IndexingReasonExplanationLogger - Scheduling indexing of settings.gradle (id=3408) by request of indexes: [HashFragmentIndex->NOT_INDEXED(not indexed),]. 
2026-02-19 09:51:31,620 [  37408]   INFO - #c.i.u.i.UnindexedFilesScanner - [15375f63] Scanning completed for java-basics. Number of scanned files: 137; number of files for indexing: 4
2026-02-19 09:51:31,622 [  37410]   INFO - #c.i.o.p.UnindexedFilesScannerExecutor - [15375f63] Task finished (scanning id=3): com.intellij.util.indexing.UnindexedFilesScannerExecutorImpl$ScheduledScanningTask@2e4f5cff
2026-02-19 09:51:31,622 [  37410]   INFO - #c.i.u.i.FileBasedIndexImpl - Indexes are already loaded
2026-02-19 09:51:31,623 [  37411]   INFO - #c.i.u.i.c.IndexUpdateRunner - Using 8 workers for indexing and 4 for writing indexes
2026-02-19 09:51:31,625 [  37413]   INFO - #c.i.u.i.c.IndexUpdateRunner - Coroutine 4 finished gracefully
2026-02-19 09:51:31,626 [  37414]   INFO - #c.i.u.i.c.IndexUpdateRunner - Coroutine 5 finished gracefully
2026-02-19 09:51:31,627 [  37415]   INFO - #c.i.u.i.c.IndexUpdateRunner - Coroutine 6 finished gracefully
2026-02-19 09:51:31,627 [  37415]   INFO - #c.i.u.i.c.IndexUpdateRunner - Coroutine 7 finished gracefully
2026-02-19 09:51:31,628 [  37416]   INFO - #c.i.u.i.c.IndexUpdateRunner - Coroutine 3 finished gracefully
2026-02-19 09:51:31,629 [  37417]   INFO - #c.i.u.i.c.IndexUpdateRunner - Coroutine 0 finished gracefully
2026-02-19 09:51:31,630 [  37418]   INFO - #c.i.u.i.c.IndexUpdateRunner - Coroutine 1 finished gracefully
2026-02-19 09:51:31,630 [  37418]   INFO - #c.i.u.i.c.IndexUpdateRunner - Coroutine 2 finished gracefully
2026-02-19 09:51:31,632 [  37420]   INFO - #o.j.k.g.s.s.r.GradleBuildRootIndex - /data/project: org.jetbrains.kotlin.gradle.scripting.shared.roots.New@34550ed5 -> org.jetbrains.kotlin.gradle.scripting.shared.roots.Imported@40aa7049
2026-02-19 09:51:31,632 [  37420]   INFO - #c.i.o.e.u.ExternalSystemUtil - External project [/data/project] resolution task executed in 22152 ms.
2026-02-19 09:51:31,634 [  37422]   INFO - STDOUT - [Gradle]: Gradle data import stage started: java-basics:15375f63
2026-02-19 09:51:31,657 [  37445]   INFO - #c.i.u.i.ProjectChangedFilesScanner - Retrieving changed during indexing files of java-basics : 114 to update, calculated in 5ms
2026-02-19 09:51:31,657 [  37445]   INFO - STDOUT - [IDE]: Gradle: Importing gradle bridge data                                                                                        0%
2026-02-19 09:51:31,658 [  37446]   INFO - #c.i.o.e.s.p.IdeModifiableModelsProviderImpl - Ide modifiable models provider, create builder from version 15
2026-02-19 09:51:31,660 [  37448]   INFO - STDOUT - [IDE]: Gradle: Importing module data                                                                                               0%
2026-02-19 09:51:31,666 [  37454]   INFO - STDOUT - [IDE]: Gradle: Importing native target data                                                                                        2%
2026-02-19 09:51:31,668 [  37456]   INFO - STDOUT - [IDE]: Gradle: Importing kotlin target data                                                                     .                  5%
2026-02-19 09:51:31,668 [  37456]   INFO - STDOUT - [IDE]: Gradle: Importing kotlin fragment data                                                                   .                  8%
2026-02-19 09:51:31,668 [  37456]   INFO - STDOUT - [IDE]: Gradle: Importing gradle project build script data                                                       ..                 11%
2026-02-19 09:51:31,668 [  37456]   INFO - STDOUT - [IDE]: Gradle: Importing gradle source set data                                                                 ..                 13%
2026-02-19 09:51:31,673 [  37461]   INFO - STDOUT - [IDE]: Gradle: Importing gradle bridge module data                                                              ...                16%
2026-02-19 09:51:31,674 [  37462]   INFO - STDOUT - [IDE]: Gradle: Importing project data                                                                           ...                19%
2026-02-19 09:51:31,674 [  37462]   INFO - STDOUT - [IDE]: Gradle: Importing project data                                                                           ....               22%
2026-02-19 09:51:31,674 [  37462]   INFO - STDOUT - [IDE]: Gradle: Importing java project data                                                                      ....               22%
2026-02-19 09:51:31,677 [  37465]   INFO - STDOUT - [IDE]: Gradle: Importing project sdk data                                                                       ....               25%
2026-02-19 09:51:31,685 [  37473]   INFO - STDOUT - [IDE]: Gradle: Importing composite build data                                                                   .....              27%
2026-02-19 09:51:31,686 [  37474]   INFO - STDOUT - [IDE]: Gradle: Importing java module data                                                                       .....              30%
2026-02-19 09:51:31,687 [  37475]   INFO - STDOUT - [IDE]: Gradle: Importing module sdk data                                                                        ......             33%
2026-02-19 09:51:31,690 [  37478]   INFO - STDOUT - [IDE]: Gradle: Importing library data                                                                           ......             36%
2026-02-19 09:51:31,730 [  37518]   INFO - STDOUT - [IDE]: Gradle: Importing content root data                                                                      .......            38%
2026-02-19 09:51:31,740 [  37528]   INFO - STDOUT - [IDE]: Gradle: Importing kotlin output paths data                                                               .......            41%
2026-02-19 09:51:31,740 [  37528]   INFO - STDOUT - [IDE]: Gradle: Importing kotlin output paths data                                                               ........           44%
2026-02-19 09:51:31,744 [  37532]   INFO - STDOUT - [IDE]: Gradle: Importing module dependency data                                                                 ........           44%
2026-02-19 09:51:31,744 [  37532]   INFO - #c.i.u.i.c.IndexUpdateRunner - Coroutine 0 finished gracefully
2026-02-19 09:51:31,744 [  37532]   INFO - #c.i.u.i.c.IndexUpdateRunner - Coroutine 3 finished gracefully
2026-02-19 09:51:31,744 [  37532]   INFO - STDOUT - [IDE]: Gradle: Importing library dependency data                                                                ........           47%
2026-02-19 09:51:31,744 [  37532]   INFO - #c.i.u.i.c.IndexUpdateRunner - Coroutine 6 finished gracefully
2026-02-19 09:51:31,744 [  37532]   INFO - #c.i.u.i.c.IndexUpdateRunner - Coroutine 5 finished gracefully
2026-02-19 09:51:31,744 [  37532]   INFO - #c.i.u.i.c.IndexUpdateRunner - Coroutine 4 finished gracefully
2026-02-19 09:51:31,744 [  37532]   INFO - STDOUT - [IDE]: Gradle: Importing dependency accessors model                                                             .........          50%
2026-02-19 09:51:31,745 [  37533]   INFO - STDOUT - [IDE]: Gradle: Importing version catalogs model                                                                 .........          52%
2026-02-19 09:51:31,745 [  37533]   INFO - STDOUT - [IDE]: Gradle: Importing build script classpath data                                                            ..........         55%
2026-02-19 09:51:31,745 [  37533]   INFO - #c.i.u.i.c.IndexUpdateRunner - Coroutine 2 finished gracefully
2026-02-19 09:51:31,745 [  37533]   INFO - #c.i.u.i.c.IndexUpdateRunner - Coroutine 1 finished gracefully
2026-02-19 09:51:31,745 [  37533]   INFO - #c.i.u.i.c.IndexUpdateRunner - Coroutine 7 finished gracefully
2026-02-19 09:51:31,751 [  37539]   INFO - #c.i.w.i.i.EntitiesOrphanageImpl - Update orphanage. 0 modules added
2026-02-19 09:51:31,751 [  37539]   INFO - #c.i.w.i.i.WorkspaceModelImpl - Project model updated to version 16 in 3 ms: AbstractExternalSystemLocalSettings async update
2026-02-19 09:51:31,753 [  37541]   INFO - STDOUT - [IDE]: Gradle: Importing gradle extensions                                                                      ..........         58%
2026-02-19 09:51:31,753 [  37541]   INFO - STDOUT - [IDE]: Gradle: Importing task data                                                                              ...........        61%
2026-02-19 09:51:31,753 [  37541]   INFO - STDOUT - [IDE]: Gradle: Importing java manifest data                                                                     ...........        63%
2026-02-19 09:51:31,753 [  37541]   INFO - STDOUT - [IDE]: Gradle: Importing java manifest data                                                                     ............       66%
2026-02-19 09:51:31,754 [  37542]   INFO - STDOUT - [IDE]: Gradle: Importing external project                                                                       ............       66%
2026-02-19 09:51:31,754 [  37542]   INFO - STDOUT - [IDE]: Gradle: Importing configuration data                                                                     ............       69%
2026-02-19 09:51:31,754 [  37542]   INFO - STDOUT - [IDE]: Gradle: Importing test data                                                                              .............      72%
2026-02-19 09:51:31,754 [  37542]   INFO - STDOUT - [IDE]: Gradle: Importing project dependencies                                                                   .............      75%
2026-02-19 09:51:31,755 [  37543]   INFO - STDOUT - [IDE]: Gradle: Importing annotation processing data                                                             ..............     77%
2026-02-19 09:51:31,760 [  37548]   INFO - STDOUT - [IDE]: Gradle: Importing annotation processing data$ annotation processor output                                ..............     80%
2026-02-19 09:51:31,760 [  37548]   INFO - STDOUT - [IDE]: Gradle: Importing web configuration model data                                                           ...............    83%
2026-02-19 09:51:31,765 [  37553]   INFO - STDOUT - [IDE]: Gradle: Importing external system operation descriptor                                                   ...............    86%
2026-02-19 09:51:31,765 [  37553]   INFO - STDOUT - [IDE]: Gradle: Importing external system operation descriptor                                                   ................   88%
2026-02-19 09:51:31,765 [  37553]   INFO - STDOUT - [IDE]: Gradle: Importing ear configuration model data                                                           ................   88%
2026-02-19 09:51:31,765 [  37553]   INFO - STDOUT - [IDE]: Gradle: Importing maven repository data                                                                  ................   91%
2026-02-19 09:51:31,765 [  37553]   INFO - STDOUT - [IDE]: Gradle: Importing project repository data                                                                .................  94%
2026-02-19 09:51:31,768 [  37556]   INFO - #c.i.u.i.UnindexedFilesIndexer - Finished for java-basics. Unindexed files update took 144ms; general responsiveness: ok; EDT responsiveness: ok
2026-02-19 09:51:31,768 [  37556]   INFO - #c.i.o.p.MergingQueueGuiExecutor - Task finished: (dumb mode task) UnindexedFilesIndexer[java-basics, reasons: [changes in: "Module 'project.java-basics' (all roots)"]]
2026-02-19 09:51:31,769 [  37557]   INFO - #c.i.o.p.MergingQueueGuiExecutor - Running task: (dumb mode task) UnindexedFilesIndexer[java-basics, reasons: [Merged changes in: "Module 'java-basics.test' (all roots)", "Module 'java-basics.main' (all roots)" with changes in: "Module 'java-basics.main' (main)"]]
2026-02-19 09:51:31,769 [  37557]   INFO - #c.i.u.i.FileBasedIndexImpl - Indexes are already loaded
2026-02-19 09:51:31,769 [  37557]   INFO - #c.i.u.i.c.IndexUpdateRunner - Using 8 workers for indexing and 4 for writing indexes
2026-02-19 09:51:31,769 [  37557]   INFO - #c.i.u.i.ProjectChangedFilesScanner - Retrieving changed during indexing files of java-basics : 0 to update, calculated in 0ms
2026-02-19 09:51:31,769 [  37557]   INFO - #c.i.u.i.UnindexedFilesIndexer - Finished for java-basics. Unindexed files update took 0ms; general responsiveness: ok; EDT responsiveness: ok
2026-02-19 09:51:31,769 [  37557]   INFO - #c.i.o.p.MergingQueueGuiExecutor - Task finished: (dumb mode task) UnindexedFilesIndexer[java-basics, reasons: [Merged changes in: "Module 'java-basics.test' (all roots)", "Module 'java-basics.main' (all roots)" with changes in: "Module 'java-basics.main' (main)"]]
2026-02-19 09:51:31,769 [  37557]   INFO - #c.i.o.p.MergingQueueGuiExecutor - Running task: (dumb mode task) com.intellij.openapi.roots.impl.PushedFilePropertiesUpdaterImpl$MyDumbModeTask@1f0ea5cc (reason: Push on VFS changes)
2026-02-19 09:51:31,775 [  37563]   INFO - #c.i.o.p.MergingQueueGuiExecutor - Task finished: (dumb mode task) com.intellij.openapi.roots.impl.PushedFilePropertiesUpdaterImpl$MyDumbModeTask@1f0ea5cc (reason: Push on VFS changes)
2026-02-19 09:51:31,778 [  37566]   INFO - #c.i.o.p.DumbServiceImpl - exit dumb mode [java-basics]
2026-02-19 09:51:31,779 [  37567]   INFO - STDOUT - [IDE]: Task 'Analyzing project to enable smart features' ended
2026-02-19 09:51:31,802 [  37590]   INFO - #c.i.w.i.i.EntitiesOrphanageImpl - Update orphanage. 0 modules added
2026-02-19 09:51:31,803 [  37591]   INFO - #c.i.w.i.i.WorkspaceModelImpl - Project model updated to version 17 in 0 ms: Commit artifact manager
2026-02-19 09:51:31,813 [  37601]   INFO - #c.i.o.p.UnindexedFilesScannerExecutor - [15375f63] Running task: com.intellij.util.indexing.UnindexedFilesScannerExecutorImpl$ScheduledScanningTask@714512
2026-02-19 09:51:31,813 [  37601]   INFO - #c.i.w.i.i.EntitiesOrphanageImpl - Update orphanage. 0 modules added
2026-02-19 09:51:31,814 [  37602]   INFO - #c.i.o.p.DumbServiceImpl - enter dumb mode [java-basics]
2026-02-19 09:51:31,816 [  37604]   INFO - #c.i.w.i.i.WorkspaceModelImpl - Project model updated to version 18 in 13 ms: External system: commit model
2026-02-19 09:51:31,816 [  37604]   INFO - #c.i.p.c.i.PolyContextDiscoveryInfo$1 - Notifying that PolyContext may have changed due to roots changes.
2026-02-19 09:51:31,818 [  37606]   INFO - STDOUT - [Gradle]: Gradle data import stage finished with success: java-basics:15375f63
2026-02-19 09:51:31,821 [  37609]   INFO - #c.i.u.i.UnindexedFilesScanner - [15375f63] scanning stage (scanning id=4): DelayedPushProperties
2026-02-19 09:51:31,822 [  37610]   INFO - #c.i.o.p.MergingQueueGuiExecutor - Running task: (dumb mode task) com.intellij.openapi.roots.impl.PushedFilePropertiesUpdaterImpl$MyDumbModeTask@d1ab107 (reason: Push all on [com.intellij.openapi.roots.impl.JavaLanguageLevelPusher@65ce6073])
2026-02-19 09:51:31,822 [  37610]   INFO - STDOUT - [Gradle]: Gradle data import(final tasks) stage started: java-basics:15375f63
2026-02-19 09:51:31,823 [  37611]   INFO - #c.i.o.p.MergingQueueGuiExecutor - Task finished: (dumb mode task) com.intellij.openapi.roots.impl.PushedFilePropertiesUpdaterImpl$MyDumbModeTask@d1ab107 (reason: Push all on [com.intellij.openapi.roots.impl.JavaLanguageLevelPusher@65ce6073])
2026-02-19 09:51:31,825 [  37613]   INFO - #c.i.w.i.i.EntitiesOrphanageImpl - Update orphanage. 0 modules added
2026-02-19 09:51:31,825 [  37613]   INFO - #c.i.w.i.i.WorkspaceModelImpl - Project model updated to version 19 in 0 ms: AbstractExternalSystemLocalSettings async update
2026-02-19 09:51:31,830 [  37618]   INFO - #c.i.o.p.DumbServiceImpl - exit dumb mode [java-basics]
2026-02-19 09:51:31,837 [  37625]   INFO - STDOUT - [IDE]: Task 'Analyzing project to enable smart features' ended
2026-02-19 09:51:31,875 [  37663]   INFO - #c.i.u.i.FileBasedIndexImpl - Indexes are already loaded
2026-02-19 09:51:31,875 [  37663]   INFO - #c.i.u.i.UnindexedFilesScanner - [15375f63] Started scanning for indexing of java-basics. Reason: Changes from WorkspaceFileIndex
2026-02-19 09:51:31,876 [  37664]   INFO - #c.i.u.i.UnindexedFilesScanner - [15375f63] scanning stage (scanning id=4): CreatingIterators
2026-02-19 09:51:31,876 [  37664]   INFO - #c.i.u.i.UnindexedFilesScanner - [15375f63] scanning stage (scanning id=4): CollectingIndexableFiles
2026-02-19 09:51:31,876 [  37664]   INFO - #c.i.u.i.UnindexedFilesScanner - Scanning of java-basics uses 8 scanning threads
2026-02-19 09:51:31,883 [  37671]   INFO - #c.i.u.i.IndexingReasonExplanationLogger - Scanner has updated file jackson-annotations-2.10.4.jar (id=78558) with appliers: [SingleIndexValueApplier{indexId=java.auto.module.name, inputId=78558, fileInfo='jackson-annotations-2.10.4.jar(id=78558)'}] and removers: []; 
2026-02-19 09:51:31,886 [  37674]   INFO - #c.i.u.i.IndexingReasonExplanationLogger - Scanner has updated file junit-jupiter-engine-5.7.0.jar (id=78490) with appliers: [SingleIndexValueApplier{indexId=java.auto.module.name, inputId=78490, fileInfo='junit-jupiter-engine-5.7.0.jar(id=78490)'}] and removers: []; 
2026-02-19 09:51:31,886 [  37674]   INFO - #c.i.u.i.IndexingReasonExplanationLogger - Scanner has updated file junit-platform-commons-1.7.0.jar (id=78546) with appliers: [SingleIndexValueApplier{indexId=java.auto.module.name, inputId=78546, fileInfo='junit-platform-commons-1.7.0.jar(id=78546)'}] and removers: []; 
2026-02-19 09:51:31,886 [  37674]   INFO - #c.i.u.i.IndexingReasonExplanationLogger - Scanner has updated file aspectjrt-1.9.6.jar (id=78519) with appliers: [SingleIndexValueApplier{indexId=java.auto.module.name, inputId=78519, fileInfo='aspectjrt-1.9.6.jar(id=78519)'}] and removers: []; 
2026-02-19 09:51:31,887 [  37675]   INFO - #c.i.u.i.IndexingReasonExplanationLogger - Scanner has updated file junit-platform-engine-1.7.0.jar (id=78530) with appliers: [SingleIndexValueApplier{indexId=java.auto.module.name, inputId=78530, fileInfo='junit-platform-engine-1.7.0.jar(id=78530)'}] and removers: []; 
2026-02-19 09:51:31,887 [  37675]   INFO - #c.i.u.i.IndexingReasonExplanationLogger - Scheduling indexing of Nulls.class (id=79926) by request of indexes: [bytecodeAnalysis->NOT_INDEXED(not indexed),org.jetbrains.kotlin.idea.versions.KotlinJvmMetadataVersionIndex->NOT_INDEXED(not indexed),org.jetbrains.kotlin.idea.vfilefinder.KotlinPartialPackageNamesIndex->NOT_INDEXED(not indexed),org.jetbrains.kotlin.idea.vfilefinder.KotlinClassFileIndex->NOT_INDEXED(not indexed),KotlinTopLevelCallableByPackageShortNameIndex->NOT_INDEXED(not indexed),KotlinBinaryRootToPackageIndex->NOT_INDEXED(not indexed),KotlinTopLevelClassLikeDeclarationByPackageShortNameIndex->NOT_INDEXED(not indexed),filetypes->NOT_INDEXED(not indexed),Stubs->NOT_INDEXED(not indexed),]. Scanner has updated file Nulls.class (id=79926) with appliers: [SingleIndexValueApplier{indexId=filetypes, inputId=79926, fileInfo='Nulls.class(id=79926)'}] and removers: []; 
2026-02-19 09:51:31,887 [  37675]   INFO - #c.i.u.i.IndexingReasonExplanationLogger - Scheduling indexing of JupiterConfiguration.class (id=78620) by request of indexes: [bytecodeAnalysis->NOT_INDEXED(not indexed),org.jetbrains.kotlin.idea.versions.KotlinJvmMetadataVersionIndex->NOT_INDEXED(not indexed),org.jetbrains.kotlin.idea.vfilefinder.KotlinPartialPackageNamesIndex->NOT_INDEXED(not indexed),org.jetbrains.kotlin.idea.vfilefinder.KotlinClassFileIndex->NOT_INDEXED(not indexed),KotlinTopLevelCallableByPackageShortNameIndex->NOT_INDEXED(not indexed),KotlinBinaryRootToPackageIndex->NOT_INDEXED(not indexed),KotlinTopLevelClassLikeDeclarationByPackageShortNameIndex->NOT_INDEXED(not indexed),filetypes->NOT_INDEXED(not indexed),Stubs->NOT_INDEXED(not indexed),]. Scanner has updated file JupiterConfiguration.class (id=78620) with appliers: [SingleIndexValueApplier{indexId=filetypes, inputId=78620, fileInfo='JupiterConfiguration.class(id=78620)'}] and removers: []; 
2026-02-19 09:51:31,887 [  37675]   INFO - #c.i.u.i.IndexingReasonExplanationLogger - Scheduling indexing of JsonView.class (id=79924) by request of indexes: [bytecodeAnalysis->NOT_INDEXED(not indexed),org.jetbrains.kotlin.idea.versions.KotlinJvmMetadataVersionIndex->NOT_INDEXED(not indexed),org.jetbrains.kotlin.idea.vfilefinder.KotlinPartialPackageNamesIndex->NOT_INDEXED(not indexed),org.jetbrains.kotlin.idea.vfilefinder.KotlinClassFileIndex->NOT_INDEXED(not indexed),KotlinTopLevelCallableByPackageShortNameIndex->NOT_INDEXED(not indexed),KotlinBinaryRootToPackageIndex->NOT_INDEXED(not indexed),KotlinTopLevelClassLikeDeclarationByPackageShortNameIndex->NOT_INDEXED(not indexed),filetypes->NOT_INDEXED(not indexed),Stubs->NOT_INDEXED(not indexed),]. Scanner has updated file JsonView.class (id=79924) with appliers: [SingleIndexValueApplier{indexId=filetypes, inputId=79924, fileInfo='JsonView.class(id=79924)'}] and removers: []; 
2026-02-19 09:51:31,888 [  37676]   INFO - #c.i.u.i.IndexingReasonExplanationLogger - Scheduling indexing of CachingJupiterConfiguration.class (id=78623) by request of indexes: [bytecodeAnalysis->NOT_INDEXED(not indexed),org.jetbrains.kotlin.idea.versions.KotlinJvmMetadataVersionIndex->NOT_INDEXED(not indexed),org.jetbrains.kotlin.idea.vfilefinder.KotlinPartialPackageNamesIndex->NOT_INDEXED(not indexed),org.jetbrains.kotlin.idea.vfilefinder.KotlinClassFileIndex->NOT_INDEXED(not indexed),KotlinTopLevelCallableByPackageShortNameIndex->NOT_INDEXED(not indexed),KotlinBinaryRootToPackageIndex->NOT_INDEXED(not indexed),KotlinTopLevelClassLikeDeclarationByPackageShortNameIndex->NOT_INDEXED(not indexed),filetypes->NOT_INDEXED(not indexed),Stubs->NOT_INDEXED(not indexed),]. Scanner has updated file CachingJupiterConfiguration.class (id=78623) with appliers: [SingleIndexValueApplier{indexId=filetypes, inputId=78623, fileInfo='CachingJupiterConfiguration.class(id=78623)'}] and removers: []; 
2026-02-19 09:51:31,888 [  37676]   INFO - #c.i.u.i.IndexingReasonExplanationLogger - Scheduling indexing of JsonAlias.class (id=79918) by request of indexes: [bytecodeAnalysis->NOT_INDEXED(not indexed),org.jetbrains.kotlin.idea.versions.KotlinJvmMetadataVersionIndex->NOT_INDEXED(not indexed),org.jetbrains.kotlin.idea.vfilefinder.KotlinPartialPackageNamesIndex->NOT_INDEXED(not indexed),org.jetbrains.kotlin.idea.vfilefinder.KotlinClassFileIndex->NOT_INDEXED(not indexed),KotlinTopLevelCallableByPackageShortNameIndex->NOT_INDEXED(not indexed),KotlinBinaryRootToPackageIndex->NOT_INDEXED(not indexed),KotlinTopLevelClassLikeDeclarationByPackageShortNameIndex->NOT_INDEXED(not indexed),filetypes->NOT_INDEXED(not indexed),Stubs->NOT_INDEXED(not indexed),]. Scanner has updated file JsonAlias.class (id=79918) with appliers: [SingleIndexValueApplier{indexId=filetypes, inputId=79918, fileInfo='JsonAlias.class(id=79918)'}] and removers: []; 
2026-02-19 09:51:31,888 [  37676]   INFO - #c.i.u.i.IndexingReasonExplanationLogger - Scheduling indexing of DefaultJupiterConfiguration.class (id=78622) by request of indexes: [bytecodeAnalysis->NOT_INDEXED(not indexed),org.jetbrains.kotlin.idea.versions.KotlinJvmMetadataVersionIndex->NOT_INDEXED(not indexed),org.jetbrains.kotlin.idea.vfilefinder.KotlinPartialPackageNamesIndex->NOT_INDEXED(not indexed),org.jetbrains.kotlin.idea.vfilefinder.KotlinClassFileIndex->NOT_INDEXED(not indexed),KotlinTopLevelCallableByPackageShortNameIndex->NOT_INDEXED(not indexed),KotlinBinaryRootToPackageIndex->NOT_INDEXED(not indexed),KotlinTopLevelClassLikeDeclarationByPackageShortNameIndex->NOT_INDEXED(not indexed),filetypes->NOT_INDEXED(not indexed),Stubs->NOT_INDEXED(not indexed),]. Scanner has updated file DefaultJupiterConfiguration.class (id=78622) with appliers: [SingleIndexValueApplier{indexId=filetypes, inputId=78622, fileInfo='DefaultJupiterConfiguration.class(id=78622)'}] and removers: []; 
2026-02-19 09:51:31,888 [  37676]   INFO - #c.i.u.i.IndexingReasonExplanationLogger - Scheduling indexing of LruCache.class (id=78585) by request of indexes: [bytecodeAnalysis->NOT_INDEXED(not indexed),org.jetbrains.kotlin.idea.versions.KotlinJvmMetadataVersionIndex->NOT_INDEXED(not indexed),org.jetbrains.kotlin.idea.vfilefinder.KotlinPartialPackageNamesIndex->NOT_INDEXED(not indexed),org.jetbrains.kotlin.idea.vfilefinder.KotlinClassFileIndex->NOT_INDEXED(not indexed),KotlinTopLevelCallableByPackageShortNameIndex->NOT_INDEXED(not indexed),KotlinBinaryRootToPackageIndex->NOT_INDEXED(not indexed),KotlinTopLevelClassLikeDeclarationByPackageShortNameIndex->NOT_INDEXED(not indexed),filetypes->NOT_INDEXED(not indexed),Stubs->NOT_INDEXED(not indexed),]. Scanner has updated file LruCache.class (id=78585) with appliers: [SingleIndexValueApplier{indexId=filetypes, inputId=78585, fileInfo='LruCache.class(id=78585)'}] and removers: []; 
2026-02-19 09:51:31,889 [  37677]   INFO - #c.i.u.i.IndexingReasonExplanationLogger - Scheduling indexing of EnumConfigurationParameterConverter.class (id=78621) by request of indexes: [bytecodeAnalysis->NOT_INDEXED(not indexed),org.jetbrains.kotlin.idea.versions.KotlinJvmMetadataVersionIndex->NOT_INDEXED(not indexed),org.jetbrains.kotlin.idea.vfilefinder.KotlinPartialPackageNamesIndex->NOT_INDEXED(not indexed),org.jetbrains.kotlin.idea.vfilefinder.KotlinClassFileIndex->NOT_INDEXED(not indexed),KotlinTopLevelCallableByPackageShortNameIndex->NOT_INDEXED(not indexed),KotlinBinaryRootToPackageIndex->NOT_INDEXED(not indexed),KotlinTopLevelClassLikeDeclarationByPackageShortNameIndex->NOT_INDEXED(not indexed),filetypes->NOT_INDEXED(not indexed),Stubs->NOT_INDEXED(not indexed),]. Scanner has updated file EnumConfigurationParameterConverter.class (id=78621) with appliers: [SingleIndexValueApplier{indexId=filetypes, inputId=78621, fileInfo='EnumConfigurationParameterConverter.class(id=78621)'}] and removers: []; 
2026-02-19 09:51:31,890 [  37678]   INFO - #c.i.u.i.IndexingReasonExplanationLogger - Scheduling indexing of JsonMerge.class (id=79927) by request of indexes: [bytecodeAnalysis->NOT_INDEXED(not indexed),org.jetbrains.kotlin.idea.versions.KotlinJvmMetadataVersionIndex->NOT_INDEXED(not indexed),org.jetbrains.kotlin.idea.vfilefinder.KotlinPartialPackageNamesIndex->NOT_INDEXED(not indexed),org.jetbrains.kotlin.idea.vfilefinder.KotlinClassFileIndex->NOT_INDEXED(not indexed),KotlinTopLevelCallableByPackageShortNameIndex->NOT_INDEXED(not indexed),KotlinBinaryRootToPackageIndex->NOT_INDEXED(not indexed),KotlinTopLevelClassLikeDeclarationByPackageShortNameIndex->NOT_INDEXED(not indexed),filetypes->NOT_INDEXED(not indexed),Stubs->NOT_INDEXED(not indexed),]. Scanner has updated file JsonMerge.class (id=79927) with appliers: [SingleIndexValueApplier{indexId=filetypes, inputId=79927, fileInfo='JsonMerge.class(id=79927)'}] and removers: []; 
2026-02-19 09:51:31,890 [  37678]   INFO - #c.i.u.i.IndexingReasonExplanationLogger - Scheduling indexing of ClassUtils.class (id=78588) by request of indexes: [bytecodeAnalysis->NOT_INDEXED(not indexed),org.jetbrains.kotlin.idea.versions.KotlinJvmMetadataVersionIndex->NOT_INDEXED(not indexed),org.jetbrains.kotlin.idea.vfilefinder.KotlinPartialPackageNamesIndex->NOT_INDEXED(not indexed),org.jetbrains.kotlin.idea.vfilefinder.KotlinClassFileIndex->NOT_INDEXED(not indexed),KotlinTopLevelCallableByPackageShortNameIndex->NOT_INDEXED(not indexed),KotlinBinaryRootToPackageIndex->NOT_INDEXED(not indexed),KotlinTopLevelClassLikeDeclarationByPackageShortNameIndex->NOT_INDEXED(not indexed),filetypes->NOT_INDEXED(not indexed),Stubs->NOT_INDEXED(not indexed),]. Scanner has updated file ClassUtils.class (id=78588) with appliers: [SingleIndexValueApplier{indexId=filetypes, inputId=78588, fileInfo='ClassUtils.class(id=78588)'}] and removers: []; 
2026-02-19 09:51:31,890 [  37678]   INFO - #c.i.u.i.IndexingReasonExplanationLogger - Scanner has updated file jackson-core-2.10.4.jar (id=78563) with appliers: [SingleIndexValueApplier{indexId=java.auto.module.name, inputId=78563, fileInfo='jackson-core-2.10.4.jar(id=78563)'}] and removers: []; 
2026-02-19 09:51:31,890 [  37678]   INFO - #c.i.u.i.IndexingReasonExplanationLogger - Scanner has updated file config-1.4.1.jar (id=78513) with appliers: [SingleIndexValueApplier{indexId=java.auto.module.name, inputId=78513, fileInfo='config-1.4.1.jar(id=78513)'}] and removers: []; 
2026-02-19 09:51:31,894 [  37682]   INFO - #c.i.u.i.IndexingReasonExplanationLogger - Scanner has updated file lombok-1.18.28.jar (id=78525) with appliers: [SingleIndexValueApplier{indexId=java.auto.module.name, inputId=78525, fileInfo='lombok-1.18.28.jar(id=78525)'}] and removers: []; 
2026-02-19 09:51:31,895 [  37683]   INFO - #c.i.u.i.IndexingReasonExplanationLogger - Scanner has updated file Excludes.SCL.lombok (id=79266) with appliers: [SingleIndexValueApplier{indexId=filetypes, inputId=79266, fileInfo='Excludes.SCL.lombok(id=79266)'}] and removers: []; 
2026-02-19 09:51:31,896 [  37684]   INFO - #c.i.u.i.IndexingReasonExplanationLogger - Scanner has updated file apiguardian-api-1.1.0.jar (id=78541) with appliers: [SingleIndexValueApplier{indexId=java.auto.module.name, inputId=78541, fileInfo='apiguardian-api-1.1.0.jar(id=78541)'}] and removers: []; 
2026-02-19 09:51:32,032 [  37820]   INFO - STDOUT - [Gradle]: Gradle data import(final tasks) stage finished: java-basics:15375f63
2026-02-19 09:51:32,042 [  37830]   INFO - STDOUT - [IDE]: Task 'Importing 'project' Gradle Project' ended in 22 s 769 ms
2026-02-19 09:51:32,075 [  37863]   INFO - #c.i.u.i.UnindexedFilesScanner - [15375f63] Scanning completed for java-basics. Number of scanned files: 6571; number of files for indexing: 4987
2026-02-19 09:51:32,075 [  37863]   INFO - #c.i.o.p.UnindexedFilesScannerExecutor - [15375f63] Task finished (scanning id=4): com.intellij.util.indexing.UnindexedFilesScannerExecutorImpl$ScheduledScanningTask@714512
2026-02-19 09:51:32,076 [  37864]   INFO - #c.i.o.p.DumbServiceImpl - enter dumb mode [java-basics]
2026-02-19 09:51:32,077 [  37865]   INFO - #c.i.o.p.UnindexedFilesScannerExecutor - [15375f63] Running task: com.intellij.util.indexing.UnindexedFilesScannerExecutorImpl$ScheduledScanningTask@4f50c8b4
2026-02-19 09:51:32,077 [  37865]   INFO - #c.i.u.i.UnindexedFilesScanner - [15375f63] scanning stage (scanning id=5): DelayedPushProperties
2026-02-19 09:51:32,078 [  37866]   INFO - #c.i.o.p.MergingQueueGuiExecutor - Running task: (dumb mode task) UnindexedFilesIndexer[java-basics, reasons: [Changes from WorkspaceFileIndex]]
2026-02-19 09:51:32,078 [  37866]   INFO - #c.i.u.i.FileBasedIndexImpl - Indexes are already loaded
2026-02-19 09:51:32,078 [  37866]   INFO - #c.i.u.i.UnindexedFilesScanner - [15375f63] Started scanning for indexing of java-basics. Reason: changes in: "Module 'java-basics.main' (all roots)", "Module 'java-basics.test' (all roots)", "Module 'java-basics' (project)"
2026-02-19 09:51:32,078 [  37866]   INFO - #c.i.u.i.UnindexedFilesScanner - [15375f63] scanning stage (scanning id=5): CreatingIterators
2026-02-19 09:51:32,079 [  37867]   INFO - #c.i.u.i.UnindexedFilesScanner - [15375f63] scanning stage (scanning id=5): CollectingIndexableFiles
2026-02-19 09:51:32,079 [  37867]   INFO - #c.i.u.i.UnindexedFilesScanner - Scanning of java-basics uses 8 scanning threads
2026-02-19 09:51:32,087 [  37875]   INFO - #c.i.u.i.IndexingReasonExplanationLogger - Scheduling indexing of allure-maven.html (id=80163) by request of indexes: [Trigram.Index->NOT_INDEXED(not indexed),fileIncludes->NOT_INDEXED(not indexed),html5.custom.attributes.index->NOT_INDEXED(not indexed),CssIndex->NOT_INDEXED(not indexed),css.template.selectors->NOT_INDEXED(not indexed),js.custom.single.entry.index->NOT_INDEXED(not indexed),js.implicit.elements.index->NOT_INDEXED(not indexed),WebComponentsIndex->NOT_INDEXED(not indexed),filetypes->NOT_INDEXED(not indexed),IdIndex->NOT_INDEXED(not indexed),Stubs->NOT_INDEXED(not indexed),HtmlTagIdIndex->NOT_INDEXED(not indexed),HtmlScriptSrcIndex->NOT_INDEXED(not indexed),]. Scanner has updated file allure-maven.html (id=80163) with appliers: [SingleIndexValueApplier{indexId=filetypes, inputId=80163, fileInfo='allure-maven.html(id=80163)'}] and removers: []; 
2026-02-19 09:51:32,087 [  37875]   INFO - #c.i.u.i.IndexingReasonExplanationLogger - Scheduling indexing of Main.class (id=80566) by request of indexes: [bytecodeAnalysis->NOT_INDEXED(not indexed),org.jetbrains.kotlin.idea.versions.KotlinJvmMetadataVersionIndex->NOT_INDEXED(not indexed),org.jetbrains.kotlin.idea.vfilefinder.KotlinPartialPackageNamesIndex->NOT_INDEXED(not indexed),org.jetbrains.kotlin.idea.vfilefinder.KotlinClassFileIndex->NOT_INDEXED(not indexed),KotlinTopLevelCallableByPackageShortNameIndex->NOT_INDEXED(not indexed),KotlinBinaryRootToPackageIndex->NOT_INDEXED(not indexed),KotlinTopLevelClassLikeDeclarationByPackageShortNameIndex->NOT_INDEXED(not indexed),filetypes->NOT_INDEXED(not indexed),Stubs->NOT_INDEXED(not indexed),]. Scanner has updated file Main.class (id=80566) with appliers: [SingleIndexValueApplier{indexId=filetypes, inputId=80566, fileInfo='Main.class(id=80566)'}] and removers: []; 
2026-02-19 09:51:32,087 [  37875]   INFO - #c.i.u.i.IndexingReasonExplanationLogger - Scheduling indexing of User.class (id=80569) by request of indexes: [bytecodeAnalysis->NOT_INDEXED(not indexed),org.jetbrains.kotlin.idea.versions.KotlinJvmMetadataVersionIndex->NOT_INDEXED(not indexed),org.jetbrains.kotlin.idea.vfilefinder.KotlinPartialPackageNamesIndex->NOT_INDEXED(not indexed),org.jetbrains.kotlin.idea.vfilefinder.KotlinClassFileIndex->NOT_INDEXED(not indexed),KotlinTopLevelCallableByPackageShortNameIndex->NOT_INDEXED(not indexed),KotlinBinaryRootToPackageIndex->NOT_INDEXED(not indexed),KotlinTopLevelClassLikeDeclarationByPackageShortNameIndex->NOT_INDEXED(not indexed),filetypes->NOT_INDEXED(not indexed),Stubs->NOT_INDEXED(not indexed),]. Scanner has updated file User.class (id=80569) with appliers: [SingleIndexValueApplier{indexId=filetypes, inputId=80569, fileInfo='User.class(id=80569)'}] and removers: []; 
2026-02-19 09:51:32,087 [  37875]   INFO - #c.i.u.i.IndexingReasonExplanationLogger - Scheduling indexing of Smoke.class (id=80568) by request of indexes: [bytecodeAnalysis->NOT_INDEXED(not indexed),org.jetbrains.kotlin.idea.versions.KotlinJvmMetadataVersionIndex->NOT_INDEXED(not indexed),org.jetbrains.kotlin.idea.vfilefinder.KotlinPartialPackageNamesIndex->NOT_INDEXED(not indexed),org.jetbrains.kotlin.idea.vfilefinder.KotlinClassFileIndex->NOT_INDEXED(not indexed),KotlinTopLevelCallableByPackageShortNameIndex->NOT_INDEXED(not indexed),KotlinBinaryRootToPackageIndex->NOT_INDEXED(not indexed),KotlinTopLevelClassLikeDeclarationByPackageShortNameIndex->NOT_INDEXED(not indexed),filetypes->NOT_INDEXED(not indexed),Stubs->NOT_INDEXED(not indexed),]. Scanner has updated file Smoke.class (id=80568) with appliers: [SingleIndexValueApplier{indexId=filetypes, inputId=80568, fileInfo='Smoke.class(id=80568)'}] and removers: []; 
2026-02-19 09:51:32,087 [  37875]   INFO - #c.i.u.i.IndexingReasonExplanationLogger - Scheduling indexing of OrderTests.class (id=80571) by request of indexes: [bytecodeAnalysis->NOT_INDEXED(not indexed),org.jetbrains.kotlin.idea.versions.KotlinJvmMetadataVersionIndex->NOT_INDEXED(not indexed),org.jetbrains.kotlin.idea.vfilefinder.KotlinPartialPackageNamesIndex->NOT_INDEXED(not indexed),org.jetbrains.kotlin.idea.vfilefinder.KotlinClassFileIndex->NOT_INDEXED(not indexed),KotlinTopLevelCallableByPackageShortNameIndex->NOT_INDEXED(not indexed),KotlinBinaryRootToPackageIndex->NOT_INDEXED(not indexed),KotlinTopLevelClassLikeDeclarationByPackageShortNameIndex->NOT_INDEXED(not indexed),filetypes->NOT_INDEXED(not indexed),Stubs->NOT_INDEXED(not indexed),]. Scanner has updated file OrderTests.class (id=80571) with appliers: [SingleIndexValueApplier{indexId=filetypes, inputId=80571, fileInfo='OrderTests.class(id=80571)'}] and removers: []; 
2026-02-19 09:51:32,088 [  37876]   INFO - #c.i.u.i.IndexingReasonExplanationLogger - Scheduling indexing of OrderTests$Roles.class (id=80572) by request of indexes: [bytecodeAnalysis->NOT_INDEXED(not indexed),org.jetbrains.kotlin.idea.versions.KotlinJvmMetadataVersionIndex->NOT_INDEXED(not indexed),org.jetbrains.kotlin.idea.vfilefinder.KotlinPartialPackageNamesIndex->NOT_INDEXED(not indexed),org.jetbrains.kotlin.idea.vfilefinder.KotlinClassFileIndex->NOT_INDEXED(not indexed),KotlinTopLevelCallableByPackageShortNameIndex->NOT_INDEXED(not indexed),KotlinBinaryRootToPackageIndex->NOT_INDEXED(not indexed),KotlinTopLevelClassLikeDeclarationByPackageShortNameIndex->NOT_INDEXED(not indexed),filetypes->NOT_INDEXED(not indexed),Stubs->NOT_INDEXED(not indexed),]. Scanner has updated file OrderTests$Roles.class (id=80572) with appliers: [SingleIndexValueApplier{indexId=filetypes, inputId=80572, fileInfo='OrderTests$Roles.class(id=80572)'}] and removers: []; 
2026-02-19 09:51:32,088 [  37876]   INFO - #c.i.u.i.IndexingReasonExplanationLogger - Scheduling indexing of BaseTestWithOrder.class (id=80567) by request of indexes: [bytecodeAnalysis->NOT_INDEXED(not indexed),org.jetbrains.kotlin.idea.versions.KotlinJvmMetadataVersionIndex->NOT_INDEXED(not indexed),org.jetbrains.kotlin.idea.vfilefinder.KotlinPartialPackageNamesIndex->NOT_INDEXED(not indexed),org.jetbrains.kotlin.idea.vfilefinder.KotlinClassFileIndex->NOT_INDEXED(not indexed),KotlinTopLevelCallableByPackageShortNameIndex->NOT_INDEXED(not indexed),KotlinBinaryRootToPackageIndex->NOT_INDEXED(not indexed),KotlinTopLevelClassLikeDeclarationByPackageShortNameIndex->NOT_INDEXED(not indexed),filetypes->NOT_INDEXED(not indexed),Stubs->NOT_INDEXED(not indexed),]. Scanner has updated file BaseTestWithOrder.class (id=80567) with appliers: [SingleIndexValueApplier{indexId=filetypes, inputId=80567, fileInfo='BaseTestWithOrder.class(id=80567)'}] and removers: []; 
2026-02-19 09:51:32,088 [  37876]   INFO - #c.i.u.i.IndexingReasonExplanationLogger - Scheduling indexing of AuthorizationTests.class (id=80570) by request of indexes: [bytecodeAnalysis->NOT_INDEXED(not indexed),org.jetbrains.kotlin.idea.versions.KotlinJvmMetadataVersionIndex->NOT_INDEXED(not indexed),org.jetbrains.kotlin.idea.vfilefinder.KotlinPartialPackageNamesIndex->NOT_INDEXED(not indexed),org.jetbrains.kotlin.idea.vfilefinder.KotlinClassFileIndex->NOT_INDEXED(not indexed),KotlinTopLevelCallableByPackageShortNameIndex->NOT_INDEXED(not indexed),KotlinBinaryRootToPackageIndex->NOT_INDEXED(not indexed),KotlinTopLevelClassLikeDeclarationByPackageShortNameIndex->NOT_INDEXED(not indexed),filetypes->NOT_INDEXED(not indexed),Stubs->NOT_INDEXED(not indexed),]. Scanner has updated file AuthorizationTests.class (id=80570) with appliers: [SingleIndexValueApplier{indexId=filetypes, inputId=80570, fileInfo='AuthorizationTests.class(id=80570)'}] and removers: []; 
2026-02-19 09:51:32,088 [  37876]   INFO - #c.i.u.i.IndexingReasonExplanationLogger - Scheduling indexing of BaseTestWithAuthorization.class (id=80565) by request of indexes: [bytecodeAnalysis->NOT_INDEXED(not indexed),org.jetbrains.kotlin.idea.versions.KotlinJvmMetadataVersionIndex->NOT_INDEXED(not indexed),org.jetbrains.kotlin.idea.vfilefinder.KotlinPartialPackageNamesIndex->NOT_INDEXED(not indexed),org.jetbrains.kotlin.idea.vfilefinder.KotlinClassFileIndex->NOT_INDEXED(not indexed),KotlinTopLevelCallableByPackageShortNameIndex->NOT_INDEXED(not indexed),KotlinBinaryRootToPackageIndex->NOT_INDEXED(not indexed),KotlinTopLevelClassLikeDeclarationByPackageShortNameIndex->NOT_INDEXED(not indexed),filetypes->NOT_INDEXED(not indexed),Stubs->NOT_INDEXED(not indexed),]. Scanner has updated file BaseTestWithAuthorization.class (id=80565) with appliers: [SingleIndexValueApplier{indexId=filetypes, inputId=80565, fileInfo='BaseTestWithAuthorization.class(id=80565)'}] and removers: []; 
2026-02-19 09:51:32,088 [  37876]   INFO - #c.i.u.i.IndexingReasonExplanationLogger - Scheduling indexing of reqres.postman_collection.json (id=80334) by request of indexes: [filetypes->NOT_INDEXED(not indexed),Trigram.Index->NOT_INDEXED(not indexed),IdIndex->NOT_INDEXED(not indexed),json.file.root.values->NOT_INDEXED(not indexed),]. Scanner has updated file reqres.postman_collection.json (id=80334) with appliers: [SingleIndexValueApplier{indexId=filetypes, inputId=80334, fileInfo='reqres.postman_collection.json(id=80334)'}] and removers: []; 
2026-02-19 09:51:32,110 [  37898]   INFO - #c.i.u.i.IndexingReasonExplanationLogger - Scanner has updated file chromedriver (id=80601) with appliers: [SingleIndexValueApplier{indexId=filetypes, inputId=80601, fileInfo='chromedriver(id=80601)'}] and removers: []; 
2026-02-19 09:51:32,116 [  37904]   INFO - #c.i.u.i.IndexingReasonExplanationLogger - Scanner has updated file chromedriver.exe (id=80603) with appliers: [SingleIndexValueApplier{indexId=filetypes, inputId=80603, fileInfo='chromedriver.exe(id=80603)'}] and removers: []; 
2026-02-19 09:51:32,131 [  37919]   INFO - #c.i.u.i.IndexingReasonExplanationLogger - Scanner has updated file chromedriver_linux (id=80604) with appliers: [SingleIndexValueApplier{indexId=filetypes, inputId=80604, fileInfo='chromedriver_linux(id=80604)'}] and removers: []; 
2026-02-19 09:51:32,134 [  37922]   INFO - #c.i.u.i.IndexingReasonExplanationLogger - Scanner has updated file java-basics-1.0-SNAPSHOT.jar (id=79980) with appliers: [SingleIndexValueApplier{indexId=filetypes, inputId=79980, fileInfo='java-basics-1.0-SNAPSHOT.jar(id=79980)'}] and removers: []; 
2026-02-19 09:51:32,157 [  37945]   INFO - #c.i.u.i.UnindexedFilesScanner - [15375f63] Scanning completed for java-basics. Number of scanned files: 959; number of files for indexing: 90
2026-02-19 09:51:32,158 [  37946]   INFO - #c.i.o.p.UnindexedFilesScannerExecutor - [15375f63] Task finished (scanning id=5): com.intellij.util.indexing.UnindexedFilesScannerExecutorImpl$ScheduledScanningTask@4f50c8b4
2026-02-19 09:51:32,159 [  37947]   INFO - #c.i.u.i.FileBasedIndexImpl - Indexes are already loaded
2026-02-19 09:51:32,159 [  37947]   INFO - #c.i.u.i.c.IndexUpdateRunner - Using 8 workers for indexing and 4 for writing indexes
2026-02-19 09:51:32,614 [  38402]   INFO - #c.i.u.i.c.IndexUpdateRunner - Coroutine 5 finished gracefully
2026-02-19 09:51:32,615 [  38403]   INFO - #c.i.u.i.c.IndexUpdateRunner - Coroutine 4 finished gracefully
2026-02-19 09:51:32,615 [  38403]   INFO - #c.i.u.i.c.IndexUpdateRunner - Coroutine 3 finished gracefully
2026-02-19 09:51:32,615 [  38403]   INFO - #c.i.u.i.c.IndexUpdateRunner - Coroutine 2 finished gracefully
2026-02-19 09:51:32,616 [  38404]   INFO - #c.i.u.i.c.IndexUpdateRunner - Coroutine 6 finished gracefully
2026-02-19 09:51:32,617 [  38405]   INFO - #c.i.u.i.c.IndexUpdateRunner - Coroutine 7 finished gracefully
2026-02-19 09:51:32,617 [  38405]   INFO - #c.i.u.i.c.IndexUpdateRunner - Coroutine 1 finished gracefully
2026-02-19 09:51:32,617 [  38405]   INFO - #c.i.u.i.c.IndexUpdateRunner - Coroutine 0 finished gracefully
2026-02-19 09:51:32,639 [  38427]   INFO - #c.i.u.i.ProjectChangedFilesScanner - Retrieving changed during indexing files of java-basics : 0 to update, calculated in 0ms
2026-02-19 09:51:32,639 [  38427]   INFO - #c.i.u.i.UnindexedFilesIndexer - Finished for java-basics. Unindexed files update took 481ms; general responsiveness: ok; EDT responsiveness: ok
2026-02-19 09:51:32,639 [  38427]   INFO - #c.i.o.p.MergingQueueGuiExecutor - Task finished: (dumb mode task) UnindexedFilesIndexer[java-basics, reasons: [Changes from WorkspaceFileIndex]]
2026-02-19 09:51:32,640 [  38428]   INFO - #c.i.o.p.MergingQueueGuiExecutor - Running task: (dumb mode task) UnindexedFilesIndexer[java-basics, reasons: [changes in: "Module 'java-basics.main' (all roots)", "Module 'java-basics.test' (all roots)", "Module 'java-basics' (project)"]]
2026-02-19 09:51:32,640 [  38428]   INFO - #c.i.u.i.FileBasedIndexImpl - Indexes are already loaded
2026-02-19 09:51:32,640 [  38428]   INFO - #c.i.u.i.c.IndexUpdateRunner - Using 8 workers for indexing and 4 for writing indexes
2026-02-19 09:51:32,640 [  38428]   INFO - #c.i.u.i.ProjectChangedFilesScanner - Retrieving changed during indexing files of java-basics : 0 to update, calculated in 0ms
2026-02-19 09:51:32,640 [  38428]   INFO - #c.i.u.i.UnindexedFilesIndexer - Finished for java-basics. Unindexed files update took 0ms; general responsiveness: ok; EDT responsiveness: ok
2026-02-19 09:51:32,640 [  38428]   INFO - #c.i.o.p.MergingQueueGuiExecutor - Task finished: (dumb mode task) UnindexedFilesIndexer[java-basics, reasons: [changes in: "Module 'java-basics.main' (all roots)", "Module 'java-basics.test' (all roots)", "Module 'java-basics' (project)"]]
2026-02-19 09:51:32,640 [  38428]   INFO - #c.i.o.p.DumbServiceImpl - exit dumb mode [java-basics]
2026-02-19 09:51:32,641 [  38429]   INFO - STDOUT - [IDE]: Task 'Analyzing project to enable smart features' ended
2026-02-19 09:51:32,652 [  38440]   INFO - #o.j.i.maven - Updating index list for project Project(name=java-basics, containerState=COMPONENT_CREATED, componentStore=/data/project)
2026-02-19 09:51:32,652 [  38440]   INFO - #o.j.i.maven - updating index list for Project(name=java-basics, containerState=COMPONENT_CREATED, componentStore=/data/project) - local:local:/data/cache/.m2 remains the same, nothing to update
2026-02-19 09:51:32,653 [  38441]   INFO - STDOUT - 'external-system' is completed.
2026-02-19 09:51:32,653 [  38441]   INFO - STDOUT - 'Maven' is in progress...
2026-02-19 09:51:38,133 [  43921]   INFO - #o.j.q.s.i.r.ConsoleLog - Keep running Project opening ... so far 30s
2026-02-19 09:51:38,133 [  43921]   INFO - STDOUT - Keep running Project opening ... so far 30s
2026-02-19 09:52:08,134 [  73922]   INFO - #o.j.q.s.i.r.ConsoleLog - Keep running Project opening ... so far 1m
2026-02-19 09:52:08,135 [  73923]   INFO - STDOUT - Keep running Project opening ... so far 1m
2026-02-19 09:52:08,758 [  74546]   INFO - #c.i.u.g.s.GistStorageImpl - Cleaning old huge-gists dirs from [/data/cache/idea/253/caches/huge-gists] ...
2026-02-19 09:52:08,759 [  74547]   INFO - #c.i.u.g.s.GistStorageImpl - Cleaning old huge-gists dirs finished
2026-02-19 09:52:19,806 [  85594]   INFO - #c.i.o.u.i.ExternalUpdateManager - update manager: -
2026-02-19 09:52:19,811 [  85599]   INFO - #c.i.o.w.i.X11UiUtil - Cannot get icon theme: Cannot run program "gsettings": Exec failed, error: 2 (No such file or directory) 
2026-02-19 09:52:38,135 [ 103923]   INFO - #o.j.q.s.i.r.ConsoleLog - Keep running Project opening ... so far 1m 30s
2026-02-19 09:52:38,136 [ 103924]   INFO - STDOUT - Keep running Project opening ... so far 1m 30s
2026-02-19 09:52:46,060 [ 111848]   INFO - #o.j.i.maven - maven plugin resolution started: [org.apache.maven.plugins:maven-failsafe-plugin:2.22.2, org.apache.maven.plugins:maven-clean-plugin:3.2.0, org.apache.maven.plugins:maven-compiler-plugin:3.8.1, io.qameta.allure:allure-maven:2.10.0, org.apache.maven.plugins:maven-deploy-plugin:3.1.2, org.apache.maven.plugins:maven-jar-plugin:3.4.1, org.apache.maven.plugins:maven-install-plugin:3.1.2, org.apache.maven.plugins:maven-resources-plugin:3.2.0, org.apache.maven.plugins:maven-surefire-plugin:2.22.2, org.apache.maven.plugins:maven-site-plugin:3.12.1]
2026-02-19 09:52:46,063 [ 111851]   INFO - #o.j.i.maven - Importing Maven project using Workspace API
2026-02-19 09:52:46,133 [ 111921]   INFO - #c.i.o.p.UnindexedFilesScannerExecutor - [15375f63] Running task: com.intellij.util.indexing.UnindexedFilesScannerExecutorImpl$ScheduledScanningTask@7c81ec9f
2026-02-19 09:52:46,133 [ 111921]   INFO - #c.i.p.c.i.PolyContextDiscoveryInfo$1 - Notifying that PolyContext may have changed due to roots changes.
2026-02-19 09:52:46,134 [ 111922]   INFO - #c.i.w.i.i.EntitiesOrphanageImpl - Update orphanage. 0 modules added
2026-02-19 09:52:46,136 [ 111924]   INFO - #c.i.w.i.i.WorkspaceModelImpl - Project model updated to version 20: Maven update project model
2026-02-19 09:52:46,144 [ 111932]   INFO - #o.j.i.m.i.w.WorkspaceProjectImporter - Project model updated to version 20 (attempts: 1, previous version: 19)
2026-02-19 09:52:46,145 [ 111933]   INFO - #o.j.i.maven - [maven import] applying models to workspace model took 85ms
2026-02-19 09:52:46,149 [ 111937]   INFO - #o.j.i.maven - Updating index list for project Project(name=java-basics, containerState=COMPONENT_CREATED, componentStore=/data/project)
2026-02-19 09:52:46,150 [ 111938]   INFO - #o.j.i.maven - updating index list for Project(name=java-basics, containerState=COMPONENT_CREATED, componentStore=/data/project) - local:local:/data/cache/.m2 remains the same, nothing to update
2026-02-19 09:52:46,150 [ 111938]   INFO - #c.i.u.i.UnindexedFilesScanner - [15375f63] scanning stage (scanning id=6): DelayedPushProperties
2026-02-19 09:52:46,150 [ 111938]   INFO - #c.i.u.i.FileBasedIndexImpl - Indexes are already loaded
2026-02-19 09:52:46,150 [ 111938]   INFO - #c.i.u.i.UnindexedFilesScanner - [15375f63] Started scanning for indexing of java-basics. Reason: Changes from WorkspaceFileIndex
2026-02-19 09:52:46,151 [ 111939]   INFO - #c.i.u.i.UnindexedFilesScanner - [15375f63] scanning stage (scanning id=6): CreatingIterators
2026-02-19 09:52:46,151 [ 111939]   INFO - #c.i.u.i.UnindexedFilesScanner - [15375f63] scanning stage (scanning id=6): CollectingIndexableFiles
2026-02-19 09:52:46,151 [ 111939]   INFO - #c.i.u.i.UnindexedFilesScanner - Scanning of java-basics uses 8 scanning threads
2026-02-19 09:52:46,162 [ 111950]   INFO - #c.i.u.i.IndexingReasonExplanationLogger - Scanner has updated file javax.activation-api-1.2.0.jar (id=85893) with appliers: [SingleIndexValueApplier{indexId=java.auto.module.name, inputId=85893, fileInfo='javax.activation-api-1.2.0.jar(id=85893)'}] and removers: []; 
2026-02-19 09:52:46,163 [ 111951]   INFO - #c.i.u.i.IndexingReasonExplanationLogger - Scheduling indexing of MimeType.class (id=85979) by request of indexes: [bytecodeAnalysis->NOT_INDEXED(not indexed),org.jetbrains.kotlin.idea.versions.KotlinJvmMetadataVersionIndex->NOT_INDEXED(not indexed),org.jetbrains.kotlin.idea.vfilefinder.KotlinPartialPackageNamesIndex->NOT_INDEXED(not indexed),org.jetbrains.kotlin.idea.vfilefinder.KotlinClassFileIndex->NOT_INDEXED(not indexed),KotlinTopLevelCallableByPackageShortNameIndex->NOT_INDEXED(not indexed),KotlinBinaryRootToPackageIndex->NOT_INDEXED(not indexed),KotlinTopLevelClassLikeDeclarationByPackageShortNameIndex->NOT_INDEXED(not indexed),filetypes->NOT_INDEXED(not indexed),Stubs->NOT_INDEXED(not indexed),]. Scanner has updated file MimeType.class (id=85979) with appliers: [SingleIndexValueApplier{indexId=filetypes, inputId=85979, fileInfo='MimeType.class(id=85979)'}] and removers: []; 
2026-02-19 09:52:46,165 [ 111953]   INFO - #c.i.u.i.IndexingReasonExplanationLogger - Scheduling indexing of CommandMap.class (id=85969) by request of indexes: [bytecodeAnalysis->NOT_INDEXED(not indexed),org.jetbrains.kotlin.idea.versions.KotlinJvmMetadataVersionIndex->NOT_INDEXED(not indexed),org.jetbrains.kotlin.idea.vfilefinder.KotlinPartialPackageNamesIndex->NOT_INDEXED(not indexed),org.jetbrains.kotlin.idea.vfilefinder.KotlinClassFileIndex->NOT_INDEXED(not indexed),KotlinTopLevelCallableByPackageShortNameIndex->NOT_INDEXED(not indexed),KotlinBinaryRootToPackageIndex->NOT_INDEXED(not indexed),KotlinTopLevelClassLikeDeclarationByPackageShortNameIndex->NOT_INDEXED(not indexed),filetypes->NOT_INDEXED(not indexed),Stubs->NOT_INDEXED(not indexed),]. Scanner has updated file CommandMap.class (id=85969) with appliers: [SingleIndexValueApplier{indexId=filetypes, inputId=85969, fileInfo='CommandMap.class(id=85969)'}] and removers: []; 
2026-02-19 09:52:46,165 [ 111953]   INFO - #c.i.u.i.IndexingReasonExplanationLogger - Scheduling indexing of DataSource.class (id=85973) by request of indexes: [bytecodeAnalysis->NOT_INDEXED(not indexed),org.jetbrains.kotlin.idea.versions.KotlinJvmMetadataVersionIndex->NOT_INDEXED(not indexed),org.jetbrains.kotlin.idea.vfilefinder.KotlinPartialPackageNamesIndex->NOT_INDEXED(not indexed),org.jetbrains.kotlin.idea.vfilefinder.KotlinClassFileIndex->NOT_INDEXED(not indexed),KotlinTopLevelCallableByPackageShortNameIndex->NOT_INDEXED(not indexed),KotlinBinaryRootToPackageIndex->NOT_INDEXED(not indexed),KotlinTopLevelClassLikeDeclarationByPackageShortNameIndex->NOT_INDEXED(not indexed),filetypes->NOT_INDEXED(not indexed),Stubs->NOT_INDEXED(not indexed),]. Scanner has updated file DataSource.class (id=85973) with appliers: [SingleIndexValueApplier{indexId=filetypes, inputId=85973, fileInfo='DataSource.class(id=85973)'}] and removers: []; 
2026-02-19 09:52:46,165 [ 111953]   INFO - #c.i.u.i.IndexingReasonExplanationLogger - Scheduling indexing of CommandInfo.class (id=85971) by request of indexes: [bytecodeAnalysis->NOT_INDEXED(not indexed),org.jetbrains.kotlin.idea.versions.KotlinJvmMetadataVersionIndex->NOT_INDEXED(not indexed),org.jetbrains.kotlin.idea.vfilefinder.KotlinPartialPackageNamesIndex->NOT_INDEXED(not indexed),org.jetbrains.kotlin.idea.vfilefinder.KotlinClassFileIndex->NOT_INDEXED(not indexed),KotlinTopLevelCallableByPackageShortNameIndex->NOT_INDEXED(not indexed),KotlinBinaryRootToPackageIndex->NOT_INDEXED(not indexed),KotlinTopLevelClassLikeDeclarationByPackageShortNameIndex->NOT_INDEXED(not indexed),filetypes->NOT_INDEXED(not indexed),Stubs->NOT_INDEXED(not indexed),]. Scanner has updated file CommandInfo.class (id=85971) with appliers: [SingleIndexValueApplier{indexId=filetypes, inputId=85971, fileInfo='CommandInfo.class(id=85971)'}] and removers: []; 
2026-02-19 09:52:46,166 [ 111954]   INFO - #c.i.u.i.IndexingReasonExplanationLogger - Scheduling indexing of DataHandler.class (id=85978) by request of indexes: [bytecodeAnalysis->NOT_INDEXED(not indexed),org.jetbrains.kotlin.idea.versions.KotlinJvmMetadataVersionIndex->NOT_INDEXED(not indexed),org.jetbrains.kotlin.idea.vfilefinder.KotlinPartialPackageNamesIndex->NOT_INDEXED(not indexed),org.jetbrains.kotlin.idea.vfilefinder.KotlinClassFileIndex->NOT_INDEXED(not indexed),KotlinTopLevelCallableByPackageShortNameIndex->NOT_INDEXED(not indexed),KotlinBinaryRootToPackageIndex->NOT_INDEXED(not indexed),KotlinTopLevelClassLikeDeclarationByPackageShortNameIndex->NOT_INDEXED(not indexed),filetypes->NOT_INDEXED(not indexed),Stubs->NOT_INDEXED(not indexed),]. Scanner has updated file DataHandler.class (id=85978) with appliers: [SingleIndexValueApplier{indexId=filetypes, inputId=85978, fileInfo='DataHandler.class(id=85978)'}] and removers: []; 
2026-02-19 09:52:46,166 [ 111954]   INFO - #c.i.u.i.IndexingReasonExplanationLogger - Scheduling indexing of FileTypeMap.class (id=85961) by request of indexes: [bytecodeAnalysis->NOT_INDEXED(not indexed),org.jetbrains.kotlin.idea.versions.KotlinJvmMetadataVersionIndex->NOT_INDEXED(not indexed),org.jetbrains.kotlin.idea.vfilefinder.KotlinPartialPackageNamesIndex->NOT_INDEXED(not indexed),org.jetbrains.kotlin.idea.vfilefinder.KotlinClassFileIndex->NOT_INDEXED(not indexed),KotlinTopLevelCallableByPackageShortNameIndex->NOT_INDEXED(not indexed),KotlinBinaryRootToPackageIndex->NOT_INDEXED(not indexed),KotlinTopLevelClassLikeDeclarationByPackageShortNameIndex->NOT_INDEXED(not indexed),filetypes->NOT_INDEXED(not indexed),Stubs->NOT_INDEXED(not indexed),]. Scanner has updated file FileTypeMap.class (id=85961) with appliers: [SingleIndexValueApplier{indexId=filetypes, inputId=85961, fileInfo='FileTypeMap.class(id=85961)'}] and removers: []; 
2026-02-19 09:52:46,166 [ 111954]   INFO - #c.i.u.i.IndexingReasonExplanationLogger - Scheduling indexing of CommandObject.class (id=85972) by request of indexes: [bytecodeAnalysis->NOT_INDEXED(not indexed),org.jetbrains.kotlin.idea.versions.KotlinJvmMetadataVersionIndex->NOT_INDEXED(not indexed),org.jetbrains.kotlin.idea.vfilefinder.KotlinPartialPackageNamesIndex->NOT_INDEXED(not indexed),org.jetbrains.kotlin.idea.vfilefinder.KotlinClassFileIndex->NOT_INDEXED(not indexed),KotlinTopLevelCallableByPackageShortNameIndex->NOT_INDEXED(not indexed),KotlinBinaryRootToPackageIndex->NOT_INDEXED(not indexed),KotlinTopLevelClassLikeDeclarationByPackageShortNameIndex->NOT_INDEXED(not indexed),filetypes->NOT_INDEXED(not indexed),Stubs->NOT_INDEXED(not indexed),]. Scanner has updated file CommandObject.class (id=85972) with appliers: [SingleIndexValueApplier{indexId=filetypes, inputId=85972, fileInfo='CommandObject.class(id=85972)'}] and removers: []; 
2026-02-19 09:52:46,166 [ 111954]   INFO - #c.i.u.i.IndexingReasonExplanationLogger - Scheduling indexing of DataHandler$1.class (id=85977) by request of indexes: [bytecodeAnalysis->NOT_INDEXED(not indexed),org.jetbrains.kotlin.idea.versions.KotlinJvmMetadataVersionIndex->NOT_INDEXED(not indexed),org.jetbrains.kotlin.idea.vfilefinder.KotlinPartialPackageNamesIndex->NOT_INDEXED(not indexed),org.jetbrains.kotlin.idea.vfilefinder.KotlinClassFileIndex->NOT_INDEXED(not indexed),KotlinTopLevelCallableByPackageShortNameIndex->NOT_INDEXED(not indexed),KotlinBinaryRootToPackageIndex->NOT_INDEXED(not indexed),KotlinTopLevelClassLikeDeclarationByPackageShortNameIndex->NOT_INDEXED(not indexed),filetypes->NOT_INDEXED(not indexed),Stubs->NOT_INDEXED(not indexed),]. Scanner has updated file DataHandler$1.class (id=85977) with appliers: [SingleIndexValueApplier{indexId=filetypes, inputId=85977, fileInfo='DataHandler$1.class(id=85977)'}] and removers: []; 
2026-02-19 09:52:46,166 [ 111954]   INFO - #c.i.u.i.IndexingReasonExplanationLogger - Scheduling indexing of URLDataSource.class (id=85956) by request of indexes: [bytecodeAnalysis->NOT_INDEXED(not indexed),org.jetbrains.kotlin.idea.versions.KotlinJvmMetadataVersionIndex->NOT_INDEXED(not indexed),org.jetbrains.kotlin.idea.vfilefinder.KotlinPartialPackageNamesIndex->NOT_INDEXED(not indexed),org.jetbrains.kotlin.idea.vfilefinder.KotlinClassFileIndex->NOT_INDEXED(not indexed),KotlinTopLevelCallableByPackageShortNameIndex->NOT_INDEXED(not indexed),KotlinBinaryRootToPackageIndex->NOT_INDEXED(not indexed),KotlinTopLevelClassLikeDeclarationByPackageShortNameIndex->NOT_INDEXED(not indexed),filetypes->NOT_INDEXED(not indexed),Stubs->NOT_INDEXED(not indexed),]. Scanner has updated file URLDataSource.class (id=85956) with appliers: [SingleIndexValueApplier{indexId=filetypes, inputId=85956, fileInfo='URLDataSource.class(id=85956)'}] and removers: []; 
2026-02-19 09:52:46,166 [ 111954]   INFO - #c.i.u.i.IndexingReasonExplanationLogger - Scheduling indexing of FileDataSource.class (id=85986) by request of indexes: [bytecodeAnalysis->NOT_INDEXED(not indexed),org.jetbrains.kotlin.idea.versions.KotlinJvmMetadataVersionIndex->NOT_INDEXED(not indexed),org.jetbrains.kotlin.idea.vfilefinder.KotlinPartialPackageNamesIndex->NOT_INDEXED(not indexed),org.jetbrains.kotlin.idea.vfilefinder.KotlinClassFileIndex->NOT_INDEXED(not indexed),KotlinTopLevelCallableByPackageShortNameIndex->NOT_INDEXED(not indexed),KotlinBinaryRootToPackageIndex->NOT_INDEXED(not indexed),KotlinTopLevelClassLikeDeclarationByPackageShortNameIndex->NOT_INDEXED(not indexed),filetypes->NOT_INDEXED(not indexed),Stubs->NOT_INDEXED(not indexed),]. Scanner has updated file FileDataSource.class (id=85986) with appliers: [SingleIndexValueApplier{indexId=filetypes, inputId=85986, fileInfo='FileDataSource.class(id=85986)'}] and removers: []; 
2026-02-19 09:52:46,166 [ 111954]   INFO - #c.i.u.i.IndexingReasonExplanationLogger - Scanner has updated file jakarta.activation-api-1.2.2.jar (id=85920) with appliers: [SingleIndexValueApplier{indexId=java.auto.module.name, inputId=85920, fileInfo='jakarta.activation-api-1.2.2.jar(id=85920)'}] and removers: []; 
2026-02-19 09:52:46,202 [ 111990]   INFO - #c.i.o.p.DumbServiceImpl - enter dumb mode [java-basics]
2026-02-19 09:52:46,205 [ 111993]   INFO - #c.i.p.c.i.PolyContextDiscoveryInfo$1 - Notifying that PolyContext may have changed due to roots changes.
2026-02-19 09:52:46,209 [ 111997]   INFO - #c.i.o.p.MergingQueueGuiExecutor - Running task: (dumb mode task) com.intellij.openapi.roots.impl.PushedFilePropertiesUpdaterImpl$MyDumbModeTask@4d72cbb0 (reason: Push on VFS changes)
2026-02-19 09:52:46,211 [ 111999]   INFO - #c.i.u.i.IndexingReasonExplanationLogger - Scanner has updated file commons-logging-1.2.jar (id=85909) with appliers: [SingleIndexValueApplier{indexId=java.auto.module.name, inputId=85909, fileInfo='commons-logging-1.2.jar(id=85909)'}] and removers: []; 
2026-02-19 09:52:46,212 [ 112000]   INFO - #c.i.u.i.IndexingReasonExplanationLogger - Scanner has updated file jakarta.xml.bind-api-2.3.3.jar (id=85900) with appliers: [SingleIndexValueApplier{indexId=java.auto.module.name, inputId=85900, fileInfo='jakarta.xml.bind-api-2.3.3.jar(id=85900)'}] and removers: []; 
2026-02-19 09:52:46,212 [ 112000]   INFO - #c.i.o.p.MergingQueueGuiExecutor - Task finished: (dumb mode task) com.intellij.openapi.roots.impl.PushedFilePropertiesUpdaterImpl$MyDumbModeTask@4d72cbb0 (reason: Push on VFS changes)
2026-02-19 09:52:46,218 [ 112006]   INFO - #c.i.o.p.DumbServiceImpl - exit dumb mode [java-basics]
2026-02-19 09:52:46,223 [ 112011]   INFO - #c.i.u.i.IndexingReasonExplanationLogger - Scanner has updated file commons-codec-1.9.jar (id=85887) with appliers: [SingleIndexValueApplier{indexId=java.auto.module.name, inputId=85887, fileInfo='commons-codec-1.9.jar(id=85887)'}] and removers: []; 
2026-02-19 09:52:46,224 [ 112012]   INFO - #c.i.u.i.IndexingReasonExplanationLogger - Scanner has updated file activation-1.1.1.jar (id=85904) with appliers: [SingleIndexValueApplier{indexId=java.auto.module.name, inputId=85904, fileInfo='activation-1.1.1.jar(id=85904)'}] and removers: []; 
2026-02-19 09:52:46,230 [ 112018]   INFO - #c.i.u.i.IndexingReasonExplanationLogger - Scanner has updated file jaxb-api-2.3.1.jar (id=85926) with appliers: [SingleIndexValueApplier{indexId=java.auto.module.name, inputId=85926, fileInfo='jaxb-api-2.3.1.jar(id=85926)'}] and removers: []; 
2026-02-19 09:52:46,231 [ 112019]   INFO - STDOUT - [IDE]: Task 'Analyzing project to enable smart features' ended
2026-02-19 09:52:46,248 [ 112036]   INFO - #c.i.o.p.DumbServiceImpl - enter dumb mode [java-basics]
2026-02-19 09:52:46,249 [ 112037]   INFO - #c.i.p.c.i.PolyContextDiscoveryInfo$1 - Notifying that PolyContext may have changed due to roots changes.
2026-02-19 09:52:46,252 [ 112040]   INFO - #c.i.o.p.MergingQueueGuiExecutor - Running task: (dumb mode task) com.intellij.openapi.roots.impl.PushedFilePropertiesUpdaterImpl$MyDumbModeTask@9393133 (reason: Push on VFS changes)
2026-02-19 09:52:46,258 [ 112046]   INFO - #c.i.o.p.MergingQueueGuiExecutor - Task finished: (dumb mode task) com.intellij.openapi.roots.impl.PushedFilePropertiesUpdaterImpl$MyDumbModeTask@9393133 (reason: Push on VFS changes)
2026-02-19 09:52:46,284 [ 112072]   INFO - #c.i.p.c.i.PolyContextDiscoveryInfo$1 - Notifying that PolyContext may have changed due to roots changes.
2026-02-19 09:52:46,286 [ 112074]   INFO - STDOUT - [IDE]: Task 'Analyzing project to enable smart features' ended
2026-02-19 09:52:46,286 [ 112074]   INFO - #c.i.o.p.MergingQueueGuiExecutor - Running task: (dumb mode task) com.intellij.openapi.roots.impl.PushedFilePropertiesUpdaterImpl$MyDumbModeTask@4f3c0fdc (reason: Push on VFS changes)
2026-02-19 09:52:46,292 [ 112080]   INFO - #c.i.o.p.MergingQueueGuiExecutor - Task finished: (dumb mode task) com.intellij.openapi.roots.impl.PushedFilePropertiesUpdaterImpl$MyDumbModeTask@4f3c0fdc (reason: Push on VFS changes)
2026-02-19 09:52:46,296 [ 112084]   INFO - #c.i.o.p.DumbServiceImpl - exit dumb mode [java-basics]
2026-02-19 09:52:46,301 [ 112089]   INFO - STDOUT - [IDE]: Task 'Analyzing project to enable smart features' ended
2026-02-19 09:52:46,313 [ 112101]   INFO - #c.i.u.i.IndexingReasonExplanationLogger - Scanner has updated file byte-buddy-1.10.19.jar (id=85915) with appliers: [SingleIndexValueApplier{indexId=java.auto.module.name, inputId=85915, fileInfo='byte-buddy-1.10.19.jar(id=85915)'}] and removers: []; 
2026-02-19 09:52:46,356 [ 112144]   INFO - #c.i.u.i.UnindexedFilesScanner - [15375f63] Scanning completed for java-basics. Number of scanned files: 3064; number of files for indexing: 3064
2026-02-19 09:52:46,357 [ 112145]   INFO - #c.i.o.p.UnindexedFilesScannerExecutor - [15375f63] Task finished (scanning id=6): com.intellij.util.indexing.UnindexedFilesScannerExecutorImpl$ScheduledScanningTask@7c81ec9f
2026-02-19 09:52:46,357 [ 112145]   INFO - #c.i.o.p.DumbServiceImpl - enter dumb mode [java-basics]
2026-02-19 09:52:46,358 [ 112146]   INFO - #c.i.o.p.UnindexedFilesScannerExecutor - [15375f63] Running task: com.intellij.util.indexing.UnindexedFilesScannerExecutorImpl$ScheduledScanningTask@1e707e06
2026-02-19 09:52:46,358 [ 112146]   INFO - #c.i.u.i.UnindexedFilesScanner - [15375f63] scanning stage (scanning id=7): DelayedPushProperties
2026-02-19 09:52:46,361 [ 112149]   INFO - #c.i.u.i.FileBasedIndexImpl - Indexes are already loaded
2026-02-19 09:52:46,361 [ 112149]   INFO - #c.i.o.p.MergingQueueGuiExecutor - Running task: (dumb mode task) UnindexedFilesIndexer[java-basics, reasons: [Changes from WorkspaceFileIndex]]
2026-02-19 09:52:46,362 [ 112150]   INFO - #c.i.u.i.UnindexedFilesScanner - [15375f63] Started scanning for indexing of java-basics. Reason: Merged changes in: "Module 'java-basics' (project)" with Changes from WorkspaceFileIndex with Changes from WorkspaceFileIndex with Changes from WorkspaceFileIndex with Changes from WorkspaceFileIndex with Changes from WorkspaceFileIndex with Changes from WorkspaceFileIndex
2026-02-19 09:52:46,362 [ 112150]   INFO - #c.i.u.i.UnindexedFilesScanner - [15375f63] scanning stage (scanning id=7): CreatingIterators
2026-02-19 09:52:46,362 [ 112150]   INFO - #c.i.u.i.UnindexedFilesScanner - [15375f63] scanning stage (scanning id=7): CollectingIndexableFiles
2026-02-19 09:52:46,362 [ 112150]   INFO - #c.i.u.i.UnindexedFilesScanner - Scanning of java-basics uses 8 scanning threads
2026-02-19 09:52:46,362 [ 112150]   INFO - #c.i.u.i.IndexingReasonExplanationLogger - Scanner has updated file commons-exec-1.3.jar (id=86721) with appliers: [SingleIndexValueApplier{indexId=java.auto.module.name, inputId=86721, fileInfo='commons-exec-1.3.jar(id=86721)'}] and removers: []; 
2026-02-19 09:52:46,363 [ 112151]   INFO - #c.i.u.i.IndexingReasonExplanationLogger - Scanner has updated file selenium-firefox-xpi-driver-4.0.0-beta-1.jar (id=86798) with appliers: [SingleIndexValueApplier{indexId=java.auto.module.name, inputId=86798, fileInfo='selenium-firefox-xpi-driver-4.0.0-beta-1.jar(id=86798)'}] and removers: []; 
2026-02-19 09:52:46,363 [ 112151]   INFO - #c.i.u.i.IndexingReasonExplanationLogger - Scheduling indexing of MapUtils.class (id=88632) by request of indexes: [bytecodeAnalysis->NOT_INDEXED(not indexed),org.jetbrains.kotlin.idea.versions.KotlinJvmMetadataVersionIndex->NOT_INDEXED(not indexed),org.jetbrains.kotlin.idea.vfilefinder.KotlinPartialPackageNamesIndex->NOT_INDEXED(not indexed),org.jetbrains.kotlin.idea.vfilefinder.KotlinClassFileIndex->NOT_INDEXED(not indexed),KotlinTopLevelCallableByPackageShortNameIndex->NOT_INDEXED(not indexed),KotlinBinaryRootToPackageIndex->NOT_INDEXED(not indexed),KotlinTopLevelClassLikeDeclarationByPackageShortNameIndex->NOT_INDEXED(not indexed),filetypes->NOT_INDEXED(not indexed),Stubs->NOT_INDEXED(not indexed),]. Scanner has updated file MapUtils.class (id=88632) with appliers: [SingleIndexValueApplier{indexId=filetypes, inputId=88632, fileInfo='MapUtils.class(id=88632)'}] and removers: []; 
2026-02-19 09:52:46,363 [ 112151]   INFO - #c.i.u.i.IndexingReasonExplanationLogger - Scheduling indexing of DebugUtils.class (id=88631) by request of indexes: [bytecodeAnalysis->NOT_INDEXED(not indexed),org.jetbrains.kotlin.idea.versions.KotlinJvmMetadataVersionIndex->NOT_INDEXED(not indexed),org.jetbrains.kotlin.idea.vfilefinder.KotlinPartialPackageNamesIndex->NOT_INDEXED(not indexed),org.jetbrains.kotlin.idea.vfilefinder.KotlinClassFileIndex->NOT_INDEXED(not indexed),KotlinTopLevelCallableByPackageShortNameIndex->NOT_INDEXED(not indexed),KotlinBinaryRootToPackageIndex->NOT_INDEXED(not indexed),KotlinTopLevelClassLikeDeclarationByPackageShortNameIndex->NOT_INDEXED(not indexed),filetypes->NOT_INDEXED(not indexed),Stubs->NOT_INDEXED(not indexed),]. Scanner has updated file DebugUtils.class (id=88631) with appliers: [SingleIndexValueApplier{indexId=filetypes, inputId=88631, fileInfo='DebugUtils.class(id=88631)'}] and removers: []; 
2026-02-19 09:52:46,364 [ 112152]   INFO - #c.i.u.i.IndexingReasonExplanationLogger - Scheduling indexing of StringUtils.class (id=88633) by request of indexes: [bytecodeAnalysis->NOT_INDEXED(not indexed),org.jetbrains.kotlin.idea.versions.KotlinJvmMetadataVersionIndex->NOT_INDEXED(not indexed),org.jetbrains.kotlin.idea.vfilefinder.KotlinPartialPackageNamesIndex->NOT_INDEXED(not indexed),org.jetbrains.kotlin.idea.vfilefinder.KotlinClassFileIndex->NOT_INDEXED(not indexed),KotlinTopLevelCallableByPackageShortNameIndex->NOT_INDEXED(not indexed),KotlinBinaryRootToPackageIndex->NOT_INDEXED(not indexed),KotlinTopLevelClassLikeDeclarationByPackageShortNameIndex->NOT_INDEXED(not indexed),filetypes->NOT_INDEXED(not indexed),Stubs->NOT_INDEXED(not indexed),]. Scanner has updated file StringUtils.class (id=88633) with appliers: [SingleIndexValueApplier{indexId=filetypes, inputId=88633, fileInfo='StringUtils.class(id=88633)'}] and removers: []; 
2026-02-19 09:52:46,364 [ 112152]   INFO - #c.i.u.i.IndexingReasonExplanationLogger - Scheduling indexing of OS.class (id=88621) by request of indexes: [bytecodeAnalysis->NOT_INDEXED(not indexed),org.jetbrains.kotlin.idea.versions.KotlinJvmMetadataVersionIndex->NOT_INDEXED(not indexed),org.jetbrains.kotlin.idea.vfilefinder.KotlinPartialPackageNamesIndex->NOT_INDEXED(not indexed),org.jetbrains.kotlin.idea.vfilefinder.KotlinClassFileIndex->NOT_INDEXED(not indexed),KotlinTopLevelCallableByPackageShortNameIndex->NOT_INDEXED(not indexed),KotlinBinaryRootToPackageIndex->NOT_INDEXED(not indexed),KotlinTopLevelClassLikeDeclarationByPackageShortNameIndex->NOT_INDEXED(not indexed),filetypes->NOT_INDEXED(not indexed),Stubs->NOT_INDEXED(not indexed),]. Scanner has updated file OS.class (id=88621) with appliers: [SingleIndexValueApplier{indexId=filetypes, inputId=88621, fileInfo='OS.class(id=88621)'}] and removers: []; 
2026-02-19 09:52:46,364 [ 112152]   INFO - #c.i.u.i.IndexingReasonExplanationLogger - Scheduling indexing of CommandLauncher.class (id=90937) by request of indexes: [bytecodeAnalysis->NOT_INDEXED(not indexed),org.jetbrains.kotlin.idea.versions.KotlinJvmMetadataVersionIndex->NOT_INDEXED(not indexed),org.jetbrains.kotlin.idea.vfilefinder.KotlinPartialPackageNamesIndex->NOT_INDEXED(not indexed),org.jetbrains.kotlin.idea.vfilefinder.KotlinClassFileIndex->NOT_INDEXED(not indexed),KotlinTopLevelCallableByPackageShortNameIndex->NOT_INDEXED(not indexed),KotlinBinaryRootToPackageIndex->NOT_INDEXED(not indexed),KotlinTopLevelClassLikeDeclarationByPackageShortNameIndex->NOT_INDEXED(not indexed),filetypes->NOT_INDEXED(not indexed),Stubs->NOT_INDEXED(not indexed),]. Scanner has updated file CommandLauncher.class (id=90937) with appliers: [SingleIndexValueApplier{indexId=filetypes, inputId=90937, fileInfo='CommandLauncher.class(id=90937)'}] and removers: []; 
2026-02-19 09:52:46,364 [ 112152]   INFO - #c.i.u.i.IndexingReasonExplanationLogger - Scheduling indexing of OS2CommandLauncher.class (id=90940) by request of indexes: [bytecodeAnalysis->NOT_INDEXED(not indexed),org.jetbrains.kotlin.idea.versions.KotlinJvmMetadataVersionIndex->NOT_INDEXED(not indexed),org.jetbrains.kotlin.idea.vfilefinder.KotlinPartialPackageNamesIndex->NOT_INDEXED(not indexed),org.jetbrains.kotlin.idea.vfilefinder.KotlinClassFileIndex->NOT_INDEXED(not indexed),KotlinTopLevelCallableByPackageShortNameIndex->NOT_INDEXED(not indexed),KotlinBinaryRootToPackageIndex->NOT_INDEXED(not indexed),KotlinTopLevelClassLikeDeclarationByPackageShortNameIndex->NOT_INDEXED(not indexed),filetypes->NOT_INDEXED(not indexed),Stubs->NOT_INDEXED(not indexed),]. Scanner has updated file OS2CommandLauncher.class (id=90940) with appliers: [SingleIndexValueApplier{indexId=filetypes, inputId=90940, fileInfo='OS2CommandLauncher.class(id=90940)'}] and removers: []; 
2026-02-19 09:52:46,364 [ 112152]   INFO - #c.i.u.i.IndexingReasonExplanationLogger - Scheduling indexing of VmsCommandLauncher.class (id=90942) by request of indexes: [bytecodeAnalysis->NOT_INDEXED(not indexed),org.jetbrains.kotlin.idea.versions.KotlinJvmMetadataVersionIndex->NOT_INDEXED(not indexed),org.jetbrains.kotlin.idea.vfilefinder.KotlinPartialPackageNamesIndex->NOT_INDEXED(not indexed),org.jetbrains.kotlin.idea.vfilefinder.KotlinClassFileIndex->NOT_INDEXED(not indexed),KotlinTopLevelCallableByPackageShortNameIndex->NOT_INDEXED(not indexed),KotlinBinaryRootToPackageIndex->NOT_INDEXED(not indexed),KotlinTopLevelClassLikeDeclarationByPackageShortNameIndex->NOT_INDEXED(not indexed),filetypes->NOT_INDEXED(not indexed),Stubs->NOT_INDEXED(not indexed),]. Scanner has updated file VmsCommandLauncher.class (id=90942) with appliers: [SingleIndexValueApplier{indexId=filetypes, inputId=90942, fileInfo='VmsCommandLauncher.class(id=90942)'}] and removers: []; 
2026-02-19 09:52:46,364 [ 112152]   INFO - #c.i.u.i.IndexingReasonExplanationLogger - Scheduling indexing of CommandLauncherImpl.class (id=90939) by request of indexes: [bytecodeAnalysis->NOT_INDEXED(not indexed),org.jetbrains.kotlin.idea.versions.KotlinJvmMetadataVersionIndex->NOT_INDEXED(not indexed),org.jetbrains.kotlin.idea.vfilefinder.KotlinPartialPackageNamesIndex->NOT_INDEXED(not indexed),org.jetbrains.kotlin.idea.vfilefinder.KotlinClassFileIndex->NOT_INDEXED(not indexed),KotlinTopLevelCallableByPackageShortNameIndex->NOT_INDEXED(not indexed),KotlinBinaryRootToPackageIndex->NOT_INDEXED(not indexed),KotlinTopLevelClassLikeDeclarationByPackageShortNameIndex->NOT_INDEXED(not indexed),filetypes->NOT_INDEXED(not indexed),Stubs->NOT_INDEXED(not indexed),]. Scanner has updated file CommandLauncherImpl.class (id=90939) with appliers: [SingleIndexValueApplier{indexId=filetypes, inputId=90939, fileInfo='CommandLauncherImpl.class(id=90939)'}] and removers: []; 
2026-02-19 09:52:46,365 [ 112153]   INFO - #c.i.u.i.IndexingReasonExplanationLogger - Scheduling indexing of CommandLauncherProxy.class (id=90938) by request of indexes: [bytecodeAnalysis->NOT_INDEXED(not indexed),org.jetbrains.kotlin.idea.versions.KotlinJvmMetadataVersionIndex->NOT_INDEXED(not indexed),org.jetbrains.kotlin.idea.vfilefinder.KotlinPartialPackageNamesIndex->NOT_INDEXED(not indexed),org.jetbrains.kotlin.idea.vfilefinder.KotlinClassFileIndex->NOT_INDEXED(not indexed),KotlinTopLevelCallableByPackageShortNameIndex->NOT_INDEXED(not indexed),KotlinBinaryRootToPackageIndex->NOT_INDEXED(not indexed),KotlinTopLevelClassLikeDeclarationByPackageShortNameIndex->NOT_INDEXED(not indexed),filetypes->NOT_INDEXED(not indexed),Stubs->NOT_INDEXED(not indexed),]. Scanner has updated file CommandLauncherProxy.class (id=90938) with appliers: [SingleIndexValueApplier{indexId=filetypes, inputId=90938, fileInfo='CommandLauncherProxy.class(id=90938)'}] and removers: []; 
2026-02-19 09:52:46,365 [ 112153]   INFO - #c.i.u.i.IndexingReasonExplanationLogger - Scheduling indexing of WinNTCommandLauncher.class (id=90944) by request of indexes: [bytecodeAnalysis->NOT_INDEXED(not indexed),org.jetbrains.kotlin.idea.versions.KotlinJvmMetadataVersionIndex->NOT_INDEXED(not indexed),org.jetbrains.kotlin.idea.vfilefinder.KotlinPartialPackageNamesIndex->NOT_INDEXED(not indexed),org.jetbrains.kotlin.idea.vfilefinder.KotlinClassFileIndex->NOT_INDEXED(not indexed),KotlinTopLevelCallableByPackageShortNameIndex->NOT_INDEXED(not indexed),KotlinBinaryRootToPackageIndex->NOT_INDEXED(not indexed),KotlinTopLevelClassLikeDeclarationByPackageShortNameIndex->NOT_INDEXED(not indexed),filetypes->NOT_INDEXED(not indexed),Stubs->NOT_INDEXED(not indexed),]. Scanner has updated file WinNTCommandLauncher.class (id=90944) with appliers: [SingleIndexValueApplier{indexId=filetypes, inputId=90944, fileInfo='WinNTCommandLauncher.class(id=90944)'}] and removers: []; 
2026-02-19 09:52:46,365 [ 112153]   INFO - #c.i.u.i.IndexingReasonExplanationLogger - Scanner has updated file x_ignore_nofocus.so (id=90774) with appliers: [SingleIndexValueApplier{indexId=filetypes, inputId=90774, fileInfo='x_ignore_nofocus.so(id=90774)'}] and removers: []; 
2026-02-19 09:52:46,365 [ 112153]   INFO - #c.i.u.i.IndexingReasonExplanationLogger - Scanner has updated file x_ignore_nofocus.so (id=90775) with appliers: [SingleIndexValueApplier{indexId=filetypes, inputId=90775, fileInfo='x_ignore_nofocus.so(id=90775)'}] and removers: []; 
2026-02-19 09:52:46,365 [ 112153]   INFO - #c.i.u.i.IndexingReasonExplanationLogger - Scanner has updated file webdriver.xpi (id=90770) with appliers: [SingleIndexValueApplier{indexId=filetypes, inputId=90770, fileInfo='webdriver.xpi(id=90770)'}] and removers: []; 
2026-02-19 09:52:46,365 [ 112153]   INFO - #c.i.u.i.IndexingReasonExplanationLogger - Scanner has updated file junit-jupiter-api-5.7.0.jar (id=86785) with appliers: [SingleIndexValueApplier{indexId=java.auto.module.name, inputId=86785, fileInfo='junit-jupiter-api-5.7.0.jar(id=86785)'}] and removers: []; 
2026-02-19 09:52:46,365 [ 112153]   INFO - #c.i.u.i.IndexingReasonExplanationLogger - Scanner has updated file junit-platform-commons-1.7.0.jar (id=86819) with appliers: [SingleIndexValueApplier{indexId=java.auto.module.name, inputId=86819, fileInfo='junit-platform-commons-1.7.0.jar(id=86819)'}] and removers: []; 
2026-02-19 09:52:46,365 [ 112153]   INFO - #c.i.u.i.IndexingReasonExplanationLogger - Scanner has updated file selenium-http-4.0.0-beta-1.jar (id=86815) with appliers: [SingleIndexValueApplier{indexId=java.auto.module.name, inputId=86815, fileInfo='selenium-http-4.0.0-beta-1.jar(id=86815)'}] and removers: []; 
2026-02-19 09:52:46,366 [ 112154]   INFO - #c.i.u.i.IndexingReasonExplanationLogger - Scanner has updated file slf4j-api-1.7.30.jar (id=86621) with appliers: [SingleIndexValueApplier{indexId=java.auto.module.name, inputId=86621, fileInfo='slf4j-api-1.7.30.jar(id=86621)'}] and removers: []; 
2026-02-19 09:52:46,377 [ 112165]   INFO - #c.i.p.c.i.PolyContextDiscoveryInfo$1 - Notifying that PolyContext may have changed due to roots changes.
2026-02-19 09:52:46,381 [ 112169]   INFO - #c.i.u.i.IndexingReasonExplanationLogger - Scanner has updated file selenium-json-4.0.0-beta-1.jar (id=86802) with appliers: [SingleIndexValueApplier{indexId=java.auto.module.name, inputId=86802, fileInfo='selenium-json-4.0.0-beta-1.jar(id=86802)'}] and removers: []; 
2026-02-19 09:52:46,774 [ 112562]   INFO - #c.i.u.i.UnindexedFilesScanner - [15375f63] Scanning completed for java-basics. Number of scanned files: 27099; number of files for indexing: 25446
2026-02-19 09:52:46,775 [ 112563]   INFO - #c.i.o.p.UnindexedFilesScannerExecutor - [15375f63] Task finished (scanning id=7): com.intellij.util.indexing.UnindexedFilesScannerExecutorImpl$ScheduledScanningTask@1e707e06
2026-02-19 09:52:46,775 [ 112563]   INFO - #c.i.u.i.FileBasedIndexImpl - Indexes are already loaded
2026-02-19 09:52:46,776 [ 112564]   INFO - #c.i.u.i.c.IndexUpdateRunner - Using 8 workers for indexing and 4 for writing indexes
2026-02-19 09:52:49,027 [ 114815]   INFO - #c.i.u.i.c.IndexUpdateRunner - Coroutine 4 finished gracefully
2026-02-19 09:52:49,031 [ 114819]   INFO - #c.i.u.i.c.IndexUpdateRunner - Coroutine 0 finished gracefully
2026-02-19 09:52:49,031 [ 114819]   INFO - #c.i.u.i.c.IndexUpdateRunner - Coroutine 1 finished gracefully
2026-02-19 09:52:49,031 [ 114819]   INFO - #c.i.u.i.c.IndexUpdateRunner - Coroutine 2 finished gracefully
2026-02-19 09:52:49,032 [ 114820]   INFO - #c.i.u.i.c.IndexUpdateRunner - Coroutine 5 finished gracefully
2026-02-19 09:52:49,032 [ 114820]   INFO - #c.i.u.i.c.IndexUpdateRunner - Coroutine 3 finished gracefully
2026-02-19 09:52:49,032 [ 114820]   INFO - #c.i.u.i.c.IndexUpdateRunner - Coroutine 7 finished gracefully
2026-02-19 09:52:49,052 [ 114840]   INFO - #c.i.u.i.c.IndexUpdateRunner - Coroutine 6 finished gracefully
2026-02-19 09:52:49,084 [ 114872]   INFO - #c.i.u.i.ProjectChangedFilesScanner - Retrieving changed during indexing files of java-basics : 156 to update, calculated in 9ms
2026-02-19 09:52:49,223 [ 115011]   INFO - #c.i.u.i.c.IndexUpdateRunner - Coroutine 2 finished gracefully
2026-02-19 09:52:49,224 [ 115012]   INFO - #c.i.u.i.c.IndexUpdateRunner - Coroutine 5 finished gracefully
2026-02-19 09:52:49,226 [ 115014]   INFO - #c.i.u.i.c.IndexUpdateRunner - Coroutine 6 finished gracefully
2026-02-19 09:52:49,226 [ 115014]   INFO - #c.i.u.i.c.IndexUpdateRunner - Coroutine 3 finished gracefully
2026-02-19 09:52:49,226 [ 115014]   INFO - #c.i.u.i.c.IndexUpdateRunner - Coroutine 1 finished gracefully
2026-02-19 09:52:49,227 [ 115015]   INFO - #c.i.u.i.c.IndexUpdateRunner - Coroutine 4 finished gracefully
2026-02-19 09:52:49,235 [ 115023]   INFO - #c.i.u.i.c.IndexUpdateRunner - Coroutine 7 finished gracefully
2026-02-19 09:52:49,246 [ 115034]   INFO - #c.i.u.i.c.IndexUpdateRunner - Coroutine 0 finished gracefully
2026-02-19 09:52:49,268 [ 115056]   INFO - #c.i.u.i.UnindexedFilesIndexer - Finished for java-basics. Unindexed files update took 2493ms; general responsiveness: ok; EDT responsiveness: ok
2026-02-19 09:52:49,268 [ 115056]   INFO - #c.i.o.p.MergingQueueGuiExecutor - Task finished: (dumb mode task) UnindexedFilesIndexer[java-basics, reasons: [Changes from WorkspaceFileIndex]]
2026-02-19 09:52:49,269 [ 115057]   INFO - #c.i.o.p.MergingQueueGuiExecutor - Running task: (dumb mode task) com.intellij.openapi.roots.impl.PushedFilePropertiesUpdaterImpl$MyDumbModeTask@5b9c45f0 (reason: Push on VFS changes)
2026-02-19 09:52:49,271 [ 115059]   INFO - #c.i.o.p.UnindexedFilesScannerExecutor - [15375f63] Running task: com.intellij.util.indexing.UnindexedFilesScannerExecutorImpl$ScheduledScanningTask@5cb6e8be
2026-02-19 09:52:49,272 [ 115060]   INFO - #c.i.u.i.UnindexedFilesScanner - [15375f63] scanning stage (scanning id=8): DelayedPushProperties
2026-02-19 09:52:49,273 [ 115061]   INFO - #c.i.u.i.FileBasedIndexImpl - Indexes are already loaded
2026-02-19 09:52:49,274 [ 115062]   INFO - #c.i.u.i.UnindexedFilesScanner - [15375f63] Started scanning for indexing of java-basics. Reason: Merged Changes from WorkspaceFileIndex with Changes from WorkspaceFileIndex
2026-02-19 09:52:49,274 [ 115062]   INFO - #c.i.u.i.UnindexedFilesScanner - [15375f63] scanning stage (scanning id=8): CreatingIterators
2026-02-19 09:52:49,274 [ 115062]   INFO - #c.i.u.i.UnindexedFilesScanner - [15375f63] scanning stage (scanning id=8): CollectingIndexableFiles
2026-02-19 09:52:49,277 [ 115065]   INFO - #c.i.u.i.UnindexedFilesScanner - Scanning of java-basics uses 8 scanning threads
2026-02-19 09:52:49,277 [ 115065]   INFO - #c.i.o.p.MergingQueueGuiExecutor - Task finished: (dumb mode task) com.intellij.openapi.roots.impl.PushedFilePropertiesUpdaterImpl$MyDumbModeTask@5b9c45f0 (reason: Push on VFS changes)
2026-02-19 09:52:49,277 [ 115065]   INFO - #c.i.o.p.MergingQueueGuiExecutor - Running task: (dumb mode task) UnindexedFilesIndexer[java-basics, reasons: [Merged changes in: "Module 'java-basics' (project)" with Changes from WorkspaceFileIndex with Changes from WorkspaceFileIndex with Changes from WorkspaceFileIndex with Changes from WorkspaceFileIndex with Changes from WorkspaceFileIndex with Changes from WorkspaceFileIndex]]
2026-02-19 09:52:49,367 [ 115155]   INFO - #c.i.u.i.UnindexedFilesScanner - [15375f63] Scanning completed for java-basics. Number of scanned files: 7552; number of files for indexing: 0
2026-02-19 09:52:49,368 [ 115156]   INFO - #c.i.u.i.PerProjectIndexingQueue - Finished for java-basics. No files to index with loading content.
2026-02-19 09:52:49,369 [ 115157]   INFO - #c.i.o.p.UnindexedFilesScannerExecutor - [15375f63] Task finished (scanning id=8): com.intellij.util.indexing.UnindexedFilesScannerExecutorImpl$ScheduledScanningTask@5cb6e8be
2026-02-19 09:52:49,369 [ 115157]   INFO - #c.i.u.i.FileBasedIndexImpl - Indexes are already loaded
2026-02-19 09:52:49,370 [ 115158]   INFO - #c.i.u.i.c.IndexUpdateRunner - Using 8 workers for indexing and 4 for writing indexes
2026-02-19 09:52:49,370 [ 115158]   INFO - #c.i.u.i.ProjectChangedFilesScanner - Retrieving changed during indexing files of java-basics : 0 to update, calculated in 0ms
2026-02-19 09:52:49,370 [ 115158]   INFO - #c.i.u.i.UnindexedFilesIndexer - Finished for java-basics. Unindexed files update took 0ms; general responsiveness: ok; EDT responsiveness: ok
2026-02-19 09:52:49,370 [ 115158]   INFO - #c.i.o.p.MergingQueueGuiExecutor - Task finished: (dumb mode task) UnindexedFilesIndexer[java-basics, reasons: [Merged changes in: "Module 'java-basics' (project)" with Changes from WorkspaceFileIndex with Changes from WorkspaceFileIndex with Changes from WorkspaceFileIndex with Changes from WorkspaceFileIndex with Changes from WorkspaceFileIndex with Changes from WorkspaceFileIndex]]
2026-02-19 09:52:49,370 [ 115158]   INFO - #c.i.o.p.DumbServiceImpl - exit dumb mode [java-basics]
2026-02-19 09:52:49,371 [ 115159]   INFO - STDOUT - [IDE]: Task 'Analyzing project to enable smart features' ended
2026-02-19 09:53:08,137 [ 133925]   INFO - #o.j.q.s.i.r.ConsoleLog - Keep running Project opening ... so far 2m
2026-02-19 09:53:08,137 [ 133925]   INFO - STDOUT - Keep running Project opening ... so far 2m
2026-02-19 09:53:38,143 [ 163931]   INFO - #o.j.q.s.i.r.ConsoleLog - Keep running Project opening ... so far 2m 30s
2026-02-19 09:53:38,143 [ 163931]   INFO - STDOUT - Keep running Project opening ... so far 2m 30s
2026-02-19 09:54:08,143 [ 193931]   INFO - #o.j.q.s.i.r.ConsoleLog - Keep running Project opening ... so far 3m
2026-02-19 09:54:08,144 [ 193932]   INFO - STDOUT - Keep running Project opening ... so far 3m
2026-02-19 09:54:21,336 [ 207124]   INFO - #o.j.i.maven - maven plugin resolution finished, unresolved: []
2026-02-19 09:54:21,538 [ 207326]   WARN - #o.j.i.maven - updateAllMavenProjects finished: incremental=false, MavenProjectsManager.onProjectStartup java-basics
2026-02-19 09:54:21,837 [ 207625]   INFO - STDOUT - 'Maven' is completed.
2026-02-19 09:54:21,838 [ 207626]   INFO - STDOUT - 'Queries for MergingUpdateQueue' is in progress...
2026-02-19 09:54:21,940 [ 207728]   INFO - STDOUT - 'Queries for MergingUpdateQueue' is completed.
2026-02-19 09:54:21,948 [ 207736]   INFO - #c.i.w.i.i.j.s.JpsGlobalModelSynchronizerImpl - Saving global entities com.intellij.platform.workspace.jps.entities.SdkEntity to files
2026-02-19 09:54:21,951 [ 207739]   INFO - #c.i.w.i.i.j.s.JpsGlobalModelSynchronizerImpl - Saving global entities com.intellij.platform.workspace.jps.entities.LibraryEntity to files
2026-02-19 09:54:22,065 [ 207853]   INFO - #c.i.a.o.PathMacrosImpl - Saved path macros: {MAVEN_REPOSITORY=/data/cache/.m2}
2026-02-19 09:54:22,094 [ 207882]   INFO - #c.i.c.ComponentStoreImpl - Saving appFeatureUsageStatistics took 13 ms
2026-02-19 09:54:22,113 [ 207901]   INFO - #c.i.w.i.i.j.s.JpsGlobalModelSynchronizerImpl - Saving global entities com.intellij.platform.workspace.jps.entities.SdkEntity to files
2026-02-19 09:54:22,113 [ 207901]   INFO - #c.i.w.i.i.j.s.JpsGlobalModelSynchronizerImpl - Saving global entities com.intellij.platform.workspace.jps.entities.LibraryEntity to files
2026-02-19 09:54:22,123 [ 207911]   INFO - #c.i.a.o.PathMacrosImpl - Saved path macros: {MAVEN_REPOSITORY=/data/cache/.m2}
2026-02-19 09:54:22,169 [ 207957]   INFO - #c.i.o.e.s.p.m.ExternalProjectsDataStorage - Save external projects data in 30 ms
2026-02-19 09:54:22,225 [ 208013]   INFO - #c.i.c.ComponentStoreImpl - Saving Project(name=java-basics, containerState=COMPONENT_CREATED, componentStore=/data/project)KotlinCommonCompilerArguments took 12 ms, XDebuggerManager took 13 ms
2026-02-19 09:54:22,239 [ 208027]   INFO - #c.i.o.p.DumbServiceImpl - enter dumb mode [java-basics]
2026-02-19 09:54:22,242 [ 208030]   INFO - #c.i.o.p.MergingQueueGuiExecutor - Running task: (dumb mode task) com.intellij.openapi.roots.impl.PushedFilePropertiesUpdaterImpl$MyDumbModeTask@4043a302 (reason: Push on VFS changes)
2026-02-19 09:54:22,244 [ 208032]   INFO - #c.i.o.p.MergingQueueGuiExecutor - Task finished: (dumb mode task) com.intellij.openapi.roots.impl.PushedFilePropertiesUpdaterImpl$MyDumbModeTask@4043a302 (reason: Push on VFS changes)
2026-02-19 09:54:22,244 [ 208032]   INFO - #c.i.o.p.DumbServiceImpl - exit dumb mode [java-basics]
2026-02-19 09:54:22,245 [ 208033]   INFO - STDOUT - [IDE]: Task 'Analyzing project to enable smart features' ended
2026-02-19 09:54:22,251 [ 208039]   INFO - STDOUT - Configuration phase 0 is completed. Initiating another phase to cover possible side effects...
2026-02-19 09:54:22,251 [ 208039]   INFO - STDOUT - All configuration phases are completed.
2026-02-19 09:54:22,251 [ 208039]   INFO - STDOUT - 'external-system' is in progress...
2026-02-19 09:54:22,252 [ 208040]   INFO - STDOUT - 'external-system' is completed.
2026-02-19 09:54:22,252 [ 208040]   INFO - STDOUT - 'Queries for MergingUpdateQueue' is in progress...
2026-02-19 09:54:23,168 [ 208956]   INFO - STDOUT - 'Queries for MergingUpdateQueue' is completed.
2026-02-19 09:54:23,169 [ 208957]   INFO - #c.i.w.i.i.j.s.JpsGlobalModelSynchronizerImpl - Saving global entities com.intellij.platform.workspace.jps.entities.SdkEntity to files
2026-02-19 09:54:23,169 [ 208957]   INFO - #c.i.w.i.i.j.s.JpsGlobalModelSynchronizerImpl - Saving global entities com.intellij.platform.workspace.jps.entities.LibraryEntity to files
2026-02-19 09:54:23,221 [ 209009]   INFO - #c.i.a.o.PathMacrosImpl - Saved path macros: {MAVEN_REPOSITORY=/data/cache/.m2}
2026-02-19 09:54:23,244 [ 209032]   INFO - #c.i.w.i.i.j.s.JpsGlobalModelSynchronizerImpl - Saving global entities com.intellij.platform.workspace.jps.entities.SdkEntity to files
2026-02-19 09:54:23,244 [ 209032]   INFO - #c.i.w.i.i.j.s.JpsGlobalModelSynchronizerImpl - Saving global entities com.intellij.platform.workspace.jps.entities.LibraryEntity to files
2026-02-19 09:54:23,251 [ 209039]   INFO - #c.i.a.o.PathMacrosImpl - Saved path macros: {MAVEN_REPOSITORY=/data/cache/.m2}
2026-02-19 09:54:23,254 [ 209042]   INFO - STDOUT - Configuration phase 1 is completed. Initiating another phase to cover possible side effects...
2026-02-19 09:54:23,254 [ 209042]   INFO - STDOUT - All configuration phases are completed.
2026-02-19 09:54:23,254 [ 209042]   INFO - STDOUT - 'Queries for MergingUpdateQueue' is in progress...
2026-02-19 09:54:24,279 [ 210067]   INFO - STDOUT - 'Queries for MergingUpdateQueue' is completed.
2026-02-19 09:54:24,280 [ 210068]   INFO - #c.i.w.i.i.j.s.JpsGlobalModelSynchronizerImpl - Saving global entities com.intellij.platform.workspace.jps.entities.SdkEntity to files
2026-02-19 09:54:24,280 [ 210068]   INFO - #c.i.w.i.i.j.s.JpsGlobalModelSynchronizerImpl - Saving global entities com.intellij.platform.workspace.jps.entities.LibraryEntity to files
2026-02-19 09:54:24,330 [ 210118]   INFO - #c.i.a.o.PathMacrosImpl - Saved path macros: {MAVEN_REPOSITORY=/data/cache/.m2}
2026-02-19 09:54:24,354 [ 210142]   INFO - #c.i.w.i.i.j.s.JpsGlobalModelSynchronizerImpl - Saving global entities com.intellij.platform.workspace.jps.entities.SdkEntity to files
2026-02-19 09:54:24,354 [ 210142]   INFO - #c.i.w.i.i.j.s.JpsGlobalModelSynchronizerImpl - Saving global entities com.intellij.platform.workspace.jps.entities.LibraryEntity to files
2026-02-19 09:54:24,359 [ 210147]   INFO - #c.i.a.o.PathMacrosImpl - Saved path macros: {MAVEN_REPOSITORY=/data/cache/.m2}
2026-02-19 09:54:24,363 [ 210151]   INFO - STDOUT - Configuration phase 2 is completed. Initiating another phase to cover possible side effects...
2026-02-19 09:54:24,363 [ 210151]   INFO - STDOUT - All configuration phases are completed.
2026-02-19 09:54:24,408 [ 210196]   INFO - #o.j.q.s.i.r.ConsoleLog - The Project opening stage completed in 3m 16s
2026-02-19 09:54:24,410 [ 210198]   INFO - STDOUT - The Project opening stage completed in 3m 16s
2026-02-19 09:54:24,410 [ 210198]   INFO - STDOUT - done.
2026-02-19 09:54:24,526 [ 210314]   INFO - #c.i.o.p.DumbServiceImpl - enter dumb mode [java-basics]
2026-02-19 09:54:24,530 [ 210318]   INFO - #o.j.q.s.i.r.ConsoleLog - Preparing for the Project configuration stage ...
2026-02-19 09:54:24,531 [ 210319]   INFO - #c.i.o.p.MergingQueueGuiExecutor - Running task: (dumb mode task) com.intellij.openapi.roots.impl.PushedFilePropertiesUpdaterImpl$MyDumbModeTask@52d4dd0a (reason: Push on VFS changes)
2026-02-19 09:54:24,531 [ 210319]   INFO - STDOUT - Preparing for the Project configuration stage ...
2026-02-19 09:54:24,531 [ 210319]   INFO - STDOUT - 'external-system' is in progress...
2026-02-19 09:54:24,533 [ 210321]   INFO - STDOUT - 'external-system' is completed.
2026-02-19 09:54:24,533 [ 210321]   INFO - STDOUT - 'Queries for MergingUpdateQueue' is in progress...
2026-02-19 09:54:24,534 [ 210322]   INFO - #c.i.o.p.MergingQueueGuiExecutor - Task finished: (dumb mode task) com.intellij.openapi.roots.impl.PushedFilePropertiesUpdaterImpl$MyDumbModeTask@52d4dd0a (reason: Push on VFS changes)
2026-02-19 09:54:24,535 [ 210323]   INFO - #c.i.o.p.MergingQueueGuiExecutor - Running task: (dumb mode task) UnindexedFilesIndexer[java-basics, reasons: [On refresh of files in java-basics]]
2026-02-19 09:54:24,535 [ 210323]   INFO - #c.i.u.i.FileBasedIndexImpl - Indexes are already loaded
2026-02-19 09:54:24,536 [ 210324]   INFO - #c.i.u.i.c.IndexUpdateRunner - Using 8 workers for indexing and 4 for writing indexes
2026-02-19 09:54:24,538 [ 210326]   INFO - #c.i.u.i.ProjectChangedFilesScanner - Retrieving changed during indexing files of java-basics : 19 to update, calculated in 3ms
2026-02-19 09:54:24,572 [ 210360]   INFO - #c.i.u.i.c.IndexUpdateRunner - Coroutine 6 finished gracefully
2026-02-19 09:54:24,575 [ 210363]   INFO - #c.i.u.i.c.IndexUpdateRunner - Coroutine 2 finished gracefully
2026-02-19 09:54:24,576 [ 210364]   INFO - #c.i.u.i.c.IndexUpdateRunner - Coroutine 3 finished gracefully
2026-02-19 09:54:24,577 [ 210365]   INFO - #c.i.u.i.c.IndexUpdateRunner - Coroutine 0 finished gracefully
2026-02-19 09:54:24,579 [ 210367]   INFO - #c.i.u.i.c.IndexUpdateRunner - Coroutine 4 finished gracefully
2026-02-19 09:54:24,590 [ 210378]   INFO - #c.i.u.i.c.IndexUpdateRunner - Coroutine 7 finished gracefully
2026-02-19 09:54:24,591 [ 210379]   INFO - #c.i.u.i.c.IndexUpdateRunner - Coroutine 1 finished gracefully
2026-02-19 09:54:24,594 [ 210382]   INFO - #c.i.u.i.c.IndexUpdateRunner - Coroutine 5 finished gracefully
2026-02-19 09:54:24,617 [ 210405]   INFO - #c.i.u.i.UnindexedFilesIndexer - Finished for java-basics. Unindexed files update took 82ms; general responsiveness: ok; EDT responsiveness: ok
2026-02-19 09:54:24,617 [ 210405]   INFO - #c.i.o.p.MergingQueueGuiExecutor - Task finished: (dumb mode task) UnindexedFilesIndexer[java-basics, reasons: [On refresh of files in java-basics]]
2026-02-19 09:54:24,617 [ 210405]   INFO - #c.i.o.p.DumbServiceImpl - exit dumb mode [java-basics]
2026-02-19 09:54:24,619 [ 210407]   INFO - STDOUT - [IDE]: Task 'Analyzing project to enable smart features' ended
2026-02-19 09:54:25,446 [ 211234]   INFO - STDOUT - 'Queries for MergingUpdateQueue' is completed.
2026-02-19 09:54:25,446 [ 211234]   INFO - #c.i.w.i.i.j.s.JpsGlobalModelSynchronizerImpl - Saving global entities com.intellij.platform.workspace.jps.entities.SdkEntity to files
2026-02-19 09:54:25,447 [ 211235]   INFO - #c.i.w.i.i.j.s.JpsGlobalModelSynchronizerImpl - Saving global entities com.intellij.platform.workspace.jps.entities.LibraryEntity to files
2026-02-19 09:54:25,498 [ 211286]   INFO - #c.i.a.o.PathMacrosImpl - Saved path macros: {MAVEN_REPOSITORY=/data/cache/.m2}
2026-02-19 09:54:25,525 [ 211313]   INFO - #c.i.w.i.i.j.s.JpsGlobalModelSynchronizerImpl - Saving global entities com.intellij.platform.workspace.jps.entities.SdkEntity to files
2026-02-19 09:54:25,527 [ 211315]   INFO - #c.i.w.i.i.j.s.JpsGlobalModelSynchronizerImpl - Saving global entities com.intellij.platform.workspace.jps.entities.LibraryEntity to files
2026-02-19 09:54:25,530 [ 211318]   INFO - #c.i.a.o.PathMacrosImpl - Saved path macros: {MAVEN_REPOSITORY=/data/cache/.m2}
2026-02-19 09:54:25,534 [ 211322]   INFO - STDOUT - Configuration phase 0 is completed. Initiating another phase to cover possible side effects...
2026-02-19 09:54:25,534 [ 211322]   INFO - STDOUT - All configuration phases are completed.
2026-02-19 09:54:25,534 [ 211322]   INFO - STDOUT - 'Queries for MergingUpdateQueue' is in progress...
2026-02-19 09:54:26,544 [ 212332]   INFO - STDOUT - 'Queries for MergingUpdateQueue' is completed.
2026-02-19 09:54:26,545 [ 212333]   INFO - #c.i.w.i.i.j.s.JpsGlobalModelSynchronizerImpl - Saving global entities com.intellij.platform.workspace.jps.entities.SdkEntity to files
2026-02-19 09:54:26,545 [ 212333]   INFO - #c.i.w.i.i.j.s.JpsGlobalModelSynchronizerImpl - Saving global entities com.intellij.platform.workspace.jps.entities.LibraryEntity to files
2026-02-19 09:54:26,594 [ 212382]   INFO - #c.i.a.o.PathMacrosImpl - Saved path macros: {MAVEN_REPOSITORY=/data/cache/.m2}
2026-02-19 09:54:26,617 [ 212405]   INFO - #c.i.w.i.i.j.s.JpsGlobalModelSynchronizerImpl - Saving global entities com.intellij.platform.workspace.jps.entities.SdkEntity to files
2026-02-19 09:54:26,617 [ 212405]   INFO - #c.i.w.i.i.j.s.JpsGlobalModelSynchronizerImpl - Saving global entities com.intellij.platform.workspace.jps.entities.LibraryEntity to files
2026-02-19 09:54:26,621 [ 212409]   INFO - #c.i.a.o.PathMacrosImpl - Saved path macros: {MAVEN_REPOSITORY=/data/cache/.m2}
2026-02-19 09:54:26,624 [ 212412]   INFO - STDOUT - Configuration phase 1 is completed. Initiating another phase to cover possible side effects...
2026-02-19 09:54:26,625 [ 212413]   INFO - STDOUT - All configuration phases are completed.
2026-02-19 09:54:26,625 [ 212413]   INFO - STDOUT - 'Queries for MergingUpdateQueue' is in progress...
2026-02-19 09:54:27,652 [ 213440]   INFO - STDOUT - 'Queries for MergingUpdateQueue' is completed.
2026-02-19 09:54:27,653 [ 213441]   INFO - #c.i.w.i.i.j.s.JpsGlobalModelSynchronizerImpl - Saving global entities com.intellij.platform.workspace.jps.entities.SdkEntity to files
2026-02-19 09:54:27,653 [ 213441]   INFO - #c.i.w.i.i.j.s.JpsGlobalModelSynchronizerImpl - Saving global entities com.intellij.platform.workspace.jps.entities.LibraryEntity to files
2026-02-19 09:54:27,704 [ 213492]   INFO - #c.i.a.o.PathMacrosImpl - Saved path macros: {MAVEN_REPOSITORY=/data/cache/.m2}
2026-02-19 09:54:27,727 [ 213515]   INFO - #c.i.w.i.i.j.s.JpsGlobalModelSynchronizerImpl - Saving global entities com.intellij.platform.workspace.jps.entities.SdkEntity to files
2026-02-19 09:54:27,727 [ 213515]   INFO - #c.i.w.i.i.j.s.JpsGlobalModelSynchronizerImpl - Saving global entities com.intellij.platform.workspace.jps.entities.LibraryEntity to files
2026-02-19 09:54:27,731 [ 213519]   INFO - #c.i.a.o.PathMacrosImpl - Saved path macros: {MAVEN_REPOSITORY=/data/cache/.m2}
2026-02-19 09:54:27,733 [ 213521]   INFO - STDOUT - Configuration phase 2 is completed. Initiating another phase to cover possible side effects...
2026-02-19 09:54:27,734 [ 213522]   INFO - STDOUT - All configuration phases are completed.
2026-02-19 09:54:27,757 [ 213545]   INFO - #o.j.q.s.i.r.s.QodanaProjectLoader - Configured project
2026-02-19 09:54:27,818 [ 213606]   INFO - #o.j.q.s.i.r.ConsoleLog - The Project configuration stage completed in 3s
2026-02-19 09:54:27,818 [ 213606]   INFO - STDOUT - The Project configuration stage completed in 3s
2026-02-19 09:54:27,820 [ 213608]   INFO - o.j.q.i.linter - Loading dynamic inspections (FlexInspect)
2026-02-19 09:54:27,820 [ 213608]   INFO - o.j.q.i.linter - FlexInspect: finished loading
- total number of inspection.kts files: 0}
- number of compiled inspection.kts files: 0}
- number of inspections from compiled inspection.kts files: 0}
- number of failed to compile inspection.kts files: 0} 
2026-02-19 09:54:29,570 [ 215358]   INFO - STDOUT - Initializing project…Inspecting with the 'qodana.recommended' profile
2026-02-19 09:54:29,636 [ 215424]   INFO - #o.j.q.s.p.QodanaProfile - The 'qodana.sanity' profile is configured for sanity checks
2026-02-19 09:54:30,021 [ 215809]   WARN - #c.j.q.s.m.SarifReport - Missing description for tool MysqlLoadDataPath in taxonomy MySQL
2026-02-19 09:54:30,228 [ 216016]   WARN - #c.j.q.s.m.SarifReport - Missing description for tool SqlUnmatchedForwardDeclaration in taxonomy Oracle
2026-02-19 09:54:30,237 [ 216025]   WARN - #c.j.q.s.m.SarifReport - Missing description for tool MongoJSResolve in taxonomy MongoJS
2026-02-19 09:54:30,295 [ 216083]   WARN - #c.j.q.s.m.SarifReport - Missing description for tool MongoJSDeprecation in taxonomy MongoJS
2026-02-19 09:54:30,311 [ 216099]   WARN - #c.j.q.s.m.SarifReport - Missing description for tool PgSelectFromProcedure in taxonomy PostgreSQL
2026-02-19 09:54:30,326 [ 216114]   WARN - #c.j.q.s.m.SarifReport - Missing description for tool MssqlBuiltin in taxonomy SQL server
2026-02-19 09:54:30,355 [ 216143]   WARN - #c.j.q.s.m.SarifReport - Missing description for tool SqlOverload in taxonomy Oracle
2026-02-19 09:54:30,377 [ 216165]   WARN - #c.j.q.s.m.SarifReport - Missing description for tool MysqlSpaceAfterFunctionName in taxonomy MySQL
2026-02-19 09:54:30,399 [ 216187]   WARN - #c.j.q.s.m.SarifReport - Missing description for tool MysqlParsing in taxonomy MySQL
2026-02-19 09:54:30,466 [ 216254]   WARN - #c.j.q.s.m.SarifReport - Missing description for tool SqlMissingBody in taxonomy Oracle
2026-02-19 09:54:30,551 [ 216339]   WARN - #c.j.q.s.m.SarifReport - Missing description for tool MsOrderBy in taxonomy SQL server
2026-02-19 09:54:30,901 [ 216689]   INFO - #o.j.q.s.i.r.ConsoleLog - Preparing for the Project analysis stage ...
2026-02-19 09:54:30,904 [ 216692]   INFO - STDOUT - Preparing for the Project analysis stage ...
2026-02-19 09:54:31,013 [ 216801]   INFO - #c.i.a.AnalysisScope - Scanning scope took 73 ms
2026-02-19 09:54:31,023 [ 216811]   INFO - #c.i.d.c.i.CheckDependencyLicensesInspectionGlobal - Starting com.intellij.dependencyAnalysis.core.inspection.CheckDependencyLicensesInspectionGlobal
2026-02-19 09:54:31,027 [ 216815]   INFO - #c.i.d.c.m.DependencyAnalysis - Collect data
2026-02-19 09:54:31,038 [ 216826]   INFO - #c.i.d.c.m.ProjectAnalyzer - JVM start analyze
2026-02-19 09:54:31,043 [ 216831]   INFO - #c.i.d.j.JvmProjectAnalyzer - java-basics is analyzing
2026-02-19 09:54:31,043 [ 216831]   INFO - #c.i.d.j.JvmProjectAnalyzer - java-basics.main is analyzing
2026-02-19 09:54:35,074 [ 220862]   INFO - #c.i.d.c.m.ProjectAnalyzer - JVM end analyze
2026-02-19 09:54:35,078 [ 220866]   INFO - #c.i.d.c.m.DependencyAnalysis - Obtained ProjectMetadata
2026-02-19 09:54:35,082 [ 220870]   INFO - #c.i.d.c.i.CheckDependencyLicensesInspectionGlobal - Ending com.intellij.dependencyAnalysis.core.inspection.CheckDependencyLicensesInspectionGlobal
2026-02-19 09:54:35,090 [ 220878]   INFO - #c.i.c.e.GlobalJavaInspectionContextImpl - Processing external usages finished in 0 ms
2026-02-19 09:54:35,102 [ 220890]   INFO - #o.j.q.j.c.JvmCoverageInspection - Coverage for XMLReportEngine - provided 1 files
2026-02-19 09:54:35,106 [ 220894]   INFO - #o.j.q.s.i.c.CoverageInspectionBase - Engine XML Report - accepted 0 files
2026-02-19 09:54:35,106 [ 220894]   INFO - #o.j.q.s.i.c.CoverageInspectionBase - Engine XML Report - loaded 0 coverage suites
2026-02-19 09:54:35,106 [ 220894]   INFO - #o.j.q.s.i.c.CoverageInspectionBase - Coverage for JavaCoverageEngine - provided 1 files
2026-02-19 09:54:35,107 [ 220895]   INFO - #o.j.q.s.i.c.CoverageInspectionBase - Engine Java Coverage - accepted 0 files
2026-02-19 09:54:35,108 [ 220896]   INFO - #o.j.q.s.i.c.CoverageInspectionBase - Engine Java Coverage - loaded 0 coverage suites
2026-02-19 09:54:35,245 [ 221033]   INFO - #c.i.i.s.DeviceIdManager - Generating new Device ID for 'PackageChecker'
2026-02-19 09:54:35,263 [ 221051]   INFO - #c.i.p.m.MavenProjectDependenciesModel - Start collecting all modules
2026-02-19 09:54:35,264 [ 221052]   INFO - #c.i.p.g.GradleProjectDependenciesModel - Start collecting all modules
2026-02-19 09:54:35,268 [ 221056]   INFO - #c.i.p.m.ProjectDependenciesModuleAggregator - Supported models after update: [IntellijProjectDependenciesModel, MavenProjectDependenciesModel, GradleProjectDependenciesModel]
2026-02-19 09:54:35,271 [ 221059]   INFO - #c.i.p.m.i.ProjectDependenciesModelImpl - Count of declared packages: null, imported packages: null
2026-02-19 09:54:35,274 [ 221062]   INFO - #c.i.p.g.GradleProjectDependenciesModel - Finish collecting all modules, count of found modules: 2
2026-02-19 09:54:35,274 [ 221062]   INFO - #c.i.p.m.MavenProjectDependenciesModel - Finish collecting all modules, count of found modules: 1
2026-02-19 09:54:35,309 [ 221097]   INFO - #c.i.p.m.i.ProjectDependenciesModelImpl - Count of declared packages: 110, imported packages: null
2026-02-19 09:54:35,365 [ 221153]   INFO - #c.i.p.m.i.ProjectDependenciesModelImpl - Count of declared packages: 110, imported packages: 124
2026-02-19 09:54:35,465 [ 221253]   INFO - #o.j.q.s.i.r.AsyncInspectionToolResultWriter - Async result writer started
2026-02-19 09:54:35,467 [ 221255]   INFO - STDOUT - Analyzing code 1%
2026-02-19 09:54:36,015 [ 221803]   INFO - STDOUT - Analyzing code 2%
2026-02-19 09:54:36,313 [ 222101]   INFO - #c.i.x.Html5SchemaProvider - HTML5_SCHEMA_LOCATION = /opt/idea/lib/modules/intellij.relaxng.jar!/resources/html5-schema/html5.rnc
2026-02-19 09:54:36,386 [ 222174]   INFO - STDOUT - Analyzing code 3%
2026-02-19 09:54:36,402 [ 222190]   INFO - STDOUT - Analyzing code 4%
2026-02-19 09:54:36,641 [ 222429]   INFO - STDOUT - Analyzing code 5%
2026-02-19 09:54:37,466 [ 223254]   INFO - STDOUT - Analyzing code 6%
2026-02-19 09:54:37,957 [ 223745]   INFO - STDOUT - Analyzing code 7%
2026-02-19 09:54:39,702 [ 225490]   INFO - STDOUT - Analyzing code 8%
2026-02-19 09:54:39,881 [ 225669]   INFO - STDOUT - Analyzing code 9%
2026-02-19 09:54:40,027 [ 225815]   INFO - STDOUT - Analyzing code 10%
2026-02-19 09:54:40,685 [ 226473]   INFO - STDOUT - Analyzing code 11%
2026-02-19 09:54:40,836 [ 226624]   INFO - STDOUT - Analyzing code 12%
2026-02-19 09:54:41,131 [ 226919]   INFO - STDOUT - Analyzing code 13%
2026-02-19 09:54:41,276 [ 227064]   INFO - STDOUT - Analyzing code 14%
2026-02-19 09:54:41,425 [ 227213]   INFO - STDOUT - Analyzing code 15%
2026-02-19 09:54:41,588 [ 227376]   INFO - STDOUT - Analyzing code 16%
2026-02-19 09:54:41,588 [ 227376]   INFO - STDOUT - Analyzing code 16%
2026-02-19 09:54:41,678 [ 227466]   INFO - STDOUT - Analyzing code 17%
2026-02-19 09:54:41,909 [ 227697]   INFO - STDOUT - Analyzing code 18%
2026-02-19 09:54:42,040 [ 227828]   INFO - STDOUT - Analyzing code 19%
2026-02-19 09:54:42,120 [ 227908]   INFO - STDOUT - Analyzing code 20%
2026-02-19 09:54:42,275 [ 228063]   INFO - STDOUT - Analyzing code 21%
2026-02-19 09:54:42,448 [ 228236]   INFO - STDOUT - Analyzing code 22%
2026-02-19 09:54:43,496 [ 229284]   INFO - STDOUT - Analyzing code 23%
2026-02-19 09:54:43,894 [ 229682]   INFO - STDOUT - Analyzing code 24%
2026-02-19 09:54:44,052 [ 229840]   INFO - STDOUT - Analyzing code 25%
2026-02-19 09:54:44,411 [ 230199]   INFO - STDOUT - Analyzing code 26%
2026-02-19 09:54:44,716 [ 230504]   INFO - STDOUT - Analyzing code 27%
2026-02-19 09:54:45,039 [ 230827]   INFO - STDOUT - Analyzing code 28%
2026-02-19 09:54:45,223 [ 231011]   INFO - STDOUT - Analyzing code 29%
2026-02-19 09:54:45,707 [ 231495]   INFO - STDOUT - Analyzing code 30%
2026-02-19 09:54:45,801 [ 231589]   INFO - STDOUT - Analyzing code 31%
2026-02-19 09:54:45,928 [ 231716]   INFO - STDOUT - Analyzing code 32%
2026-02-19 09:54:46,602 [ 232390]   INFO - STDOUT - Analyzing code 33%
2026-02-19 09:54:46,766 [ 232554]   INFO - STDOUT - Analyzing code 34%
2026-02-19 09:54:47,096 [ 232884]   INFO - STDOUT - Analyzing code 35%
2026-02-19 09:54:47,152 [ 232940]   INFO - STDOUT - Analyzing code 36%
2026-02-19 09:54:47,222 [ 233010]   INFO - STDOUT - Analyzing code 37%
2026-02-19 09:54:47,299 [ 233087]   INFO - STDOUT - Analyzing code 38%
2026-02-19 09:54:47,860 [ 233648]   INFO - STDOUT - Analyzing code 39%
2026-02-19 09:54:48,242 [ 234030]   INFO - STDOUT - Analyzing code 40%
2026-02-19 09:54:49,139 [ 234927]   INFO - STDOUT - Analyzing code 41%
2026-02-19 09:54:49,180 [ 234968]   INFO - STDOUT - Analyzing code 42%
2026-02-19 09:54:49,401 [ 235189]   INFO - STDOUT - Analyzing code 43%
2026-02-19 09:54:50,020 [ 235808]   INFO - STDOUT - Analyzing code 44%
2026-02-19 09:54:50,361 [ 236149]   INFO - STDOUT - Analyzing code 45%
2026-02-19 09:54:50,656 [ 236444]   INFO - STDOUT - Analyzing code 46%
2026-02-19 09:54:50,746 [ 236534]   INFO - STDOUT - Analyzing code 47%
2026-02-19 09:54:51,615 [ 237403]   INFO - STDOUT - Analyzing code 48%
2026-02-19 09:54:51,698 [ 237486]   WARN - #c.i.j.d.a.j.l.t.c.JavaExpressionEvaluator - Unresolved method in call PsiMethodCallExpression:user.getRole() at UserRepository1.java:65:33-47
2026-02-19 09:54:52,271 [ 238059]   WARN - #c.i.j.d.a.j.l.t.c.JavaExpressionEvaluator - Unresolved method in call PsiMethodCallExpression:super(message) at CircuitBreaker1.java:117:13-27
2026-02-19 09:54:52,709 [ 238497]   INFO - STDOUT - Analyzing code 49%
2026-02-19 09:54:52,966 [ 238754]   WARN - #c.i.j.d.a.j.l.t.c.JavaExpressionEvaluator - Unresolved method in call PsiMethodCallExpression:user.verifyPassword(password) at UserService1.java:55:27-56
2026-02-19 09:54:52,967 [ 238755]   WARN - #c.i.j.d.a.j.l.t.c.JavaExpressionEvaluator - Unresolved method in call PsiMethodCallExpression:user.login() at UserService1.java:58:13-25
2026-02-19 09:54:52,985 [ 238773]   WARN - #c.i.j.d.a.j.l.t.c.JavaExpressionEvaluator - Unresolved method in call PsiMethodCallExpression:user.deactivate() at UserService1.java:71:9-26
2026-02-19 09:54:52,990 [ 238778]   WARN - #c.i.j.d.a.j.l.t.c.JavaExpressionEvaluator - Unresolved method in call PsiMethodCallExpression:user.promoteToAdmin() at UserService1.java:81:9-30
2026-02-19 09:54:53,122 [ 238910]   INFO - STDOUT - Analyzing code 50%
2026-02-19 09:54:53,459 [ 239247]   INFO - STDOUT - Analyzing code 51%
2026-02-19 09:54:53,750 [ 239538]   INFO - STDOUT - Analyzing code 52%
2026-02-19 09:54:53,893 [ 239681]   INFO - STDOUT - Analyzing code 53%
2026-02-19 09:54:53,904 [ 239692]   INFO - STDOUT - Analyzing code 54%
2026-02-19 09:54:53,911 [ 239699]   WARN - #c.i.j.d.a.j.l.t.c.JavaExpressionEvaluator - Unresolved method in call PsiMethodCallExpression:user.verifyPassword(password) at AuthenticationManager1.java:48:14-43
2026-02-19 09:54:53,911 [ 239699]   WARN - #c.i.j.d.a.j.l.t.c.JavaExpressionEvaluator - Unresolved method in call PsiMethodCallExpression:user.login() at AuthenticationManager1.java:61:9-21
2026-02-19 09:54:53,912 [ 239700]   INFO - STDOUT - Analyzing code 55%
2026-02-19 09:54:53,913 [ 239701]   WARN - #c.i.j.d.a.j.l.t.c.JavaExpressionEvaluator - Unresolved method in call PsiMethodCallExpression:user.getRole() at AuthenticationManager1.java:104:16-30
2026-02-19 09:54:53,913 [ 239701]   WARN - #c.i.j.d.a.j.l.t.c.JavaExpressionEvaluator - Unresolved method in call PsiMethodCallExpression:user.getRole().hasPermission(permission) at AuthenticationManager1.java:104:16-56
2026-02-19 09:54:53,918 [ 239706]   INFO - STDOUT - Analyzing code 56%
2026-02-19 09:54:53,923 [ 239711]   INFO - STDOUT - Analyzing code 57%
2026-02-19 09:54:54,157 [ 239945]   INFO - STDOUT - Analyzing code 58%
2026-02-19 09:54:54,682 [ 240470]   INFO - STDOUT - Analyzing code 59%
2026-02-19 09:54:54,929 [ 240717]   INFO - STDOUT - Analyzing code 60%
2026-02-19 09:54:55,015 [ 240803]   INFO - STDOUT - Analyzing code 61%
2026-02-19 09:54:55,313 [ 241101]   INFO - STDOUT - Analyzing code 62%
2026-02-19 09:54:55,473 [ 241261]   INFO - STDOUT - Analyzing code 63%
2026-02-19 09:54:55,677 [ 241465]   INFO - STDOUT - Analyzing code 64%
2026-02-19 09:54:55,892 [ 241680]   INFO - STDOUT - Analyzing code 65%
2026-02-19 09:54:56,747 [ 242535]   INFO - STDOUT - Analyzing code 66%
2026-02-19 09:54:57,475 [ 243263]   INFO - STDOUT - Analyzing code 67%
2026-02-19 09:54:58,056 [ 243844]   INFO - STDOUT - Analyzing code 68%
2026-02-19 09:54:58,173 [ 243961]   INFO - STDOUT - Analyzing code 69%
2026-02-19 09:54:58,385 [ 244173]   INFO - STDOUT - Analyzing code 70%
2026-02-19 09:54:59,350 [ 245138]   INFO - #o.j.q.s.i.r.ConsoleLog - The Project analysis stage completed in 28s
2026-02-19 09:54:59,351 [ 245139]   INFO - STDOUT - The Project analysis stage completed in 28s
2026-02-19 09:54:59,380 [ 245168]   INFO - #c.i.d.c.m.DependencyAnalysisDescriber - Running Dependency Analysis project describer
2026-02-19 09:54:59,389 [ 245177]   INFO - #c.i.d.c.m.DependencyAnalysisDescriber - Writing file: /data/results/projectStructure/thirdPartySoftwareList.json
2026-02-19 09:54:59,389 [ 245177]   INFO - #c.i.d.c.m.DependencyAnalysisDescriber - Writing file: /data/results/projectStructure/thirdPartySoftwareList.csv
2026-02-19 09:54:59,390 [ 245178]   INFO - #c.i.d.c.m.DependencyAnalysisDescriber - Writing file: /data/results/projectStructure/thirdPartySoftwareList.md
2026-02-19 09:54:59,390 [ 245178]   INFO - #c.i.d.c.m.DependencyAnalysisDescriber - Writing file: /data/results/projectStructure/qodana.spdx.json
2026-02-19 09:54:59,390 [ 245178]   INFO - #c.i.d.c.m.DependencyAnalysisDescriber - Writing file: /data/results/projectStructure/thirdPartySoftwareList.xml
2026-02-19 09:54:59,391 [ 245179]   INFO - #c.i.d.c.m.DependencyAnalysisDescriber - Writing file: /data/results/projectStructure/third-party-libraries.json
2026-02-19 09:54:59,391 [ 245179]   INFO - #c.i.d.c.m.DependencyAnalysisDescriber - Writing file: /data/results/projectStructure/thirdPartySoftwareList.html
2026-02-19 09:54:59,391 [ 245179]   INFO - #c.i.d.c.m.DependencyAnalysisDescriber - Writing file: /data/results/projectStructure/licenseDict.json
2026-02-19 09:54:59,391 [ 245179]   INFO - #c.i.d.c.m.DependencyAnalysisDescriber - Writing file: /data/results/projectStructure/licenseRules.json
2026-02-19 09:54:59,391 [ 245179]   INFO - #c.i.d.c.m.DependencyAnalysisDescriber - Writing file: /data/results/projectStructure/projectMetadata.json
2026-02-19 09:54:59,734 [ 245522]   INFO - #o.j.q.s.s.n.RuntimeNotificationCollector$NotificationReportContributor - No tool errors to report to sarif file
2026-02-19 09:54:59,735 [ 245523]   WARN - #o.j.q.s.s.GitReportContributor - Unable to find the remote url, please set the environment variable QODANA_REMOTE_URL
2026-02-19 09:54:59,735 [ 245523]   WARN - #o.j.q.s.s.GitReportContributor - Unable to parse the repository url, please set the environment variable QODANA_REPO_URL, should start with https://
2026-02-19 09:54:59,786 [ 245574]   INFO - STDOUT - 
2026-02-19 09:54:59,786 [ 245574]   INFO - STDOUT - Qodana - Sanity summary
2026-02-19 09:54:59,788 [ 245576]   INFO - STDOUT - Analysis results: 5 problems detected
2026-02-19 09:54:59,788 [ 245576]   INFO - STDOUT - 5 suspicious problems were detected during Sanity Check. Probably there are some troubles with corresponding inspections. You may fix the problems or exclude the files containing them from the analysis
2026-02-19 09:54:59,788 [ 245576]   INFO - STDOUT - --------------------------------------------------------------------------------------------
2026-02-19 09:54:59,789 [ 245577]   INFO - STDOUT - File                                                    Inspection  Severity  Problems count
2026-02-19 09:54:59,789 [ 245577]   INFO - STDOUT - --------------------------------------------------------------------------------------------
2026-02-19 09:54:59,789 [ 245577]   INFO - STDOUT - OneClass1.java                                         Java sanity  Critical               4
2026-02-19 09:54:59,789 [ 245577]   INFO - STDOUT - оооооо1.java                                           Java sanity  Critical               1
2026-02-19 09:54:59,789 [ 245577]   INFO - STDOUT - --------------------------------------------------------------------------------------------
2026-02-19 09:54:59,789 [ 245577]   INFO - STDOUT - 
2026-02-19 09:54:59,790 [ 245578]   INFO - STDOUT - 
2026-02-19 09:54:59,790 [ 245578]   INFO - STDOUT - 
2026-02-19 09:54:59,790 [ 245578]   INFO - STDOUT - Qodana - Detailed summary
2026-02-19 09:54:59,790 [ 245578]   INFO - STDOUT - Analysis results: 245 problems detected
2026-02-19 09:54:59,790 [ 245578]   INFO - STDOUT - By severity: Critical - 31, High - 205, Moderate - 9
2026-02-19 09:54:59,790 [ 245578]   INFO - STDOUT - ----------------------------------------------------------------------------
2026-02-19 09:54:59,790 [ 245578]   INFO - STDOUT - Name                                                Severity  Problems count
2026-02-19 09:54:59,790 [ 245578]   INFO - STDOUT - ----------------------------------------------------------------------------
2026-02-19 09:54:59,790 [ 245578]   INFO - STDOUT - Overly complex class                                Critical              24
2026-02-19 09:54:59,790 [ 245578]   INFO - STDOUT - Overly coupled class                                Critical               5
2026-02-19 09:54:59,791 [ 245579]   INFO - STDOUT - Hardcoded passwords                                 Critical               1
2026-02-19 09:54:59,791 [ 245579]   INFO - STDOUT - Vulnerable declared dependency                      Critical               1
2026-02-19 09:54:59,791 [ 245579]   INFO - STDOUT - Single class import                                     High             141
2026-02-19 09:54:59,791 [ 245579]   INFO - STDOUT - Lombok @Getter may be used                              High              17
2026-02-19 09:54:59,791 [ 245579]   INFO - STDOUT - Unused assignment                                       High              11
2026-02-19 09:54:59,792 [ 245580]   INFO - STDOUT - Vulnerable declared dependency                          High               9
2026-02-19 09:54:59,793 [ 245581]   INFO - STDOUT - Field may be 'final'                                    High               8
2026-02-19 09:54:59,793 [ 245581]   INFO - STDOUT - Lombok @Setter may be used                              High               5
2026-02-19 09:54:59,793 [ 245581]   INFO - STDOUT - Method is identical to its super method                 High               3
2026-02-19 09:54:59,793 [ 245581]   INFO - STDOUT - Constant values                                         High               2
2026-02-19 09:54:59,793 [ 245581]   INFO - STDOUT - String comparison using '==', instead of 'equals()      High               2
2026-02-19 09:54:59,794 [ 245582]   INFO - STDOUT - '                                                                           
2026-02-19 09:54:59,794 [ 245582]   INFO - STDOUT - 'InputStream' and 'OutputStream' can be constructe      High               1
2026-02-19 09:54:59,794 [ 245582]   INFO - STDOUT - d using 'Files' methods                                                     
2026-02-19 09:54:59,794 [ 245582]   INFO - STDOUT - Call to 'printStackTrace()'                             High               1
2026-02-19 09:54:59,794 [ 245582]   INFO - STDOUT - Class naming convention                                 High               1
2026-02-19 09:54:59,794 [ 245582]   INFO - STDOUT - Non-final field in 'enum'                               High               1
2026-02-19 09:54:59,794 [ 245582]   INFO - STDOUT - Redundant 'String' operation                            High               1
2026-02-19 09:54:59,794 [ 245582]   INFO - STDOUT - Redundant call to 'String.format()'                     High               1
2026-02-19 09:54:59,794 [ 245582]   INFO - STDOUT - Redundant local variable                                High               1
2026-02-19 09:54:59,794 [ 245582]   INFO - STDOUT - Vulnerable declared dependency                      Moderate               6
2026-02-19 09:54:59,794 [ 245582]   INFO - STDOUT - Constant values                                     Moderate               2
2026-02-19 09:54:59,794 [ 245582]   INFO - STDOUT - Method can be extracted                             Moderate               1
2026-02-19 09:54:59,794 [ 245582]   INFO - STDOUT - ----------------------------------------------------------------------------
2026-02-19 09:54:59,794 [ 245582]   INFO - STDOUT - 
2026-02-19 09:54:59,794 [ 245582]   INFO - STDOUT - 
2026-02-19 09:54:59,794 [ 245582]   INFO - STDOUT - Qodana - Coverage summary
2026-02-19 09:54:59,794 [ 245582]   INFO - STDOUT - WARNING! No coverage was computed, probably coverage file does not match the sources. Please check your settings
2026-02-19 09:54:59,794 [ 245582]   INFO - STDOUT - 
2026-02-19 09:54:59,927 [ 245715]   INFO - #o.j.q.s.i.r.QodanaInspectionApplication - sessionId: 26021909-0423c7201de0
2026-02-19 09:55:02,175 [ 247963]   INFO - STDOUT - The report is uploaded to https://qodana.cloud/projects/p45aW/reports/20bR8v
2026-02-19 09:55:02,290 [ 248078]   INFO - #c.i.u.i.PersistentDirtyFilesQueue - Dirty file ids stored. Size: 0. Index: 0 Path: /data/cache/idea/253/index/dirty-file-queues/15375f63
2026-02-19 09:55:02,295 [ 248083]   INFO - #c.i.p.p.ProjectEntitiesStorage - Project ProjectId(id=nlv5j8ro657slalm977a) is disposed, removing entity
2026-02-19 09:55:02,297 [ 248085]   INFO - #c.i.p.d.i.f.FrontendXBreakpointManager - Breakpoint removed for XBreakpointId(uid=1)
2026-02-19 09:55:02,297 [ 248085]   INFO - #c.i.p.d.i.f.FrontendXBreakpointManager - Breakpoint removed for XBreakpointId(uid=2)
2026-02-19 09:55:02,297 [ 248085]   INFO - #c.i.j.d.b.r.HostToClientMessagingSession - Shutting down client ClientId(value=Host) communication
2026-02-19 09:55:02,307 [ 248095]   INFO - #c.i.w.i.i.GlobalWorkspaceModel - Project java-basics is removed from the list of initializing and open projects. Project was disposed.
2026-02-19 09:55:02,323 [ 248111]   INFO - #c.i.c.b.CompilerReferenceServiceBase - backward reference index reader is closed (didn't exist)
2026-02-19 09:55:02,394 [ 248182]   INFO - #c.i.e.r.RemoteProcessSupport - Terminating: 127.0.0.1:47558/Maven36ServerImpld71897da
2026-02-19 09:55:02,395 [ 248183]   INFO - #c.i.e.r.RemoteProcessSupport - Remote process will terminate: null message = null
2026-02-19 09:55:02,411 [ 248199]   INFO - #c.i.w.i.i.j.s.JpsGlobalModelSynchronizerImpl - Saving global entities com.intellij.platform.workspace.jps.entities.SdkEntity to files
2026-02-19 09:55:02,412 [ 248200]   INFO - #c.i.w.i.i.j.s.JpsGlobalModelSynchronizerImpl - Saving global entities com.intellij.platform.workspace.jps.entities.LibraryEntity to files
2026-02-19 09:55:02,422 [ 248210]   INFO - #c.i.a.o.PathMacrosImpl - Saved path macros: {MAVEN_REPOSITORY=/data/cache/.m2}
2026-02-19 09:55:02,436 [ 248224]   INFO - #c.i.i.s.e.u.EventLogExternalUploader - Statistics. Started external process for uploading event log
2026-02-19 09:55:02,443 [ 248231]   INFO - #c.i.o.f.i.FileTypeDetectionService - 2601 auto-detected files. Detection took 840 ms
2026-02-19 09:55:02,447 [ 248235]   INFO - #o.j.i.BuiltInServer - web server stopped
2026-02-19 09:55:02,451 [ 248239]   INFO - #c.i.u.i.FileBasedIndexImpl - Index dispose started
2026-02-19 09:55:02,457 [ 248245]   INFO - #c.i.u.i.PersistentDirtyFilesQueue - Dirty file ids stored. Size: 10. Index: 10 Path: /data/cache/idea/253/index/dirty-file-ids
2026-02-19 09:55:02,475 [ 248263]   INFO - #c.i.p.s.StubIndexImpl - StubIndexExtension-s were unloaded
2026-02-19 09:55:02,475 [ 248263]   INFO - #c.i.p.s.SerializationManagerImpl - Start shutting down /data/cache/idea/253/index/rep.names
2026-02-19 09:55:02,475 [ 248263]   INFO - #c.i.p.s.SerializationManagerImpl - Finished shutting down /data/cache/idea/253/index/rep.names
2026-02-19 09:55:02,476 [ 248264]   INFO - #c.i.u.i.FileBasedIndexImpl - Index dispose completed in 25ms.
2026-02-19 09:55:02,489 [ 248277]   INFO - #c.i.o.v.n.p.PersistentFSImpl - VFS dispose started
2026-02-19 09:55:02,489 [ 248277]   INFO - #c.i.o.v.n.p.FSRecordsImpl - VFS closing
2026-02-19 09:55:02,491 [ 248279]   INFO - #c.i.o.v.n.p.PersistentFSImpl - VFS dispose completed in 1 ms.
2026-02-19 09:55:02,506 [ 248294]   INFO - #c.i.p.i.b.AppStarter - ------------------------------------------------------ IDE SHUTDOWN ------------------------------------------------------
