# OpenTelemetry Metrics report: .csv, 4 fields: 
# <metric name>, <period start, nanoseconds>, <period end, nanoseconds>, <metric value>
# See CsvMetricsExporter for details.
# 
# NAME, PERIOD_START_NANOS, PERIOD_END_NANOS, VALUE
FlushQueue.tasksExecuted,1771494655205000000,1771494715236000000,4141
FlushQueue.queueSizeAvg,1771494655205000000,1771494715236000000,0.5020526442888191
WriteAction.executionsCount,1771494655205000000,1771494715236000000,74
FlushQueue.waitingTimeMaxNs,1771494655205000000,1771494715236000000,499122175
FlushQueue.waitingTimeAvgNs,1771494655205000000,1771494715236000000,3966791.0127988406
NonBlockingReadAction.failedExecutionsCount,1771494655205000000,1771494715236000000,3
NonBlockingReadAction.finalizedExecutionsCount,1771494655205000000,1771494715236000000,91
FlushQueue.waitingTime90PNs,1771494655205000000,1771494715236000000,1023999
AWTEventQueue.dispatchTime90PNs,1771494655205000000,1771494715236000000,177151
FlushQueue.queueSize90P,1771494655205000000,1771494715236000000,1
FlushQueue.executionTimeAvgNs,1771494655205000000,1771494715236000000,6226443.88698382
ReadAction.executionsCount,1771494655205000000,1771494715236000000,367484
FlushQueue.queueSizeMax,1771494655205000000,1771494715236000000,26
NonBlockingReadAction.failedExecutionTimeUs,1771494655205000000,1771494715236000000,217441
AWTEventQueue.dispatchTimeMaxNs,1771494655205000000,1771494715236000000,459276287
AWTEventQueue.dispatchTimeAvgNs,1771494655205000000,1771494715236000000,393581.73659069196
NonBlockingReadAction.finalizedExecutionTimeUs,1771494655205000000,1771494715236000000,455702
AWTEventQueue.eventsDispatched,1771494655205000000,1771494715236000000,7327
AWTEventQueue.dispatchTimeTotalNS,1771494655205000000,1771494715236000000,2884419075
FlushQueue.executionTime90PNs,1771494655205000000,1771494715236000000,143359
FlushQueue.executionTimeMaxNs,1771494655205000000,1771494715236000000,22817013759
workspaceModel.mutableEntityStorage.add.entity.ms,1771494655205000000,1771494715236000000,99
jps.storage.jps.conf.reader.load.component.ms,1771494655205000000,1771494715236000000,7
jps.apply.loaded.storage.ms,1771494655205000000,1771494715236000000,85
jps.reload.project.entities.ms,1771494655205000000,1771494715236000000,0
workspaceModel.mutableEntityStorage.remove.entity.ms,1771494655205000000,1771494715236000000,11
workspaceModel.moduleManagerBridge.create.module.instance.ms,1771494655205000000,1771494715236000000,7
workspaceModel.mutableEntityStorage.replace.by.source.ms,1771494655205000000,1771494715236000000,25
workspaceModel.mutableEntityStorage.mutable.ext.mapping.ms,1771494655205000000,1771494715236000000,0
workspaceModel.load.cache.from.file.ms,1771494655205000000,1771494715236000000,1
workspaceModel.moduleBridgeLoader.loading.modules.ms,1771494655205000000,1771494715236000000,170
workspaceModel.mutableEntityStorage.modify.entity.ms,1771494655205000000,1771494715236000000,81
workspaceModel.moduleManagerBridge.build.module.graph.ms,1771494655205000000,1771494715236000000,1
jps.modifiable.module.model.bridge.disposing.ms,1771494655205000000,1771494715236000000,0
jps.modifiable.module.model.bridge.renaming.ms,1771494655205000000,1771494715236000000,0
workspaceModel.moduleManagerBridge.set.unloadedModules.ms,1771494655205000000,1771494715236000000,0
workspaceModel.sync.entities.ms,1771494655205000000,1771494715236000000,2
workspaceModel.mutableEntityStorage.referrers.ms,1771494655205000000,1771494715236000000,1
jps.facet.change.listener.before.change.events.ms,1771494655205000000,1771494715236000000,0
workspaceModel.mutableEntityStorage.mutable.vfurl.index.ms,1771494655205000000,1771494715236000000,0
workspaceModel.global.updates.count,1771494655205000000,1771494715236000000,3
jps.library.entities.serializer.save.entities.ms,1771494655205000000,1771494715236000000,0
workspaceModel.mutableEntityStorage.changeLog.addReplaceEventForNewParent.ms,1771494655205000000,1771494715236000000,1
jps.global.handle.changed.events.ms,1771494655205000000,1771494715236000000,0
workspaceModel.mutableEntityStorage.changeLog.addReplaceEventForNewChild.ms,1771494655205000000,1771494715236000000,5
workspaceModel.mutableEntityStorage.resolve.ms,1771494655205000000,1771494715236000000,1
workspaceModel.mutableEntityStorage.apply.changes.from.ms,1771494655205000000,1771494715236000000,10
jps.global.initialize.library.bridges.after.loading.ms,1771494655205000000,1771494715236000000,1
workspaceModel.save.cache.to.file.ms,1771494655205000000,1771494715236000000,300
jps.artifact.entities.serializer.load.entities.ms,1771494655205000000,1771494715236000000,2
workspaceModel.mutableEntityStorage.changeLog.addReplaceEventForRemovedParent.ms,1771494655205000000,1771494715236000000,0
jps.facet.change.listener.process.change.events.ms,1771494655205000000,1771494715236000000,0
workspaceModel.global.apply.state.to.project.ms,1771494655205000000,1771494715236000000,27
jps.project.serializers.save.ms,1771494655205000000,1771494715236000000,0
workspaceModel.mutableEntityStorage.changeLog.addReplaceEventForRemovedChild.ms,1771494655205000000,1771494715236000000,0
jps.load.project.to.empty.storage.ms,1771494655205000000,1771494715236000000,148
jps.modifiable.module.model.bridge.new.module.ms,1771494655205000000,1771494715236000000,13
workspaceModel.mutableEntityStorage.to.snapshot.ms,1771494655205000000,1771494715236000000,6
jps.global.get.libraries.ms,1771494655205000000,1771494715236000000,0
workspaceModel.mutableEntityStorage.instances.count,1771494655205000000,1771494715236000000,86
workspaceModel.mutableEntityStorage.entities.by.source.ms,1771494655205000000,1771494715236000000,0
workspaceModel.delayed.project.synchronizer.sync.ms,1771494655205000000,1771494715236000000,0
jps.modifiable.module.model.bridge.load.module.ms,1771494655205000000,1771494715236000000,0
workspaceModel.moduleBridge.update.option.ms,1771494655205000000,1771494715236000000,0
jps.save.global.entities.ms,1771494655205000000,1771494715236000000,0
jps.save.changed.project.entities.ms,1771494655205000000,1771494715236000000,0
jps.facet.change.listener.init.bridge.ms,1771494655205000000,1771494715236000000,7
workspaceModel.moduleManagerBridge.get.modules.ms,1771494655205000000,1771494715236000000,0
workspaceModel.moduleManagerBridge.load.module.ms,1771494655205000000,1771494715236000000,0
workspaceModel.moduleBridge.before.changed.ms,1771494655205000000,1771494715236000000,0
jps.module.iml.entities.serializer.load.entities.ms,1771494655205000000,1771494715236000000,32
workspaceModel.global.apply.state.to.project.builder.ms,1771494655205000000,1771494715236000000,6
workspaceModel.moduleBridge.facet.initialization.ms,1771494655205000000,1771494715236000000,0
jps.global.handle.before.change.events.ms,1771494655205000000,1771494715236000000,0
workspaceModel.mutableEntityStorage.put.entity.ms,1771494655205000000,1771494715236000000,47
workspaceModel.mutableEntityStorage.collect.changes.ms,1771494655205000000,1771494715236000000,0
workspaceModel.mutableEntityStorage.has.same.entities.ms,1771494655205000000,1771494715236000000,2
workspaceModel.global.updates.ms,1771494655205000000,1771494715236000000,46
workspaceModel.moduleManagerBridge.new.nonPersistent.module.ms,1771494655205000000,1771494715236000000,0
jps.artifact.entities.serializer.save.entities.ms,1771494655205000000,1771494715236000000,0
workspaceModel.mutableEntityStorage.hasReferrers.ms,1771494655205000000,1771494715236000000,0
jps.library.entities.serializer.load.entities.ms,1771494655205000000,1771494715236000000,2
jps.global.get.library.ms,1771494655205000000,1771494715236000000,0
workspaceModel.do.save.caches.ms,1771494655205000000,1771494715236000000,86
workspaceModel.moduleManagerBridge.newModule.ms,1771494655205000000,1771494715236000000,27
jps.global.initialize.library.bridges.ms,1771494655205000000,1771494715236000000,0
jps.app.storage.content.reader.load.component.ms,1771494655205000000,1771494715236000000,0
workspaceModel.mutableEntityStorage.entities.ms,1771494655205000000,1771494715236000000,1
workspaceModel.moduleManagerBridge.load.all.modules.ms,1771494655205000000,1771494715236000000,2
jps.load.initial.state.ms,1771494655205000000,1771494715236000000,17
jps.module.iml.entities.serializer.save.entities.ms,1771494655205000000,1771494715236000000,0
workspaceModel.orphan.listener.update.ms,1771494655205000000,1771494715236000000,9
workspaceModel.load.cache.metadata.from.file.ms,1771494655205000000,1771494715236000000,0
jps.project.serializers.load.ms,1771494655205000000,1771494715236000000,63
jps.module.dependency.index.workspace.model.listener.on.changed.ms,1771494655205000000,1771494715236000000,3
jps.global.get.library.by.name.ms,1771494655205000000,1771494715236000000,0
Indexes.stubs.lookupDurationAvgMs,1771494655205000000,1771494715236000000,0.027637212923316466
Indexing.writer_1.totalTimeSpentWritingMs,1771494655205000000,1771494715236000000,1046
Indexes.allKeys.lookups,1771494655205000000,1771494715236000000,2
Indexes.allKeys.lookupDuration90PMs,1771494655205000000,1771494715236000000,13.0
Indexes.entries.lookups,1771494655205000000,1771494715236000000,20
Indexes.stubs.lookupDurationMaxMs,1771494655205000000,1771494715236000000,19.0
Indexes.stubs.lookups,1771494655205000000,1771494715236000000,2569
Indexes.allKeys.lookupDurationAvgMs,1771494655205000000,1771494715236000000,6.5
Indexes.entries.lookupDurationMaxMs,1771494655205000000,1771494715236000000,25.0
Indexing.writesQueuedMax,1771494655205000000,1771494715236000000,1228
Indexing.cache.totalCacheMisses,1771494655205000000,1771494715236000000,916250
Indexes.allKeys.lookupDurationMaxMs,1771494655205000000,1771494715236000000,13.0
Indexes.stubs.lookupDuration90PMs,1771494655205000000,1771494715236000000,0.0
Indexing.writer_2.totalTimeSpentWritingMs,1771494655205000000,1771494715236000000,2489
Indexing.writer_3.totalTimeSpentWritingMs,1771494655205000000,1771494715236000000,3819
Indexing.writer_0.totalTimeSpentWritingMs,1771494655205000000,1771494715236000000,1045
Indexing.cache.totalCacheEvicted,1771494655205000000,1771494715236000000,915116
Indexing.cache.totalCacheAccesses,1771494655205000000,1771494715236000000,2682393
Indexing.writesQueuedMin,1771494655205000000,1771494715236000000,0
Indexes.entries.lookupDurationAvgMs,1771494655205000000,1771494715236000000,1.5
Indexing.writesQueuedAvg,1771494655205000000,1771494715236000000,34.321100917431195
Indexes.entries.lookupDuration90PMs,1771494655205000000,1771494715236000000,1.0
Indexing.totalTimeIndexersSleptMs,1771494655205000000,1771494715236000000,5646
StorageLockContext.competingThreads.90P,1771494655205000000,1771494715236000000,0
MappedFileStorage.totalBytesMapped,1771494655205000000,1771494715236000000,202637312
DirectByteBufferAllocator.reclaimed,1771494655205000000,1771494715236000000,510
StorageLockContext.competingThreads.max,1771494655205000000,1771494715236000000,3
StreamlinedBlobStorage.recordsRelocated,1771494655205000000,1771494715236000000,0
FilePageCache.totalPageDisposalsUs,1771494655205000000,1771494715236000000,674
MappedFileStorage.totalTimeSpentOnMappingUs,1771494655205000000,1771494715236000000,157833
FilePageCache.capacityInBytes,1771494655205000000,1771494715236000000,629145600
StreamlinedBlobStorage.recordsDeleted,1771494655205000000,1771494715236000000,7
StreamlinedBlobStorage.totalLiveRecordsCapacityBytes,1771494655205000000,1771494715236000000,5899901
FilePageCache.totalPageLoadsUs,1771494655205000000,1771494715236000000,691430
FilePageCache.maxCacheSizeInBytes,1771494655205000000,1771494715236000000,629145600
FilePageCache.disposedBuffers,1771494655205000000,1771494715236000000,510
MappedFileStorage.storages,1771494655205000000,1771494715236000000,16
DirectByteBufferAllocator.disposed,1771494655205000000,1771494715236000000,0
DirectByteBufferAllocator.totalSizeOfBuffersCachedInBytes,1771494655205000000,1771494715236000000,1048576
StreamlinedBlobStorage.recordsAllocated,1771494655205000000,1771494715236000000,69052
MappedFileStorage.totalPagesMapped,1771494655205000000,1771494715236000000,16
StreamlinedBlobStorage.totalLiveRecordsPayloadBytes,1771494655205000000,1771494715236000000,2999929
FilePageCache.pageLoads,1771494655205000000,1771494715236000000,602
FilePageCache.pageHits,1771494655205000000,1771494715236000000,0
DirectByteBufferAllocator.totalSizeOfBuffersAllocatedInBytes,1771494655205000000,1771494715236000000,630194176
DirectByteBufferAllocator.misses,1771494655205000000,1771494715236000000,601
FilePageCache.pageLoadsAboveSizeThreshold,1771494655205000000,1771494715236000000,508
StorageLockContext.competingThreads.avg,1771494655205000000,1771494715236000000,0.05084745762711865
FilePageCache.pageFastCacheHits,1771494655205000000,1771494715236000000,3229189
FileChannelInterruptsRetryer.totalRetriedAttempts,1771494655205000000,1771494715236000000,0
DirectByteBufferAllocator.hits,1771494655205000000,1771494715236000000,509
FilePageCache.uncachedFileAccess,1771494655205000000,1771494715236000000,1988
FilePageCache.maxRegisteredFiles,1771494655205000000,1771494715236000000,1824
JVM.usedHeapBytes,1771494655205000000,1771494715236000000,617144344
MEM.fileMappingsRamBytes,1771494655205000000,1771494715236000000,682573824
JVM.totalTimeToSafepointsMs,1771494655205000000,1771494715236000000,395
JVM.usedNativeBytes,1771494655205000000,1771494715236000000,467352344
JVM.GC.collectionTimesMs,1771494655205000000,1771494715236000000,454
MEM.ramPlusSwapMinusFileMappingsBytes,1771494655205000000,1771494715236000000,2817196032
JVM.maxThreadCount,1771494655205000000,1771494715236000000,291
JVM.totalSafepointCount,1771494655205000000,1771494715236000000,413
MEM.ramMinusFileMappingsBytes,1771494655205000000,1771494715236000000,2817196032
JVM.GC.collections,1771494655205000000,1771494715236000000,49
JVM.newThreadsCount,1771494655205000000,1771494715236000000,399
JVM.totalTimeAtSafepointsMs,1771494655205000000,1771494715236000000,622
JVM.totalBytesAllocated,1771494655205000000,1771494715236000000,10658478120
JVM.threadCount,1771494655205000000,1771494715236000000,159
JVM.totalCpuTimeMs,1771494655205000000,1771494715236000000,92520
MEM.ramBytes,1771494655205000000,1771494715236000000,3499769856
JVM.totalDirectByteBuffersBytes,1771494655205000000,1771494715236000000,655591692
JVM.maxHeapBytes,1771494655205000000,1771494715236000000,28840034304
OS.loadAverage,1771494655205000000,1771494715236000000,2.71435546875
JVM.committedHeapBytes,1771494655205000000,1771494715236000000,1442840576
writeAction.max.wait.ms,1771494655205000000,1771494715236000000,13
lexer.Groovy.time.ns,1771494655205000000,1771494715236000000,3485499
lexer.HTML.size.bytes,1771494655205000000,1771494715236000000,2840037
lexer.ECMAScript.6.size.bytes,1771494655205000000,1771494715236000000,4541003
parser.JAVA.size.bytes,1771494655205000000,1771494715236000000,647955
parser.SCSS.size.bytes,1771494655205000000,1771494715236000000,21698
DiskQueryRelay.taskWaitingTotalTimeUs,1771494655205000000,1771494715236000000,13518071
lexer.ECMAScript.6.time.ns,1771494655205000000,1771494715236000000,97098045
DiskQueryRelay.tasksRequested,1771494655205000000,1771494715236000000,54760
parser.JAVA.time.ns,1771494655205000000,1771494715236000000,371564417
parser.Groovy.time.ns,1771494655205000000,1771494715236000000,84543920
writeAction.wait.ms,1771494655205000000,1771494715236000000,77
lexer.Groovy.size.bytes,1771494655205000000,1771494715236000000,12777
lexer.SCSS.time.ns,1771494655205000000,1771494715236000000,16560755
lexer.XML.size.bytes,1771494655205000000,1771494715236000000,39199
lexer.JAVA.size.bytes,1771494655205000000,1771494715236000000,431296
parser.CSS.time.ns,1771494655205000000,1771494715236000000,942876612
parser.Lombok.Config.size.bytes,1771494655205000000,1771494715236000000,137
lexer.Lombok.Config.time.ns,1771494655205000000,1771494715236000000,74583
parser.ECMAScript.6.time.ns,1771494655205000000,1771494715236000000,813217512
parser.SCSS.time.ns,1771494655205000000,1771494715236000000,52606044
parser.Flow.JS.time.ns,1771494655205000000,1771494715236000000,337709459
parser.JSON.size.bytes,1771494655205000000,1771494715236000000,503
parser.XML.size.bytes,1771494655205000000,1771494715236000000,39199
lexer.JSON.time.ns,1771494655205000000,1771494715236000000,4542875
parser.Groovy.size.bytes,1771494655205000000,1771494715236000000,12777
parser.ECMAScript.6.size.bytes,1771494655205000000,1771494715236000000,16259602
lexer.CSS.time.ns,1771494655205000000,1771494715236000000,298374350
lexer.Flow.JS.time.ns,1771494655205000000,1771494715236000000,24884333
lexer.SCSS.size.bytes,1771494655205000000,1771494715236000000,21698
parser.JSON.time.ns,1771494655205000000,1771494715236000000,7443542
lexer.JAVA.time.ns,1771494655205000000,1771494715236000000,50429629
lexer.JSON.size.bytes,1771494655205000000,1771494715236000000,503
LowMemory.gcLoad,1771494655205000000,1771494715236000000,0.0
parser.HTML.size.bytes,1771494655205000000,1771494715236000000,2840037
lexer.XML.time.ns,1771494655205000000,1771494715236000000,2012832
parser.XML.time.ns,1771494655205000000,1771494715236000000,8907791
parser.Flow.JS.size.bytes,1771494655205000000,1771494715236000000,140172
DiskQueryRelay.taskExecutionTotalTimeUs,1771494655205000000,1771494715236000000,10353747
lexer.HTML.time.ns,1771494655205000000,1771494715236000000,721527166
lexer.Flow.JS.size.bytes,1771494655205000000,1771494715236000000,140172
parser.HTML.time.ns,1771494655205000000,1771494715236000000,350600753
LowMemory.gcOverloaded,1771494655205000000,1771494715236000000,0
parser.CSS.size.bytes,1771494655205000000,1771494715236000000,13778011
lexer.CSS.size.bytes,1771494655205000000,1771494715236000000,13778011
writeAction.count,1771494655205000000,1771494715236000000,74
writeAction.median.wait.ms,1771494655205000000,1771494715236000000,0
parser.Lombok.Config.time.ns,1771494655205000000,1771494715236000000,202541
lexer.Lombok.Config.size.bytes,1771494655205000000,1771494715236000000,137
DiskQueryRelay.tasksExecuted,1771494655205000000,1771494715236000000,54759
cacheStateStorage.get.counter,1771494655205000000,1771494715236000000,18
cacheStateStorage.set.counter,1771494655205000000,1771494715236000000,3
cacheStateStorage.set.duration,1771494655205000000,1771494715236000000,24
cacheStateStorage.get.duration,1771494655205000000,1771494715236000000,0
compiler.ArtifactModifiableModelBridge.getArtifacts.ms,1771494655205000000,1771494715236000000,0
compiler.ArtifactManagerBridge.findArtifact.ms,1771494655205000000,1771494715236000000,0
compiler.ArtifactVirtualFileListener.propertyChanged.ms,1771494655205000000,1771494715236000000,0
compiler.ArtifactManagerBridge.getArtifacts.ms,1771494655205000000,1771494715236000000,0
compiler.ArtifactManagerBridge.dropMappings.ms,1771494655205000000,1771494715236000000,0
compiler.ArtifactModifiableModelBridge.addArtifact.ms,1771494655205000000,1771494715236000000,0
compiler.ArtifactModifiableModelBridge.dispose.ms,1771494655205000000,1771494715236000000,0
compiler.ArtifactManagerBridge.commit.ms,1771494655205000000,1771494715236000000,3
compiler.ArtifactManagerBridge.getArtifactsByType.ms,1771494655205000000,1771494715236000000,0
compiler.ArtifactModifiableModelBridge.commit.ms,1771494655205000000,1771494715236000000,3
compiler.ArtifactModifiableModelBridge.findArtifacts.ms,1771494655205000000,1771494715236000000,0
compiler.ArtifactManagerBridge.addArtifact.ms,1771494655205000000,1771494715236000000,0
compiler.ArtifactModifiableModelBridge.getArtifactsByType.ms,1771494655205000000,1771494715236000000,0
compiler.ArtifactManagerBridge.initBridges.ms,1771494655205000000,1771494715236000000,0
compiler.ArtifactVirtualFileListener.filePathChanged.ms,1771494655205000000,1771494715236000000,0
VFS.invertedFileNameIndex.requests,1771494655205000000,1771494715236000000,12
VFS.contentStorage.recordsStoredSize,1771494655205000000,1771494715236000000,225707
VFS.cache.segmentsCreated,1771494655205000000,1771494715236000000,170
VFS.fileChildByName,1771494655205000000,1771494715236000000,18572
FileNameCache.totalMisses,1771494655205000000,1771494715236000000,27584
VFS.fileByIdCache.hits,1771494655205000000,1771494715236000000,1
VFS.contentStorage.recordsStored,1771494655205000000,1771494715236000000,44
VFS.contentStorage.recordsReadDecompressed,1771494655205000000,1771494715236000000,11
VFS.contentStorage.recordsDeduplicated,1771494655205000000,1771494715236000000,17
VFS.contentStorage.recordsUncompressedSize,1771494655205000000,1771494715236000000,458036
VFS.cache.filesCreated,1771494655205000000,1771494715236000000,141864
VFS.cache.directoriesCreated,1771494655205000000,1771494715236000000,4658
FileNameCache.queries,1771494655205000000,1771494715236000000,6555904
VFS.cache.segments,1771494655205000000,1771494715236000000,168.0
VFS.rootsCount,1771494655205000000,1771494715236000000,210.0
VFS.contentStorage.recordsStoredCompressed,1771494655205000000,1771494715236000000,6
VFS.folderCaseSensitivityReads,1771494655205000000,1771494715236000000,393
VFS.contentStorage.recordsRead,1771494655205000000,1771494715236000000,32
VFS.contentStorage.recordsReadSize,1771494655205000000,1771494715236000000,886421
VFS.fileByIdCache.misses,1771494655205000000,1771494715236000000,39
VFS.contentStorage.recordsDecompressionTimeUs,1771494655205000000,1771494715236000000,18037
workspaceModel.workspaceFileIndexData.markDirty.ms,1771494655205000000,1771494715236000000,0
workspaceModel.cachedValue.clear.count,1771494655205000000,1771494715236000000,2
workspaceModel.updates.ms,1771494655205000000,1771494715236000000,224
workspaceModel.workspaceFileIndexData.getDirectoriesByPackageName.ms,1771494655205000000,1771494715236000000,0
workspaceModel.workspaceFileIndexData.getPackageName.ms,1771494655205000000,1771494715236000000,0
workspaceModel.cachedValue.from.cache.count,1771494655205000000,1771494715236000000,8539
workspaceModel.init.bridges.ms,1771494655205000000,1771494715236000000,29
workspaceModel.cachedValueWithParameters.from.cache.count,1771494655205000000,1771494715236000000,0
workspaceModel.check.recursive.update.ms,1771494655205000000,1771494715236000000,2
workspaceModel.workspaceFileIndexContributor.registerFileSets.ms,1771494655205000000,1771494715236000000,41
workspaceModel.on.before.changed.ms,1771494655205000000,1771494715236000000,93
workspaceModel.workspaceFileIndexData.onEntitiesChanged.ms,1771494655205000000,1771494715236000000,47
workspaceModel.workspaceFileIndexData.visitFileSets.ms,1771494655205000000,1771494715236000000,141
workspaceModel.update.unloaded.entities.ms,1771494655205000000,1771494715236000000,0
workspaceModel.cachedValue.total.get.count,1771494655205000000,1771494715236000000,8695
workspaceModel.updates.count,1771494655205000000,1771494715236000000,17
workspaceModel.workspaceFileIndexData.init.ms,1771494655205000000,1771494715236000000,2
workspaceModel.cachedValue.calculated.count,1771494655205000000,1771494715236000000,156
workspaceModel.workspaceFileIndexData.getFileInfo.ms,1771494655205000000,1771494715236000000,459
workspaceModel.replace.project.model.ms,1771494655205000000,1771494715236000000,56
workspaceModel.loading.from.cache.ms,1771494655205000000,1771494715236000000,1
workspaceModel.workspaceFileIndexData.processFileSets.ms,1771494655205000000,1771494715236000000,0
workspaceModel.to.snapshot.ms,1771494655205000000,1771494715236000000,1
workspaceModel.cachedValueWithParameters.total.get.count,1771494655205000000,1771494715236000000,0
workspaceModel.loading.total.ms,1771494655205000000,1771494715236000000,3
workspaceModel.entityStorageSnapshotImpl.instances.count,1771494655205000000,1771494715236000000,62
workspaceModel.cachedValueWithParameters.clear.count,1771494655205000000,1771494715236000000,0
workspaceModel.initializing.ms,1771494655205000000,1771494715236000000,26
workspaceModel.full.replace.project.model.ms,1771494655205000000,1771494715236000000,80
workspaceModel.on.changed.ms,1771494655205000000,1771494715236000000,159
workspaceModel.workspaceFileIndexData.instances.count,1771494655205000000,1771494715236000000,1
workspaceModel.workspaceFileIndexData.updateDirtyEntities.ms,1771494655205000000,1771494715236000000,0
workspaceModel.cachedValueWithParameters.calculated.count,1771494655205000000,1771494715236000000,0
workspaceModel.pre.handlers.ms,1771494655205000000,1771494715236000000,1
workspaceModel.collect.changes.ms,1771494655205000000,1771494715236000000,0
workspaceModel.updates.precise.ms,1771494655205000000,1771494715236000000,23
FlushQueue.tasksExecuted,1771494715236000000,1771494775235000000,1268
FlushQueue.queueSizeAvg,1771494715236000000,1771494775235000000,3.805205047318612
WriteAction.executionsCount,1771494715236000000,1771494775235000000,29
FlushQueue.waitingTimeMaxNs,1771494715236000000,1771494775235000000,42467327
FlushQueue.waitingTimeAvgNs,1771494715236000000,1771494775235000000,569616.3067823343
NonBlockingReadAction.failedExecutionsCount,1771494715236000000,1771494775235000000,10
NonBlockingReadAction.finalizedExecutionsCount,1771494715236000000,1771494775235000000,20
FlushQueue.waitingTime90PNs,1771494715236000000,1771494775235000000,675839
AWTEventQueue.dispatchTime90PNs,1771494715236000000,1771494775235000000,536575
FlushQueue.queueSize90P,1771494715236000000,1771494775235000000,11
FlushQueue.executionTimeAvgNs,1771494715236000000,1771494775235000000,210113.48264984228
ReadAction.executionsCount,1771494715236000000,1771494775235000000,179813
FlushQueue.queueSizeMax,1771494715236000000,1771494775235000000,22
NonBlockingReadAction.failedExecutionTimeUs,1771494715236000000,1771494775235000000,9089
AWTEventQueue.dispatchTimeMaxNs,1771494715236000000,1771494775235000000,43253759
AWTEventQueue.dispatchTimeAvgNs,1771494715236000000,1771494775235000000,453689.8176870748
NonBlockingReadAction.finalizedExecutionTimeUs,1771494715236000000,1771494775235000000,26838
AWTEventQueue.eventsDispatched,1771494715236000000,1771494775235000000,735
AWTEventQueue.dispatchTimeTotalNS,1771494715236000000,1771494775235000000,333333870
FlushQueue.executionTime90PNs,1771494715236000000,1771494775235000000,286719
FlushQueue.executionTimeMaxNs,1771494715236000000,1771494775235000000,42467327
workspaceModel.mutableEntityStorage.add.entity.ms,1771494715236000000,1771494775235000000,10
jps.storage.jps.conf.reader.load.component.ms,1771494715236000000,1771494775235000000,0
jps.apply.loaded.storage.ms,1771494715236000000,1771494775235000000,0
jps.reload.project.entities.ms,1771494715236000000,1771494775235000000,0
workspaceModel.mutableEntityStorage.remove.entity.ms,1771494715236000000,1771494775235000000,0
workspaceModel.moduleManagerBridge.create.module.instance.ms,1771494715236000000,1771494775235000000,0
workspaceModel.mutableEntityStorage.replace.by.source.ms,1771494715236000000,1771494775235000000,11
workspaceModel.mutableEntityStorage.mutable.ext.mapping.ms,1771494715236000000,1771494775235000000,0
workspaceModel.load.cache.from.file.ms,1771494715236000000,1771494775235000000,0
workspaceModel.moduleBridgeLoader.loading.modules.ms,1771494715236000000,1771494775235000000,0
workspaceModel.mutableEntityStorage.modify.entity.ms,1771494715236000000,1771494775235000000,19
workspaceModel.moduleManagerBridge.build.module.graph.ms,1771494715236000000,1771494775235000000,0
jps.modifiable.module.model.bridge.disposing.ms,1771494715236000000,1771494775235000000,0
jps.modifiable.module.model.bridge.renaming.ms,1771494715236000000,1771494775235000000,0
workspaceModel.moduleManagerBridge.set.unloadedModules.ms,1771494715236000000,1771494775235000000,0
workspaceModel.sync.entities.ms,1771494715236000000,1771494775235000000,0
workspaceModel.mutableEntityStorage.referrers.ms,1771494715236000000,1771494775235000000,0
jps.facet.change.listener.before.change.events.ms,1771494715236000000,1771494775235000000,0
workspaceModel.mutableEntityStorage.mutable.vfurl.index.ms,1771494715236000000,1771494775235000000,0
workspaceModel.global.updates.count,1771494715236000000,1771494775235000000,0
jps.library.entities.serializer.save.entities.ms,1771494715236000000,1771494775235000000,0
workspaceModel.mutableEntityStorage.changeLog.addReplaceEventForNewParent.ms,1771494715236000000,1771494775235000000,0
jps.global.handle.changed.events.ms,1771494715236000000,1771494775235000000,0
workspaceModel.mutableEntityStorage.changeLog.addReplaceEventForNewChild.ms,1771494715236000000,1771494775235000000,0
workspaceModel.mutableEntityStorage.resolve.ms,1771494715236000000,1771494775235000000,1
workspaceModel.mutableEntityStorage.apply.changes.from.ms,1771494715236000000,1771494775235000000,0
jps.global.initialize.library.bridges.after.loading.ms,1771494715236000000,1771494775235000000,0
workspaceModel.save.cache.to.file.ms,1771494715236000000,1771494775235000000,18
jps.artifact.entities.serializer.load.entities.ms,1771494715236000000,1771494775235000000,0
workspaceModel.mutableEntityStorage.changeLog.addReplaceEventForRemovedParent.ms,1771494715236000000,1771494775235000000,0
jps.facet.change.listener.process.change.events.ms,1771494715236000000,1771494775235000000,0
workspaceModel.global.apply.state.to.project.ms,1771494715236000000,1771494775235000000,0
jps.project.serializers.save.ms,1771494715236000000,1771494775235000000,0
workspaceModel.mutableEntityStorage.changeLog.addReplaceEventForRemovedChild.ms,1771494715236000000,1771494775235000000,0
jps.load.project.to.empty.storage.ms,1771494715236000000,1771494775235000000,0
jps.modifiable.module.model.bridge.new.module.ms,1771494715236000000,1771494775235000000,0
workspaceModel.mutableEntityStorage.to.snapshot.ms,1771494715236000000,1771494775235000000,1
jps.global.get.libraries.ms,1771494715236000000,1771494775235000000,0
workspaceModel.mutableEntityStorage.instances.count,1771494715236000000,1771494775235000000,5
workspaceModel.mutableEntityStorage.entities.by.source.ms,1771494715236000000,1771494775235000000,0
workspaceModel.delayed.project.synchronizer.sync.ms,1771494715236000000,1771494775235000000,0
jps.modifiable.module.model.bridge.load.module.ms,1771494715236000000,1771494775235000000,0
workspaceModel.moduleBridge.update.option.ms,1771494715236000000,1771494775235000000,0
jps.save.global.entities.ms,1771494715236000000,1771494775235000000,0
jps.save.changed.project.entities.ms,1771494715236000000,1771494775235000000,0
jps.facet.change.listener.init.bridge.ms,1771494715236000000,1771494775235000000,0
workspaceModel.moduleManagerBridge.get.modules.ms,1771494715236000000,1771494775235000000,0
workspaceModel.moduleManagerBridge.load.module.ms,1771494715236000000,1771494775235000000,0
workspaceModel.moduleBridge.before.changed.ms,1771494715236000000,1771494775235000000,0
jps.module.iml.entities.serializer.load.entities.ms,1771494715236000000,1771494775235000000,0
workspaceModel.global.apply.state.to.project.builder.ms,1771494715236000000,1771494775235000000,0
workspaceModel.moduleBridge.facet.initialization.ms,1771494715236000000,1771494775235000000,0
jps.global.handle.before.change.events.ms,1771494715236000000,1771494775235000000,0
workspaceModel.mutableEntityStorage.put.entity.ms,1771494715236000000,1771494775235000000,5
workspaceModel.mutableEntityStorage.collect.changes.ms,1771494715236000000,1771494775235000000,0
workspaceModel.mutableEntityStorage.has.same.entities.ms,1771494715236000000,1771494775235000000,0
workspaceModel.global.updates.ms,1771494715236000000,1771494775235000000,0
workspaceModel.moduleManagerBridge.new.nonPersistent.module.ms,1771494715236000000,1771494775235000000,0
jps.artifact.entities.serializer.save.entities.ms,1771494715236000000,1771494775235000000,0
workspaceModel.mutableEntityStorage.hasReferrers.ms,1771494715236000000,1771494775235000000,0
jps.library.entities.serializer.load.entities.ms,1771494715236000000,1771494775235000000,0
jps.global.get.library.ms,1771494715236000000,1771494775235000000,0
workspaceModel.do.save.caches.ms,1771494715236000000,1771494775235000000,22
workspaceModel.moduleManagerBridge.newModule.ms,1771494715236000000,1771494775235000000,0
jps.global.initialize.library.bridges.ms,1771494715236000000,1771494775235000000,0
jps.app.storage.content.reader.load.component.ms,1771494715236000000,1771494775235000000,0
workspaceModel.mutableEntityStorage.entities.ms,1771494715236000000,1771494775235000000,0
workspaceModel.moduleManagerBridge.load.all.modules.ms,1771494715236000000,1771494775235000000,0
jps.load.initial.state.ms,1771494715236000000,1771494775235000000,0
jps.module.iml.entities.serializer.save.entities.ms,1771494715236000000,1771494775235000000,0
workspaceModel.orphan.listener.update.ms,1771494715236000000,1771494775235000000,0
workspaceModel.load.cache.metadata.from.file.ms,1771494715236000000,1771494775235000000,0
jps.project.serializers.load.ms,1771494715236000000,1771494775235000000,0
jps.module.dependency.index.workspace.model.listener.on.changed.ms,1771494715236000000,1771494775235000000,0
jps.global.get.library.by.name.ms,1771494715236000000,1771494775235000000,0
Indexes.stubs.lookupDurationAvgMs,1771494715236000000,1771494775235000000,0.0
Indexing.writer_1.totalTimeSpentWritingMs,1771494715236000000,1771494775235000000,148
Indexes.allKeys.lookups,1771494715236000000,1771494775235000000,0
Indexes.allKeys.lookupDuration90PMs,1771494715236000000,1771494775235000000,0.0
Indexes.entries.lookups,1771494715236000000,1771494775235000000,5
Indexes.stubs.lookupDurationMaxMs,1771494715236000000,1771494775235000000,0.0
Indexes.stubs.lookups,1771494715236000000,1771494775235000000,0
Indexes.allKeys.lookupDurationAvgMs,1771494715236000000,1771494775235000000,0.0
Indexes.entries.lookupDurationMaxMs,1771494715236000000,1771494775235000000,1.0
Indexing.writesQueuedMax,1771494715236000000,1771494775235000000,44
Indexing.cache.totalCacheMisses,1771494715236000000,1771494775235000000,579892
Indexes.allKeys.lookupDurationMaxMs,1771494715236000000,1771494775235000000,0.0
Indexes.stubs.lookupDuration90PMs,1771494715236000000,1771494775235000000,0.0
Indexing.writer_2.totalTimeSpentWritingMs,1771494715236000000,1771494775235000000,1296
Indexing.writer_3.totalTimeSpentWritingMs,1771494715236000000,1771494775235000000,1049
Indexing.writer_0.totalTimeSpentWritingMs,1771494715236000000,1771494775235000000,151
Indexing.cache.totalCacheEvicted,1771494715236000000,1771494775235000000,579892
Indexing.cache.totalCacheAccesses,1771494715236000000,1771494775235000000,1197255
Indexing.writesQueuedMin,1771494715236000000,1771494775235000000,0
Indexes.entries.lookupDurationAvgMs,1771494715236000000,1771494775235000000,0.2
Indexing.writesQueuedAvg,1771494715236000000,1771494775235000000,0.8181818181818182
Indexes.entries.lookupDuration90PMs,1771494715236000000,1771494775235000000,1.0
Indexing.totalTimeIndexersSleptMs,1771494715236000000,1771494775235000000,0
StorageLockContext.competingThreads.90P,1771494715236000000,1771494775235000000,0
MappedFileStorage.totalBytesMapped,1771494715236000000,1771494775235000000,202637312
DirectByteBufferAllocator.reclaimed,1771494715236000000,1771494775235000000,23
StorageLockContext.competingThreads.max,1771494715236000000,1771494775235000000,1
StreamlinedBlobStorage.recordsRelocated,1771494715236000000,1771494775235000000,0
FilePageCache.totalPageDisposalsUs,1771494715236000000,1771494775235000000,12
MappedFileStorage.totalTimeSpentOnMappingUs,1771494715236000000,1771494775235000000,157833
FilePageCache.capacityInBytes,1771494715236000000,1771494775235000000,629145600
StreamlinedBlobStorage.recordsDeleted,1771494715236000000,1771494775235000000,2
StreamlinedBlobStorage.totalLiveRecordsCapacityBytes,1771494715236000000,1771494775235000000,2199314
FilePageCache.totalPageLoadsUs,1771494715236000000,1771494775235000000,8724
FilePageCache.maxCacheSizeInBytes,1771494715236000000,1771494775235000000,629145600
FilePageCache.disposedBuffers,1771494715236000000,1771494775235000000,23
MappedFileStorage.storages,1771494715236000000,1771494775235000000,16
DirectByteBufferAllocator.disposed,1771494715236000000,1771494775235000000,0
DirectByteBufferAllocator.totalSizeOfBuffersCachedInBytes,1771494715236000000,1771494775235000000,1048576
StreamlinedBlobStorage.recordsAllocated,1771494715236000000,1771494775235000000,31213
MappedFileStorage.totalPagesMapped,1771494715236000000,1771494775235000000,16
StreamlinedBlobStorage.totalLiveRecordsPayloadBytes,1771494715236000000,1771494775235000000,417170
FilePageCache.pageLoads,1771494715236000000,1771494775235000000,0
FilePageCache.pageHits,1771494715236000000,1771494775235000000,36193
DirectByteBufferAllocator.totalSizeOfBuffersAllocatedInBytes,1771494715236000000,1771494775235000000,630194176
DirectByteBufferAllocator.misses,1771494715236000000,1771494775235000000,0
FilePageCache.pageLoadsAboveSizeThreshold,1771494715236000000,1771494775235000000,23
StorageLockContext.competingThreads.avg,1771494715236000000,1771494775235000000,0.008403361344537815
FilePageCache.pageFastCacheHits,1771494715236000000,1771494775235000000,2559290
FileChannelInterruptsRetryer.totalRetriedAttempts,1771494715236000000,1771494775235000000,0
DirectByteBufferAllocator.hits,1771494715236000000,1771494775235000000,23
FilePageCache.uncachedFileAccess,1771494715236000000,1771494775235000000,140
FilePageCache.maxRegisteredFiles,1771494715236000000,1771494775235000000,1824
JVM.usedHeapBytes,1771494715236000000,1771494775235000000,825613032
MEM.fileMappingsRamBytes,1771494715236000000,1771494775235000000,688017408
JVM.totalTimeToSafepointsMs,1771494715236000000,1771494775235000000,16
JVM.usedNativeBytes,1771494715236000000,1771494775235000000,461496248
JVM.GC.collectionTimesMs,1771494715236000000,1771494775235000000,100
MEM.ramPlusSwapMinusFileMappingsBytes,1771494715236000000,1771494775235000000,3128684544
JVM.maxThreadCount,1771494715236000000,1771494775235000000,291
JVM.totalSafepointCount,1771494715236000000,1771494775235000000,73
MEM.ramMinusFileMappingsBytes,1771494715236000000,1771494775235000000,3128684544
JVM.GC.collections,1771494715236000000,1771494775235000000,7
JVM.newThreadsCount,1771494715236000000,1771494775235000000,40
JVM.totalTimeAtSafepointsMs,1771494715236000000,1771494775235000000,111
JVM.totalBytesAllocated,1771494715236000000,1771494775235000000,4082827624
JVM.threadCount,1771494715236000000,1771494775235000000,84
JVM.totalCpuTimeMs,1771494715236000000,1771494775235000000,21680
MEM.ramBytes,1771494715236000000,1771494775235000000,3816701952
JVM.totalDirectByteBuffersBytes,1771494715236000000,1771494775235000000,637659529
JVM.maxHeapBytes,1771494715236000000,1771494775235000000,28840034304
OS.loadAverage,1771494715236000000,1771494775235000000,2.46435546875
JVM.committedHeapBytes,1771494715236000000,1771494775235000000,1744830464
writeAction.max.wait.ms,1771494715236000000,1771494775235000000,13
lexer.HTML.size.bytes,1771494715236000000,1771494775235000000,325058
lexer.ECMAScript.6.size.bytes,1771494715236000000,1771494775235000000,99667
parser.JAVA.size.bytes,1771494715236000000,1771494775235000000,231409
DiskQueryRelay.taskWaitingTotalTimeUs,1771494715236000000,1771494775235000000,5063345
lexer.ECMAScript.6.time.ns,1771494715236000000,1771494775235000000,2186959
DiskQueryRelay.tasksRequested,1771494715236000000,1771494775235000000,48884
parser.JAVA.time.ns,1771494715236000000,1771494775235000000,74355101
writeAction.wait.ms,1771494715236000000,1771494775235000000,39
lexer.XML.size.bytes,1771494715236000000,1771494775235000000,429637
lexer.JAVA.size.bytes,1771494715236000000,1771494775235000000,151620
lexer.FTL..time.ns,1771494715236000000,1771494775235000000,547500
parser.CSS.time.ns,1771494715236000000,1771494775235000000,4533831
parser.ECMAScript.6.time.ns,1771494715236000000,1771494775235000000,23103234
parser.XML.size.bytes,1771494715236000000,1771494775235000000,429637
parser.ECMAScript.6.size.bytes,1771494715236000000,1771494775235000000,410371
parser.FTL..size.bytes,1771494715236000000,1771494775235000000,1440
lexer.CSS.time.ns,1771494715236000000,1771494775235000000,1967169
lexer.FTL..size.bytes,1771494715236000000,1771494775235000000,1440
lexer.JAVA.time.ns,1771494715236000000,1771494775235000000,3289506
LowMemory.gcLoad,1771494715236000000,1771494775235000000,0.0
parser.HTML.size.bytes,1771494715236000000,1771494775235000000,325058
lexer.XML.time.ns,1771494715236000000,1771494775235000000,7923247
parser.FTL..time.ns,1771494715236000000,1771494775235000000,3136167
parser.XML.time.ns,1771494715236000000,1771494775235000000,26738419
DiskQueryRelay.taskExecutionTotalTimeUs,1771494715236000000,1771494775235000000,2587259
lexer.HTML.time.ns,1771494715236000000,1771494775235000000,119626418
parser.HTML.time.ns,1771494715236000000,1771494775235000000,22282375
LowMemory.gcOverloaded,1771494715236000000,1771494775235000000,0
parser.CSS.size.bytes,1771494715236000000,1771494775235000000,37413
lexer.CSS.size.bytes,1771494715236000000,1771494775235000000,37413
writeAction.count,1771494715236000000,1771494775235000000,29
writeAction.median.wait.ms,1771494715236000000,1771494775235000000,0
DiskQueryRelay.tasksExecuted,1771494715236000000,1771494775235000000,48881
cacheStateStorage.get.counter,1771494715236000000,1771494775235000000,1
cacheStateStorage.set.counter,1771494715236000000,1771494775235000000,1
cacheStateStorage.set.duration,1771494715236000000,1771494775235000000,0
cacheStateStorage.get.duration,1771494715236000000,1771494775235000000,0
compiler.ArtifactModifiableModelBridge.getArtifacts.ms,1771494715236000000,1771494775235000000,0
compiler.ArtifactManagerBridge.findArtifact.ms,1771494715236000000,1771494775235000000,0
compiler.ArtifactVirtualFileListener.propertyChanged.ms,1771494715236000000,1771494775235000000,0
compiler.ArtifactManagerBridge.getArtifacts.ms,1771494715236000000,1771494775235000000,0
compiler.ArtifactManagerBridge.dropMappings.ms,1771494715236000000,1771494775235000000,0
compiler.ArtifactModifiableModelBridge.addArtifact.ms,1771494715236000000,1771494775235000000,0
compiler.ArtifactModifiableModelBridge.dispose.ms,1771494715236000000,1771494775235000000,0
compiler.ArtifactManagerBridge.commit.ms,1771494715236000000,1771494775235000000,0
compiler.ArtifactManagerBridge.getArtifactsByType.ms,1771494715236000000,1771494775235000000,0
compiler.ArtifactModifiableModelBridge.commit.ms,1771494715236000000,1771494775235000000,3
compiler.ArtifactModifiableModelBridge.findArtifacts.ms,1771494715236000000,1771494775235000000,0
compiler.ArtifactManagerBridge.addArtifact.ms,1771494715236000000,1771494775235000000,0
compiler.ArtifactModifiableModelBridge.getArtifactsByType.ms,1771494715236000000,1771494775235000000,0
compiler.ArtifactManagerBridge.initBridges.ms,1771494715236000000,1771494775235000000,0
compiler.ArtifactVirtualFileListener.filePathChanged.ms,1771494715236000000,1771494775235000000,0
VFS.invertedFileNameIndex.requests,1771494715236000000,1771494775235000000,0
VFS.contentStorage.recordsStoredSize,1771494715236000000,1771494775235000000,74743
VFS.cache.segmentsCreated,1771494715236000000,1771494775235000000,62
VFS.fileChildByName,1771494715236000000,1771494775235000000,19906
FileNameCache.totalMisses,1771494715236000000,1771494775235000000,33600
VFS.fileByIdCache.hits,1771494715236000000,1771494775235000000,7
VFS.contentStorage.recordsStored,1771494715236000000,1771494775235000000,4
VFS.contentStorage.recordsReadDecompressed,1771494715236000000,1771494775235000000,8
VFS.contentStorage.recordsDeduplicated,1771494715236000000,1771494775235000000,0
VFS.contentStorage.recordsUncompressedSize,1771494715236000000,1771494775235000000,144053
VFS.cache.filesCreated,1771494715236000000,1771494775235000000,151565
VFS.cache.directoriesCreated,1771494715236000000,1771494775235000000,2441
FileNameCache.queries,1771494715236000000,1771494775235000000,2922048
VFS.cache.segments,1771494715236000000,1771494775235000000,230.0
VFS.rootsCount,1771494715236000000,1771494775235000000,317.0
VFS.contentStorage.recordsStoredCompressed,1771494715236000000,1771494775235000000,3
VFS.folderCaseSensitivityReads,1771494715236000000,1771494775235000000,275
VFS.contentStorage.recordsRead,1771494715236000000,1771494775235000000,12
VFS.contentStorage.recordsReadSize,1771494715236000000,1771494775235000000,399979
VFS.fileByIdCache.misses,1771494715236000000,1771494775235000000,0
VFS.contentStorage.recordsDecompressionTimeUs,1771494715236000000,1771494775235000000,852
workspaceModel.workspaceFileIndexData.markDirty.ms,1771494715236000000,1771494775235000000,0
workspaceModel.cachedValue.clear.count,1771494715236000000,1771494775235000000,0
workspaceModel.updates.ms,1771494715236000000,1771494775235000000,0
workspaceModel.workspaceFileIndexData.getDirectoriesByPackageName.ms,1771494715236000000,1771494775235000000,0
workspaceModel.workspaceFileIndexData.getPackageName.ms,1771494715236000000,1771494775235000000,0
workspaceModel.cachedValue.from.cache.count,1771494715236000000,1771494775235000000,8100
workspaceModel.init.bridges.ms,1771494715236000000,1771494775235000000,4
workspaceModel.cachedValueWithParameters.from.cache.count,1771494715236000000,1771494775235000000,0
workspaceModel.check.recursive.update.ms,1771494715236000000,1771494775235000000,0
workspaceModel.workspaceFileIndexContributor.registerFileSets.ms,1771494715236000000,1771494775235000000,154
workspaceModel.on.before.changed.ms,1771494715236000000,1771494775235000000,1
workspaceModel.workspaceFileIndexData.onEntitiesChanged.ms,1771494715236000000,1771494775235000000,13
workspaceModel.workspaceFileIndexData.visitFileSets.ms,1771494715236000000,1771494775235000000,0
workspaceModel.update.unloaded.entities.ms,1771494715236000000,1771494775235000000,0
workspaceModel.cachedValue.total.get.count,1771494715236000000,1771494775235000000,8227
workspaceModel.updates.count,1771494715236000000,1771494775235000000,0
workspaceModel.workspaceFileIndexData.init.ms,1771494715236000000,1771494775235000000,0
workspaceModel.cachedValue.calculated.count,1771494715236000000,1771494775235000000,127
workspaceModel.workspaceFileIndexData.getFileInfo.ms,1771494715236000000,1771494775235000000,150
workspaceModel.replace.project.model.ms,1771494715236000000,1771494775235000000,22
workspaceModel.loading.from.cache.ms,1771494715236000000,1771494775235000000,0
workspaceModel.workspaceFileIndexData.processFileSets.ms,1771494715236000000,1771494775235000000,0
workspaceModel.to.snapshot.ms,1771494715236000000,1771494775235000000,0
workspaceModel.cachedValueWithParameters.total.get.count,1771494715236000000,1771494775235000000,0
workspaceModel.loading.total.ms,1771494715236000000,1771494775235000000,0
workspaceModel.entityStorageSnapshotImpl.instances.count,1771494715236000000,1771494775235000000,4
workspaceModel.cachedValueWithParameters.clear.count,1771494715236000000,1771494775235000000,0
workspaceModel.initializing.ms,1771494715236000000,1771494775235000000,0
workspaceModel.full.replace.project.model.ms,1771494715236000000,1771494775235000000,0
workspaceModel.on.changed.ms,1771494715236000000,1771494775235000000,4
workspaceModel.workspaceFileIndexData.instances.count,1771494715236000000,1771494775235000000,0
workspaceModel.workspaceFileIndexData.updateDirtyEntities.ms,1771494715236000000,1771494775235000000,71
workspaceModel.cachedValueWithParameters.calculated.count,1771494715236000000,1771494775235000000,0
workspaceModel.pre.handlers.ms,1771494715236000000,1771494775235000000,0
workspaceModel.collect.changes.ms,1771494715236000000,1771494775235000000,0
workspaceModel.updates.precise.ms,1771494715236000000,1771494775235000000,0
FlushQueue.tasksExecuted,1771494775235000000,1771494835234000000,1355
FlushQueue.queueSizeAvg,1771494775235000000,1771494835234000000,3.5557195571955718
WriteAction.executionsCount,1771494775235000000,1771494835234000000,0
FlushQueue.waitingTimeMaxNs,1771494775235000000,1771494835234000000,1687551
FlushQueue.waitingTimeAvgNs,1771494775235000000,1771494835234000000,193799.43911439113
NonBlockingReadAction.failedExecutionsCount,1771494775235000000,1771494835234000000,0
NonBlockingReadAction.finalizedExecutionsCount,1771494775235000000,1771494835234000000,0
FlushQueue.waitingTime90PNs,1771494775235000000,1771494835234000000,339967
AWTEventQueue.dispatchTime90PNs,1771494775235000000,1771494835234000000,464895
FlushQueue.queueSize90P,1771494775235000000,1771494835234000000,9
FlushQueue.executionTimeAvgNs,1771494775235000000,1771494835234000000,57732.83247232472
ReadAction.executionsCount,1771494775235000000,1771494835234000000,5
FlushQueue.queueSizeMax,1771494775235000000,1771494835234000000,16
NonBlockingReadAction.failedExecutionTimeUs,1771494775235000000,1771494835234000000,0
AWTEventQueue.dispatchTimeMaxNs,1771494775235000000,1771494835234000000,1744895
AWTEventQueue.dispatchTimeAvgNs,1771494775235000000,1771494835234000000,196841.11111111112
NonBlockingReadAction.finalizedExecutionTimeUs,1771494775235000000,1771494835234000000,0
AWTEventQueue.eventsDispatched,1771494775235000000,1771494835234000000,648
AWTEventQueue.dispatchTimeTotalNS,1771494775235000000,1771494835234000000,127525868
FlushQueue.executionTime90PNs,1771494775235000000,1771494835234000000,224255
FlushQueue.executionTimeMaxNs,1771494775235000000,1771494835234000000,1433599
workspaceModel.mutableEntityStorage.add.entity.ms,1771494775235000000,1771494835234000000,0
jps.storage.jps.conf.reader.load.component.ms,1771494775235000000,1771494835234000000,0
jps.apply.loaded.storage.ms,1771494775235000000,1771494835234000000,0
jps.reload.project.entities.ms,1771494775235000000,1771494835234000000,0
workspaceModel.mutableEntityStorage.remove.entity.ms,1771494775235000000,1771494835234000000,0
workspaceModel.moduleManagerBridge.create.module.instance.ms,1771494775235000000,1771494835234000000,0
workspaceModel.mutableEntityStorage.replace.by.source.ms,1771494775235000000,1771494835234000000,0
workspaceModel.mutableEntityStorage.mutable.ext.mapping.ms,1771494775235000000,1771494835234000000,0
workspaceModel.load.cache.from.file.ms,1771494775235000000,1771494835234000000,0
workspaceModel.moduleBridgeLoader.loading.modules.ms,1771494775235000000,1771494835234000000,0
workspaceModel.mutableEntityStorage.modify.entity.ms,1771494775235000000,1771494835234000000,0
workspaceModel.moduleManagerBridge.build.module.graph.ms,1771494775235000000,1771494835234000000,0
jps.modifiable.module.model.bridge.disposing.ms,1771494775235000000,1771494835234000000,0
jps.modifiable.module.model.bridge.renaming.ms,1771494775235000000,1771494835234000000,0
workspaceModel.moduleManagerBridge.set.unloadedModules.ms,1771494775235000000,1771494835234000000,0
workspaceModel.sync.entities.ms,1771494775235000000,1771494835234000000,0
workspaceModel.mutableEntityStorage.referrers.ms,1771494775235000000,1771494835234000000,0
jps.facet.change.listener.before.change.events.ms,1771494775235000000,1771494835234000000,0
workspaceModel.mutableEntityStorage.mutable.vfurl.index.ms,1771494775235000000,1771494835234000000,0
workspaceModel.global.updates.count,1771494775235000000,1771494835234000000,0
jps.library.entities.serializer.save.entities.ms,1771494775235000000,1771494835234000000,0
workspaceModel.mutableEntityStorage.changeLog.addReplaceEventForNewParent.ms,1771494775235000000,1771494835234000000,0
jps.global.handle.changed.events.ms,1771494775235000000,1771494835234000000,0
workspaceModel.mutableEntityStorage.changeLog.addReplaceEventForNewChild.ms,1771494775235000000,1771494835234000000,0
workspaceModel.mutableEntityStorage.resolve.ms,1771494775235000000,1771494835234000000,0
workspaceModel.mutableEntityStorage.apply.changes.from.ms,1771494775235000000,1771494835234000000,0
jps.global.initialize.library.bridges.after.loading.ms,1771494775235000000,1771494835234000000,0
workspaceModel.save.cache.to.file.ms,1771494775235000000,1771494835234000000,0
jps.artifact.entities.serializer.load.entities.ms,1771494775235000000,1771494835234000000,0
workspaceModel.mutableEntityStorage.changeLog.addReplaceEventForRemovedParent.ms,1771494775235000000,1771494835234000000,0
jps.facet.change.listener.process.change.events.ms,1771494775235000000,1771494835234000000,0
workspaceModel.global.apply.state.to.project.ms,1771494775235000000,1771494835234000000,0
jps.project.serializers.save.ms,1771494775235000000,1771494835234000000,0
workspaceModel.mutableEntityStorage.changeLog.addReplaceEventForRemovedChild.ms,1771494775235000000,1771494835234000000,0
jps.load.project.to.empty.storage.ms,1771494775235000000,1771494835234000000,0
jps.modifiable.module.model.bridge.new.module.ms,1771494775235000000,1771494835234000000,0
workspaceModel.mutableEntityStorage.to.snapshot.ms,1771494775235000000,1771494835234000000,0
jps.global.get.libraries.ms,1771494775235000000,1771494835234000000,0
workspaceModel.mutableEntityStorage.instances.count,1771494775235000000,1771494835234000000,0
workspaceModel.mutableEntityStorage.entities.by.source.ms,1771494775235000000,1771494835234000000,0
workspaceModel.delayed.project.synchronizer.sync.ms,1771494775235000000,1771494835234000000,0
jps.modifiable.module.model.bridge.load.module.ms,1771494775235000000,1771494835234000000,0
workspaceModel.moduleBridge.update.option.ms,1771494775235000000,1771494835234000000,0
jps.save.global.entities.ms,1771494775235000000,1771494835234000000,0
jps.save.changed.project.entities.ms,1771494775235000000,1771494835234000000,0
jps.facet.change.listener.init.bridge.ms,1771494775235000000,1771494835234000000,0
workspaceModel.moduleManagerBridge.get.modules.ms,1771494775235000000,1771494835234000000,0
workspaceModel.moduleManagerBridge.load.module.ms,1771494775235000000,1771494835234000000,0
workspaceModel.moduleBridge.before.changed.ms,1771494775235000000,1771494835234000000,0
jps.module.iml.entities.serializer.load.entities.ms,1771494775235000000,1771494835234000000,0
workspaceModel.global.apply.state.to.project.builder.ms,1771494775235000000,1771494835234000000,0
workspaceModel.moduleBridge.facet.initialization.ms,1771494775235000000,1771494835234000000,0
jps.global.handle.before.change.events.ms,1771494775235000000,1771494835234000000,0
workspaceModel.mutableEntityStorage.put.entity.ms,1771494775235000000,1771494835234000000,0
workspaceModel.mutableEntityStorage.collect.changes.ms,1771494775235000000,1771494835234000000,0
workspaceModel.mutableEntityStorage.has.same.entities.ms,1771494775235000000,1771494835234000000,0
workspaceModel.global.updates.ms,1771494775235000000,1771494835234000000,0
workspaceModel.moduleManagerBridge.new.nonPersistent.module.ms,1771494775235000000,1771494835234000000,0
jps.artifact.entities.serializer.save.entities.ms,1771494775235000000,1771494835234000000,0
workspaceModel.mutableEntityStorage.hasReferrers.ms,1771494775235000000,1771494835234000000,0
jps.library.entities.serializer.load.entities.ms,1771494775235000000,1771494835234000000,0
jps.global.get.library.ms,1771494775235000000,1771494835234000000,0
workspaceModel.do.save.caches.ms,1771494775235000000,1771494835234000000,0
workspaceModel.moduleManagerBridge.newModule.ms,1771494775235000000,1771494835234000000,0
jps.global.initialize.library.bridges.ms,1771494775235000000,1771494835234000000,0
jps.app.storage.content.reader.load.component.ms,1771494775235000000,1771494835234000000,0
workspaceModel.mutableEntityStorage.entities.ms,1771494775235000000,1771494835234000000,0
workspaceModel.moduleManagerBridge.load.all.modules.ms,1771494775235000000,1771494835234000000,0
jps.load.initial.state.ms,1771494775235000000,1771494835234000000,0
jps.module.iml.entities.serializer.save.entities.ms,1771494775235000000,1771494835234000000,0
workspaceModel.orphan.listener.update.ms,1771494775235000000,1771494835234000000,0
workspaceModel.load.cache.metadata.from.file.ms,1771494775235000000,1771494835234000000,0
jps.project.serializers.load.ms,1771494775235000000,1771494835234000000,0
jps.module.dependency.index.workspace.model.listener.on.changed.ms,1771494775235000000,1771494835234000000,0
jps.global.get.library.by.name.ms,1771494775235000000,1771494835234000000,0
Indexes.stubs.lookupDurationAvgMs,1771494775235000000,1771494835234000000,0.0
Indexing.writer_1.totalTimeSpentWritingMs,1771494775235000000,1771494835234000000,0
Indexes.allKeys.lookups,1771494775235000000,1771494835234000000,1
Indexes.allKeys.lookupDuration90PMs,1771494775235000000,1771494835234000000,1.0
Indexes.entries.lookups,1771494775235000000,1771494835234000000,4
Indexes.stubs.lookupDurationMaxMs,1771494775235000000,1771494835234000000,0.0
Indexes.stubs.lookups,1771494775235000000,1771494835234000000,0
Indexes.allKeys.lookupDurationAvgMs,1771494775235000000,1771494835234000000,1.0
Indexes.entries.lookupDurationMaxMs,1771494775235000000,1771494835234000000,0.0
Indexing.writesQueuedMax,1771494775235000000,1771494835234000000,0
Indexing.cache.totalCacheMisses,1771494775235000000,1771494835234000000,7
Indexes.allKeys.lookupDurationMaxMs,1771494775235000000,1771494835234000000,1.0
Indexes.stubs.lookupDuration90PMs,1771494775235000000,1771494835234000000,0.0
Indexing.writer_2.totalTimeSpentWritingMs,1771494775235000000,1771494835234000000,0
Indexing.writer_3.totalTimeSpentWritingMs,1771494775235000000,1771494835234000000,0
Indexing.writer_0.totalTimeSpentWritingMs,1771494775235000000,1771494835234000000,0
Indexing.cache.totalCacheEvicted,1771494775235000000,1771494835234000000,7
Indexing.cache.totalCacheAccesses,1771494775235000000,1771494835234000000,8
Indexing.writesQueuedMin,1771494775235000000,1771494835234000000,0
Indexes.entries.lookupDurationAvgMs,1771494775235000000,1771494835234000000,0.0
Indexing.writesQueuedAvg,1771494775235000000,1771494835234000000,0.0
Indexes.entries.lookupDuration90PMs,1771494775235000000,1771494835234000000,0.0
Indexing.totalTimeIndexersSleptMs,1771494775235000000,1771494835234000000,0
StorageLockContext.competingThreads.90P,1771494775235000000,1771494835234000000,0
MappedFileStorage.totalBytesMapped,1771494775235000000,1771494835234000000,202637312
DirectByteBufferAllocator.reclaimed,1771494775235000000,1771494835234000000,0
StorageLockContext.competingThreads.max,1771494775235000000,1771494835234000000,0
StreamlinedBlobStorage.recordsRelocated,1771494775235000000,1771494835234000000,0
FilePageCache.totalPageDisposalsUs,1771494775235000000,1771494835234000000,0
MappedFileStorage.totalTimeSpentOnMappingUs,1771494775235000000,1771494835234000000,157833
FilePageCache.capacityInBytes,1771494775235000000,1771494835234000000,629145600
StreamlinedBlobStorage.recordsDeleted,1771494775235000000,1771494835234000000,0
StreamlinedBlobStorage.totalLiveRecordsCapacityBytes,1771494775235000000,1771494835234000000,0
FilePageCache.totalPageLoadsUs,1771494775235000000,1771494835234000000,0
FilePageCache.maxCacheSizeInBytes,1771494775235000000,1771494835234000000,629145600
FilePageCache.disposedBuffers,1771494775235000000,1771494835234000000,0
MappedFileStorage.storages,1771494775235000000,1771494835234000000,16
DirectByteBufferAllocator.disposed,1771494775235000000,1771494835234000000,0
DirectByteBufferAllocator.totalSizeOfBuffersCachedInBytes,1771494775235000000,1771494835234000000,1048576
StreamlinedBlobStorage.recordsAllocated,1771494775235000000,1771494835234000000,0
MappedFileStorage.totalPagesMapped,1771494775235000000,1771494835234000000,16
StreamlinedBlobStorage.totalLiveRecordsPayloadBytes,1771494775235000000,1771494835234000000,0
FilePageCache.pageLoads,1771494775235000000,1771494835234000000,0
FilePageCache.pageHits,1771494775235000000,1771494835234000000,0
DirectByteBufferAllocator.totalSizeOfBuffersAllocatedInBytes,1771494775235000000,1771494835234000000,630194176
DirectByteBufferAllocator.misses,1771494775235000000,1771494835234000000,0
FilePageCache.pageLoadsAboveSizeThreshold,1771494775235000000,1771494835234000000,0
StorageLockContext.competingThreads.avg,1771494775235000000,1771494835234000000,0.0
FilePageCache.pageFastCacheHits,1771494775235000000,1771494835234000000,9
FileChannelInterruptsRetryer.totalRetriedAttempts,1771494775235000000,1771494835234000000,0
DirectByteBufferAllocator.hits,1771494775235000000,1771494835234000000,0
FilePageCache.uncachedFileAccess,1771494775235000000,1771494835234000000,0
FilePageCache.maxRegisteredFiles,1771494775235000000,1771494835234000000,1824
JVM.usedHeapBytes,1771494775235000000,1771494835234000000,875944680
MEM.fileMappingsRamBytes,1771494775235000000,1771494835234000000,688017408
JVM.totalTimeToSafepointsMs,1771494775235000000,1771494835234000000,1
JVM.usedNativeBytes,1771494775235000000,1771494835234000000,463594872
JVM.GC.collectionTimesMs,1771494775235000000,1771494835234000000,0
MEM.ramPlusSwapMinusFileMappingsBytes,1771494775235000000,1771494835234000000,3129061376
JVM.maxThreadCount,1771494775235000000,1771494835234000000,291
JVM.totalSafepointCount,1771494775235000000,1771494835234000000,35
MEM.ramMinusFileMappingsBytes,1771494775235000000,1771494835234000000,3129061376
JVM.GC.collections,1771494775235000000,1771494835234000000,0
JVM.newThreadsCount,1771494775235000000,1771494835234000000,24
JVM.totalTimeAtSafepointsMs,1771494775235000000,1771494835234000000,1
JVM.totalBytesAllocated,1771494775235000000,1771494835234000000,38438368
JVM.threadCount,1771494775235000000,1771494835234000000,80
JVM.totalCpuTimeMs,1771494775235000000,1771494835234000000,2610
MEM.ramBytes,1771494775235000000,1771494835234000000,3817078784
JVM.totalDirectByteBuffersBytes,1771494775235000000,1771494835234000000,635710872
JVM.maxHeapBytes,1771494775235000000,1771494835234000000,28840034304
OS.loadAverage,1771494775235000000,1771494835234000000,1.57421875
JVM.committedHeapBytes,1771494775235000000,1771494835234000000,1744830464
writeAction.max.wait.ms,1771494775235000000,1771494835234000000,13
DiskQueryRelay.taskWaitingTotalTimeUs,1771494775235000000,1771494835234000000,0
DiskQueryRelay.tasksRequested,1771494775235000000,1771494835234000000,0
writeAction.wait.ms,1771494775235000000,1771494835234000000,0
LowMemory.gcLoad,1771494775235000000,1771494835234000000,0.0
DiskQueryRelay.taskExecutionTotalTimeUs,1771494775235000000,1771494835234000000,0
LowMemory.gcOverloaded,1771494775235000000,1771494835234000000,0
writeAction.count,1771494775235000000,1771494835234000000,0
writeAction.median.wait.ms,1771494775235000000,1771494835234000000,0
DiskQueryRelay.tasksExecuted,1771494775235000000,1771494835234000000,0
cacheStateStorage.get.counter,1771494775235000000,1771494835234000000,0
cacheStateStorage.set.counter,1771494775235000000,1771494835234000000,0
cacheStateStorage.set.duration,1771494775235000000,1771494835234000000,0
cacheStateStorage.get.duration,1771494775235000000,1771494835234000000,0
compiler.ArtifactModifiableModelBridge.getArtifacts.ms,1771494775235000000,1771494835234000000,0
compiler.ArtifactManagerBridge.findArtifact.ms,1771494775235000000,1771494835234000000,0
compiler.ArtifactVirtualFileListener.propertyChanged.ms,1771494775235000000,1771494835234000000,0
compiler.ArtifactManagerBridge.getArtifacts.ms,1771494775235000000,1771494835234000000,0
compiler.ArtifactManagerBridge.dropMappings.ms,1771494775235000000,1771494835234000000,0
compiler.ArtifactModifiableModelBridge.addArtifact.ms,1771494775235000000,1771494835234000000,0
compiler.ArtifactModifiableModelBridge.dispose.ms,1771494775235000000,1771494835234000000,0
compiler.ArtifactManagerBridge.commit.ms,1771494775235000000,1771494835234000000,0
compiler.ArtifactManagerBridge.getArtifactsByType.ms,1771494775235000000,1771494835234000000,0
compiler.ArtifactModifiableModelBridge.commit.ms,1771494775235000000,1771494835234000000,3
compiler.ArtifactModifiableModelBridge.findArtifacts.ms,1771494775235000000,1771494835234000000,0
compiler.ArtifactManagerBridge.addArtifact.ms,1771494775235000000,1771494835234000000,0
compiler.ArtifactModifiableModelBridge.getArtifactsByType.ms,1771494775235000000,1771494835234000000,0
compiler.ArtifactManagerBridge.initBridges.ms,1771494775235000000,1771494835234000000,0
compiler.ArtifactVirtualFileListener.filePathChanged.ms,1771494775235000000,1771494835234000000,0
VFS.invertedFileNameIndex.requests,1771494775235000000,1771494835234000000,0
VFS.contentStorage.recordsStoredSize,1771494775235000000,1771494835234000000,0
VFS.cache.segmentsCreated,1771494775235000000,1771494835234000000,0
VFS.fileChildByName,1771494775235000000,1771494835234000000,0
FileNameCache.totalMisses,1771494775235000000,1771494835234000000,0
VFS.fileByIdCache.hits,1771494775235000000,1771494835234000000,0
VFS.contentStorage.recordsStored,1771494775235000000,1771494835234000000,0
VFS.contentStorage.recordsReadDecompressed,1771494775235000000,1771494835234000000,0
VFS.contentStorage.recordsDeduplicated,1771494775235000000,1771494835234000000,0
VFS.contentStorage.recordsUncompressedSize,1771494775235000000,1771494835234000000,0
VFS.cache.filesCreated,1771494775235000000,1771494835234000000,18
VFS.cache.directoriesCreated,1771494775235000000,1771494835234000000,0
FileNameCache.queries,1771494775235000000,1771494835234000000,0
VFS.cache.segments,1771494775235000000,1771494835234000000,230.0
VFS.rootsCount,1771494775235000000,1771494835234000000,317.0
VFS.contentStorage.recordsStoredCompressed,1771494775235000000,1771494835234000000,0
VFS.folderCaseSensitivityReads,1771494775235000000,1771494835234000000,0
VFS.contentStorage.recordsRead,1771494775235000000,1771494835234000000,0
VFS.contentStorage.recordsReadSize,1771494775235000000,1771494835234000000,0
VFS.fileByIdCache.misses,1771494775235000000,1771494835234000000,18
VFS.contentStorage.recordsDecompressionTimeUs,1771494775235000000,1771494835234000000,0
workspaceModel.workspaceFileIndexData.markDirty.ms,1771494775235000000,1771494835234000000,0
workspaceModel.cachedValue.clear.count,1771494775235000000,1771494835234000000,0
workspaceModel.updates.ms,1771494775235000000,1771494835234000000,0
workspaceModel.workspaceFileIndexData.getDirectoriesByPackageName.ms,1771494775235000000,1771494835234000000,0
workspaceModel.workspaceFileIndexData.getPackageName.ms,1771494775235000000,1771494835234000000,0
workspaceModel.cachedValue.from.cache.count,1771494775235000000,1771494835234000000,0
workspaceModel.init.bridges.ms,1771494775235000000,1771494835234000000,0
workspaceModel.cachedValueWithParameters.from.cache.count,1771494775235000000,1771494835234000000,0
workspaceModel.check.recursive.update.ms,1771494775235000000,1771494835234000000,0
workspaceModel.workspaceFileIndexContributor.registerFileSets.ms,1771494775235000000,1771494835234000000,0
workspaceModel.on.before.changed.ms,1771494775235000000,1771494835234000000,0
workspaceModel.workspaceFileIndexData.onEntitiesChanged.ms,1771494775235000000,1771494835234000000,0
workspaceModel.workspaceFileIndexData.visitFileSets.ms,1771494775235000000,1771494835234000000,0
workspaceModel.update.unloaded.entities.ms,1771494775235000000,1771494835234000000,0
workspaceModel.cachedValue.total.get.count,1771494775235000000,1771494835234000000,0
workspaceModel.updates.count,1771494775235000000,1771494835234000000,0
workspaceModel.workspaceFileIndexData.init.ms,1771494775235000000,1771494835234000000,0
workspaceModel.cachedValue.calculated.count,1771494775235000000,1771494835234000000,0
workspaceModel.workspaceFileIndexData.getFileInfo.ms,1771494775235000000,1771494835234000000,0
workspaceModel.replace.project.model.ms,1771494775235000000,1771494835234000000,0
workspaceModel.loading.from.cache.ms,1771494775235000000,1771494835234000000,0
workspaceModel.workspaceFileIndexData.processFileSets.ms,1771494775235000000,1771494835234000000,0
workspaceModel.to.snapshot.ms,1771494775235000000,1771494835234000000,0
workspaceModel.cachedValueWithParameters.total.get.count,1771494775235000000,1771494835234000000,0
workspaceModel.loading.total.ms,1771494775235000000,1771494835234000000,0
workspaceModel.entityStorageSnapshotImpl.instances.count,1771494775235000000,1771494835234000000,0
workspaceModel.cachedValueWithParameters.clear.count,1771494775235000000,1771494835234000000,0
workspaceModel.initializing.ms,1771494775235000000,1771494835234000000,0
workspaceModel.full.replace.project.model.ms,1771494775235000000,1771494835234000000,0
workspaceModel.on.changed.ms,1771494775235000000,1771494835234000000,0
workspaceModel.workspaceFileIndexData.instances.count,1771494775235000000,1771494835234000000,0
workspaceModel.workspaceFileIndexData.updateDirtyEntities.ms,1771494775235000000,1771494835234000000,0
workspaceModel.cachedValueWithParameters.calculated.count,1771494775235000000,1771494835234000000,0
workspaceModel.pre.handlers.ms,1771494775235000000,1771494835234000000,0
workspaceModel.collect.changes.ms,1771494775235000000,1771494835234000000,0
workspaceModel.updates.precise.ms,1771494775235000000,1771494835234000000,0
FlushQueue.tasksExecuted,1771494835234000000,1771494895236000000,1250
FlushQueue.queueSizeAvg,1771494835234000000,1771494895236000000,0.5936
WriteAction.executionsCount,1771494835234000000,1771494895236000000,14
FlushQueue.waitingTimeMaxNs,1771494835234000000,1771494895236000000,161480703
FlushQueue.waitingTimeAvgNs,1771494835234000000,1771494895236000000,596088.8352
NonBlockingReadAction.failedExecutionsCount,1771494835234000000,1771494895236000000,0
NonBlockingReadAction.finalizedExecutionsCount,1771494835234000000,1771494895236000000,290
FlushQueue.waitingTime90PNs,1771494835234000000,1771494895236000000,708607
AWTEventQueue.dispatchTime90PNs,1771494835234000000,1771494895236000000,201727
FlushQueue.queueSize90P,1771494835234000000,1771494895236000000,3
FlushQueue.executionTimeAvgNs,1771494835234000000,1771494895236000000,296919.256
ReadAction.executionsCount,1771494835234000000,1771494895236000000,4141461
FlushQueue.queueSizeMax,1771494835234000000,1771494895236000000,6
NonBlockingReadAction.failedExecutionTimeUs,1771494835234000000,1771494895236000000,0
AWTEventQueue.dispatchTimeMaxNs,1771494835234000000,1771494895236000000,164626431
AWTEventQueue.dispatchTimeAvgNs,1771494835234000000,1771494895236000000,251608.8827292111
NonBlockingReadAction.finalizedExecutionTimeUs,1771494835234000000,1771494895236000000,237965
AWTEventQueue.eventsDispatched,1771494835234000000,1771494895236000000,1876
AWTEventQueue.dispatchTimeTotalNS,1771494835234000000,1771494895236000000,472037919
FlushQueue.executionTime90PNs,1771494835234000000,1771494895236000000,142335
FlushQueue.executionTimeMaxNs,1771494835234000000,1771494895236000000,164626431
workspaceModel.mutableEntityStorage.add.entity.ms,1771494835234000000,1771494895236000000,0
jps.storage.jps.conf.reader.load.component.ms,1771494835234000000,1771494895236000000,0
jps.apply.loaded.storage.ms,1771494835234000000,1771494895236000000,0
jps.reload.project.entities.ms,1771494835234000000,1771494895236000000,0
workspaceModel.mutableEntityStorage.remove.entity.ms,1771494835234000000,1771494895236000000,0
workspaceModel.moduleManagerBridge.create.module.instance.ms,1771494835234000000,1771494895236000000,0
workspaceModel.mutableEntityStorage.replace.by.source.ms,1771494835234000000,1771494895236000000,0
workspaceModel.mutableEntityStorage.mutable.ext.mapping.ms,1771494835234000000,1771494895236000000,0
workspaceModel.load.cache.from.file.ms,1771494835234000000,1771494895236000000,1
workspaceModel.moduleBridgeLoader.loading.modules.ms,1771494835234000000,1771494895236000000,0
workspaceModel.mutableEntityStorage.modify.entity.ms,1771494835234000000,1771494895236000000,0
workspaceModel.moduleManagerBridge.build.module.graph.ms,1771494835234000000,1771494895236000000,0
jps.modifiable.module.model.bridge.disposing.ms,1771494835234000000,1771494895236000000,0
jps.modifiable.module.model.bridge.renaming.ms,1771494835234000000,1771494895236000000,0
workspaceModel.moduleManagerBridge.set.unloadedModules.ms,1771494835234000000,1771494895236000000,0
workspaceModel.sync.entities.ms,1771494835234000000,1771494895236000000,0
workspaceModel.mutableEntityStorage.referrers.ms,1771494835234000000,1771494895236000000,0
jps.facet.change.listener.before.change.events.ms,1771494835234000000,1771494895236000000,0
workspaceModel.mutableEntityStorage.mutable.vfurl.index.ms,1771494835234000000,1771494895236000000,0
workspaceModel.global.updates.count,1771494835234000000,1771494895236000000,0
jps.library.entities.serializer.save.entities.ms,1771494835234000000,1771494895236000000,5
workspaceModel.mutableEntityStorage.changeLog.addReplaceEventForNewParent.ms,1771494835234000000,1771494895236000000,0
jps.global.handle.changed.events.ms,1771494835234000000,1771494895236000000,0
workspaceModel.mutableEntityStorage.changeLog.addReplaceEventForNewChild.ms,1771494835234000000,1771494895236000000,0
workspaceModel.mutableEntityStorage.resolve.ms,1771494835234000000,1771494895236000000,0
workspaceModel.mutableEntityStorage.apply.changes.from.ms,1771494835234000000,1771494895236000000,0
jps.global.initialize.library.bridges.after.loading.ms,1771494835234000000,1771494895236000000,0
workspaceModel.save.cache.to.file.ms,1771494835234000000,1771494895236000000,0
jps.artifact.entities.serializer.load.entities.ms,1771494835234000000,1771494895236000000,0
workspaceModel.mutableEntityStorage.changeLog.addReplaceEventForRemovedParent.ms,1771494835234000000,1771494895236000000,0
jps.facet.change.listener.process.change.events.ms,1771494835234000000,1771494895236000000,0
workspaceModel.global.apply.state.to.project.ms,1771494835234000000,1771494895236000000,0
jps.project.serializers.save.ms,1771494835234000000,1771494895236000000,21
workspaceModel.mutableEntityStorage.changeLog.addReplaceEventForRemovedChild.ms,1771494835234000000,1771494895236000000,0
jps.load.project.to.empty.storage.ms,1771494835234000000,1771494895236000000,0
jps.modifiable.module.model.bridge.new.module.ms,1771494835234000000,1771494895236000000,0
workspaceModel.mutableEntityStorage.to.snapshot.ms,1771494835234000000,1771494895236000000,0
jps.global.get.libraries.ms,1771494835234000000,1771494895236000000,4
workspaceModel.mutableEntityStorage.instances.count,1771494835234000000,1771494895236000000,1
workspaceModel.mutableEntityStorage.entities.by.source.ms,1771494835234000000,1771494895236000000,0
workspaceModel.delayed.project.synchronizer.sync.ms,1771494835234000000,1771494895236000000,0
jps.modifiable.module.model.bridge.load.module.ms,1771494835234000000,1771494895236000000,0
workspaceModel.moduleBridge.update.option.ms,1771494835234000000,1771494895236000000,0
jps.save.global.entities.ms,1771494835234000000,1771494895236000000,18
jps.save.changed.project.entities.ms,1771494835234000000,1771494895236000000,21
jps.app.storage.content.writer.save.component.ms,1771494835234000000,1771494895236000000,3
jps.facet.change.listener.init.bridge.ms,1771494835234000000,1771494895236000000,0
workspaceModel.moduleManagerBridge.get.modules.ms,1771494835234000000,1771494895236000000,0
workspaceModel.moduleManagerBridge.load.module.ms,1771494835234000000,1771494895236000000,0
workspaceModel.moduleBridge.before.changed.ms,1771494835234000000,1771494895236000000,0
jps.module.iml.entities.serializer.load.entities.ms,1771494835234000000,1771494895236000000,0
workspaceModel.global.apply.state.to.project.builder.ms,1771494835234000000,1771494895236000000,0
workspaceModel.moduleBridge.facet.initialization.ms,1771494835234000000,1771494895236000000,0
jps.global.handle.before.change.events.ms,1771494835234000000,1771494895236000000,0
workspaceModel.mutableEntityStorage.put.entity.ms,1771494835234000000,1771494895236000000,0
workspaceModel.mutableEntityStorage.collect.changes.ms,1771494835234000000,1771494895236000000,0
workspaceModel.mutableEntityStorage.has.same.entities.ms,1771494835234000000,1771494895236000000,0
workspaceModel.global.updates.ms,1771494835234000000,1771494895236000000,0
workspaceModel.moduleManagerBridge.new.nonPersistent.module.ms,1771494835234000000,1771494895236000000,0
jps.artifact.entities.serializer.save.entities.ms,1771494835234000000,1771494895236000000,0
workspaceModel.mutableEntityStorage.hasReferrers.ms,1771494835234000000,1771494895236000000,0
jps.library.entities.serializer.load.entities.ms,1771494835234000000,1771494895236000000,0
jps.global.get.library.ms,1771494835234000000,1771494895236000000,0
workspaceModel.do.save.caches.ms,1771494835234000000,1771494895236000000,0
workspaceModel.moduleManagerBridge.newModule.ms,1771494835234000000,1771494895236000000,0
jps.global.initialize.library.bridges.ms,1771494835234000000,1771494895236000000,0
jps.app.storage.content.reader.load.component.ms,1771494835234000000,1771494895236000000,0
workspaceModel.mutableEntityStorage.entities.ms,1771494835234000000,1771494895236000000,0
workspaceModel.moduleManagerBridge.load.all.modules.ms,1771494835234000000,1771494895236000000,0
jps.load.initial.state.ms,1771494835234000000,1771494895236000000,0
jps.module.iml.entities.serializer.save.entities.ms,1771494835234000000,1771494895236000000,10
workspaceModel.orphan.listener.update.ms,1771494835234000000,1771494895236000000,0
workspaceModel.load.cache.metadata.from.file.ms,1771494835234000000,1771494895236000000,0
jps.project.serializers.load.ms,1771494835234000000,1771494895236000000,0
jps.module.dependency.index.workspace.model.listener.on.changed.ms,1771494835234000000,1771494895236000000,0
jps.global.get.library.by.name.ms,1771494835234000000,1771494895236000000,0
Indexes.stubs.lookupDurationAvgMs,1771494835234000000,1771494895236000000,0.01696776016869932
Indexing.writer_1.totalTimeSpentWritingMs,1771494835234000000,1771494895236000000,14
Indexes.allKeys.lookups,1771494835234000000,1771494895236000000,1
Indexes.allKeys.lookupDuration90PMs,1771494835234000000,1771494895236000000,1.0
Indexes.entries.lookups,1771494835234000000,1771494895236000000,7720
Indexes.stubs.lookupDurationMaxMs,1771494835234000000,1771494895236000000,27.0
Indexes.stubs.lookups,1771494835234000000,1771494895236000000,91837
Indexes.allKeys.lookupDurationAvgMs,1771494835234000000,1771494895236000000,1.0
Indexes.entries.lookupDurationMaxMs,1771494835234000000,1771494895236000000,34.0
Indexing.writesQueuedMax,1771494835234000000,1771494895236000000,0
Indexing.cache.totalCacheMisses,1771494835234000000,1771494895236000000,94768
Indexes.allKeys.lookupDurationMaxMs,1771494835234000000,1771494895236000000,1.0
Indexes.stubs.lookupDuration90PMs,1771494835234000000,1771494895236000000,0.0
Indexing.writer_2.totalTimeSpentWritingMs,1771494835234000000,1771494895236000000,1
Indexing.writer_3.totalTimeSpentWritingMs,1771494835234000000,1771494895236000000,2
Indexing.writer_0.totalTimeSpentWritingMs,1771494835234000000,1771494895236000000,15
Indexing.cache.totalCacheEvicted,1771494835234000000,1771494895236000000,87534
Indexing.cache.totalCacheAccesses,1771494835234000000,1771494895236000000,244102
Indexing.writesQueuedMin,1771494835234000000,1771494895236000000,0
Indexes.entries.lookupDurationAvgMs,1771494835234000000,1771494895236000000,0.085189021232522
Indexing.writesQueuedAvg,1771494835234000000,1771494895236000000,0.0
Indexes.entries.lookupDuration90PMs,1771494835234000000,1771494895236000000,0.0
Indexing.totalTimeIndexersSleptMs,1771494835234000000,1771494895236000000,0
StorageLockContext.competingThreads.90P,1771494835234000000,1771494895236000000,0
MappedFileStorage.totalBytesMapped,1771494835234000000,1771494895236000000,202637312
DirectByteBufferAllocator.reclaimed,1771494835234000000,1771494895236000000,32
StorageLockContext.competingThreads.max,1771494835234000000,1771494895236000000,0
StreamlinedBlobStorage.recordsRelocated,1771494835234000000,1771494895236000000,0
FilePageCache.totalPageDisposalsUs,1771494835234000000,1771494895236000000,23
MappedFileStorage.totalTimeSpentOnMappingUs,1771494835234000000,1771494895236000000,157833
FilePageCache.capacityInBytes,1771494835234000000,1771494895236000000,629145600
StreamlinedBlobStorage.recordsDeleted,1771494835234000000,1771494895236000000,7
StreamlinedBlobStorage.totalLiveRecordsCapacityBytes,1771494835234000000,1771494895236000000,3180189
FilePageCache.totalPageLoadsUs,1771494835234000000,1771494895236000000,105496
FilePageCache.maxCacheSizeInBytes,1771494835234000000,1771494895236000000,629145600
FilePageCache.disposedBuffers,1771494835234000000,1771494895236000000,32
MappedFileStorage.storages,1771494835234000000,1771494895236000000,16
DirectByteBufferAllocator.disposed,1771494835234000000,1771494895236000000,0
DirectByteBufferAllocator.totalSizeOfBuffersCachedInBytes,1771494835234000000,1771494895236000000,1048576
StreamlinedBlobStorage.recordsAllocated,1771494835234000000,1771494895236000000,1928
MappedFileStorage.totalPagesMapped,1771494835234000000,1771494895236000000,16
StreamlinedBlobStorage.totalLiveRecordsPayloadBytes,1771494835234000000,1771494895236000000,2398857
FilePageCache.pageLoads,1771494835234000000,1771494895236000000,0
FilePageCache.pageHits,1771494835234000000,1771494895236000000,2403
DirectByteBufferAllocator.totalSizeOfBuffersAllocatedInBytes,1771494835234000000,1771494895236000000,630194176
DirectByteBufferAllocator.misses,1771494835234000000,1771494895236000000,0
FilePageCache.pageLoadsAboveSizeThreshold,1771494835234000000,1771494895236000000,32
StorageLockContext.competingThreads.avg,1771494835234000000,1771494895236000000,0.0
FilePageCache.pageFastCacheHits,1771494835234000000,1771494895236000000,70095
FileChannelInterruptsRetryer.totalRetriedAttempts,1771494835234000000,1771494895236000000,0
DirectByteBufferAllocator.hits,1771494835234000000,1771494895236000000,32
FilePageCache.uncachedFileAccess,1771494835234000000,1771494895236000000,47
FilePageCache.maxRegisteredFiles,1771494835234000000,1771494895236000000,1827
JVM.usedHeapBytes,1771494835234000000,1771494895236000000,1305023296
MEM.fileMappingsRamBytes,1771494835234000000,1771494895236000000,894001152
JVM.totalTimeToSafepointsMs,1771494835234000000,1771494895236000000,233
JVM.usedNativeBytes,1771494835234000000,1771494895236000000,634347968
JVM.GC.collectionTimesMs,1771494835234000000,1771494895236000000,786
MEM.ramPlusSwapMinusFileMappingsBytes,1771494835234000000,1771494895236000000,5269843968
JVM.maxThreadCount,1771494835234000000,1771494895236000000,291
JVM.totalSafepointCount,1771494835234000000,1771494895236000000,325
MEM.ramMinusFileMappingsBytes,1771494835234000000,1771494895236000000,5269843968
JVM.GC.collections,1771494835234000000,1771494895236000000,33
JVM.newThreadsCount,1771494835234000000,1771494895236000000,57
JVM.totalTimeAtSafepointsMs,1771494835234000000,1771494895236000000,853
JVM.totalBytesAllocated,1771494835234000000,1771494895236000000,27441881336
JVM.threadCount,1771494835234000000,1771494895236000000,93
JVM.totalCpuTimeMs,1771494835234000000,1771494895236000000,130920
MEM.ramBytes,1771494835234000000,1771494895236000000,6163845120
JVM.totalDirectByteBuffersBytes,1771494835234000000,1771494895236000000,641427265
JVM.maxHeapBytes,1771494835234000000,1771494895236000000,28840034304
OS.loadAverage,1771494835234000000,1771494895236000000,2.61083984375
JVM.committedHeapBytes,1771494835234000000,1771494895236000000,3590324224
writeAction.max.wait.ms,1771494835234000000,1771494895236000000,17
parser.Shell.Script.size.bytes,1771494835234000000,1771494895236000000,24940
lexer.Groovy.time.ns,1771494835234000000,1771494895236000000,2779462
lexer.HTML.size.bytes,1771494835234000000,1771494895236000000,3107818
lexer.Shell.Script.size.bytes,1771494835234000000,1771494895236000000,24940
lexer.ECMAScript.6.size.bytes,1771494835234000000,1771494895236000000,7342
parser.IgnoreLang.time.ns,1771494835234000000,1771494895236000000,5186166
parser.JAVA.size.bytes,1771494835234000000,1771494895236000000,228264
DiskQueryRelay.taskWaitingTotalTimeUs,1771494835234000000,1771494895236000000,3258125
lexer.Properties.size.bytes,1771494835234000000,1771494895236000000,12231
lexer.ECMAScript.6.time.ns,1771494835234000000,1771494895236000000,147126
DiskQueryRelay.tasksRequested,1771494835234000000,1771494895236000000,12284
parser.JAVA.time.ns,1771494835234000000,1771494895236000000,267707654
lexer.SVG.time.ns,1771494835234000000,1771494895236000000,428500
parser.Groovy.time.ns,1771494835234000000,1771494895236000000,68580795
writeAction.wait.ms,1771494835234000000,1771494895236000000,17
lexer.RegExp.time.ns,1771494835234000000,1771494895236000000,289668
lexer.Groovy.size.bytes,1771494835234000000,1771494895236000000,12867
lexer.XML.size.bytes,1771494835234000000,1771494895236000000,10307826
lexer.JAVA.size.bytes,1771494835234000000,1771494895236000000,223098
parser.CSS.time.ns,1771494835234000000,1771494895236000000,50718595
parser.JQuery-CSS.time.ns,1771494835234000000,1771494895236000000,4580415
parser.Lombok.Config.size.bytes,1771494835234000000,1771494895236000000,137
lexer.Lombok.Config.time.ns,1771494835234000000,1771494895236000000,27250
parser.ECMAScript.6.time.ns,1771494835234000000,1771494895236000000,25539041
lexer.JQuery-CSS.size.bytes,1771494835234000000,1771494895236000000,3960
lexer.IgnoreLang.size.bytes,1771494835234000000,1771494895236000000,444
parser.Shell.Script.time.ns,1771494835234000000,1771494895236000000,77973750
lexer.textmate.size.bytes,1771494835234000000,1771494895236000000,5106370
parser.JSON.size.bytes,1771494835234000000,1771494895236000000,23151590
parser.RegExp.time.ns,1771494835234000000,1771494895236000000,464334
parser.XML.size.bytes,1771494835234000000,1771494895236000000,10307826
lexer.yaml.time.ns,1771494835234000000,1771494895236000000,1307041
lexer.JSON.time.ns,1771494835234000000,1771494895236000000,252879747
parser.RegExp.size.bytes,1771494835234000000,1771494895236000000,163
parser.Groovy.size.bytes,1771494835234000000,1771494895236000000,12867
parser.ECMAScript.6.size.bytes,1771494835234000000,1771494895236000000,338233
lexer.yaml.size.bytes,1771494835234000000,1771494895236000000,21024
lexer.Properties.time.ns,1771494835234000000,1771494895236000000,214002
parser.Properties.time.ns,1771494835234000000,1771494895236000000,8819664
parser.SVG.time.ns,1771494835234000000,1771494895236000000,854959
lexer.JQuery-CSS.time.ns,1771494835234000000,1771494895236000000,347628
lexer.CSS.time.ns,1771494835234000000,1771494895236000000,13976750
lexer.Shell.Script.time.ns,1771494835234000000,1771494895236000000,1309041
parser.SVG.size.bytes,1771494835234000000,1771494895236000000,17961
lexer.textmate.time.ns,1771494835234000000,1771494895236000000,243542
parser.JSON.time.ns,1771494835234000000,1771494895236000000,1673609454
lexer.JAVA.time.ns,1771494835234000000,1771494895236000000,44393667
lexer.RegExp.size.bytes,1771494835234000000,1771494895236000000,163
parser.textmate.time.ns,1771494835234000000,1771494895236000000,1367375
parser.textmate.size.bytes,1771494835234000000,1771494895236000000,5106370
lexer.JSON.size.bytes,1771494835234000000,1771494895236000000,23950142
LowMemory.gcLoad,1771494835234000000,1771494895236000000,0.0
lexer.IgnoreLang.time.ns,1771494835234000000,1771494895236000000,171125
parser.HTML.size.bytes,1771494835234000000,1771494895236000000,3107818
lexer.XML.time.ns,1771494835234000000,1771494895236000000,254230918
parser.yaml.time.ns,1771494835234000000,1771494895236000000,4754168
parser.Properties.size.bytes,1771494835234000000,1771494895236000000,12231
parser.XML.time.ns,1771494835234000000,1771494895236000000,460116082
parser.IgnoreLang.size.bytes,1771494835234000000,1771494895236000000,444
DiskQueryRelay.taskExecutionTotalTimeUs,1771494835234000000,1771494895236000000,1446985
lexer.SVG.size.bytes,1771494835234000000,1771494895236000000,17961
lexer.HTML.time.ns,1771494835234000000,1771494895236000000,157226247
parser.JQuery-CSS.size.bytes,1771494835234000000,1771494895236000000,3960
parser.HTML.time.ns,1771494835234000000,1771494895236000000,134566334
parser.yaml.size.bytes,1771494835234000000,1771494895236000000,21024
LowMemory.gcOverloaded,1771494835234000000,1771494895236000000,0
parser.CSS.size.bytes,1771494835234000000,1771494895236000000,322552
lexer.CSS.size.bytes,1771494835234000000,1771494895236000000,322552
writeAction.count,1771494835234000000,1771494895236000000,14
writeAction.median.wait.ms,1771494835234000000,1771494895236000000,0
parser.Lombok.Config.time.ns,1771494835234000000,1771494895236000000,104917
lexer.Lombok.Config.size.bytes,1771494835234000000,1771494895236000000,137
DiskQueryRelay.tasksExecuted,1771494835234000000,1771494895236000000,12067
cacheStateStorage.get.counter,1771494835234000000,1771494895236000000,0
cacheStateStorage.set.counter,1771494835234000000,1771494895236000000,121
cacheStateStorage.set.duration,1771494835234000000,1771494895236000000,14
cacheStateStorage.get.duration,1771494835234000000,1771494895236000000,0
compiler.ArtifactModifiableModelBridge.getArtifacts.ms,1771494835234000000,1771494895236000000,0
compiler.ArtifactManagerBridge.findArtifact.ms,1771494835234000000,1771494895236000000,0
compiler.ArtifactVirtualFileListener.propertyChanged.ms,1771494835234000000,1771494895236000000,0
compiler.ArtifactManagerBridge.getArtifacts.ms,1771494835234000000,1771494895236000000,0
compiler.ArtifactManagerBridge.dropMappings.ms,1771494835234000000,1771494895236000000,0
compiler.ArtifactModifiableModelBridge.addArtifact.ms,1771494835234000000,1771494895236000000,0
compiler.ArtifactModifiableModelBridge.dispose.ms,1771494835234000000,1771494895236000000,0
compiler.ArtifactManagerBridge.commit.ms,1771494835234000000,1771494895236000000,0
compiler.ArtifactManagerBridge.getArtifactsByType.ms,1771494835234000000,1771494895236000000,0
compiler.ArtifactModifiableModelBridge.commit.ms,1771494835234000000,1771494895236000000,3
compiler.ArtifactModifiableModelBridge.findArtifacts.ms,1771494835234000000,1771494895236000000,0
compiler.ArtifactManagerBridge.addArtifact.ms,1771494835234000000,1771494895236000000,0
compiler.ArtifactModifiableModelBridge.getArtifactsByType.ms,1771494835234000000,1771494895236000000,0
compiler.ArtifactManagerBridge.initBridges.ms,1771494835234000000,1771494895236000000,0
compiler.ArtifactVirtualFileListener.filePathChanged.ms,1771494835234000000,1771494895236000000,0
VFS.invertedFileNameIndex.requests,1771494835234000000,1771494895236000000,2
VFS.contentStorage.recordsStoredSize,1771494835234000000,1771494895236000000,5852272
VFS.cache.segmentsCreated,1771494835234000000,1771494895236000000,12
VFS.fileChildByName,1771494835234000000,1771494895236000000,522538
FileNameCache.totalMisses,1771494835234000000,1771494895236000000,4096
VFS.fileByIdCache.hits,1771494835234000000,1771494895236000000,200
VFS.contentStorage.recordsStored,1771494835234000000,1771494895236000000,741
VFS.contentStorage.recordsReadDecompressed,1771494835234000000,1771494895236000000,348
VFS.contentStorage.recordsDeduplicated,1771494835234000000,1771494895236000000,258
VFS.contentStorage.recordsUncompressedSize,1771494835234000000,1771494895236000000,33043442
VFS.cache.filesCreated,1771494835234000000,1771494895236000000,71578
VFS.cache.directoriesCreated,1771494835234000000,1771494895236000000,1780
FileNameCache.queries,1771494835234000000,1771494895236000000,7217152
VFS.cache.segments,1771494835234000000,1771494895236000000,242.0
VFS.rootsCount,1771494835234000000,1771494895236000000,325.0
VFS.contentStorage.recordsStoredCompressed,1771494835234000000,1771494895236000000,339
VFS.folderCaseSensitivityReads,1771494835234000000,1771494895236000000,266
VFS.contentStorage.recordsRead,1771494835234000000,1771494895236000000,1127
VFS.contentStorage.recordsReadSize,1771494835234000000,1771494895236000000,39199692
VFS.fileByIdCache.misses,1771494835234000000,1771494895236000000,9242
VFS.contentStorage.recordsDecompressionTimeUs,1771494835234000000,1771494895236000000,26791
workspaceModel.workspaceFileIndexData.markDirty.ms,1771494835234000000,1771494895236000000,0
workspaceModel.cachedValue.clear.count,1771494835234000000,1771494895236000000,0
workspaceModel.updates.ms,1771494835234000000,1771494895236000000,0
workspaceModel.workspaceFileIndexData.getDirectoriesByPackageName.ms,1771494835234000000,1771494895236000000,12
workspaceModel.workspaceFileIndexData.getPackageName.ms,1771494835234000000,1771494895236000000,3
workspaceModel.cachedValue.from.cache.count,1771494835234000000,1771494895236000000,13497
workspaceModel.init.bridges.ms,1771494835234000000,1771494895236000000,0
workspaceModel.cachedValueWithParameters.from.cache.count,1771494835234000000,1771494895236000000,499
workspaceModel.check.recursive.update.ms,1771494835234000000,1771494895236000000,0
workspaceModel.workspaceFileIndexContributor.registerFileSets.ms,1771494835234000000,1771494895236000000,0
workspaceModel.on.before.changed.ms,1771494835234000000,1771494895236000000,0
workspaceModel.workspaceFileIndexData.onEntitiesChanged.ms,1771494835234000000,1771494895236000000,0
workspaceModel.workspaceFileIndexData.visitFileSets.ms,1771494835234000000,1771494895236000000,0
workspaceModel.update.unloaded.entities.ms,1771494835234000000,1771494895236000000,0
workspaceModel.cachedValue.total.get.count,1771494835234000000,1771494895236000000,13501
workspaceModel.updates.count,1771494835234000000,1771494895236000000,0
workspaceModel.workspaceFileIndexData.init.ms,1771494835234000000,1771494895236000000,0
workspaceModel.cachedValue.calculated.count,1771494835234000000,1771494895236000000,4
workspaceModel.workspaceFileIndexData.getFileInfo.ms,1771494835234000000,1771494895236000000,1058
workspaceModel.replace.project.model.ms,1771494835234000000,1771494895236000000,0
workspaceModel.loading.from.cache.ms,1771494835234000000,1771494895236000000,1
workspaceModel.workspaceFileIndexData.processFileSets.ms,1771494835234000000,1771494895236000000,0
workspaceModel.to.snapshot.ms,1771494835234000000,1771494895236000000,0
workspaceModel.cachedValueWithParameters.total.get.count,1771494835234000000,1771494895236000000,500
workspaceModel.loading.total.ms,1771494835234000000,1771494895236000000,1
workspaceModel.entityStorageSnapshotImpl.instances.count,1771494835234000000,1771494895236000000,1
workspaceModel.cachedValueWithParameters.clear.count,1771494835234000000,1771494895236000000,0
workspaceModel.initializing.ms,1771494835234000000,1771494895236000000,0
workspaceModel.full.replace.project.model.ms,1771494835234000000,1771494895236000000,0
workspaceModel.on.changed.ms,1771494835234000000,1771494895236000000,0
workspaceModel.workspaceFileIndexData.instances.count,1771494835234000000,1771494895236000000,0
workspaceModel.workspaceFileIndexData.updateDirtyEntities.ms,1771494835234000000,1771494895236000000,0
workspaceModel.cachedValueWithParameters.calculated.count,1771494835234000000,1771494895236000000,1
workspaceModel.pre.handlers.ms,1771494835234000000,1771494895236000000,0
workspaceModel.collect.changes.ms,1771494835234000000,1771494895236000000,0
workspaceModel.updates.precise.ms,1771494835234000000,1771494895236000000,0
NonBlockingReadAction.failedExecutionsCount,1771494895236000000,1771494902492000000,0
NonBlockingReadAction.finalizedExecutionsCount,1771494895236000000,1771494902492000000,0
NonBlockingReadAction.failedExecutionTimeUs,1771494895236000000,1771494902492000000,0
NonBlockingReadAction.finalizedExecutionTimeUs,1771494895236000000,1771494902492000000,0
AWTEventQueue.dispatchTimeTotalNS,1771494895236000000,1771494902492000000,118007916
workspaceModel.mutableEntityStorage.add.entity.ms,1771494895236000000,1771494902492000000,0
jps.storage.jps.conf.reader.load.component.ms,1771494895236000000,1771494902492000000,0
jps.apply.loaded.storage.ms,1771494895236000000,1771494902492000000,0
jps.reload.project.entities.ms,1771494895236000000,1771494902492000000,0
workspaceModel.mutableEntityStorage.remove.entity.ms,1771494895236000000,1771494902492000000,0
workspaceModel.moduleManagerBridge.create.module.instance.ms,1771494895236000000,1771494902492000000,0
workspaceModel.mutableEntityStorage.replace.by.source.ms,1771494895236000000,1771494902492000000,0
workspaceModel.mutableEntityStorage.mutable.ext.mapping.ms,1771494895236000000,1771494902492000000,0
workspaceModel.load.cache.from.file.ms,1771494895236000000,1771494902492000000,0
workspaceModel.moduleBridgeLoader.loading.modules.ms,1771494895236000000,1771494902492000000,0
workspaceModel.mutableEntityStorage.modify.entity.ms,1771494895236000000,1771494902492000000,0
workspaceModel.moduleManagerBridge.build.module.graph.ms,1771494895236000000,1771494902492000000,0
jps.modifiable.module.model.bridge.disposing.ms,1771494895236000000,1771494902492000000,0
jps.modifiable.module.model.bridge.renaming.ms,1771494895236000000,1771494902492000000,0
workspaceModel.moduleManagerBridge.set.unloadedModules.ms,1771494895236000000,1771494902492000000,0
workspaceModel.sync.entities.ms,1771494895236000000,1771494902492000000,0
workspaceModel.mutableEntityStorage.referrers.ms,1771494895236000000,1771494902492000000,0
jps.facet.change.listener.before.change.events.ms,1771494895236000000,1771494902492000000,0
workspaceModel.mutableEntityStorage.mutable.vfurl.index.ms,1771494895236000000,1771494902492000000,0
workspaceModel.global.updates.count,1771494895236000000,1771494902492000000,0
jps.library.entities.serializer.save.entities.ms,1771494895236000000,1771494902492000000,0
workspaceModel.mutableEntityStorage.changeLog.addReplaceEventForNewParent.ms,1771494895236000000,1771494902492000000,0
jps.global.handle.changed.events.ms,1771494895236000000,1771494902492000000,0
workspaceModel.mutableEntityStorage.changeLog.addReplaceEventForNewChild.ms,1771494895236000000,1771494902492000000,0
workspaceModel.mutableEntityStorage.resolve.ms,1771494895236000000,1771494902492000000,0
workspaceModel.mutableEntityStorage.apply.changes.from.ms,1771494895236000000,1771494902492000000,0
jps.global.initialize.library.bridges.after.loading.ms,1771494895236000000,1771494902492000000,0
workspaceModel.save.cache.to.file.ms,1771494895236000000,1771494902492000000,0
jps.artifact.entities.serializer.load.entities.ms,1771494895236000000,1771494902492000000,0
workspaceModel.mutableEntityStorage.changeLog.addReplaceEventForRemovedParent.ms,1771494895236000000,1771494902492000000,0
jps.facet.change.listener.process.change.events.ms,1771494895236000000,1771494902492000000,0
workspaceModel.global.apply.state.to.project.ms,1771494895236000000,1771494902492000000,0
jps.project.serializers.save.ms,1771494895236000000,1771494902492000000,0
workspaceModel.mutableEntityStorage.changeLog.addReplaceEventForRemovedChild.ms,1771494895236000000,1771494902492000000,0
jps.load.project.to.empty.storage.ms,1771494895236000000,1771494902492000000,0
jps.modifiable.module.model.bridge.new.module.ms,1771494895236000000,1771494902492000000,0
workspaceModel.mutableEntityStorage.to.snapshot.ms,1771494895236000000,1771494902492000000,0
jps.global.get.libraries.ms,1771494895236000000,1771494902492000000,0
workspaceModel.mutableEntityStorage.instances.count,1771494895236000000,1771494902492000000,0
workspaceModel.mutableEntityStorage.entities.by.source.ms,1771494895236000000,1771494902492000000,0
workspaceModel.delayed.project.synchronizer.sync.ms,1771494895236000000,1771494902492000000,0
jps.modifiable.module.model.bridge.load.module.ms,1771494895236000000,1771494902492000000,0
workspaceModel.moduleBridge.update.option.ms,1771494895236000000,1771494902492000000,0
jps.save.global.entities.ms,1771494895236000000,1771494902492000000,0
jps.save.changed.project.entities.ms,1771494895236000000,1771494902492000000,0
jps.app.storage.content.writer.save.component.ms,1771494895236000000,1771494902492000000,0
jps.facet.change.listener.init.bridge.ms,1771494895236000000,1771494902492000000,0
workspaceModel.moduleManagerBridge.get.modules.ms,1771494895236000000,1771494902492000000,0
workspaceModel.moduleManagerBridge.load.module.ms,1771494895236000000,1771494902492000000,0
workspaceModel.moduleBridge.before.changed.ms,1771494895236000000,1771494902492000000,0
jps.module.iml.entities.serializer.load.entities.ms,1771494895236000000,1771494902492000000,0
workspaceModel.global.apply.state.to.project.builder.ms,1771494895236000000,1771494902492000000,0
workspaceModel.moduleBridge.facet.initialization.ms,1771494895236000000,1771494902492000000,0
jps.global.handle.before.change.events.ms,1771494895236000000,1771494902492000000,0
workspaceModel.mutableEntityStorage.put.entity.ms,1771494895236000000,1771494902492000000,0
workspaceModel.mutableEntityStorage.collect.changes.ms,1771494895236000000,1771494902492000000,0
workspaceModel.mutableEntityStorage.has.same.entities.ms,1771494895236000000,1771494902492000000,0
workspaceModel.global.updates.ms,1771494895236000000,1771494902492000000,0
workspaceModel.moduleManagerBridge.new.nonPersistent.module.ms,1771494895236000000,1771494902492000000,0
jps.artifact.entities.serializer.save.entities.ms,1771494895236000000,1771494902492000000,0
workspaceModel.mutableEntityStorage.hasReferrers.ms,1771494895236000000,1771494902492000000,0
jps.library.entities.serializer.load.entities.ms,1771494895236000000,1771494902492000000,0
jps.global.get.library.ms,1771494895236000000,1771494902492000000,0
workspaceModel.do.save.caches.ms,1771494895236000000,1771494902492000000,0
workspaceModel.moduleManagerBridge.newModule.ms,1771494895236000000,1771494902492000000,0
jps.global.initialize.library.bridges.ms,1771494895236000000,1771494902492000000,0
jps.app.storage.content.reader.load.component.ms,1771494895236000000,1771494902492000000,0
workspaceModel.mutableEntityStorage.entities.ms,1771494895236000000,1771494902492000000,0
workspaceModel.moduleManagerBridge.load.all.modules.ms,1771494895236000000,1771494902492000000,0
jps.load.initial.state.ms,1771494895236000000,1771494902492000000,0
jps.module.iml.entities.serializer.save.entities.ms,1771494895236000000,1771494902492000000,0
workspaceModel.orphan.listener.update.ms,1771494895236000000,1771494902492000000,0
workspaceModel.load.cache.metadata.from.file.ms,1771494895236000000,1771494902492000000,0
jps.project.serializers.load.ms,1771494895236000000,1771494902492000000,0
jps.module.dependency.index.workspace.model.listener.on.changed.ms,1771494895236000000,1771494902492000000,0
jps.global.get.library.by.name.ms,1771494895236000000,1771494902492000000,0
Indexes.stubs.lookupDurationAvgMs,1771494895236000000,1771494902492000000,0.0
Indexing.writer_1.totalTimeSpentWritingMs,1771494895236000000,1771494902492000000,0
Indexes.allKeys.lookups,1771494895236000000,1771494902492000000,1
Indexes.allKeys.lookupDuration90PMs,1771494895236000000,1771494902492000000,0.0
Indexes.entries.lookups,1771494895236000000,1771494902492000000,4
Indexes.stubs.lookupDurationMaxMs,1771494895236000000,1771494902492000000,0.0
Indexes.stubs.lookups,1771494895236000000,1771494902492000000,0
Indexes.allKeys.lookupDurationAvgMs,1771494895236000000,1771494902492000000,0.0
Indexes.entries.lookupDurationMaxMs,1771494895236000000,1771494902492000000,0.0
Indexing.writesQueuedMax,1771494895236000000,1771494902492000000,0
Indexing.cache.totalCacheMisses,1771494895236000000,1771494902492000000,7
Indexes.allKeys.lookupDurationMaxMs,1771494895236000000,1771494902492000000,0.0
Indexes.stubs.lookupDuration90PMs,1771494895236000000,1771494902492000000,0.0
Indexing.writer_2.totalTimeSpentWritingMs,1771494895236000000,1771494902492000000,0
Indexing.writer_3.totalTimeSpentWritingMs,1771494895236000000,1771494902492000000,0
Indexing.writer_0.totalTimeSpentWritingMs,1771494895236000000,1771494902492000000,0
Indexing.cache.totalCacheEvicted,1771494895236000000,1771494902492000000,8375
Indexing.cache.totalCacheAccesses,1771494895236000000,1771494902492000000,8
Indexing.writesQueuedMin,1771494895236000000,1771494902492000000,0
Indexes.entries.lookupDurationAvgMs,1771494895236000000,1771494902492000000,0.0
Indexing.writesQueuedAvg,1771494895236000000,1771494902492000000,0.0
Indexes.entries.lookupDuration90PMs,1771494895236000000,1771494902492000000,0.0
Indexing.totalTimeIndexersSleptMs,1771494895236000000,1771494902492000000,0
StorageLockContext.competingThreads.90P,1771494895236000000,1771494902492000000,0
DirectByteBufferAllocator.reclaimed,1771494895236000000,1771494902492000000,39
StorageLockContext.competingThreads.max,1771494895236000000,1771494902492000000,0
FilePageCache.totalPageDisposalsUs,1771494895236000000,1771494902492000000,0
FilePageCache.capacityInBytes,1771494895236000000,1771494902492000000,629145600
FilePageCache.totalPageLoadsUs,1771494895236000000,1771494902492000000,0
FilePageCache.maxCacheSizeInBytes,1771494895236000000,1771494902492000000,629145600
FilePageCache.disposedBuffers,1771494895236000000,1771494902492000000,600
DirectByteBufferAllocator.disposed,1771494895236000000,1771494902492000000,561
DirectByteBufferAllocator.totalSizeOfBuffersCachedInBytes,1771494895236000000,1771494902492000000,41943040
FilePageCache.pageLoads,1771494895236000000,1771494902492000000,0
FilePageCache.pageHits,1771494895236000000,1771494902492000000,0
DirectByteBufferAllocator.totalSizeOfBuffersAllocatedInBytes,1771494895236000000,1771494902492000000,41943040
DirectByteBufferAllocator.misses,1771494895236000000,1771494902492000000,0
FilePageCache.pageLoadsAboveSizeThreshold,1771494895236000000,1771494902492000000,0
StorageLockContext.competingThreads.avg,1771494895236000000,1771494902492000000,0.0
FilePageCache.pageFastCacheHits,1771494895236000000,1771494902492000000,9
FileChannelInterruptsRetryer.totalRetriedAttempts,1771494895236000000,1771494902492000000,0
DirectByteBufferAllocator.hits,1771494895236000000,1771494902492000000,0
FilePageCache.uncachedFileAccess,1771494895236000000,1771494902492000000,0
FilePageCache.maxRegisteredFiles,1771494895236000000,1771494902492000000,1827
JVM.usedHeapBytes,1771494895236000000,1771494902492000000,1503421992
MEM.fileMappingsRamBytes,1771494895236000000,1771494902492000000,897327104
JVM.totalTimeToSafepointsMs,1771494895236000000,1771494902492000000,4
JVM.usedNativeBytes,1771494895236000000,1771494902492000000,627296888
JVM.GC.collectionTimesMs,1771494895236000000,1771494902492000000,82
MEM.ramPlusSwapMinusFileMappingsBytes,1771494895236000000,1771494902492000000,5277315072
JVM.maxThreadCount,1771494895236000000,1771494902492000000,291
JVM.totalSafepointCount,1771494895236000000,1771494902492000000,16
MEM.ramMinusFileMappingsBytes,1771494895236000000,1771494902492000000,5277315072
JVM.GC.collections,1771494895236000000,1771494902492000000,4
JVM.newThreadsCount,1771494895236000000,1771494902492000000,29
JVM.totalTimeAtSafepointsMs,1771494895236000000,1771494902492000000,84
JVM.totalBytesAllocated,1771494895236000000,1771494902492000000,4005373864
JVM.threadCount,1771494895236000000,1771494902492000000,105
JVM.totalCpuTimeMs,1771494895236000000,1771494902492000000,14750
MEM.ramBytes,1771494895236000000,1771494902492000000,6174642176
JVM.totalDirectByteBuffersBytes,1771494895236000000,1771494902492000000,54422276
JVM.maxHeapBytes,1771494895236000000,1771494902492000000,28840034304
OS.loadAverage,1771494895236000000,1771494902492000000,2.72216796875
JVM.committedHeapBytes,1771494895236000000,1771494902492000000,3590324224
writeAction.max.wait.ms,1771494895236000000,1771494902492000000,17
lexer.HTML.size.bytes,1771494895236000000,1771494902492000000,424409
DiskQueryRelay.taskWaitingTotalTimeUs,1771494895236000000,1771494902492000000,10274
DiskQueryRelay.tasksRequested,1771494895236000000,1771494902492000000,9
writeAction.wait.ms,1771494895236000000,1771494902492000000,0
lexer.XML.size.bytes,1771494895236000000,1771494902492000000,19545
parser.CSS.time.ns,1771494895236000000,1771494902492000000,4748952
parser.ECMAScript.6.time.ns,1771494895236000000,1771494902492000000,1000458
parser.JSON.size.bytes,1771494895236000000,1771494902492000000,6326903
parser.XML.size.bytes,1771494895236000000,1771494902492000000,19545
lexer.yaml.time.ns,1771494895236000000,1771494902492000000,126208
lexer.JSON.time.ns,1771494895236000000,1771494902492000000,69301035
parser.ECMAScript.6.size.bytes,1771494895236000000,1771494902492000000,4946
lexer.yaml.size.bytes,1771494895236000000,1771494902492000000,3116
lexer.CSS.time.ns,1771494895236000000,1771494902492000000,1441921
parser.JSON.time.ns,1771494895236000000,1771494902492000000,245452251
lexer.JSON.size.bytes,1771494895236000000,1771494902492000000,5927627
parser.HTML.size.bytes,1771494895236000000,1771494902492000000,424409
lexer.XML.time.ns,1771494895236000000,1771494902492000000,354834
parser.yaml.time.ns,1771494895236000000,1771494902492000000,492167
parser.XML.time.ns,1771494895236000000,1771494902492000000,713583
DiskQueryRelay.taskExecutionTotalTimeUs,1771494895236000000,1771494902492000000,9608
lexer.HTML.time.ns,1771494895236000000,1771494902492000000,18221418
parser.HTML.time.ns,1771494895236000000,1771494902492000000,18472622
parser.yaml.size.bytes,1771494895236000000,1771494902492000000,3116
parser.CSS.size.bytes,1771494895236000000,1771494902492000000,43340
lexer.CSS.size.bytes,1771494895236000000,1771494902492000000,43340
writeAction.count,1771494895236000000,1771494902492000000,2
writeAction.median.wait.ms,1771494895236000000,1771494902492000000,0
DiskQueryRelay.tasksExecuted,1771494895236000000,1771494902492000000,9
cacheStateStorage.get.counter,1771494895236000000,1771494902492000000,0
cacheStateStorage.set.counter,1771494895236000000,1771494902492000000,10
cacheStateStorage.set.duration,1771494895236000000,1771494902492000000,0
cacheStateStorage.get.duration,1771494895236000000,1771494902492000000,0
compiler.ArtifactModifiableModelBridge.getArtifacts.ms,1771494895236000000,1771494902492000000,0
compiler.ArtifactManagerBridge.findArtifact.ms,1771494895236000000,1771494902492000000,0
compiler.ArtifactVirtualFileListener.propertyChanged.ms,1771494895236000000,1771494902492000000,0
compiler.ArtifactManagerBridge.getArtifacts.ms,1771494895236000000,1771494902492000000,0
compiler.ArtifactManagerBridge.dropMappings.ms,1771494895236000000,1771494902492000000,0
compiler.ArtifactModifiableModelBridge.addArtifact.ms,1771494895236000000,1771494902492000000,0
compiler.ArtifactModifiableModelBridge.dispose.ms,1771494895236000000,1771494902492000000,0
compiler.ArtifactManagerBridge.commit.ms,1771494895236000000,1771494902492000000,0
compiler.ArtifactManagerBridge.getArtifactsByType.ms,1771494895236000000,1771494902492000000,0
compiler.ArtifactModifiableModelBridge.commit.ms,1771494895236000000,1771494902492000000,3
compiler.ArtifactModifiableModelBridge.findArtifacts.ms,1771494895236000000,1771494902492000000,0
compiler.ArtifactManagerBridge.addArtifact.ms,1771494895236000000,1771494902492000000,0
compiler.ArtifactModifiableModelBridge.getArtifactsByType.ms,1771494895236000000,1771494902492000000,0
compiler.ArtifactManagerBridge.initBridges.ms,1771494895236000000,1771494902492000000,0
compiler.ArtifactVirtualFileListener.filePathChanged.ms,1771494895236000000,1771494902492000000,0
workspaceModel.workspaceFileIndexData.markDirty.ms,1771494895236000000,1771494902492000000,0
workspaceModel.cachedValue.clear.count,1771494895236000000,1771494902492000000,0
workspaceModel.updates.ms,1771494895236000000,1771494902492000000,0
workspaceModel.workspaceFileIndexData.getDirectoriesByPackageName.ms,1771494895236000000,1771494902492000000,0
workspaceModel.workspaceFileIndexData.getPackageName.ms,1771494895236000000,1771494902492000000,0
workspaceModel.cachedValue.from.cache.count,1771494895236000000,1771494902492000000,647
workspaceModel.init.bridges.ms,1771494895236000000,1771494902492000000,0
workspaceModel.cachedValueWithParameters.from.cache.count,1771494895236000000,1771494902492000000,0
workspaceModel.check.recursive.update.ms,1771494895236000000,1771494902492000000,0
workspaceModel.workspaceFileIndexContributor.registerFileSets.ms,1771494895236000000,1771494902492000000,0
workspaceModel.on.before.changed.ms,1771494895236000000,1771494902492000000,0
workspaceModel.workspaceFileIndexData.onEntitiesChanged.ms,1771494895236000000,1771494902492000000,0
workspaceModel.workspaceFileIndexData.visitFileSets.ms,1771494895236000000,1771494902492000000,1
workspaceModel.update.unloaded.entities.ms,1771494895236000000,1771494902492000000,0
workspaceModel.cachedValue.total.get.count,1771494895236000000,1771494902492000000,647
workspaceModel.updates.count,1771494895236000000,1771494902492000000,0
workspaceModel.workspaceFileIndexData.init.ms,1771494895236000000,1771494902492000000,0
workspaceModel.cachedValue.calculated.count,1771494895236000000,1771494902492000000,0
workspaceModel.workspaceFileIndexData.getFileInfo.ms,1771494895236000000,1771494902492000000,190
workspaceModel.replace.project.model.ms,1771494895236000000,1771494902492000000,0
workspaceModel.loading.from.cache.ms,1771494895236000000,1771494902492000000,0
workspaceModel.workspaceFileIndexData.processFileSets.ms,1771494895236000000,1771494902492000000,0
workspaceModel.to.snapshot.ms,1771494895236000000,1771494902492000000,0
workspaceModel.cachedValueWithParameters.total.get.count,1771494895236000000,1771494902492000000,0
workspaceModel.loading.total.ms,1771494895236000000,1771494902492000000,0
workspaceModel.entityStorageSnapshotImpl.instances.count,1771494895236000000,1771494902492000000,0
workspaceModel.cachedValueWithParameters.clear.count,1771494895236000000,1771494902492000000,0
workspaceModel.initializing.ms,1771494895236000000,1771494902492000000,0
workspaceModel.full.replace.project.model.ms,1771494895236000000,1771494902492000000,0
workspaceModel.on.changed.ms,1771494895236000000,1771494902492000000,0
workspaceModel.workspaceFileIndexData.instances.count,1771494895236000000,1771494902492000000,0
workspaceModel.workspaceFileIndexData.updateDirtyEntities.ms,1771494895236000000,1771494902492000000,0
workspaceModel.cachedValueWithParameters.calculated.count,1771494895236000000,1771494902492000000,0
workspaceModel.pre.handlers.ms,1771494895236000000,1771494902492000000,0
workspaceModel.collect.changes.ms,1771494895236000000,1771494902492000000,0
workspaceModel.updates.precise.ms,1771494895236000000,1771494902492000000,0
